smiles,predicted_pIC50,uncertainty,QED,MW,LogP,TPSA,HBD,HBA,ring_count,rotatable_bonds,fraction_csp3,lipinski_violations,penalty,SA_score,has_PAINS,PAINS_alert,structural_alert_count,structural_alerts,severe_alert_count,severe_alerts,covalent_warhead_count,covalent_warheads,max_train_similarity,top5_train_similarity,applicability_score,max_market_similarity,closest_market_name,novelty_score,market_novelty_score,potency_support,chemistry_support,safety_support,domain_support,agent_support_min,agent_support_mean,agent_support_max,agent_disagreement_score,multi_agent_balance,potency_vs_guardrails_gap,potency_reward,chemistry_reward,safety_reward,novelty_reward,naive_reward,applicability_penalty,market_copy_penalty,uncertainty_penalty,disagreement_penalty,reactivity_penalty,anti_hacking_penalty,reward_hacking_risk,reward_hacking_risk_level,reward_hacking_flags,verified_reward,audit_pass,audit_status,veto,veto_reasons,potency_percentile,qed_percentile,sa_percentile,novelty_percentile,applicability_percentile,balance_percentile,risk_percentile,uncertainty_percentile,naive_multi_objective_score,multi_objective_score,naive_score,naive_rank,audit_status_penalty,final_score,audit_priority,rank,audit_demote_positions,audit_promote_positions,selection_bucket,parent_seed
OCc1ccc(-c2cc3c(N[C@H](CF)c4ccccc4)ncnc3[nH]2)cc1,9.30998575850914,0.024020208260910114,0.4796017385083468,362.408,4.239900000000002,73.83,3,4,4,6,0.14285714285714285,0,0.0,2.83272,False,,0,,0,,0,,0.8431372549019608,0.729453661806603,1.0,0.20512820512820512,Afatinib,0.1568627450980392,0.7948717948717949,0.9356822938446477,0.6048301869488215,1.0,0.9487179487179487,0.6048301869488215,0.8723076073778544,1.0,0.3951698130511785,0.6048301869488215,0.08449958195572427,9.273955446117775,0.06897945279406109,-0.0,0.5590497737556561,9.901984672667492,0.0,0.0,0.0,0.11896226631397312,0.0,0.11896226631397312,0.0,low,,9.783022406353519,True,pass,False,,0.9529983792544571,0.5032414910858996,0.5502431118314425,0.07212317666126418,0.8824959481361426,0.8808752025931929,0.8152350081037277,0.9902755267423015,0.6264586709886548,0.7309967585089141,10.653735077853877,1,0.0,10.660218516564216,0,1,0,0,lead,OCc1ccc(-c2cc3c(N[C@H](CO)c4ccccc4)ncnc3[nH]2)cc1
O=C(/C=C\F)Cc1cc2c(Nc3cccc(Br)c3)ncnc2cn1,9.008198305968923,0.08763106844072742,0.6673221117389069,387.2120000000001,4.125700000000002,67.77000000000001,1,5,3,5,0.058823529411764705,0,0.0,2.348080000000001,False,,0,,0,,0,,0.8333333333333334,0.7997338173018754,1.0,0.33783783783783783,Sunvozertinib,0.16666666666666663,0.6621621621621622,0.8157078285837216,0.7267163922256294,1.0,0.9155405405405406,0.7267163922256294,0.8644911903374728,1.0,0.27328360777437055,0.7267163922256294,-0.06504448233833504,8.876751703307832,0.3209924646800832,-0.0,0.5236486486486487,9.721392816636564,0.0,0.0,0.0,0.0,0.0,0.0,0.0,low,,9.721392816636564,True,pass,False,,0.8055105348460292,0.8654781199351702,0.826580226904376,0.1053484602917342,0.8824959481361426,0.9951377633711507,0.8152350081037277,0.813614262560778,0.6806320907617505,0.7746353322528363,10.538151325550665,7,0.0,10.650955215339968,0,2,0,5,lead,O=C(/C=C\Cl)Cc1cc2c(Nc3cccc(Br)c3)ncnc2cn1
OC[C@@H](Nc1ncnc2[nH]c(-c3ccc(CF)cc3)cc12)c1ccccc1,9.276066932175642,0.03967867045806875,0.4796017385083468,362.4080000000001,4.239900000000002,73.83,3,4,4,6,0.14285714285714285,0,0.0,2.8327200000000006,False,,0,,0,,0,,0.8431372549019608,0.7680751127968908,1.0,0.20512820512820512,Afatinib,0.1568627450980392,0.7948717948717949,0.9162416637232623,0.6048301869488215,1.0,0.9487179487179487,0.6048301869488215,0.8674474498475082,1.0,0.3951698130511785,0.6048301869488215,0.06505895183433885,9.216548926488539,0.06897945279406104,-0.0,0.5590497737556561,9.844578153038256,0.0,0.0,0.0,0.11896226631397312,0.0,0.11896226631397312,0.0,low,,9.725615886724283,True,pass,False,,0.9384116693679092,0.5032414910858996,0.5478119935170178,0.07212317666126418,0.8824959481361426,0.8808752025931929,0.8152350081037277,0.9675850891410048,0.6195299837925445,0.7252431118314425,10.58801413358931,4,0.0,10.595907620922013,0,3,0,1,lead,OCc1ccc(-c2cc3c(N[C@H](CO)c4ccccc4)ncnc3[nH]2)cc1
CCOc1ccccc1-c1cc2c(N[C@H](CO)c3ccccc3)ncnc2[nH]1,9.64526754879117,0.03913888464154257,0.4521900852216164,374.444,4.169100000000002,83.06,3,5,4,7,0.18181818181818182,0,0.0,3.01296,False,,0,,0,,0,,1.0,0.851017316017316,1.0,0.21518987341772153,Afatinib,0.0,0.7848101265822784,1.0,0.5828214699488121,1.0,0.9462025316455696,0.5828214699488121,0.8822560003985955,1.0,0.4171785300511879,0.5828214699488121,0.15699199946853948,9.586559221828855,0.018427903403434583,-0.0,0.2854430379746835,9.890430163206974,0.0,0.0,0.0,0.14647316256398485,0.0,0.14647316256398485,0.0,low,,9.743957000642988,True,pass,False,,0.9983792544570502,0.3695299837925446,0.35089141004862234,0.005672609400324149,0.8824959481361426,0.7568881685575365,0.8152350081037277,0.9692058346839546,0.5769448946515396,0.6845218800648298,10.582764036788822,5,0.0,10.565383256720784,0,4,0,1,lead,[2H]C([2H])([2H])Oc1ccccc1-c1cc2c(N[C@H](CO)c3ccccc3)ncnc2[nH]1
CCOc1cnccc1-c1cc2c(N[C@H](CO)c3ccccc3)ncnc2[nH]1,9.467893269456814,0.09970869889194885,0.457017806910887,375.432,3.5641000000000007,95.94999999999999,3,6,4,7,0.19047619047619047,0,0.0,3.019546666666667,False,,0,,0,,0,,0.8620689655172413,0.7516568413685428,1.0,0.20238095238095238,Afatinib,0.13793103448275867,0.7976190476190477,0.9221772281398394,0.5852233835445777,1.0,0.9494047619047619,0.5852233835445777,0.8642013433972947,1.0,0.4147766164554223,0.5852233835445777,0.07730117965672623,9.318330221118892,0.02313342595850605,-0.0,0.5513546798029557,9.892818326880352,0.0,0.0,0.0,0.14347077056927787,0.0,0.14347077056927787,0.0,low,,9.749347556311074,True,pass,False,,0.9902755267423015,0.3889789303079417,0.34521880064829824,0.029173419773095625,0.8824959481361426,0.7698541329011345,0.8152350081037277,0.773095623987034,0.581037277147488,0.6782820097244733,10.590063059457338,3,0.0,10.563285967980441,0,5,2,0,lead,COc1cnccc1-c1cc2c(N[C@H](CO)c3ccccc3)ncnc2[nH]1
CCOc1cc(C)ccc1-c1cc2c(N[C@H](CO)c3ccccc3)ncnc2[nH]1,9.466693563672997,0.05578813905060459,0.4348209892776107,388.471,4.477520000000003,83.06,3,5,4,7,0.21739130434782608,0,0.0,3.1064733333333336,False,,0,,0,,0,,0.8245614035087719,0.7263907753254103,1.0,0.20481927710843373,Afatinib,0.17543859649122806,0.7951807228915663,0.9526216935828261,0.5696718005129423,1.0,0.9487951807228916,0.5696718005129423,0.8677721687046649,1.0,0.4303281994870577,0.5696718005129423,0.11313269983754815,9.383011355097091,-0.009410880287606713,-0.0,0.5675015852885225,9.941102060098006,0.0,0.0,0.0,0.16291024935882215,0.0,0.16291024935882215,0.0,low,,9.778191810739184,True,pass,False,,0.9886547811993517,0.23095623987034036,0.24311183144246354,0.14910858995137763,0.8824959481361426,0.6426256077795786,0.8152350081037277,0.9286871961102107,0.5573743922204214,0.6509319286871961,10.609951330762511,2,0.0,10.559310125163819,0,6,4,0,lead,CCOc1ccccc1-c1cc2c(N[C@H](CO)c3ccccc3)ncnc2[nH]1
[2H]C([2H])([2H])Oc1ccccc1-c1cc2c(N[C@H](CF)c3ccccc3)ncnc2[nH]1,9.118298805305125,0.02945529511535139,0.5172404728978485,365.426305334,4.756200000000003,62.83,2,4,4,6,0.14285714285714285,0,0.0,2.85284203556,False,,0,,0,,0,,0.8214285714285714,0.6974036986190745,0.9952794520346807,0.22784810126582278,Afatinib,0.1785714285714286,0.7721518987341772,0.8839559947455353,0.624757566418432,1.0,0.9394975637095548,0.624757566418432,0.8620527812183806,1.0,0.37524243358156795,0.624757566418432,0.029204284702873062,9.074115862632098,0.10359988184956276,-0.0,0.5608225754860662,9.738538319967727,0.0,0.0,0.0,0.09405304197695995,0.0,0.09405304197695995,0.0,low,,9.644485277990768,True,pass,False,,0.8492706645056726,0.5980551053484603,0.5445705024311183,0.16774716369529985,0.7568881685575365,0.9270664505672609,0.8152350081037277,0.9854132901134521,0.6170178282009724,0.7149108589951377,10.478959713808894,14,0.0,10.502378308784934,0,7,0,7,lead,[2H]C([2H])([2H])Oc1ccccc1-c1cc2c(N[C@H](CO)c3ccccc3)ncnc2[nH]1
COc1ccccc1-c1cc2c(N[C@H](CF)c3ccccc3)ncnc2[nH]1,9.100334116368025,0.048601854898354765,0.5192265511151524,362.408,4.756200000000003,62.83,2,4,4,6,0.14285714285714285,0,0.0,2.83272,False,,0,,0,,0,,0.8148148148148148,0.7178099990170392,1.0,0.25301204819277107,Osimertinib,0.18518518518518523,0.7469879518072289,0.8660622306631578,0.6266238338825646,1.0,0.9367469879518072,0.6266238338825646,0.8573582631243825,1.0,0.3733761661174354,0.6266238338825646,0.011605290051700412,9.027431334020493,0.10860426540086665,-0.0,0.557429718875502,9.693465318296862,0.0,0.0,0.0,0.09172020764679427,0.0,0.09172020764679427,0.0,low,,9.601745110650068,True,pass,False,,0.8427876823338736,0.6061588330632091,0.5502431118314425,0.19043760129659643,0.8824959481361426,0.9303079416531604,0.8152350081037277,0.9513776337115073,0.6211102106969206,0.7282009724473257,10.438797571133167,18,0.0,10.475586277586858,0,8,0,10,lead,COc1ccccc1-c1cc2c(N[C@H](CO)c3ccccc3)ncnc2[nH]1
COC(C)(C)COc1cnccc1-c1[nH]c2c(c1Nc1ccc(C)c(F)c1C)C(=O)NCC2,9.23372605594051,0.045208751722153856,0.4850605147304438,452.53000000000026,4.665940000000003,88.27000000000001,3,5,4,7,0.36,0,0.0,3.183533333333335,False,,0,,0,,0,,0.8285714285714286,0.768011583011583,1.0,0.14563106796116504,Osimertinib,0.17142857142857137,0.854368932038835,0.9017853877796198,0.5943396933581543,1.0,0.9635922330097088,0.5943396933581543,0.8649293285368707,1.0,0.4056603066418457,0.5943396933581543,0.049141412323665534,9.16591292835728,0.04353051473044358,-0.0,0.5834535367545076,9.792896979842231,0.0,0.0,0.0,0.13207538330230717,0.0,0.13207538330230717,0.0,low,,9.660821596539924,True,pass,False,,0.9254457050243112,0.5210696920583469,0.11912479740680713,0.1280388978930308,0.8824959481361426,0.7957860615883307,0.8152350081037277,0.9578606158833063,0.5641410048622366,0.6777552674230146,10.469866185676915,15,0.0,10.474127917447541,0,9,0,6,lead,COC(C)(C)COc1cnccc1-c1[nH]c2c(c1Nc1cccc(F)c1C)C(=O)NCC2
OCc1ccc(-c2cc3c(N[C@H](CO)c4ccccc4)ncnc3[nH]2)c(F)c1,9.352103292664582,0.07196322032943425,0.4125713732623113,378.40700000000004,3.4018000000000006,94.06,4,5,4,6,0.14285714285714285,0,0.0,2.9393800000000003,False,,0,,0,,0,,0.75,0.7020669221488893,1.0,0.22784810126582278,Afatinib,0.25,0.7721518987341772,0.9126515689355416,0.5638611783711943,1.0,0.9430379746835443,0.5638611783711943,0.8548876804975701,1.0,0.4361388216288057,0.5638611783711943,0.0770185179172953,9.24415846217043,-0.01404991245197446,-0.0,0.5941455696202531,9.824254119338708,0.0,0.0,0.0,0.17017352703600713,0.0,0.17017352703600713,0.0,low,,9.6540805923027,True,pass,False,,0.9627228525121556,0.15964343598055106,0.4327390599675851,0.47974068071312803,0.8824959481361426,0.5996758508914101,0.8152350081037277,0.8768233387358185,0.6260129659643436,0.6775931928687197,10.57546967849592,6,0.0,10.467192423745164,0,10,4,0,lead,OCc1ccc(-c2cc3c(N[C@H](CO)c4ccccc4)ncnc3[nH]2)cc1
COC(C)(C)COc1cnccc1-c1[nH]c2c(c1Nc1cc(F)cc(F)c1C)C(=O)NCC2,9.457481553865675,0.14433698489108499,0.48741695697455645,456.4930000000002,4.496620000000003,88.27000000000001,3,5,4,7,0.3333333333333333,0,0.0,3.2099533333333348,False,,0,,0,,0,,0.8472222222222222,0.775438596491228,1.0,0.16981132075471697,Gefitinib,0.1527777777777778,0.8301886792452831,0.8883344990426592,0.5946195827462624,1.0,0.9575471698113207,0.5946195827462624,0.8601253129000606,1.0,0.40538041725373763,0.5946195827462624,0.037612248190131425,9.240976076529048,0.03925729030788961,-0.0,0.5678066037735849,9.848039970610522,0.0,0.0,0.06650547733662747,0.13172552156717204,0.0,0.19823099890379953,0.0,low,,9.649808971706722,True,pass,False,,0.9870340356564019,0.5324149108589952,0.08346839546191248,0.055105348460291734,0.8824959481361426,0.8030794165316045,0.8152350081037277,0.5850891410048622,0.5741896272285251,0.6691653160453808,10.537067523284751,8,0.0,10.45280735096118,0,11,3,0,lead,COC(C)(C)COc1cnccc1-c1[nH]c2c(c1Nc1cccc(F)c1C)C(=O)NCC2
CCOc1ccc(C)cc1-c1cc2c(N[C@H](CO)c3ccccc3)ncnc2[nH]1,9.370047021654814,0.06878742212158809,0.4348209892776107,388.471,4.477520000000003,83.06,3,5,4,7,0.21739130434782608,0,0.0,3.1064733333333336,False,,0,,0,,0,,0.8245614035087719,0.7071167851696115,1.0,0.20481927710843373,Afatinib,0.17543859649122806,0.7951807228915663,0.9193605599285919,0.5696718005129423,1.0,0.9487951807228916,0.5696718005129423,0.8594568852911064,1.0,0.4303281994870577,0.5696718005129423,0.07987156618331392,9.266865888472433,-0.009410880287606713,-0.0,0.5675015852885225,9.824956593473347,0.0,0.0,0.0,0.16291024935882215,0.0,0.16291024935882215,0.0,low,,9.662046344114525,True,pass,False,,0.9692058346839546,0.23095623987034036,0.24311183144246354,0.14910858995137763,0.8824959481361426,0.6426256077795786,0.8152350081037277,0.8865478119935171,0.5486223662884927,0.6429902755267423,10.483303433019538,13,0.0,10.433634674746616,0,12,0,1,lead,CCOc1ccccc1-c1cc2c(N[C@H](CO)c3ccccc3)ncnc2[nH]1
O=C(/C=C\Br)Cc1cc2c(Nc3cccc(Br)c3)ncnc2cn1,8.961454884336227,0.030625580830658267,0.5807156344667112,448.11800000000005,4.551100000000003,67.77000000000001,1,5,3,5,0.058823529411764705,0,0.0,2.7541200000000003,False,,0,,0,,0,,0.8490566037735849,0.8143462692370338,1.0,0.32432432432432434,Sunvozertinib,0.15094339622641506,0.6756756756756757,0.843925814502596,0.6634659066489988,1.0,0.9189189189189189,0.6634659066489988,0.8565776600176284,1.0,0.33653409335100115,0.6634659066489988,-0.016869127353376645,8.915516513090239,0.1734799874078876,-0.0,0.5206272310045894,9.609623731502715,0.0,0.0,0.0,0.04566761668875145,0.0,0.04566761668875145,0.0,low,,9.563956114813964,True,pass,False,,0.7763371150729336,0.7017828200972447,0.5769854132901134,0.04700162074554295,0.8824959481361426,0.9708265802269044,0.8152350081037277,0.9837925445705025,0.5856564019448947,0.7166126418152351,10.312411413836589,49,0.0,10.423891284992246,0,13,0,36,lead,O=C(/C=C\Cl)Cc1cc2c(Nc3cccc(Br)c3)ncnc2cn1
CCOc1cc(OC)ccc1-c1cc2c(N[C@H](CO)c3ccccc3)ncnc2[nH]1,9.425751702580266,0.04040163253543879,0.40805553222987845,404.47,4.177700000000002,92.28999999999999,3,6,4,8,0.21739130434782608,0,0.0,3.313133333333334,False,,0,,0,,0,,0.7966101694915254,0.7333795735808447,1.0,0.2289156626506024,Afatinib,0.2033898305084746,0.7710843373493976,0.9531567828702593,0.547002337598228,1.0,0.9427710843373494,0.547002337598228,0.8607325512014592,1.0,0.45299766240177197,0.547002337598228,0.12323230889173342,9.365149253777108,-0.06717533733533902,-0.0,0.5728507249336329,9.870824641375401,0.0,0.0,0.0,0.19124707800221497,0.0,0.19124707800221497,0.0,low,,9.679577563373186,True,pass,False,,0.9821717990275527,0.14181523500810372,0.029983792544570502,0.2585089141004862,0.8824959481361426,0.5299837925445705,0.8152350081037277,0.9643435980551054,0.5265397082658023,0.6157617504051864,10.502672291294365,10,0.0,10.41849166385941,0,14,4,0,lead,CCOc1ccccc1-c1cc2c(N[C@H](CO)c3ccccc3)ncnc2[nH]1
[2H]C([2H])([2H])Oc1cc(C)ccc1-c1cc2c(N[C@H](CO)c3ccccc3)ncnc2[nH]1,9.35380529259414,0.13688595162119552,0.47140332812841834,377.462305334,4.0874200000000025,83.06,3,5,4,6,0.18181818181818182,0,0.0,2.93308203556,False,,0,,0,,0,,0.8275862068965517,0.7363192708910173,1.0,0.2087912087912088,Osimertinib,0.1724137931034483,0.7912087912087912,0.8676311570136982,0.5964609829490917,1.0,0.9478021978021978,0.5964609829490917,0.8529735844412469,1.0,0.40353901705090833,0.5964609829490917,0.019543430096601755,9.148476365162347,0.04962284097623654,-0.0,0.564948844259189,9.763048050397774,0.0,0.0,0.05532892743179327,0.12942377131363542,0.0,0.18475269874542868,0.0,low,,9.578295351652345,True,pass,False,,0.9643435980551054,0.4222042139384117,0.45705024311183146,0.13614262560777957,0.8824959481361426,0.8225283630470016,0.8152350081037277,0.6304700162074555,0.6141815235008105,0.6955024311183143,10.500065878598747,11,0.0,10.412898268994322,0,15,4,0,lead,[2H]C([2H])([2H])Oc1ccccc1-c1cc2c(N[C@H](CO)c3ccccc3)ncnc2[nH]1
COc1cnc(C)cc1-c1cc2c(N[C@H](CO)c3ccccc3)ncnc2[nH]1,9.106953580493695,0.05321324391801852,0.4774440101834534,375.432,3.4824200000000003,95.94999999999999,3,6,4,6,0.19047619047619047,0,0.0,2.9195466666666667,False,,0,,0,,0,,0.7894736842105263,0.7358345055169349,1.0,0.2413793103448276,Osimertinib,0.21052631578947367,0.7586206896551724,0.8644891243808107,0.600303949190643,1.0,0.9396551724137931,0.600303949190643,0.8511120614963117,1.0,0.399696050809357,0.600303949190643,0.01783608384599855,9.027133714616667,0.058559629231072455,-0.0,0.5723230490018149,9.658016392849555,0.0,0.0,0.0,0.12462006351169626,0.0,0.12462006351169626,0.0,low,,9.53339632933786,True,pass,False,,0.8444084278768234,0.5,0.5081037277147488,0.2884927066450567,0.8824959481361426,0.8654781199351702,0.8152350081037277,0.9367909238249594,0.6138978930307942,0.7111426256077795,10.39469386448651,25,0.0,10.386767480067196,0,16,0,9,lead,COc1cnccc1-c1cc2c(N[C@H](CO)c3ccccc3)ncnc2[nH]1
COC(C)(C)COc1cnccc1-c1[nH]c2c(c1Nc1ccc(F)c(F)c1C)C(=O)NCC2,9.282866215265898,0.10467734930162591,0.48741695697455645,456.4930000000002,4.496620000000003,88.27000000000001,3,5,4,7,0.3333333333333333,0,0.0,3.2099533333333348,False,,0,,0,,0,,0.8571428571428571,0.7920360360360361,1.0,0.16666666666666666,Osimertinib,0.1428571428571429,0.8333333333333334,0.8724424093053363,0.5946195827462624,1.0,0.9583333333333334,0.5946195827462624,0.8563488313462331,1.0,0.40538041725373763,0.5946195827462624,0.021458103945471096,9.125850191313459,0.03925729030788961,-0.0,0.5642857142857143,9.729393195907063,0.0,0.0,0.007016023952438853,0.13172552156717204,0.0,0.1387415455196109,0.0,low,,9.590651650387452,True,pass,False,,0.9432739059967585,0.5324149108589952,0.08346839546191248,0.03484602917341977,0.8824959481361426,0.8030794165316045,0.8152350081037277,0.7487844408427877,0.5504457050243112,0.6621961102106969,10.389928041936237,26,0.0,10.385286982640288,0,17,0,9,lead,COC(C)(C)COc1cnccc1-c1[nH]c2c(c1Nc1cccc(F)c1C)C(=O)NCC2
CCOc1cc(C(N)=O)ccc1-c1cc2c(N[C@H](C)c3ccccc3)ncnc2[nH]1,9.325634791253622,0.029039601885641156,0.4281598724914338,401.4700000000001,4.295600000000002,105.91999999999999,3,5,4,7,0.17391304347826086,0,0.0,3.1931333333333343,False,,0,,0,,0,,0.8333333333333334,0.7241708932414891,1.0,0.20652173913043478,Osimertinib,0.16666666666666663,0.7934782608695652,0.9360809764934567,0.562675109357468,1.0,0.9483695652173914,0.562675109357468,0.8617814127670791,1.0,0.437324890642532,0.562675109357468,0.09906608496850366,9.28207538842516,-0.033418823160740255,-0.0,0.5630434782608695,9.811700043525288,0.0,0.0,0.0,0.171656113303165,0.0,0.171656113303165,0.0,low,,9.640043930222124,True,pass,False,,0.9562398703403565,0.2106969205834684,0.10210696920583469,0.1053484602917342,0.8824959481361426,0.5915721231766613,0.8152350081037277,0.9870340356564019,0.5088330632090762,0.6175040518638574,10.42229971937618,22,0.0,10.381048792458753,0,18,0,4,lead,COc1cc(C(N)=O)ccc1-c1cc2c(N[C@H](C)c3ccccc3)ncnc2[nH]1
COc1c(C)cccc1-c1cc2c(N[C@H](CO)c3ccccc3)ncnc2[nH]1,9.172563619125734,0.11246064094979974,0.4734806263536626,374.444,4.087420000000002,83.06,3,5,4,6,0.18181818181818182,0,0.0,2.91296,False,,0,,0,,0,,0.7586206896551724,0.701295599029135,1.0,0.21348314606741572,Osimertinib,0.24137931034482762,0.7865168539325843,0.8394184561165737,0.5983774214175914,1.0,0.9466292134831461,0.5983774214175914,0.8461062727543278,1.0,0.4016225785824086,0.5983774214175914,-0.008917088850338817,9.003872657701034,0.054718444535480804,-0.0,0.5945757458349477,9.653166848071464,0.0,0.0,0.0186909614246996,0.12702822322801072,0.0,0.14571918465271033,0.0,low,,9.507447663418754,True,pass,False,,0.8914100486223663,0.4497568881685575,0.5388978930307942,0.44408427876823336,0.8824959481361426,0.8525121555915721,0.8152350081037277,0.713128038897893,0.6607374392220422,0.7238654781199352,10.446051775137915,17,0.0,10.376086237162676,0,19,2,0,lead,COc1ccccc1-c1cc2c(N[C@H](CO)c3ccccc3)ncnc2[nH]1
[2H]C([2H])([2H])Oc1cc(OC)ccc1-c1cc2c(N[C@H](CO)c3ccccc3)ncnc2[nH]1,9.374898856283899,0.10451862741314279,0.44244447474168586,393.46130533400003,3.787600000000002,92.28999999999999,3,6,4,7,0.18181818181818182,0,0.0,3.1397420355600008,False,,0,,0,,0,,0.8135593220338984,0.7449674560373714,1.0,0.2289156626506024,Afatinib,0.18644067796610164,0.7710843373493976,0.8955616748817747,0.5725851520479273,1.0,0.9427710843373494,0.5725851520479273,0.8527294778167629,1.0,0.42741484795207274,0.5725851520479273,0.057109596086682646,9.218120915164185,-0.010335012410496062,-0.0,0.565223606289565,9.773009509043256,0.0,0.0,0.006777941119714172,0.15926855994009093,0.0,0.1660465010598051,0.0,low,,9.60696300798345,True,pass,False,,0.9740680713128039,0.26418152350081037,0.13371150729335493,0.1952998379254457,0.8824959481361426,0.6596434359805511,0.8152350081037277,0.7504051863857374,0.5502836304700163,0.6380064829821719,10.433349865607275,19,0.0,10.372570787562058,0,20,1,0,lead,[2H]C([2H])([2H])Oc1ccccc1-c1cc2c(N[C@H](CO)c3ccccc3)ncnc2[nH]1
[2H]C([2H])([2H])Oc1ccc(C)cc1-c1cc2c(N[C@H](CO)c3ccccc3)ncnc2[nH]1,9.146868128351114,0.05523249232392225,0.47140332812841834,377.462305334,4.0874200000000025,83.06,3,5,4,6,0.18181818181818182,0,0.0,2.93308203556,False,,0,,0,,0,,0.8275862068965517,0.708127963990033,1.0,0.2087912087912088,Osimertinib,0.1724137931034483,0.7912087912087912,0.873054287461033,0.5964609829490917,1.0,0.9478021978021978,0.5964609829490917,0.8543293670530807,1.0,0.40353901705090833,0.5964609829490917,0.024966560543936533,9.06401938986523,0.04962284097623654,-0.0,0.564948844259189,9.678591075100655,0.0,0.0,0.0,0.12942377131363542,0.0,0.12942377131363542,0.0,low,,9.54916730378702,True,pass,False,,0.8768233387358185,0.4222042139384117,0.45705024311183146,0.13614262560777957,0.8824959481361426,0.8225283630470016,0.8152350081037277,0.9319286871961102,0.5747974068071313,0.6843192868719612,10.368347963269214,32,0.0,10.370350448033372,0,21,0,11,lead,[2H]C([2H])([2H])Oc1ccccc1-c1cc2c(N[C@H](CO)c3ccccc3)ncnc2[nH]1
COc1cnccc1-c1cc2c(N[C@H](CF)c3ccccc3)ncnc2[nH]1,9.015016112513898,0.043408362468587314,0.5381415377615177,363.396,4.151200000000002,75.72,2,5,4,6,0.15,0,0.0,2.839306666666667,False,,0,,0,,0,,0.8275862068965517,0.6659862516361701,0.9381568211566728,0.2413793103448276,Osimertinib,0.1724137931034483,0.7586206896551724,0.8483681744004633,0.6367737432047322,1.0,0.8932727882812976,0.6367737432047322,0.8446036764716233,1.0,0.36322625679526777,0.6367737432047322,0.005019330571786718,8.949903568811017,0.12724553776151776,-0.0,0.5397116190822716,9.616860725654806,0.0,0.0,0.0,0.07903282099408472,0.0,0.07903282099408472,0.0,low,,9.537827904660722,True,pass,False,,0.8103727714748784,0.6272285251215559,0.546191247974068,0.13614262560777957,0.6272285251215559,0.9367909238249594,0.8152350081037277,0.9627228525121556,0.5992706645056726,0.6914910858995138,10.335985523061613,39,0.0,10.367617207740139,0,22,0,17,lead,COc1cnccc1-c1cc2c(N[C@H](CO)c3ccccc3)ncnc2[nH]1
COc1cccc(C)c1-c1cc2c(N[C@H](CO)c3ccccc3)ncnc2[nH]1,9.069119595202364,0.048105095873959135,0.4734806263536626,374.444,4.087420000000002,83.06,3,5,4,6,0.18181818181818182,0,0.0,2.91296,False,,0,,0,,0,,0.7719298245614035,0.7017912554930487,1.0,0.2441860465116279,Osimertinib,0.22807017543859653,0.7558139534883721,0.8586063316888197,0.5983774214175914,1.0,0.938953488372093,0.5983774214175914,0.8489843103696261,1.0,0.4016225785824086,0.5983774214175914,0.012829361758924906,8.996961951391425,0.054718444535480804,-0.0,0.57937576499388,9.631056160920787,0.0,0.0,0.0,0.12702822322801072,0.0,0.12702822322801072,0.0,low,,9.504027937692776,True,pass,False,,0.8298217179902755,0.4497568881685575,0.5388978930307942,0.38492706645056723,0.8824959481361426,0.8525121555915721,0.8152350081037277,0.9529983792544571,0.6211912479740681,0.7114667747163694,10.376485658489669,29,0.0,10.35778806735242,0,23,0,6,lead,COc1ccccc1-c1cc2c(N[C@H](CO)c3ccccc3)ncnc2[nH]1
COc1ccc(-c2cc3c(N[C@H](CO)c4ccccc4)ncnc3[nH]2)c(OC)c1,9.36549048075099,0.11313713937170321,0.44466944173762346,390.4430000000001,3.7876000000000003,92.29,3,6,4,7,0.18181818181818182,0,0.0,3.1196200000000007,False,,0,,0,,0,,0.8214285714285714,0.7851696217032467,1.0,0.2413793103448276,Osimertinib,0.1785714285714286,0.7586206896551724,0.8871766226275554,0.5745828083403083,1.0,0.9396551724137931,0.5745828083403083,0.8503536508454143,1.0,0.4254171916596917,0.5745828083403083,0.04909729570952148,9.195784771693436,-0.0050917400805584635,-0.0,0.5579433497536945,9.748636381366572,0.0,0.0,0.019705709057554803,0.15677148957461468,0.0,0.17647719863216949,0.0,low,,9.572159182734403,True,pass,False,,0.965964343598055,0.2965964343598055,0.19367909238249595,0.16774716369529985,0.8824959481361426,0.6839546191247974,0.8152350081037277,0.7115072933549432,0.5566045380875202,0.6441653160453809,10.416561827071595,23,0.0,10.34515756198886,0,24,1,0,lead,COc1ccccc1-c1cc2c(N[C@H](CO)c3ccccc3)ncnc2[nH]1
[2H]C([2H])([2H])Oc1c(C)cccc1-c1cc2c(N[C@H](CO)c3ccccc3)ncnc2[nH]1,9.177592917330967,0.09882308135361506,0.47140332812841834,377.462305334,4.0874200000000025,83.06,3,5,4,6,0.18181818181818182,0,0.0,2.93308203556,False,,0,,0,,0,,0.7833333333333333,0.6755288901790857,0.955507073052883,0.2,Afatinib,0.21666666666666667,0.8,0.8502220723852113,0.5964609829490917,1.0,0.9166303047896622,0.5964609829490917,0.8408283400309913,1.0,0.40353901705090833,0.5964609829490917,0.012524976472293337,9.029358295300545,0.04962284097623654,-0.0,0.5763767682632208,9.655357904540004,0.0,0.0,0.0,0.12942377131363542,0.0,0.12942377131363542,0.0,low,,9.525934133226368,True,pass,False,,0.8962722852512156,0.4222042139384117,0.45705024311183146,0.32576985413290116,0.6645056726094003,0.8225283630470016,0.8152350081037277,0.7779578606158833,0.6214748784440843,0.6796191247974067,10.401127758672905,24,0.0,10.341477082983257,0,25,1,0,lead,[2H]C([2H])([2H])Oc1ccccc1-c1cc2c(N[C@H](CO)c3ccccc3)ncnc2[nH]1
CNC(=O)c1ccc(-c2cc3c(N[C@H](C)c4ccccc4)ncnc3[nH]2)c(OC)c1,9.225725108737123,0.0385706594805435,0.45106146965880434,401.4700000000001,4.166200000000002,91.92999999999999,3,5,4,6,0.17391304347826086,0,0.0,3.093133333333334,False,,0,,0,,0,,0.8333333333333334,0.6849992196292007,0.972725853871274,0.24719101123595505,Osimertinib,0.16666666666666663,0.752808988764045,0.9044318155479003,0.5791171416456757,1.0,0.9177466375944667,0.5791171416456757,0.8503238986970106,1.0,0.42088285835432426,0.5791171416456757,0.07214388913451952,9.167869119516308,0.00448277400663032,-0.0,0.5440241600970319,9.716376053619971,0.0,0.0,0.0,0.15110357294290533,0.0,0.15110357294290533,0.0,low,,9.565272480677066,True,pass,False,,0.9222042139384117,0.3679092382495948,0.26904376012965964,0.1053484602917342,0.713128038897893,0.7260940032414911,0.8152350081037277,0.9724473257698542,0.55,0.643354943273906,10.376376053619971,30,0.0,10.337298412605753,0,26,0,4,advance,COc1cc(C(N)=O)ccc1-c1cc2c(N[C@H](C)c3ccccc3)ncnc2[nH]1
CCOc1cc(F)ccc1-c1cc2c(N[C@H](CO)c3ccccc3)ncnc2[nH]1,9.496441970391482,0.14243433726564095,0.43657653119890333,392.434,4.308200000000003,83.06,3,5,4,7,0.18181818181818182,0,0.0,3.132893333333334,False,,0,,0,,0,,0.8421052631578947,0.7375691088764094,1.0,0.23170731707317074,Afatinib,0.1578947368421053,0.7682926829268293,0.8994064565119217,0.5696211947234995,1.0,0.9420731707317074,0.5696211947234995,0.8527752054917821,1.0,0.4303788052765005,0.5696211947234995,0.062175001360186166,9.28279046449302,-0.015175650619278561,-0.0,0.5515404364569961,9.819155250330738,0.0,0.0,0.06365150589846141,0.16297350659562565,0.0,0.22662501249408706,0.0,low,,9.59253023783665,True,pass,False,,0.993517017828201,0.24554294975688817,0.14748784440842788,0.07860615883306321,0.8824959481361426,0.6337115072933549,0.8152350081037277,0.5964343598055105,0.534035656401945,0.6204619124797407,10.459998038013072,16,0.0,10.337084532812339,0,27,11,0,advance,CCOc1ccccc1-c1cc2c(N[C@H](CO)c3ccccc3)ncnc2[nH]1
COc1ccc(C)cc1-c1cc2c(N[C@H](CO)c3ccccc3)ncnc2[nH]1,9.119523678903548,0.06796520077248351,0.4734806263536626,374.444,4.087420000000002,83.06,3,5,4,6,0.18181818181818182,0,0.0,2.91296,False,,0,,0,,0,,0.8214285714285714,0.7421161933430575,1.0,0.2413793103448276,Osimertinib,0.1785714285714286,0.7586206896551724,0.8573052791851484,0.5983774214175914,1.0,0.9396551724137931,0.5983774214175914,0.8488344682541332,1.0,0.4016225785824086,0.5983774214175914,0.01129441457468694,9.017575877744822,0.054718444535480804,-0.0,0.5579433497536945,9.630237672033997,0.0,0.0,0.0,0.12702822322801072,0.0,0.12702822322801072,0.0,low,,9.503209448805986,True,pass,False,,0.8525121555915721,0.4497568881685575,0.5388978930307942,0.16774716369529985,0.8824959481361426,0.8525121555915721,0.8152350081037277,0.8914100486223663,0.5879659643435982,0.6934764991896272,10.335796829246314,40,0.0,10.335381247833539,0,28,0,12,advance,COc1ccccc1-c1cc2c(N[C@H](CO)c3ccccc3)ncnc2[nH]1
[2H]C([2H])([2H])Oc1cc(Cl)ccc1-c1cc2c(N[C@H](CO)c3ccccc3)ncnc2[nH]1,9.148772700129244,0.006204063401865618,0.44791007508758707,397.88030533400007,4.432400000000003,83.06,3,5,4,6,0.14285714285714285,0,0.0,3.069202035560001,False,,0,,0,,0,,0.8135593220338984,0.7245455288325042,1.0,0.24719101123595505,Osimertinib,0.18644067796610164,0.752808988764045,0.9078503306510052,0.5783043091612499,1.0,0.9382022471910112,0.5783043091612499,0.8560892217508166,1.0,0.42169569083875014,0.5783043091612499,0.06901481186691827,9.139466605026445,0.0018154840393012576,-0.0,0.5597410017139592,9.701023090779707,0.0,0.0,0.0,0.15211961354843767,0.0,0.15211961354843767,0.0,low,,9.548903477231269,True,pass,False,,0.8784440842787682,0.31280388978930307,0.28282009724473256,0.1952998379254457,0.8824959481361426,0.7179902755267423,0.8152350081037277,1.0,0.5393435980551053,0.649837925445705,10.348235408445833,35,0.0,10.328708987766115,0,29,0,6,advance,[2H]C([2H])([2H])Oc1ccccc1-c1cc2c(N[C@H](CO)c3ccccc3)ncnc2[nH]1
COc1cc(Cl)ccc1-c1cc2c(N[C@H](CO)c3ccccc3)ncnc2[nH]1,9.13813894428016,0.0147350867235702,0.450228190287641,394.8620000000001,4.432400000000004,83.06,3,5,4,6,0.14285714285714285,0,0.0,3.049080000000001,False,,0,,0,,0,,0.8070175438596491,0.7722964409763374,1.0,0.2823529411764706,Osimertinib,0.19298245614035092,0.7176470588235294,0.8992201753635407,0.5803531969658948,1.0,0.9294117647058824,0.5803531969658948,0.8522462842588294,1.0,0.4196468030341052,0.5803531969658948,0.06263185480628153,9.116036314194805,0.007151904573355178,-0.0,0.5521362229102167,9.675324441678377,0.0,0.0,0.0,0.14955850379263147,0.0,0.14955850379263147,0.0,low,,9.525765937885746,True,pass,False,,0.8703403565640194,0.3557536466774716,0.31118314424635335,0.22204213938411668,0.8824959481361426,0.7350081037277147,0.8152350081037277,0.9951377633711507,0.5538897893030794,0.6608184764991896,10.339992188842073,38,0.0,10.318748109684773,0,30,0,8,advance,COc1ccccc1-c1cc2c(N[C@H](CO)c3ccccc3)ncnc2[nH]1
COCCOc1cnccc1-c1[nH]c2c(c1Nc1cc(F)cc(F)c1C)C(=O)NCC2,9.174020806468908,0.11941985623090597,0.49948989342909916,428.4390000000002,3.718020000000002,88.27000000000001,3,5,4,7,0.2727272727272727,0,0.0,3.0229266666666685,False,,0,,0,,0,,0.8405797101449275,0.7767280944539817,1.0,0.19801980198019803,Gefitinib,0.1594202898550725,0.801980198019802,0.8349113022555928,0.6084530311295943,1.0,0.9504950495049505,0.6084530311295943,0.8484648457225343,1.0,0.39154696887040574,0.6084530311295943,-0.01807139128925539,8.99489102212255,0.07332362070182617,-0.0,0.5623331898407232,9.6305478326651,0.0,0.0,0.02912978434635894,0.11443371108800719,0.0,0.14356349543436614,0.0,low,,9.486984337230734,True,pass,False,,0.893030794165316,0.5615883306320908,0.3379254457050243,0.08427876823338736,0.8824959481361426,0.8889789303079416,0.8152350081037277,0.6855753646677472,0.5817260940032415,0.6873176661264181,10.32861914546899,44,0.0,10.311765536582435,0,31,0,13,advance,COCCOc1cnccc1-c1[nH]c2c(c1Nc1cccc(F)c1C)C(=O)NCC2
COc1c(-c2cc3c(N[C@H](CO)c4ccccc4)ncnc3[nH]2)ccnc1C,9.127144582247636,0.1208283791981915,0.47744401018345334,375.4320000000001,3.482420000000001,95.95,3,6,4,6,0.19047619047619047,0,0.0,2.919546666666667,False,,0,,0,,0,,0.7258064516129032,0.6842943794556697,0.9714443262830358,0.2111111111111111,Osimertinib,0.27419354838709675,0.7888888888888889,0.822206280123175,0.600303949190643,1.0,0.925805466934499,0.600303949190643,0.8370789240620793,1.0,0.399696050809357,0.600303949190643,-0.019830191918539075,8.945902013450349,0.058559629231072344,-0.0,0.6029148450116191,9.607376487693038,0.0,0.0,0.03124256879728725,0.12462006351169626,0.0,0.1558626323089835,0.0,low,,9.451513855384055,True,pass,False,,0.8589951377633711,0.49432739059967584,0.49351701782820095,0.6102106969205835,0.7106969205834684,0.8654781199351702,0.8152350081037277,0.6807131280388979,0.681482982171799,0.7153970826580227,10.425156066299197,21,0.0,10.309990354573683,0,32,11,0,advance,COc1cnccc1-c1cc2c(N[C@H](CO)c3ccccc3)ncnc2[nH]1
COc1cccc(F)c1-c1cc2c(N[C@H](CO)c3ccccc3)ncnc2[nH]1,9.073340794336444,0.06134195130931951,0.47369454718191295,378.40700000000004,3.9181000000000017,83.06,3,5,4,6,0.14285714285714285,0,0.0,2.9393800000000003,False,,0,,0,,0,,0.7457627118644068,0.6793272981726372,0.9624132694047947,0.2823529411764706,Osimertinib,0.2542372881355932,0.7176470588235294,0.8503958326675872,0.5974789240269752,1.0,0.9012217167594784,0.5974789240269752,0.8372741183635103,1.0,0.4025210759730248,0.5974789240269752,0.01749561907210273,8.981327867372464,0.047073261467627185,-0.0,0.5703042146592745,9.598705343499365,0.0,0.0,0.0,0.128151344966281,0.0,0.128151344966281,0.0,low,,9.470553998533084,True,pass,False,,0.8346839546191248,0.4683954619124797,0.4327390599675851,0.5032414910858996,0.6815235008103727,0.833063209076175,0.8152350081037277,0.9189627228525121,0.6348460291734198,0.6931928687196109,10.360520578507469,33,0.0,10.302385440996618,0,33,0,0,advance,COc1ccccc1-c1cc2c(N[C@H](CO)c3ccccc3)ncnc2[nH]1
CNc1cc2c(Nc3cccc(C(F)(F)Cl)c3)ncnc2cn1,8.8684140850758,0.12569970153522164,0.7028233705347067,335.745,4.098200000000002,62.730000000000004,2,5,3,4,0.13333333333333333,0,0.0,2.0,False,,1,alkyl_halide,0,,0,,0.8333333333333334,0.7093333333333334,1.0,0.34285714285714286,Sunvozertinib,0.16666666666666663,0.6571428571428571,0.754113730194295,0.7596297768710119,0.88,0.9142857142857143,0.754113730194295,0.8270073053377552,0.9142857142857143,0.1601719840914193,0.8398280159085807,-0.09719143352461368,8.679864532772967,0.41615670386804,-0.2,0.5221428571428571,9.418164093783865,0.0,0.0,0.038549552302832454,0.0,0.0,0.038549552302832454,0.0,low,,9.379614541481033,True,pass,False,,0.7358184764991896,0.9059967585089141,0.9092382495948136,0.1053484602917342,0.8824959481361426,1.0,0.8152350081037277,0.6645056726094003,0.669773095623987,0.7611021069692058,10.22189180853265,68,0.0,10.29293706984408,0,34,0,34,advance,CNc1cc2c(Nc3cccc(C(F)(F)F)c3)ncnc2cn1
COc1ccccc1-c1cc2c(N[C@H](CO)c3ccccc3)ncnc2[nH]1,9.336339731562079,0.09920124476505336,0.487358116928423,360.41700000000003,3.779000000000001,83.06,3,5,4,6,0.14285714285714285,0,0.0,2.819446666666667,False,,0,,0,,0,,1.0,0.8697143802903484,1.0,0.25301204819277107,Osimertinib,0.0,0.7469879518072289,0.8896440615549824,0.6096067079003762,1.0,0.9367469879518072,0.6096067079003762,0.8589994393517915,1.0,0.3903932920996238,0.6096067079003762,0.040859496270921336,9.1875378644145,0.07872683121413726,-0.0,0.27409638554216864,9.540361081170806,0.0,0.0,0.0,0.11299161512452978,0.0,0.11299161512452978,0.0,low,,9.427369466046276,True,pass,False,,0.9578606158833063,0.5283630470016207,0.5526742301458671,0.005672609400324149,0.8824959481361426,0.8962722852512156,0.8152350081037277,0.7747163695299838,0.6207455429497569,0.720583468395462,10.285255732710514,54,0.0,10.29206962812083,0,35,0,19,advance,CCOc1ccccc1-c1cc2c(N[C@H](CO)c3ccccc3)ncnc2[nH]1
CCOc1ccc(OC)cc1-c1cc2c(N[C@H](CO)c3ccccc3)ncnc2[nH]1,9.370509020967623,0.08378148182127675,0.4080555322298785,404.47,4.1777000000000015,92.28999999999999,3,6,4,8,0.21739130434782608,0,0.0,3.313133333333334,False,,0,,0,,0,,0.7966101694915254,0.7108439443648876,1.0,0.2289156626506024,Afatinib,0.2033898305084746,0.7710843373493976,0.9089802179670119,0.547002337598228,1.0,0.9427710843373494,0.547002337598228,0.8496884099756472,1.0,0.45299766240177197,0.547002337598228,0.07905574398848603,9.244836798235708,-0.06717533733533897,-0.0,0.5728507249336329,9.750512185834001,0.0,0.0,0.0,0.19124707800221497,0.0,0.19124707800221497,0.0,low,,9.559265107831786,True,pass,False,,0.9708265802269044,0.14505672609400325,0.029983792544570502,0.2585089141004862,0.8824959481361426,0.5299837925445705,0.8152350081037277,0.8282009724473258,0.5220826580226905,0.6060372771474878,10.37701137546123,28,0.0,10.28650984040877,0,36,8,0,advance,CCOc1ccccc1-c1cc2c(N[C@H](CO)c3ccccc3)ncnc2[nH]1
[2H]C([2H])([2H])Oc1ccc(OC)cc1-c1cc2c(N[C@H](CO)c3ccccc3)ncnc2[nH]1,9.207691662614112,0.05119153368743879,0.44244447474168586,393.46130533400003,3.787600000000002,92.28999999999999,3,6,4,7,0.18181818181818182,0,0.0,3.1397420355600008,False,,0,,0,,0,,0.8135593220338984,0.7126798131247284,1.0,0.2289156626506024,Afatinib,0.18644067796610164,0.7710843373493976,0.8910888420723208,0.5725851520479273,1.0,0.9427710843373494,0.5725851520479273,0.8516112696143994,1.0,0.42741484795207274,0.5725851520479273,0.05263676327722866,9.130904362082953,-0.010335012410496062,-0.0,0.565223606289565,9.685792955962023,0.0,0.0,0.0,0.15926855994009093,0.0,0.15926855994009093,0.0,low,,9.526524396021932,True,pass,False,,0.9189627228525121,0.26418152350081037,0.13371150729335493,0.1952998379254457,0.8824959481361426,0.6596434359805511,0.8152350081037277,0.9432739059967585,0.5254862236628849,0.6311183144246353,10.316376424357486,48,0.0,10.283866373331493,0,37,0,11,advance,[2H]C([2H])([2H])Oc1ccccc1-c1cc2c(N[C@H](CO)c3ccccc3)ncnc2[nH]1
[2H]C([2H])([2H])Oc1cccc(C)c1-c1cc2c(N[C@H](CO)c3ccccc3)ncnc2[nH]1,9.077560790703862,0.06468394533353064,0.47140332812841834,377.462305334,4.0874200000000025,83.06,3,5,4,6,0.18181818181818182,0,0.0,2.93308203556,False,,0,,0,,0,,0.7796610169491526,0.6756244827203235,0.9556808776733153,0.2111111111111111,Osimertinib,0.22033898305084743,0.7888888888888889,0.8491114359424939,0.5964609829490917,1.0,0.9139828804772087,0.5964609829490917,0.8398888248421986,1.0,0.40353901705090833,0.5964609829490917,0.012296814800393907,8.980534872703565,0.04962284097623654,-0.0,0.5747394284578768,9.604897142137679,0.0,0.0,0.0,0.12942377131363542,0.0,0.12942377131363542,0.0,low,,9.475473370824043,True,pass,False,,0.8379254457050244,0.4222042139384117,0.45705024311183146,0.3387358184764992,0.6661264181523501,0.8225283630470016,0.8152350081037277,0.9059967585089141,0.5978119935170179,0.6699756888168557,10.3222715343581,46,0.0,10.279444197404269,0,38,0,8,advance,[2H]C([2H])([2H])Oc1ccccc1-c1cc2c(N[C@H](CO)c3ccccc3)ncnc2[nH]1
[2H]C([2H])([2H])Oc1c(OC)cccc1-c1cc2c(N[C@H](CO)c3ccccc3)ncnc2[nH]1,9.318716016310626,0.11161500995413325,0.44244447474168586,393.46130533400003,3.787600000000002,92.28999999999999,3,6,4,7,0.18181818181818182,0,0.0,3.1397420355600008,False,,0,,0,,0,,0.8305084745762712,0.7399314433212738,1.0,0.23076923076923078,Osimertinib,0.1694915254237288,0.7692307692307692,0.8765484971097632,0.5725851520479273,1.0,0.9423076923076923,0.5725851520479273,0.8478603353663456,1.0,0.42741484795207274,0.5725851520479273,0.038250882324556645,9.151293501379426,-0.010335012410496062,-0.0,0.5570404172099087,9.697998906178839,0.0,0.0,0.01742251493119986,0.15926855994009093,0.0,0.1766910748712908,0.0,low,,9.521307831307547,True,pass,False,,0.9546191247974068,0.26418152350081037,0.13371150729335493,0.12155591572123177,0.8824959481361426,0.6596434359805511,0.8152350081037277,0.7228525121555915,0.5267828200972449,0.623419773095624,10.330138290295533,43,0.0,10.269411559022297,0,39,0,4,advance,[2H]C([2H])([2H])Oc1ccccc1-c1cc2c(N[C@H](CO)c3ccccc3)ncnc2[nH]1
COc1cncc(C)c1-c1cc2c(N[C@H](CO)c3ccccc3)ncnc2[nH]1,9.007413376169927,0.06683100666492515,0.4774440101834534,375.432,3.4824200000000003,95.94999999999999,3,6,4,6,0.19047619047619047,0,0.0,2.9195466666666667,False,,0,,0,,0,,0.7419354838709677,0.6712513086020063,0.9477296520036478,0.23595505617977527,Osimertinib,0.25806451612903225,0.7640449438202247,0.8300716393770341,0.600303949190643,1.0,0.901808474957792,0.600303949190643,0.8330460158813673,1.0,0.399696050809357,0.600303949190643,-0.003965835339110879,8.907166866172538,0.058559629231072455,-0.0,0.5822749284050439,9.548001423808655,0.0,0.0,0.0,0.12462006351169626,0.0,0.12462006351169626,0.0,low,,9.42338136029696,True,pass,False,,0.8038897893030794,0.5,0.5081037277147488,0.5210696920583469,0.6442463533225283,0.8654781199351702,0.8152350081037277,0.8978930307941653,0.6421799027552675,0.6964748784440843,10.318617307114977,47,0.0,10.25915121442986,0,40,0,7,advance,COc1cnccc1-c1cc2c(N[C@H](CO)c3ccccc3)ncnc2[nH]1
COc1c(F)cccc1-c1cc2c(N[C@H](CO)c3ccccc3)ncnc2[nH]1,9.16912440718121,0.1340887469875142,0.47369454718191295,378.40700000000004,3.9181000000000017,83.06,3,5,4,6,0.14285714285714285,0,0.0,2.9393800000000003,False,,0,,0,,0,,0.7457627118644068,0.6900287830676705,0.9818705146684916,0.26582278481012656,Afatinib,0.2542372881355932,0.7341772151898734,0.8234189789040425,0.5974789240269752,1.0,0.919947189798837,0.5974789240269752,0.8352112731824637,1.0,0.4025210759730248,0.5974789240269752,-0.01572305903789495,8.967991286699938,0.047073261467627185,-0.0,0.5801275728851019,9.595192121052667,0.0,0.0,0.05113312048127128,0.128151344966281,0.0,0.17928446544755228,0.0,low,,9.415907655605116,True,pass,False,,0.8897893030794165,0.4683954619124797,0.4327390599675851,0.5032414910858996,0.7301458670988655,0.833063209076175,0.8152350081037277,0.6418152350081038,0.659643435980551,0.7007293354943273,10.386764244229328,27,0.0,10.256782858198308,0,41,14,0,advance,COc1ccccc1-c1cc2c(N[C@H](CO)c3ccccc3)ncnc2[nH]1
[2H]C([2H])([2H])Oc1cccc(F)c1-c1cc2c(N[C@H](CO)c3ccccc3)ncnc2[nH]1,9.073959522432352,0.061511290395888304,0.4715375210917332,381.42530533400003,3.9181000000000026,83.06,3,5,4,6,0.14285714285714285,0,0.0,2.9595020355600004,False,,0,,0,,0,,0.7540983606557377,0.6548523061637817,0.9179132839341484,0.25925925925925924,Afatinib,0.24590163934426235,0.7407407407407407,0.8504319773309662,0.595518635232761,1.0,0.8736201481357964,0.595518635232761,0.8298926901748809,1.0,0.40448136476723895,0.595518635232761,0.027385716208113697,8.98169258683852,0.04189793004344743,-0.0,0.5623562809106774,9.585946797792644,0.0,0.0,0.0,0.1306017059590487,0.0,0.1306017059590487,0.0,low,,9.455345091833596,True,pass,False,,0.8363047001620746,0.4351701782820097,0.38492706645056723,0.4675850891410049,0.5705024311183144,0.8119935170178282,0.8152350081037277,0.9173419773095624,0.6146272285251215,0.6670583468395461,10.32349947202279,45,0.0,10.255815108041052,0,42,0,3,advance,[2H]C([2H])([2H])Oc1ccccc1-c1cc2c(N[C@H](CO)c3ccccc3)ncnc2[nH]1
COc1cnc(F)cc1-c1cc2c(N[C@H](CO)c3ccccc3)ncnc2[nH]1,9.143950591878664,0.0884982915972658,0.4449607272525235,379.39500000000004,3.3130999999999995,95.94999999999999,3,6,4,6,0.15,0,0.0,2.945966666666667,False,,0,,0,,0,,0.7758620689655172,0.723922542564385,1.0,0.26744186046511625,Osimertinib,0.22413793103448276,0.7325581395348837,0.8490388438515799,0.5814219897324777,1.0,0.9331395348837209,0.5814219897324777,0.8409000921169447,1.0,0.4185780102675223,0.5814219897324777,0.010851668979513729,9.011203154482764,0.018065727252523464,-0.0,0.5706295108259823,9.59989839256127,0.0,0.0,0.0,0.14822251283440285,0.0,0.14822251283440285,0.0,low,,9.451675879726867,True,pass,False,,0.8752025931928687,0.30307941653160453,0.3987034035656402,0.3565640194489465,0.8824959481361426,0.7447325769854133,0.8152350081037277,0.8103727714748784,0.5855753646677472,0.6683144246353322,10.302588830162566,50,0.0,10.253653189289265,0,43,0,7,advance,COc1cnccc1-c1cc2c(N[C@H](CO)c3ccccc3)ncnc2[nH]1
COc1cc(CO)ccc1-c1cc2c(N[C@H](CO)c3ccccc3)ncnc2[nH]1,9.683422652433785,0.10663967762978493,0.3861837707859719,390.44300000000004,3.2713,103.28999999999999,4,6,4,7,0.18181818181818182,0,0.0,3.1196200000000007,False,,0,,0,,0,,1.0,0.8412112716305401,1.0,0.23863636363636365,Osimertinib,0.0,0.7613636363636364,0.9712078887675969,0.5424156893168999,1.0,0.9403409090909091,0.5424156893168999,0.8634911217938515,1.0,0.4575843106831001,0.5424156893168999,0.14362235596499395,9.523463135989108,-0.06357741103221004,-0.0,0.2784090909090909,9.73829481586599,0.0,0.0,0.009959516444677394,0.19698038835387516,0.0,0.20693990479855257,0.0,low,,9.531354911067437,True,pass,False,,1.0,0.08752025931928688,0.19367909238249595,0.005672609400324149,0.8824959481361426,0.5113452188006483,0.8152350081037277,0.7374392220421394,0.49769043760129666,0.5908427876823339,10.335523340987546,41,0.0,10.240366256286238,0,44,3,0,advance,OCc1ccc(-c2cc3c(N[C@H](CO)c4ccccc4)ncnc3[nH]2)cc1
CCOc1ccccc1-c1cc2c(N[C@H](CO)c3cccc(C)c3)ncnc2[nH]1,9.241964288576051,0.09072875483468912,0.43482098927761076,388.47100000000006,4.477520000000003,83.06,3,5,4,7,0.21739130434782608,0,0.0,3.106473333333334,False,,0,,0,,0,,0.8421052631578947,0.7255001155276698,1.0,0.20238095238095238,Afatinib,0.1578947368421053,0.7976190476190477,0.8719809437597305,0.5696718005129424,1.0,0.9494047619047619,0.5696718005129424,0.8477643765443587,1.0,0.4303281994870576,0.5696718005129424,0.032288756287162323,9.105871156324017,-0.009410880287606713,-0.0,0.5603383458646617,9.656798621901071,0.0,0.0,0.0,0.16291024935882198,0.0,0.16291024935882198,0.0,low,,9.49388837254225,True,pass,False,,0.9270664505672609,0.23743922204213938,0.23500810372771475,0.07860615883306321,0.8824959481361426,0.6482982171799028,0.8152350081037277,0.8055105348460292,0.5156401944894652,0.6199756888168558,10.27556685528843,56,0.0,10.237859199122477,0,45,0,11,advance,CCOc1ccccc1-c1cc2c(N[C@H](CO)c3ccccc3)ncnc2[nH]1
[2H]C([2H])([2H])Oc1c(F)cccc1-c1cc2c(N[C@H](CO)c3ccccc3)ncnc2[nH]1,9.169107697679635,0.11937845422149289,0.4715375210917332,381.42530533400003,3.9181000000000026,83.06,3,5,4,6,0.14285714285714285,0,0.0,2.9595020355600004,False,,0,,0,,0,,0.7704918032786885,0.665105608593932,0.9365556519889671,0.25609756097560976,Afatinib,0.2295081967213115,0.7439024390243902,0.8337120064648638,0.595518635232761,1.0,0.8883923487478229,0.595518635232761,0.8294057476113619,1.0,0.40448136476723895,0.595518635232761,0.005741678471335776,8.990040016347397,0.04189793004344743,-0.0,0.560588333229149,9.592526279619992,0.0,0.0,0.029067681332239324,0.1306017059590487,0.0,0.15966938729128802,0.0,low,,9.432856892328704,True,pass,False,,0.8881685575364667,0.4351701782820097,0.38492706645056723,0.39708265802269044,0.6231766612641815,0.8119935170178282,0.8152350081037277,0.6888168557536467,0.6238654781199352,0.6694084278768233,10.341164853363914,37,0.0,10.236147005780893,0,46,9,0,advance,[2H]C([2H])([2H])Oc1ccccc1-c1cc2c(N[C@H](CO)c3ccccc3)ncnc2[nH]1
CCOc1ccccc1-c1cc2c(N[C@H](CO)c3cccc(F)c3)ncnc2[nH]1,9.282467406644443,0.10823496377347085,0.43657653119890333,392.434,4.308200000000003,83.06,3,5,4,7,0.18181818181818182,0,0.0,3.132893333333334,False,,0,,0,,0,,0.8275862068965517,0.713717126171937,1.0,0.2289156626506024,Afatinib,0.1724137931034483,0.7710843373493976,0.8698523770196812,0.5696211947234995,1.0,0.9427710843373494,0.5696211947234995,0.8455611640201326,1.0,0.4303788052765005,0.5696211947234995,0.032388283999398304,9.120114960984237,-0.015175650619278561,-0.0,0.558911508101371,9.66385081846633,0.0,0.0,0.012352445660206261,0.16297350659562565,0.0,0.17532595225583192,0.0,low,,9.488524866210497,True,pass,False,,0.9416531604538088,0.24554294975688817,0.14748784440842788,0.13614262560777957,0.8824959481361426,0.6337115072933549,0.8152350081037277,0.7309562398703403,0.5222042139384117,0.617382495948136,10.290495875192423,52,0.0,10.22938386134826,0,47,0,5,advance,CCOc1ccccc1-c1cc2c(N[C@H](CO)c3ccccc3)ncnc2[nH]1
COc1ccc(OC)c(-c2cc3c(N[C@H](CO)c4ccccc4)ncnc3[nH]2)c1,9.185890535526523,0.08001296541817833,0.44466944173762346,390.44300000000004,3.787600000000001,92.28999999999999,3,6,4,7,0.18181818181818182,0,0.0,3.1196200000000007,False,,0,,0,,0,,0.8214285714285714,0.7421161933430575,1.0,0.2413793103448276,Osimertinib,0.1785714285714286,0.7586206896551724,0.865463558088906,0.5745828083403083,1.0,0.9396551724137931,0.5745828083403083,0.8449253847107518,1.0,0.4254171916596917,0.5745828083403083,0.027384231170872075,9.065871087399255,-0.0050917400805584635,-0.0,0.5579433497536945,9.618722697072391,0.0,0.0,0.0,0.15677148957461468,0.0,0.15677148957461468,0.0,low,,9.461951207497776,True,pass,False,,0.9043760129659644,0.2965964343598055,0.19367909238249595,0.16774716369529985,0.8824959481361426,0.6839546191247974,0.8152350081037277,0.8525121555915721,0.5288897893030795,0.6327390599675851,10.253390444236086,61,0.0,10.221238079458878,0,48,0,13,advance,COc1ccccc1-c1cc2c(N[C@H](CO)c3ccccc3)ncnc2[nH]1
COc1cccc(OC)c1-c1cc2c(N[C@H](CO)c3ccccc3)ncnc2[nH]1,9.154136356038018,0.06480888668508315,0.4446694417376235,390.44300000000004,3.7876000000000003,92.28999999999999,3,6,4,7,0.18181818181818182,0,0.0,3.1196200000000007,False,,0,,0,,0,,0.8148148148148148,0.7450347425157477,1.0,0.25301204819277107,Osimertinib,0.18518518518518523,0.7469879518072289,0.8681678683299463,0.5745828083403084,1.0,0.9367469879518072,0.5745828083403084,0.8448744161555155,1.0,0.4254171916596916,0.5745828083403084,0.031057936232574357,9.056923026010393,-0.005091740080558408,-0.0,0.557429718875502,9.609261004805337,0.0,0.0,0.0,0.1567714895746145,0.0,0.1567714895746145,0.0,low,,9.452489515230722,True,pass,False,,0.8816855753646677,0.29983792544570503,0.19367909238249595,0.19043760129659643,0.8824959481361426,0.6871961102106969,0.8152350081037277,0.9043760129659644,0.5238654781199352,0.6316045380875203,10.237899578549259,66,0.0,10.210414960935747,0,49,0,17,advance,COc1ccccc1-c1cc2c(N[C@H](CO)c3ccccc3)ncnc2[nH]1
COC[C@@H](Nc1ncnc2[nH]c(-c3ccccc3OC)cc12)c1ccccc1,9.052229245875266,0.10618493178251132,0.5005372648534826,374.44400000000013,4.433100000000003,72.06,2,5,4,7,0.18181818181818182,0,0.0,3.012960000000001,False,,0,,0,,0,,0.8214285714285714,0.7636016871843874,1.0,0.2441860465116279,Gefitinib,0.1785714285714286,0.7558139534883721,0.8137278592210585,0.6094124187463386,1.0,0.938953488372093,0.6094124187463386,0.8405234415848726,1.0,0.39058758125366144,0.6094124187463386,-0.035727443151752025,8.892951848201498,0.06677508303530066,-0.0,0.5571013289036545,9.516828260140453,0.0,0.0,0.009277397673766966,0.11323447656707682,0.0,0.12251187424084378,0.0,low,,9.394316385899609,True,pass,False,,0.8249594813614263,0.5656401944894651,0.34683954619124796,0.16774716369529985,0.8824959481361426,0.8946515397082658,0.8152350081037277,0.7390599675850892,0.569935170178282,0.6799837925445704,10.200750464354392,74,0.0,10.210296936953094,0,50,0,24,advance,COc1ccccc1-c1cc2c(N[C@H](CO)c3ccccc3)ncnc2[nH]1
[2H]C([2H])([2H])Oc1cccc(OC)c1-c1cc2c(N[C@H](CO)c3ccccc3)ncnc2[nH]1,9.164658451660827,0.07173544651480944,0.44244447474168586,393.46130533400003,3.787600000000002,92.28999999999999,3,6,4,7,0.18181818181818182,0,0.0,3.1397420355600008,False,,0,,0,,0,,0.7931034482758621,0.719158798576902,1.0,0.2413793103448276,Osimertinib,0.2068965517241379,0.7586206896551724,0.8659498003548401,0.5725851520479273,1.0,0.9396551724137931,0.5725851520479273,0.8445475312041402,1.0,0.42741484795207274,0.5725851520479273,0.028536358867599976,9.057055281888614,-0.010335012410496062,-0.0,0.5706896551724138,9.617409924650532,0.0,0.0,0.0,0.15926855994009093,0.0,0.15926855994009093,0.0,low,,9.45814136471044,True,pass,False,,0.8849270664505673,0.26418152350081037,0.13371150729335493,0.27633711507293357,0.8824959481361426,0.6596434359805511,0.8152350081037277,0.8784440842787682,0.5263776337115074,0.6257698541329012,10.249063085104341,63,0.0,10.209065189669921,0,51,0,12,advance,[2H]C([2H])([2H])Oc1ccccc1-c1cc2c(N[C@H](CO)c3ccccc3)ncnc2[nH]1
COCCOc1cnccc1-c1[nH]c2c(c1Nc1ccc(C)c(F)c1C)C(=O)NCC2,8.90450948932052,0.0387770711916083,0.5010771966005143,424.4760000000002,3.887340000000002,88.27000000000001,3,5,4,7,0.30434782608695654,0,0.0,2.9965066666666687,False,,0,,0,,0,,0.8208955223880597,0.761297363906307,1.0,0.16831683168316833,Gefitinib,0.17910447761194026,0.8316831683168316,0.823983422496004,0.6103422017200264,1.0,0.9579207920792079,0.6103422017200264,0.8480616040738096,1.0,0.3896577982799736,0.6103422017200264,-0.03210424210374074,8.846343882533107,0.0820359792092097,-0.0,0.5801019654204226,9.508481827162738,0.0,0.0,0.0,0.11207224784996701,0.0,0.11207224784996701,0.0,low,,9.39640957931277,True,pass,False,,0.7536466774716369,0.5721231766612642,0.3703403565640194,0.17504051863857376,0.8824959481361426,0.9003241491085899,0.8152350081037277,0.9708265802269044,0.5441247974068072,0.6747974068071313,10.161431584050906,81,0.0,10.206166467481328,0,52,0,29,advance,COCCOc1cnccc1-c1[nH]c2c(c1Nc1cccc(F)c1C)C(=O)NCC2
CCOc1cc(Cl)ccc1-c1cc2c(N[C@H](CO)c3ccccc3)ncnc2[nH]1,9.259271043103015,0.05963026233225879,0.40794403699732046,408.88900000000007,4.822500000000004,83.06,3,5,4,7,0.18181818181818182,0,0.0,3.242593333333334,False,,0,,0,,0,,0.8103448275862069,0.71462766364971,1.0,0.23595505617977527,Osimertinib,0.18965517241379315,0.7640449438202247,0.8980765771431725,0.5496540921433981,1.0,0.9410112359550562,0.5496540921433981,0.8471854763104067,1.0,0.4503459078566019,0.5496540921433981,0.06785480111035447,9.169825649604626,-0.060263144820861425,-0.0,0.5645583107322742,9.674120815516037,0.0,0.0,0.0,0.18793238482075236,0.0,0.18793238482075236,0.0,low,,9.486188430695284,True,pass,False,,0.93354943273906,0.11507293354943274,0.05753646677471637,0.20907617504051865,0.8824959481361426,0.546191247974068,0.8152350081037277,0.9205834683954619,0.49355753646677475,0.5944084278768234,10.266389859276167,58,0.0,10.199478544147473,0,53,0,5,advance,CCOc1ccccc1-c1cc2c(N[C@H](CO)c3ccccc3)ncnc2[nH]1
COc1cccc(-c2cc3c(N[C@H](CO)c4ccccc4)ncnc3[nH]2)c1OC,9.304132696715405,0.1279810780141597,0.4446694417376234,390.4430000000001,3.787600000000001,92.29,3,6,4,7,0.18181818181818182,0,0.0,3.1196200000000007,False,,0,,0,,0,,0.8545454545454545,0.7653062800924662,1.0,0.2413793103448276,Osimertinib,0.1454545454545455,0.7586206896551724,0.8614464195689393,0.5745828083403082,1.0,0.9396551724137931,0.5745828083403082,0.8439211000807602,1.0,0.42541719165969183,0.5745828083403082,0.02336709265090542,9.112161079694165,-0.005091740080558519,-0.0,0.5430407523510972,9.650110091964702,0.0,0.0,0.04197161702123954,0.1567714895746148,0.0,0.1987431065958543,0.0,low,,9.451366985368848,True,pass,False,,0.9497568881685575,0.2917341977309562,0.19367909238249595,0.03970826580226904,0.8824959481361426,0.6790923824959482,0.8152350081037277,0.6596434359805511,0.5227309562398703,0.6226904376012965,10.277387239452546,55,0.0,10.198595510490403,0,54,0,1,advance,COc1ccccc1-c1cc2c(N[C@H](CO)c3ccccc3)ncnc2[nH]1
CCOc1cc(N)ccc1-c1cc2c(N[C@H](CO)c3ccccc3)ncnc2[nH]1,9.450792252904838,0.08587733798248887,0.35850834186981706,389.45900000000006,3.7513000000000014,109.08000000000001,4,6,4,7,0.18181818181818182,0,0.0,3.1130600000000004,False,,1,aniline,0,,0,,0.8245614035087719,0.7263907753254103,1.0,0.2111111111111111,Osimertinib,0.17543859649122806,0.7888888888888889,0.9275839266384673,0.5274465111053225,0.88,0.9472222222222222,0.5274465111053225,0.8205631649915031,0.9472222222222222,0.4197757111168997,0.5802242888831003,0.1426943488626191,9.321976245931104,-0.09026883994836477,-0.2,0.5656140350877192,9.59732144107046,0.0,0.0,0.0,0.14971963889612466,0.0,0.14971963889612466,0.0,low,,9.447601802174335,True,pass,False,,0.9854132901134521,0.022690437601296597,0.22447325769854132,0.14910858995137763,0.8824959481361426,0.7301458670988655,0.8152350081037277,0.8217179902755267,0.5114667747163695,0.620259319286872,10.211081570730103,70,0.0,10.19191298531858,0,55,0,15,advance,CCOc1ccccc1-c1cc2c(N[C@H](CO)c3ccccc3)ncnc2[nH]1
Cc1cc(-c2cc3c(N[C@H](CO)c4ccccc4)ncnc3[nH]2)ccc1CO,9.072831119722773,0.04472492122287368,0.4139120085957857,374.44400000000013,3.571120000000001,94.06,4,5,4,6,0.18181818181818182,0,0.0,2.912960000000001,False,,0,,0,,0,,0.7894736842105263,0.74272118976687,1.0,0.19753086419753085,Afatinib,0.21052631578947367,0.8024691358024691,0.8619003350746817,0.565614681650759,1.0,0.9506172839506173,0.565614681650759,0.8445330751690145,1.0,0.434385318349241,0.565614681650759,0.023156346540889605,9.005743737888462,-0.004850173222396229,-0.0,0.5854775828460039,9.58637114751207,0.0,0.0,0.0,0.16798164793655124,0.0,0.16798164793655124,0.0,low,,9.418389499575518,True,pass,False,,0.833063209076175,0.17260940032414912,0.5194489465153971,0.2884927066450567,0.8824959481361426,0.606969205834684,0.8152350081037277,0.9594813614262561,0.5450162074554294,0.6350486223662885,10.240390596458585,65,0.0,10.180447846415063,0,56,0,9,advance,OCc1ccc(-c2cc3c(N[C@H](CO)c4ccccc4)ncnc3[nH]2)cc1
CNc1cc2c(Nc3cccc(CO)c3)ncnc2cn1,8.455546830395024,0.09540566213438277,0.6803860726706266,281.319,2.3023999999999996,82.96,3,6,3,4,0.13333333333333333,0,0.0,2.0,False,,0,,0,,0,,0.7083333333333334,0.6891173526266694,0.980213368412126,0.3333333333333333,Sunvozertinib,0.29166666666666663,0.6666666666666667,0.6721027441046881,0.7472892630457677,1.0,0.9018266929757612,0.6721027441046881,0.8303046750315541,1.0,0.32789725589531193,0.6721027441046881,-0.21093590790248817,8.31243833719345,0.3937194060039599,-0.0,0.5763033421030315,9.282461085300442,0.0,0.0,0.0,0.03487156986913993,0.0,0.03487156986913993,0.0,low,,9.247589515431303,True,pass,False,,0.6175040518638574,0.8978930307941653,0.9092382495948136,0.700162074554295,0.7277147487844409,0.9773095623987034,0.8152350081037277,0.7860615883306321,0.73387358184765,0.7722042139384118,10.163109383517622,80,0.0,10.174234572157397,0,57,0,23,advance,CNc1cc2c(Nc3cccc(C(F)(F)F)c3)ncnc2cn1
CCOc1ccccc1-c1cc2c(N[C@H](COC)c3ccccc3)ncnc2[nH]1,9.287947114891226,0.14831860340470862,0.4525896632832399,388.471,4.8232000000000035,72.06,2,5,4,8,0.21739130434782608,0,0.0,3.2064733333333333,False,,0,,0,,0,,0.8035714285714286,0.7641899288451013,1.0,0.22784810126582278,Afatinib,0.1964285714285714,0.7721518987341772,0.8431637563395106,0.5755984173698845,1.0,0.9430379746835443,0.5755984173698845,0.8404500370982348,1.0,0.4244015826301155,0.5755984173698845,0.0036182923217009666,9.065469209784164,-0.006642206281977467,-0.0,0.5700384267631102,9.628865430265297,0.0,0.0,0.07247790510706292,0.1555019782876444,0.0,0.22797988339470732,0.0,low,,9.400885546870589,True,pass,False,,0.9448946515397083,0.3711507293354943,0.08914100486223663,0.233387358184765,0.8824959481361426,0.6888168557536467,0.8152350081037277,0.5688816855753647,0.5594813614262562,0.6384927066450566,10.300243063976804,51,0.0,10.167076794844656,0,58,7,0,advance,CCOc1ccccc1-c1cc2c(N[C@H](CO)c3ccccc3)ncnc2[nH]1
CCOc1cccc(F)c1-c1cc2c(N[C@H](CO)c3ccccc3)ncnc2[nH]1,9.141485718644489,0.07496100117123816,0.43657653119890333,392.434,4.308200000000003,83.06,3,5,4,7,0.18181818181818182,0,0.0,3.132893333333334,False,,0,,0,,0,,0.75,0.6609670743569048,0.9290310442852814,0.2625,Afatinib,0.25,0.7375,0.8578987288412556,0.5696211947234995,1.0,0.881148283213961,0.5696211947234995,0.827167051694679,1.0,0.4303788052765005,0.5696211947234995,0.040975569528768796,9.029044216887632,-0.015175650619278561,-0.0,0.5660077610713203,9.579876327339674,0.0,0.0,0.0,0.16297350659562565,0.0,0.16297350659562565,0.0,low,,9.416902820744049,True,pass,False,,0.873581847649919,0.24554294975688817,0.14748784440842788,0.47974068071312803,0.5972447325769854,0.6337115072933549,0.8152350081037277,0.8606158833063209,0.5602917341977309,0.6092787682333873,10.252226408376952,62,0.0,10.148037342624114,0,59,0,3,advance,CCOc1ccccc1-c1cc2c(N[C@H](CO)c3ccccc3)ncnc2[nH]1
[2H]C([2H])([2H])Oc1ccccc1-c1cc2c(N[C@H](COC)c3ccccc3)ncnc2[nH]1,9.05539348079997,0.13063692109041936,0.49834126122825284,377.462305334,4.433100000000003,72.06,2,5,4,7,0.18181818181818182,0,0.0,3.03308203556,False,,0,,0,,0,,0.8070175438596491,0.7375009751523848,1.0,0.225,Afatinib,0.19298245614035092,0.775,0.7974025254366988,0.6074306923078467,1.0,0.94375,0.6074306923078467,0.8371458044361364,1.0,0.39256930769215326,0.6074306923078467,-0.05299103866591681,8.85943809916434,0.06156077407607102,-0.0,0.5693421052631579,9.490340978503568,0.0,0.0,0.045955381635629025,0.11571163461519159,0.0,0.1616670162508206,0.0,low,,9.328673962252747,True,pass,False,,0.8282009724473258,0.5575364667747164,0.33063209076175043,0.22204213938411668,0.8824959481361426,0.8865478119935171,0.8152350081037277,0.653160453808752,0.5782009724473257,0.6784440842787682,10.184182145440358,77,0.0,10.14280686338727,0,60,0,17,advance,[2H]C([2H])([2H])Oc1ccccc1-c1cc2c(N[C@H](CO)c3ccccc3)ncnc2[nH]1
FCCCNc1c(Br)cccc1Nc1ncnc2ccncc12,8.509168321570696,0.06265021085659461,0.6283543270568108,376.2330000000001,4.302400000000001,62.730000000000004,2,5,3,6,0.1875,0,0.0,2.3748866666666677,False,,0,,0,,0,,0.7884615384615384,0.7666875230033126,1.0,0.3055555555555556,Afatinib,0.21153846153846156,0.6944444444444444,0.7084369327930577,0.704253085009451,1.0,0.9236111111111112,0.704253085009451,0.834075282228405,1.0,0.29574691499054895,0.704253085009451,-0.16751779924712962,8.415193005285804,0.2908713270568107,-0.0,0.5535256410256411,9.259589973368257,0.0,0.0,0.0,0.0,0.0,0.0,0.0,low,,9.259589973368257,True,pass,False,,0.6288492706645057,0.7990275526742301,0.8249594813614263,0.30307941653160453,0.8824959481361426,0.9886547811993517,0.8152350081037277,0.9157212317666127,0.6271474878444084,0.7357374392220422,10.012166958781547,117,0.0,10.142474900434708,0,61,0,56,advance,O=C(O)CCNc1c(Br)cccc1Nc1ncnc2ccncc12
[2H]C([2H])([2H])Oc1ccccc1-c1cc2c(N[C@H](CO)c3cccc(F)c3)ncnc2[nH]1,9.071749683548667,0.10509987302812453,0.4715375210917332,381.42530533400003,3.9181000000000017,83.06,3,5,4,6,0.14285714285714285,0,0.0,2.9595020355600004,False,,0,,0,,0,,0.8305084745762712,0.6932862207213002,0.987793128584182,0.2261904761904762,Afatinib,0.1694915254237288,0.7738095238095238,0.8193675097674796,0.595518635232761,1.0,0.9342972273905175,0.595518635232761,0.8372958430976896,1.0,0.40448136476723895,0.595518635232761,-0.02390444444027995,8.91409987400648,0.04189793004344743,-0.0,0.5553623257295807,9.511360129779508,0.0,0.0,0.007649809542186782,0.1306017059590487,0.0,0.13825151550123546,0.0,low,,9.373108614278273,True,pass,False,,0.8314424635332253,0.4351701782820097,0.38492706645056723,0.12155591572123177,0.7406807131280388,0.8119935170178282,0.8152350081037277,0.7455429497568882,0.5432333873581848,0.6394246353322528,10.16324019460933,79,0.0,10.140418176676976,0,62,0,17,advance,[2H]C([2H])([2H])Oc1ccccc1-c1cc2c(N[C@H](CO)c3ccccc3)ncnc2[nH]1
COc1nccc(-c2cc3c(N[C@H](CO)c4ccccc4)ncnc3[nH]2)c1OC,9.177685069133524,0.13508498616807318,0.4442596553343351,391.4310000000001,3.1826000000000008,105.17999999999999,3,7,4,7,0.19047619047619047,0,0.0,3.126206666666668,False,,0,,0,,0,,0.7377049180327869,0.6954206309548351,0.9916738744633364,0.21348314606741572,Osimertinib,0.2622950819672131,0.7865168539325843,0.8248617769657298,0.5741040924851664,1.0,0.9403846193306484,0.5741040924851664,0.8348376221953862,1.0,0.42589590751483364,0.5741040924851664,-0.01330112697287511,8.975057589881414,-0.005623725618046013,-0.0,0.6019063116808553,9.571340175944224,0.0,0.0,0.05262747925210977,0.15736988439354205,0.0,0.2099973636456518,0.0,low,,9.361342812298572,True,pass,False,,0.8978930307941653,0.28363047001620745,0.17017828200972449,0.5453808752025932,0.7504051863857374,0.6709886547811994,0.8152350081037277,0.6369529983792545,0.5953808752025933,0.6389789303079416,10.285797226187336,53,0.0,10.128117528668103,0,63,10,0,advance,COc1cnccc1-c1cc2c(N[C@H](CO)c3ccccc3)ncnc2[nH]1
COC[C@@H](Nc1ncnc2[nH]c(-c3ccc(CO)cc3)cc12)c1ccccc1,9.168969341527106,0.1463794923880801,0.4566903184543758,374.4440000000001,3.916800000000002,83.06,3,5,4,7,0.18181818181818182,0,0.0,3.0129600000000005,False,,0,,0,,0,,0.7962962962962963,0.7208775187679415,1.0,0.22784810126582278,Afatinib,0.20370370370370372,0.7721518987341772,0.8147766907101204,0.5852965982268297,1.0,0.9430379746835443,0.5852965982268297,0.8357778159051236,1.0,0.41470340177317033,0.5852965982268297,-0.028001500260004253,8.949400102944987,0.022928136636193915,-0.0,0.5733122362869199,9.545640475868101,0.0,0.0,0.06956923858212014,0.14337925221646292,0.0,0.21294849079858305,0.0,low,,9.332691985069518,True,pass,False,,0.8865478119935171,0.386547811993517,0.34846029173419774,0.26580226904376014,0.8824959481361426,0.7714748784440842,0.8152350081037277,0.5737439222042139,0.5816855753646678,0.6609805510534845,10.243663166305703,64,0.0,10.1258686463337,0,64,0,0,advance,OCc1ccc(-c2cc3c(N[C@H](CO)c4ccccc4)ncnc3[nH]2)cc1
[2H]C([2H])([2H])Oc1ccccc1-c1cc2c(N[C@H](CO)c3cccc(C)c3)ncnc2[nH]1,9.020339686463222,0.1025298739659965,0.47140332812841834,377.46230533400006,4.0874200000000025,83.06,3,5,4,6,0.18181818181818182,0,0.0,2.9330820355600005,False,,0,,0,,0,,0.8448275862068966,0.70437599984238,1.0,0.2,Afatinib,0.15517241379310343,0.8,0.808314009839608,0.5964609829490917,1.0,0.95,0.5964609829490917,0.838693748197175,1.0,0.40353901705090833,0.5964609829490917,-0.040506317810089176,8.866544875514228,0.04962284097623648,-0.0,0.5598275862068965,9.47599530269736,0.0,0.0,0.0037948109489947396,0.12942377131363542,0.0,0.13321858226263017,0.0,low,,9.34277672043473,True,pass,False,,0.8168557536466775,0.4222042139384117,0.4497568881685575,0.06320907617504051,0.8824959481361426,0.8225283630470016,0.8152350081037277,0.7568881685575365,0.5321312803889789,0.6495542949756888,10.114552839164135,89,0.0,10.122241874405557,0,65,0,24,advance,[2H]C([2H])([2H])Oc1ccccc1-c1cc2c(N[C@H](CO)c3ccccc3)ncnc2[nH]1
COc1cccc(N)c1-c1cc2c(N[C@H](CO)c3ccccc3)ncnc2[nH]1,9.123029244492995,0.04038937391562781,0.3848535059673296,375.432,3.3612,109.08000000000001,4,6,4,6,0.14285714285714285,0,0.0,2.9195466666666667,False,,1,aniline,0,,0,,0.7586206896551724,0.6960219798894716,0.9927672361626755,0.2413793103448276,Osimertinib,0.24137931034482762,0.7586206896551724,0.8774847493823094,0.5493791718717749,0.88,0.9342305995357998,0.5493791718717749,0.8102736301974709,0.9342305995357998,0.3848514276640249,0.6151485723359751,0.08961482557978451,9.062445183619554,-0.038792779746956114,-0.2,0.584398705592393,9.408051109464992,0.0,0.0,0.0,0.10606428458003116,0.0,0.10606428458003116,0.0,low,,9.301986824884962,True,pass,False,,0.8573743922204214,0.07374392220421394,0.5081037277147488,0.44408427876823336,0.7536466774716369,0.9157212317666127,0.8152350081037277,0.965964343598055,0.5655996758508914,0.6602512155591572,10.086770720486061,97,0.0,10.09428828355595,0,66,0,31,advance,COc1ccccc1-c1cc2c(N[C@H](CO)c3ccccc3)ncnc2[nH]1
CCOc1cccc(C)c1-c1cc2c(N[C@H](CO)c3ccccc3)ncnc2[nH]1,9.134089000220715,0.11037334150208082,0.4348209892776107,388.471,4.477520000000003,83.06,3,5,4,7,0.21739130434782608,0,0.0,3.1064733333333336,False,,0,,0,,0,,0.7758620689655172,0.6829152681968724,0.9689368512670407,0.2073170731707317,Afatinib,0.22413793103448276,0.7926829268292683,0.8312609110037222,0.5696718005129423,1.0,0.9248733701575975,0.5696718005129423,0.8314515204185655,1.0,0.4303281994870577,0.5696718005129423,-0.0002541458864575574,8.968528987967595,-0.009410880287606713,-0.0,0.5809011598310578,9.540019267511045,0.0,0.0,0.015560012253121223,0.16291024935882215,0.0,0.17847026161194338,0.0,low,,9.361549005899102,True,pass,False,,0.8654781199351702,0.23095623987034036,0.24311183144246354,0.3565640194489465,0.7050243111831442,0.6426256077795786,0.8152350081037277,0.7260940032414911,0.5434359805510536,0.6068476499189627,10.19214244417231,75,0.0,10.089766185801857,0,67,0,8,advance,CCOc1ccccc1-c1cc2c(N[C@H](CO)c3ccccc3)ncnc2[nH]1
CCOc1cccc(OC)c1-c1cc2c(N[C@H](CO)c3ccccc3)ncnc2[nH]1,9.221978598450846,0.11213212077231073,0.4080555322298785,404.47,4.1777000000000015,92.28999999999999,3,6,4,8,0.21739130434782608,0,0.0,3.313133333333334,False,,0,,0,,0,,0.7627118644067796,0.7049964689265537,1.0,0.23863636363636365,Osimertinib,0.23728813559322037,0.7613636363636364,0.852002165072094,0.547002337598228,1.0,0.9403409090909091,0.547002337598228,0.8348363529403078,1.0,0.45299766240177197,0.547002337598228,0.02288774950904826,9.05378041729238,-0.06717533733533897,-0.0,0.5851887519260401,9.571793831883081,0.0,0.0,0.018198181158466088,0.19124707800221497,0.0,0.20944525916068105,0.0,low,,9.3623485727224,True,pass,False,,0.9205834683954619,0.14505672609400325,0.029983792544570502,0.4189627228525122,0.8824959481361426,0.5299837925445705,0.8152350081037277,0.7179902755267423,0.5315640194489466,0.6014991896272286,10.209670655221817,71,0.0,10.084147600275074,0,68,0,3,advance,CCOc1ccccc1-c1cc2c(N[C@H](CO)c3ccccc3)ncnc2[nH]1
[2H]C([2H])([2H])Oc1cccc(N)c1-c1cc2c(N[C@H](CO)c3ccccc3)ncnc2[nH]1,9.127243074250808,0.049268807111146666,0.3831487512444499,378.45030533400006,3.3612,109.08000000000001,4,6,4,6,0.14285714285714285,0,0.0,2.939668702226667,False,,1,aniline,0,,0,,0.7666666666666667,0.6649465782759248,0.9362665059562268,0.2087912087912088,Osimertinib,0.23333333333333328,0.7912087912087912,0.8723226035848993,0.5476676323295757,0.88,0.9000020772693679,0.5476676323295757,0.7999980782959607,0.9000020772693679,0.35233444493979216,0.6476655550602078,0.09643270038525142,9.053339863584089,-0.043515839803835894,-0.2,0.576429263851694,9.386253287631947,0.0,0.0,0.0,0.06541805617474021,0.0,0.06541805617474021,0.0,low,,9.320835231457206,True,pass,False,,0.8606158833063209,0.055105348460291734,0.41166936790923825,0.406807131280389,0.6191247974068071,0.9513776337115073,0.8152350081037277,0.9481361426256077,0.5414100486223663,0.6342787682333874,10.035945345978787,109,0.0,10.08196975333727,0,69,0,40,advance,[2H]C([2H])([2H])Oc1ccccc1-c1cc2c(N[C@H](CO)c3ccccc3)ncnc2[nH]1
COc1cc(-c2cc3c(N[C@H](CO)c4ccccc4)ncnc3[nH]2)c(OC)cn1,9.119652943550904,0.11328204732192983,0.44425965533433504,391.4310000000001,3.1826000000000008,105.18,3,7,4,7,0.19047619047619047,0,0.0,3.126206666666668,False,,0,,0,,0,,0.7894736842105263,0.7358345055169349,1.0,0.2413793103448276,Osimertinib,0.21052631578947367,0.7586206896551724,0.825615802762375,0.5741040924851664,1.0,0.9396551724137931,0.5741040924851664,0.8348437669153336,1.0,0.42589590751483364,0.5741040924851664,-0.012303952203944868,8.949729872568009,-0.005623725618046069,-0.0,0.5723230490018149,9.516429195951778,0.0,0.0,0.019923070982894732,0.15736988439354205,0.0,0.17729295537643677,0.0,low,,9.33913624057534,True,pass,False,,0.8541329011345219,0.2779578606158833,0.17017828200972449,0.2884927066450567,0.8824959481361426,0.6709886547811994,0.8152350081037277,0.706645056726094,0.5231766612641815,0.6160048622366289,10.144241189468795,83,0.0,10.078342075259295,0,70,0,13,advance,COc1cnccc1-c1cc2c(N[C@H](CO)c3ccccc3)ncnc2[nH]1
COc1ccc(Nc2c(-c3ccncc3OCC(C)(C)OC)[nH]c3c2C(=O)NCC3)c(C)c1F,9.191650025369674,0.13703220460422577,0.45439277832119024,468.5290000000003,4.366120000000002,97.5,3,6,4,8,0.36,0,0.0,3.390193333333335,False,,0,,0,,0,,0.8055555555555556,0.7614538171913803,1.0,0.17647058823529413,Osimertinib,0.19444444444444442,0.8235294117647058,0.8269899631194604,0.5695239767946032,1.0,0.9558823529411764,0.5695239767946032,0.83809907321381,1.0,0.4304760232053968,0.5695239767946032,-0.014812146792466119,8.986101718463335,-0.018136221678809995,-0.0,0.5845588235294117,9.552524320313935,0.0,0.0,0.05554830690633865,0.163095029006746,0.0,0.21864333591308466,0.0,low,,9.333880984400851,True,pass,False,,0.9108589951377634,0.37682333873581847,0.007293354943273906,0.22852512155591573,0.8824959481361426,0.6239870340356564,0.8152350081037277,0.6256077795786061,0.5320502431118315,0.6168152350081036,10.190984612048133,76,0.0,10.074059266410575,0,71,0,5,advance,COC(C)(C)COc1cnccc1-c1[nH]c2c(c1Nc1cccc(F)c1C)C(=O)NCC2
CNc1cc2c(Nc3ccc(F)c(C(F)(F)F)c3)ncnc2cn1,8.340884836833286,0.06808646520278966,0.7083112602196698,337.28,3.9680000000000017,62.730000000000004,2,5,3,3,0.13333333333333333,0,0.0,1.9000000000000001,False,,0,,0,,0,,0.6730769230769231,0.6163531885903855,0.8479148883461552,0.4090909090909091,Sunvozertinib,0.32692307692307687,0.5909090909090908,0.6625606835663688,0.7664942700438953,1.0,0.7836634389868892,0.6625606835663688,0.8031795981492883,1.0,0.33743931643363123,0.6625606835663688,-0.18749188611055934,8.238755139029102,0.4366445935530031,-0.0,0.5363668339746507,9.211766566556756,0.0,0.0,0.0,0.04679914554203905,0.0,0.04679914554203905,0.0,low,,9.164967421014717,True,pass,False,,0.5753646677471637,0.9116693679092382,0.9643435980551054,0.8565640194489466,0.3824959481361426,0.9675850891410048,0.8152350081037277,0.8897893030794165,0.7572123176661264,0.7524716369529983,10.120421347756107,88,0.0,10.067933385358316,0,72,0,16,advance,CNc1cc2c(Nc3cccc(C(F)(F)F)c3)ncnc2cn1
CNc1cc2c(Nc3cccc(C(F)(F)Br)c3)ncnc2cn1,8.802580147184349,0.14543270172940825,0.6628764847965142,380.196,4.254300000000002,62.730000000000004,2,5,3,4,0.13333333333333333,0,0.0,2.201306666666667,False,,1,alkyl_halide,0,,0,,0.851063829787234,0.7240156317846288,1.0,0.32857142857142857,Sunvozertinib,0.14893617021276595,0.6714285714285715,0.7238421455855015,0.7299164256124417,0.88,0.9178571428571429,0.7238421455855015,0.8129039285137716,0.9178571428571429,0.1940149972716414,0.8059850027283586,-0.11874904390436014,8.584431094590236,0.34601381812984744,-0.2,0.518449848024316,9.2488947607444,0.0,0.0,0.06814905259411237,0.0,0.0,0.06814905259411237,0.0,low,,9.180745708150289,True,pass,False,,0.7244732576985413,0.8638573743922204,0.8654781199351702,0.04376012965964344,0.8824959481361426,0.9983792544570502,0.8152350081037277,0.5818476499189628,0.637358184764992,0.736547811993517,10.013724582462391,116,0.0,10.06460308254251,0,73,0,43,advance,CNc1cc2c(Nc3cccc(C(F)(F)F)c3)ncnc2cn1
CCOc1ccc(Cl)cc1-c1cc2c(N[C@H](CO)c3ccccc3)ncnc2[nH]1,9.190763231027036,0.08931183942120002,0.40794403699732046,408.88900000000007,4.822500000000004,83.06,3,5,4,7,0.18181818181818182,0,0.0,3.242593333333334,False,,0,,0,,0,,0.8103448275862069,0.6957581034402502,0.9922874608004548,0.25,Osimertinib,0.18965517241379315,0.75,0.860172520161919,0.5496540921433981,1.0,0.9317155956003411,0.5496540921433981,0.8353855519764146,1.0,0.4503459078566019,0.5496540921433981,0.03304929091400599,9.056795471895237,-0.060263144820861425,-0.0,0.5584166927863206,9.554949019860695,0.0,0.0,0.0,0.18793238482075236,0.0,0.18793238482075236,0.0,low,,9.367016635039942,True,pass,False,,0.9092382495948136,0.11507293354943274,0.05753646677471637,0.20907617504051865,0.7520259319286872,0.546191247974068,0.8152350081037277,0.8087520259319287,0.4826175040518639,0.5684764991896272,10.134090024722932,85,0.0,10.049188434067494,0,74,0,11,advance,CCOc1ccccc1-c1cc2c(N[C@H](CO)c3ccccc3)ncnc2[nH]1
COc1cc(-c2cc3c(N[C@H](CO)c4ccccc4)ncnc3[nH]2)ccc1CO,9.133615020226044,0.09268538251395547,0.3861837707859718,390.4430000000001,3.2713000000000014,103.29,4,6,4,7,0.18181818181818182,0,0.0,3.1196200000000007,False,,0,,0,,0,,0.75,0.7182687651331718,1.0,0.23863636363636365,Osimertinib,0.25,0.7613636363636364,0.8435239872967422,0.5424156893168999,1.0,0.9403409090909091,0.5424156893168999,0.8315701464261378,1.0,0.4575843106831001,0.5424156893168999,0.01593845449413922,8.99458694645511,-0.0635774110322101,-0.0,0.5909090909090908,9.521918626331992,0.0,0.0,0.0,0.19698038835387516,0.0,0.19698038835387516,0.0,low,,9.324938237978117,True,pass,False,,0.8638573743922204,0.08346839546191248,0.19367909238249595,0.47974068071312803,0.8824959481361426,0.5113452188006483,0.8152350081037277,0.7990275526742301,0.5304294975688817,0.5998784440842788,10.15843402341465,82,0.0,10.044792370879252,0,75,0,7,advance,OCc1ccc(-c2cc3c(N[C@H](CO)c4ccccc4)ncnc3[nH]2)cc1
CCOc1ccc(N)cc1-c1cc2c(N[C@H](CO)c3ccccc3)ncnc2[nH]1,9.440223395862525,0.13546625958556693,0.35850834186981706,389.45900000000006,3.7513000000000014,109.08000000000001,4,6,4,7,0.18181818181818182,0,0.0,3.1130600000000004,False,,1,aniline,0,,0,,0.8245614035087719,0.7071167851696115,1.0,0.2111111111111111,Osimertinib,0.17543859649122806,0.7888888888888889,0.8902294672557343,0.5274465111053225,0.88,0.9472222222222222,0.5274465111053225,0.8112245501458197,0.9472222222222222,0.4197757111168997,0.5802242888831003,0.10533988947988604,9.237024006484175,-0.09026883994836477,-0.2,0.5656140350877192,9.51236920162353,0.0,0.0,0.05319938937835039,0.14971963889612466,0.0,0.20291902827447506,0.0,low,,9.309450173349054,True,pass,False,,0.9837925445705025,0.022690437601296597,0.22447325769854132,0.14910858995137763,0.8824959481361426,0.7301458670988655,0.8152350081037277,0.6353322528363047,0.5107374392220422,0.6104538087520259,10.125254128689981,86,0.0,10.041994743851486,0,76,0,10,advance,CCOc1ccccc1-c1cc2c(N[C@H](CO)c3ccccc3)ncnc2[nH]1
COc1ccccc1-c1cc2c(N[C@H](CO)c3cccc(F)c3)ncnc2[nH]1,9.036788011466276,0.13745571588684002,0.47369454718191295,378.40700000000004,3.9181000000000017,83.06,3,5,4,6,0.14285714285714285,0,0.0,2.9393800000000003,False,,0,,0,,0,,0.8245614035087719,0.724047557112282,1.0,0.25,Osimertinib,0.17543859649122806,0.75,0.7879780017457811,0.5974789240269752,1.0,0.9375,0.5974789240269752,0.8307392314431891,1.0,0.4025210759730248,0.5974789240269752,-0.05701497292987723,8.830604437636016,0.047073261467627185,-0.0,0.5539473684210526,9.431625067524696,0.0,0.0,0.05618357383026003,0.128151344966281,0.0,0.18433491879654101,0.0,low,,9.247290148728155,True,pass,False,,0.8217179902755267,0.4683954619124797,0.4327390599675851,0.14910858995137763,0.8824959481361426,0.833063209076175,0.8152350081037277,0.6239870340356564,0.5581847649918963,0.6592382495948136,10.101446785514971,93,0.0,10.03837604824193,0,77,0,16,advance,COc1ccccc1-c1cc2c(N[C@H](CO)c3ccccc3)ncnc2[nH]1
COc1cncc(F)c1-c1cc2c(N[C@H](CO)c3ccccc3)ncnc2[nH]1,8.955351118790558,0.11905734641484975,0.4756596282649301,379.39500000000004,3.3130999999999995,95.94999999999999,3,6,4,6,0.15,0,0.0,2.945966666666667,False,,0,,0,,0,,0.7301587301587301,0.6606753899820823,0.9285007090583314,0.27586206896551724,Osimertinib,0.2698412698412699,0.7241379310344828,0.7804976372072447,0.5983063852893014,1.0,0.8774100145523692,0.5983063852893014,0.8140535092622289,1.0,0.40169361471069864,0.5983063852893014,-0.04474116273997886,8.776765099168284,0.04876462826493004,-0.0,0.5707951280034991,9.396324855436713,0.0,0.0,0.02858601962227461,0.1271170183883733,0.0,0.15570303801064792,0.0,low,,9.240621817426065,True,pass,False,,0.773095623987034,0.4854132901134522,0.3987034035656402,0.5761750405186385,0.5948136142625607,0.8435980551053485,0.8152350081037277,0.6904376012965965,0.6200162074554296,0.6621150729335494,10.140344304383229,84,0.0,10.035159904946324,0,78,0,6,advance,COc1cnccc1-c1cc2c(N[C@H](CO)c3ccccc3)ncnc2[nH]1
CCOc1c(C)cccc1-c1cc2c(N[C@H](CO)c3ccccc3)ncnc2[nH]1,9.161417344248244,0.14303722075016678,0.4348209892776107,388.471,4.477520000000003,83.06,3,5,4,7,0.21739130434782608,0,0.0,3.1064733333333336,False,,0,,0,,0,,0.7627118644067796,0.6840613934782453,0.9710207154149915,0.20481927710843373,Afatinib,0.23728813559322037,0.7951807228915663,0.8152282815369443,0.5696718005129423,1.0,0.9270607172841352,0.5696718005129423,0.8279901998335054,1.0,0.4303281994870577,0.5696718005129423,-0.017015891062081567,8.946861513122995,-0.009410880287606713,-0.0,0.5880890567381669,9.525539689573554,0.0,0.0,0.06455583112525017,0.16291024935882215,0.0,0.2274660804840723,0.0,low,,9.298073609089482,True,pass,False,,0.8833063209076175,0.23095623987034036,0.24311183144246354,0.4189627228525122,0.7082658022690438,0.6426256077795786,0.8152350081037277,0.5899513776337115,0.563938411669368,0.6119529983792544,10.202265783576795,73,0.0,10.032417207144587,0,79,6,0,advance,CCOc1ccccc1-c1cc2c(N[C@H](CO)c3ccccc3)ncnc2[nH]1
CCOc1ccccc1-c1cc2c(N[C@H](CO)c3cccc(OC)c3)ncnc2[nH]1,9.204785349476852,0.10511135664598584,0.40805553222987834,404.4700000000001,4.1777000000000015,92.28999999999999,3,6,4,8,0.21739130434782608,0,0.0,3.313133333333334,False,,0,,0,,0,,0.8275862068965517,0.7303149884351219,1.0,0.21428571428571427,Afatinib,0.1724137931034483,0.7857142857142857,0.8526183877170229,0.547002337598228,1.0,0.9464285714285714,0.547002337598228,0.8365123241859556,1.0,0.45299766240177197,0.547002337598228,0.021474751374756407,9.047118314507873,-0.06717533733533913,-0.0,0.5633004926108374,9.543243469783372,0.0,0.0,0.007667034968978748,0.19124707800221497,0.0,0.1989141129711937,0.0,low,,9.344329356812178,True,pass,False,,0.9173419773095624,0.13614262560777957,0.029983792544570502,0.13614262560777957,0.8824959481361426,0.5299837925445705,0.8152350081037277,0.7439222042139384,0.4717585089141005,0.5722042139384117,10.109353680480293,91,0.0,10.030974413538273,0,80,0,11,advance,CCOc1ccccc1-c1cc2c(N[C@H](CO)c3ccccc3)ncnc2[nH]1
CCOc1ccccc1-c1cc2c(N[C@H](CO)c3cccc(Cl)c3)ncnc2[nH]1,9.115890195094162,0.04621155887741795,0.40794403699732057,408.88900000000007,4.8225000000000025,83.06,3,5,4,7,0.18181818181818182,0,0.0,3.242593333333334,False,,0,,0,,0,,0.8421052631578947,0.7255001155276698,1.0,0.2222222222222222,Osimertinib,0.1578947368421053,0.7777777777777778,0.8716244575593478,0.5496540921433981,1.0,0.9444444444444444,0.5496540921433981,0.8414307485367976,1.0,0.4503459078566019,0.5496540921433981,0.040258278696733596,9.046572856778035,-0.060263144820861314,-0.0,0.5543859649122808,9.540695676869454,0.0,0.0,0.0,0.18793238482075236,0.0,0.18793238482075236,0.0,low,,9.352763292048701,True,pass,False,,0.8476499189627229,0.12155591572123177,0.05753646677471637,0.07860615883306321,0.8824959481361426,0.546191247974068,0.8152350081037277,0.9546191247974068,0.4301053484602918,0.5582658022690438,10.056822095021804,105,0.0,10.022682254771553,0,81,0,24,advance,CCOc1ccccc1-c1cc2c(N[C@H](CO)c3ccccc3)ncnc2[nH]1
C/C=C/C(=O)Cc1cc2c(Nc3cccc(Br)c3)ncnc2cc1N,8.879410259363986,0.12575203022649245,0.4926227266436487,397.27600000000007,4.405800000000003,80.9,2,5,3,5,0.10526315789473684,0,0.0,2.4151733333333336,False,,1,aniline,0,,0,,0.7166666666666667,0.6547474747474747,0.9177226813590449,0.3170731707317073,Osimertinib,0.2833333333333333,0.6829268292682926,0.7568261436824518,0.6280512176027248,0.88,0.8590237183363567,0.6280512176027248,0.7809752699053834,0.88,0.25194878239727525,0.7480512176027247,-0.03219883496390863,8.690782214024248,0.14087304243312235,-0.2,0.561808719120249,9.19346397557762,0.0,0.0,0.03862804533973867,0.0,0.0,0.03862804533973867,0.0,low,,9.154835930237882,True,pass,False,,0.7423014586709886,0.5413290113452188,0.7990275526742301,0.6588330632090762,0.5688816855753647,0.9967585089141004,0.8152350081037277,0.6628849270664505,0.6939222042139384,0.7209076175040519,10.026170620634346,113,0.0,10.019925071242744,0,82,0,31,advance,C/C=C/C(=O)Cc1ccc2ncnc(Nc3cccc(Br)c3)c2c1
COc1cc(-c2cc3c(N[C@H](C)c4ccccc4)ncnc3[nH]2)c(OC)cc1C(N)=O,9.121301385224099,0.06344128691615976,0.41985913312563966,417.4690000000002,3.9141000000000012,115.15,3,6,4,7,0.17391304347826086,0,0.0,3.299793333333335,False,,0,,0,,0,,0.8,0.6797240560789259,0.9631346474162289,0.25287356321839083,Osimertinib,0.19999999999999996,0.7471264367816092,0.8609164454647129,0.5540073950139737,1.0,0.909132594757574,0.5540073950139737,0.8310141088090651,1.0,0.44599260498602633,0.5540073950139737,0.039869782207530347,9.02613945484986,-0.05771856252653447,-0.0,0.5549215928885399,9.523342485211865,0.0,0.0,0.0,0.1824907562325329,0.0,0.1824907562325329,0.0,low,,9.340851728979333,True,pass,False,,0.8557536466774717,0.18233387358184766,0.04213938411669368,0.2406807131280389,0.6839546191247974,0.5737439222042139,0.8152350081037277,0.9076175040518638,0.4760129659643436,0.565032414910859,10.094558044369077,95,0.0,10.018890626872363,0,83,0,12,advance,COc1cc(C(N)=O)ccc1-c1cc2c(N[C@H](C)c3ccccc3)ncnc2[nH]1
[2H]C([2H])([2H])Oc1c(N)cccc1-c1cc2c(N[C@H](CO)c3ccccc3)ncnc2[nH]1,9.244267423279288,0.12138715689179873,0.3831487512444499,378.450305334,3.3612,109.08000000000001,4,6,4,6,0.14285714285714285,0,0.0,2.9396687022266668,False,,1,aniline,0,,0,,0.7966101694915254,0.686335429875302,0.9751553270460036,0.20238095238095238,Afatinib,0.2033898305084746,0.7976190476190477,0.8510958459955629,0.5476676323295757,0.88,0.9307712571892646,0.5476676323295757,0.8023836838786008,0.9307712571892646,0.38310362485968885,0.6168963751403111,0.06494954948928278,9.06218668794159,-0.04351583980383578,-0.2,0.5745999697760288,9.393270817913784,0.0,0.0,0.032080735337698084,0.10387953107461108,0.0,0.13596026641230916,0.0,low,,9.257310551501474,True,pass,False,,0.9286871961102107,0.055105348460291734,0.4181523500810373,0.2585089141004862,0.7228525121555915,0.9173419773095624,0.8152350081037277,0.6790923824959482,0.543354943273906,0.6340356564019448,10.045296749842471,108,0.0,10.018153339183808,0,84,0,24,advance,[2H]C([2H])([2H])Oc1ccccc1-c1cc2c(N[C@H](CO)c3ccccc3)ncnc2[nH]1
OCc1ccc(-c2cc3c(N[C@H](CO)c4cccc(F)c4)ncnc3[nH]2)cc1,9.016283710431132,0.06751587214870726,0.4125713732623113,378.40700000000004,3.4018000000000006,94.06,4,5,4,6,0.14285714285714285,0,0.0,2.9393800000000003,False,,0,,0,,0,,0.7962962962962963,0.6827980721748703,0.9687237675906731,0.19753086419753085,Afatinib,0.20370370370370372,0.8024691358024691,0.831809817103688,0.5638611783711943,1.0,0.9271601096436222,0.5638611783711943,0.830707776279626,1.0,0.4361388216288057,0.5638611783711943,0.0014693877654158305,8.915009902208071,-0.01404991245197446,-0.0,0.5745883493050756,9.475548339061172,0.0,0.0,0.0,0.17017352703600713,0.0,0.17017352703600713,0.0,low,,9.305374812025164,True,pass,False,,0.8119935170178282,0.15964343598055106,0.4327390599675851,0.26580226904376014,0.7034035656401945,0.5996758508914101,0.8152350081037277,0.893030794165316,0.5153970826580226,0.5938816855753647,10.0940248382508,96,0.0,10.018032834715601,0,85,0,11,advance,OCc1ccc(-c2cc3c(N[C@H](CO)c4ccccc4)ncnc3[nH]2)cc1
[2H]C([2H])([2H])Oc1ccccc1-c1cc2c(N[C@H](CO)c3cccc(OC)c3)ncnc2[nH]1,9.024906509585263,0.07297174649242061,0.44244447474168586,393.4613053340001,3.787600000000002,92.28999999999999,3,6,4,7,0.18181818181818182,0,0.0,3.1397420355600008,False,,0,,0,,0,,0.8448275862068966,0.7200668963974005,1.0,0.21428571428571427,Afatinib,0.15517241379310343,0.7857142857142857,0.8301464048516212,0.5725851520479273,1.0,0.9464285714285714,0.5725851520479273,0.83729003208203,1.0,0.42741484795207274,0.5725851520479273,-0.009524836307211682,8.915448889846632,-0.010335012410496062,-0.0,0.5555418719211822,9.460655749357318,0.0,0.0,0.0,0.15926855994009093,0.0,0.15926855994009093,0.0,low,,9.301387189417227,True,pass,False,,0.8184764991896273,0.26418152350081037,0.13371150729335493,0.06320907617504051,0.8824959481361426,0.6596434359805511,0.8152350081037277,0.8703403565640194,0.4538492706645057,0.5841166936790924,10.005274874154725,120,0.0,10.002327221832138,0,86,0,34,advance,[2H]C([2H])([2H])Oc1ccccc1-c1cc2c(N[C@H](CO)c3ccccc3)ncnc2[nH]1
COc1cccc(Cl)c1-c1cc2c(N[C@H](CO)c3ccccc3)ncnc2[nH]1,8.987509911057787,0.10934994961210012,0.45022819028764105,394.862,4.432400000000004,83.06,3,5,4,6,0.14285714285714285,0,0.0,3.0490800000000005,False,,0,,0,,0,,0.7457627118644068,0.6793272981726372,0.9624132694047947,0.2823529411764706,Osimertinib,0.2542372881355932,0.7176470588235294,0.7953325130359766,0.5803531969658948,1.0,0.9012217167594784,0.5803531969658948,0.8192268566903375,1.0,0.4196468030341052,0.5803531969658948,-0.031859124872481104,8.823484986639636,0.007151904573355289,-0.0,0.5703042146592745,9.400941105872267,0.0,0.0,0.014024924418150175,0.14955850379263147,0.0,0.16358342821078165,0.0,low,,9.237357677661485,True,pass,False,,0.7957860615883307,0.35980551053484605,0.3241491085899514,0.5032414910858996,0.6815235008103727,0.7350081037277147,0.8152350081037277,0.7293354943273906,0.5793354943273906,0.6350891410048621,10.096143699065136,94,0.0,9.99946464686732,0,87,0,7,advance,COc1ccccc1-c1cc2c(N[C@H](CO)c3ccccc3)ncnc2[nH]1
COc1c(N)cccc1-c1cc2c(N[C@H](CO)c3ccccc3)ncnc2[nH]1,9.246867952314776,0.1422377753081345,0.38485350596732953,375.432,3.361200000000001,109.08000000000001,4,6,4,6,0.14285714285714285,0,0.0,2.9195466666666667,False,,1,aniline,0,,0,,0.7719298245614035,0.7129369121729054,1.0,0.2159090909090909,Osimertinib,0.22807017543859653,0.7840909090909091,0.8371505453629999,0.5493791718717749,0.88,0.9460227272727273,0.5493791718717749,0.8031381111268756,0.9460227272727273,0.3966435554009524,0.6033564445990476,0.04534991231483254,9.033511289352575,-0.03879277974695617,-0.2,0.5878588516746411,9.38257736128026,0.0,0.0,0.06335666296220174,0.12080444425119054,0.0,0.1841611072133923,0.0,low,,9.198416254066869,True,pass,False,,0.9303079416531604,0.06807131280388978,0.5081037277147488,0.38492706645056723,0.8824959481361426,0.8752025931928687,0.8152350081037277,0.5996758508914101,0.5854538087520259,0.6658833063209076,10.085121931782691,98,0.0,9.997476221651958,0,88,0,10,advance,COc1ccccc1-c1cc2c(N[C@H](CO)c3ccccc3)ncnc2[nH]1
COc1cnc(Cl)cc1-c1cc2c(N[C@H](CO)c3ccccc3)ncnc2[nH]1,9.013484681908762,0.09513464828415095,0.4292915685602143,395.8500000000001,3.8274000000000017,95.94999999999999,3,6,4,6,0.15,0,0.0,3.055666666666667,False,,0,,0,,0,,0.7758620689655172,0.723922542564385,1.0,0.26744186046511625,Osimertinib,0.22413793103448276,0.7325581395348837,0.8117769166782849,0.5685847216824769,1.0,0.9331395348837209,0.5685847216824769,0.8283752933111207,1.0,0.43141527831752313,0.5685847216824769,-0.02213116884378108,8.870782709482535,-0.01405843143978576,-0.0,0.5706295108259823,9.427353788868732,0.0,0.0,0.0,0.16426909789690392,0.0,0.16426909789690392,0.0,low,,9.263084690971828,True,pass,False,,0.8087520259319287,0.21231766612641814,0.29821717990275526,0.3565640194489465,0.8824959481361426,0.6150729335494327,0.8152350081037277,0.7876823338735819,0.5224473257698542,0.610615883306321,10.054290579792557,106,0.0,9.995823750939413,0,89,0,17,advance,COc1cnccc1-c1cc2c(N[C@H](CO)c3ccccc3)ncnc2[nH]1
COc1cc(C)ccc1-c1cc2c(N[C@H](CO)c3ccccc3)ncnc2[nH]1,9.341320456566589,0.15193149458994157,0.4734806263536626,374.444,4.087420000000002,83.06,3,5,4,6,0.18181818181818182,0,0.0,2.91296,False,,0,,0,,0,,0.8214285714285714,0.7851696217032467,1.0,0.2413793103448276,Osimertinib,0.1785714285714286,0.7586206896551724,0.853978067928688,0.5983774214175914,1.0,0.9396551724137931,0.5983774214175914,0.8480026654400181,1.0,0.4016225785824086,0.5983774214175914,0.007967203318226534,9.113423214681676,0.054718444535480804,-0.0,0.5579433497536945,9.726085008970852,0.0,0.0,0.07789724188491234,0.12702822322801072,0.0,0.317425465112923,0.15,low,uncertain_prediction,9.40865954385793,True,pass,False,,0.9594813614262561,0.4497568881685575,0.5388978930307942,0.16774716369529985,0.8824959481361426,0.8525121555915721,0.49027552674230146,0.5623987034035657,0.6361021069692059,0.6766207455429497,10.489407537333898,12,0.0,9.995604438509469,0,90,78,0,advance,COc1ccccc1-c1cc2c(N[C@H](CO)c3ccccc3)ncnc2[nH]1
COc1cnc(N)cc1-c1cc2c(N[C@H](CO)c3ccccc3)ncnc2[nH]1,9.204399813237993,0.14117885583035536,0.40802285415182615,376.42,2.7562000000000006,121.97,4,7,4,6,0.15,0,0.0,2.9261333333333335,False,,1,aniline,0,,0,,0.7894736842105263,0.7358345055169349,1.0,0.2413793103448276,Osimertinib,0.21052631578947367,0.7586206896551724,0.8272747542282495,0.5618689800399146,0.88,0.9396551724137931,0.5618689800399146,0.8021997266704893,0.9396551724137931,0.37778619237387856,0.6222138076261214,0.033433370077013636,8.99263152949246,-0.01589714584817388,-0.2,0.5723230490018149,9.349057432646102,0.0,0.0,0.06176828374553303,0.09723274046734821,0.0,0.15900102421288126,0.0,low,,9.190056408433222,True,pass,False,,0.9157212317666127,0.12884927066450566,0.47244732576985415,0.2884927066450567,0.8824959481361426,0.9222042139384117,0.8152350081037277,0.6045380875202593,0.5664100486223662,0.6623581847649919,10.028749490992942,112,0.0,9.984886230151211,0,91,0,21,advance,COc1cnccc1-c1cc2c(N[C@H](CO)c3ccccc3)ncnc2[nH]1
COCCOc1cnccc1-c1[nH]c2c(c1Nc1ccc(F)c(F)c1C)C(=O)NCC2,8.963757616245703,0.14263705110582808,0.49948989342909916,428.4390000000002,3.718020000000002,88.27000000000001,3,5,4,7,0.2727272727272727,0,0.0,3.0229266666666685,False,,0,,0,,0,,0.8507462686567164,0.7831272043538178,1.0,0.19,Gefitinib,0.14925373134328357,0.81,0.766093468287346,0.6084530311295943,1.0,0.9525,0.6084530311295943,0.8317616248542351,1.0,0.39154696887040574,0.6084530311295943,-0.08755754208918543,8.74980203958696,0.07332362070182617,-0.0,0.5601641791044776,9.383289839393264,0.0,0.0,0.06395557665874212,0.11443371108800719,0.0,0.1783892877467493,0.0,low,,9.204900551646514,True,pass,False,,0.779578606158833,0.5615883306320908,0.3379254457050243,0.04538087520259319,0.8824959481361426,0.8889789303079416,0.8152350081037277,0.5948136142625607,0.5228930307941653,0.6448541329011346,10.010761476346262,118,0.0,9.978725511127875,0,92,0,26,advance,COCCOc1cnccc1-c1[nH]c2c(c1Nc1cccc(F)c1C)C(=O)NCC2
[2H]C([2H])([2H])Oc1cccc(Cl)c1-c1cc2c(N[C@H](CO)c3ccccc3)ncnc2[nH]1,8.987438117826704,0.10214449638078096,0.44791007508758707,397.88030533400007,4.432400000000003,83.06,3,5,4,6,0.14285714285714285,0,0.0,3.069202035560001,False,,0,,0,,0,,0.7540983606557377,0.654228420245778,0.9167789459014144,0.24719101123595505,Osimertinib,0.24590163934426235,0.752808988764045,0.8003583819901293,0.5783043091612499,1.0,0.8757864566170721,0.5783043091612499,0.8136122869421127,1.0,0.42169569083875014,0.5783043091612499,-0.0176718732693113,8.834221373255533,0.0018154840393012576,-0.0,0.5656931708094852,9.40173002810432,0.0,0.0,0.003216744571171437,0.15211961354843767,0.0,0.1553363581196091,0.0,low,,9.24639366998471,True,pass,False,,0.7941653160453809,0.31280388978930307,0.28282009724473256,0.4675850891410049,0.5623987034035657,0.7179902755267423,0.8152350081037277,0.7585089141004863,0.5558752025931929,0.6076985413290114,10.06878027121615,100,0.0,9.975631919579524,0,93,0,7,advance,[2H]C([2H])([2H])Oc1ccccc1-c1cc2c(N[C@H](CO)c3ccccc3)ncnc2[nH]1
COc1ccccc1-c1cc2c(N[C@H](CO)c3cccc(C)c3)ncnc2[nH]1,8.97862619607451,0.13982073968103326,0.4734806263536626,374.4440000000001,4.087420000000002,83.06,3,5,4,6,0.18181818181818182,0,0.0,2.9129600000000004,False,,0,,0,,0,,0.8392857142857143,0.7360232890970596,1.0,0.2247191011235955,Osimertinib,0.1607142857142857,0.7752808988764045,0.7717820312419041,0.5983774214175914,1.0,0.9438202247191011,0.5983774214175914,0.8284949193446492,1.0,0.4016225785824086,0.5983774214175914,-0.07561718413699337,8.76889508655296,0.05471844453548075,-0.0,0.5549056982343499,9.37851922932279,0.0,0.0,0.05973110952154988,0.12702822322801072,0.0,0.18675933274956058,0.0,low,,9.191759896573231,True,pass,False,,0.7893030794165316,0.4497568881685575,0.5291734197730956,0.08914100486223663,0.8824959481361426,0.8525121555915721,0.8152350081037277,0.6126418152350082,0.5423419773095624,0.651742301458671,10.029329602094265,110,0.0,9.973850658323636,0,94,0,16,advance,COc1ccccc1-c1cc2c(N[C@H](CO)c3ccccc3)ncnc2[nH]1
CCOc1cccc(N)c1-c1cc2c(N[C@H](CO)c3ccccc3)ncnc2[nH]1,9.181358896171833,0.09238120264751358,0.35850834186981706,389.45900000000006,3.7513000000000005,109.08000000000001,4,6,4,7,0.18181818181818182,0,0.0,3.1130600000000004,False,,1,aniline,0,,0,,0.7627118644067796,0.6717616442940366,0.9486575350800664,0.20481927710843373,Afatinib,0.23728813559322037,0.7951807228915663,0.8556728821896987,0.5274465111053225,0.88,0.9102883320329415,0.5274465111053225,0.7933519313319907,0.9102883320329415,0.382841820927619,0.617158179072381,0.08309460114361078,9.042787092200562,-0.09026883994836477,-0.2,0.5824982616544356,9.335016513906634,0.0,0.0,0.0,0.10355227615952374,0.0,0.10355227615952374,0.0,low,,9.23146423774711,True,pass,False,,0.9011345218800648,0.022690437601296597,0.22447325769854132,0.4189627228525122,0.6499189627228525,0.9189627228525121,0.8152350081037277,0.8006482982171799,0.527512155591572,0.6165316045380875,9.968031100616521,129,0.0,9.971302163192815,0,95,0,34,advance,CCOc1ccccc1-c1cc2c(N[C@H](CO)c3ccccc3)ncnc2[nH]1
COc1cncc(Cl)c1-c1cc2c(N[C@H](CO)c3ccccc3)ncnc2[nH]1,8.915675076096827,0.09873614576984906,0.4589094169713879,395.85,3.8274000000000017,95.94999999999999,3,6,4,6,0.15,0,0.0,3.055666666666667,False,,0,,0,,0,,0.7301587301587301,0.6612857186205799,0.9296103974919634,0.27586206896551724,Osimertinib,0.2698412698412699,0.7241379310344828,0.7848034669853123,0.5848745383086222,1.0,0.8782422808775933,0.5848745383086222,0.811980071542882,1.0,0.41512546169137776,0.5848745383086222,-0.0362354727434262,8.767570857442053,0.015559416971387838,-0.0,0.5710725501119072,9.354202824525348,0.0,0.0,0.0,0.1439068271142222,0.0,0.1439068271142222,0.0,low,,9.210295997411126,True,pass,False,,0.7552674230145867,0.39708265802269044,0.29821717990275526,0.5761750405186385,0.5996758508914101,0.766612641815235,0.8152350081037277,0.779578606158833,0.5792544570502431,0.6307131280388979,10.04930817298564,107,0.0,9.967151751057804,0,96,0,11,advance,COc1cnccc1-c1cc2c(N[C@H](CO)c3ccccc3)ncnc2[nH]1
OCc1ccc(-c2cc3c(N[C@H](CO)c4ccccc4)ncnc3[nH]2)cc1F,9.183203210197846,0.037462587503672054,0.4125713732623113,378.40700000000004,3.4018000000000006,94.06,4,5,4,6,0.14285714285714285,0,0.0,2.9393800000000003,False,,0,,0,,0,,1.0,0.8153647645157079,1.0,0.22784810126582278,Afatinib,0.0,0.7721518987341772,0.8945769912968909,0.5638611783711943,1.0,0.9430379746835443,0.5638611783711943,0.8503690360879074,1.0,0.4361388216288057,0.5638611783711943,0.05894394027864469,9.127009328942338,-0.01404991245197446,-0.0,0.28164556962025317,9.394604986110615,0.0,0.0,0.0,0.17017352703600713,0.0,0.17017352703600713,0.0,low,,9.224431459074607,True,pass,False,,0.9027552674230146,0.15964343598055106,0.4327390599675851,0.005672609400324149,0.8824959481361426,0.5996758508914101,0.8152350081037277,0.9756888168557536,0.5042139384116694,0.6171393841166937,9.999661712204619,121,0.0,9.96499872001464,0,97,0,24,advance,OCc1ccc(-c2cc3c(N[C@H](CO)c4ccccc4)ncnc3[nH]2)cc1
CCOc1c(F)cccc1-c1cc2c(N[C@H](CO)c3ccccc3)ncnc2[nH]1,9.10936793372935,0.1389428844713324,0.43657653119890333,392.434,4.308200000000003,83.06,3,5,4,7,0.18181818181818182,0,0.0,3.132893333333334,False,,0,,0,,0,,0.75,0.6713883690120704,0.9479788527492189,0.2625,Afatinib,0.25,0.7375,0.805081964302405,0.5696211947234995,1.0,0.8953591395619143,0.5696211947234995,0.8175155746469547,1.0,0.4303788052765005,0.5696211947234995,-0.01657814712606631,8.900953607022352,-0.015175650619278561,-0.0,0.5707447131873047,9.456522669590377,0.0,0.0,0.0584143267069986,0.16297350659562565,0.0,0.22138783330262424,0.0,low,,9.235134836287752,True,pass,False,,0.8460291734197731,0.24554294975688817,0.14748784440842788,0.47974068071312803,0.6474878444084279,0.6337115072933549,0.8152350081037277,0.6175040518638574,0.5478930307941653,0.5938816855753647,10.113994306543376,90,0.0,9.94779285897819,0,98,8,0,advance,CCOc1ccccc1-c1cc2c(N[C@H](CO)c3ccccc3)ncnc2[nH]1
CCOc1ccccc1-c1cc2c(N[C@H](CO)c3cccc(N)c3)ncnc2[nH]1,9.279443689438343,0.1049030765742693,0.35850834186981706,389.45900000000006,3.7513000000000005,109.07999999999998,4,6,4,7,0.18181818181818182,0,0.0,3.1130600000000004,False,,1,aniline,0,,0,,0.8421052631578947,0.7255001155276698,1.0,0.20238095238095238,Afatinib,0.1578947368421053,0.7976190476190477,0.8714287687575973,0.5274465111053225,0.88,0.9494047619047619,0.5274465111053225,0.8070700104419204,0.9494047619047619,0.4219582507994394,0.5780417492005606,0.08581167775423582,9.12208907457694,-0.09026883994836477,-0.2,0.5603383458646617,9.392158580493236,0.0,0.0,0.007354614861403937,0.15244781349929926,0.0,0.15980242836070319,0.0,low,,9.232356152132533,True,pass,False,,0.940032414910859,0.022690437601296597,0.22447325769854132,0.07860615883306321,0.8824959481361426,0.7115072933549432,0.8152350081037277,0.747163695299838,0.4769448946515397,0.5940032414910859,9.964492454075083,132,0.0,9.945160041921836,0,99,0,33,advance,CCOc1ccccc1-c1cc2c(N[C@H](CO)c3ccccc3)ncnc2[nH]1
[2H]C([2H])([2H])Oc1ccccc1-c1cc2c(N[C@H](CO)c3cccc(Cl)c3)ncnc2[nH]1,8.903491134834375,0.05339202648287639,0.4479100750875871,397.88030533400007,4.432400000000002,83.06,3,5,4,6,0.14285714285714285,0,0.0,3.069202035560001,False,,0,,0,,0,,0.8448275862068966,0.70437599984238,1.0,0.23333333333333334,Osimertinib,0.15517241379310343,0.7666666666666666,0.8134983651705804,0.5783043091612499,1.0,0.9416666666666667,0.5783043091612499,0.8333673352496243,1.0,0.42169569083875014,0.5783043091612499,-0.026491960105391787,8.823403095110061,0.001815484039301313,-0.0,0.5498275862068965,9.37504616535626,0.0,0.0,0.0,0.15211961354843767,0.0,0.15211961354843767,0.0,low,,9.222926551807822,True,pass,False,,0.7504051863857374,0.3192868719611021,0.28282009724473256,0.06320907617504051,0.8824959481361426,0.7179902755267423,0.8152350081037277,0.9351701782820098,0.4566045380875203,0.5959481361426255,9.922971611061284,142,0.0,9.938064315178973,0,100,0,42,advance,[2H]C([2H])([2H])Oc1ccccc1-c1cc2c(N[C@H](CO)c3ccccc3)ncnc2[nH]1
COc1cccc([C@@H](CO)Nc2ncnc3[nH]c(-c4ccccc4OC)cc23)c1,8.990293204266903,0.10023825799240421,0.44466944173762335,390.44300000000015,3.787600000000002,92.29,3,6,4,7,0.18181818181818182,0,0.0,3.1196200000000016,False,,0,,0,,0,,0.8545454545454545,0.7484028206772876,1.0,0.22727272727272727,Osimertinib,0.1454545454545455,0.7727272727272727,0.8024065204720429,0.5745828083403082,1.0,0.9431818181818181,0.5745828083403082,0.8300427867485423,1.0,0.42541719165969183,0.5745828083403082,-0.03684835503533257,8.839935817278297,-0.005091740080558686,-0.0,0.5472727272727274,9.382116804470465,0.0,0.0,0.00035738698860630913,0.1567714895746148,0.0,0.1571288765632211,0.0,low,,9.224987927907245,True,pass,False,,0.7990275526742301,0.28768233387358183,0.18071312803889789,0.03970826580226904,0.8824959481361426,0.6790923824959482,0.8152350081037277,0.7698541329011345,0.4521474878444084,0.5810777957860617,9.924693789883754,141,0.0,9.922281282850518,0,101,0,40,advance,COc1ccccc1-c1cc2c(N[C@H](CO)c3ccccc3)ncnc2[nH]1
COc1ccc(Cl)cc1-c1cc2c(N[C@H](CO)c3ccccc3)ncnc2[nH]1,8.944083935797796,0.11164429505925491,0.450228190287641,394.8620000000001,4.432400000000004,83.06,3,5,4,6,0.14285714285714285,0,0.0,3.049080000000001,False,,0,,0,,0,,0.8070175438596491,0.7309976698694414,1.0,0.2976190476190476,Osimertinib,0.19298245614035092,0.7023809523809523,0.7828699774079705,0.5803531969658948,1.0,0.9255952380952381,0.5803531969658948,0.8222046031172758,1.0,0.4196468030341052,0.5803531969658948,-0.05244616761240717,8.776617493208914,0.007151904573355178,-0.0,0.5475563909774436,9.331325788759713,0.0,0.0,0.017466442588882358,0.14955850379263147,0.0,0.16702494638151383,0.0,low,,9.1643008423782,True,pass,False,,0.7698541329011345,0.3557536466774716,0.31118314424635335,0.22204213938411668,0.8824959481361426,0.7350081037277147,0.8152350081037277,0.7212317666126418,0.5086709886547812,0.6169773095623986,9.94173097514545,138,0.0,9.904673613853078,0,102,0,36,advance,COc1ccccc1-c1cc2c(N[C@H](CO)c3ccccc3)ncnc2[nH]1
COCCOc1cnccc1-c1[nH]c2c(c1Nc1cccc(Br)c1C)C(=O)NCC2,9.00736100197156,0.12182840033259558,0.4498711227318073,471.3550000000002,4.202320000000002,88.27000000000001,3,5,4,7,0.2727272727272727,0,0.0,3.3090333333333346,False,,0,,0,,0,,0.8235294117647058,0.7661297852474324,1.0,0.14893617021276595,Afatinib,0.17647058823529416,0.851063829787234,0.7915603702600731,0.5701586046819811,1.0,0.9627659574468085,0.5701586046819811,0.8311212330972156,1.0,0.4298413953180189,0.5701586046819811,-0.05274781711619014,8.824618401472668,-0.019211149995465592,-0.0,0.5847309136420525,9.390138165119255,0.0,0.0,0.03274260049889336,0.16230174414752363,0.0,0.19504434464641698,0.0,low,,9.195093820472838,True,pass,False,,0.8022690437601296,0.353322528363047,0.03727714748784441,0.15559157212317667,0.8824959481361426,0.6515397082658023,0.8152350081037277,0.6726094003241491,0.4683954619124797,0.5815235008103727,9.95221271941423,135,0.0,9.892922021445285,0,103,0,32,advance,COCCOc1cnccc1-c1[nH]c2c(c1Nc1cccc(F)c1C)C(=O)NCC2
CNc1cc2c(Nc3ccc(Cl)c(C(F)(F)F)c3)ncnc2cn1,8.26772535733326,0.10166307385482316,0.7264465867289771,353.735,4.482300000000001,62.730000000000004,2,5,3,3,0.13333333333333333,0,0.0,1.9249000000000003,False,,0,,0,,0,,0.660377358490566,0.6107944955114766,0.83780817365723,0.40298507462686567,Sunvozertinib,0.339622641509434,0.5970149253731343,0.6207671876349389,0.775511007316322,1.0,0.7776098615862062,0.6207671876349389,0.7934720141343667,1.0,0.3792328123650611,0.6207671876349389,-0.23027310199923723,8.115230746551026,0.4510449200623104,-0.0,0.5413867097054932,9.10766237631883,0.0,0.0,0.0024946107822347366,0.09904101545632642,0.0,0.10153562623856116,0.0,low,,9.006126750080268,True,pass,False,,0.5429497568881686,0.9286871961102107,0.9238249594813615,0.9035656401944895,0.3500810372771475,0.9205834683954619,0.8152350081037277,0.7617504051863857,0.7493517017828202,0.7316045380875202,10.006884418458213,119,0.0,9.884052195785292,0,104,0,15,advance,CNc1cc2c(Nc3cccc(C(F)(F)F)c3)ncnc2cn1
COc1ccccc1-c1cc2c(N[C@H](CO)c3cccc(Cl)c3)ncnc2[nH]1,8.862628628158221,0.0688716127571365,0.4502281902876411,394.862,4.432400000000002,83.06,3,5,4,6,0.14285714285714285,0,0.0,3.0490800000000005,False,,0,,0,,0,,0.8392857142857143,0.7360232890970596,1.0,0.26744186046511625,Osimertinib,0.1607142857142857,0.7325581395348837,0.7924470281095598,0.5803531969658949,1.0,0.9331395348837209,0.5803531969658949,0.826484939989794,1.0,0.41964680303410506,0.5803531969658949,-0.04538388250697878,8.759321209022517,0.007151904573355345,-0.0,0.5420888704318937,9.308561984027765,0.0,0.0,0.0,0.14955850379263136,0.0,0.14955850379263136,0.0,low,,9.159003480235134,True,pass,False,,0.7325769854132901,0.3646677471636953,0.3241491085899514,0.08914100486223663,0.8824959481361426,0.7406807131280388,0.8152350081037277,0.8849270664505673,0.4690437601296596,0.6038897893030793,9.871414496183357,152,0.0,9.883671227398828,0,105,0,47,advance,COc1ccccc1-c1cc2c(N[C@H](CO)c3ccccc3)ncnc2[nH]1
CCOc1ccc(F)cc1-c1cc2c(N[C@H](CO)c3ccccc3)ncnc2[nH]1,9.500323787220102,0.1680121694782111,0.43657653119890333,392.434,4.308200000000003,83.06,3,5,4,7,0.18181818181818182,0,0.0,3.132893333333334,False,,0,,0,,0,,0.8421052631578947,0.7201061440839893,1.0,0.23170731707317074,Afatinib,0.1578947368421053,0.7682926829268293,0.8824724281702778,0.5696211947234995,1.0,0.9420731707317074,0.5696211947234995,0.8485416984063712,1.0,0.4303788052765005,0.5696211947234995,0.04524097301854224,9.248305533002785,-0.015175650619278561,-0.0,0.5515404364569961,9.784670318840503,0.0,0.0,0.10201825421731664,0.16297350659562565,0.0,0.3774917608129423,0.15,low,uncertain_prediction,9.40717855802756,True,pass,False,,0.9951377633711507,0.24554294975688817,0.14748784440842788,0.07860615883306321,0.8824959481361426,0.6337115072933549,0.49027552674230146,0.5072933549432739,0.5347649918962724,0.5839951377633712,10.42638830911603,20,0.0,9.882972723343606,0,106,86,0,advance,CCOc1ccccc1-c1cc2c(N[C@H](CO)c3ccccc3)ncnc2[nH]1
CCOc1cccc(Cl)c1-c1cc2c(N[C@H](CO)c3ccccc3)ncnc2[nH]1,9.01698643938902,0.0876151097506473,0.40794403699732046,408.889,4.822500000000004,83.06,3,5,4,7,0.18181818181818182,0,0.0,3.2425933333333337,False,,0,,0,,0,,0.75,0.6609670743569048,0.9290310442852814,0.23595505617977527,Osimertinib,0.25,0.7640449438202247,0.817916033021802,0.5496540921433981,1.0,0.8877845191690172,0.5496540921433981,0.8138386610835544,1.0,0.4503459078566019,0.5496540921433981,0.005436495917663708,8.88556377476305,-0.06026314482086137,-0.0,0.5739712442173878,9.399271874159576,0.0,0.0,0.0,0.18793238482075236,0.0,0.18793238482075236,0.0,low,,9.211339489338823,True,pass,False,,0.813614262560778,0.11507293354943274,0.0640194489465154,0.47974068071312803,0.5972447325769854,0.546191247974068,0.8152350081037277,0.8152350081037277,0.49469205834683955,0.5523500810372771,9.992902344175782,123,0.0,9.874159586583556,0,107,0,16,advance,CCOc1ccccc1-c1cc2c(N[C@H](CO)c3ccccc3)ncnc2[nH]1
COCCOc1cnccc1-c1[nH]c2c(c1Nc1cc(Cl)cc(F)c1C)C(=O)NCC2,8.943258718072974,0.14603493525142738,0.474443582432354,444.8940000000002,4.232320000000002,88.27000000000001,3,5,4,7,0.2727272727272727,0,0.0,3.132626666666668,False,,0,,0,,0,,0.8,0.7407963664996272,1.0,0.22,Gefitinib,0.19999999999999996,0.78,0.7585902248422443,0.5904583293121537,1.0,0.9450000000000001,0.5904583293121537,0.8235121385385995,1.0,0.4095416706878463,0.5904583293121537,-0.08656255159514037,8.724206315195833,0.03182230970508114,-0.0,0.574,9.330028624900914,0.0,0.0,0.06905240287714107,0.13692708835980788,0.0,0.20597949123694895,0.0,low,,9.124049133663965,True,pass,False,,0.7682333873581848,0.4773095623987034,0.16045380875202594,0.2406807131280389,0.8824959481361426,0.7860615883306321,0.8152350081037277,0.5786061588330632,0.5133711507293355,0.6194894651539709,9.946074005776117,137,0.0,9.86743649184873,0,108,0,29,advance,COCCOc1cnccc1-c1[nH]c2c(c1Nc1cccc(F)c1C)C(=O)NCC2
Cc1cc(CO)ccc1-c1cc2c(N[C@H](CO)c3ccccc3)ncnc2[nH]1,9.492251772628318,0.20753910427152022,0.41391200859578575,374.444,3.5711200000000005,94.06,4,5,4,6,0.18181818181818182,0,0.0,2.91296,False,,0,,0,,0,,0.7796610169491526,0.7046145626971898,1.0,0.19753086419753085,Afatinib,0.22033898305084743,0.8024691358024691,0.8527855701670154,0.565614681650759,1.0,0.9506172839506173,0.565614681650759,0.842254383942098,1.0,0.434385318349241,0.565614681650759,0.014041581633223332,9.180943116221037,-0.004850173222396063,-0.0,0.5898932831136221,9.765986226112263,0.0,0.0,0.16130865640728032,0.16798164793655124,0.0,0.44179030434383154,0.15,low,uncertain_prediction,9.324195921768432,True,pass,False,,0.9918962722852512,0.17504051863857376,0.5388978930307942,0.3387358184764992,0.8824959481361426,0.606969205834684,0.49027552674230146,0.3679092382495948,0.6299432739059968,0.6279578606158833,10.52191815479946,9,0.0,9.852745354507492,0,109,100,0,advance,OCc1ccc(-c2cc3c(N[C@H](CO)c4ccccc4)ncnc3[nH]2)cc1
COc1c(-c2cc3c(N[C@H](C)c4ccccc4)ncnc3[nH]2)ccc(C(N)=O)c1N,8.990629302367788,0.06914411232907165,0.36507645702813596,402.4580000000002,3.4876999999999994,131.94,4,6,4,6,0.13636363636363635,0,0.0,3.0997200000000014,False,,1,aniline,0,,0,,0.6923076923076923,0.6112862137862137,0.8387022068840249,0.21978021978021978,Osimertinib,0.3076923076923077,0.7802197802197802,0.8242564469615968,0.5315720513654747,0.88,0.8240816002179636,0.5315720513654747,0.7649775246362587,0.88,0.3484279486345253,0.6515720513654747,0.07903856310045088,8.886913133874181,-0.0862451793355006,-0.2,0.5822030242484788,9.18287097878716,0.0,0.0,0.0,0.06053493579315665,0.0,0.06053493579315665,0.0,low,,9.122336042994002,True,pass,False,,0.8006482982171799,0.029173419773095625,0.24878444084278767,0.7706645056726094,0.3525121555915721,0.9578606158833063,0.8152350081037277,0.8833063209076175,0.5575769854132901,0.6032414910858995,9.851963361283108,160,0.0,9.846225832297081,0,110,0,50,advance,COc1cc(C(N)=O)ccc1-c1cc2c(N[C@H](C)c3ccccc3)ncnc2[nH]1
COc1cc(C(N)=O)c(F)cc1-c1cc2c(N[C@H](C)c3ccccc3)ncnc2[nH]1,8.949107587108692,0.12012696541330195,0.4488194178263119,405.4330000000001,4.044600000000002,105.91999999999999,3,5,4,6,0.13636363636363635,0,0.0,3.119553333333334,False,,0,,0,,0,,0.734375,0.6353222049689441,0.8824040090344437,0.28735632183908044,Osimertinib,0.265625,0.7126436781609196,0.7781880209878617,0.576867859291651,1.0,0.8399639263160628,0.576867859291651,0.7987549516488939,1.0,0.42313214070834904,0.576867859291651,-0.027422574214709616,8.768917138988739,-0.005477218537324557,-0.0,0.5539253557068868,9.317365276158302,0.0,0.0,0.030190448119952917,0.1539151758854363,0.0,0.1841056240053892,0.0,low,,9.133259652152914,True,pass,False,,0.7714748784440842,0.3411669367909238,0.2106969205834684,0.5640194489465153,0.4846029173419773,0.6944894651539708,0.8152350081037277,0.6823338735818476,0.5598055105348461,0.5936385737439223,9.989131888800117,124,0.0,9.84562594064562,0,111,0,13,advance,COc1cc(C(N)=O)ccc1-c1cc2c(N[C@H](C)c3ccccc3)ncnc2[nH]1
CNc1cc2c(Nc3ccc(C)c(C(F)(F)F)c3)ncnc2cn1,8.158299152876834,0.08010050061525896,0.7542240902317288,333.317,4.1373200000000026,62.730000000000004,2,5,3,3,0.1875,0,0.0,1.9000000000000001,False,,0,,0,,0,,0.6730769230769231,0.6165168244365962,0.8482124080665384,0.34782608695652173,Sunvozertinib,0.32692307692307687,0.6521739130434783,0.6085044377885273,0.7917463265505278,1.0,0.7992027843107734,0.6085044377885273,0.7998633871624571,1.0,0.39149556221147275,0.6085044377885273,-0.25514526583190644,8.038148401953945,0.4879740902317287,-0.0,0.5548206605450627,9.080943152730738,0.0,0.0,0.0,0.11436945276434095,0.0,0.11436945276434095,0.0,low,,8.966573699966396,True,pass,False,,0.5040518638573744,0.9692058346839546,0.9643435980551054,0.8565640194489466,0.3841166936790924,0.8914100486223663,0.8152350081037277,0.8508914100486223,0.7366288492706645,0.7303079416531604,9.964897771855535,131,0.0,9.842943229950189,0,112,0,19,advance,CNc1cc2c(Nc3cccc(C(F)(F)F)c3)ncnc2cn1
[2H]C([2H])([2H])Oc1ccc(Cl)cc1-c1cc2c(N[C@H](CO)c3ccccc3)ncnc2[nH]1,8.964598581035844,0.12871121791084736,0.44791007508758707,397.88030533400007,4.432400000000003,83.06,3,5,4,6,0.14285714285714285,0,0.0,3.069202035560001,False,,0,,0,,0,,0.8135593220338984,0.6968853987470011,0.9943370886309109,0.26136363636363635,Osimertinib,0.18644067796610164,0.7386363636363636,0.7760517927213678,0.5783043091612499,1.0,0.9304119073822741,0.5783043091612499,0.8211920023162229,1.0,0.42169569083875014,0.5783043091612499,-0.06018694612647357,8.771531754169573,0.0018154840393012576,-0.0,0.5540734863333825,9.327420724542257,0.0,0.0,0.04306682686627103,0.15211961354843767,0.0,0.1951864404147087,0.0,low,,9.132234284127549,True,pass,False,,0.7811993517017828,0.31280388978930307,0.28282009724473256,0.1952998379254457,0.7552674230145867,0.7179902755267423,0.8152350081037277,0.6564019448946515,0.49558346839546197,0.5907617504051863,9.922120886616812,143,0.0,9.841148384613772,0,113,0,30,advance,[2H]C([2H])([2H])Oc1ccccc1-c1cc2c(N[C@H](CO)c3ccccc3)ncnc2[nH]1
COCCOc1cnccc1-c1[nH]c2c(c1Nc1cc(OC)cc(F)c1C)C(=O)NCC2,8.918960806896331,0.13845135470925388,0.46341515758014057,440.47500000000025,3.5875200000000023,97.5,3,6,4,8,0.30434782608695654,0,0.0,3.203166666666668,False,,0,,0,,0,,0.7887323943661971,0.7399536860804466,1.0,0.1941747572815534,Gefitinib,0.21126760563380287,0.8058252427184466,0.7578242534276052,0.5816796187203593,1.0,0.9514563106796117,0.5816796187203593,0.8227400457068941,1.0,0.41832038127964066,0.5816796187203593,-0.08655438970571849,8.71128377483245,0.013374940188836018,-0.0,0.5868179953507453,9.311476710372032,0.0,0.0,0.057677032063880807,0.14790047659955086,0.0,0.20557750866343166,0.0,low,,9.105899201708601,True,pass,False,,0.7568881685575365,0.40761750405186387,0.09481361426256078,0.29821717990275526,0.8824959481361426,0.7520259319286872,0.8152350081037277,0.6207455429497569,0.49598865478119936,0.6035251215559156,9.90666309610947,144,0.0,9.8301293475757,0,114,0,30,advance,COCCOc1cnccc1-c1[nH]c2c(c1Nc1cccc(F)c1C)C(=O)NCC2
COCCOc1cnccc1-c1[nH]c2c(c1Nc1ccc(Cl)c(F)c1C)C(=O)NCC2,8.817490821724975,0.1216518915297465,0.474443582432354,444.8940000000002,4.232320000000002,88.27000000000001,3,5,4,7,0.2727272727272727,0,0.0,3.132626666666668,False,,0,,0,,0,,0.7857142857142857,0.7293735385284681,1.0,0.19801980198019803,Gefitinib,0.2142857142857143,0.801980198019802,0.7442163813604213,0.5904583293121537,1.0,0.9504950495049505,0.5904583293121537,0.8212924400443814,1.0,0.4095416706878463,0.5904583293121537,-0.10276807824528,8.635012984430356,0.03182230970508114,-0.0,0.587022630834512,9.25385792496995,0.0,0.0,0.032477837294619734,0.13692708835980788,0.0,0.1694049256544276,0.0,low,,9.084452999315522,True,pass,False,,0.7277147487844409,0.4773095623987034,0.16045380875202594,0.31523500810372773,0.8824959481361426,0.7860615883306321,0.8152350081037277,0.6758508914100486,0.5100486223662885,0.6196515397082657,9.865916271809496,155,0.0,9.82803484696544,0,115,0,40,advance,COCCOc1cnccc1-c1[nH]c2c(c1Nc1cccc(F)c1C)C(=O)NCC2
COc1c(-c2cc3c(N[C@H](CO)c4ccccc4)ncnc3[nH]2)ccnc1N,9.032446494429548,0.14720595080144036,0.40802285415182615,376.4200000000001,2.756199999999999,121.97,4,7,4,6,0.15,0,0.0,2.926133333333334,False,,1,aniline,0,,0,,0.7258064516129032,0.6842943794556697,0.9714443262830358,0.2111111111111111,Osimertinib,0.27419354838709675,0.7888888888888889,0.7800674580463788,0.5618689800399146,0.88,0.925805466934499,0.5618689800399146,0.7869354762551981,0.925805466934499,0.36393648689458447,0.6360635131054155,-0.009157357611759065,8.811637568227388,-0.015897145848173935,-0.2,0.6029148450116191,9.198655267390834,0.0,0.0,0.07080892620216053,0.0799206086182306,0.0,0.15072953482039114,0.0,low,,9.047925732570443,True,pass,False,,0.820097244732577,0.12884927066450566,0.46677471636953,0.6102106969205835,0.7106969205834684,0.9351701782820098,0.8152350081037277,0.5705024311183144,0.5868719611021069,0.6476904376012965,9.902901620713362,145,0.0,9.825154257691999,0,116,0,29,advance,COc1cnccc1-c1cc2c(N[C@H](CO)c3ccccc3)ncnc2[nH]1
[2H]C([2H])([2H])Oc1ccc(F)cc1-c1cc2c(N[C@H](CO)c3ccccc3)ncnc2[nH]1,9.29505501268178,0.16987524870420276,0.4715375210917332,381.42530533400003,3.9181000000000026,83.06,3,5,4,6,0.14285714285714285,0,0.0,2.9595020355600004,False,,0,,0,,0,,0.8448275862068966,0.71413469300757,1.0,0.23333333333333334,Osimertinib,0.15517241379310343,0.7666666666666666,0.8298510790775032,0.595518635232761,1.0,0.9416666666666667,0.595518635232761,0.8417590952442326,1.0,0.40448136476723895,0.595518635232761,-0.015877354888972683,9.040242139625477,0.04189793004344743,-0.0,0.5498275862068965,9.63196765587582,0.0,0.0,0.10481287305630413,0.1306017059590487,0.0,0.34791457901535283,0.15,low,uncertain_prediction,9.284053076860468,True,pass,False,,0.9481361426256077,0.4351701782820097,0.38492706645056723,0.06320907617504051,0.8824959481361426,0.8119935170178282,0.49027552674230146,0.49756888168557534,0.5840761750405186,0.6378849270664505,10.332859065924444,42,0.0,9.824514989340209,0,117,75,0,advance,[2H]C([2H])([2H])Oc1ccccc1-c1cc2c(N[C@H](CO)c3ccccc3)ncnc2[nH]1
COc1cncc(N)c1-c1cc2c(N[C@H](CO)c3ccccc3)ncnc2[nH]1,8.988056161528036,0.1337177719887713,0.40802285415182615,376.42,2.7562000000000006,121.97,4,7,4,6,0.15,0,0.0,2.9261333333333335,False,,1,aniline,0,,0,,0.7419354838709677,0.6712513086020063,0.9477296520036478,0.23595505617977527,Osimertinib,0.25806451612903225,0.7640449438202247,0.778411599989869,0.5618689800399146,0.88,0.901808474957792,0.5618689800399146,0.7805222637468939,0.901808474957792,0.33993949491787745,0.6600605050821226,-0.0028142183426999035,8.787479503544878,-0.01589714584817388,-0.2,0.5822749284050439,9.153857286101749,0.0,0.0,0.05057665798315694,0.049924368647346826,0.0,0.10050102663050377,0.0,low,,9.053356259471245,True,pass,False,,0.7974068071312804,0.12884927066450566,0.47244732576985415,0.5210696920583469,0.6442463533225283,0.9627228525121556,0.8152350081037277,0.6434359805510534,0.5596839546191248,0.6322933549432738,9.825478031644698,166,0.0,9.812108285403173,0,118,0,48,advance,COc1cnccc1-c1cc2c(N[C@H](CO)c3ccccc3)ncnc2[nH]1
COc1c(C(N)=O)ccc(-c2cc3c(N[C@H](C)c4ccccc4)ncnc3[nH]2)c1OC,8.928465112643927,0.08140847229386704,0.4198591331256397,417.4690000000001,3.914100000000002,115.14999999999999,3,6,4,7,0.17391304347826086,0,0.0,3.299793333333334,False,,0,,0,,0,,0.7142857142857143,0.6304816684738411,0.873603033588802,0.2247191011235955,Osimertinib,0.2857142857142857,0.7752808988764045,0.8001303475552749,0.5540073950139737,1.0,0.8490224999107026,0.5540073950139737,0.8007900606199878,1.0,0.44599260498602633,0.5540073950139737,-0.0008796174196171735,8.806352404203126,-0.0577185625265343,-0.0,0.5795564566315504,9.328190298308142,0.0,0.0,0.0,0.1824907562325329,0.0,0.1824907562325329,0.0,low,,9.14569954207561,True,pass,False,,0.7617504051863857,0.18881685575364668,0.04862236628849271,0.6742301458670988,0.4505672609400324,0.5737439222042139,0.8152350081037277,0.8427876823338736,0.5226904376012966,0.555226904376013,9.955418823429698,134,0.0,9.811971827326825,0,119,0,15,advance,COc1cc(C(N)=O)ccc1-c1cc2c(N[C@H](C)c3ccccc3)ncnc2[nH]1
CCOc1c(Cl)cccc1-c1cc2c(N[C@H](CO)c3ccccc3)ncnc2[nH]1,9.045052790241032,0.128655232112103,0.40794403699732046,408.88900000000007,4.822500000000004,83.06,3,5,4,7,0.18181818181818182,0,0.0,3.242593333333334,False,,0,,0,,0,,0.75,0.6713883690120704,0.9479788527492189,0.2222222222222222,Osimertinib,0.25,0.7777777777777778,0.7962045350817859,0.5496540921433981,1.0,0.9054285840063586,0.5496540921433981,0.8128218028078856,1.0,0.4503459078566019,0.5496540921433981,-0.022156356968133006,8.852069942072877,-0.060263144820861425,-0.0,0.582828046520638,9.374634843772652,0.0,0.0,0.042982848168154494,0.18793238482075236,0.0,0.23091523298890687,0.0,low,,9.143719610783744,True,pass,False,,0.8233387358184765,0.11507293354943274,0.05753646677471637,0.47974068071312803,0.6474878444084279,0.546191247974068,0.8152350081037277,0.6580226904376013,0.49809562398703405,0.5517828200972448,9.972349592557093,128,0.0,9.805858994900438,0,120,0,8,advance,CCOc1ccccc1-c1cc2c(N[C@H](CO)c3ccccc3)ncnc2[nH]1
COc1cc(C(N)=O)ccc1-c1cc2c(N[C@H](C)c3cccc(F)c3)ncnc2[nH]1,8.840761002540669,0.052612841053931235,0.4488194178263119,405.43300000000005,4.044600000000002,105.91999999999999,3,5,4,6,0.13636363636363635,0,0.0,3.119553333333334,False,,0,,0,,0,,0.8225806451612904,0.654464723655052,0.9172085884637309,0.26666666666666666,Osimertinib,0.17741935483870963,0.7333333333333334,0.7983612618974153,0.576867859291651,1.0,0.8712397746811316,0.576867859291651,0.8116172239675494,1.0,0.42313214070834904,0.576867859291651,-0.017674616093512174,8.761841740959772,-0.005477218537324557,-0.0,0.529140856793352,9.2855053792158,0.0,0.0,0.0,0.1539151758854363,0.0,0.1539151758854363,0.0,low,,9.131590203330365,True,pass,False,,0.7293354943273906,0.3411669367909238,0.2106969205834684,0.15964343598055106,0.5640194489465153,0.6944894651539708,0.8152350081037277,0.940032414910859,0.45996758508914104,0.561385737439222,9.83746648132277,164,0.0,9.805253088257432,0,121,0,43,advance,COc1cc(C(N)=O)ccc1-c1cc2c(N[C@H](C)c3ccccc3)ncnc2[nH]1
COc1c(-c2cc3c(N[C@H](C)c4ccccc4)ncnc3[nH]2)ccc(C(N)=O)c1Cl,8.868871650794773,0.059495294524714616,0.42286258411497757,421.88800000000015,4.558900000000001,105.91999999999999,3,5,4,6,0.13636363636363635,0,0.0,3.229253333333334,False,,0,,0,,0,,0.6818181818181818,0.6021206584040303,0.8220375607346004,0.24444444444444444,Osimertinib,0.31818181818181823,0.7555555555555555,0.800571206531393,0.5583723699811864,1.0,0.8054170594398392,0.5583723699811864,0.7910901589881046,1.0,0.44162763001881356,0.5583723699811864,0.012641396724384468,8.779628709007701,-0.047889052248658893,-0.0,0.575357875032135,9.307097531791177,0.0,0.0,0.0,0.17703453752351694,0.0,0.17703453752351694,0.0,low,,9.13006299426766,True,pass,False,,0.7374392220421394,0.2034035656401945,0.0713128038897893,0.8217179902755267,0.3038897893030794,0.5834683954619124,0.8152350081037277,0.9222042139384117,0.5475688816855754,0.5574149108589951,9.964180189813867,133,0.0,9.798960887298454,0,122,0,11,advance,COc1cc(C(N)=O)ccc1-c1cc2c(N[C@H](C)c3ccccc3)ncnc2[nH]1
Cc1cccc([C@@H](CO)Nc2ncnc3[nH]c(-c4ccc(CO)cc4)cc23)c1,8.863314771393544,0.107066074253786,0.41391200859578564,374.44400000000013,3.5711200000000014,94.06,4,5,4,6,0.18181818181818182,0,0.0,2.912960000000001,False,,0,,0,,0,,0.7962962962962963,0.6803778679056294,0.9643233961920533,0.18292682926829268,Afatinib,0.20370370370370372,0.8170731707317074,0.7658824408707356,0.565614681650759,1.0,0.9275108398269669,0.565614681650759,0.8147519905871154,1.0,0.434385318349241,0.565614681650759,-0.0651593996218397,8.702715660012865,-0.004850173222396285,-0.0,0.5778694669341922,9.275734953724662,0.0,0.0,0.010599111380678997,0.16798164793655124,0.0,0.17858075931723022,0.0,low,,9.097154194407432,True,pass,False,,0.7341977309562399,0.16774716369529985,0.5194489465153971,0.26580226904376014,0.6871961102106969,0.606969205834684,0.8152350081037277,0.7341977309562399,0.4950162074554295,0.5715964343598056,9.869754402671177,154,0.0,9.7830699156392,0,123,0,31,advance,OCc1ccc(-c2cc3c(N[C@H](CO)c4ccccc4)ncnc3[nH]2)cc1
COc1cc(C(N)=O)cc(Cl)c1-c1cc2c(N[C@H](C)c3ccccc3)ncnc2[nH]1,8.793349677273184,0.013337914169823923,0.42286258411497757,421.8880000000001,4.558900000000002,105.91999999999999,3,5,4,6,0.13636363636363635,0,0.0,3.229253333333334,False,,0,,0,,0,,0.734375,0.65453688274385,0.9173397868069999,0.28735632183908044,Osimertinib,0.265625,0.7126436781609196,0.8140008793994193,0.5583723699811864,1.0,0.8661657596454797,0.5583723699811864,0.8096347522565213,1.0,0.44162763001881356,0.5583723699811864,0.005821502857197403,8.773342806018448,-0.047889052248658893,-0.0,0.5626593001500259,9.288113053919815,0.0,0.0,0.0,0.17703453752351694,0.0,0.17703453752351694,0.0,low,,9.111078516396299,True,pass,False,,0.7179902755267423,0.2034035656401945,0.0713128038897893,0.5640194489465153,0.56645056726094,0.5834683954619124,0.8152350081037277,0.9967585089141004,0.4872771474878444,0.5557941653160453,9.872845630905228,151,0.0,9.778031514775554,0,124,0,27,advance,COc1cc(C(N)=O)ccc1-c1cc2c(N[C@H](C)c3ccccc3)ncnc2[nH]1
OCc1ccc(-c2cc3c(N[C@H](CO)c4cccc(Cl)c4)ncnc3[nH]2)cc1,8.887253806504695,0.07272288976974357,0.39745874990788893,394.862,3.916100000000003,94.06,4,5,4,6,0.14285714285714285,0,0.0,3.0490800000000005,False,,0,,0,,0,,0.8113207547169812,0.6857907300946221,0.9741649638084037,0.2073170731707317,Sunvozertinib,0.18867924528301883,0.7926829268292683,0.7959074287873533,0.5513300047570313,1.0,0.9287944545636198,0.5513300047570313,0.8190079720270012,1.0,0.4486699952429687,0.5513300047570313,-0.030800724319530293,8.77816947185008,-0.04561753580639683,-0.0,0.5662517793782399,9.298803715421922,0.0,0.0,0.0,0.18583749405371086,0.0,0.18583749405371086,0.0,low,,9.112966221368211,True,pass,False,,0.747163695299838,0.10210696920583469,0.3241491085899514,0.20502431118314424,0.7179902755267423,0.5640194489465153,0.8152350081037277,0.8719611021069692,0.4462722852512156,0.5457050243111831,9.83433045772338,165,0.0,9.767812250541631,0,125,0,40,advance,OCc1ccc(-c2cc3c(N[C@H](CO)c4ccccc4)ncnc3[nH]2)cc1
CCOc1ccccc1-c1cc2c(N[C@H](CF)c3ccccc3)ncnc2[nH]1,9.346479510146755,0.05493733327077972,0.46838820348573496,376.435,5.146300000000004,62.83,2,4,4,7,0.18181818181818182,1,0.45,3.0262333333333333,False,,0,,0,,0,,0.8181818181818182,0.7421096580608537,1.0,0.23076923076923078,Afatinib,0.18181818181818177,0.7692307692307692,0.9231637442471431,0.5412199221735645,1.0,0.9423076923076923,0.5412199221735645,0.8516728396821001,1.0,0.4587800778264355,0.5412199221735645,0.09532120608672423,9.264073510240586,-0.6673649783324468,-0.0,0.5625874125874125,9.15929594449555,0.0,0.0,0.0,0.19847509728304435,0.0,0.19847509728304435,0.0,low,,8.960820847212506,True,pass,False,,0.9611021069692058,0.413290113452188,0.33225283630470015,0.18557536466774716,0.8824959481361426,0.5040518638573744,0.8152350081037277,0.93354943273906,0.6021069692058346,0.6689627228525121,9.881824307542551,149,0.0,9.763576114635521,0,126,0,23,advance,CCOc1ccccc1-c1cc2c(N[C@H](CO)c3ccccc3)ncnc2[nH]1
CCOc1c(N)cccc1-c1cc2c(N[C@H](CO)c3ccccc3)ncnc2[nH]1,9.181096748900375,0.14570356064044346,0.35850834186981706,389.45900000000006,3.7513000000000014,109.08000000000001,4,6,4,7,0.18181818181818182,0,0.0,3.1130600000000004,False,,1,aniline,0,,0,,0.7758620689655172,0.6938141794976874,0.9887530536321588,0.2073170731707317,Afatinib,0.22413793103448276,0.7926829268292683,0.8182816947767833,0.5274465111053225,0.88,0.9397355219314363,0.5274465111053225,0.7913659319533854,0.9397355219314363,0.4122890108261138,0.5877109891738862,0.03588768376453033,8.96254140793971,-0.09026883994836477,-0.2,0.5858552104223375,9.258127778413684,0.0,0.0,0.06855534096066518,0.14036126353264228,0.0,0.20891660449330746,0.0,low,,9.049211173920376,True,pass,False,,0.899513776337115,0.022690437601296597,0.22447325769854132,0.3565640194489465,0.7423014586709886,0.7763371150729336,0.8152350081037277,0.580226904376013,0.5143030794165315,0.5937601296596435,9.87529147371352,150,0.0,9.761723329511948,0,127,0,23,advance,CCOc1ccccc1-c1cc2c(N[C@H](CO)c3ccccc3)ncnc2[nH]1
COC(C)(C)COc1cnc(C)cc1-c1[nH]c2c(c1Nc1cccc(F)c1C)C(=O)NCC2,8.779555655773116,0.1259159508393067,0.4850605147304438,452.5300000000002,4.665940000000003,88.27000000000001,3,5,4,7,0.36,0,0.0,3.183533333333335,False,,0,,0,,0,,0.8194444444444444,0.7082794982794983,1.0,0.19148936170212766,Afatinib,0.18055555555555558,0.8085106382978724,0.7317477483557643,0.5943396933581543,1.0,0.9521276595744681,0.5943396933581543,0.8195537753220967,1.0,0.4056603066418457,0.5943396933581543,-0.11707470262177655,8.590681729514156,0.04353051473044358,-0.0,0.5738031914893618,9.20801543573396,0.0,0.0,0.03887392625896005,0.13207538330230717,0.0,0.17094930956126722,0.0,low,,9.037066126172693,True,pass,False,,0.7098865478119936,0.5210696920583469,0.11912479740680713,0.18071312803889789,0.8824959481361426,0.7957860615883307,0.8152350081037277,0.6612641815235009,0.47767423014586713,0.6035251215559156,9.781224511909,168,0.0,9.761296272039791,0,128,0,40,advance,COC(C)(C)COc1cnccc1-c1[nH]c2c(c1Nc1cccc(F)c1C)C(=O)NCC2
COc1c(-c2cc3c(N[C@H](CO)c4ccccc4)ncnc3[nH]2)ccnc1F,9.175699515479481,0.1523738873274913,0.4449607272525235,379.39500000000004,3.3131000000000004,95.95,3,6,4,6,0.15,0,0.0,2.945966666666667,False,,0,,0,,0,,0.7142857142857143,0.6735187797175503,0.9518523267591822,0.24691358024691357,Afatinib,0.2857142857142857,0.7530864197530864,0.8122631577406264,0.5814219897324777,1.0,0.9021608500076583,0.5814219897324777,0.8239614993701906,1.0,0.4185780102675223,0.5814219897324777,-0.01559778883941898,8.947138684488245,0.018065727252523464,-0.0,0.59246043618715,9.557664847927917,0.0,0.0,0.07856083099123694,0.14822251283440285,0.0,0.3392833438256398,0.15,low,uncertain_prediction,9.218381504102277,True,pass,False,,0.8946515397082658,0.30307941653160453,0.3987034035656402,0.6742301458670988,0.660453808752026,0.7447325769854133,0.49027552674230146,0.5591572123176661,0.6578606158833064,0.6386547811993518,10.347097586987886,36,0.0,9.7597672415415,0,129,93,0,advance,COc1cnccc1-c1cc2c(N[C@H](CO)c3ccccc3)ncnc2[nH]1
[2H]C([2H])([2H])Oc1cc(F)ccc1-c1cc2c(N[C@H](CO)c3ccccc3)ncnc2[nH]1,9.415730260116957,0.2335718902322188,0.4715375210917332,381.42530533400003,3.9181000000000026,83.06,3,5,4,6,0.14285714285714285,0,0.0,2.9595020355600004,False,,0,,0,,0,,0.8448275862068966,0.741964433948168,1.0,0.23333333333333334,Osimertinib,0.15517241379310343,0.7666666666666666,0.8154322418666862,0.595518635232761,1.0,0.9416666666666667,0.595518635232761,0.8381543859415284,1.0,0.40448136476723895,0.595518635232761,-0.03029619209978973,9.06537242476863,0.04189793004344743,-0.0,0.5498275862068965,9.657097941018973,0.0,0.0,0.20035783534832818,0.1306017059590487,0.0,0.44345954130737686,0.15,low,uncertain_prediction,9.213638399711597,True,pass,False,,0.9805510534846029,0.4351701782820097,0.38492706645056723,0.06320907617504051,0.8824959481361426,0.8119935170178282,0.49027552674230146,0.31442463533225284,0.5986628849270664,0.6384521880064831,10.375493402931452,31,0.0,9.754781025319376,0,130,99,0,advance,[2H]C([2H])([2H])Oc1ccccc1-c1cc2c(N[C@H](CO)c3ccccc3)ncnc2[nH]1
CN(C)c1ncc2ncnc(Nc3cccc(Br)c3)c2n1,8.790629054526496,0.1689666558693252,0.7872334360852137,345.20400000000006,2.9919000000000002,66.83000000000001,1,6,3,3,0.14285714285714285,0,0.0,1.9000000000000001,False,,0,,0,,0,,1.0,0.7754233608336951,1.0,0.2753623188405797,Afatinib,0.0,0.7246376811594203,0.7043806045230965,0.8099014667699445,1.0,0.9311594202898551,0.7043806045230965,0.861360372895724,1.0,0.2956193954769035,0.7043806045230965,-0.20930635783017004,8.537179070722509,0.5165191503709279,-0.0,0.26739130434782604,9.321089525441264,0.0,0.0,0.10344998380398777,0.0,0.0,0.21594998380398778,0.15,low,uncertain_prediction,9.105139541637277,True,pass,False,,0.7147487844408428,0.9959481361426256,0.9643435980551054,0.005672609400324149,0.8824959481361426,0.9902755267423015,0.49027552674230146,0.5008103727714749,0.6666126418152349,0.7221636952998377,10.121024695619546,87,0.0,9.746735975997082,0,131,44,0,advance,CNc1ncc2ncnc(Nc3cccc(Br)c3)c2n1
OCc1ccc(-c2cc3c(N[C@H](CO)c4ccccc4)ncnc3[nH]2)cc1Cl,8.982844181352847,0.14044479835942836,0.39745874990788893,394.8620000000001,3.916100000000001,94.06,4,5,4,6,0.14285714285714285,0,0.0,3.049080000000001,False,,0,,0,,0,,0.7894736842105263,0.74272118976687,1.0,0.20481927710843373,Sunvozertinib,0.21052631578947367,0.7951807228915663,0.7723996864866121,0.5513300047570312,1.0,0.9487951807228916,0.5513300047570312,0.8181312179916338,1.0,0.4486699952429688,0.5513300047570312,-0.06097537534002884,8.772176983813704,-0.04561753580639689,-0.0,0.583291058972733,9.309850506980041,0.0,0.0,0.06066719753914253,0.18583749405371103,0.0,0.24650469159285354,0.0,low,,9.063345815387187,True,pass,False,,0.7909238249594813,0.10210696920583469,0.31118314424635335,0.2884927066450567,0.8824959481361426,0.559967585089141,0.8152350081037277,0.6077795786061588,0.48071312803889793,0.5687196110210696,9.886706260626719,147,0.0,9.74580934861247,0,132,0,15,advance,OCc1ccc(-c2cc3c(N[C@H](CO)c4ccccc4)ncnc3[nH]2)cc1
COc1cc(C(N)=O)c(N)cc1-c1cc2c(N[C@H](C)c3ccccc3)ncnc2[nH]1,8.976574158427201,0.10126338640203388,0.36507645702813607,402.4580000000001,3.487700000000001,131.94,4,6,4,6,0.13636363636363635,0,0.0,3.0997200000000005,False,,1,aniline,0,,0,,0.746031746031746,0.6421083890545465,0.8947425255537208,0.24719101123595505,Osimertinib,0.25396825396825395,0.752808988764045,0.7982591691253766,0.5315720513654749,0.88,0.8592591413563018,0.5315720513654749,0.7672725904617883,0.88,0.3484279486345251,0.6515720513654749,0.041315438218117784,8.82467907882415,-0.08624517933550033,-0.2,0.563814042303358,9.102247941792008,0.0,0.0,0.0018950796030508046,0.06053493579315637,0.0,0.06243001539620718,0.0,low,,9.0398179263958,True,pass,False,,0.7876823338735819,0.03403565640194489,0.2552674230145867,0.49189627228525123,0.5032414910858996,0.960291734197731,0.8152350081037277,0.7633711507293355,0.4979335494327391,0.5821717990275527,9.699768201111295,183,0.0,9.738424085228864,0,133,0,50,advance,COc1cc(C(N)=O)ccc1-c1cc2c(N[C@H](C)c3ccccc3)ncnc2[nH]1
COc1cc(C(N)=O)c(Cl)cc1-c1cc2c(N[C@H](C)c3ccccc3)ncnc2[nH]1,8.873760679210305,0.0761763147314259,0.42286258411497757,421.8880000000001,4.558900000000002,105.91999999999999,3,5,4,6,0.13636363636363635,0,0.0,3.229253333333334,False,,0,,0,,0,,0.746031746031746,0.6421083890545465,0.8947425255537208,0.29069767441860467,Osimertinib,0.25396825396825395,0.7093023255813953,0.7901167494905781,0.5583723699811864,1.0,0.8483824755606394,0.5583723699811864,0.799217898758101,1.0,0.44162763001881356,0.5583723699811864,-0.012134865690030527,8.759496207113166,-0.047889052248658893,-0.0,0.550762043348563,9.26236919821307,0.0,0.0,0.0,0.17703453752351694,0.0,0.17703453752351694,0.0,low,,9.085334660689554,True,pass,False,,0.7406807131280388,0.2034035656401945,0.0713128038897893,0.49189627228525123,0.5032414910858996,0.5834683954619124,0.8152350081037277,0.8573743922204214,0.483063209076175,0.5420988654781199,9.842045049104481,161,0.0,9.735853299263297,0,134,0,27,advance,COc1cc(C(N)=O)ccc1-c1cc2c(N[C@H](C)c3ccccc3)ncnc2[nH]1
COc1cnccc1-c1cc2c(N[C@H](CO)c3cccc(Cl)c3)ncnc2[nH]1,8.761207149273469,0.08309876426868615,0.45890941697138776,395.8500000000001,3.8274000000000017,95.94999999999999,3,6,4,6,0.15,0,0.0,3.055666666666667,False,,0,,0,,0,,0.8333333333333334,0.6731600116747701,0.9512000212268547,0.25842696629213485,Osimertinib,0.16666666666666663,0.7415730337078652,0.7571326523302869,0.5848745383086222,1.0,0.8987932743471073,0.5848745383086222,0.8102001162465041,1.0,0.41512546169137776,0.5848745383086222,-0.07075661855495619,8.63655900287044,0.015559416971387727,-0.0,0.5352719154190732,9.1873903352609,0.0,0.0,0.0,0.1439068271142222,0.0,0.1439068271142222,0.0,low,,9.043483508146679,True,pass,False,,0.700162074554295,0.39303079416531606,0.29821717990275526,0.1053484602917342,0.6564019448946515,0.766612641815235,0.8152350081037277,0.833063209076175,0.4594813614262561,0.5748379254457051,9.738767968972407,174,0.0,9.733289018681525,0,135,0,39,advance,COc1cnccc1-c1cc2c(N[C@H](CO)c3ccccc3)ncnc2[nH]1
COc1cc(C(N)=O)cc(F)c1-c1cc2c(N[C@H](C)c3ccccc3)ncnc2[nH]1,8.843971285809454,0.12544483878946203,0.4488194178263119,405.4330000000001,4.044600000000002,105.91999999999999,3,5,4,6,0.13636363636363635,0,0.0,3.119553333333334,False,,0,,0,,0,,0.734375,0.65453688274385,0.9173397868069999,0.28735632183908044,Osimertinib,0.265625,0.7126436781609196,0.7481814342997402,0.576867859291651,1.0,0.8661657596454797,0.576867859291651,0.7978037633092177,1.0,0.42313214070834904,0.576867859291651,-0.06616310534597003,8.655804027625262,-0.005477218537324557,-0.0,0.5626593001500259,9.212986109237963,0.0,0.0,0.03816725818419303,0.1539151758854363,0.0,0.19208243406962933,0.0,low,,9.020903675168334,True,pass,False,,0.7309562398703403,0.3411669367909238,0.2106969205834684,0.5640194489465153,0.56645056726094,0.6944894651539708,0.8152350081037277,0.6661264181523501,0.5415721231766613,0.5888573743922204,9.862872657049957,157,0.0,9.727532524438999,0,136,0,21,advance,COc1cc(C(N)=O)ccc1-c1cc2c(N[C@H](C)c3ccccc3)ncnc2[nH]1
COc1cc(F)ccc1-c1cc2c(N[C@H](CO)c3ccccc3)ncnc2[nH]1,9.389369982844258,0.2399110444742763,0.47369454718191295,378.40700000000004,3.9181000000000017,83.06,3,5,4,6,0.14285714285714285,0,0.0,2.9393800000000003,False,,0,,0,,0,,0.8392857142857143,0.7810577673692427,1.0,0.26744186046511625,Osimertinib,0.1607142857142857,0.7325581395348837,0.8044047645790711,0.5974789240269752,1.0,0.9331395348837209,0.5974789240269752,0.8337558058724418,1.0,0.4025210759730248,0.5974789240269752,-0.03913472172449428,9.029503416132844,0.047073261467627185,-0.0,0.5420888704318937,9.618665548032364,0.0,0.0,0.20986656671141446,0.128151344966281,0.0,0.45051791167769545,0.15,low,uncertain_prediction,9.16814763635467,True,pass,False,,0.9789303079416531,0.4683954619124797,0.4327390599675851,0.08914100486223663,0.8824959481361426,0.833063209076175,0.49027552674230146,0.29983792544570503,0.6169367909238248,0.6517017828200973,10.358989697140954,34,0.0,9.725189775738787,0,137,103,0,advance,COc1ccccc1-c1cc2c(N[C@H](CO)c3ccccc3)ncnc2[nH]1
COC(C)(C)COc1cnccc1-c1[nH]c2c(c1Nc1cccc(Cl)c1C)C(=O)NCC2,9.204057442223565,0.16480342504743498,0.47356934331056066,454.95800000000025,4.871820000000003,88.27000000000001,3,5,4,7,0.3333333333333333,0,0.0,3.199720000000002,False,,0,,0,,0,,0.8309859154929577,0.7520905471185378,1.0,0.15384615384615385,Osimertinib,0.16901408450704225,0.8461538461538461,0.8106519630226868,0.5873969849746545,1.0,0.9615384615384616,0.5873969849746545,0.8398968523839507,1.0,0.41260301502534547,0.5873969849746545,-0.03899318581501854,8.956852304652413,0.026944676643893724,-0.0,0.5799024918743229,9.56369947317063,0.0,0.0,0.09720513757115246,0.14075376878168183,0.0,0.3504589063528343,0.15,low,uncertain_prediction,9.213240566817795,True,pass,False,,0.9124797406807131,0.46029173419773095,0.10048622366288493,0.11426256077795786,0.8824959481361426,0.7747163695299838,0.49027552674230146,0.5186385737439222,0.5405996758508914,0.6049432739059967,10.2124190841917,69,0.0,9.714172495504991,0,138,69,0,advance,COC(C)(C)COc1cnccc1-c1[nH]c2c(c1Nc1cccc(F)c1C)C(=O)NCC2
COc1cccc([C@@H](CO)Nc2ncnc3[nH]c(-c4ccncc4OC)cc23)c1,8.883854508770122,0.11760285238888826,0.44425965533433504,391.43100000000015,3.1826000000000008,105.18,3,7,4,7,0.19047619047619047,0,0.0,3.126206666666668,False,,0,,0,,0,,0.847457627118644,0.6836589788978746,0.9702890525415901,0.21978021978021978,Osimertinib,0.15254237288135597,0.7802197802197802,0.7636416305203089,0.5741040924851664,1.0,0.9227717344611377,0.5741040924851664,0.8151293643666532,1.0,0.42589590751483364,0.5741040924851664,-0.06865031179512582,8.70745023018679,-0.005623725618046069,-0.0,0.5452822649979419,9.247108769566687,0.0,0.0,0.026404278583332386,0.15736988439354205,0.0,0.18377416297687443,0.0,low,,9.063334606589812,True,pass,False,,0.7455429497568882,0.2779578606158833,0.17017828200972449,0.051053484602917344,0.706645056726094,0.6709886547811994,0.8152350081037277,0.6936790923824959,0.4268233387358185,0.5414505672609401,9.75929677604967,170,0.0,9.71307528730294,0,139,0,31,advance,COc1cnccc1-c1cc2c(N[C@H](CO)c3ccccc3)ncnc2[nH]1
COc1ccc(F)cc1-c1cc2c(N[C@H](CO)c3ccccc3)ncnc2[nH]1,9.262563932644163,0.20470845615610872,0.47369454718191295,378.40700000000004,3.9181000000000017,83.06,3,5,4,6,0.14285714285714285,0,0.0,2.9393800000000003,False,,0,,0,,0,,0.8392857142857143,0.7468591825942434,1.0,0.26744186046511625,Osimertinib,0.1607142857142857,0.7325581395348837,0.7973450638517646,0.5974789240269752,1.0,0.9331395348837209,0.5974789240269752,0.8319908806906152,1.0,0.4025210759730248,0.5974789240269752,-0.04619442245180072,8.95550124841,0.047073261467627185,-0.0,0.5420888704318937,9.54466338030952,0.0,0.0,0.15706268423416309,0.128151344966281,0.0,0.3977140292004441,0.15,low,uncertain_prediction,9.146949351109077,True,pass,False,,0.9351701782820098,0.4683954619124797,0.4327390599675851,0.08914100486223663,0.8824959481361426,0.833063209076175,0.49027552674230146,0.3760129659643436,0.5972447325769854,0.642382495948136,10.261357059401902,59,0.0,9.69280834624684,0,140,81,0,advance,COc1ccccc1-c1cc2c(N[C@H](CO)c3ccccc3)ncnc2[nH]1
COc1cc(C(N)=O)ccc1-c1cc2c(N[C@H](C)c3cccc(C)c3)ncnc2[nH]1,8.793826497182023,0.10030703172026595,0.4486198580311708,401.4700000000001,4.2139200000000026,105.91999999999999,3,5,4,6,0.17391304347826086,0,0.0,3.093133333333334,False,,0,,0,,0,,0.8360655737704918,0.6613430712831201,0.9297146750602182,0.24175824175824176,Osimertinib,0.16393442622950816,0.7582417582417582,0.7532417020913196,0.5777742552504772,1.0,0.8868464458556032,0.5777742552504772,0.80446560079935,1.0,0.4222257447495228,0.5777742552504772,-0.0682985316107072,8.643365949601623,0.0020411623789968088,-0.0,0.5336716880408606,9.17907880002148,0.0,0.0,0.0004605475803989151,0.1527821809369035,0.0,0.15324272851730242,0.0,low,,9.025836071504179,True,pass,False,,0.7196110210696921,0.32982171799027554,0.26904376012965964,0.09562398703403566,0.6029173419773096,0.706645056726094,0.8152350081037277,0.7682333873581848,0.44927066450567266,0.5527147487844408,9.718203597428287,180,0.0,9.689093770045508,0,141,0,39,advance,COc1cc(C(N)=O)ccc1-c1cc2c(N[C@H](C)c3ccccc3)ncnc2[nH]1
CN(C)c1cc2c(Nc3cccc(C(F)(F)F)c3)ncnc2cn1,7.985683466027389,0.06713341640969298,0.7888269776219573,333.317,3.853200000000003,53.94,1,5,3,3,0.1875,0,0.0,1.9000000000000001,False,,0,,0,,0,,0.7142857142857143,0.6799759903961584,0.963592709811197,0.34328358208955223,Afatinib,0.2857142857142857,0.6567164179104478,0.5744274750200622,0.8107779146151535,1.0,0.8868736368360097,0.5744274750200622,0.8180197566178063,1.0,0.4255725249799378,0.5744274750200622,-0.3247897087969923,7.884983341412849,0.5225769776219573,-0.0,0.5664845313973622,8.974044850432168,0.0,0.0,0.0,0.15696565622492226,0.0,0.15696565622492226,0.0,low,,8.817079194207246,True,pass,False,,0.4019448946515397,0.9991896272285251,0.9643435980551054,0.6742301458670988,0.6855753646677472,0.6758508914100486,0.8152350081037277,0.8946515397082658,0.6602106969205835,0.6967179902755268,9.766297686736868,169,0.0,9.653140782537879,0,142,0,27,advance,CNc1cc2c(Nc3cccc(C(F)(F)F)c3)ncnc2cn1
COc1cccc([C@@H](CO)Nc2ncnc3[nH]c(-c4ccc(CO)cc4)cc23)c1,8.903452342801044,0.1193861032729701,0.38618377078597177,390.44300000000015,3.271300000000001,103.29,4,6,4,7,0.18181818181818182,0,0.0,3.1196200000000016,False,,0,,0,,0,,0.7678571428571429,0.6639382346155427,0.9344331538464411,0.2073170731707317,Afatinib,0.2321428571428571,0.7926829268292683,0.767292813409182,0.5424156893168999,1.0,0.8989955970921479,0.5424156893168999,0.8021760249545574,1.0,0.4575843106831001,0.5424156893168999,-0.04651094872716732,8.724373187891588,-0.06357741103221026,-0.0,0.5758774522246765,9.236673229084055,0.0,0.0,0.02907915490945514,0.19698038835387516,0.0,0.2260595432633303,0.0,low,,9.010613685820724,True,pass,False,,0.7487844408427877,0.07860615883306321,0.18071312803889789,0.4027552674230146,0.6158833063209076,0.5113452188006483,0.8152350081037277,0.6871961102106969,0.46033225283630475,0.5233792544570502,9.78907193248762,167,0.0,9.638668791169184,0,143,0,24,advance,OCc1ccc(-c2cc3c(N[C@H](CO)c4ccccc4)ncnc3[nH]2)cc1
COC(C)(C)COc1cnccc1-c1[nH]c2c(c1Nc1c(N)ccc(F)c1C)C(=O)NCC2,8.975881705986895,0.1330190543175917,0.40308540713916713,453.51800000000026,3.939720000000001,114.28999999999999,4,6,4,7,0.3333333333333333,0,0.0,3.190120000000002,False,,1,aniline,0,,0,,0.7808219178082192,0.7208943903969138,1.0,0.16037735849056603,Gefitinib,0.2191780821917808,0.839622641509434,0.7758570884744096,0.5490000508496189,0.88,0.9599056603773585,0.5490000508496189,0.7911906999253467,0.9599056603773585,0.4109056095277396,0.5890943904722604,-0.020444815267916305,8.776353124510507,-0.042099259527499815,-0.2,0.6005169294391315,9.134770794422138,0.0,0.0,0.04952858147638754,0.1386320119096745,0.0,0.18816059338606206,0.0,low,,8.946610201036076,True,pass,False,,0.7844408427876823,0.1085899513776337,0.10615883306320907,0.33225283630470015,0.8824959481361426,0.779578606158833,0.8152350081037277,0.6450567260940032,0.4570907617504052,0.5754457050243111,9.683279708522624,185,0.0,9.63714504706525,0,144,0,41,advance,COC(C)(C)COc1cnccc1-c1[nH]c2c(c1Nc1cccc(F)c1C)C(=O)NCC2
CCOc1ccccc1-c1cc2c(N[C@H](CO)c3ccc(F)cc3)ncnc2[nH]1,8.771436383269602,0.09325653869474448,0.43657653119890333,392.434,4.308200000000003,83.06,3,5,4,7,0.18181818181818182,0,0.0,3.132893333333334,False,,0,,0,,0,,0.8727272727272727,0.7446251063005717,1.0,0.2375,Afatinib,0.12727272727272732,0.7625,0.7525795187310794,0.5696211947234995,1.0,0.940625,0.5696211947234995,0.8157064283636448,1.0,0.4303788052765005,0.5696211947234995,-0.08416921284342038,8.631551575227485,-0.015175650619278561,-0.0,0.5360227272727273,9.152398651880933,0.0,0.0,0.0,0.16297350659562565,0.0,0.16297350659562565,0.0,low,,8.989425145285308,True,pass,False,,0.7034035656401945,0.24554294975688817,0.14748784440842788,0.019448946515397084,0.8824959481361426,0.6337115072933549,0.8152350081037277,0.7957860615883307,0.39165316045380877,0.5374797406807131,9.622382444425504,196,0.0,9.634400834102165,0,145,0,51,advance,CCOc1ccccc1-c1cc2c(N[C@H](CO)c3ccccc3)ncnc2[nH]1
COC(C)(C)COc1cnccc1-c1[nH]c2c(c1Nc1cc(C)cc(F)c1C)C(=O)NCC2,9.252975001092844,0.22401496794451503,0.4850605147304438,452.53000000000026,4.665940000000003,88.27000000000001,3,5,4,7,0.36,0,0.0,3.183533333333335,False,,0,,0,,0,,0.8194444444444444,0.7559941520467837,1.0,0.16346153846153846,Osimertinib,0.18055555555555558,0.8365384615384616,0.7814332727120505,0.5943396933581543,1.0,0.9591346153846154,0.5943396933581543,0.833726895363705,1.0,0.4056603066418457,0.5943396933581543,-0.06972483020220599,8.916952549176072,0.04353051473044358,-0.0,0.5822115384615385,9.542694602368055,0.0,0.0,0.18602245191677252,0.13207538330230717,0.0,0.4305978352190797,0.15,low,uncertain_prediction,9.112096767148975,True,pass,False,,0.9319286871961102,0.5210696920583469,0.11912479740680713,0.18071312803889789,0.8824959481361426,0.7957860615883307,0.49027552674230146,0.3273905996758509,0.5775931928687197,0.6209481361426258,10.235806433810518,67,0.0,9.632234530520126,0,146,79,0,advance,COC(C)(C)COc1cnccc1-c1[nH]c2c(c1Nc1cccc(F)c1C)C(=O)NCC2
COc1c(-c2cc3c(N[C@H](CO)c4ccccc4)ncnc3[nH]2)ccnc1Cl,9.127805309331025,0.15509656623839885,0.4292915685602144,395.85,3.8274000000000017,95.95,3,6,4,6,0.15,0,0.0,3.055666666666667,False,,0,,0,,0,,0.7142857142857143,0.6735187797175503,0.9518523267591822,0.23595505617977527,Osimertinib,0.2857142857142857,0.7640449438202247,0.7983837309658771,0.5685847216824769,1.0,0.9049004810244429,0.5685847216824769,0.8179672334181992,1.0,0.43141527831752313,0.5685847216824769,-0.02611133660309617,8.895160459973427,-0.014058431439785649,-0.0,0.5957479934072915,9.476850021940933,0.0,0.0,0.08264484935759826,0.16426909789690392,0.0,0.35941394725450215,0.15,low,uncertain_prediction,9.117436074686431,True,pass,False,,0.8622366288492707,0.21474878444084278,0.29821717990275526,0.6742301458670988,0.660453808752026,0.6150729335494327,0.49027552674230146,0.5526742301458671,0.6105348460291734,0.5923419773095624,10.20949183717594,72,0.0,9.603246447457906,0,147,75,0,advance,COc1cnccc1-c1cc2c(N[C@H](CO)c3ccccc3)ncnc2[nH]1
C/C=C/C(=O)Cc1ncc2ncnc(Nc3cccc(Br)c3)c2c1C,8.230717806784313,0.11239617490993234,0.6412175592087311,397.2760000000001,4.527020000000003,67.77,1,5,3,5,0.15789473684210525,0,0.0,2.4151733333333345,False,,0,,0,,0,,0.6885245901639344,0.6087137702916391,0.8340250368938892,0.275,Sunvozertinib,0.3114754098360656,0.725,0.6040021292591256,0.7097783755135201,1.0,0.8067687776704169,0.6040021292591256,0.7801373206107656,1.0,0.39599787074087445,0.6040021292591256,-0.2348469218021867,8.062123544419414,0.2947310328929415,-0.0,0.5661701936497018,8.923024770962058,0.0,0.0,0.0185942623648985,0.11999733842609307,0.0,0.1385916007909916,0.0,low,,8.784433170171067,True,pass,False,,0.5316045380875203,0.839546191247974,0.7860615883306321,0.7844408427876823,0.3371150729335494,0.8784440842787682,0.8152350081037277,0.7147487844408428,0.6819286871961103,0.6812803889789302,9.74133919559739,172,0.0,9.601969636945782,0,148,0,24,advance,C/C=C/C(=O)Cc1cc2c(Nc3cccc(Br)c3)ncnc2cn1
COc1cccc([C@@H](C)Nc2ncnc3[nH]c(-c4ccc(C(N)=O)cc4OC)cc23)c1,8.7644933203907,0.03761869319368795,0.41985913312563966,417.4690000000002,3.9141000000000012,115.14999999999999,3,6,4,7,0.17391304347826086,0,0.0,3.299793333333335,False,,0,,0,,0,,0.8360655737704918,0.6613430712831201,0.9297146750602182,0.24175824175824176,Osimertinib,0.16393442622950816,0.7582417582417582,0.7897902448620936,0.5540073950139737,1.0,0.8868464458556032,0.5540073950139737,0.8076610214329176,1.0,0.44599260498602633,0.5540073950139737,-0.02382770209443197,8.708065280600168,-0.05771856252653447,-0.0,0.5336716880408606,9.184018406114493,0.0,0.0,0.0,0.1824907562325329,0.0,0.1824907562325329,0.0,low,,9.001527649881961,True,pass,False,,0.7017828200972447,0.18233387358184766,0.04213938411669368,0.09562398703403566,0.6029173419773096,0.5737439222042139,0.8152350081037277,0.9740680713128039,0.37771474878444083,0.4995542949756889,9.637276104655822,190,0.0,9.600992803852787,0,149,0,41,advance,COc1cc(C(N)=O)ccc1-c1cc2c(N[C@H](C)c3ccccc3)ncnc2[nH]1
COc1cc(C(N)=O)ccc1-c1cc2c(N[C@H](C)c3cccc(Cl)c3)ncnc2[nH]1,8.779000464180717,0.06301179040759884,0.4228625841149775,421.8880000000001,4.558900000000003,105.91999999999999,3,5,4,6,0.13636363636363635,0,0.0,3.229253333333334,False,,0,,0,,0,,0.8225806451612904,0.6564242355584506,0.9207713373790011,0.2808988764044944,Osimertinib,0.17741935483870963,0.7191011235955056,0.77564186275986,0.5583723699811864,1.0,0.8703537839331272,0.5583723699811864,0.8010920041685434,1.0,0.44162763001881356,0.5583723699811864,-0.0339335218782445,8.684482778569318,-0.04788905224865895,-0.0,0.5257618811008212,9.162355607421482,0.0,0.0,0.0,0.17703453752351694,0.0,0.17703453752351694,0.0,low,,8.985321069897966,True,pass,False,,0.7082658022690438,0.19773095623987033,0.0713128038897893,0.15964343598055106,0.5753646677471637,0.5834683954619124,0.8152350081037277,0.9092382495948136,0.4008914100486224,0.5081037277147488,9.643425299479828,189,0.0,9.595045543155663,0,150,0,39,advance,COc1cc(C(N)=O)ccc1-c1cc2c(N[C@H](C)c3ccccc3)ncnc2[nH]1
C/C=C/C(=O)Cc1ncc2ncnc(Nc3cccc(Br)c3)c2c1OC,8.214939288996398,0.08044286547829554,0.609966539144996,413.27500000000015,4.227200000000003,77.0,1,6,3,6,0.15789473684210525,0,0.0,2.6218333333333343,False,,0,,0,,0,,0.65625,0.588117179255239,0.7965766895549798,0.29069767441860467,Osimertinib,0.34375,0.7093023255813953,0.6224248164142926,0.6846418529400042,1.0,0.7747580985615837,0.6224248164142926,0.7704561919789701,1.0,0.3775751835857074,0.6224248164142926,-0.19737516741957006,8.094274990778954,0.23248101282920636,-0.0,0.5666223700631635,8.893378373671323,0.0,0.0,0.0,0.09696897948213427,0.0,0.09696897948213427,0.0,low,,8.796409394189189,True,pass,False,,0.5235008103727715,0.7593192868719612,0.606969205834684,0.9157212317666127,0.2171799027552674,0.9238249594813615,0.8152350081037277,0.8492706645056726,0.6616288492706646,0.6613047001620745,9.68733299279612,184,0.0,9.589975034383677,0,151,0,33,advance,C/C=C/C(=O)Cc1cc2c(Nc3cccc(Br)c3)ncnc2cn1
COc1cc(-c2[nH]c3c(c2Nc2cccc(F)c2C)C(=O)NCC3)c(OCC(C)(C)OC)cn1,8.773244024150463,0.13074508157688727,0.45439277832119024,468.52900000000034,4.366120000000003,97.5,3,6,4,8,0.36,0,0.0,3.390193333333335,False,,0,,0,,0,,0.7972972972972973,0.6945212069123771,0.9900385580225036,0.1875,Afatinib,0.20270270270270274,0.8125,0.7267894489337947,0.5695239767946032,1.0,0.9456539185168777,0.5695239767946032,0.8104918360613189,1.0,0.4304760232053968,0.5695239767946032,-0.1116031828366989,8.577126401785133,-0.018136221678809995,-0.0,0.5824758557218421,9.141466035828165,0.0,0.0,0.0461176223653309,0.163095029006746,0.0,0.2092126513720769,0.0,low,,8.932253384456088,True,pass,False,,0.7050243111831442,0.37682333873581847,0.007293354943273906,0.24635332252836303,0.7455429497568882,0.6239870340356564,0.8152350081037277,0.6515397082658023,0.4429902755267423,0.5444489465153971,9.673054366460256,186,0.0,9.585592120274564,0,152,0,34,advance,COC(C)(C)COc1cnccc1-c1[nH]c2c(c1Nc1cccc(F)c1C)C(=O)NCC2
[2H]C([2H])([2H])Oc1cc(N)ccc1-c1cc2c(N[C@H](CO)c3ccccc3)ncnc2[nH]1,9.384704166556444,0.18476250592324095,0.3831487512444499,378.45030533400006,3.3612,109.08000000000001,4,6,4,6,0.14285714285714285,0,0.0,2.939668702226667,False,,1,aniline,0,,0,,0.8275862068965517,0.7363192708910173,1.0,0.2222222222222222,Osimertinib,0.1724137931034483,0.7777777777777778,0.8418422874928424,0.5476676323295757,0.88,0.9444444444444444,0.5476676323295757,0.8034885910667156,0.9444444444444444,0.3967768121148687,0.6032231878851313,0.05113826190150228,9.107560407671583,-0.043515839803835894,-0.2,0.560919540229885,9.424964108097633,0.0,0.0,0.1271437588848614,0.1209710151435859,0.0,0.36061477402844727,0.15,low,uncertain_prediction,9.064349334069187,True,pass,False,,0.9773095623987034,0.055105348460291734,0.41166936790923825,0.13614262560777957,0.8824959481361426,0.8727714748784441,0.49027552674230146,0.44246353322528365,0.5397893030794165,0.6029173419773095,10.072711271792933,99,0.0,9.562850144441958,0,153,54,0,advance,[2H]C([2H])([2H])Oc1ccccc1-c1cc2c(N[C@H](CO)c3ccccc3)ncnc2[nH]1
OCc1ccc(-c2cc3c(N[C@H](CO)c4ccccc4F)ncnc3[nH]2)cc1,8.544875683195398,0.03619519191601752,0.4125713732623113,378.40700000000004,3.4018000000000006,94.06,4,5,4,6,0.14285714285714285,0,0.0,2.9393800000000003,False,,0,,0,,0,,0.7454545454545455,0.653189941976388,0.9148908035934327,0.24675324675324675,Afatinib,0.2545454545454545,0.7532467532467533,0.7358822864576373,0.5638611783711943,1.0,0.8744797910067629,0.5638611783711943,0.7935558139588986,1.0,0.4361388216288057,0.5638611783711943,-0.07689803666834838,8.490582895321372,-0.01404991245197446,-0.0,0.5692421814178387,9.045775164287235,0.0,0.0,0.0,0.17017352703600713,0.0,0.17017352703600713,0.0,low,,8.875601637251227,True,pass,False,,0.6434359805510534,0.15964343598055106,0.4327390599675851,0.5145867098865479,0.5494327390599676,0.5996758508914101,0.8152350081037277,0.9773095623987034,0.48930307941653156,0.5570097244732577,9.632938859587073,192,0.0,9.544013306619137,0,154,0,38,advance,OCc1ccc(-c2cc3c(N[C@H](CO)c4ccccc4)ncnc3[nH]2)cc1
COc1cc(N)ccc1-c1cc2c(N[C@H](CO)c3ccccc3)ncnc2[nH]1,9.373452760202143,0.19850640428211194,0.38485350596732953,375.432,3.361200000000001,109.08000000000001,4,6,4,6,0.14285714285714285,0,0.0,2.9195466666666667,False,,1,aniline,0,,0,,0.8214285714285714,0.7851696217032467,1.0,0.2558139534883721,Osimertinib,0.1785714285714286,0.7441860465116279,0.8294087070530575,0.5493791718717749,0.88,0.936046511627907,0.5493791718717749,0.7987085976381848,0.936046511627907,0.3866673397561321,0.6133326602438679,0.04093347921983015,9.075693153778975,-0.03879277974695617,-0.2,0.5536129568106313,9.390513330842651,0.0,0.0,0.1477596064231679,0.10833417469516514,0.0,0.368593781118333,0.15,low,uncertain_prediction,9.021919549724318,True,pass,False,,0.9724473257698542,0.06807131280388978,0.5081037277147488,0.16774716369529985,0.8824959481361426,0.9084278768233387,0.49027552674230146,0.39546191247974066,0.5609805510534847,0.6174230145867099,10.063689992106832,102,0.0,9.53782716722837,0,155,53,0,advance,COc1ccccc1-c1cc2c(N[C@H](CO)c3ccccc3)ncnc2[nH]1
COCCOc1cnccc1-c1[nH]c2c(c1Nc1c(OC)ccc(F)c1C)C(=O)NCC2,8.657448102692234,0.13904054867272886,0.46341515758014057,440.47500000000025,3.5875200000000023,97.5,3,6,4,8,0.30434782608695654,0,0.0,3.203166666666668,False,,0,,0,,0,,0.782608695652174,0.7401170306865347,1.0,0.21428571428571427,Gefitinib,0.21739130434782605,0.7857142857142857,0.6920336416021483,0.5816796187203593,1.0,0.9464285714285714,0.5816796187203593,0.8050354579377696,1.0,0.41832038127964066,0.5816796187203593,-0.15066908844749527,8.44888727968314,0.013374940188836018,-0.0,0.5835403726708075,9.045802592542783,0.0,0.0,0.05856082300909328,0.14790047659955086,0.0,0.20646129960864412,0.0,low,,8.839341292934138,True,pass,False,,0.6628849270664505,0.40761750405186387,0.09481361426256078,0.3273905996758509,0.8824959481361426,0.7520259319286872,0.8152350081037277,0.6158833063209076,0.4595218800648298,0.577998379254457,9.59722884862058,202,0.0,9.532939348039486,0,156,0,46,advance,COCCOc1cnccc1-c1[nH]c2c(c1Nc1cccc(F)c1C)C(=O)NCC2
COc1ccccc1-c1cc2c(N[C@H](CO)c3ccc(F)cc3)ncnc2[nH]1,8.521588121265113,0.10212323771773682,0.47369454718191295,378.40700000000004,3.9181000000000017,83.06,3,5,4,6,0.14285714285714285,0,0.0,2.9393800000000003,False,,0,,0,,0,,0.8703703703703703,0.7612069786845193,1.0,0.25882352941176473,Osimertinib,0.12962962962962965,0.7411764705882353,0.6839107639138625,0.5974789240269752,1.0,0.9352941176470588,0.5974789240269752,0.8041709513969741,1.0,0.4025210759730248,0.5974789240269752,-0.16034691664414868,8.368403264688508,0.047073261467627185,-0.0,0.530686274509804,8.94616280066594,0.0,0.0,0.0031848565766052217,0.128151344966281,0.0,0.13133620154288622,0.0,low,,8.814826599123053,True,pass,False,,0.6353322528363047,0.4683954619124797,0.4327390599675851,0.025121555915721232,0.8824959481361426,0.833063209076175,0.8152350081037277,0.7601296596434359,0.44951377633711503,0.5977309562398704,9.485579332270477,231,0.0,9.532103746610899,0,157,0,74,advance,COc1ccccc1-c1cc2c(N[C@H](CO)c3ccccc3)ncnc2[nH]1
COCc1ccc(-c2cc3c(N[C@H](CO)c4ccccc4)ncnc3[nH]2)cc1,9.11894784754591,0.1976184393546584,0.4566903184543758,374.444,3.916800000000002,83.06,3,5,4,7,0.18181818181818182,0,0.0,3.01296,False,,0,,0,,0,,0.7962962962962963,0.7334625559625559,1.0,0.2125,Afatinib,0.20370370370370372,0.7875,0.7664040543382165,0.5852965982268298,1.0,0.946875,0.5852965982268298,0.8246439131412615,1.0,0.4147034017731702,0.5852965982268298,-0.07765314507072685,8.822520188513922,0.02292813663619397,-0.0,0.5779166666666666,9.423364991816783,0.0,0.0,0.14642765903198757,0.1433792522164628,0.0,0.40230691124845036,0.15,low,uncertain_prediction,9.021058080568332,True,pass,False,,0.8508914100486223,0.386547811993517,0.35089141004862234,0.26580226904376014,0.8824959481361426,0.773095623987034,0.49027552674230146,0.3987034035656402,0.5660048622366288,0.6094408427876824,10.102570826500738,92,0.0,9.527387091913551,0,158,66,0,advance,OCc1ccc(-c2cc3c(N[C@H](CO)c4ccccc4)ncnc3[nH]2)cc1
COCCOc1cnccc1-c1[nH]c2c(c1Nc1cc(C)cc(F)c1C)C(=O)NCC2,8.987246245101536,0.19953167020598536,0.5010771966005143,424.4760000000002,3.887340000000002,88.27000000000001,3,5,4,7,0.30434782608695654,0,0.0,2.9965066666666687,False,,0,,0,,0,,0.8115942028985508,0.7463892906775575,1.0,0.18627450980392157,Gefitinib,0.18840579710144922,0.8137254901960784,0.7321393921311943,0.6103422017200264,1.0,0.9534313725490196,0.6103422017200264,0.8239782416000601,1.0,0.3896577982799736,0.6103422017200264,-0.12245179929182104,8.687948739792558,0.0820359792092097,-0.0,0.5789002557544757,9.348884974756244,0.0,0.0,0.14929750530897803,0.11207224784996701,0.0,0.37386975315894505,0.15,low,uncertain_prediction,8.975015221597298,True,pass,False,,0.7925445705024311,0.5721231766612642,0.3703403565640194,0.20097244732576985,0.8824959481361426,0.9003241491085899,0.49027552674230146,0.3889789303079417,0.5668152350081037,0.6274716369529985,10.029063256765967,111,0.0,9.502981185940897,0,159,48,0,advance,COCCOc1cnccc1-c1[nH]c2c(c1Nc1cccc(F)c1C)C(=O)NCC2
COc1cc(C(N)=O)ccc1-c1cc2c(N[C@H](C)c3cccc(N)c3)ncnc2[nH]1,8.790030475384485,0.07225542954317313,0.36507645702813607,402.4580000000001,3.4877000000000002,131.94,4,6,4,6,0.13636363636363635,0,0.0,3.0997200000000005,False,,1,aniline,0,,0,,0.8360655737704918,0.6613430712831201,0.9297146750602182,0.25555555555555554,Osimertinib,0.16393442622950816,0.7444444444444445,0.7719288181659002,0.5315720513654749,0.88,0.8833971174062748,0.5315720513654749,0.7667244967344125,0.8833971174062748,0.3518250660407999,0.6481749339592001,0.0069390952419835505,8.681647331069726,-0.08624517933550033,-0.2,0.5295324939016666,8.924934645635892,0.0,0.0,0.0,0.06478133255099987,0.0,0.06478133255099987,0.0,low,,8.860153313084892,True,pass,False,,0.713128038897893,0.03403565640194489,0.2552674230145867,0.09562398703403566,0.6029173419773096,0.9529983792544571,0.8152350081037277,0.8752025931928687,0.38512965964343593,0.5350081037277148,9.387090237208016,258,0.0,9.50216303755815,0,160,0,98,advance,COc1cc(C(N)=O)ccc1-c1cc2c(N[C@H](C)c3ccccc3)ncnc2[nH]1
COc1ccccc1-c1cc2c(N[C@H](CO)c3ccccc3F)ncnc2[nH]1,8.384065715297785,0.07129118442879667,0.47369454718191295,378.40700000000004,3.9181000000000017,83.06,3,5,4,6,0.14285714285714285,0,0.0,2.9393800000000003,False,,0,,0,,0,,0.7586206896551724,0.6698623438111758,0.945204261474865,0.2692307692307692,Afatinib,0.24137931034482762,0.7307692307692308,0.6711125997242886,0.5974789240269752,1.0,0.8915955037984564,0.5974789240269752,0.7900467568874301,1.0,0.4025210759730248,0.5974789240269752,-0.15857887621752187,8.27712893865459,0.047073261467627185,-0.0,0.5641525242546579,8.888354724376875,0.0,0.0,0.0,0.128151344966281,0.0,0.128151344966281,0.0,low,,8.760203379410594,True,pass,False,,0.5883306320907618,0.4683954619124797,0.4327390599675851,0.44408427876823336,0.6377633711507293,0.833063209076175,0.8152350081037277,0.880064829821718,0.5121555915721232,0.6070502431118314,9.502941434263423,224,0.0,9.488663671144792,0,161,0,63,advance,COc1ccccc1-c1cc2c(N[C@H](CO)c3ccccc3)ncnc2[nH]1
CCOc1c(OC)cccc1-c1cc2c(N[C@H](CO)c3ccccc3)ncnc2[nH]1,9.232558229886676,0.17025841816659143,0.40805553222987845,404.47,4.177700000000002,92.28999999999999,3,6,4,8,0.21739130434782608,0,0.0,3.313133333333334,False,,0,,0,,0,,0.8103448275862069,0.7456388281996655,1.0,0.23333333333333334,Osimertinib,0.18965517241379315,0.7666666666666666,0.813958664755055,0.547002337598228,1.0,0.9416666666666667,0.547002337598228,0.8256569172549875,1.0,0.45299766240177197,0.547002337598228,-0.015597669999909969,8.97717060263679,-0.06717533733533902,-0.0,0.565344827586207,9.475340092887658,0.0,0.0,0.10538762724988714,0.19124707800221497,0.0,0.4091347052521021,0.15,low,uncertain_prediction,9.066205387635556,True,pass,False,,0.9238249594813615,0.14181523500810372,0.029983792544570502,0.20907617504051865,0.8824959481361426,0.5299837925445705,0.49027552674230146,0.4959481361426256,0.49039708265802273,0.5373987034035657,10.063816592077284,101,0.0,9.486083831719835,0,162,61,0,advance,CCOc1ccccc1-c1cc2c(N[C@H](CO)c3ccccc3)ncnc2[nH]1
COC[C@@H](Nc1ncnc2[nH]c(-c3ccncc3OC)cc12)c1ccccc1,8.960966430129556,0.1889647340991253,0.5106489983913339,375.43200000000013,3.8281000000000027,84.95,2,6,4,7,0.19047619047619047,0,0.0,3.0195466666666677,False,,0,,0,,0,,0.8275862068965517,0.712153125032645,1.0,0.23333333333333334,Gefitinib,0.1724137931034483,0.7666666666666666,0.7329662936630013,0.6147205388588234,1.0,0.9416666666666667,0.6147205388588234,0.8223383747971229,1.0,0.3852794611411766,0.6147205388588234,-0.11916277484549542,8.677519328980868,0.07676461743895287,-0.0,0.5575862068965517,9.311870153316372,0.0,0.0,0.1334471011486879,0.10659932642647078,0.0,0.3525464275751587,0.15,low,uncertain_prediction,8.959323725741212,True,pass,False,,0.7747163695299838,0.5915721231766613,0.34359805510534847,0.13614262560777957,0.8824959481361426,0.9141004862236629,0.49027552674230146,0.43111831442463533,0.5457050243111832,0.6193679092382496,9.966716182489792,130,0.0,9.477565216827113,0,163,33,0,advance,COc1cnccc1-c1cc2c(N[C@H](CO)c3ccccc3)ncnc2[nH]1
CCOc1ccccc1-c1cc2c(N[C@H](CO)c3ccccc3F)ncnc2[nH]1,8.547552499097383,0.06492833895290093,0.4365765311989034,392.434,4.308200000000002,83.06,3,5,4,7,0.18181818181818182,0,0.0,3.132893333333334,False,,0,,0,,0,,0.7758620689655172,0.6757832017359908,0.9559694577018014,0.2692307692307692,Afatinib,0.22413793103448276,0.7307692307692308,0.7164382875073152,0.5696211947234995,1.0,0.8996694009686588,0.5696211947234995,0.7964322207998684,1.0,0.4303788052765005,0.5696211947234995,-0.10665857772340426,8.450159990668032,-0.015175650619278506,-0.0,0.5590852026217369,8.994069542670491,0.0,0.0,0.0,0.16297350659562565,0.0,0.16297350659562565,0.0,low,,8.831096036074866,True,pass,False,,0.6450567260940032,0.2520259319286872,0.14748784440842788,0.3565640194489465,0.6685575364667747,0.6337115072933549,0.8152350081037277,0.9027552674230146,0.43411669367909234,0.538614262560778,9.515009575085402,218,0.0,9.4774331511478,0,164,0,54,advance,CCOc1ccccc1-c1cc2c(N[C@H](CO)c3ccccc3)ncnc2[nH]1
COc1cc(F)c(C)c(Nc2c(-c3ccncc3OCC(C)(C)OC)[nH]c3c2C(=O)NCC3)c1,9.15111080765004,0.19177211494920973,0.45439277832119024,468.52900000000034,4.366120000000003,97.5,3,6,4,8,0.36,0,0.0,3.390193333333335,False,,0,,0,,0,,0.7972972972972973,0.7498024498024498,1.0,0.17142857142857143,Osimertinib,0.20270270270270274,0.8285714285714285,0.7785372214480633,0.5695239767946032,1.0,0.9571428571428571,0.5695239767946032,0.8263010138463809,1.0,0.4304760232053968,0.5695239767946032,-0.06368505653109013,8.863452635226226,-0.018136221678809995,-0.0,0.5897876447876448,9.43510405833506,0.0,0.0,0.1376581724238146,0.163095029006746,0.0,0.4132532014305606,0.15,low,uncertain_prediction,9.0218508569045,True,pass,False,,0.880064829821718,0.37682333873581847,0.007293354943273906,0.24635332252836303,0.8824959481361426,0.6239870340356564,0.49027552674230146,0.413290113452188,0.5217585089141005,0.5662479740680713,10.06121426903198,103,0.0,9.476348425786187,0,165,62,0,advance,COC(C)(C)COc1cnccc1-c1[nH]c2c(c1Nc1cccc(F)c1C)C(=O)NCC2
COCCOc1cnccc1-c1[nH]c2c(c1Nc1cccc(Cl)c1C)C(=O)NCC2,8.967665771458856,0.19128691601528777,0.4950022523207182,426.90400000000017,4.093220000000002,88.27000000000001,3,5,4,7,0.2727272727272727,0,0.0,3.0126933333333348,False,,0,,0,,0,,0.8235294117647058,0.7562091503267974,1.0,0.1792452830188679,Erlotinib,0.17647058823529416,0.8207547169811321,0.7330156016540126,0.6063784182635745,1.0,0.9551886792452831,0.6063784182635745,0.8236456747907175,1.0,0.3936215817364255,0.6063784182635745,-0.12084009751560665,8.680735397435924,0.07037097959344528,-0.0,0.575638179800222,9.326744556829592,0.0,0.0,0.13693037402293165,0.11702697717053186,0.0,0.3664573511934635,0.15,low,uncertain_prediction,8.960287205636128,True,pass,False,,0.7828200972447326,0.5542949756888168,0.353322528363047,0.15559157212317667,0.8824959481361426,0.8849270664505673,0.49027552674230146,0.4181523500810373,0.5472447325769855,0.6155591572123178,9.983438235921975,126,0.0,9.47395819429091,0,166,40,0,advance,COCCOc1cnccc1-c1[nH]c2c(c1Nc1cccc(F)c1C)C(=O)NCC2
[2H]C([2H])([2H])Oc1ccccc1-c1cc2c(N[C@H](CO)c3ccccc3F)ncnc2[nH]1,8.396396491663573,0.05764791930351079,0.4715375210917332,381.42530533400003,3.9181000000000017,83.06,3,5,4,6,0.14285714285714285,0,0.0,2.9595020355600004,False,,0,,0,,0,,0.7666666666666667,0.644691564914886,0.8994392089361563,0.2625,Afatinib,0.23333333333333328,0.7375,0.6837455794034357,0.595518635232761,1.0,0.8589544067021171,0.595518635232761,0.7845546553345785,1.0,0.40448136476723895,0.595518635232761,-0.13441210124152358,8.309924612708308,0.04189793004344743,-0.0,0.551109802234039,8.902932344985794,0.0,0.0,0.0,0.1306017059590487,0.0,0.1306017059590487,0.0,low,,8.772330639026746,True,pass,False,,0.5915721231766613,0.4351701782820097,0.38492706645056723,0.406807131280389,0.5210696920583469,0.8119935170178282,0.8152350081037277,0.9254457050243112,0.4923419773095624,0.5830226904376012,9.49374271775727,227,0.0,9.471957867551868,0,167,0,60,advance,[2H]C([2H])([2H])Oc1ccccc1-c1cc2c(N[C@H](CO)c3ccccc3)ncnc2[nH]1
CCOc1ccccc1-c1cc2c(N[C@H](CO)c3ccccc3C)ncnc2[nH]1,8.5170721738733,0.06700976022145232,0.43482098927761076,388.47100000000006,4.477520000000003,83.06,3,5,4,7,0.21739130434782608,0,0.0,3.106473333333334,False,,0,,0,,0,,0.7894736842105263,0.6870100113672158,0.9763818388494833,0.20987654320987653,Afatinib,0.21052631578947367,0.7901234567901234,0.7073612113133085,0.5696718005129424,1.0,0.9298172433346433,0.5696718005129424,0.8017125637902236,1.0,0.4303281994870576,0.5696718005129424,-0.1258018033025533,8.416557533541122,-0.009410880287606713,-0.0,0.575869338854671,8.983015992108186,0.0,0.0,0.0,0.16291024935882198,0.0,0.16291024935882198,0.0,low,,8.820105742749364,True,pass,False,,0.6320907617504052,0.23743922204213938,0.23500810372771475,0.2884927066450567,0.7252836304700162,0.6482982171799028,0.8152350081037277,0.8962722852512156,0.42487844408427883,0.541288492706645,9.49287012500932,228,0.0,9.469651933997339,0,168,0,60,advance,CCOc1ccccc1-c1cc2c(N[C@H](CO)c3ccccc3)ncnc2[nH]1
OCc1ccc(-c2cc3c(N[C@H](CO)c4ccccc4)ncnc3[nH]2)c(Cl)c1,9.377560200792773,0.26041401306859635,0.39745874990788893,394.8620000000001,3.916100000000002,94.06,4,5,4,6,0.14285714285714285,0,0.0,3.049080000000001,False,,0,,0,,0,,0.75,0.6913523361884018,0.984276974888003,0.20481927710843373,Sunvozertinib,0.25,0.7951807228915663,0.787100241050176,0.5513300047570312,1.0,0.9370029118888938,0.5513300047570312,0.8188582894240253,1.0,0.4486699952429688,0.5513300047570312,-0.04234406449846573,8.986939181189879,-0.04561753580639689,-0.0,0.5971234605894706,9.538445105972952,0.0,0.0,0.2406210196028945,0.18583749405371103,0.0,0.5389585136566055,0.15,low,uncertain_prediction,8.999486592316346,True,pass,False,,0.9756888168557536,0.10210696920583469,0.31118314424635335,0.47974068071312803,0.7390599675850892,0.559967585089141,0.49027552674230146,0.2560777957860616,0.6021069692058347,0.5788492706645056,10.260973469019953,60,0.0,9.469105717113754,0,169,109,0,advance,OCc1ccc(-c2cc3c(N[C@H](CO)c4ccccc4)ncnc3[nH]2)cc1
[2H]C([2H])([2H])Oc1ccccc1-c1cc2c(N[C@H](CO)c3ccc(F)cc3)ncnc2[nH]1,8.557476446945005,0.13695835429737194,0.4715375210917332,381.42530533400003,3.9181000000000017,83.06,3,5,4,6,0.14285714285714285,0,0.0,2.9595020355600004,False,,0,,0,,0,,0.875,0.727659516853977,1.0,0.2345679012345679,Afatinib,0.125,0.7654320987654322,0.6684982637280908,0.595518635232761,1.0,0.941358024691358,0.595518635232761,0.8013437309130524,1.0,0.40448136476723895,0.595518635232761,-0.17712728957994894,8.352038915498946,0.04189793004344743,-0.0,0.5358796296296297,8.929816475172023,0.0,0.0,0.0554375314460579,0.1306017059590487,0.0,0.18603923740510658,0.0,low,,8.743777237766917,True,pass,False,,0.6482982171799028,0.4351701782820097,0.38492706645056723,0.014586709886547812,0.8824959481361426,0.8119935170178282,0.8152350081037277,0.6288492706645057,0.4394246353322529,0.582131280388979,9.457126037570728,241,0.0,9.442334774233691,0,170,0,71,advance,[2H]C([2H])([2H])Oc1ccccc1-c1cc2c(N[C@H](CO)c3ccccc3)ncnc2[nH]1
COC(C)(C)COc1cnccc1-c1[nH]c2c(c1Nc1cccc(Br)c1C)C(=O)NCC2,9.204122879317966,0.18228963421764047,0.42692930152046776,499.4090000000002,4.980920000000003,88.27000000000001,3,5,4,7,0.3333333333333333,0,0.0,3.4960600000000017,False,,0,,0,,0,,0.8309859154929577,0.7520905471185378,1.0,0.13793103448275862,Lazertinib,0.16901408450704225,0.8620689655172413,0.7984279758771431,0.5503472696824111,1.0,0.9655172413793103,0.5503472696824111,0.8285731217347161,1.0,0.4496527303175889,0.5503472696824111,-0.04019352781009744,8.930688427991505,-0.06414636514619915,-0.0,0.5846770276833414,9.451219090528648,0.0,0.0,0.12343445132646069,0.18706591289698615,0.0,0.42300036422344683,0.15,low,uncertain_prediction,9.028218726305202,True,pass,False,,0.9141004862236629,0.20907617504051865,0.0016207455429497568,0.11426256077795786,0.8824959481361426,0.5526742301458671,0.49027552674230146,0.4521880064829822,0.47625607779578616,0.5323338735818477,10.02272638388359,114,0.0,9.442019374603419,0,171,57,0,advance,COC(C)(C)COc1cnccc1-c1[nH]c2c(c1Nc1cccc(F)c1C)C(=O)NCC2
COc1cnccc1-c1cc2c(N[C@H](CO)c3ccc(F)cc3)ncnc2[nH]1,8.417558108786432,0.09310741899180656,0.4756596282649301,379.39500000000004,3.3131000000000004,95.94999999999999,3,6,4,6,0.15,0,0.0,2.945966666666667,False,,0,,0,,0,,0.8305084745762712,0.6816892050317588,0.9667076455122886,0.25,Osimertinib,0.1694915254237288,0.75,0.6642143339023434,0.5983063852893014,1.0,0.9125307341342165,0.5983063852893014,0.7937628633314653,1.0,0.40169361471069864,0.5983063852893014,-0.17273137257216253,8.277896980298722,0.04876462826493004,-0.0,0.5429480978187501,8.869609706382402,0.0,0.0,0.0,0.1271170183883733,0.0,0.1271170183883733,0.0,low,,8.742492687994028,True,pass,False,,0.5964343598055105,0.4854132901134522,0.3987034035656402,0.12155591572123177,0.700162074554295,0.8435980551053485,0.8152350081037277,0.7974068071312804,0.44959481361426257,0.5795380875202594,9.409123482719517,249,0.0,9.437938393018339,0,172,0,77,advance,COc1cnccc1-c1cc2c(N[C@H](CO)c3ccccc3)ncnc2[nH]1
OCc1ccc(-c2cc3c(N[C@H](CO)c4ccc(F)cc4)ncnc3[nH]2)cc1,8.605773754595765,0.11674644995289574,0.4125713732623113,378.40700000000004,3.4018000000000006,94.06,4,5,4,6,0.14285714285714285,0,0.0,2.9393800000000003,False,,0,,0,,0,,0.8076923076923077,0.6859066974464278,0.9743758135389596,0.189873417721519,Afatinib,0.1923076923076923,0.810126582278481,0.6947209236819142,0.5638611783711943,1.0,0.93331350572384,0.5638611783711943,0.7979739019442371,1.0,0.4361388216288057,0.5638611783711943,-0.13767063768309717,8.430654079666422,-0.01404991245197446,-0.0,0.5731703896067457,8.989774556821192,0.0,0.0,0.025119674929343597,0.17017352703600713,0.0,0.19529320196535072,0.0,low,,8.794481354855842,True,pass,False,,0.653160453808752,0.15964343598055106,0.4327390599675851,0.21555915721231766,0.7212317666126418,0.5996758508914101,0.8152350081037277,0.6952998379254457,0.4338735818476499,0.5331037277147488,9.510422855038373,220,0.0,9.43420582811354,0,173,0,47,advance,OCc1ccc(-c2cc3c(N[C@H](CO)c4ccccc4)ncnc3[nH]2)cc1
COc1cnccc1-c1cc2c(N[C@H](CO)c3cccc(F)c3)ncnc2[nH]1,8.937120088697304,0.15919611546098122,0.4756596282649301,379.39500000000004,3.3131000000000004,95.94999999999999,3,6,4,6,0.15,0,0.0,2.945966666666667,False,,0,,0,,0,,0.819672131147541,0.6629797871274905,0.9326905220499826,0.24175824175824176,Osimertinib,0.180327868852459,0.7582417582417582,0.7478427413516391,0.5983063852893014,1.0,0.8890783310979264,0.5983063852893014,0.8088068644347167,1.0,0.40169361471069864,0.5983063852893014,-0.08128549744410352,8.698325915505832,0.04876462826493004,-0.0,0.5417926989686297,9.288883242739391,0.0,0.0,0.08879417319147183,0.1271170183883733,0.0,0.3284111915798451,0.15,low,uncertain_prediction,8.960472051159547,True,pass,False,,0.7649918962722853,0.4854132901134522,0.3987034035656402,0.1766612641815235,0.6110210696920584,0.8435980551053485,0.49027552674230146,0.5380875202593193,0.5364667747163696,0.5812398703403565,9.932643372399035,139,0.0,9.432959895567976,0,174,35,0,advance,COc1cnccc1-c1cc2c(N[C@H](CO)c3ccccc3)ncnc2[nH]1
[2H]C([2H])([2H])Oc1ccc(N)cc1-c1cc2c(N[C@H](CO)c3ccccc3)ncnc2[nH]1,9.288763401373375,0.191807781274188,0.3831487512444499,378.45030533400006,3.3612,109.08000000000001,4,6,4,6,0.14285714285714285,0,0.0,2.939668702226667,False,,1,aniline,0,,0,,0.8275862068965517,0.708127963990033,1.0,0.2222222222222222,Osimertinib,0.1724137931034483,0.7777777777777778,0.8129254034514122,0.5476676323295757,0.88,0.9444444444444444,0.5476676323295757,0.796259370056358,0.9444444444444444,0.3967768121148687,0.6032231878851313,0.022221377860072056,9.001051729462093,-0.043515839803835894,-0.2,0.560919540229885,9.318455429888143,0.0,0.0,0.13771167191128197,0.1209710151435859,0.0,0.37118268705486784,0.15,low,uncertain_prediction,8.947272742833276,True,pass,False,,0.946515397082658,0.055105348460291734,0.41166936790923825,0.13614262560777957,0.8824959481361426,0.8727714748784441,0.49027552674230146,0.41166936790923825,0.5259319286871961,0.5921393841166936,9.949573744312778,136,0.0,9.432840003773308,0,175,39,0,advance,[2H]C([2H])([2H])Oc1ccccc1-c1cc2c(N[C@H](CO)c3ccccc3)ncnc2[nH]1
COc1ccccc1-c1cc2c(N[C@H](CO)c3ccccc3C)ncnc2[nH]1,8.3118460881321,0.08593349506132987,0.4734806263536626,374.4440000000001,4.087420000000002,83.06,3,5,4,6,0.18181818181818182,0,0.0,2.9129600000000004,False,,0,,0,,0,,0.7719298245614035,0.6807959586071105,0.9650835611038372,0.2159090909090909,Osimertinib,0.22807017543859653,0.7840909090909091,0.6428080754900941,0.5983774214175914,1.0,0.9198353981006052,0.5983774214175914,0.7902552237520727,1.0,0.4016225785824086,0.5983774214175914,-0.19659619768263803,8.182945845540106,0.05471844453548075,-0.0,0.5791297419506004,8.816794032026188,0.0,0.0,0.0,0.12702822322801072,0.0,0.12702822322801072,0.0,low,,8.689765808798176,True,pass,False,,0.5575364667747164,0.4497568881685575,0.5291734197730956,0.38492706645056723,0.6912479740680713,0.8525121555915721,0.8152350081037277,0.820097244732577,0.4972042139384117,0.6030388978930308,9.413439088752282,247,0.0,9.413412486269813,0,176,0,71,advance,COc1ccccc1-c1cc2c(N[C@H](CO)c3ccccc3)ncnc2[nH]1
Nc1cc(-c2cc3c(N[C@H](CO)c4ccccc4)ncnc3[nH]2)ccc1CO,9.189980644956094,0.08579445468321464,0.3306000523812286,375.43200000000013,2.8449000000000013,120.08,5,6,4,6,0.14285714285714285,0,0.0,2.9195466666666676,False,,1,aniline,0,,0,,0.8035714285714286,0.7562337662337663,1.0,0.18518518518518517,Afatinib,0.1964285714285714,0.8148148148148149,0.8624390429607733,0.5195397723994193,0.88,0.9537037037037037,0.5195397723994193,0.8039206297659741,0.9537037037037037,0.43416393130428443,0.5658360686957156,0.07802455092639893,9.061288962931272,-0.09304623333305728,-0.2,0.5828373015873016,9.351080031185518,0.0,0.0,0.0,0.16770491413035554,0.0,0.31770491413035556,0.2,low,potency_dominates_drug_likeness,9.033375117055161,True,pass,False,,0.9076175040518638,0.004051863857374392,0.47974068071312803,0.233387358184765,0.8824959481361426,0.6110210696920584,0.3184764991896272,0.8233387358184765,0.5278768233387358,0.5665721231766613,9.984532219192001,125,0.0,9.413261664867154,0,177,52,0,advance,OCc1ccc(-c2cc3c(N[C@H](CO)c4ccccc4)ncnc3[nH]2)cc1
COC(C)(C)COc1cnccc1-c1[nH]c2c(c1Nc1ccc(N)c(F)c1C)C(=O)NCC2,9.304870382498443,0.20412357119989682,0.40308540713916713,453.51800000000026,3.939720000000001,114.28999999999999,4,6,4,7,0.3333333333333333,0,0.0,3.190120000000002,False,,1,aniline,0,,0,,0.7945205479452054,0.7376440363289678,1.0,0.14150943396226415,Osimertinib,0.20547945205479456,0.8584905660377359,0.808331095784683,0.5490000508496189,0.88,0.964622641509434,0.5490000508496189,0.8004884470359339,0.964622641509434,0.4156225906598151,0.5843774093401849,0.010456864998331983,8.998685025698597,-0.042099259527499815,-0.2,0.6000129232359783,9.356598689407075,0.0,0.0,0.15618535679984524,0.1445282383247689,0.0,0.41321359512461414,0.15,low,uncertain_prediction,8.943385094282462,True,pass,False,,0.9513776337115073,0.1085899513776337,0.10615883306320907,0.2714748784440843,0.8824959481361426,0.7633711507293355,0.49027552674230146,0.37925445705024313,0.5200567260940032,0.5720421393841166,9.98066676071988,127,0.0,9.404835661543402,0,178,51,0,advance,COC(C)(C)COc1cnccc1-c1[nH]c2c(c1Nc1cccc(F)c1C)C(=O)NCC2
C=CC(=O)Cc1ncc2ncnc(Nc3cccc(Br)c3)c2c1OC,8.09970750199793,0.09562824779150303,0.6351545093338238,399.2480000000001,3.837100000000002,77.0,1,6,3,6,0.1111111111111111,0,0.0,2.528320000000001,False,,0,,0,,0,,0.6349206349206349,0.5691278644995335,0.7620506627264244,0.34146341463414637,Osimertinib,0.3650793650793651,0.6585365853658536,0.5829871020454304,0.7020919032105262,1.0,0.7361721433862818,0.5829871020454304,0.7553127871605596,1.0,0.41701289795456964,0.5829871020454304,-0.22976758015350562,7.956265130310675,0.2670176204449348,-0.0,0.5523593555770765,8.775642106332686,0.0,0.0,0.0,0.14626612244321208,0.0,0.14626612244321208,0.0,low,,8.629375983889474,True,pass,False,,0.4813614262560778,0.807131280388979,0.7309562398703403,0.9562398703403565,0.1053484602917342,0.7585089141004863,0.8152350081037277,0.7844408427876823,0.6789303079416531,0.6413290113452187,9.59035847586267,203,0.0,9.398970797503736,0,179,0,24,advance,C=CC(=O)Cc1cc2c(Nc3cccc(Br)c3)ncnc2cn1
[2H]C([2H])([2H])Oc1ccccc1-c1cc2c(N[C@H](CO)c3ccccc3C)ncnc2[nH]1,8.337262908835013,0.08091643915268114,0.47140332812841834,377.46230533400006,4.0874200000000025,83.06,3,5,4,6,0.18181818181818182,0,0.0,2.9330820355600005,False,,0,,0,,0,,0.7796610169491526,0.6549196443820499,0.9180357170582724,0.20481927710843373,Afatinib,0.22033898305084743,0.7951807228915663,0.6526742198018766,0.5964609829490917,1.0,0.8873219685165958,0.5964609829490917,0.784114292816891,1.0,0.40353901705090833,0.5964609829490917,-0.17525343068668586,8.215888250105992,0.04962284097623648,-0.0,0.5672156885049193,8.832726779587148,0.0,0.0,0.0,0.12942377131363542,0.0,0.12942377131363542,0.0,low,,8.703303008273512,True,pass,False,,0.5737439222042139,0.4222042139384117,0.4497568881685575,0.3387358184764992,0.5729335494327391,0.8225283630470016,0.8152350081037277,0.8460291734197731,0.47783630470016203,0.5776742301458672,9.406130345227343,250,0.0,9.396512084448553,0,180,0,70,advance,[2H]C([2H])([2H])Oc1ccccc1-c1cc2c(N[C@H](CO)c3ccccc3)ncnc2[nH]1
COc1cncc(OC)c1-c1cc2c(N[C@H](CO)c3ccccc3)ncnc2[nH]1,9.018076009012816,0.17226027349128367,0.4442596553343351,391.43100000000004,3.1826000000000008,105.18,3,7,4,7,0.19047619047619047,0,0.0,3.126206666666667,False,,0,,0,,0,,0.7931034482758621,0.7171792441106347,1.0,0.24705882352941178,Osimertinib,0.2068965517241379,0.7529411764705882,0.7589368108093054,0.5741040924851664,1.0,0.9382352941176471,0.5741040924851664,0.8178190493530297,1.0,0.42589590751483364,0.5741040924851664,-0.07850965139163246,8.75968559877589,-0.005623725618045902,-0.0,0.5689858012170386,9.323047674374884,0.0,0.0,0.1083904102369255,0.15736988439354205,0.0,0.37826029463046756,0.15,low,uncertain_prediction,8.944787379744417,True,pass,False,,0.8152350081037277,0.28363047001620745,0.1766612641815235,0.27633711507293357,0.8824959481361426,0.6709886547811994,0.49027552674230146,0.4878444084278768,0.5053484602917343,0.5611831442463534,9.929465826724964,140,0.0,9.393207152840041,0,181,41,0,advance,COc1cnccc1-c1cc2c(N[C@H](CO)c3ccccc3)ncnc2[nH]1
COc1cncc(OCC(C)(C)OC)c1-c1[nH]c2c(c1Nc1cccc(F)c1C)C(=O)NCC2,8.625166508249757,0.14091595494096396,0.45439277832119024,468.5290000000002,4.366120000000002,97.5,3,6,4,8,0.36,0,0.0,3.390193333333335,False,,0,,0,,0,,0.8055555555555556,0.6996384171384171,0.9993425766153038,0.18085106382978725,Afatinib,0.19444444444444442,0.8191489361702128,0.6826504586037645,0.5695239767946032,1.0,0.954294166504031,0.5695239767946032,0.8016171504755997,1.0,0.4304760232053968,0.5695239767946032,-0.1586222558291136,8.413792575838311,-0.018136221678809995,-0.0,0.5830803250048898,8.97873667916439,0.0,0.0,0.061373932411445925,0.163095029006746,0.0,0.22446896141819192,0.0,low,,8.754267717746199,True,pass,False,,0.6547811993517018,0.37682333873581847,0.007293354943273906,0.22852512155591573,0.7617504051863857,0.6239870340356564,0.8152350081037277,0.6061588330632091,0.4168152350081037,0.5269448946515397,9.478914961174114,233,0.0,9.386601591328047,0,182,0,51,advance,COC(C)(C)COc1cnccc1-c1[nH]c2c(c1Nc1cccc(F)c1C)C(=O)NCC2
COc1cnccc1-c1cc2c(N[C@H](CO)c3cccc(C)c3)ncnc2[nH]1,8.87250711863497,0.16013721565983025,0.47744401018345334,375.4320000000001,3.482420000000001,95.94999999999999,3,6,4,6,0.19047619047619047,0,0.0,2.919546666666667,False,,0,,0,,0,,0.8333333333333334,0.6731600116747701,0.9512000212268547,0.21739130434782608,Osimertinib,0.16666666666666663,0.782608695652174,0.7310307286968616,0.600303949190643,1.0,0.9090521898331845,0.600303949190643,0.8100967169301723,1.0,0.399696050809357,0.600303949190643,-0.1054213176444142,8.632301295145226,0.058559629231072344,-0.0,0.5475826140023659,9.238443538378663,0.0,0.0,0.09020582348974536,0.12462006351169626,0.0,0.3273258870014416,0.15,low,uncertain_prediction,8.911117651377221,True,pass,False,,0.7390599675850892,0.49432739059967584,0.49351701782820095,0.1053484602917342,0.6564019448946515,0.8654781199351702,0.49027552674230146,0.5332252836304701,0.5265397082658023,0.5836304700162075,9.870291188297626,153,0.0,9.386474215396671,0,183,30,0,advance,COc1cnccc1-c1cc2c(N[C@H](CO)c3ccccc3)ncnc2[nH]1
CNc1ncc2ncnc(Nc3cc(N)cc(Br)c3)c2n1,8.012518527542385,0.07773686071880187,0.6265576274927883,346.192,2.5498000000000003,101.64,3,7,3,3,0.07692307692307693,0,0.0,1.9000000000000001,False,,1,aniline,0,,0,,0.7083333333333334,0.5904102885016528,0.8007459790939141,0.2328767123287671,Sunvozertinib,0.29166666666666663,0.7671232876712328,0.5737138293824349,0.7215297720441105,0.88,0.7923403062382438,0.5737138293824349,0.7418959769161974,0.88,0.30628617061756513,0.6937138293824349,-0.22424286337834998,7.895913236464182,0.34924993518509595,-0.2,0.5615734810748483,8.606736652724127,0.0,0.0,0.0,0.007857713271956432,0.0,0.007857713271956432,0.0,low,,8.59887893945217,True,pass,False,,0.4100486223662885,0.793354943273906,0.9643435980551054,0.700162074554295,0.233387358184765,0.9854132901134521,0.8152350081037277,0.8541329011345219,0.6278768233387358,0.654578606158833,9.36018884073061,264,0.0,9.38437326684277,0,184,0,80,advance,CNc1ncc2ncnc(Nc3cccc(Br)c3)c2n1
COc1ccc(F)c(C)c1Nc1c(-c2ccncc2OCC(C)(C)OC)[nH]c2c1C(=O)NCC2,8.961982610857042,0.15203685864030878,0.45439277832119024,468.52900000000034,4.366120000000003,97.5,3,6,4,8,0.36,0,0.0,3.390193333333335,False,,0,,0,,0,,0.7916666666666666,0.7431934566145093,1.0,0.18446601941747573,Gefitinib,0.20833333333333337,0.8155339805825242,0.7590698516660443,0.5695239767946032,1.0,0.9538834951456311,0.5695239767946032,0.8206193309015696,1.0,0.4304760232053968,0.5695239767946032,-0.08206597231403367,8.733927322896578,-0.018136221678809995,-0.0,0.5884101941747573,9.304201295392525,0.0,0.0,0.07805528796046315,0.163095029006746,0.0,0.35365031696720917,0.15,low,uncertain_prediction,8.950550978425316,True,pass,False,,0.7779578606158833,0.37682333873581847,0.007293354943273906,0.27957860615883307,0.8824959481361426,0.6239870340356564,0.49027552674230146,0.5607779578606159,0.4824554294975689,0.5463128038897893,9.883147810789609,148,0.0,9.381126343093063,0,185,37,0,advance,COC(C)(C)COc1cnccc1-c1[nH]c2c(c1Nc1cccc(F)c1C)C(=O)NCC2
C=CC(=O)Cc1cc2c(Nc3cccc(Cl)c3)ncnc2cn1,8.082592241173264,0.1181598855035184,0.7243767391930778,324.771,3.719400000000002,67.77000000000001,1,5,3,5,0.058823529411764705,0,0.0,2.1,False,,0,,0,,0,,0.7777777777777778,0.6584097966761734,0.9243814485021333,0.44776119402985076,Sunvozertinib,0.2222222222222222,0.5522388059701493,0.5629361404408533,0.767637975786962,1.0,0.8313457878691373,0.5629361404408533,0.7904799760242381,1.0,0.43706385955914673,0.5629361404408533,-0.30339178077784645,7.905352412917987,0.4152590921342542,-0.0,0.49676700391657813,8.817378508968819,0.0,0.0,0.02723982825527759,0.1713298244489334,0.0,0.198569652704211,0.0,low,,8.618808856264607,True,pass,False,,0.4700162074554295,0.9238249594813615,0.8768233387358185,0.3460291734197731,0.5786061588330632,0.593192868719611,0.8152350081037277,0.6920583468395461,0.597001620745543,0.6351701782820096,9.53378045386347,217,0.0,9.381013070203018,0,186,0,31,advance,C=CC(=O)Cc1cc2c(Nc3cccc(Br)c3)ncnc2cn1
COC(C)(C)COc1cnccc1-c1[nH]c2c(c1Nc1ccc(Cl)c(F)c1C)C(=O)NCC2,9.136035149145584,0.0877880505683666,0.44952373159382286,472.94800000000026,5.010920000000003,88.27000000000001,3,5,4,7,0.3333333333333333,1,0.45,3.3196533333333353,False,,0,,0,,0,,0.7945205479452054,0.7376440363289678,1.0,0.17475728155339806,Osimertinib,0.20547945205479456,0.8252427184466019,0.8475571518885395,0.5195590780176282,1.0,0.9563106796116505,0.5195590780176282,0.8308567273794545,1.0,0.48044092198237176,0.5195590780176282,0.022267232678779947,9.004353073293034,-0.7150909350728442,-0.0,0.590038568958638,8.879300707178828,0.0,0.0,0.0,0.2255511524779647,0.0,0.2255511524779647,0.0,low,,8.653749554700864,True,pass,False,,0.86709886547812,0.3492706645056726,0.01620745542949757,0.2714748784440843,0.8824959481361426,0.45948136142625606,0.8152350081037277,0.8119935170178282,0.51677471636953,0.5976094003241491,9.499430366822263,225,0.0,9.370880835089842,0,187,0,38,advance,COC(C)(C)COc1cnccc1-c1[nH]c2c(c1Nc1cccc(F)c1C)C(=O)NCC2
CCOc1ccccc1-c1cc2c(N[C@H](CO)c3ccc(Cl)cc3)ncnc2[nH]1,8.652298577528617,0.10685782155648801,0.40794403699732057,408.88900000000007,4.8225000000000025,83.06,3,5,4,7,0.18181818181818182,0,0.0,3.242593333333334,False,,0,,0,,0,,0.8571428571428571,0.7321601067714235,1.0,0.2247191011235955,Osimertinib,0.1428571428571429,0.7752808988764045,0.7132741692926127,0.5496540921433981,1.0,0.9438202247191011,0.5496540921433981,0.801687121538778,1.0,0.4503459078566019,0.5496540921433981,-0.11788393632822047,8.492011845193884,-0.060263144820861314,-0.0,0.5468699839486356,8.978618684321658,0.0,0.0,0.010286732334732013,0.18793238482075236,0.0,0.19821911715548438,0.0,low,,8.780399567166173,True,pass,False,,0.6612641815235009,0.12155591572123177,0.05753646677471637,0.03484602917341977,0.8824959481361426,0.546191247974068,0.8152350081037277,0.7358184764991896,0.3374797406807132,0.487034035656402,9.383594373138514,260,0.0,9.364840409953855,0,188,0,72,advance,CCOc1ccccc1-c1cc2c(N[C@H](CO)c3ccccc3)ncnc2[nH]1
COc1cnccc1-c1cc2c(N[C@H](CO)c3ccccc3F)ncnc2[nH]1,8.321767847612342,0.07314667602633945,0.4756596282649301,379.39500000000004,3.3131000000000004,95.94999999999999,3,6,4,6,0.15,0,0.0,2.945966666666667,False,,0,,0,,0,,0.7741935483870968,0.6258847735879334,0.8652450428871514,0.25609756097560976,Afatinib,0.22580645161290325,0.7439024390243902,0.654239288684648,0.5983063852893014,1.0,0.8349093919214612,0.5983063852893014,0.7718637664738526,1.0,0.40169361471069864,0.5983063852893014,-0.1568326370522729,8.212047833572834,0.04876462826493004,-0.0,0.5410948956549114,8.801907357492675,0.0,0.0,0.0,0.1271170183883733,0.0,0.1271170183883733,0.0,low,,8.674790339104302,True,pass,False,,0.5640194489465153,0.4854132901134522,0.3987034035656402,0.3727714748784441,0.440032414910859,0.8435980551053485,0.8152350081037277,0.86709886547812,0.4852512155591572,0.5724068071312803,9.384208816163664,259,0.0,9.361678507661837,0,189,0,70,advance,COc1cnccc1-c1cc2c(N[C@H](CO)c3ccccc3)ncnc2[nH]1
Cc1ccccc1[C@@H](CO)Nc1ncnc2[nH]c(-c3ccc(CO)cc3)cc12,8.43506928312797,0.09413228690948043,0.41391200859578564,374.44400000000013,3.5711200000000014,94.06,4,5,4,6,0.18181818181818182,0,0.0,2.912960000000001,False,,0,,0,,0,,0.7454545454545455,0.647790499973434,0.9050736363153343,0.2,Afatinib,0.2545454545454545,0.8,0.6678747199453561,0.565614681650759,1.0,0.8788052272365008,0.565614681650759,0.7780736572081539,1.0,0.434385318349241,0.565614681650759,-0.14693191635039715,8.29387085276375,-0.004850173222396285,-0.0,0.5808138636242881,8.869834543165641,0.0,0.0,0.0,0.16798164793655124,0.0,0.16798164793655124,0.0,low,,8.70185289522909,True,pass,False,,0.6126418152350082,0.16774716369529985,0.5194489465153971,0.5145867098865479,0.5299837925445705,0.606969205834684,0.8152350081037277,0.7941653160453809,0.49007293354943277,0.5472852512155592,9.457922063424961,239,0.0,9.35859519668776,0,190,0,49,advance,OCc1ccc(-c2cc3c(N[C@H](CO)c4ccccc4)ncnc3[nH]2)cc1
C/C=C/C(=O)Cc1cc2c(Nc3cccc(Br)c3)ncnc2cc1F,8.677717053515252,0.22357243822032555,0.6153130938824319,400.25100000000003,4.9627000000000026,54.88,1,4,3,5,0.10526315789473684,0,0.0,2.435006666666667,False,,0,,0,,0,,0.7166666666666667,0.6517460317460317,0.9122655122655121,0.38461538461538464,Osimertinib,0.2833333333333333,0.6153846153846154,0.6379285566245851,0.694768099071235,1.0,0.8380452880452879,0.6379285566245851,0.792685485935277,1.0,0.36207144337541486,0.6379285566245851,-0.2063425724142558,8.342358396184764,0.26058840967190555,-0.0,0.5401817626817627,9.143128568538433,0.0,0.0,0.1853586573304883,0.07758930421926859,0.0,0.3754479615497569,0.15,low,uncertain_prediction,8.767680606988677,True,pass,False,,0.6823338735818476,0.7836304700162074,0.7658022690437601,0.6588330632090762,0.5445705024311183,0.9416531604538088,0.49027552674230146,0.32901134521880065,0.7104132901134522,0.678808752025932,9.995624516674576,122,0.0,9.357251109419796,0,191,69,0,advance,C/C=C/C(=O)Cc1ccc2ncnc(Nc3cccc(Br)c3)c2c1
COCCOc1cnc(F)cc1-c1[nH]c2c(c1Nc1cccc(F)c1C)C(=O)NCC2,8.664562154989556,0.14465104141810112,0.39441086177666607,428.4390000000002,3.718020000000002,88.27000000000001,3,5,4,7,0.2727272727272727,0,0.0,3.0229266666666685,False,,0,,0,,0,,0.8115942028985508,0.6992539055147751,0.9986434645723182,0.2111111111111111,Afatinib,0.18840579710144922,0.7888888888888889,0.6898848097547181,0.5506595637207561,1.0,0.9462048206514608,0.5506595637207561,0.7966872985317338,1.0,0.4493404362792439,0.5506595637207561,-0.14240331836935427,8.447585592862405,-0.031755410950606924,-0.0,0.5711101415053984,8.986940323417196,0.0,0.0,0.06697656212715167,0.1866755453490549,0.0,0.2536521074762066,0.0,low,,8.73328821594099,True,pass,False,,0.6774716369529984,0.09319286871961102,0.3379254457050243,0.20097244732576985,0.7593192868719612,0.5559157212317666,0.8152350081037277,0.5834683954619124,0.4143841166936791,0.5133306320907618,9.484201263449611,232,0.0,9.349284974449903,0,192,0,40,advance,COCCOc1cnccc1-c1[nH]c2c(c1Nc1cccc(F)c1C)C(=O)NCC2
Cc1c(CC(=O)/C=C\Cl)ncc2ncnc(Nc3cccc(Br)c3)c12,8.088400628079826,0.09998482998101198,0.6092838055589443,417.6940000000001,4.703420000000002,67.77,1,5,3,5,0.1111111111111111,0,0.0,2.5512933333333336,False,,0,,0,,0,,0.6721311475409836,0.5940278778598451,0.8073234142906274,0.2911392405063291,Sunvozertinib,0.3278688524590164,0.7088607594936709,0.5771107760332482,0.6869794263907527,1.0,0.7827077505913882,0.5771107760332482,0.7616994882538473,1.0,0.42288922396675177,0.5771107760332482,-0.24611828296079874,7.938423383108309,0.2377009166700554,-0.0,0.5620300650273156,8.738154364805679,0.0,0.0,0.0,0.15361152995843974,0.0,0.15361152995843974,0.0,low,,8.58454283484724,True,pass,False,,0.47649918962722854,0.7544570502431118,0.6880064829821718,0.8654781199351702,0.2576985413290113,0.700162074554295,0.8152350081037277,0.7714748784440842,0.641612641815235,0.6273500810372771,9.508089534983961,222,0.0,9.337362932091972,0,193,0,29,advance,O=C(/C=C\Cl)Cc1cc2c(Nc3cccc(Br)c3)ncnc2cn1
C/C=C/C(=O)Cc1cc2c(Nc3cccc(Br)c3)ncnc2cc1OC,8.54110364126417,0.16713193307800744,0.5878031137339145,412.2870000000001,4.832200000000004,64.11,1,5,3,6,0.15,0,0.0,2.615246666666667,False,,0,,0,,0,,0.6935483870967742,0.6485553916520546,0.9064643484582809,0.41025641025641024,Osimertinib,0.30645161290322576,0.5897435897435898,0.6432835571614374,0.6727053022972427,1.0,0.8272841587796081,0.6432835571614374,0.7858182545595721,1.0,0.35671644283856263,0.6432835571614374,-0.19004626319751283,8.29040574164716,0.21051611373391443,-0.0,0.5414423898440988,9.042364245225173,0.0,0.0,0.10069789961701116,0.0708955535482033,0.0,0.28409345316521445,0.15,low,uncertain_prediction,8.758270792059959,True,pass,False,,0.640194489465154,0.7090761750405187,0.6215559157212318,0.7633711507293355,0.5332252836304701,0.9497568881685575,0.49027552674230146,0.513776337115073,0.6758103727714749,0.6599270664505672,9.853336692550943,159,0.0,9.32518327180064,0,194,35,0,advance,C/C=C/C(=O)Cc1ccc2ncnc(Nc3cccc(Br)c3)c2c1
COc1c(CC(=O)/C=C\Cl)ncc2ncnc(Nc3cccc(Br)c3)c12,8.127156107971965,0.09646370562365988,0.5805333048727502,433.69300000000004,4.403600000000003,77.0,1,6,3,6,0.1111111111111111,0,0.0,2.757953333333334,False,,0,,0,,0,,0.640625,0.5725596892986051,0.768290344179282,0.3058823529411765,Osimertinib,0.359375,0.6941176470588235,0.5892644330564293,0.6632181894748845,1.0,0.7497471698991673,0.5892644330564293,0.7505574481076203,1.0,0.4107355669435707,0.5892644330564293,-0.21505735340158805,7.9824605495364755,0.17795141598386124,-0.0,0.5620266301624676,8.722438595682805,0.0,0.0,0.0,0.13841945867946343,0.0,0.13841945867946343,0.0,low,,8.584019137003342,True,pass,False,,0.4959481361426256,0.6985413290113452,0.5640194489465153,0.9489465153970826,0.1280388978930308,0.7828200972447326,0.8152350081037277,0.7828200972447326,0.6372771474878445,0.616612641815235,9.487171172668218,229,0.0,9.323954307181623,0,195,0,34,advance,O=C(/C=C\Cl)Cc1cc2c(Nc3cccc(Br)c3)ncnc2cn1
COc1ccc(N)cc1-c1cc2c(N[C@H](CO)c3ccccc3)ncnc2[nH]1,9.26362707645985,0.2286398428270589,0.3848535059673296,375.432,3.3612,109.08000000000001,4,6,4,6,0.14285714285714285,0,0.0,2.9195466666666667,False,,1,aniline,0,,0,,0.8214285714285714,0.7421161933430575,1.0,0.2558139534883721,Osimertinib,0.1785714285714286,0.7441860465116279,0.7808588791360211,0.5493791718717749,0.88,0.936046511627907,0.5493791718717749,0.7865711406589257,0.936046511627907,0.3866673397561321,0.6133326602438679,-0.007616348697206177,8.920667312219262,-0.038792779746956114,-0.2,0.5536129568106313,9.235487489282939,0.0,0.0,0.19295976424058836,0.10833417469516514,0.0,0.4137939389357535,0.15,low,uncertain_prediction,8.821693550347184,True,pass,False,,0.9367909238249594,0.07374392220421394,0.5081037277147488,0.16774716369529985,0.8824959481361426,0.9084278768233387,0.49027552674230146,0.3192868719611021,0.5460696920583468,0.6037682333873581,9.890771119752955,146,0.0,9.321215430412014,0,196,50,0,advance,COc1ccccc1-c1cc2c(N[C@H](CO)c3ccccc3)ncnc2[nH]1
CNc1ncc2ncnc(Nc3cc(Br)cc(OC)c3)c2n1,7.877252306246279,0.06822373215014176,0.7389979395132379,361.2030000000001,2.9762000000000013,84.85000000000001,2,7,3,4,0.14285714285714285,0,0.0,2.0746866666666675,False,,0,,0,,0,,0.6666666666666666,0.5628253968253969,0.7505916305916306,0.25316455696202533,Osimertinib,0.33333333333333337,0.7468354430379747,0.5465564640564706,0.7766532257066399,1.0,0.7496525837032166,0.5465564640564706,0.7682155683665818,1.0,0.4534435359435294,0.5465564640564706,-0.2955454724134815,7.774916708021067,0.44208065379895206,-0.0,0.5616985405593,8.778695902379319,0.0,0.0,0.0,0.19180441992941172,0.0,0.19180441992941172,0.0,low,,8.586891482449907,True,pass,False,,0.3565640194489465,0.9440842787682334,0.8857374392220422,0.8792544570502431,0.08427876823338736,0.5218800648298217,0.8152350081037277,0.8881685575364667,0.6579821717990275,0.6116288492706644,9.568274508538153,209,0.0,9.320846101574704,0,197,0,12,advance,CNc1ncc2ncnc(Nc3cccc(Br)c3)c2n1
COc1c(Cl)cccc1-c1cc2c(N[C@H](CO)c3ccccc3)ncnc2[nH]1,9.140961843779131,0.27000784885588186,0.45022819028764105,394.8620000000001,4.432400000000003,83.06,3,5,4,6,0.14285714285714285,0,0.0,3.049080000000001,False,,0,,0,,0,,0.7457627118644068,0.6900287830676705,0.9818705146684916,0.25287356321839083,Osimertinib,0.2542372881355932,0.7471264367816092,0.7212349667456655,0.5803531969658948,1.0,0.923184495196771,0.5803531969658948,0.8061931647270829,1.0,0.4196468030341052,0.5803531969658948,-0.11327759730855658,8.735950070495308,0.007151904573355234,-0.0,0.5840123393626226,9.327114314431286,0.0,0.0,0.2550117732838228,0.14955850379263147,0.0,0.5170702770764543,0.15,low,uncertain_prediction,8.810044037354832,True,pass,False,,0.8719611021069692,0.35980551053484605,0.31118314424635335,0.5032414910858996,0.7301458670988655,0.7350081037277147,0.49027552674230146,0.23987034035656402,0.6116693679092382,0.6045380875202593,10.061117555922372,104,0.0,9.310489742379144,0,198,94,0,advance,COc1ccccc1-c1cc2c(N[C@H](CO)c3ccccc3)ncnc2[nH]1
[2H]C([2H])([2H])Oc1ccccc1-c1cc2c(N[C@H](CO)c3cccc(N)c3)ncnc2[nH]1,9.096535816217672,0.1577755050815306,0.3831487512444499,378.45030533400006,3.3612,109.07999999999998,4,6,4,6,0.14285714285714285,0,0.0,2.939668702226667,False,,1,aniline,0,,0,,0.8448275862068966,0.70437599984238,1.0,0.20652173913043478,Osimertinib,0.15517241379310343,0.7934782608695652,0.7886911004973467,0.5476676323295757,0.88,0.9483695652173914,0.5476676323295757,0.7911820745110785,0.9483695652173914,0.40070193288781564,0.5992980671121844,-0.003321298684975771,8.859872558595377,-0.043515839803835894,-0.2,0.557871064467766,9.174227783259308,0.0,0.0,0.08666325762229589,0.12587741610976955,0.0,0.3250406737320654,0.15,low,uncertain_prediction,8.849187109527243,True,pass,False,,0.8411669367909238,0.055105348460291734,0.41166936790923825,0.06320907617504051,0.8824959481361426,0.8606158833063209,0.49027552674230146,0.546191247974068,0.46393841166936794,0.5587520259319287,9.73095387726255,175,0.0,9.294689540645559,0,199,24,0,advance,[2H]C([2H])([2H])Oc1ccccc1-c1cc2c(N[C@H](CO)c3ccccc3)ncnc2[nH]1
COc1ccccc1[C@@H](CO)Nc1ncnc2[nH]c(-c3ccc(CO)cc3)cc12,8.402062417548793,0.03422811145102333,0.38618377078597177,390.44300000000015,3.271300000000001,103.29,4,6,4,7,0.18181818181818182,0,0.0,3.1196200000000016,False,,0,,0,,0,,0.7192982456140351,0.6482724225747907,0.905949859226892,0.2159090909090909,Osimertinib,0.2807017543859649,0.7840909090909091,0.7015559263714819,0.5424156893168999,1.0,0.8754851216928963,0.5424156893168999,0.7798641843453196,1.0,0.4575843106831001,0.5424156893168999,-0.10441101063178349,8.350720250372257,-0.06357741103221026,-0.0,0.5880305270076799,8.875173366347727,0.0,0.0,0.0,0.19698038835387516,0.0,0.19698038835387516,0.0,low,,8.678192977993852,True,pass,False,,0.5948136142625607,0.07860615883306321,0.18071312803889789,0.6442463533225283,0.5316045380875203,0.5113452188006483,0.8152350081037277,0.9821717990275527,0.43934359805510537,0.5076580226904376,9.402385684013854,252,0.0,9.287382605222378,0,200,0,52,advance,OCc1ccc(-c2cc3c(N[C@H](CO)c4ccccc4)ncnc3[nH]2)cc1
[2H]C([2H])([2H])Oc1c(Cl)cccc1-c1cc2c(N[C@H](CO)c3ccccc3)ncnc2[nH]1,9.137796175323112,0.25563614122389394,0.44791007508758707,397.88030533400007,4.432400000000003,83.06,3,5,4,6,0.14285714285714285,0,0.0,3.069202035560001,False,,0,,0,,0,,0.7704918032786885,0.665105608593932,0.9365556519889671,0.23076923076923078,Osimertinib,0.2295081967213115,0.7692307692307692,0.7305037449740523,0.5783043091612499,1.0,0.8947244312994176,0.5783043091612499,0.80088312135868,1.0,0.42169569083875014,0.5783043091612499,-0.09383916851283669,8.75434196348727,0.0018154840393012576,-0.0,0.5681868322910627,9.324344279817636,0.0,0.0,0.23345421183584092,0.15211961354843767,0.0,0.4980738253842786,0.15,low,uncertain_prediction,8.826270454433358,True,pass,False,,0.8687196110210696,0.31280388978930307,0.28282009724473256,0.39708265802269044,0.6231766612641815,0.7179902755267423,0.49027552674230146,0.26094003241491087,0.57532414910859,0.5717179902755267,10.014733258747944,115,0.0,9.28733204276399,0,201,86,0,advance,[2H]C([2H])([2H])Oc1ccccc1-c1cc2c(N[C@H](CO)c3ccccc3)ncnc2[nH]1
COc1cc(C(N)=O)c(C)cc1-c1cc2c(N[C@H](C)c3ccccc3)ncnc2[nH]1,8.920884726663836,0.1688762586502015,0.4486198580311708,401.4700000000001,4.2139200000000026,105.91999999999999,3,5,4,6,0.17391304347826086,0,0.0,3.093133333333334,False,,0,,0,,0,,0.7741935483870968,0.6569570193668866,0.9217400352125209,0.24719101123595505,Osimertinib,0.22580645161290325,0.752808988764045,0.7370078006108179,0.5777742552504772,1.0,0.8795072736004019,0.5777742552504772,0.7985723323654244,1.0,0.4222257447495228,0.5777742552504772,-0.08208604233947514,8.667570338688533,0.0020411623789968088,-0.0,0.5578906086581501,9.22750210972568,0.0,0.0,0.10331438797530225,0.1527821809369035,0.0,0.3685965689122057,0.15,low,uncertain_prediction,8.858905540813474,True,pass,False,,0.7585089141004863,0.32982171799027554,0.26904376012965964,0.3727714748784441,0.5769854132901134,0.706645056726094,0.49027552674230146,0.5024311183144247,0.5222042139384117,0.5437196110210696,9.854147166451774,158,0.0,9.286369074038758,0,202,44,0,advance,COc1cc(C(N)=O)ccc1-c1cc2c(N[C@H](C)c3ccccc3)ncnc2[nH]1
COCCOc1cnccc1-c1[nH]c2c(c1Nc1c(N)ccc(F)c1C)C(=O)NCC2,8.661177511569877,0.1131441650563941,0.341548044325826,425.4640000000002,3.1611200000000013,114.28999999999999,4,6,4,7,0.2727272727272727,0,0.0,3.003093333333335,False,,1,aniline,0,,0,,0.7714285714285715,0.7165768831879612,1.0,0.18811881188118812,Gefitinib,0.22857142857142854,0.8118811881188119,0.7110934623529933,0.5223478346356145,0.88,0.9529702970297029,0.5223478346356145,0.7666028985045776,0.9529702970297029,0.4306224623940884,0.5693775376059116,-0.07401258153544577,8.491461263985286,-0.08164322840144696,-0.2,0.5964214992927864,8.806239534876626,0.0,0.0,0.019716247584591146,0.16327807799261052,0.0,0.18299432557720166,0.0,low,,8.623245209299425,True,pass,False,,0.6693679092382496,0.011345218800648298,0.35899513776337116,0.39303079416531606,0.8824959481361426,0.6191247974068071,0.8152350081037277,0.7098865478119936,0.43594003241491086,0.5448946515397083,9.329367573774519,268,0.0,9.277118791147075,0,203,0,65,advance,COCCOc1cnccc1-c1[nH]c2c(c1Nc1cccc(F)c1C)C(=O)NCC2
COc1cnccc1-c1cc2c(N[C@H](CO)c3ccccc3C)ncnc2[nH]1,8.253141490812508,0.10389967408600248,0.47744401018345334,375.4320000000001,3.482420000000001,95.94999999999999,3,6,4,6,0.19047619047619047,0,0.0,2.919546666666667,False,,0,,0,,0,,0.7868852459016393,0.6354664216911752,0.882666221256682,0.20652173913043478,Osimertinib,0.21311475409836067,0.7934782608695652,0.6155556008429254,0.600303949190643,1.0,0.8603692311599029,0.600303949190643,0.7690571952983678,1.0,0.399696050809357,0.600303949190643,-0.20466879260725657,8.097291979683504,0.058559629231072344,-0.0,0.5546116729193024,8.710463281833878,0.0,0.0,0.005849511129003712,0.12462006351169626,0.0,0.13046957464069997,0.0,low,,8.579993707193179,True,pass,False,,0.539708265802269,0.49432739059967584,0.49351701782820095,0.3055105348460292,0.4886547811993517,0.8654781199351702,0.8152350081037277,0.7520259319286872,0.4768638573743922,0.5705024311183144,9.28269991068315,276,0.0,9.264596624535155,0,204,0,72,advance,COc1cnccc1-c1cc2c(N[C@H](CO)c3ccccc3)ncnc2[nH]1
COC(=O)CCNc1c(Br)cccc1Nc1ncnc2ccncc12,8.518946167088977,0.185349648133704,0.6103071143711624,402.2520000000001,3.5059000000000005,89.03,2,7,3,6,0.17647058823529413,0,0.0,2.5483466666666676,False,,0,,0,,0,,0.8070175438596491,0.7471097234611953,1.0,0.3026315789473684,Afatinib,0.19298245614035092,0.6973684210526316,0.6249917880786515,0.6876555795708059,1.0,0.924342105263158,0.6249917880786515,0.8092473682281539,1.0,0.3750082119213485,0.6249917880786515,-0.2456741068660031,8.24092169488842,0.24570217319469162,-0.0,0.5460526315789473,9.03267649966206,0.0,0.0,0.128024472200556,0.09376026490168561,0.0,0.3342847371022416,0.15,low,uncertain_prediction,8.698391762559819,True,pass,False,,0.6337115072933549,0.7682333873581848,0.7050243111831442,0.22204213938411668,0.8824959481361426,0.9286871961102107,0.49027552674230146,0.44084278768233387,0.5889789303079416,0.6502431118314426,9.73945121603159,173,0.0,9.25368349675755,0,205,32,0,advance,O=C(O)CCNc1c(Br)cccc1Nc1ncnc2ccncc12
CCOc1ccccc1-c1cc2c(N[C@H](CO)c3ccccc3OC)ncnc2[nH]1,8.471552411415901,0.08661359346463621,0.40805553222987834,404.4700000000001,4.1777000000000015,92.28999999999999,3,6,4,8,0.21739130434782608,0,0.0,3.313133333333334,False,,0,,0,,0,,0.8035714285714286,0.7215544313687804,1.0,0.21839080459770116,Osimertinib,0.1964285714285714,0.7816091954022988,0.68225858742873,0.547002337598228,1.0,0.9454022988505747,0.547002337598228,0.7936658059693832,1.0,0.45299766240177197,0.547002337598228,-0.14854295805420414,8.341632021218947,-0.06717533733533913,-0.0,0.5728756157635467,8.847332299647155,0.0,0.0,0.0,0.19124707800221497,0.0,0.19124707800221497,0.0,low,,8.65608522164494,True,pass,False,,0.6239870340356564,0.13614262560777957,0.029983792544570502,0.233387358184765,0.8824959481361426,0.5299837925445705,0.8152350081037277,0.8184764991896273,0.3591977309562399,0.4976499189627229,9.278369576794642,278,0.0,9.253265124400206,0,206,0,72,advance,CCOc1ccccc1-c1cc2c(N[C@H](CO)c3ccccc3)ncnc2[nH]1
COC(C)(C)COc1cnccc1-c1[nH]c2c(c1Nc1c(C)ccc(F)c1C)C(=O)NCC2,8.790755715930509,0.17722526667129432,0.4850605147304438,452.53000000000026,4.665940000000003,88.27000000000001,3,5,4,7,0.36,0,0.0,3.183533333333335,False,,0,,0,,0,,0.8028169014084507,0.740455272173582,1.0,0.17475728155339806,Gefitinib,0.19718309859154926,0.8252427184466019,0.6986312423127211,0.5943396933581543,1.0,0.9563106796116505,0.5943396933581543,0.8123204038206315,1.0,0.4056603066418457,0.5943396933581543,-0.15158554867721374,8.524917815923567,0.04353051473044358,-0.0,0.5863052099001778,9.15475354055419,0.0,0.0,0.11583790000694147,0.13207538330230717,0.0,0.3604132833092486,0.15,low,uncertain_prediction,8.79434025724494,True,pass,False,,0.7163695299837926,0.5210696920583469,0.11912479740680713,0.23824959481361427,0.8824959481361426,0.7957860615883307,0.49027552674230146,0.4700162074554295,0.49209886547811993,0.5691653160453809,9.745272179127934,171,0.0,9.252338636499397,0,207,36,0,advance,COC(C)(C)COc1cnccc1-c1[nH]c2c(c1Nc1cccc(F)c1C)C(=O)NCC2
[2H]C([2H])([2H])Oc1ccccc1-c1cc2c(N[C@H](CO)c3ccccc3OC)ncnc2[nH]1,8.334472893018024,0.07687974405958803,0.44244447474168586,393.4613053340001,3.787600000000002,92.28999999999999,3,6,4,7,0.18181818181818182,0,0.0,3.1397420355600008,False,,0,,0,,0,,0.8070175438596491,0.7044945493462533,1.0,0.2159090909090909,Osimertinib,0.19298245614035092,0.7840909090909091,0.6548024024127943,0.5725851520479273,1.0,0.9460227272727273,0.5725851520479273,0.7933525704333622,1.0,0.42741484795207274,0.5725851520479273,-0.18473355736075725,8.219153276928642,-0.010335012410496062,-0.0,0.5720693779904307,8.780887642508578,0.0,0.0,0.0,0.15926855994009093,0.0,0.15926855994009093,0.0,low,,8.621619082568486,True,pass,False,,0.5705024311183144,0.26418152350081037,0.13371150729335493,0.22204213938411668,0.8824959481361426,0.6596434359805511,0.8152350081037277,0.8557536466774717,0.37402755267423016,0.5248784440842788,9.229720705717654,296,0.0,9.25147321546962,0,208,0,88,advance,[2H]C([2H])([2H])Oc1ccccc1-c1cc2c(N[C@H](CO)c3ccccc3)ncnc2[nH]1
COCCOc1cnc(C)cc1-c1[nH]c2c(c1Nc1cccc(F)c1C)C(=O)NCC2,8.715729523280055,0.17712317317417933,0.5010771966005143,424.4760000000002,3.887340000000002,88.27000000000001,3,5,4,7,0.30434782608695654,0,0.0,2.9965066666666687,False,,0,,0,,0,,0.8115942028985508,0.6992539055147751,0.9986434645723182,0.2111111111111111,Afatinib,0.18840579710144922,0.7888888888888889,0.6799461595980884,0.6103422017200264,1.0,0.9462048206514608,0.6103422017200264,0.8091232954923939,1.0,0.3896577982799736,0.6103422017200264,-0.17223618119240736,8.450044763518786,0.0820359792092097,-0.0,0.5711101415053984,9.103190884233394,0.0,0.0,0.11568475976126899,0.11207224784996701,0.0,0.340257007611236,0.15,low,uncertain_prediction,8.762933876622158,True,pass,False,,0.6920583468395461,0.5721231766612642,0.3703403565640194,0.20097244732576985,0.7593192868719612,0.9003241491085899,0.49027552674230146,0.473257698541329,0.5215964343598055,0.5892220421393842,9.72910660546516,176,0.0,9.24500032718942,0,209,33,0,advance,COCCOc1cnccc1-c1[nH]c2c(c1Nc1cccc(F)c1C)C(=O)NCC2
COCCOc1cnccc1-c1[nH]c2c(c1Nc1ccc(OC)c(F)c1C)C(=O)NCC2,8.813228410898873,0.16803532245762848,0.46341515758014057,440.47500000000025,3.5875200000000023,97.5,3,6,4,8,0.30434782608695654,0,0.0,3.203166666666668,False,,0,,0,,0,,0.7971014492753623,0.7619320251427949,1.0,0.18811881188118812,Gefitinib,0.2028985507246377,0.8118811881188119,0.7106823770043783,0.5816796187203593,1.0,0.9529702970297029,0.5816796187203593,0.8113330731886101,1.0,0.41832038127964066,0.5816796187203593,-0.13420092824564245,8.56117542721243,0.013374940188836018,-0.0,0.5848687042617305,9.159419071662995,0.0,0.0,0.10205298368644271,0.14790047659955086,0.0,0.36245346028599357,0.15,low,uncertain_prediction,8.796965611377003,True,pass,False,,0.7260940032414911,0.40761750405186387,0.09481361426256078,0.25283630470016205,0.8824959481361426,0.7520259319286872,0.49027552674230146,0.5056726094003241,0.4730551053484603,0.5514991896272285,9.727085198081147,178,0.0,9.233764638929678,0,210,32,0,advance,COCCOc1cnccc1-c1[nH]c2c(c1Nc1cccc(F)c1C)C(=O)NCC2
CCOc1ccccc1-c1cc2c(N[C@H](CO)c3ccc(N)cc3)ncnc2[nH]1,8.684969436570542,0.1077769261665275,0.35850834186981706,389.45900000000006,3.7513000000000005,109.07999999999998,4,6,4,7,0.18181818181818182,0,0.0,3.1130600000000004,False,,1,aniline,0,,0,,0.8727272727272727,0.7446251063005717,1.0,0.2073170731707317,Afatinib,0.12727272727272732,0.7926829268292683,0.7207985108260663,0.5274465111053225,0.88,0.9481707317073171,0.5274465111053225,0.7691039384096765,0.9481707317073171,0.42072422060199466,0.5792757793980053,-0.06440723677814697,8.523304047320751,-0.09026883994836477,-0.2,0.5450776053215078,8.778112812693895,0.0,0.0,0.011665389249791235,0.15090527575249335,0.0,0.1625706650022846,0.0,low,,8.61554214769161,True,pass,False,,0.6839546191247974,0.022690437601296597,0.22447325769854132,0.019448946515397084,0.8824959481361426,0.7277147487844409,0.8152350081037277,0.7325769854132901,0.34987844408427876,0.5121555915721232,9.197966945595029,307,0.0,9.230128857578158,0,211,0,96,advance,CCOc1ccccc1-c1cc2c(N[C@H](CO)c3ccccc3)ncnc2[nH]1
CN(CCC(=O)O)c1c(Br)cccc1Nc1ncnc2ccncc12,8.143409426317767,0.14189522563848558,0.6527613863455735,402.2520000000001,3.4418000000000015,91.24000000000001,2,6,3,6,0.17647058823529413,0,0.0,2.5483466666666676,False,,0,,0,,0,,0.8545454545454545,0.7703979891076665,1.0,0.3424657534246575,Afatinib,0.1454545454545455,0.6575342465753424,0.5615256986325019,0.711005429156732,1.0,0.9143835616438356,0.5615256986325019,0.7967286723582674,1.0,0.4384743013674981,0.5615256986325019,-0.3136039649676874,7.930566587860039,0.2881564451691027,-0.0,0.5127148194271482,8.731437852456288,0.0,0.0,0.06284283845772837,0.17309287670937262,0.0,0.235935715167101,0.0,low,,8.495502137289188,True,pass,False,,0.5008103727714749,0.8541329011345219,0.7050243111831442,0.03970826580226904,0.8824959481361426,0.5883306320907618,0.8152350081037277,0.6029173419773096,0.5098865478119936,0.6115883306320907,9.34330170983068,265,0.0,9.229408134047697,0,212,0,53,advance,O=C(O)CCNc1c(Br)cccc1Nc1ncnc2ccncc12
COc1ccccc1-c1cc2c(N[C@H](CO)c3ccccc3OC)ncnc2[nH]1,8.319708269362463,0.08163094038772638,0.44466944173762346,390.4430000000001,3.7876000000000003,92.28999999999999,3,6,4,7,0.18181818181818182,0,0.0,3.1196200000000007,False,,0,,0,,0,,0.8301886792452831,0.7283587021993586,1.0,0.2261904761904762,Osimertinib,0.16981132075471694,0.7738095238095238,0.6477854090692073,0.5745828083403083,1.0,0.9434523809523809,0.5745828083403083,0.7914551495904741,1.0,0.4254171916596917,0.5745828083403083,-0.19155965402835573,8.197261858780873,-0.0050917400805584635,-0.0,0.5585579514824798,8.750728070182793,0.0,0.0,0.0,0.15677148957461468,0.0,0.15677148957461468,0.0,low,,8.593956580608179,True,pass,False,,0.5623987034035657,0.2965964343598055,0.19367909238249595,0.12641815235008103,0.8824959481361426,0.6839546191247974,0.8152350081037277,0.839546191247974,0.3667341977309562,0.5253646677471637,9.190809107459941,309,0.0,9.224394181904776,0,213,0,96,advance,COc1ccccc1-c1cc2c(N[C@H](CO)c3ccccc3)ncnc2[nH]1
C=CC(=O)Cc1cc2c(Nc3ccc(F)c(Br)c3)ncnc2cn1,8.43349125504705,0.18325249770277993,0.6714894018025248,387.212,3.9676000000000027,67.77000000000001,1,5,3,5,0.058823529411764705,0,0.0,2.34808,False,,0,,0,,0,,0.7192982456140351,0.6470882330753828,0.9037967874097868,0.47761194029850745,Sunvozertinib,0.2807017543859649,0.5223880597014925,0.6050960653698166,0.7290084017606195,1.0,0.8084446054827131,0.6050960653698166,0.7856372681532873,1.0,0.39490393463018336,0.6050960653698166,-0.24072160371129425,8.15861250849288,0.3251597547437013,-0.0,0.5089814042365786,8.99275366747316,0.0,0.0,0.12487874655416989,0.11862991828772922,0.0,0.3560086648418991,0.15,low,uncertain_prediction,8.63674500263126,True,pass,False,,0.6094003241491086,0.8857374392220422,0.8371150729335495,0.6442463533225283,0.5283630470016207,0.8833063209076175,0.49027552674230146,0.44894651539708263,0.7057941653160454,0.6764586709886549,9.839706665852415,163,0.0,9.223495407817646,0,214,51,0,advance,C=CC(=O)Cc1cc2c(Nc3cccc(Br)c3)ncnc2cn1
COc1c(-c2cc3c(N[C@H](C)c4ccccc4)ncnc3[nH]2)ccc(C(N)=O)c1F,8.800491484624859,0.15548525554191805,0.4488194178263118,405.43300000000016,4.044600000000002,105.91999999999999,3,5,4,6,0.13636363636363635,0,0.0,3.119553333333335,False,,0,,0,,0,,0.6818181818181818,0.6021206584040303,0.8220375607346004,0.24444444444444444,Osimertinib,0.31818181818181823,0.7555555555555555,0.716283192276872,0.576867859291651,1.0,0.8054170594398392,0.576867859291651,0.7746420277520905,1.0,0.42313214070834904,0.576867859291651,-0.07781178063362482,8.567263601311982,-0.005477218537324779,-0.0,0.575357875032135,9.137144257806792,0.0,0.0,0.08322788331287707,0.1539151758854363,0.0,0.34964305919831334,0.15,low,uncertain_prediction,8.787501198608478,True,pass,False,,0.7228525121555915,0.3354943273905997,0.20421393841166938,0.8217179902755267,0.3038897893030794,0.6944894651539708,0.49027552674230146,0.5494327390599676,0.5873581847649918,0.5461102106969205,9.841974079524782,162,0.0,9.217833451444783,0,215,53,0,advance,COc1cc(C(N)=O)ccc1-c1cc2c(N[C@H](C)c3ccccc3)ncnc2[nH]1
OCc1ccc(-c2cc3c(N[C@H](CO)c4ccccc4Cl)ncnc3[nH]2)cc1,8.389192295282934,0.08492907306854333,0.39745874990788893,394.862,3.916100000000003,94.06,4,5,4,6,0.14285714285714285,0,0.0,3.0490800000000005,False,,0,,0,,0,,0.7454545454545455,0.6334226838814799,0.8789503343299634,0.1927710843373494,Sunvozertinib,0.2545454545454545,0.8072289156626506,0.662847722672753,0.5513300047570313,1.0,0.8610199796631353,0.5513300047570313,0.7687994267732299,1.0,0.4486699952429687,0.5513300047570313,-0.14126893880063585,8.26179868568012,-0.04561753580639683,-0.0,0.5764517128267406,8.792632862700463,0.0,0.0,0.0,0.18583749405371086,0.0,0.18583749405371086,0.0,low,,8.606795368646752,True,pass,False,,0.5899513776337115,0.10210696920583469,0.3241491085899514,0.5145867098865479,0.47649918962722854,0.5640194489465153,0.8152350081037277,0.8249594813614263,0.43743922204213936,0.5029983792544571,9.317559929151031,271,0.0,9.2103934237521,0,216,0,55,advance,OCc1ccc(-c2cc3c(N[C@H](CO)c4ccccc4)ncnc3[nH]2)cc1
Nc1ccccc1[C@@H](CO)Nc1ncnc2[nH]c(-c3ccc(CO)cc3)cc12,8.426592155010836,0.06300254833241525,0.3306000523812286,375.43200000000013,2.844900000000001,120.08,5,6,4,6,0.14285714285714285,0,0.0,2.9195466666666676,False,,1,aniline,0,,0,,0.7592592592592593,0.6446530994317762,0.8993692716941384,0.1875,Afatinib,0.2407407407407407,0.8125,0.6875462549200182,0.5195397723994193,0.88,0.8776519537706038,0.5195397723994193,0.7411844952725104,0.88,0.3604602276005807,0.6395397723994193,-0.07151765380332276,8.332088332512212,-0.09304623333305728,-0.2,0.5769256512568679,8.615967750436024,0.0,0.0,0.0,0.07557528450072591,0.0,0.07557528450072591,0.0,low,,8.540392465935298,True,pass,False,,0.6029173419773096,0.004051863857374392,0.47974068071312803,0.4359805510534846,0.5186385737439222,0.9448946515397083,0.8152350081037277,0.9108589951377634,0.4312803889789304,0.5464748784440843,9.13350421721074,326,0.0,9.196162320068199,0,217,0,109,advance,OCc1ccc(-c2cc3c(N[C@H](CO)c4ccccc4)ncnc3[nH]2)cc1
COc1cc(C(N)=O)cc(OC)c1-c1cc2c(N[C@H](C)c3ccccc3)ncnc2[nH]1,8.935033196077102,0.16566815057386344,0.4198591331256397,417.4690000000001,3.914100000000002,115.15,3,6,4,7,0.17391304347826086,0,0.0,3.299793333333334,False,,0,,0,,0,,0.7966101694915254,0.7167619503037387,1.0,0.25882352941176473,Osimertinib,0.2033898305084746,0.7411764705882353,0.742790593617571,0.5540073950139737,1.0,0.9352941176470588,0.5540073950139737,0.8080230265696509,1.0,0.44599260498602633,0.5540073950139737,-0.08697657726943975,8.686530970216307,-0.0577185625265343,-0.0,0.5638783649052841,9.192690772595055,0.0,0.0,0.09850222586079516,0.1824907562325329,0.0,0.39349298209332806,0.15,low,uncertain_prediction,8.799197790501728,True,pass,False,,0.7633711507293355,0.18881685575364668,0.04862236628849271,0.2585089141004862,0.8824959481361426,0.5737439222042139,0.49027552674230146,0.5170178282009724,0.4402755267423015,0.50854943273906,9.721021404685818,179,0.0,9.1844571097886,0,218,39,0,advance,COc1cc(C(N)=O)ccc1-c1cc2c(N[C@H](C)c3ccccc3)ncnc2[nH]1
COC(C)(C)COc1cncc(F)c1-c1[nH]c2c(c1Nc1cccc(F)c1C)C(=O)NCC2,8.751433445113873,0.17820162012439095,0.48741695697455645,456.4930000000002,4.496620000000003,88.27000000000001,3,5,4,7,0.3333333333333333,0,0.0,3.2099533333333348,False,,0,,0,,0,,0.8169014084507042,0.7044611195731106,1.0,0.1827956989247312,Afatinib,0.18309859154929575,0.8172043010752688,0.6881172271913947,0.5946195827462624,1.0,0.9543010752688172,0.5946195827462624,0.8092594713016186,1.0,0.40538041725373763,0.5946195827462624,-0.1615229921469652,8.484131014927287,0.03925729030788961,-0.0,0.5775556565197637,9.10094396175494,0.0,0.0,0.11730243018658641,0.13172552156717204,0.0,0.36152795175375846,0.15,low,uncertain_prediction,8.73941601000118,True,pass,False,,0.6952998379254457,0.5324149108589952,0.08346839546191248,0.1880064829821718,0.8824959481361426,0.8030794165316045,0.49027552674230146,0.4683954619124797,0.4694894651539708,0.5566045380875204,9.664331319939704,187,0.0,9.182341455706206,0,219,32,0,advance,COC(C)(C)COc1cnccc1-c1[nH]c2c(c1Nc1cccc(F)c1C)C(=O)NCC2
COc1cnccc1-c1cc2c(N[C@H](CO)c3ccccc3OC)ncnc2[nH]1,8.292568212389414,0.06934719598039446,0.44425965533433504,391.4310000000001,3.1826000000000008,105.18,3,7,4,7,0.19047619047619047,0,0.0,3.126206666666668,False,,0,,0,,0,,0.8275862068965517,0.6817437926058616,0.9668068956470209,0.21348314606741572,Osimertinib,0.1724137931034483,0.7865168539325843,0.6495990159110774,0.5741040924851664,1.0,0.9217343852184118,0.5741040924851664,0.7863593734036638,1.0,0.42589590751483364,0.5741040924851664,-0.1823471433234486,8.188547418418823,-0.005623725618046069,-0.0,0.5552429869880823,8.73816667978886,0.0,0.0,0.0,0.15736988439354205,0.0,0.15736988439354205,0.0,low,,8.580796795395317,True,pass,False,,0.5526742301458671,0.2779578606158833,0.17017828200972449,0.13614262560777957,0.7017828200972447,0.6709886547811994,0.8152350081037277,0.8816855753646677,0.3570502431118315,0.5010129659643436,9.166626971523057,314,0.0,9.18201235455253,0,220,0,94,advance,COc1cnccc1-c1cc2c(N[C@H](CO)c3ccccc3)ncnc2[nH]1
Nc1cccc([C@@H](CO)Nc2ncnc3[nH]c(-c4ccc(CO)cc4)cc23)c1,9.009826052166453,0.10583163424356959,0.3306000523812286,375.43200000000013,2.844900000000001,120.08,5,6,4,6,0.14285714285714285,0,0.0,2.9195466666666676,False,,1,aniline,0,,0,,0.8113207547169812,0.6805025227968959,0.9645500414489016,0.17857142857142858,Sunvozertinib,0.18867924528301883,0.8214285714285714,0.8033743690711145,0.5195397723994193,0.88,0.9287696739438189,0.5195397723994193,0.7829209538535882,0.9287696739438189,0.40922990154439964,0.5907700984556004,0.027271220290035036,8.851078600801099,-0.09304623333305728,-0.2,0.5724717421681553,9.130504109636197,0.0,0.0,0.008747451365354375,0.13653737693049955,0.0,0.29528482829585395,0.2,low,potency_dominates_drug_likeness,8.835219281340343,True,pass,False,,0.807131280388979,0.004051863857374392,0.47974068071312803,0.20502431118314424,0.6888168557536467,0.7893030794165316,0.3184764991896272,0.7406807131280388,0.4769854132901135,0.5279173419773096,9.702886605584334,182,0.0,9.168720091713114,0,221,39,0,advance,OCc1ccc(-c2cc3c(N[C@H](CO)c4ccccc4)ncnc3[nH]2)cc1
COc1ccccc1-c1cc2c(N[C@H](CO)c3ccc(Cl)cc3)ncnc2[nH]1,8.37988443863569,0.1395597380681609,0.4502281902876411,394.862,4.432400000000002,83.06,3,5,4,6,0.14285714285714285,0,0.0,3.0490800000000005,False,,0,,0,,0,,0.8545454545454545,0.7484028206772876,1.0,0.27058823529411763,Osimertinib,0.1454545454545455,0.7294117647058824,0.6222792930112099,0.5803531969658949,1.0,0.9323529411764706,0.5803531969658949,0.7837463577883939,1.0,0.41964680303410506,0.5803531969658949,-0.21528941970291204,8.170544831533448,0.007151904573355345,-0.0,0.5342780748663102,8.711974810973114,0.0,0.0,0.05933960710224136,0.14955850379263136,0.0,0.2088981108948727,0.0,low,,8.50307670007824,True,pass,False,,0.586709886547812,0.3646677471636953,0.3241491085899514,0.03970826580226904,0.8824959481361426,0.7406807131280388,0.8152350081037277,0.6142625607779578,0.393517017828201,0.5416531604538088,9.184195232366955,310,0.0,9.153060492622812,0,222,0,88,advance,COc1ccccc1-c1cc2c(N[C@H](CO)c3ccccc3)ncnc2[nH]1
[2H]C([2H])([2H])Oc1ccccc1-c1cc2c(N[C@H](CO)c3ccccc3Cl)ncnc2[nH]1,8.32776642298272,0.12325845155793017,0.4479100750875871,397.88030533400007,4.432400000000002,83.06,3,5,4,6,0.14285714285714285,0,0.0,3.069202035560001,False,,0,,0,,0,,0.7666666666666667,0.644691564914886,0.8994392089361563,0.2222222222222222,Osimertinib,0.23333333333333328,0.7777777777777778,0.6206606896551288,0.5783043091612499,1.0,0.8690238511465616,0.5783043091612499,0.766997212490735,1.0,0.42169569083875014,0.5783043091612499,-0.1951153637808083,8.142878745645824,0.001815484039301313,-0.0,0.5631931355673724,8.707887365252498,0.0,0.0,0.03488767733689524,0.15211961354843767,0.0,0.1870072908853329,0.0,low,,8.520880074367165,True,pass,False,,0.5656401944894651,0.3192868719611021,0.28282009724473256,0.406807131280389,0.5210696920583469,0.7179902755267423,0.8152350081037277,0.6693679092382496,0.4421799027552674,0.5254457050243112,9.23850324855882,292,0.0,9.151414920396338,0,223,0,69,advance,[2H]C([2H])([2H])Oc1ccccc1-c1cc2c(N[C@H](CO)c3ccccc3)ncnc2[nH]1
CNc1cc2c(Nc3cccc(C(F)(F)F)c3F)ncnc2cn1,7.858081969876573,0.11485429832115746,0.70831126021967,337.28000000000003,3.9680000000000017,62.730000000000004,2,5,3,3,0.13333333333333333,0,0.0,1.9000000000000001,False,,0,,0,,0,,0.6296296296296297,0.5834897999603882,0.7881632726552511,0.3787878787878788,Afatinib,0.37037037037037035,0.6212121212121212,0.5091224836443331,0.7664942700438955,1.0,0.7464254847944686,0.5091224836443331,0.7555105596206743,1.0,0.4908775163556669,0.5091224836443331,-0.3285174346351215,7.685800522394837,0.4366445935530032,-0.0,0.5500711211941158,8.672516237141956,0.0,0.0,0.022281447481736175,0.23859689544458362,0.0,0.2608783429263198,0.0,low,,8.411637894215636,True,pass,False,,0.3500810372771475,0.9157212317666127,0.9643435980551054,0.9675850891410048,0.1847649918962723,0.4473257698541329,0.8152350081037277,0.700162074554295,0.6788492706645057,0.6153160453808753,9.487135361939362,230,0.0,9.150017148672687,0,224,0,6,advance,CNc1cc2c(Nc3cccc(C(F)(F)F)c3)ncnc2cn1
CCOc1ccccc1-c1cc2c(N[C@H](CO)c3ccccc3N)ncnc2[nH]1,8.485733396056288,0.08232730297508778,0.35850834186981706,389.45900000000006,3.7513000000000005,109.07999999999998,4,6,4,7,0.18181818181818182,0,0.0,3.1130600000000004,False,,1,aniline,0,,0,,0.7894736842105263,0.6870100113672158,0.9763818388494833,0.20987654320987653,Afatinib,0.21052631578947367,0.7901234567901234,0.6888042369315106,0.5274465111053225,0.88,0.9298172433346433,0.5274465111053225,0.7565169978428691,0.9298172433346433,0.40237073222932085,0.5976292677706792,-0.09028368121514463,8.362242441593656,-0.09026883994836477,-0.2,0.575869338854671,8.647842940499963,0.0,0.0,0.0,0.12796341528665106,0.0,0.12796341528665106,0.0,low,,8.519879525213312,True,pass,False,,0.6272285251215559,0.022690437601296597,0.22447325769854132,0.2884927066450567,0.7252836304700162,0.839546191247974,0.8152350081037277,0.8363047001620746,0.378160453808752,0.5226904376012966,9.101635485070465,336,0.0,9.147108050334868,0,225,0,111,advance,CCOc1ccccc1-c1cc2c(N[C@H](CO)c3ccccc3)ncnc2[nH]1
COC(C)(C)COc1cnc(F)cc1-c1[nH]c2c(c1Nc1cccc(F)c1C)C(=O)NCC2,8.760850025467242,0.1627413489703474,0.45595924220378287,456.4930000000002,4.496620000000003,88.27000000000001,3,5,4,7,0.3333333333333333,0,0.0,3.2099533333333348,False,,0,,0,,0,,0.8194444444444444,0.7082794982794983,1.0,0.19148936170212766,Afatinib,0.18055555555555558,0.8085106382978724,0.7012935620875673,0.577317839622337,1.0,0.9521276595744681,0.577317839622337,0.807684765321093,1.0,0.42268216037766304,0.577317839622337,-0.14185493764470092,8.51673800201172,0.007799575537116028,-0.0,0.5738031914893618,9.098340769038197,0.0,0.0,0.09411202345552108,0.15335270047207883,0.0,0.3599647239275999,0.15,low,uncertain_prediction,8.738376045110597,True,pass,False,,0.6985413290113452,0.3833063209076175,0.08346839546191248,0.18071312803889789,0.8824959481361426,0.7017828200972447,0.49027552674230146,0.520259319286872,0.43966774716369533,0.5269448946515397,9.625942065634632,194,0.0,9.145709918692445,0,226,32,0,advance,COC(C)(C)COc1cnccc1-c1[nH]c2c(c1Nc1cccc(F)c1C)C(=O)NCC2
COc1ccccc1-c1cc2c(N[C@H](CO)c3cccc(N)c3)ncnc2[nH]1,9.053412557928795,0.20377475953080804,0.38485350596732953,375.4320000000001,3.3612,109.07999999999998,4,6,4,6,0.14285714285714285,0,0.0,2.919546666666667,False,,1,aniline,0,,0,,0.8392857142857143,0.7360232890970596,1.0,0.23863636363636365,Osimertinib,0.1607142857142857,0.7613636363636364,0.745710807810633,0.5493791718717749,0.88,0.9403409090909091,0.5493791718717749,0.7788577221933293,0.9403409090909091,0.3909617372191342,0.6090382627808658,-0.04419588584359502,8.747750418632583,-0.038792779746956225,-0.2,0.5507305194805194,9.059688158366146,0.0,0.0,0.15566213929621203,0.11370217152391775,0.0,0.3818643108201298,0.15,low,uncertain_prediction,8.677823847546017,True,pass,False,,0.826580226904376,0.06807131280388978,0.49351701782820095,0.08914100486223663,0.8824959481361426,0.893030794165316,0.49027552674230146,0.38087520259319285,0.47743111831442464,0.5620745542949758,9.632605500343455,193,0.0,9.12731331269999,0,227,34,0,advance,COc1ccccc1-c1cc2c(N[C@H](CO)c3ccccc3)ncnc2[nH]1
[2H]C([2H])([2H])Oc1ccccc1-c1cc2c(N[C@H](CO)c3ccccc3N)ncnc2[nH]1,8.328920025173664,0.0808027295280333,0.3831487512444499,378.45030533400006,3.361200000000001,109.07999999999998,4,6,4,6,0.14285714285714285,0,0.0,2.939668702226667,False,,1,aniline,0,,0,,0.7796610169491526,0.6549196443820499,0.9180357170582724,0.20481927710843373,Afatinib,0.22033898305084743,0.7951807228915663,0.6506680956237927,0.5476676323295757,0.88,0.8873219685165958,0.5476676323295757,0.741414424117491,0.8873219685165958,0.3396543361870201,0.6603456638129799,-0.12099510465826457,8.207715930881614,-0.043515839803835894,-0.2,0.5672156885049193,8.531415779582696,0.0,0.0,0.0,0.04956792023377517,0.0,0.04956792023377517,0.0,low,,8.481847859348921,True,pass,False,,0.5672609400324149,0.055105348460291734,0.41166936790923825,0.3387358184764992,0.5729335494327391,0.9643435980551054,0.8152350081037277,0.8476499189627229,0.39578606158833063,0.5311183144246354,9.006359053488692,365,0.0,9.119189836658483,0,228,0,137,advance,[2H]C([2H])([2H])Oc1ccccc1-c1cc2c(N[C@H](CO)c3ccccc3)ncnc2[nH]1
CCOc1ccccc1-c1cc2c(N[C@H](CO)c3ccccc3Cl)ncnc2[nH]1,8.452658756714124,0.12934142218481526,0.40794403699732057,408.88900000000007,4.8225000000000025,83.06,3,5,4,7,0.18181818181818182,0,0.0,3.242593333333334,False,,0,,0,,0,,0.7758620689655172,0.6757832017359908,0.9559694577018014,0.21348314606741572,Osimertinib,0.22413793103448276,0.7865168539325843,0.6476256936491602,0.5496540921433981,1.0,0.9136063067594972,0.5496540921433981,0.7777215231380138,1.0,0.4503459078566019,0.5496540921433981,-0.1734611059851382,8.258646623436901,-0.060263144820861314,-0.0,0.5758094895707428,8.774192968186782,0.0,0.0,0.04401213327722288,0.18793238482075236,0.0,0.23194451809797523,0.0,low,,8.542248450088806,True,pass,False,,0.6158833063209076,0.12155591572123177,0.05753646677471637,0.3565640194489465,0.6685575364667747,0.546191247974068,0.8152350081037277,0.6547811993517018,0.3814019448946515,0.4801458670988655,9.231875302060363,295,0.0,9.118423490607444,0,229,0,66,advance,CCOc1ccccc1-c1cc2c(N[C@H](CO)c3ccccc3)ncnc2[nH]1
C/C=C/C(=O)Cc1cc2c(Nc3cc(N)cc(Br)c3)ncnc2cn1,7.937412450945286,0.02200485395803917,0.5016795814655813,398.264,3.8008000000000015,93.79,2,6,3,5,0.1111111111111111,0,0.0,2.42176,False,,1,aniline,0,,0,,0.7543859649122807,0.6275583442877205,0.8682878987049463,0.2857142857142857,Sunvozertinib,0.24561403508771928,0.7142857142857143,0.593949714965694,0.6327791544214544,0.88,0.8297873526001383,0.593949714965694,0.7341290554968216,0.88,0.28605028503430596,0.713949714965694,-0.18690578737483676,7.904405170008227,0.14952669257669246,-0.2,0.5418840047514245,8.395815867336344,0.0,0.0,0.0,0.0,0.0,0.0,0.0,low,,8.395815867336344,True,pass,False,,0.3760129659643436,0.5794165316045381,0.7820097244732577,0.4586709886547812,0.44570502431118314,0.993517017828201,0.8152350081037277,0.9918962722852512,0.49412479740680715,0.5988249594813614,8.988765624224513,372,0.0,9.114405818713978,0,230,0,142,advance,C/C=C/C(=O)Cc1cc2c(Nc3cccc(Br)c3)ncnc2cn1
C=CC(=O)Cc1ncc2ncnc(Nc3cccc(Br)c3)c2c1Cl,8.08180019894364,0.1496612808966926,0.6361068818426235,403.66700000000003,4.481900000000002,67.77,1,5,3,5,0.058823529411764705,0,0.0,2.4577800000000005,False,,0,,0,,0,,0.6666666666666666,0.5762987261494724,0.7750885929990406,0.36486486486486486,Sunvozertinib,0.33333333333333337,0.6351351351351351,0.5406871531082251,0.7053287850134429,1.0,0.7401002285330642,0.5406871531082251,0.7465290416636832,1.0,0.4593128468917749,0.5406871531082251,-0.27445585140727713,7.857308277598601,0.2733222347837999,-0.0,0.5343126887903007,8.664943201172703,0.0,0.0,0.07449192134503888,0.1991410586147186,0.0,0.27363297995975744,0.0,low,,8.391310221212946,True,pass,False,,0.4683954619124797,0.8217179902755267,0.7423014586709886,0.8792544570502431,0.1458670988654781,0.5024311183144247,0.8152350081037277,0.5672609400324149,0.6623176661264181,0.6006482982171799,9.459724400524404,237,0.0,9.112088179073561,0,231,0,6,advance,C=CC(=O)Cc1cc2c(Nc3cccc(Br)c3)ncnc2cn1
C=CC(=O)Cc1cc2c(Nc3cccc(Br)c3)ncnc2c(C)n1,7.851314062676855,0.08154525756057932,0.6711836604087291,383.2490000000001,4.136920000000003,67.77000000000001,1,5,3,5,0.1111111111111111,0,0.0,2.3216600000000005,False,,0,,0,,0,,0.6949152542372882,0.5878408597052666,0.7960742903732119,0.3116883116883117,Sunvozertinib,0.30508474576271183,0.6883116883116883,0.5307468353768082,0.7298563978401855,1.0,0.769133639857831,0.5307468353768082,0.7574342182687062,1.0,0.4692531646231918,0.5307468353768082,-0.30224984385586384,7.728996176335986,0.33404577151984016,-0.0,0.5428002146800297,8.605842162535856,0.0,0.0,0.0,0.21156645577898975,0.0,0.21156645577898975,0.0,low,,8.394275706756867,True,pass,False,,0.34846029173419774,0.8752025931928687,0.8565640194489466,0.7520259319286872,0.21150729335494328,0.4829821717990275,0.8152350081037277,0.8411669367909238,0.6107374392220422,0.5897082658022691,9.338727089602306,267,0.0,9.10192562571959,0,232,0,35,advance,C=CC(=O)Cc1cc2c(Nc3cccc(Br)c3)ncnc2cn1
COc1cc(C(N)=O)cc(N)c1-c1cc2c(N[C@H](C)c3ccccc3)ncnc2[nH]1,8.903628490240537,0.15723153653459818,0.36507645702813607,402.4580000000001,3.487700000000002,131.94,4,6,4,6,0.13636363636363635,0,0.0,3.0997200000000005,False,,1,aniline,0,,0,,0.746031746031746,0.6700656041986688,0.9455738258157613,0.24719101123595505,Osimertinib,0.25396825396825395,0.752808988764045,0.7408450469859156,0.5315720513654749,0.88,0.8973826165528322,0.5315720513654749,0.7624499287260557,0.8973826165528322,0.36581056518735733,0.6341894348126427,-0.028806508986853552,8.66778118543864,-0.08624517933550033,-0.2,0.5765218673688681,8.958057873472008,0.0,0.0,0.08584730480189726,0.08226320648419667,0.0,0.28061051128609393,0.15,low,uncertain_prediction,8.677447362185914,True,pass,False,,0.7520259319286872,0.03403565640194489,0.2552674230145867,0.49189627228525123,0.640194489465154,0.93354943273906,0.49027552674230146,0.5478119935170178,0.48188816855753647,0.5392220421393842,9.536323675741052,216,0.0,9.099513812753175,0,233,17,0,advance,COc1cc(C(N)=O)ccc1-c1cc2c(N[C@H](C)c3ccccc3)ncnc2[nH]1
COc1ccccc1-c1cc2c(N[C@H](CO)c3ccc(N)cc3)ncnc2[nH]1,8.427907558436326,0.1057085549148954,0.38485350596732953,375.4320000000001,3.3612,109.07999999999998,4,6,4,6,0.14285714285714285,0,0.0,2.919546666666667,False,,1,aniline,0,,0,,0.8703703703703703,0.7612069786845193,1.0,0.2441860465116279,Osimertinib,0.12962962962962965,0.7558139534883721,0.6579809011686547,0.5493791718717749,0.88,0.938953488372093,0.5493791718717749,0.7565783903531307,0.938953488372093,0.38957431650031815,0.6104256834996818,-0.13146331891263463,8.269344726063983,-0.038792779746956225,-0.2,0.5350775193798449,8.565629465696873,0.0,0.0,0.0085628323723431,0.1119678956253977,0.0,0.12053072799774081,0.0,low,,8.445098737699132,True,pass,False,,0.6045380875202593,0.06807131280388978,0.49351701782820095,0.025121555915721232,0.8824959481361426,0.9043760129659644,0.8152350081037277,0.7423014586709886,0.36470826580226906,0.5407617504051864,9.003279384659596,366,0.0,9.094012838185355,0,234,0,132,advance,COc1ccccc1-c1cc2c(N[C@H](CO)c3ccccc3)ncnc2[nH]1
COc1cc(C(N)=O)ccc1-c1cc2c(N[C@H](C)c3ccc(F)cc3)ncnc2[nH]1,8.22467943518345,0.06269271289644092,0.4488194178263119,405.43300000000005,4.044600000000002,105.91999999999999,3,5,4,6,0.13636363636363635,0,0.0,3.119553333333334,False,,0,,0,,0,,0.8333333333333334,0.6530855419090713,0.9147009852892205,0.26136363636363635,Osimertinib,0.16666666666666663,0.7386363636363636,0.6372849597683539,0.576867859291651,1.0,0.8706848298760063,0.576867859291651,0.7712094122340029,1.0,0.42313214070834904,0.576867859291651,-0.17856593662086517,8.130640365838788,-0.005477218537324557,-0.0,0.5252661554132142,8.650429302714679,0.0,0.0,0.0,0.1539151758854363,0.0,0.1539151758854363,0.0,low,,8.496514126829243,True,pass,False,,0.5299837925445705,0.3411669367909238,0.2106969205834684,0.1053484602917342,0.5478119935170178,0.6944894651539708,0.8152350081037277,0.9141004862236629,0.3594003241491086,0.4932333873581848,9.081709691693609,344,0.0,9.088394191659065,0,235,0,109,advance,COc1cc(C(N)=O)ccc1-c1cc2c(N[C@H](C)c3ccccc3)ncnc2[nH]1
O=C(O)CCNc1c(Br)cc(Cl)cc1Nc1ncnc2ccncc12,8.004943482190248,0.09197042423383021,0.5503062816290119,422.67000000000013,4.070900000000001,100.03,3,6,3,6,0.125,0,0.0,2.6844666666666677,False,,0,,0,,0,,0.7457627118644068,0.631371040720412,0.8752200740371125,0.3076923076923077,Sunvozertinib,0.2542372881355932,0.6923076923076923,0.5618565735838807,0.6494197369472385,1.0,0.8294919786047574,0.5618565735838807,0.7601920722839692,1.0,0.43814342641611925,0.5618565735838807,-0.2644473316001179,7.866987845839502,0.16013628162901172,-0.0,0.5409041058626027,8.568028233331118,0.0,0.0,0.0,0.17267928302014907,0.0,0.17267928302014907,0.0,low,,8.39534895031097,True,pass,False,,0.406807131280389,0.6377633711507293,0.5940032414910859,0.5032414910858996,0.45948136142625606,0.5899513776337115,0.8152350081037277,0.8038897893030794,0.5003646677471637,0.554092382495948,9.168465834627714,313,0.0,9.060259809306107,0,236,0,77,advance,O=C(O)CCNc1c(Br)cccc1Nc1ncnc2ccncc12
CNc1cc2c(Nc3cccc(C(F)(F)F)c3C)ncnc2cn1,7.6993831703566515,0.09210162383578424,0.7542240902317288,333.317,4.1373200000000026,62.730000000000004,2,5,3,3,0.1875,0,0.0,1.9000000000000001,False,,0,,0,,0,,0.6296296296296297,0.5748143663792942,0.7723897570532621,0.3582089552238806,Afatinib,0.37037037037037035,0.6417910447761195,0.48537465590411394,0.7917463265505278,1.0,0.7397400789839763,0.48537465590411394,0.7542152653596546,1.0,0.5146253440958861,0.4853746559041139,-0.3584541459407207,7.561230734602975,0.4879740902317287,-0.0,0.552301419362818,8.601506244197521,0.0,0.0,0.0,0.26828168011985765,0.0,0.26828168011985765,0.0,low,,8.333224564077664,True,pass,False,,0.29497568881685576,0.9692058346839546,0.9643435980551054,0.9675850891410048,0.14424635332252836,0.41166936790923825,0.8152350081037277,0.8022690437601296,0.6647487844408428,0.6042949756888168,9.399204785526532,253,0.0,9.058378534904245,0,237,0,16,advance,CNc1cc2c(Nc3cccc(C(F)(F)F)c3)ncnc2cn1
COc1ccccc1-c1cc2c(N[C@H](CO)c3ccccc3N)ncnc2[nH]1,8.309344405590656,0.10321782120617101,0.38485350596732953,375.4320000000001,3.3612,109.07999999999998,4,6,4,6,0.14285714285714285,0,0.0,2.919546666666667,False,,1,aniline,0,,0,,0.7719298245614035,0.6807959586071105,0.9650835611038372,0.22988505747126436,Osimertinib,0.22807017543859653,0.7701149425287357,0.6300836265533442,0.5493791718717749,0.88,0.9163414064600619,0.5493791718717749,0.7439510512212952,0.9163414064600619,0.36696223458828703,0.633037765411713,-0.1518232328906014,8.154517673781399,-0.038792779746956225,-0.2,0.5749369519819485,8.49066184601639,0.0,0.0,0.00482673180925651,0.0837027932353588,0.0,0.08852952504461531,0.0,low,,8.402132320971775,True,pass,False,,0.5559157212317666,0.06807131280388978,0.49351701782820095,0.38492706645056723,0.6912479740680713,0.9319286871961102,0.8152350081037277,0.7536466774716369,0.4147893030794165,0.5463533225283631,8.98840900971169,373,0.0,9.05775630800581,0,238,0,135,advance,COc1ccccc1-c1cc2c(N[C@H](CO)c3ccccc3)ncnc2[nH]1
COCCOc1cnc(OC)cc1-c1[nH]c2c(c1Nc1cccc(F)c1C)C(=O)NCC2,8.665957766459995,0.1698237510965347,0.46341515758014057,440.4750000000002,3.5875200000000023,97.5,3,6,4,8,0.30434782608695654,0,0.0,3.203166666666668,False,,0,,0,,0,,0.7887323943661971,0.6852839647051956,0.9732435721912646,0.20652173913043478,Afatinib,0.21126760563380287,0.7934782608695652,0.6726128158474244,0.5816796187203593,1.0,0.9283022443608397,0.5816796187203593,0.7956486697321559,1.0,0.41832038127964066,0.5816796187203593,-0.16404780517964201,8.411222139815193,0.013374940188836018,-0.0,0.576424793843897,9.001021873847925,0.0,0.0,0.10473562664480203,0.14790047659955086,0.0,0.36513610324435286,0.15,low,uncertain_prediction,8.635885770603572,True,pass,False,,0.6790923824959482,0.40761750405186387,0.09481361426256078,0.29821717990275526,0.7147487844408428,0.7520259319286872,0.49027552674230146,0.4991896272285251,0.4609805510534846,0.5248379254457051,9.554198535112107,210,0.0,9.040691281138418,0,239,29,0,advance,COCCOc1cnccc1-c1[nH]c2c(c1Nc1cccc(F)c1C)C(=O)NCC2
COc1cnccc1-c1cc2c(N[C@H](CO)c3cccc(N)c3)ncnc2[nH]1,8.927106560204285,0.1876381446288044,0.3816892061689245,376.4200000000001,2.7561999999999998,121.97,4,7,4,6,0.15,0,0.0,2.926133333333334,False,,1,aniline,0,,0,,0.8333333333333334,0.6731600116747701,0.9512000212268547,0.23076923076923078,Osimertinib,0.16666666666666663,0.7692307692307692,0.7254299388109082,0.5473854736493187,0.88,0.9057077082278333,0.5473854736493187,0.764630780172015,0.9057077082278333,0.35832223457851464,0.6416777654214854,-0.05226778848147573,8.645649343261079,-0.0422307938310756,-0.2,0.5435692360759443,8.946987785505948,0.0,0.0,0.1314572169432066,0.07290279322314332,0.0,0.3168600101663499,0.15,low,uncertain_prediction,8.630127775339599,True,pass,False,,0.7601296596434359,0.04700162074554295,0.46677471636953,0.1053484602917342,0.6564019448946515,0.9481361426256077,0.49027552674230146,0.4359805510534846,0.4425445705024311,0.523581847649919,9.478041270108866,234,0.0,9.033425992519502,0,240,6,0,advance,COc1cnccc1-c1cc2c(N[C@H](CO)c3ccccc3)ncnc2[nH]1
C=CC(=O)Cc1cc2c(Nc3cc(N)cc(Br)c3)ncnc2cn1,7.962779876537581,0.08183713087462459,0.5173220354211839,384.237,3.4107000000000003,93.79,2,6,3,5,0.058823529411764705,0,0.0,2.328246666666667,False,,1,aniline,0,,0,,0.7454545454545455,0.616944484506621,0.8489899718302198,0.3472222222222222,Sunvozertinib,0.2545454545454545,0.6527777777777778,0.5584089775221579,0.6449791707637025,0.88,0.7999369233171093,0.5584089775221579,0.7208312679007424,0.88,0.3215910224778421,0.6784089775221579,-0.21656305383811258,7.840024180225644,0.1739673883623604,-0.2,0.5226262808363429,8.336617849424346,0.0,0.0,0.0,0.026988778097302643,0.0,0.026988778097302643,0.0,low,,8.309629071327043,True,pass,False,,0.3857374392220421,0.6021069692058347,0.8484602917341977,0.5145867098865479,0.3889789303079417,0.9821717990275527,0.8152350081037277,0.8379254457050244,0.5241896272285251,0.6028768233387358,8.965645402098577,377,0.0,9.033081259333526,0,241,0,136,advance,C=CC(=O)Cc1cc2c(Nc3cccc(Br)c3)ncnc2cn1
COc1cnccc1-c1cc2c(N[C@H](CO)c3ccccc3Cl)ncnc2[nH]1,8.261785974605639,0.14224425585440423,0.45890941697138776,395.8500000000001,3.8274000000000017,95.94999999999999,3,6,4,6,0.15,0,0.0,3.055666666666667,False,,0,,0,,0,,0.7741935483870968,0.6258847735879334,0.8652450428871514,0.24444444444444444,Osimertinib,0.22580645161290325,0.7555555555555555,0.5908755145533267,0.5848745383086222,1.0,0.8378226710542525,0.5848745383086222,0.7533931809790504,1.0,0.41512546169137776,0.5848745383086222,-0.21669022190096499,8.048419590824032,0.015559416971387727,-0.0,0.544590830614261,8.60856983840968,0.0,0.0,0.06336638378160633,0.1439068271142222,0.0,0.20727321089582854,0.0,low,,8.401296627513853,True,pass,False,,0.5413290113452188,0.39303079416531606,0.29821717990275526,0.3727714748784441,0.440032414910859,0.766612641815235,0.8152350081037277,0.5980551053484603,0.4414910858995138,0.5205429497568882,9.138359141489097,325,0.0,9.025948167222118,0,242,0,83,advance,COc1cnccc1-c1cc2c(N[C@H](CO)c3ccccc3)ncnc2[nH]1
COC(C)(C)COc1cnccc1-c1[nH]c2c(c1Nc1c(F)ccc(F)c1C)C(=O)NCC2,8.97653090469155,0.31130469523464255,0.48741695697455645,456.4930000000002,4.496620000000003,88.27000000000001,3,5,4,7,0.3333333333333333,0,0.0,3.2099533333333348,False,,0,,0,,0,,0.8260869565217391,0.7611078022632519,1.0,0.16666666666666666,Gefitinib,0.17391304347826086,0.8333333333333334,0.6512194395086378,0.5946195827462624,1.0,0.9583333333333334,0.5946195827462624,0.8010430888970584,1.0,0.40538041725373763,0.5946195827462624,-0.19976486585122744,8.509573861839586,0.03925729030788961,-0.0,0.5782608695652174,9.127092021712691,0.0,0.0,0.3169570428519638,0.13172552156717204,0.0,0.5611825644191358,0.15,low,uncertain_prediction,8.565909457293555,True,pass,False,,0.7860615883306321,0.5324149108589952,0.08346839546191248,0.14424635332252836,0.8824959481361426,0.8030794165316045,0.49027552674230146,0.18152350081037277,0.501580226904376,0.5651134521880066,9.728988293997942,177,0.0,9.019045599919163,0,243,66,0,advance,COC(C)(C)COc1cnccc1-c1[nH]c2c(c1Nc1cccc(F)c1C)C(=O)NCC2
COC(C)(C)COc1cncc(C)c1-c1[nH]c2c(c1Nc1cccc(F)c1C)C(=O)NCC2,8.776360417456088,0.2386716742038943,0.4850605147304438,452.5300000000002,4.665940000000003,88.27000000000001,3,5,4,7,0.36,0,0.0,3.183533333333335,False,,0,,0,,0,,0.8055555555555556,0.6952761127761128,0.9914111141383868,0.18085106382978725,Afatinib,0.19444444444444442,0.8191489361702128,0.652019932421296,0.5943396933581543,1.0,0.9483455696463432,0.5943396933581543,0.7986762988564484,1.0,0.4056603066418457,0.5943396933581543,-0.19554182191353653,8.418352906150247,0.04353051473044358,-0.0,0.5810974593856606,9.04298088026635,0.0,0.0,0.20800751130584144,0.13207538330230717,0.0,0.4525828946081486,0.15,low,uncertain_prediction,8.590397985658202,True,pass,False,,0.706645056726094,0.5210696920583469,0.11912479740680713,0.22852512155591573,0.7487844408427877,0.7957860615883307,0.49027552674230146,0.30307941653160453,0.48577795786061584,0.5435575364667747,9.62591442969909,195,0.0,9.017667029418332,0,244,49,0,advance,COC(C)(C)COc1cnccc1-c1[nH]c2c(c1Nc1cccc(F)c1C)C(=O)NCC2
COCCOc1cnccc1-c1[nH]c2c(c1Nc1c(C)ccc(F)c1C)C(=O)NCC2,8.514038841511582,0.1896161667668501,0.5010771966005143,424.4760000000002,3.887340000000002,88.27000000000001,3,5,4,7,0.30434782608695654,0,0.0,2.9965066666666687,False,,0,,0,,0,,0.7941176470588235,0.7373114749368319,1.0,0.20408163265306123,Gefitinib,0.20588235294117652,0.7959183673469388,0.6207783936411003,0.6103422017200264,1.0,0.9489795918367347,0.6103422017200264,0.7950250467994654,1.0,0.3896577982799736,0.6103422017200264,-0.23232887087782017,8.229614591361306,0.0820359792092097,-0.0,0.581422569027611,8.893073139598126,0.0,0.0,0.13442425015027515,0.11207224784996701,0.0,0.35899649800024214,0.15,low,uncertain_prediction,8.534076641597885,True,pass,False,,0.6304700162074555,0.5721231766612642,0.3703403565640194,0.2739059967585089,0.8824959481361426,0.9003241491085899,0.49027552674230146,0.42625607779578606,0.5084683954619125,0.5880064829821717,9.50323521415242,223,0.0,9.014684421176492,0,245,22,0,advance,COCCOc1cnccc1-c1[nH]c2c(c1Nc1cccc(F)c1C)C(=O)NCC2
Nc1cc(Br)cc(Nc2ncnc3cnc(CC(=O)/C=C\Cl)cc23)c1,7.895626523432424,0.009855491885671669,0.4807171605700608,418.6820000000002,3.9772000000000016,93.78999999999999,2,6,3,5,0.058823529411764705,0,0.0,2.5578800000000013,False,,1,aniline,0,,0,,0.75,0.6320078714545928,0.8763779480992595,0.30666666666666664,Sunvozertinib,0.25,0.6933333333333334,0.5920077865381358,0.6160144383135335,0.88,0.830616794407778,0.5920077865381358,0.7296597548148618,0.88,0.2879922134618642,0.7120077865381358,-0.18353595770230136,7.880843285603916,0.1029175135112371,-0.2,0.5395944870248148,8.323355286139968,0.0,0.0,0.0,0.0,0.0,0.0,0.0,low,,8.323355286139968,True,pass,False,,0.3646677471636953,0.5072933549432739,0.6515397082658023,0.47974068071312803,0.4659643435980551,0.9918962722852512,0.8152350081037277,0.9983792544570502,0.45923824959481363,0.5758508914100486,8.874441185653744,408,0.0,9.014376355832026,0,246,0,162,advance,O=C(/C=C\Cl)Cc1cc2c(Nc3cccc(Br)c3)ncnc2cn1
C=CC(=O)Cc1ncc2ncnc(Nc3cccc(Br)c3)c2c1N,8.330509587927715,0.19128925179279713,0.6551470899586137,384.2370000000001,3.4107000000000003,93.78999999999999,2,6,3,5,0.058823529411764705,0,0.0,2.3282466666666672,False,,1,aniline,0,,0,,0.6666666666666666,0.5729921819474059,0.7690766944498287,0.32894736842105265,Sunvozertinib,0.33333333333333337,0.6710526315789473,0.5737249207269707,0.7207829507592889,0.88,0.7445706787321084,0.5737249207269707,0.7297696375545919,0.88,0.3062750792730293,0.6937249207269707,-0.2080596224368283,8.04357571023852,0.3117924428997901,-0.2,0.5435849630861415,8.698953116224452,0.0,0.0,0.13693387768919568,0.007843849091286673,0.0,0.25727772678048233,0.15,low,uncertain_prediction,8.441675389443969,True,pass,False,,0.5688816855753647,0.859805510534846,0.8427876823338736,0.8792544570502431,0.1312803889789303,0.9870340356564019,0.49027552674230146,0.4165316045380875,0.730226904376013,0.6535251215559158,9.575225401475667,208,0.0,9.000905535311068,0,247,39,0,advance,C=CC(=O)Cc1cc2c(Nc3cccc(Br)c3)ncnc2cn1
COc1cc(C(N)=O)ccc1-c1cc2c(N[C@H](C)c3ccccc3F)ncnc2[nH]1,8.093931362947707,0.04618094776865248,0.4488194178263119,405.43300000000005,4.044600000000002,105.91999999999999,3,5,4,6,0.13636363636363635,0,0.0,3.119553333333334,False,,0,,0,,0,,0.7777777777777778,0.6254832775783622,0.8645150501424766,0.2696629213483146,Osimertinib,0.2222222222222222,0.7303370786516854,0.61615617729887,0.576867859291651,1.0,0.8309705572697788,0.576867859291651,0.7559986484650749,1.0,0.42313214070834904,0.576867859291651,-0.18645662822160658,8.024659941294729,-0.005477218537324557,-0.0,0.5352298861311248,8.55441260888853,0.0,0.0,0.0,0.1539151758854363,0.0,0.1539151758854363,0.0,low,,8.400497433003094,True,pass,False,,0.47974068071312803,0.3411669367909238,0.2106969205834684,0.3460291734197731,0.4376012965964344,0.6944894651539708,0.8152350081037277,0.9562398703403565,0.38492706645056735,0.4933144246353322,9.01632508862921,361,0.0,8.992474742565493,0,248,0,113,advance,COc1cc(C(N)=O)ccc1-c1cc2c(N[C@H](C)c3ccccc3)ncnc2[nH]1
[2H]C([2H])([2H])Oc1ccccc1-c1cc2c(N[C@H](CO)c3ccc(N)cc3)ncnc2[nH]1,8.477308322904896,0.14629779022287448,0.3831487512444499,378.45030533400006,3.3612,109.07999999999998,4,6,4,6,0.14285714285714285,0,0.0,2.939668702226667,False,,1,aniline,0,,0,,0.875,0.727659516853977,1.0,0.2111111111111111,Osimertinib,0.125,0.7888888888888889,0.641918627570212,0.5476676323295757,0.88,0.9472222222222222,0.5476676323295757,0.7542021205305025,0.9472222222222222,0.3995545898926465,0.6004454101073535,-0.1497113239470539,8.257861637570585,-0.043515839803835894,-0.2,0.5429166666666667,8.557262464433416,0.0,0.0,0.06944668533431171,0.1244432373658081,0.0,0.19388992270011982,0.0,low,,8.363372541733296,True,pass,False,,0.6256077795786061,0.055105348460291734,0.41166936790923825,0.014586709886547812,0.8824959481361426,0.8703403565640194,0.8152350081037277,0.5769854132901134,0.35721231766612643,0.5242301458670989,8.985917245632768,374,0.0,8.992448716773815,0,249,0,125,advance,[2H]C([2H])([2H])Oc1ccccc1-c1cc2c(N[C@H](CO)c3ccccc3)ncnc2[nH]1
C/C=C/C(=O)Cc1ncc2ncnc(Nc3cccc(Br)c3)c2c1N,8.396935481437305,0.2155363195447179,0.6353371698563681,398.2640000000001,3.8008000000000015,93.78999999999999,2,6,3,5,0.1111111111111111,0,0.0,2.421760000000001,False,,1,aniline,0,,0,,0.6774193548387096,0.5967745368236252,0.8123173396793185,0.2716049382716049,Sunvozertinib,0.32258064516129037,0.7283950617283951,0.5733584466780237,0.7062908280363871,0.88,0.7913367701915877,0.5733584466780237,0.7377465112264996,0.88,0.3066415533219763,0.6933584466780237,-0.21918408606463446,8.073631002120228,0.28318428096747916,-0.2,0.5667591437609288,8.723574426848637,0.0,0.0,0.17330447931707688,0.008301941652470377,0.0,0.29410642096954726,0.15,low,uncertain_prediction,8.429468005879091,True,pass,False,,0.593192868719611,0.813614262560778,0.7763371150729336,0.8444084278768234,0.273095623987034,0.9837925445705025,0.49027552674230146,0.3565640194489465,0.7149918962722852,0.6546191247974067,9.58156470237538,205,0.0,8.990010955635979,0,250,45,0,advance,C/C=C/C(=O)Cc1cc2c(Nc3cccc(Br)c3)ncnc2cn1
COC(C)(C)COc1cnc(N)cc1-c1[nH]c2c(c1Nc1cccc(F)c1C)C(=O)NCC2,8.787990953486569,0.1724380410291663,0.43089523001885754,453.5180000000002,3.939720000000001,114.28999999999999,4,6,4,7,0.3333333333333333,0,0.0,3.190120000000001,False,,1,aniline,0,,0,,0.7972972972972973,0.6902807005832632,0.9823285465150239,0.1875,Afatinib,0.20270270270270274,0.8125,0.7012911096512258,0.5642954534334486,0.88,0.9398714098862679,0.5642954534334486,0.7713644932427355,0.9398714098862679,0.3755759564528194,0.6244240435471806,-0.09343117812201307,8.52933389194282,-0.014289436647809288,-0.2,0.5805483528449722,8.895592808139984,0.0,0.0,0.10865706154374943,0.09446994556602424,0.0,0.31562700710977365,0.15,low,uncertain_prediction,8.57996580103021,True,pass,False,,0.7115072933549432,0.2188006482982172,0.11102106969205834,0.24635332252836303,0.733387358184765,0.9254457050243112,0.49027552674230146,0.4862236628849271,0.42986223662884926,0.5212317666126418,9.411427492094603,248,0.0,8.980443920965381,0,251,3,0,advance,COC(C)(C)COc1cnccc1-c1[nH]c2c(c1Nc1cccc(F)c1C)C(=O)NCC2
Cc1cc2ncnc(Nc3cccc(Br)c3NCCC(=O)O)c2cn1,8.023867728499928,0.13818059340563763,0.5778289525438194,402.25200000000024,3.7259200000000003,100.03,3,6,3,6,0.17647058823529413,0,0.0,2.5483466666666685,False,,0,,0,,0,,0.7288135593220338,0.6170542160591368,0.8491894837438849,0.2948717948717949,Sunvozertinib,0.27118644067796616,0.7051282051282051,0.5342405167410357,0.6697925905657673,1.0,0.813174164089965,0.5342405167410357,0.754301817849192,1.0,0.4657594832589643,0.5342405167410357,-0.2934150681442085,7.8165968383914715,0.21322401136734853,-0.0,0.5458697307795175,8.575690580538339,0.0,0.0,0.05727089010845643,0.20719935407370543,0.0,0.26447024418216186,0.0,low,,8.311220336356177,True,pass,False,,0.4165316045380875,0.6815235008103727,0.6969205834683955,0.5940032414910859,0.3914100486223663,0.49432739059967584,0.8152350081037277,0.6223662884927067,0.5470826580226904,0.5574959481361427,9.232189770165567,294,0.0,8.980215474119548,0,252,0,42,advance,O=C(O)CCNc1c(Br)cccc1Nc1ncnc2ccncc12
CCOc1ccccc1-c1cc2c(N[C@H](CO)c3ccc(C)cc3)ncnc2[nH]1,8.662281942784661,0.15377553821088666,0.43482098927761076,388.47100000000006,4.477520000000003,83.06,3,5,4,7,0.21739130434782608,0,0.0,3.106473333333334,False,,0,,0,,0,,0.8727272727272727,0.7446251063005717,1.0,0.2073170731707317,Afatinib,0.12727272727272732,0.7926829268292683,0.6829276089485447,0.5696718005129424,1.0,0.9481707317073171,0.5696718005129424,0.800192535292201,1.0,0.4303281994870576,0.5696718005129424,-0.1563532351248753,8.43161863546833,-0.009410880287606713,-0.0,0.5450776053215078,8.967285360502231,0.0,0.0,0.08066330731632998,0.16291024935882198,0.0,0.35607355667515195,0.15,low,uncertain_prediction,8.611211803827079,True,pass,False,,0.6726094003241491,0.23743922204213938,0.23500810372771475,0.019448946515397084,0.8824959481361426,0.6482982171799028,0.49027552674230146,0.5559157212317666,0.3893030794165316,0.4927471636952998,9.43444905580207,243,0.0,8.977508400261438,0,253,10,0,advance,CCOc1ccccc1-c1cc2c(N[C@H](CO)c3ccccc3)ncnc2[nH]1
COc1cnccc1-c1cc2c(N[C@H](CO)c3ccccc3N)ncnc2[nH]1,8.240504434392948,0.10087990353449225,0.3816892061689245,376.4200000000001,2.756199999999999,121.97,4,7,4,6,0.15,0,0.0,2.926133333333334,False,,1,aniline,0,,0,,0.7868852459016393,0.6354664216911752,0.882666221256682,0.21978021978021978,Osimertinib,0.21311475409836067,0.7802197802197802,0.6145101761240924,0.5473854736493187,0.88,0.8570546109974566,0.5473854736493187,0.7247375651927168,0.88,0.33261452635068134,0.6673854736493187,-0.14696985209149926,8.08918457909121,-0.0422307938310756,-0.2,0.5506341287243669,8.397587913984502,0.0,0.0,0.0013198553017383652,0.04076815793835169,0.0,0.04208801324009005,0.0,low,,8.355499900744412,True,pass,False,,0.5364667747163695,0.04700162074554295,0.46677471636953,0.3055105348460292,0.4886547811993517,0.9740680713128039,0.8152350081037277,0.7649918962722853,0.3819286871961102,0.5112641815235008,8.855902338619835,413,0.0,8.969016918572613,0,254,0,159,advance,COc1cnccc1-c1cc2c(N[C@H](CO)c3ccccc3)ncnc2[nH]1
CNc1cc2c(Nc3ccc(N)c(C(F)(F)F)c3)ncnc2cn1,8.319669583873408,0.22007524611045284,0.6362139674734034,334.305,3.4111000000000002,88.75,3,6,3,3,0.13333333333333333,0,0.0,1.9000000000000001,False,,1,aniline,0,,0,,0.660377358490566,0.5986862334032146,0.8157931516422082,0.34285714285714286,Sunvozertinib,0.339622641509434,0.6571428571428571,0.5508647236910349,0.7268407590334487,0.88,0.7761305780173704,0.5508647236910349,0.7334590151854634,0.88,0.3291352763089651,0.6708647236910349,-0.24345905532590473,7.989556714707728,0.3645473008067367,-0.2,0.5539213337326545,8.70802534924712,0.0,0.0,0.18011286916567926,0.0364190953862064,0.0,0.32903196455188566,0.15,low,uncertain_prediction,8.378993384695233,True,pass,False,,0.5607779578606159,0.8290113452188006,0.9643435980551054,0.9035656401944895,0.2820097244732577,0.9756888168557536,0.49027552674230146,0.3419773095623987,0.7435170178282011,0.6712722852512154,9.60024577064096,199,0.0,8.959520126996692,0,255,56,0,advance,CNc1cc2c(Nc3cccc(C(F)(F)F)c3)ncnc2cn1
COC(C)(C)COc1cnccc1-c1[nH]c2c(c1Nc1cc(N)cc(F)c1C)C(=O)NCC2,9.084894616223567,0.2741214772780805,0.40308540713916713,453.51800000000026,3.939720000000001,114.28999999999999,4,6,4,7,0.3333333333333333,0,0.0,3.190120000000002,False,,1,aniline,0,,0,,0.7972972972972973,0.7363825363825364,1.0,0.17142857142857143,Osimertinib,0.20270270270270274,0.8285714285714285,0.7043386199612354,0.5490000508496189,0.88,0.9571428571428571,0.5490000508496189,0.7726203819884279,0.9571428571428571,0.4081428062932382,0.5918571937067618,-0.0910423493695901,8.673712400306446,-0.042099259527499815,-0.2,0.5897876447876448,9.021400785566591,0.0,0.0,0.26118221591712076,0.13517850786654773,0.0,0.5088607237836684,0.15,low,uncertain_prediction,8.512540061782923,True,pass,False,,0.839546191247974,0.1085899513776337,0.10615883306320907,0.24635332252836303,0.8824959481361426,0.7909238249594813,0.49027552674230146,0.23176661264181522,0.464708265802269,0.5313614262560777,9.579050704529314,206,0.0,8.925173773290217,0,256,50,0,advance,COC(C)(C)COc1cnccc1-c1[nH]c2c(c1Nc1cccc(F)c1C)C(=O)NCC2
CNc1cc2c(Nc3cc(N)cc(C(F)(F)F)c3)ncnc2cn1,7.829234288643028,0.13095655573459639,0.6362139674734034,334.305,3.4111000000000002,88.75,3,6,3,3,0.13333333333333333,0,0.0,1.9000000000000001,False,,1,aniline,0,,0,,0.72,0.5866161240177413,0.7938474982140751,0.29577464788732394,Sunvozertinib,0.28,0.704225352112676,0.4906389831465396,0.7268407590334487,0.88,0.7714419616887254,0.4906389831465396,0.7172304259671785,0.88,0.3893610168534604,0.6106389831465395,-0.30212192376085173,7.632799455041134,0.3645473008067367,-0.2,0.5357294801873216,8.333076236035192,0.0,0.0,0.04643483360189457,0.11170127106682554,0.0,0.1581361046687201,0.0,low,,8.174940131366471,True,pass,False,,0.3354943273905997,0.8290113452188006,0.9643435980551054,0.6377633711507293,0.1993517017828201,0.9059967585089141,0.8152350081037277,0.6499189627228525,0.5889789303079418,0.6097649918962722,9.039850952404722,355,0.0,8.906658121641998,0,257,0,98,advance,CNc1cc2c(Nc3cccc(C(F)(F)F)c3)ncnc2cn1
COc1cc(C(N)=O)ccc1-c1cc2c(N[C@H](C)c3ccccc3C)ncnc2[nH]1,8.025267623662414,0.05527999113488686,0.4486198580311708,401.4700000000001,4.213920000000002,105.91999999999999,3,5,4,6,0.17391304347826086,0,0.0,3.093133333333334,False,,0,,0,,0,,0.7903225806451613,0.631840583004309,0.8760737872805617,0.23076923076923078,Osimertinib,0.20967741935483875,0.7692307692307692,0.5926209121211826,0.5777742552504772,1.0,0.8493630327681136,0.5777742552504772,0.7549395500349434,1.0,0.4222257447495228,0.5777742552504772,-0.21642485055168104,7.942347636960084,0.0020411623789968088,-0.0,0.5441425162990485,8.488531315638129,0.0,0.0,0.0,0.1527821809369035,0.0,0.1527821809369035,0.0,low,,8.335749134701226,True,pass,False,,0.4181523500810373,0.32982171799027554,0.26904376012965964,0.2820097244732577,0.46353322528363045,0.706645056726094,0.8152350081037277,0.9303079416531604,0.3508914100486224,0.4750810372771475,8.909601007696477,392,0.0,8.905846379433804,0,258,0,134,advance,COc1cc(C(N)=O)ccc1-c1cc2c(N[C@H](C)c3ccccc3)ncnc2[nH]1
CNc1cc2c(Nc3cc(C(F)(F)F)ccc3F)ncnc2cn1,7.718680793133207,0.11382783742733778,0.70831126021967,337.28000000000003,3.9680000000000017,62.730000000000004,2,5,3,3,0.13333333333333333,0,0.0,1.9000000000000001,False,,0,,0,,0,,0.6730769230769231,0.5516920334567393,0.730349151739526,0.38461538461538464,Afatinib,0.32692307692307687,0.6153846153846154,0.4749907120841653,0.7664942700438955,1.0,0.7016080176507983,0.4749907120841653,0.7357732499447148,1.0,0.5250092879158347,0.4749907120841653,-0.34771005048073267,7.547939036992201,0.4366445935530032,-0.0,0.5143180571656507,8.498901687710855,0.0,0.0,0.020741756141006658,0.2812616098947934,0.0,0.3020033660358,0.0,low,,8.196898321675055,True,pass,False,,0.30307941653160453,0.9157212317666127,0.9643435980551054,0.8565640194489466,0.055105348460291734,0.3857374392220421,0.8152350081037277,0.7050243111831442,0.6354943273905997,0.5712317666126419,9.261494880579574,284,0.0,8.882376441610226,0,259,0,25,advance,CNc1cc2c(Nc3cccc(C(F)(F)F)c3)ncnc2cn1
Nc1cc(Br)c(NCCC(=O)O)c(Nc2ncnc3ccncc23)c1,7.913841556019019,0.07307717821995156,0.46304171965359014,403.24000000000007,2.9997000000000007,126.05,4,7,3,6,0.125,0,0.0,2.554933333333334,False,,1,aniline,0,,0,,0.7457627118644068,0.631371040720412,0.8752200740371125,0.275,Sunvozertinib,0.2542372881355932,0.725,0.5523063642507886,0.606406279142808,0.88,0.8376650555278344,0.5523063642507886,0.7190944247303577,0.88,0.3276936357492114,0.6723063642507886,-0.2223840806394255,7.804225788689092,0.09230171965359006,-0.2,0.5507117981702951,8.247239306512977,0.0,0.0,0.0,0.03461704468651426,0.0,0.03461704468651426,0.0,low,,8.212622261826462,True,pass,False,,0.3695299837925446,0.40032414910858993,0.6709886547811994,0.5032414910858996,0.45948136142625606,0.9789303079416531,0.8152350081037277,0.8687196110210696,0.4476499189627229,0.557131280388979,8.784419209268245,433,0.0,8.881179798293237,0,260,0,173,advance,O=C(O)CCNc1c(Br)cccc1Nc1ncnc2ccncc12
C=CC(=O)Cc1cc2c(Nc3cccc(Br)c3)ncnc2c(OC)n1,7.783005802381683,0.09027703888780622,0.6351545093338238,399.2480000000001,3.837100000000003,77.0,1,6,3,6,0.1111111111111111,0,0.0,2.528320000000001,False,,0,,0,,0,,0.6612903225806451,0.5620269071921873,0.7491398312585222,0.34146341463414637,Osimertinib,0.33870967741935487,0.6585365853658536,0.5075575233739564,0.7020919032105262,1.0,0.7264890197853551,0.5075575233739564,0.7340346115924594,1.0,0.49244247662604357,0.5075575233739564,-0.301969450958004,7.647590244049974,0.2670176204449348,-0.0,0.5372652882630964,8.451873152758004,0.0,0.0,0.0,0.24055309578255446,0.0,0.24055309578255446,0.0,low,,8.21132005697545,True,pass,False,,0.32901134521880065,0.807131280388979,0.7309562398703403,0.8946515397082658,0.07941653160453808,0.44246353322528365,0.8152350081037277,0.807131280388979,0.5980551053484604,0.5564019448946516,9.169539279176156,312,0.0,8.879002390849033,0,261,0,51,advance,C=CC(=O)Cc1cc2c(Nc3cccc(Br)c3)ncnc2cn1
C=CC(=O)Cc1ncc2ncnc(Nc3cccc(Br)c3)c2c1C,8.107290349472766,0.15033729589126524,0.6711836604087291,383.2490000000001,4.136920000000003,67.77,1,5,3,5,0.1111111111111111,0,0.0,2.3216600000000005,False,,0,,0,,0,,0.6666666666666666,0.5823092330555018,0.7860167873736394,0.32894736842105265,Sunvozertinib,0.33333333333333337,0.6710526315789473,0.5465864802443059,0.7298563978401855,1.0,0.7572757484249665,0.5465864802443059,0.7584296566273645,1.0,0.4534135197556941,0.5465864802443059,-0.28245756851074477,7.881784405635869,0.33404577151984016,-0.0,0.547819986317094,8.763650163472803,0.0,0.0,0.07550594383689785,0.19176689969461763,0.0,0.37977284353151547,0.15,low,uncertain_prediction,8.383877319941288,True,pass,False,,0.48946515397082657,0.8752025931928687,0.8565640194489466,0.8792544570502431,0.1766612641815235,0.5235008103727715,0.49027552674230146,0.5640194489465153,0.6996353322528363,0.5989465153970828,9.603212562176207,198,0.0,8.877613138417788,0,262,64,0,advance,C=CC(=O)Cc1cc2c(Nc3cccc(Br)c3)ncnc2cn1
COCCOc1cncc(F)c1-c1[nH]c2c(c1Nc1cccc(F)c1C)C(=O)NCC2,8.659690578438898,0.2658066784133164,0.49948989342909916,428.4390000000002,3.718020000000002,88.27000000000001,3,5,4,7,0.2727272727272727,0,0.0,3.0229266666666685,False,,0,,0,,0,,0.8088235294117647,0.6951928708894654,0.9912597652535733,0.20224719101123595,Afatinib,0.19117647058823528,0.797752808988764,0.6038579697204031,0.6084530311295943,1.0,0.942883026187371,0.6038579697204031,0.788798506759342,1.0,0.39614203027959694,0.6038579697204031,-0.24658738271858538,8.260980560818924,0.07332362070182617,-0.0,0.5731701957747284,8.907474377295479,0.0,0.0,0.24871001761997458,0.12017753784949618,0.0,0.48138755546947076,0.15,low,uncertain_prediction,8.426086821826008,True,pass,False,,0.6645056726094003,0.5615883306320908,0.3379254457050243,0.21231766612641814,0.747163695299838,0.8768233387358185,0.49027552674230146,0.24635332252836303,0.5044975688816856,0.5623581847649919,9.512871459953502,219,0.0,8.875916643543999,0,263,44,0,advance,COCCOc1cnccc1-c1[nH]c2c(c1Nc1cccc(F)c1C)C(=O)NCC2
COC(C)(C)COc1cncc(N)c1-c1[nH]c2c(c1Nc1cccc(F)c1C)C(=O)NCC2,8.634823368688952,0.16018376519174696,0.43089523001885754,453.5180000000002,3.939720000000001,114.28999999999999,4,6,4,7,0.3333333333333333,0,0.0,3.190120000000001,False,,1,aniline,0,,0,,0.7837837837837838,0.6776073279206962,0.9592860507649021,0.17708333333333334,Afatinib,0.21621621621621623,0.8229166666666666,0.6715772065380152,0.5642954534334486,0.88,0.9251937047403432,0.5642954534334486,0.7602665911779517,0.9251937047403432,0.3608982513068947,0.6391017486931053,-0.11825251285324867,8.394547720901333,-0.014289436647809288,-0.2,0.5839938099885228,8.764252094242046,0.0,0.0,0.09027564778762043,0.07612281413361836,0.0,0.2788984619212388,0.15,low,uncertain_prediction,8.485353632320807,True,pass,False,,0.6580226904376013,0.2188006482982172,0.11102106969205834,0.3233387358184765,0.6717990275526742,0.9432739059967585,0.49027552674230146,0.5316045380875203,0.42119124797406815,0.5107779578606159,9.269681591810928,281,0.0,8.873287181753547,0,264,0,17,advance,COC(C)(C)COc1cnccc1-c1[nH]c2c(c1Nc1cccc(F)c1C)C(=O)NCC2
COc1cc(C(N)=O)ccc1-c1cc2c(N[C@H](C)c3ccc(N)cc3)ncnc2[nH]1,8.150783735543856,0.02597234172837061,0.36507645702813607,402.4580000000001,3.4877000000000002,131.94,4,6,4,6,0.13636363636363635,0,0.0,3.0997200000000005,False,,1,aniline,0,,0,,0.847457627118644,0.6585533204856862,0.9246424008830656,0.25,Osimertinib,0.15254237288135597,0.75,0.6445152946761045,0.5315720513654749,0.88,0.8809818006622991,0.5315720513654749,0.7342672866759696,0.8809818006622991,0.3494097492968242,0.6505902507031758,-0.119669322666487,8.1118252229513,-0.08624517933550033,-0.2,0.5248046680173766,8.350384711633176,0.0,0.0,0.0,0.06176218662103029,0.0,0.06176218662103029,0.0,low,,8.288622525012146,True,pass,False,,0.5024311183144247,0.03403565640194489,0.2552674230145867,0.051053484602917344,0.5810372771474879,0.9562398703403565,0.8152350081037277,0.9886547811993517,0.28140194489465153,0.47115072933549434,8.688067045506758,451,0.0,8.854003400214738,0,265,0,186,advance,COc1cc(C(N)=O)ccc1-c1cc2c(N[C@H](C)c3ccccc3)ncnc2[nH]1
C=CC(=O)Cc1cc2c(Nc3cc(Br)cc(OC)c3)ncnc2cn1,7.75951497854399,0.08260248479801956,0.6351545093338238,399.2480000000001,3.837100000000003,77.0,1,6,3,6,0.1111111111111111,0,0.0,2.528320000000001,False,,0,,0,,0,,0.6949152542372882,0.5878408597052666,0.7960742903732119,0.3717948717948718,Osimertinib,0.30508474576271183,0.6282051282051282,0.5070570052773838,0.7020919032105262,1.0,0.754106999831191,0.5070570052773838,0.7408139770797753,1.0,0.49294299472261616,0.5070570052773838,-0.3116759624031885,7.635611251346961,0.2670176204449348,-0.0,0.5247682466480618,8.427397118439957,0.0,0.0,0.0,0.24117874340327022,0.0,0.24117874340327022,0.0,low,,8.186218375036686,True,pass,False,,0.3192868719611021,0.807131280388979,0.7309562398703403,0.7520259319286872,0.21150729335494328,0.44084278768233387,0.8152350081037277,0.8346839546191248,0.5651539708265803,0.5536466774716369,9.105581883431853,334,0.0,8.850594388002651,0,266,0,68,advance,C=CC(=O)Cc1cc2c(Nc3cccc(Br)c3)ncnc2cn1
COc1cc(C(N)=O)ccc1-c1cc2c(N[C@H](C)c3ccc(C)cc3)ncnc2[nH]1,7.990916549022978,0.0510822816600863,0.4486198580311708,401.4700000000001,4.213920000000002,105.91999999999999,3,5,4,6,0.17391304347826086,0,0.0,3.093133333333334,False,,0,,0,,0,,0.847457627118644,0.6585533204856862,0.9246424008830656,0.23595505617977527,Osimertinib,0.15254237288135597,0.7640449438202247,0.586971540093684,0.5777742552504772,1.0,0.8844930366173553,0.5777742552504772,0.7623097079903791,1.0,0.4222257447495228,0.5777742552504772,-0.23378422386226028,7.914293126532848,0.0020411623789968088,-0.0,0.529018151163444,8.445352440075288,0.0,0.0,0.0,0.1527821809369035,0.0,0.1527821809369035,0.0,low,,8.292570259138385,True,pass,False,,0.4051863857374392,0.32982171799027554,0.26904376012965964,0.051053484602917344,0.5810372771474879,0.706645056726094,0.8152350081037277,0.9448946515397083,0.29886547811993514,0.4605753646677472,8.80399101381921,428,0.0,8.84526069673968,0,267,0,161,advance,COc1cc(C(N)=O)ccc1-c1cc2c(N[C@H](C)c3ccccc3)ncnc2[nH]1
COc1c(-c2cc3c(N[C@H](C)c4ccccc4)ncnc3[nH]2)ccc(C(N)=O)c1C,8.708668733726421,0.24901164865100775,0.44861985803117077,401.4700000000002,4.213920000000002,105.91999999999999,3,5,4,6,0.17391304347826086,0,0.0,3.093133333333335,False,,0,,0,,0,,0.6923076923076923,0.6112862137862137,0.8387022068840249,0.21978021978021978,Osimertinib,0.3076923076923077,0.7802197802197802,0.6278590293758999,0.5777742552504772,1.0,0.8240816002179636,0.5777742552504772,0.7574287212110853,1.0,0.4222257447495228,0.5777742552504772,-0.17275958911358036,8.33515126074991,0.0020411623789966422,-0.0,0.5822030242484788,8.919395447377385,0.0,0.0,0.22351747297651162,0.1527821809369035,0.0,0.4887996539134151,0.15,low,uncertain_prediction,8.43059579346397,True,pass,False,,0.6871961102106969,0.3233387358184765,0.26094003241491087,0.7706645056726094,0.3525121555915721,0.706645056726094,0.49027552674230146,0.2739059967585089,0.5671799027552674,0.5264586709886547,9.600011330683705,200,0.0,8.837346198650357,0,268,68,0,advance,COc1cc(C(N)=O)ccc1-c1cc2c(N[C@H](C)c3ccccc3)ncnc2[nH]1
CNc1ncc2ncnc(Nc3cc(Br)ccc3F)c2n1,7.699201354659231,0.1369674560537728,0.7568683410750366,349.16700000000003,3.106700000000001,75.62,2,6,3,3,0.07692307692307693,0,0.0,1.9000000000000001,False,,0,,0,,0,,0.6470588235294118,0.5427008459949636,0.714001538172661,0.3484848484848485,Afatinib,0.3529411764705882,0.6515151515151515,0.45392311942716684,0.793200664514347,1.0,0.6983799415082836,0.45392311942716684,0.7363759313624494,1.0,0.5460768805728331,0.4539231194271669,-0.3766037492470434,7.493750170578572,0.4795606487673443,-0.0,0.5327784594094753,8.506089278755391,0.0,0.0,0.0554511840806592,0.3075961007160414,0.0,0.36304728479670056,0.0,low,,8.143041993958692,True,pass,False,,0.293354943273906,0.9781199351701783,0.9643435980551054,0.9384116693679092,0.03403565640194489,0.34683954619124796,0.8152350081037277,0.6272285251215559,0.6599675850891411,0.5759724473257697,9.29805038086236,273,0.0,8.834208930749615,0,269,0,4,advance,CNc1ncc2ncnc(Nc3cccc(Br)c3)c2n1
C/C=C/C(=O)Cc1cc2c(Nc3cc(Br)cc(OC)c3)ncnc2cn1,7.761422686490067,0.07447437039320622,0.609966539144996,413.2750000000001,4.227200000000003,77.0,1,6,3,6,0.15789473684210525,0,0.0,2.6218333333333343,False,,0,,0,,0,,0.7166666666666667,0.6032229040220891,0.8240416436765255,0.3170731707317073,Osimertinib,0.2833333333333333,0.6829268292682926,0.5132236123472724,0.6846418529400042,1.0,0.7887629400744673,0.5132236123472724,0.746657101340436,1.0,0.48677638765272757,0.5132236123472724,-0.3112446519908847,7.649711130900258,0.23248101282920636,-0.0,0.5383884596996192,8.420580603429084,0.0,0.0,0.0,0.23347048456590946,0.0,0.23347048456590946,0.0,low,,8.187110118863174,True,pass,False,,0.3209076175040519,0.7593192868719612,0.606969205834684,0.6588330632090762,0.31280388978930307,0.4521880064829822,0.8152350081037277,0.8622366288492707,0.5190842787682334,0.5378849270664505,9.043481737950964,354,0.0,8.832572031342915,0,270,0,84,advance,C/C=C/C(=O)Cc1cc2c(Nc3cccc(Br)c3)ncnc2cn1
COCCOc1cnc(Cl)cc1-c1[nH]c2c(c1Nc1cccc(F)c1C)C(=O)NCC2,8.660317168905094,0.15967420806955665,0.37463361055595684,444.8940000000002,4.232320000000002,88.27000000000001,3,5,4,7,0.2727272727272727,0,0.0,3.132626666666668,False,,0,,0,,0,,0.7887323943661971,0.6809093919095701,0.9652898034719456,0.20652173913043478,Afatinib,0.21126760563380287,0.7934782608695652,0.6783073465775837,0.5355628447801353,1.0,0.9223369178213505,0.5355628447801353,0.7840517772947674,1.0,0.46443715521986473,0.5355628447801353,-0.14099257428957823,8.420805856800758,-0.06798766217131604,-0.0,0.5744363516640673,8.92725454629351,0.0,0.0,0.08951131210433497,0.2055464440248309,0.0,0.40755775612916584,0.15,low,uncertain_prediction,8.519696790164344,True,pass,False,,0.6661264181523501,0.041329011345218804,0.16045380875202594,0.29821717990275526,0.6944894651539708,0.49756888168557534,0.49027552674230146,0.5348460291734197,0.39173419773095625,0.4468800648298218,9.397335583570657,254,0.0,8.83095286796013,0,271,17,0,advance,COCCOc1cnccc1-c1[nH]c2c(c1Nc1cccc(F)c1C)C(=O)NCC2
COc1cc(C(N)=O)ccc1-c1cc2c(N[C@H](C)c3ccccc3OC)ncnc2[nH]1,8.055319440562656,0.019675822255704467,0.4198591331256397,417.4690000000001,3.914100000000002,115.15,3,6,4,7,0.17391304347826086,0,0.0,3.299793333333334,False,,0,,0,,0,,0.8305084745762712,0.6534928997249374,0.9154416358635225,0.23863636363636365,Osimertinib,0.1694915254237288,0.7613636363636364,0.6250567845616708,0.5540073950139737,1.0,0.876922135988551,0.5540073950139737,0.7639965788910489,1.0,0.44599260498602633,0.5540073950139737,-0.18525305910583734,8.0258057071791,-0.0577185625265343,-0.0,0.5335406863156495,8.501627830968214,0.0,0.0,0.0,0.1824907562325329,0.0,0.1824907562325329,0.0,low,,8.319137074735682,True,pass,False,,0.44408427876823336,0.18881685575364668,0.04862236628849271,0.12155591572123177,0.5526742301458671,0.5737439222042139,0.8152350081037277,0.993517017828201,0.26920583468395465,0.4224068071312804,8.82467483258896,423,0.0,8.826025243293218,0,272,0,151,advance,COc1cc(C(N)=O)ccc1-c1cc2c(N[C@H](C)c3ccccc3)ncnc2[nH]1
Nc1cc(CO)ccc1-c1cc2c(N[C@H](CO)c3ccccc3)ncnc2[nH]1,9.609400730194535,0.3181032447536078,0.33060005238122864,375.432,2.8449,120.08000000000001,5,6,4,6,0.14285714285714285,0,0.0,2.9195466666666667,False,,1,aniline,0,,0,,0.7627118644067796,0.6999203190093021,0.9998551254714582,0.18518518518518517,Afatinib,0.23728813559322037,0.8148148148148149,0.8046779112211083,0.5195397723994193,0.88,0.9535950478072973,0.5195397723994193,0.7894531828569562,0.9535950478072973,0.434055275407878,0.565944724592122,0.020299637818869454,9.132245863064123,-0.09304623333305706,-0.2,0.6011878868292582,9.440387516560325,0.0,0.0,0.3271548671304117,0.16756909425984756,0.0,0.7572239613902592,0.35,medium,potency_dominates_drug_likeness;uncertain_prediction,8.683163555170065,True,pass,False,,0.9967585089141004,0.008103727714748784,0.5081037277147488,0.4189627228525122,0.7633711507293355,0.6126418152350082,0.1458670988654781,0.17017828200972449,0.6101701782820097,0.553646677471637,10.172591730498736,78,0.0,8.82253956813603,0,273,195,0,review,OCc1ccc(-c2cc3c(N[C@H](CO)c4ccccc4)ncnc3[nH]2)cc1
Cc1cc(Br)cc(Nc2ncnc3cnc(CC(=O)/C=C\Cl)cc23)c1,7.881946196308942,0.1349147007684745,0.6092838055589442,417.69400000000024,4.703420000000001,67.77000000000001,1,5,3,5,0.1111111111111111,0,0.0,2.551293333333335,False,,0,,0,,0,,0.7368421052631579,0.6321224716468461,0.8765863120851746,0.3026315789473684,Sunvozertinib,0.26315789473684215,0.6973684210526316,0.5010462585393033,0.6869794263907527,1.0,0.8317818393270389,0.5010462585393033,0.7549518810642737,1.0,0.4989537414606967,0.5010462585393033,-0.3385408300332938,7.67957414515623,0.23770091667005508,-0.0,0.546778156968662,8.464053218794946,0.0,0.0,0.05237205115271175,0.24869217682587091,0.0,0.3010642279785827,0.0,low,,8.162988990816364,True,pass,False,,0.36142625607779577,0.7504051863857374,0.6742301458670988,0.5510534846029174,0.4683954619124797,0.43111831442463533,0.8152350081037277,0.640194489465154,0.5240680713128039,0.5470016207455429,9.092934904370312,338,0.0,8.819390935711017,0,274,0,64,advance,O=C(/C=C\Cl)Cc1cc2c(Nc3cccc(Br)c3)ncnc2cn1
COC(C)(C)COc1cnccc1-c1[nH]c2c(c1Nc1cc(Cl)cc(F)c1C)C(=O)NCC2,9.189171120663337,0.160345037483417,0.44952373159382286,472.94800000000026,5.010920000000003,88.27000000000001,3,5,4,7,0.3333333333333333,1,0.45,3.3196533333333353,False,,0,,0,,0,,0.8194444444444444,0.7606257309941521,1.0,0.19801980198019803,Osimertinib,0.18055555555555558,0.801980198019802,0.8100512539274424,0.5195590780176282,1.0,0.9504950495049505,0.5195590780176282,0.8200263453625053,1.0,0.48044092198237176,0.5195590780176282,-0.013300121913417118,8.948653564438212,-0.7150909350728442,-0.0,0.5718440594059406,8.805406688771308,0.0,0.0,0.09051755622512549,0.2255511524779647,0.0,0.42856870870309016,0.15,low,uncertain_prediction,8.376837980068219,True,pass,False,,0.9059967585089141,0.3492706645056726,0.01620745542949757,0.18071312803889789,0.8824959481361426,0.45948136142625606,0.49027552674230146,0.5299837925445705,0.5161264181523502,0.5536061588330633,9.424758390554128,246,0.0,8.816165370667894,0,275,29,0,advance,COC(C)(C)COc1cnccc1-c1[nH]c2c(c1Nc1cccc(F)c1C)C(=O)NCC2
COc1ccccc1-c1cc2c(N[C@H](CO)c3ccc(C)cc3)ncnc2[nH]1,8.373797499972397,0.16768800803807254,0.4734806263536626,374.4440000000001,4.087420000000002,83.06,3,5,4,6,0.18181818181818182,0,0.0,2.9129600000000004,False,,0,,0,,0,,0.8703703703703703,0.7612069786845193,1.0,0.22988505747126436,Osimertinib,0.12962962962962965,0.7701149425287357,0.6010677693664486,0.5983774214175914,1.0,0.9425287356321839,0.5983774214175914,0.785493481604056,1.0,0.4016225785824086,0.5983774214175914,-0.2459009496501433,8.12226548791529,0.05471844453548075,-0.0,0.539367816091954,8.716351748542724,0.0,0.0,0.10153201205710881,0.12702822322801072,0.0,0.34106023528511953,0.15,low,uncertain_prediction,8.375291513257604,True,pass,False,,0.5834683954619124,0.4497568881685575,0.5291734197730956,0.025121555915721232,0.8824959481361426,0.8525121555915721,0.49027552674230146,0.5105348460291734,0.4369124797406807,0.5459886547811994,9.24064672423154,291,0.0,8.805477898995044,0,276,0,15,advance,COc1ccccc1-c1cc2c(N[C@H](CO)c3ccccc3)ncnc2[nH]1
COCCOc1cnccc1-c1[nH]c2c(c1Nc1c(Cl)ccc(F)c1C)C(=O)NCC2,8.590383432685895,0.24730393019714356,0.474443582432354,444.8940000000002,4.232320000000002,88.27000000000001,3,5,4,7,0.2727272727272727,0,0.0,3.132626666666668,False,,0,,0,,0,,0.7714285714285715,0.7165768831879612,1.0,0.22448979591836735,Gefitinib,0.22857142857142854,0.7755102040816326,0.5994831070334733,0.5904583293121537,1.0,0.9438775510204082,0.5904583293121537,0.7834547468415087,1.0,0.4095416706878463,0.5904583293121537,-0.2452955197440474,8.21942753739018,0.03182230970508114,-0.0,0.5855102040816327,8.836760051176894,0.0,0.0,0.22095589529571533,0.13692708835980788,0.0,0.47038298365552317,0.15,low,uncertain_prediction,8.36637706752137,True,pass,False,,0.6499189627228525,0.4773095623987034,0.16045380875202594,0.39303079416531606,0.8824959481361426,0.7860615883306321,0.49027552674230146,0.28363047001620745,0.4905996758508915,0.5519854132901134,9.425479662197963,245,0.0,8.803759563469507,0,277,32,0,advance,COCCOc1cnccc1-c1[nH]c2c(c1Nc1cccc(F)c1C)C(=O)NCC2
COCCOc1cnccc1-c1[nH]c2c(c1Nc1ccc(N)c(F)c1C)C(=O)NCC2,8.937591358659452,0.2349532535628705,0.341548044325826,425.4640000000002,3.1611200000000013,114.28999999999999,4,6,4,7,0.2727272727272727,0,0.0,3.003093333333335,False,,1,aniline,0,,0,,0.7857142857142857,0.7293735385284681,1.0,0.16346153846153846,Gefitinib,0.2142857142857143,0.8365384615384616,0.6949305621708536,0.5223478346356145,0.88,0.9591346153846154,0.5223478346356145,0.7641032530477708,0.9591346153846154,0.4367867807490009,0.5632132192509991,-0.0922302545025564,8.585161478315147,-0.08164322840144696,-0.2,0.5973901098901099,8.900908359803811,0.0,0.0,0.20242988034430576,0.17098347593625113,0.0,0.4859133562805569,0.15,low,uncertain_prediction,8.414995003523254,True,pass,False,,0.766612641815235,0.011345218800648298,0.35899513776337116,0.31523500810372773,0.8824959481361426,0.5948136142625607,0.49027552674230146,0.31118314424635335,0.46414100486223664,0.5114262560777958,9.457877565638494,240,0.0,8.803706510816609,0,278,38,0,advance,COCCOc1cnccc1-c1[nH]c2c(c1Nc1cccc(F)c1C)C(=O)NCC2
Nc1c(CC(=O)/C=C\Cl)ncc2ncnc(Nc3cccc(Br)c3)c12,8.307348866949157,0.2083481658177325,0.608789936010034,418.6820000000001,3.9772000000000016,93.79,2,6,3,5,0.058823529411764705,0,0.0,2.557880000000001,False,,1,aniline,0,,0,,0.6721311475409836,0.5866209710411735,0.7938563109839517,0.2911392405063291,Sunvozertinib,0.3278688524590164,0.7088607594936709,0.5559935006648765,0.6864544648055186,0.88,0.7726074231113815,0.5559935006648765,0.7237638471454442,0.88,0.3240064993351235,0.6759935006648765,-0.2236937953074235,7.994826618222558,0.2309902889512103,-0.2,0.5586632892006466,8.584480196374416,0.0,0.0,0.16252224872659873,0.030008124168904374,0.0,0.3050303728955031,0.15,low,uncertain_prediction,8.279449823478913,True,pass,False,,0.5542949756888168,0.7423014586709886,0.6564019448946515,0.8654781199351702,0.20178282009724474,0.9805510534846029,0.49027552674230146,0.36628849270664504,0.669448946515397,0.6153970826580227,9.387818932192893,257,0.0,8.79292632266854,0,279,22,0,advance,O=C(/C=C\Cl)Cc1cc2c(Nc3cccc(Br)c3)ncnc2cn1
COCCOc1cnccc1-c1[nH]c2c(c1Nc1cc(N)cc(F)c1C)C(=O)NCC2,8.796358681686291,0.1939847365964243,0.341548044325826,425.4640000000002,3.1611200000000013,114.28999999999999,4,6,4,7,0.2727272727272727,0,0.0,3.003093333333335,False,,1,aniline,0,,0,,0.7887323943661971,0.7260798122065728,1.0,0.1941747572815534,Gefitinib,0.21126760563380287,0.8058252427184466,0.6883003548040758,0.5223478346356145,0.88,0.9514563106796117,0.5223478346356145,0.7605261250298255,0.9514563106796117,0.42910847604399716,0.5708915239560028,-0.09630102696766629,8.505381576791654,-0.08164322840144696,-0.2,0.5868179953507453,8.810556343740954,0.0,0.0,0.14097710489463644,0.16138559505499644,0.0,0.4148626999496329,0.15,low,uncertain_prediction,8.39569364379132,True,pass,False,,0.7212317666126418,0.011345218800648298,0.35899513776337116,0.29821717990275526,0.8824959481361426,0.653160453808752,0.49027552674230146,0.40842787682333875,0.4403160453808752,0.506807131280389,9.338935598198004,266,0.0,8.778862201327788,0,280,14,0,advance,COCCOc1cnccc1-c1[nH]c2c(c1Nc1cccc(F)c1C)C(=O)NCC2
CNc1cc2c(Nc3cc(Cl)cc(C(F)(F)F)c3)ncnc2cn1,8.026007192805068,0.16794775294742018,0.7264465867289771,353.735,4.482300000000001,62.730000000000004,2,5,3,3,0.13333333333333333,0,0.0,1.9249000000000003,False,,0,,0,,0,,0.7058823529411765,0.5994501881560705,0.8171821602837646,0.34782608695652173,Sunvozertinib,0.2941176470588235,0.6521739130434783,0.5139383711380728,0.775511007316322,1.0,0.775930098473693,0.5139383711380728,0.7663448692320219,1.0,0.48606162886192716,0.5139383711380728,-0.3365419974585988,7.774085563383937,0.4510449200623104,-0.0,0.5323006551604552,8.757431138606703,0.0,0.0,0.10192162942113026,0.23257703607740898,0.0,0.4469986654985392,0.15,low,uncertain_prediction,8.310432473108165,True,pass,False,,0.419773095623987,0.9286871961102107,0.9238249594813615,0.7115072933549432,0.2901134521880065,0.4538087520259319,0.49027552674230146,0.5089141004862237,0.6555105348460292,0.5776337115072933,9.544043780421939,213,0.0,8.778592926916916,0,281,68,0,advance,CNc1cc2c(Nc3cccc(C(F)(F)F)c3)ncnc2cn1
C/C=C/C(=O)Cc1cc2c(Nc3cccc(Br)c3)ncnc2cc1C,8.760305391532293,0.22008083563739433,0.6076838341050834,396.28800000000007,5.132020000000003,54.88,1,4,3,5,0.15,1,0.45,2.4085866666666673,False,,0,,0,,0,,0.7288135593220338,0.6624931656642974,0.9318057557532679,0.32098765432098764,Osimertinib,0.27118644067796616,0.6790123456790124,0.6610197629368973,0.6415881600398472,1.0,0.868607403234704,0.6415881600398472,0.792803831552862,1.0,0.3584118399601528,0.6415881600398472,-0.17571209148795297,8.430184138076202,-0.4386041658949167,-0.0,0.5586890409471055,8.55026901312839,0.0,0.0,0.18012125345609148,0.07301479995019101,0.0,0.36563605340628247,0.15,low,uncertain_prediction,8.184632959722107,True,pass,False,,0.6969205834683955,0.7350081037277147,0.8168557536466775,0.5940032414910859,0.6061588330632091,0.946515397082658,0.49027552674230146,0.34035656401944897,0.7019448946515396,0.6817260940032416,9.392602886710236,255,0.0,8.777704272525996,0,282,27,0,advance,C/C=C/C(=O)Cc1ccc2ncnc(Nc3cccc(Br)c3)c2c1
COCCOc1cnc(N)cc1-c1[nH]c2c(c1Nc1cccc(F)c1C)C(=O)NCC2,8.661736156992868,0.22015102831571912,0.4325433521093688,425.4640000000002,3.1611200000000013,114.28999999999999,4,6,4,7,0.2727272727272727,0,0.0,3.003093333333335,False,,1,aniline,0,,0,,0.7887323943661971,0.6809093919095701,0.9652898034719456,0.20652173913043478,Afatinib,0.21126760563380287,0.7934782608695652,0.6363283194272136,0.5723952539165631,0.88,0.9223369178213505,0.5723952539165631,0.7527651227912818,0.9223369178213505,0.3499416639047874,0.6500583360952126,-0.15524907115209097,8.33150961451929,0.009352079382095858,-0.2,0.5744363516640673,8.715298045565453,0.0,0.0,0.18022654247357867,0.062427079880984296,0.0,0.35515362235456294,0.15,low,uncertain_prediction,8.36014442321089,True,pass,False,,0.6709886547811994,0.22366288492706646,0.35899513776337116,0.29821717990275526,0.6944894651539708,0.9546191247974068,0.49027552674230146,0.3387358184764992,0.46017017828200973,0.5314424635332252,9.267502259503864,282,0.0,8.772875379450761,0,283,1,0,advance,COCCOc1cnccc1-c1[nH]c2c(c1Nc1cccc(F)c1C)C(=O)NCC2
CCOc1ccccc1-c1cc2c(N[C@H](CO)c3ccc(OC)cc3)ncnc2[nH]1,8.663970369813576,0.17838183710579483,0.40805553222987834,404.4700000000001,4.1777000000000015,92.28999999999999,3,6,4,8,0.21739130434782608,0,0.0,3.313133333333334,False,,0,,0,,0,,0.8421052631578947,0.7403678920141756,1.0,0.23170731707317074,Afatinib,0.1578947368421053,0.7682926829268293,0.6661253064793377,0.547002337598228,1.0,0.9420731707317074,0.547002337598228,0.7888002037023183,1.0,0.45299766240177197,0.547002337598228,-0.16356652963064078,8.396397614154884,-0.06717533733533913,-0.0,0.5515404364569961,8.88076271327654,0.0,0.0,0.11757275565869224,0.19124707800221497,0.0,0.4213198336609072,0.15,low,uncertain_prediction,8.459442879615633,True,pass,False,,0.6758508914100486,0.13614262560777957,0.029983792544570502,0.07860615883306321,0.8824959481361426,0.5299837925445705,0.49027552674230146,0.46677471636953,0.35158022690437607,0.4476499189627229,9.302658985561791,272,0.0,8.771622782370901,0,284,12,0,advance,CCOc1ccccc1-c1cc2c(N[C@H](CO)c3ccccc3)ncnc2[nH]1
COCCOc1cnccc1-c1[nH]c2c(c1Nc1c(F)ccc(F)c1C)C(=O)NCC2,8.667440178529946,0.2969841104869504,0.49948989342909916,428.4390000000002,3.718020000000002,88.27000000000001,3,5,4,7,0.2727272727272727,0,0.0,3.0229266666666685,False,,0,,0,,0,,0.8181818181818182,0.7592827462392681,1.0,0.1958762886597938,Gefitinib,0.18181818181818177,0.8041237113402062,0.5839711672916211,0.6084530311295943,1.0,0.9510309278350515,0.5839711672916211,0.7858637815640668,1.0,0.41602883270837887,0.5839711672916211,-0.2691901523632607,8.22196401279952,0.07332362070182617,-0.0,0.5730552952202437,8.868342928721589,0.0,0.0,0.29547616573042557,0.14503604088547362,0.0,0.5530122066158991,0.15,low,uncertain_prediction,8.31533072210569,True,pass,False,,0.6807131280388979,0.5615883306320908,0.3379254457050243,0.18557536466774716,0.8824959481361426,0.7617504051863857,0.49027552674230146,0.19448946515397084,0.5064424635332253,0.5639789303079416,9.476073884961458,235,0.0,8.76710543847522,0,285,50,0,advance,COCCOc1cnccc1-c1[nH]c2c(c1Nc1cccc(F)c1C)C(=O)NCC2
C/C=C/C(=O)Cc1ncc2ncnc(Nc3cccc(Br)c3)c2c1F,8.221072595052467,0.20743011322171737,0.6439694066478064,401.2390000000001,4.357700000000002,67.77,1,5,3,5,0.1111111111111111,0,0.0,2.441593333333334,False,,0,,0,,0,,0.6774193548387096,0.5967745368236252,0.8123173396793185,0.3037974683544304,Sunvozertinib,0.32258064516129037,0.6962025316455696,0.5350670695079147,0.7102757377588578,1.0,0.7832886376708812,0.5350670695079147,0.7571578612344134,1.0,0.4649329304920853,0.5350670695079147,-0.29612105563533164,7.909927425219891,0.2888415177589175,-0.0,0.5571013847360812,8.75587032771489,0.0,0.0,0.16114516983257604,0.2061661631151066,0.0,0.47981133294768263,0.15,low,uncertain_prediction,8.276058994767206,True,pass,False,,0.5283630470016207,0.8476499189627229,0.7487844408427877,0.8444084278768234,0.273095623987034,0.4959481361426256,0.49027552674230146,0.3695299837925446,0.6884927066450567,0.5893841166936792,9.582061575688957,204,0.0,8.758319934799621,0,286,82,0,advance,C/C=C/C(=O)Cc1cc2c(Nc3cccc(Br)c3)ncnc2cn1
C=CC(=O)Cc1ncc2ncnc(Nc3cccc(Br)c3)c2c1F,8.115759726325342,0.1746839697075069,0.6714894018025248,387.21200000000005,3.967600000000002,67.77,1,5,3,5,0.058823529411764705,0,0.0,2.3480800000000004,False,,0,,0,,0,,0.6666666666666666,0.5746204044711507,0.7720370990384557,0.36486486486486486,Sunvozertinib,0.33333333333333337,0.6351351351351351,0.5316611527860806,0.7290084017606193,1.0,0.7378116080626256,0.5316611527860806,0.7496202906523315,1.0,0.4683388472139194,0.5316611527860806,-0.29061218382166765,7.853733771764081,0.32515975474370123,-0.0,0.5335498153001544,8.712443341807937,0.0,0.0,0.11202595456126035,0.21042355901739923,0.0,0.4349495135786596,0.15,low,uncertain_prediction,8.277493828229277,True,pass,False,,0.49270664505672607,0.8857374392220422,0.8314424635332253,0.8792544570502431,0.1393841166936791,0.4846029173419773,0.49027552674230146,0.4813614262560778,0.6994327390599676,0.5872366288492705,9.551762628679898,211,0.0,8.757177782848402,0,287,76,0,advance,C=CC(=O)Cc1cc2c(Nc3cccc(Br)c3)ncnc2cn1
CNc1ncc2ncnc(Nc3cc(C)cc(Br)c3)c2n1,8.072168379382243,0.21139309286863056,0.758824450581554,345.20400000000006,3.276020000000001,75.62,2,6,3,3,0.14285714285714285,0,0.0,1.9000000000000001,False,,0,,0,,0,,0.7083333333333334,0.598999493414387,0.8163627152988853,0.2328767123287671,Sunvozertinib,0.29166666666666663,0.7671232876712328,0.4950669298375192,0.7942765247429315,1.0,0.8040528583919722,0.4950669298375192,0.7733490782431057,1.0,0.5049330701624808,0.4950669298375192,-0.37104286454078206,7.755078740079297,0.48811016486726827,-0.0,0.5654776651260911,8.808666570072656,0.0,0.0,0.16708963930294585,0.256166337703101,0.0,0.5357559770060468,0.15,low,uncertain_prediction,8.272910593066609,True,pass,False,,0.46029173419773095,0.986223662884927,0.9643435980551054,0.700162074554295,0.2884927066450567,0.4213938411669368,0.49027552674230146,0.36304700162074555,0.6890599675850893,0.5906401944894651,9.635538531174763,191,0.0,8.756678826453967,0,288,97,0,advance,CNc1ncc2ncnc(Nc3cccc(Br)c3)c2n1
C/C=C/C(=O)Cc1cc2c(Nc3ccc(F)c(Br)c3)ncnc2cn1,8.373162489515302,0.24820747062415216,0.6439694066478064,401.23900000000003,4.357700000000003,67.77000000000001,1,5,3,5,0.1111111111111111,0,0.0,2.4415933333333335,False,,0,,0,,0,,0.7288135593220338,0.6156169041066587,0.8465761892848339,0.4027777777777778,Sunvozertinib,0.27118644067796616,0.5972222222222222,0.544545392941919,0.7102757377588578,1.0,0.784237697519181,0.544545392941919,0.7597647070549894,1.0,0.45545460705808105,0.544545392941919,-0.286959085484094,8.000851283579074,0.28884151775891753,-0.0,0.51284461229296,8.802537413630953,0.0,0.0,0.22231120593622822,0.19431825882260134,0.0,0.5291294647588296,0.15,low,uncertain_prediction,8.273407948872123,True,pass,False,,0.5818476499189628,0.8476499189627229,0.7544570502431118,0.5940032414910859,0.38087520259319285,0.5170178282009724,0.49027552674230146,0.28038897893030795,0.6633306320907617,0.5893841166936792,9.598534172139868,201,0.0,8.755668888904538,0,289,88,0,advance,C/C=C/C(=O)Cc1cc2c(Nc3cccc(Br)c3)ncnc2cn1
C=CC(=O)Cc1cc2c(Nc3cccc(Br)c3)ncnc2c(Cl)n1,7.868957338126164,0.1140577615534398,0.5022873670720821,403.6670000000001,4.481900000000002,67.77000000000001,1,5,3,5,0.058823529411764705,0,0.0,2.4577800000000005,False,,0,,0,,0,,0.7068965517241379,0.5927819354974527,0.8050580645408231,0.35135135135135137,Sunvozertinib,0.2931034482758621,0.6486486486486487,0.5123989014441332,0.6317280518896452,1.0,0.7659557105677794,0.5123989014441332,0.7275206659753894,1.0,0.48760109855586675,0.5123989014441332,-0.2868290193750084,7.697870695796005,0.1395027200132585,-0.0,0.5277556624539383,8.365129078263202,0.0,0.0,0.021086642330159694,0.23450137319483344,0.0,0.2555880155249931,0.0,low,,8.10954106273821,True,pass,False,,0.353322528363047,0.5842787682333873,0.7423014586709886,0.7074554294975689,0.25283630470016205,0.44894651539708263,0.8152350081037277,0.7034035656401945,0.5286871961102106,0.5254862236628849,8.999553713595455,367,0.0,8.740124531133672,0,290,0,77,advance,C=CC(=O)Cc1cc2c(Nc3cccc(Br)c3)ncnc2cn1
COc1cc(Br)cc(Nc2ncnc3cnc(CC(=O)/C=C\Cl)cc23)c1,7.716730943225548,0.0662126459100542,0.58053330487275,433.69300000000015,4.403600000000002,77.0,1,6,3,6,0.1111111111111111,0,0.0,2.7579533333333344,False,,0,,0,,0,,0.7,0.6030145706887557,0.8236628557977376,0.3333333333333333,Osimertinib,0.30000000000000004,0.6666666666666667,0.5078338836693491,0.6632181894748843,1.0,0.7844138085149699,0.5078338836693491,0.7388664704148008,1.0,0.4921661163306509,0.5078338836693491,-0.30804344899393565,7.617411974360467,0.17795141598386097,-0.0,0.5409157139494345,8.336279104293762,0.0,0.0,0.0,0.24020764541331363,0.0,0.24020764541331363,0.0,low,,8.096071458880449,True,pass,False,,0.29983792544570503,0.692868719611021,0.5583468395461912,0.7406807131280388,0.31118314424635335,0.44570502431118314,0.8152350081037277,0.899513776337115,0.505388978930308,0.5259724473257699,8.942745879010133,385,0.0,8.727238395671373,0,291,0,94,advance,O=C(/C=C\Cl)Cc1cc2c(Nc3cccc(Br)c3)ncnc2cn1
C/C=C/C(=O)Cc1ccc2ncnc(Nc3cc(N)cc(Br)c3)c2c1,7.711667474562784,0.050537019402963894,0.4926227266436487,397.27600000000007,4.405800000000003,80.9,2,5,3,5,0.10526315789473684,0,0.0,2.4151733333333336,False,,1,aniline,0,,0,,0.7719298245614035,0.6486276596643269,0.9065957448442306,0.2926829268292683,Osimertinib,0.22807017543859653,0.7073170731707317,0.5175409550586213,0.6280512176027248,0.88,0.8567760769258559,0.5175409550586213,0.7205920623968005,0.88,0.3624590449413787,0.6375409550586213,-0.2707348097842389,7.6358619454583385,0.14087304243312235,-0.2,0.5414756371096456,8.118210625001106,0.0,0.0,0.0,0.0780738061767234,0.0,0.0780738061767234,0.0,low,,8.040136818824383,True,pass,False,,0.29821717990275526,0.5413290113452188,0.7990275526742301,0.38492706645056723,0.5364667747163695,0.940032414910859,0.8152350081037277,0.946515397082658,0.43930307941653157,0.5655591572123178,8.645374320300943,457,0.0,8.718807807479164,0,292,0,165,advance,C/C=C/C(=O)Cc1ccc2ncnc(Nc3cccc(Br)c3)c2c1
CNc1nc(Cl)c2ncnc(Nc3cccc(Br)c3)c2n1,7.484900635906087,0.06518418748854211,0.6904877876280088,365.62200000000007,3.6210000000000013,75.62,2,6,3,3,0.07692307692307693,0,0.0,2.004146666666667,False,,0,,0,,0,,0.66,0.5797914242620126,0.7814389532036591,0.2465753424657534,Sunvozertinib,0.33999999999999997,0.7534246575342466,0.45059622773454217,0.7526857190928407,1.0,0.7744353792863059,0.45059622773454217,0.7444293315284222,1.0,0.5494037722654579,0.4505962277345421,-0.39177747172517347,7.387124354673273,0.3975580953203164,-0.0,0.5743871355611887,8.359069585554778,0.0,0.0,0.0,0.31175471533182236,0.0,0.31175471533182236,0.0,low,,8.047314870222955,True,pass,False,,0.20745542949756887,0.9035656401944895,0.8970826580226904,0.9116693679092382,0.17017828200972449,0.3419773095623987,0.8152350081037277,0.9011345218800648,0.5909643435980552,0.5564424635332252,9.068226797872445,349,0.0,8.715045826462825,0,293,0,56,advance,CNc1ncc2ncnc(Nc3cccc(Br)c3)c2n1
O=C(/C=C\Cl)Cc1cc2c(Nc3ccc(F)c(Br)c3)ncnc2cn1,8.334792014964465,0.22585621772928965,0.612925776663183,421.65700000000004,4.534100000000002,67.77000000000001,1,5,3,5,0.058823529411764705,0,0.0,2.5777133333333335,False,,0,,0,,0,,0.7241379310344828,0.6201177440776996,0.8547595346867264,0.42857142857142855,Sunvozertinib,0.27586206896551724,0.5714285714285714,0.5505986513306136,0.6879663566519302,1.0,0.7839267938721877,0.5505986513306136,0.7556229504636829,1.0,0.4494013486693864,0.5505986513306136,-0.27336573217742566,7.996007688370531,0.2321511296043595,-0.0,0.5092563861347358,8.737415204109626,0.0,0.0,0.18878432659393446,0.18675168583673302,0.0,0.48803601243066747,0.15,low,uncertain_prediction,8.249379191678958,True,pass,False,,0.5721231766612642,0.7739059967585089,0.63290113452188,0.6239870340356564,0.4100486223662885,0.5542949756888168,0.49027552674230146,0.3225283630470016,0.631969205834684,0.5749999999999998,9.495778251111247,226,0.0,8.714379191678958,0,294,68,0,advance,O=C(/C=C\Cl)Cc1cc2c(Nc3cccc(Br)c3)ncnc2cn1
C/C=C/C(=O)Cc1ccc2ncnc(Nc3cccc(Br)c3)c2c1OC,7.746334206771266,0.11464566003134617,0.5878031137339144,412.28700000000015,4.832200000000004,64.11,1,5,3,6,0.15,0,0.0,2.615246666666668,False,,0,,0,,0,,0.640625,0.5956352035281836,0.8102458245966973,0.29411764705882354,Osimertinib,0.359375,0.7058823529411764,0.4813315896708742,0.6727053022972427,1.0,0.784154956682817,0.4813315896708742,0.7345479621627334,1.0,0.5186684103291258,0.4813315896708742,-0.3376218299891456,7.574365716724246,0.21051611373391416,-0.0,0.5760449120315272,8.360926742489688,0.0,0.0,0.02196849004701925,0.2733355129114073,0.0,0.2953040029584265,0.0,low,,8.065622739531262,True,pass,False,,0.31442463533225284,0.7042139384116693,0.6150729335494327,0.9489465153970826,0.26418152350081037,0.4051863857374392,0.8152350081037277,0.7017828200972447,0.5643841166936792,0.5399108589951378,9.038187682522103,356,0.0,8.713515770325428,0,295,0,61,advance,C/C=C/C(=O)Cc1ccc2ncnc(Nc3cccc(Br)c3)c2c1
COc1ccc([C@@H](CO)Nc2ncnc3[nH]c(-c4ccccc4OC)cc23)cc1,8.428416876176017,0.1610601578556809,0.4446694417376234,390.4430000000001,3.787600000000002,92.29,3,6,4,7,0.18181818181818182,0,0.0,3.1196200000000007,False,,0,,0,,0,,0.8703703703703703,0.7612069786845193,1.0,0.24050632911392406,Afatinib,0.12962962962962965,0.759493670886076,0.6193621085450277,0.5745828083403082,1.0,0.939873417721519,0.5745828083403082,0.7834545836517137,1.0,0.42541719165969183,0.5745828083403082,-0.2187899668089146,8.186826639392496,-0.005091740080558519,-0.0,0.5361814345991561,8.717916333911093,0.0,0.0,0.09159023678352134,0.1567714895746148,0.0,0.3608617263581361,0.15,low,uncertain_prediction,8.357054607552957,True,pass,False,,0.6061588330632091,0.2917341977309562,0.19367909238249595,0.025121555915721232,0.8824959481361426,0.6790923824959482,0.49027552674230146,0.526742301458671,0.365194489465154,0.4790113452188007,9.156149721269278,316,0.0,8.706868221815519,0,296,0,20,advance,COc1ccccc1-c1cc2c(N[C@H](CO)c3ccccc3)ncnc2[nH]1
COc1ccccc1-c1cc2c(N[C@H](CO)c3ccccc3Cl)ncnc2[nH]1,8.313012763361021,0.15425263752602753,0.4502281902876411,394.862,4.432400000000002,83.06,3,5,4,6,0.14285714285714285,0,0.0,3.0490800000000005,False,,0,,0,,0,,0.7586206896551724,0.6698623438111758,0.945204261474865,0.2558139534883721,Osimertinib,0.24137931034482762,0.7441860465116279,0.595276344572036,0.5803531969658949,1.0,0.8949497077340557,0.5803531969658949,0.7676448123179966,1.0,0.41964680303410506,0.5803531969658949,-0.22982462366128087,8.081633807071979,0.007151904573355345,-0.0,0.5681775689773771,8.656963280622712,0.0,0.0,0.08137895628904128,0.14955850379263136,0.0,0.34343746008167264,0.15,low,uncertain_prediction,8.31352582054104,True,pass,False,,0.5591572123176661,0.3646677471636953,0.3241491085899514,0.44408427876823336,0.6377633711507293,0.7406807131280388,0.49027552674230146,0.5542949756888168,0.4619935170178282,0.5138573743922205,9.211355501044105,298,0.0,8.705154669811705,0,297,0,1,advance,COc1ccccc1-c1cc2c(N[C@H](CO)c3ccccc3)ncnc2[nH]1
C/C=C/C(=O)Cc1cc2c(Nc3cc(F)cc(Br)c3)ncnc2cn1,8.200806573579547,0.20242137957138848,0.6439694066478066,401.23900000000003,4.357700000000002,67.77000000000001,1,5,3,5,0.1111111111111111,0,0.0,2.4415933333333335,False,,0,,0,,0,,0.7413793103448276,0.6176369816577891,0.8502490575596164,0.3157894736842105,Sunvozertinib,0.2586206896551724,0.6842105263157895,0.5335066776949147,0.7102757377588578,1.0,0.8087394247486597,0.5335066776949147,0.7631304600506079,1.0,0.46649332230508533,0.5335066776949147,-0.3061650431409244,7.8971745042224635,0.28884151775891764,-0.0,0.5342047326294685,8.72022075461085,0.0,0.0,0.1536320693570827,0.20811665288135667,0.0,0.47424872223843934,0.15,low,uncertain_prediction,8.24597203237241,True,pass,False,,0.5170178282009724,0.8517017828200972,0.7544570502431118,0.5332252836304701,0.39546191247974066,0.49108589951377635,0.49027552674230146,0.3824959481361426,0.6228119935170179,0.5684359805510535,9.467595146831272,236,0.0,8.703095209033675,0,298,62,0,advance,C/C=C/C(=O)Cc1cc2c(Nc3cccc(Br)c3)ncnc2cn1
COCCOc1cncc(C)c1-c1[nH]c2c(c1Nc1cccc(F)c1C)C(=O)NCC2,8.70277804706172,0.3239355704772831,0.5010771966005143,424.4760000000002,3.887340000000002,88.27000000000001,3,5,4,7,0.30434782608695654,0,0.0,2.9965066666666687,False,,0,,0,,0,,0.7971014492753623,0.6858272162619988,0.9742313022945432,0.2,Afatinib,0.2028985507246377,0.8,0.5739396124313318,0.6103422017200264,1.0,0.9306734767209075,0.5739396124313318,0.7787388227180665,1.0,0.42606038756866815,0.5739396124313318,-0.2730656137156461,8.216874691345796,0.0820359792092097,-0.0,0.5748621733997228,8.873772843954727,0.0,0.0,0.33590335571592467,0.1575754844608352,0.0,0.6059788401767598,0.15,low,uncertain_prediction,8.267794003777967,True,pass,False,,0.6855753646677472,0.5721231766612642,0.3703403565640194,0.25283630470016205,0.7196110210696921,0.6661264181523501,0.49027552674230146,0.16045380875202594,0.5290518638573745,0.5494327390599676,9.508635080583577,221,0.0,8.702113290649928,0,299,78,0,advance,COCCOc1cnccc1-c1[nH]c2c(c1Nc1cccc(F)c1C)C(=O)NCC2
COC(C)(C)COc1cnc(Cl)cc1-c1[nH]c2c(c1Nc1cccc(F)c1C)C(=O)NCC2,8.710752519804531,0.11543042357402068,0.4205116319349462,472.94800000000026,5.010920000000003,88.27000000000001,3,5,4,7,0.3333333333333333,1,0.45,3.3196533333333353,False,,0,,0,,0,,0.7972972972972973,0.6902807005832632,0.9823285465150239,0.1875,Afatinib,0.20270270270270274,0.8125,0.7218868334493184,0.5036024232052461,1.0,0.9398714098862679,0.5036024232052461,0.791340166635208,1.0,0.49639757679475394,0.5036024232052461,-0.09260444424785297,8.5376068844435,-0.7441030347317208,-0.0,0.5805483528449722,8.37405220255675,0.0,0.0,0.023145635361031015,0.24549697099344242,0.0,0.26864260635447346,0.0,low,,8.105409596202277,True,pass,False,,0.6888168557536467,0.19448946515397084,0.01620745542949757,0.24635332252836303,0.733387358184765,0.43354943273906,0.8152350081037277,0.6985413290113452,0.4005672609400325,0.4952188006482982,8.85473291568479,414,0.0,8.699672156980235,0,300,0,114,advance,COC(C)(C)COc1cnccc1-c1[nH]c2c(c1Nc1cccc(F)c1C)C(=O)NCC2
CNc1ncc2ncnc(Nc3cc(F)cc(Br)c3)c2n1,8.21244633798296,0.269541898092294,0.7568683410750366,349.16700000000003,3.106700000000001,75.62,2,6,3,3,0.07692307692307693,0,0.0,1.9000000000000001,False,,0,,0,,0,,0.6938775510204082,0.5680909567649983,0.7601653759363605,0.2638888888888889,Sunvozertinib,0.30612244897959184,0.7361111111111112,0.48943225583113437,0.793200664514347,1.0,0.7541518097300481,0.48943225583113437,0.7591961825188823,1.0,0.5105677441688656,0.48943225583113437,-0.35968523558366394,7.8081334908445195,0.4795606487673443,-0.0,0.5486297793582398,8.836323918970104,0.0,0.0,0.254312847138441,0.26320968021108204,0.0,0.630022527349523,0.15,low,uncertain_prediction,8.206301391620581,True,pass,False,,0.5218800648298217,0.9781199351701783,0.9643435980551054,0.7585089141004863,0.10210696920583469,0.4165316045380875,0.49027552674230146,0.24149108589951376,0.7268233387358185,0.5885332252836305,9.708511925453086,181,0.0,8.687541261960938,0,301,120,0,advance,CNc1ncc2ncnc(Nc3cccc(Br)c3)c2n1
COCCOc1cncc(OC)c1-c1[nH]c2c(c1Nc1cccc(F)c1C)C(=O)NCC2,8.538972264355158,0.23577256129425858,0.46341515758014057,440.4750000000002,3.5875200000000023,97.5,3,6,4,8,0.30434782608695654,0,0.0,3.203166666666668,False,,0,,0,,0,,0.7971014492753623,0.6903317207665033,0.9824213104845513,0.2,Gefitinib,0.2028985507246377,0.8,0.5947022731828084,0.5816796187203593,1.0,0.9368159828634135,0.5816796187203593,0.7782994686916453,1.0,0.41832038127964066,0.5816796187203593,-0.24479626067844917,8.18531342241377,0.013374940188836018,-0.0,0.5769096754472248,8.77559803804983,0.0,0.0,0.20365884194138786,0.14790047659955086,0.0,0.4640593185409387,0.15,low,uncertain_prediction,8.311538719508892,True,pass,False,,0.6385737439222042,0.40761750405186387,0.09481361426256078,0.25283630470016205,0.7358184764991896,0.7520259319286872,0.49027552674230146,0.3079416531604538,0.43367098865478126,0.5006888168557536,9.296003224435568,274,0.0,8.687365299735797,0,302,28,0,advance,COCCOc1cnccc1-c1[nH]c2c(c1Nc1cccc(F)c1C)C(=O)NCC2
[2H]C([2H])([2H])Oc1ccccc1-c1cc2c(N[C@H](CO)c3ccc(Cl)cc3)ncnc2[nH]1,8.421835633583774,0.1766801766234289,0.4479100750875871,397.88030533400007,4.432400000000002,83.06,3,5,4,6,0.14285714285714285,0,0.0,3.069202035560001,False,,0,,0,,0,,0.8596491228070176,0.7158277364631997,1.0,0.23595505617977527,Osimertinib,0.14035087719298245,0.7640449438202247,0.6067827847595432,0.5783043091612499,1.0,0.9410112359550562,0.5783043091612499,0.7815245824689623,1.0,0.42169569083875014,0.5783043091612499,-0.2329890636125589,8.15681536864863,0.001815484039301313,-0.0,0.5423713778829096,8.701002230570841,0.0,0.0,0.11502026493514332,0.15211961354843767,0.0,0.379639878483581,0.15,low,uncertain_prediction,8.321362352087261,True,pass,False,,0.5980551053484603,0.3192868719611021,0.28282009724473256,0.031604538087520256,0.8824959481361426,0.7179902755267423,0.49027552674230146,0.47649918962722854,0.3817260940032415,0.49165316045380875,9.159073543374731,315,0.0,8.686346144631832,0,303,0,12,advance,[2H]C([2H])([2H])Oc1ccccc1-c1cc2c(N[C@H](CO)c3ccccc3)ncnc2[nH]1
[2H]C([2H])([2H])Oc1ccccc1-c1cc2c(N[C@H](CO)c3ccc(C)cc3)ncnc2[nH]1,8.422469472517227,0.21068000190268654,0.47140332812841834,377.46230533400006,4.0874200000000025,83.06,3,5,4,6,0.18181818181818182,0,0.0,2.9330820355600005,False,,0,,0,,0,,0.875,0.727659516853977,1.0,0.20481927710843373,Afatinib,0.125,0.7951807228915663,0.5831413667974261,0.5964609829490917,1.0,0.9487951807228916,0.5831413667974261,0.7820993826173523,1.0,0.4168586332025739,0.5831413667974261,-0.2652773544265683,8.106449469663197,0.04962284097623648,-0.0,0.5448042168674698,8.700876527506903,0.0,0.0,0.1660200028540298,0.14607329150321735,0.0,0.42459329435724713,0.15,low,uncertain_prediction,8.276283233149655,True,pass,False,,0.5996758508914101,0.4222042139384117,0.4497568881685575,0.014586709886547812,0.8824959481361426,0.7601296596434359,0.49027552674230146,0.3646677471636953,0.4246758508914101,0.5211912479740681,9.210487548576594,301,0.0,8.676712730718538,0,304,3,0,advance,[2H]C([2H])([2H])Oc1ccccc1-c1cc2c(N[C@H](CO)c3ccccc3)ncnc2[nH]1
COc1cc(C(N)=O)ccc1-c1cc2c(N[C@H](C)c3ccc(Cl)cc3)ncnc2[nH]1,8.037722108434552,0.09846935981815168,0.42286258411497757,421.8880000000001,4.558900000000002,105.91999999999999,3,5,4,6,0.13636363636363635,0,0.0,3.229253333333334,False,,0,,0,,0,,0.8333333333333334,0.6485784996555501,0.906506363010091,0.27586206896551724,Osimertinib,0.16666666666666663,0.7241379310344828,0.5655019752359319,0.5583723699811864,1.0,0.8609142550161889,0.5583723699811864,0.7461971500583268,1.0,0.44162763001881356,0.5583723699811864,-0.24092689976319315,7.890018068707325,-0.047889052248658893,-0.0,0.5188679700628676,8.360996986521533,0.0,0.0,0.0,0.17703453752351694,0.0,0.17703453752351694,0.0,low,,8.183962448998017,True,pass,False,,0.4327390599675851,0.2034035656401945,0.0713128038897893,0.1053484602917342,0.5348460291734197,0.5834683954619124,0.8152350081037277,0.7811993517017828,0.26717990275526743,0.4104132901134522,8.681612869827854,452,0.0,8.676458397134159,0,305,0,147,advance,COc1cc(C(N)=O)ccc1-c1cc2c(N[C@H](C)c3ccccc3)ncnc2[nH]1
CNc1ncc2ncnc(Nc3cccc(Cl)c3)c2n1,8.273178540544054,0.3155313378860092,0.770944226967623,286.72600000000006,2.8585000000000003,75.62,2,6,3,3,0.07692307692307693,0,0.0,1.9000000000000001,False,,0,,0,,0,,0.7608695652173914,0.6905646287107896,0.9828447794741628,0.3235294117647059,Sunvozertinib,0.23913043478260865,0.6764705882352942,0.472422698615807,0.8009424017552695,1.0,0.9062512316644458,0.472422698615807,0.7949040830088805,1.0,0.527577301384193,0.472422698615807,-0.42997517919076467,7.79988153371504,0.4936365346599306,-0.0,0.5562610669913028,8.849779135366273,0.0,0.0,0.32329700682901374,0.2844716267302413,0.0,0.720268633559255,0.15,low,uncertain_prediction,8.129510501807017,True,pass,False,,0.5478119935170178,0.993517017828201,0.9643435980551054,0.4286871961102107,0.7374392220421394,0.3841166936790924,0.49027552674230146,0.17341977309562398,0.6756077795786062,0.6225283630470017,9.6605084708606,188,0.0,8.651544537463419,0,306,118,0,advance,CNc1ncc2ncnc(Nc3cccc(Br)c3)c2n1
CNc1ncc2ncnc(Nc3cccc(F)c3)c2n1,8.10131755465397,0.2460947814371803,0.7604970618651007,270.271,2.3442,75.62,2,6,3,3,0.07692307692307693,0,0.0,1.9000000000000001,False,,0,,0,,0,,0.7608695652173914,0.6625902697364306,0.931982308611692,0.30434782608695654,Sunvozertinib,0.23913043478260865,0.6956521739130435,0.4780630416574665,0.7951964609488824,1.0,0.8728997749370299,0.4780630416574665,0.7865398193858447,1.0,0.5219369583425335,0.4780630416574665,-0.41130237030450434,7.7321753824982,0.4831893695574083,-0.0,0.5492999249790099,8.764664677034618,0.0,0.0,0.21914217215577045,0.2774211979281669,0.0,0.6090633700839374,0.15,low,uncertain_prediction,8.15560130695068,True,pass,False,,0.4846029173419773,0.9918962722852512,0.9643435980551054,0.4286871961102107,0.6077795786061588,0.39546191247974066,0.49027552674230146,0.28687196110210694,0.646839546191248,0.5971636952998379,9.540872132464116,214,0.0,8.647197741310487,0,307,93,0,advance,CNc1ncc2ncnc(Nc3cccc(Br)c3)c2n1
COc1cc(C(N)=O)ccc1-c1cc2c(N[C@H](C)c3ccccc3N)ncnc2[nH]1,7.982999120856079,0.05127413767480094,0.36507645702813607,402.4580000000001,3.4877000000000002,131.94,4,6,4,6,0.13636363636363635,0,0.0,3.0997200000000005,False,,1,aniline,0,,0,,0.8032786885245902,0.6338775501110903,0.8797773638383458,0.23333333333333334,Osimertinib,0.19672131147540983,0.7666666666666666,0.5848578838416592,0.5315720513654749,0.88,0.851499689545426,0.5315720513654749,0.71198240618814,0.88,0.3484279486345251,0.6515720513654749,-0.16949936312864122,7.906087914343878,-0.08624517933550033,-0.2,0.5384689311235209,8.1583116661319,0.0,0.0,0.0,0.06053493579315637,0.0,0.06053493579315637,0.0,low,,8.097776730338744,True,pass,False,,0.3987034035656402,0.03403565640194489,0.2552674230145867,0.2366288492706645,0.4813614262560778,0.960291734197731,0.8152350081037277,0.9416531604538088,0.271839546191248,0.44667747163695304,8.484519121561396,478,0.0,8.633789696303088,0,308,0,170,advance,COc1cc(C(N)=O)ccc1-c1cc2c(N[C@H](C)c3ccccc3)ncnc2[nH]1
C=CC(=O)Cc1cc2c(Nc3cc(F)cc(Br)c3)ncnc2cn1,8.16609248773036,0.21647941859526237,0.6714894018025248,387.212,3.967600000000002,67.77000000000001,1,5,3,5,0.058823529411764705,0,0.0,2.34808,False,,0,,0,,0,,0.7321428571428571,0.6117639528929851,0.839570823441791,0.38028169014084506,Sunvozertinib,0.2678571428571429,0.619718309859155,0.5149875289159064,0.7290084017606195,1.0,0.784607695046132,0.5149875289159064,0.7571509064306645,1.0,0.4850124710840936,0.5149875289159064,-0.3228845033530109,7.841373359837466,0.3251597547437013,-0.0,0.5163439131039086,8.682877027685075,0.0,0.0,0.17471912789289357,0.23126558885511705,0.0,0.5184847167480107,0.15,low,uncertain_prediction,8.164392310937064,True,pass,False,,0.5105348460291734,0.8857374392220422,0.8371150729335495,0.5721231766612642,0.35980551053484605,0.4554294975688817,0.49027552674230146,0.3549432739059968,0.6468800648298219,0.5752431118314426,9.459133105480861,238,0.0,8.629684045134795,0,309,71,0,advance,C=CC(=O)Cc1cc2c(Nc3cccc(Br)c3)ncnc2cn1
CNc1cc2c(Nc3cc(C)cc(C(F)(F)F)c3)ncnc2cn1,7.891879988044934,0.16885051831893075,0.7542240902317288,333.317,4.1373200000000026,62.730000000000004,2,5,3,3,0.1875,0,0.0,1.9000000000000001,False,,0,,0,,0,,0.7346938775510204,0.6172522782697984,0.8495495968541789,0.3,Sunvozertinib,0.26530612244897955,0.7,0.47977463418798205,0.7917463265505278,1.0,0.8121621976406341,0.47977463418798205,0.770920789594786,1.0,0.520225365812018,0.47977463418798205,-0.3881948738757387,7.638604210566538,0.4879740902317287,-0.0,0.5417751543155855,8.668353455113852,0.0,0.0,0.10327577747839611,0.27528170726502244,0.0,0.49105748474341854,0.15,low,uncertain_prediction,8.177295970370434,True,pass,False,,0.36304700162074555,0.9692058346839546,0.9643435980551054,0.5607779578606159,0.39384116693679094,0.4019448946515397,0.49027552674230146,0.5040518638573744,0.6140194489465154,0.560615883306321,9.405176793849671,251,0.0,8.625035030338019,0,310,59,0,advance,CNc1cc2c(Nc3cccc(C(F)(F)F)c3)ncnc2cn1
COc1cc(C(N)=O)ccc1-c1cc2c(N[C@H](C)c3ccccc3Cl)ncnc2[nH]1,8.017569069923772,0.11057715681454472,0.42286258411497757,421.8880000000001,4.558900000000002,105.91999999999999,3,5,4,6,0.13636363636363635,0,0.0,3.229253333333334,False,,0,,0,,0,,0.7777777777777778,0.615409567504652,0.8461992136448218,0.2696629213483146,Osimertinib,0.2222222222222222,0.7303370786516854,0.5519882577107615,0.5583723699811864,1.0,0.8172336798965376,0.5519882577107615,0.7318985768971215,1.0,0.44801174228923846,0.5519882577107615,-0.2398804255818131,7.851703334701955,-0.047889052248658893,-0.0,0.530650927006711,8.334465209460006,0.0,0.0,0.01586573522181707,0.18501467786154807,0.0,0.20088041308336513,0.0,low,,8.133584796376642,True,pass,False,,0.41491085899513774,0.2034035656401945,0.0713128038897893,0.3460291734197731,0.37925445705024313,0.5672609400324149,0.8152350081037277,0.7244732576985413,0.30729335494327387,0.40911669367909237,8.703217235391936,447,0.0,8.624524828791552,0,311,0,136,advance,COc1cc(C(N)=O)ccc1-c1cc2c(N[C@H](C)c3ccccc3)ncnc2[nH]1
CNc1cc2c(Nc3ccc(OC)c(C(F)(F)F)c3)ncnc2cn1,8.076533650330829,0.23523009530045103,0.7456970005963534,349.31600000000003,3.837500000000002,71.96000000000001,2,6,3,4,0.1875,0,0.0,2.0,False,,0,,0,,0,,0.6363636363636364,0.5768131868131868,0.776023976023976,0.3783783783783784,Osimertinib,0.36363636363636365,0.6216216216216216,0.47947234587239146,0.7832102734049173,1.0,0.7374233874233874,0.47947234587239146,0.750026501675174,1.0,0.5205276541276085,0.4794723458723915,-0.36073887440371005,7.723688507380152,0.46444700059635335,-0.0,0.5441288441288441,8.73226435210535,0.0,0.0,0.20284514295067652,0.2756595676595106,0.0,0.5910047106101871,0.15,low,uncertain_prediction,8.141259641495163,True,pass,False,,0.46353322528363045,0.9578606158833063,0.9092382495948136,0.9529983792544571,0.15235008103727715,0.40032414910858993,0.49027552674230146,0.3095623987034036,0.7271474878444084,0.5887358184764991,9.60484133751864,197,0.0,8.622742623666962,0,312,115,0,advance,CNc1cc2c(Nc3cccc(C(F)(F)F)c3)ncnc2cn1
CNc1cc2c(Nc3cccc(C(F)(F)F)c3)ncnc2c(N)n1,7.437187092289144,0.07410936512124425,0.6801078853271744,334.30500000000006,3.411100000000001,88.75,3,6,3,3,0.13333333333333333,0,0.0,1.9000000000000001,False,,1,aniline,0,,0,,0.6481481481481481,0.5794075072376959,0.780740922250356,0.25,Sunvozertinib,0.35185185185185186,0.75,0.43242021748741505,0.7509824138530228,0.88,0.773055691687767,0.43242021748741505,0.7091145807570511,0.88,0.44757978251258496,0.5524202174874151,-0.3689258176928482,7.326023044607278,0.40844121866050764,-0.2,0.5785185638959223,8.112982827163707,0.0,0.0,0.0,0.1844747281407312,0.0,0.1844747281407312,0.0,low,,7.9285080990229755,True,pass,False,,0.1847649918962723,0.8946515397082658,0.9643435980551054,0.93354943273906,0.16693679092382496,0.5688816855753647,0.8152350081037277,0.8654781199351702,0.5934359805510536,0.5777957860615884,8.82510600382497,422,0.0,8.621863042296882,0,313,0,109,advance,CNc1cc2c(Nc3cccc(C(F)(F)F)c3)ncnc2cn1
[2H]C([2H])([2H])Oc1ccccc1-c1cc2c(N[C@H](CO)c3ccc(OC)cc3)ncnc2[nH]1,8.465816386331134,0.20022762796565766,0.44244447474168586,393.4613053340001,3.787600000000002,92.28999999999999,3,6,4,7,0.18181818181818182,0,0.0,3.1397420355600008,False,,0,,0,,0,,0.8596491228070176,0.7318709142466534,1.0,0.23170731707317074,Afatinib,0.14035087719298245,0.7682926829268293,0.6012947570068232,0.5725851520479273,1.0,0.9420731707317074,0.5725851520479273,0.7789882699466144,1.0,0.42741484795207274,0.5725851520479273,-0.23692468391972177,8.165474944382648,-0.010335012410496062,-0.0,0.5436456996148908,8.698785631587043,0.0,0.0,0.15034144194848648,0.15926855994009093,0.0,0.4221100018885774,0.15,low,uncertain_prediction,8.276675629698465,True,pass,False,,0.6207455429497569,0.26418152350081037,0.13371150729335493,0.031604538087520256,0.8824959481361426,0.6596434359805511,0.49027552674230146,0.3873581847649919,0.35854943273906,0.46499189627228527,9.129044950873915,327,0.0,8.609665905225208,0,314,0,13,advance,[2H]C([2H])([2H])Oc1ccccc1-c1cc2c(N[C@H](CO)c3ccccc3)ncnc2[nH]1
O=C(/C=C\Cl)Cc1cc2c(Nc3cc(F)cc(Br)c3)ncnc2cn1,8.131739050720268,0.18215108411958855,0.612925776663183,421.65700000000004,4.534100000000002,67.77000000000001,1,5,3,5,0.058823529411764705,0,0.0,2.5777133333333335,False,,0,,0,,0,,0.7368421052631579,0.6217511753950633,0.8577294098092059,0.33783783783783783,Sunvozertinib,0.26315789473684215,0.6621621621621622,0.5304290037963552,0.6879663566519302,1.0,0.8088375978974449,0.5304290037963552,0.7568082395864326,1.0,0.46957099620364484,0.5304290037963552,-0.30183898105343654,7.858512424540885,0.2321511296043595,-0.0,0.531502053732529,8.622165607877774,0.0,0.0,0.12322662617938282,0.21196374525455608,0.0,0.4476903714339389,0.15,low,uncertain_prediction,8.174475236443834,True,pass,False,,0.49756888168557534,0.7739059967585089,0.63290113452188,0.5510534846029174,0.4173419773095624,0.4813614262560778,0.49027552674230146,0.4538087520259319,0.5838330632090762,0.5453403565640195,9.322765283728666,270,0.0,8.603883664320659,0,315,45,0,advance,O=C(/C=C\Cl)Cc1cc2c(Nc3cccc(Br)c3)ncnc2cn1
O=C(/C=C\Cl)Cc1ncc2ncnc(Nc3cccc(Br)c3)c2c1F,8.116121282942006,0.1844478173110439,0.6129257766631829,421.6570000000001,4.534100000000001,67.77,1,5,3,5,0.058823529411764705,0,0.0,2.577713333333334,False,,0,,0,,0,,0.6721311475409836,0.5866209710411735,0.7938563109839517,0.3246753246753247,Sunvozertinib,0.3278688524590164,0.6753246753246753,0.5249168486177707,0.6879663566519301,1.0,0.7642234020691325,0.5249168486177707,0.7442766518347083,1.0,0.47508315138222934,0.5249168486177707,-0.2924797376225835,7.83944955697544,0.23215112960435932,-0.0,0.5486024639499479,8.620203150529747,0.0,0.0,0.12667172596656584,0.21885393922778668,0.0,0.4580256651943525,0.15,low,uncertain_prediction,8.162177485335395,True,pass,False,,0.49432739059967584,0.7698541329011345,0.6272285251215559,0.8654781199351702,0.20178282009724474,0.47163695299837927,0.49027552674230146,0.44408427876823336,0.6435980551053484,0.5516207455429497,9.392520816656164,256,0.0,8.599122379986936,0,316,60,0,advance,O=C(/C=C\Cl)Cc1cc2c(Nc3cccc(Br)c3)ncnc2cn1
CNc1ncc2ncnc(Nc3ccc(C)c(Br)c3)c2n1,8.034800800613985,0.2360289560868579,0.758824450581554,345.20400000000006,3.276020000000001,75.62,2,6,3,3,0.14285714285714285,0,0.0,1.9000000000000001,False,,0,,0,,0,,0.6938775510204082,0.5942264600661552,0.8076844728475548,0.28169014084507044,Sunvozertinib,0.30612244897959184,0.7183098591549295,0.46847993089269563,0.7942765247429315,1.0,0.7853408194243985,0.46847993089269563,0.7620243187650064,1.0,0.5315200691073043,0.4684799308926957,-0.39139251716308104,7.6807573664836974,0.48811016486726827,-0.0,0.5551691779991839,8.72403670935015,0.0,0.0,0.20404343413028683,0.2894000863841304,0.0,0.6059435205144172,0.15,low,uncertain_prediction,8.118093188835733,True,pass,False,,0.43111831442463533,0.986223662884927,0.9643435980551054,0.7585089141004863,0.2625607779578606,0.3760129659643436,0.49027552674230146,0.3063209076175041,0.6876012965964344,0.5777552674230144,9.549158265265872,212,0.0,8.58639950974335,0,317,105,0,advance,CNc1ncc2ncnc(Nc3cccc(Br)c3)c2n1
C/C=C/C(=O)Cc1ccc2ncnc(Nc3ccc(F)c(Br)c3)c2c1,8.059164931103039,0.1706348826621757,0.6153130938824318,400.2510000000001,4.962700000000003,54.88,1,4,3,5,0.10526315789473684,0,0.0,2.435006666666667,False,,0,,0,,0,,0.7288135593220338,0.6239243687559024,0.861680670465277,0.38961038961038963,Osimertinib,0.27118644067796616,0.6103896103896104,0.5203468149122368,0.694768099071235,1.0,0.7988579054463604,0.5203468149122368,0.7534932048574581,1.0,0.4796531850877632,0.5203468149122368,-0.31086185326029503,7.803212607109776,0.26058840967190544,-0.0,0.5205709490382872,8.584371965819969,0.0,0.0,0.10595232399326353,0.22456648135970403,0.0,0.44301880535296756,0.15,low,uncertain_prediction,8.141353160467002,True,pass,False,,0.4505672609400324,0.7779578606158833,0.7658022690437601,0.5940032414910859,0.42787682333873583,0.46353322528363045,0.49027552674230146,0.49432739059967584,0.5920178282009725,0.5507293354943273,9.294793359661135,275,0.0,8.577228363060195,0,318,43,0,advance,C/C=C/C(=O)Cc1ccc2ncnc(Nc3cccc(Br)c3)c2c1
C/C=C/C(=O)Cc1ccc2ncnc(Nc3cc(Br)cc(OC)c3)c2c1,7.526325535541024,0.03483777060060711,0.5878031137339145,412.2870000000001,4.832200000000004,64.11,1,5,3,6,0.15,0,0.0,2.615246666666667,False,,0,,0,,0,,0.7333333333333333,0.6232900518066758,0.8605273669212287,0.32926829268292684,Osimertinib,0.2666666666666667,0.6707317073170731,0.482194944464831,0.6727053022972427,1.0,0.8130784520201897,0.482194944464831,0.7419946746955658,1.0,0.517805055535169,0.482194944464831,-0.34639964030764636,7.474068879640114,0.21051611373391443,-0.0,0.5363513539254291,8.220936347299457,0.0,0.0,0.0,0.2722563194189612,0.0,0.2722563194189612,0.0,low,,7.948680027880496,True,pass,False,,0.2252836304700162,0.7090761750405187,0.6215559157212318,0.5680713128038898,0.4246353322528363,0.40842787682333875,0.8152350081037277,0.9805510534846029,0.45004051863857375,0.5067666126418153,8.760984969665746,438,0.0,8.556799963050674,0,319,0,119,advance,C/C=C/C(=O)Cc1ccc2ncnc(Nc3cccc(Br)c3)c2c1
C/C=C/C(=O)Cc1cc(OC)c2ncnc(Nc3cccc(Br)c3)c2c1,7.739038437691467,0.13893190244326156,0.5878031137339146,412.28700000000003,4.832200000000004,64.11,1,5,3,6,0.15,0,0.0,2.615246666666667,False,,0,,0,,0,,0.7049180327868853,0.6165583192010552,0.8482878530928275,0.32926829268292684,Osimertinib,0.29508196721311475,0.6707317073170731,0.46250727771258365,0.6727053022972427,1.0,0.803898816648889,0.46250727771258365,0.7347778491646788,1.0,0.5374927222874164,0.4625072777125836,-0.3630274286027935,7.530640584026575,0.21051611373391454,-0.0,0.5460783607142304,8.28723505847472,0.0,0.0,0.058397853664892335,0.2968659028592705,0.0,0.35526375652416287,0.0,low,,7.931971301950556,True,pass,False,,0.3079416531604538,0.7139384116693679,0.6215559157212318,0.7179902755267423,0.3857374392220421,0.36142625607779577,0.8152350081037277,0.6191247974068071,0.518192868719611,0.5206239870340357,8.909066500938252,395,0.0,8.5567200863914,0,320,0,75,advance,C/C=C/C(=O)Cc1ccc2ncnc(Nc3cccc(Br)c3)c2c1
COc1cc(C(N)=O)ccc1-c1[nH]c2ncnc(N[C@H](C)c3ccccc3)c2c1F,7.76404244309228,0.05295883841714113,0.4488194178263119,405.4330000000001,4.044600000000002,105.92,3,5,4,6,0.13636363636363635,0,0.0,3.119553333333334,False,,0,,0,,0,,0.7076923076923077,0.5941351285554768,0.8075184155554123,0.25842696629213485,Osimertinib,0.29230769230769227,0.7415730337078652,0.5289394238810712,0.576867859291651,1.0,0.7910320700935255,0.5289394238810712,0.7242098383165619,1.0,0.4710605761189288,0.5289394238810712,-0.26036055258065427,7.6846041854665685,-0.005477218537324557,-0.0,0.5558899755396741,8.235016942468919,0.0,0.0,0.0,0.21382572014866102,0.0,0.21382572014866102,0.0,low,,8.021191222320258,True,pass,False,,0.3225283630470016,0.3411669367909238,0.2106969205834684,0.7034035656401945,0.26094003241491087,0.47649918962722854,0.8152350081037277,0.9384116693679092,0.38565640194489464,0.44153160453808754,8.697804624802792,449,0.0,8.551029147765963,0,321,0,128,advance,COc1cc(C(N)=O)ccc1-c1cc2c(N[C@H](C)c3ccccc3)ncnc2[nH]1
COCCOc1cncc(N)c1-c1[nH]c2c(c1Nc1cccc(F)c1C)C(=O)NCC2,8.528689779815602,0.2550819451746377,0.4325433521093688,425.4640000000002,3.1611200000000013,114.28999999999999,4,6,4,7,0.2727272727272727,0,0.0,3.003093333333335,False,,1,aniline,0,,0,,0.7746478873239436,0.6678343941670738,0.9415170803037705,0.1956521739130435,Afatinib,0.22535211267605637,0.8043478260869565,0.5786150833316541,0.5723952539165631,0.88,0.907224766749567,0.5723952539165631,0.7345587759994461,0.907224766749567,0.3348295128330039,0.6651704871669961,-0.20792492355705583,8.146066862053646,0.009352079382095858,-0.2,0.578092068606255,8.533511010041996,0.0,0.0,0.2326229177619566,0.04353689104125487,0.0,0.38865980880321144,0.15,low,uncertain_prediction,8.144851201238785,True,pass,False,,0.6369529983792545,0.22366288492706646,0.35899513776337116,0.36547811993517015,0.6296596434359806,0.9724473257698542,0.49027552674230146,0.2625607779578606,0.45830632090761747,0.5194489465153972,9.083478595131137,342,0.0,8.543189937057262,0,322,0,20,advance,COCCOc1cnccc1-c1[nH]c2c(c1Nc1cccc(F)c1C)C(=O)NCC2
CNc1cc2c(Nc3cccc(C(F)(F)F)c3Cl)ncnc2cn1,7.86658897108379,0.17475302107138313,0.7264465867289771,353.735,4.482300000000001,62.730000000000004,2,5,3,3,0.13333333333333333,0,0.0,1.9249000000000003,False,,0,,0,,0,,0.6181818181818182,0.5699271099271099,0.7635038362311088,0.35294117647058826,Afatinib,0.38181818181818183,0.6470588235294117,0.46932012802097944,0.775511007316322,1.0,0.7343925830556846,0.46932012802097944,0.7448059295982465,1.0,0.5306798719790206,0.46932012802097944,-0.3673144021030228,7.604459439476716,0.4510449200623104,-0.0,0.5568117879347826,8.612316147473809,0.0,0.0,0.11212953160707469,0.2883498399737757,0.0,0.5129793715808504,0.15,low,uncertain_prediction,8.099336775892958,True,pass,False,,0.35170178282009723,0.9286871961102107,0.9238249594813615,0.9829821717990276,0.1085899513776337,0.37763371150729336,0.49027552674230146,0.47974068071312803,0.6791734197730956,0.5571312803889789,9.427324251201524,244,0.0,8.542894312359733,0,323,79,0,advance,CNc1cc2c(Nc3cccc(C(F)(F)F)c3)ncnc2cn1
COc1ccc([C@@H](C)Nc2ncnc3[nH]c(-c4ccc(C(N)=O)cc4OC)cc23)cc1,8.062787692602164,0.14206998457335304,0.41985913312563966,417.4690000000002,3.914100000000002,115.14999999999999,3,6,4,7,0.17391304347826086,0,0.0,3.299793333333335,False,,0,,0,,0,,0.847457627118644,0.6588707808031464,0.9252196014602662,0.23595505617977527,Osimertinib,0.15254237288135597,0.7640449438202247,0.5412479339491939,0.5540073950139737,1.0,0.8849259370502558,0.5412479339491939,0.7450453165033559,1.0,0.4587520660508061,0.5412479339491939,-0.2717298434055493,7.8496827157421345,-0.05771856252653447,-0.0,0.5291624513077441,8.321126604523345,0.0,0.0,0.06310497686002955,0.19844008256350765,0.0,0.26154505942353723,0.0,low,,8.059581545099807,True,pass,False,,0.4538087520259319,0.18233387358184766,0.04213938411669368,0.051053484602917344,0.5834683954619124,0.5056726094003241,0.8152350081037277,0.6012965964343598,0.2572123176661264,0.3933144246353322,8.629781385722696,461,0.0,8.531558854662205,0,324,0,137,advance,COc1cc(C(N)=O)ccc1-c1cc2c(N[C@H](C)c3ccccc3)ncnc2[nH]1
CNc1ncc2ncnc(Nc3cccc(C(F)(F)F)c3)c2c1N,7.5321560674315835,0.1463313143085471,0.6801078853271744,334.30500000000006,3.4111000000000002,88.75,3,6,3,3,0.13333333333333333,0,0.0,1.9000000000000001,False,,1,aniline,0,,0,,0.6296296296296297,0.6033255633255633,0.8242282969555695,0.2638888888888889,Afatinib,0.37037037037037035,0.7361111111111112,0.40560709684191293,0.7509824138530228,0.88,0.8021990004944549,0.40560709684191293,0.7096971277973477,0.88,0.4743929031580871,0.5256070968419129,-0.40545337460724634,7.312659095968763,0.40844121866050764,-0.2,0.5935570742388924,8.114657388868162,0.0,0.0,0.06949697146282063,0.21799112894760886,0.0,0.2874881004104295,0.0,low,,7.827169288457732,True,pass,False,,0.23014586709886548,0.8946515397082658,0.9643435980551054,0.9675850891410048,0.31442463533225284,0.473257698541329,0.8152350081037277,0.5753646677471637,0.6206645056726094,0.5854943273905997,8.859454795675294,411,0.0,8.529762481326452,0,325,0,86,advance,CNc1cc2c(Nc3cccc(C(F)(F)F)c3)ncnc2cn1
CNc1ncc2ncnc(Nc3cccc(Br)c3N)c2n1,7.484183612790212,0.10271594986667777,0.6265576274927883,346.19200000000006,2.5497999999999994,101.64,3,7,3,3,0.07692307692307693,0,0.0,1.9000000000000001,False,,1,aniline,0,,0,,0.6153846153846154,0.5569429223068038,0.7398962223760067,0.2714285714285714,Afatinib,0.3846153846153846,0.7285714285714286,0.4241447382908786,0.7215297720441105,0.88,0.7370650239248622,0.4241447382908786,0.6906848835649628,0.88,0.4558552617091214,0.5441447382908786,-0.35538686036544576,7.330109687990196,0.34924993518509595,-0.2,0.5766224072423534,8.055982030417645,0.0,0.0,0.00407392480001665,0.19481907713640173,0.0,0.19889300193641837,0.0,low,,7.857089028481227,True,pass,False,,0.20583468395461912,0.793354943273906,0.9643435980551054,0.9870340356564019,0.06969205834683954,0.5153970826580226,0.8152350081037277,0.7552674230145867,0.593354943273906,0.5536871961102108,8.768007962346333,436,0.0,8.52151366381348,0,326,0,110,advance,CNc1ncc2ncnc(Nc3cccc(Br)c3)c2n1
CN(c1ncnc2[nH]c(-c3ccc(CO)cc3)cc12)[C@H](CO)c1ccccc1,7.842022494665909,0.05667867366908613,0.4822093248099072,374.4440000000001,3.2870000000000017,85.27000000000001,3,5,4,6,0.18181818181818182,0,0.0,2.9129600000000004,False,,0,,0,,0,,1.0,0.8237871042955789,1.0,0.21794871794871795,Afatinib,0.0,0.782051282051282,0.545830552098117,0.603178205568526,1.0,0.9455128205128205,0.545830552098117,0.7736303945448659,1.0,0.45416944790188296,0.545830552098117,-0.3037331232623318,7.75700448416228,0.06344714299172532,-0.0,0.2846153846153846,8.10506701176939,0.0,0.0,0.0,0.1927118098773537,0.0,0.1927118098773537,0.0,low,,7.912355201892037,True,pass,False,,0.34035656401944897,0.5121555915721232,0.5291734197730956,0.005672609400324149,0.8824959481361426,0.5186385737439222,0.8152350081037277,0.9270664505672609,0.3361021069692059,0.5004051863857375,8.508389540132438,474,0.0,8.512841425554923,0,327,0,147,advance,OCc1ccc(-c2cc3c(N[C@H](CO)c4ccccc4)ncnc3[nH]2)cc1
C=CC(=O)Cc1cc2c(Nc3cccc(Br)c3)ncnc2c(N)n1,7.971494725728932,0.17712022325061608,0.6551470899586136,384.2370000000001,3.410700000000001,93.79,2,6,3,5,0.058823529411764705,0,0.0,2.3282466666666672,False,,1,aniline,0,,0,,0.6949152542372882,0.5786100904744973,0.7792910735899949,0.3116883116883117,Sunvozertinib,0.30508474576271183,0.6883116883116883,0.49388952515680173,0.7207829507592887,0.88,0.7565462272704182,0.49388952515680173,0.7128046757966271,0.88,0.38611047484319827,0.6138895251568017,-0.2918868675197672,7.705814390853008,0.31179244289978997,-0.2,0.5386044104842256,8.356211244237024,0.0,0.0,0.1156803348759241,0.10763809355399785,0.0,0.33581842842992193,0.15,low,uncertain_prediction,8.020392815807101,True,pass,False,,0.39222042139384117,0.8573743922204214,0.8427876823338736,0.7520259319286872,0.15883306320907617,0.9124797406807131,0.49027552674230146,0.47487844408427876,0.6247974068071313,0.5856564019448947,9.10596813240558,333,0.0,8.498180498140975,0,328,0,5,advance,C=CC(=O)Cc1cc2c(Nc3cccc(Br)c3)ncnc2cn1
OCc1ccc(-c2cc3c(N[C@H](CO)c4ccc(Cl)cc4)ncnc3[nH]2)cc1,8.372117559010627,0.18214310548451,0.39745874990788893,394.862,3.916100000000003,94.06,4,5,4,6,0.14285714285714285,0,0.0,3.0490800000000005,False,,0,,0,,0,,0.8076923076923077,0.6745079053170688,0.953650736940125,0.19767441860465115,Osimertinib,0.1923076923076923,0.8023255813953488,0.5905292159134998,0.5513300047570313,1.0,0.915819448053931,0.5513300047570313,0.7644196671811154,1.0,0.4486699952429687,0.5513300047570313,-0.2318539350234875,8.098902900783862,-0.04561753580639683,-0.0,0.5656488201920974,8.618934185169563,0.0,0.0,0.12321465822676497,0.18583749405371086,0.0,0.4215521522804758,0.15,low,uncertain_prediction,8.197382032889086,True,pass,False,,0.580226904376013,0.10210696920583469,0.3241491085899514,0.21555915721231766,0.6628849270664505,0.5640194489465153,0.49027552674230146,0.4554294975688817,0.373257698541329,0.43784440842787686,9.066843423419158,350,0.0,8.497795323002538,0,329,0,21,advance,OCc1ccc(-c2cc3c(N[C@H](CO)c4ccccc4)ncnc3[nH]2)cc1
C/C=C/C(=O)Cc1cc2c(Nc3cc(C)cc(Br)c3)ncnc2cn1,7.96103152437333,0.16759091849152447,0.6412175592087311,397.27600000000007,4.527020000000003,67.77000000000001,1,5,3,5,0.15789473684210525,0,0.0,2.4151733333333336,False,,0,,0,,0,,0.7543859649122807,0.6323525550520805,0.8770046455492373,0.2857142857142857,Sunvozertinib,0.24561403508771928,0.7142857142857143,0.49794423814926536,0.7097783755135201,1.0,0.8363249127333565,0.49794423814926536,0.7610118815990354,1.0,0.5020557618507346,0.49794423814926536,-0.3507568579330268,7.709645146636043,0.2947310328929416,-0.0,0.5440631914624973,8.548439370991481,0.0,0.0,0.10138637773728669,0.2525697023134183,0.0,0.466456080050705,0.15,low,uncertain_prediction,8.081983290940776,True,pass,False,,0.38087520259319285,0.839546191247974,0.7990275526742301,0.4586709886547812,0.4700162074554295,0.4246353322528363,0.49027552674230146,0.5121555915721232,0.5508914100486223,0.530064829821718,9.209509063049827,303,0.0,8.493061086726838,0,330,27,0,advance,C/C=C/C(=O)Cc1cc2c(Nc3cccc(Br)c3)ncnc2cn1
O=C(O)CCNc1c(Cl)cccc1Nc1ncnc2ccncc12,7.971387626700508,0.17717833657968793,0.6308892210030722,343.7740000000001,3.3084000000000016,100.03,3,6,3,6,0.125,0,0.0,2.2,False,,0,,0,,0,,0.7857142857142857,0.6637005649717513,0.9340010272213659,0.3026315789473684,Sunvozertinib,0.2142857142857143,0.6973684210526316,0.49382207106934556,0.7123736869363051,1.0,0.8748428756791824,0.49382207106934556,0.7702596584212082,1.0,0.5061779289306545,0.4938220710693455,-0.36858344980248353,7.705620121830976,0.3133892210030722,-0.0,0.5391393545497024,8.55814869738375,0.0,0.0,0.11576750486953188,0.2577224111633181,0.0,0.48598991603284997,0.15,low,uncertain_prediction,8.0721587813509,True,pass,False,,0.3905996758508914,0.8006482982171799,0.8679092382495948,0.31523500810372773,0.6134521880064829,0.419773095623987,0.49027552674230146,0.47163695299837927,0.5291329011345218,0.5315235008103728,9.193108178745176,308,0.0,8.484986982323347,0,331,23,0,advance,O=C(O)CCNc1c(Br)cccc1Nc1ncnc2ccncc12
C=CC(=O)Cc1cc2c(Nc3cccc(F)c3)ncnc2cn1,7.950877840623638,0.19212613681197308,0.7330706326904601,308.31600000000003,3.2051000000000007,67.77000000000001,1,5,3,5,0.058823529411764705,0,0.0,2.1,False,,0,,0,,0,,0.7777777777777778,0.6493806921675774,0.9079648948501406,0.4264705882352941,Sunvozertinib,0.2222222222222222,0.5735294117647058,0.4782311643875282,0.7724196172105224,1.0,0.824356024078782,0.4782311643875282,0.7687517014192081,1.0,0.5217688356124718,0.4782311643875282,-0.38736071604223987,7.662688635405678,0.4239529856316366,-0.0,0.4990500472419469,8.585691668279262,0.0,0.0,0.1381892052179596,0.27721104451558976,0.0,0.5279002497335494,0.15,low,uncertain_prediction,8.057791418545712,True,pass,False,,0.37925445705024313,0.9351701782820098,0.8768233387358185,0.3460291734197731,0.5380875202593193,0.39708265802269044,0.49027552674230146,0.4100486223662885,0.5584278768233387,0.539384116693679,9.255805120467269,286,0.0,8.480052358578128,0,332,46,0,advance,C=CC(=O)Cc1cc2c(Nc3cccc(Br)c3)ncnc2cn1
O=C(/C=C\Cl)Cc1cc2c(Nc3cccc(F)c3)ncnc2cn1,7.961328123180464,0.1965815039586308,0.7147299888374377,342.761,3.771600000000002,67.77000000000001,1,5,3,5,0.058823529411764705,0,0.0,2.1,False,,0,,0,,0,,0.7818181818181819,0.6593129451193968,0.9260235365807212,0.38028169014084506,Sunvozertinib,0.21818181818181814,0.619718309859155,0.47772497802407443,0.76233226309136,1.0,0.8494472299003297,0.47772497802407443,0.772376117753941,1.0,0.5222750219759256,0.47772497802407443,-0.3928681863064888,7.666455867242518,0.4056123417786141,-0.0,0.515603195284745,8.587671404305878,0.0,0.0,0.1448722559379462,0.27784377746990696,0.0,0.5352160334078531,0.15,low,uncertain_prediction,8.052455370898025,True,pass,False,,0.3824959481361426,0.9205834683954619,0.8768233387358185,0.32901134521880065,0.5899513776337115,0.39384116693679094,0.49027552674230146,0.4035656401944895,0.5535656401944895,0.5410048622366289,9.251950172539265,287,0.0,8.47666120558198,0,333,46,0,advance,O=C(/C=C\Cl)Cc1cc2c(Nc3cccc(Br)c3)ncnc2cn1
Nc1ccc([C@@H](CO)Nc2ncnc3[nH]c(-c4ccc(CO)cc4)cc23)cc1,8.432112862108335,0.15927574077599416,0.3306000523812286,375.43200000000013,2.844900000000001,120.08,5,6,4,6,0.14285714285714285,0,0.0,2.9195466666666676,False,,1,aniline,0,,0,,0.8235294117647058,0.6813879721929258,0.9661599494416832,0.1724137931034483,Osimertinib,0.17647058823529416,0.8275862068965517,0.6215351969838878,0.5195397723994193,0.88,0.9315165138054002,0.5195397723994193,0.7381478707971768,0.9315165138054002,0.41197674140598095,0.588023258594019,-0.15548356508438543,8.193199250944344,-0.09304623333305728,-0.2,0.5692276141352687,8.469380631746557,0.0,0.0,0.08891361116399123,0.1399709267574762,0.0,0.3413845379214674,0.15,low,uncertain_prediction,8.12799609382509,True,pass,False,,0.6077795786061588,0.004051863857374392,0.47974068071312803,0.15559157212317667,0.6969205834683955,0.7779578606158833,0.49027552674230146,0.5364667747163695,0.37739059967585087,0.4698136142625608,8.922249351357578,389,0.0,8.466772430940162,0,334,0,55,advance,OCc1ccc(-c2cc3c(N[C@H](CO)c4ccccc4)ncnc3[nH]2)cc1
COC(C)(C)COc1cnccc1-c1[nH]c2c(c1Nc1cccc(F)c1C)C(=O)N(C)CC2,8.426341159802517,0.28408567767978443,0.54329251446029,452.53000000000026,4.699720000000004,79.48,2,5,4,7,0.36,0,0.0,3.183533333333335,False,,0,,0,,0,,0.7866666666666666,0.6816204819277109,0.9665826944140196,0.17592592592592593,Gefitinib,0.21333333333333337,0.8240740740740741,0.5327253155747801,0.6263672932095697,1.0,0.9309555393290332,0.5327253155747801,0.7725120370283458,1.0,0.4672746844252199,0.5327253155747801,-0.3197156286047541,8.00021264328284,0.1017625144602898,-0.0,0.5848678958257271,8.686843053568857,0.0,0.0,0.2761285165196766,0.20909335553152492,0.0,0.5977218720512015,0.15,low,uncertain_prediction,8.089121181517656,True,pass,False,,0.6012965964343598,0.6337115072933549,0.11912479740680713,0.3079416531604538,0.6985413290113452,0.4862236628849271,0.49027552674230146,0.2106969205834684,0.4767828200972447,0.4961912479740681,9.258982437685551,285,0.0,8.459550679086538,0,335,50,0,advance,COC(C)(C)COc1cnccc1-c1[nH]c2c(c1Nc1cccc(F)c1C)C(=O)NCC2
O=C(/C=C\Cl)Cc1cc2c(Nc3cccc(Cl)c3)ncnc2cn1,7.932610192796425,0.18105317808830704,0.6887518175102791,359.21600000000007,4.285900000000002,67.77000000000001,1,5,3,5,0.058823529411764705,0,0.0,2.1614400000000007,False,,0,,0,,0,,0.7962962962962963,0.6705616819752467,0.9464757854095392,0.38571428571428573,Sunvozertinib,0.20370370370370372,0.6142857142857143,0.48141532353729144,0.7456811919383459,1.0,0.863428267628583,0.48141532353729144,0.7726311957760551,1.0,0.5185846764627086,0.48141532353729144,-0.38828782965168496,7.661030425663965,0.3704181704514555,-0.0,0.5125713273047657,8.544019923420185,0.0,0.0,0.12157976713246055,0.27323084557838573,0.0,0.5073106127108462,0.15,low,uncertain_prediction,8.03670931070934,True,pass,False,,0.37439222042139386,0.9011345218800648,0.8703403565640194,0.26580226904376014,0.6418152350081038,0.406807131280389,0.49027552674230146,0.4586709886547812,0.5324149108589952,0.5379254457050243,9.18291781645098,311,0.0,8.457219845555368,0,336,25,0,advance,O=C(/C=C\Cl)Cc1cc2c(Nc3cccc(Br)c3)ncnc2cn1
C/C=C/C(=O)Cc1ncc2ncnc(Nc3cccc(Br)c3)c2c1Cl,8.19427911415179,0.250547475960157,0.5997362677398425,417.6940000000001,4.8720000000000026,67.77,1,5,3,5,0.1111111111111111,0,0.0,2.5512933333333336,False,,0,,0,,0,,0.6774193548387096,0.6015764016254901,0.8210480029554365,0.3037974683544304,Sunvozertinib,0.32258064516129037,0.6962025316455696,0.4981865453658376,0.6817282805902467,1.0,0.7898366351279698,0.4981865453658376,0.7424378652710135,1.0,0.5018134546341624,0.4981865453658376,-0.32566842654023465,7.818457900211555,0.22815337885095352,-0.0,0.5592840505551107,8.605895329617619,0.0,0.0,0.22582121394023547,0.252266818292703,0.0,0.5905880322329384,0.15,low,uncertain_prediction,8.01530729738468,True,pass,False,,0.513776337115073,0.7220421393841167,0.6880064829821718,0.8444084278768234,0.29983792544570503,0.42625607779578606,0.49027552674230146,0.2706645056726094,0.6476904376012966,0.5508508914100485,9.383123854739175,261,0.0,8.451328367076739,0,337,76,0,advance,C/C=C/C(=O)Cc1cc2c(Nc3cccc(Br)c3)ncnc2cn1
C/C=C/C(=O)Cc1ccc2ncnc(Nc3cccc(Br)c3)c2c1C,8.01496391604866,0.12333392727438403,0.6076838341050832,396.2880000000001,5.132020000000003,54.88,1,4,3,5,0.15,1,0.45,2.4085866666666673,False,,0,,0,,0,,0.6721311475409836,0.600579699693925,0.819235817625318,0.2625,Sunvozertinib,0.3278688524590164,0.7375,0.5424072299200964,0.6415881600398471,1.0,0.7988018632189886,0.5424072299200964,0.7456993132947329,1.0,0.4575927700799036,0.5424072299200964,-0.2710561111661821,7.829963025137085,-0.4386041658949169,-0.0,0.5735999380128869,7.964958797255054,0.0,0.0,0.03500089091157603,0.19699096259987953,0.0,0.23199185351145557,0.0,low,,7.732966943743598,True,pass,False,,0.41166936790923825,0.7285251215559158,0.8168557536466775,0.8654781199351702,0.29497568881685576,0.5072933549432739,0.8152350081037277,0.6677471636952999,0.6265802269043761,0.5961507293354944,8.716855069540305,443,0.0,8.448347818946191,0,338,0,105,advance,C/C=C/C(=O)Cc1ccc2ncnc(Nc3cccc(Br)c3)c2c1
O=C(O)CCNc1c(Br)cccc1Nc1ncnc2ccnc(F)c12,7.598906482335082,0.09886741220163119,0.5385745315815226,406.2150000000001,3.5566000000000013,100.03,3,6,3,6,0.125,0,0.0,2.5747666666666675,False,,0,,0,,0,,0.6833333333333333,0.5741711087420043,0.771220197712735,0.27631578947368424,Afatinib,0.31666666666666665,0.7236842105263157,0.45551943204262857,0.6471865051903503,1.0,0.7593362009161302,0.45551943204262857,0.7155105345372772,1.0,0.5444805679573714,0.45551943204262857,-0.34665480332619836,7.450605364032635,0.16485953158152244,-0.0,0.5524103125860784,8.167875208200236,0.0,0.0,0.0,0.3056007099467143,0.0,0.3056007099467143,0.0,low,,7.862274498253522,True,pass,False,,0.2544570502431118,0.6304700162074555,0.6434359805510534,0.8079416531604539,0.13614262560777957,0.34846029173419774,0.8152350081037277,0.7763371150729336,0.4987034035656402,0.48484602917341985,8.766319292479004,437,0.0,8.444089733261626,0,339,0,98,advance,O=C(O)CCNc1c(Br)cccc1Nc1ncnc2ccncc12
COc1nccc(-c2[nH]c3c(c2Nc2cccc(F)c2C)C(=O)NCC3)c1OCC(C)(C)OC,8.544230062559889,0.29961507308246926,0.45439277832119024,468.52900000000034,4.366120000000003,97.5,3,6,4,8,0.36,0,0.0,3.390193333333335,False,,0,,0,,0,,0.76,0.6725626913612917,0.9501139842932574,0.17708333333333334,Afatinib,0.24,0.8229166666666666,0.5513269644822436,0.5695239767946032,1.0,0.9183146548866097,0.5513269644822436,0.759791399040864,1.0,0.4486730355177564,0.5513269644822436,-0.2779525794114941,8.094807452936184,-0.018136221678809995,-0.0,0.5924034960733143,8.669074727330688,0.0,0.0,0.2994226096237039,0.1858412943971955,0.0,0.5977639040208993,0.15,low,uncertain_prediction,8.071310823309789,True,pass,False,,0.6418152350081038,0.37682333873581847,0.007293354943273906,0.4327390599675851,0.653160453808752,0.5575364667747164,0.49027552674230146,0.19286871961102106,0.4518233387358185,0.4728119935170178,9.21126273381367,299,0.0,8.41368521553021,0,340,41,0,advance,COC(C)(C)COc1cnccc1-c1[nH]c2c(c1Nc1cccc(F)c1C)C(=O)NCC2
COC(C)(C)COc1c(-c2[nH]c3c(c2Nc2cccc(F)c2C)C(=O)NCC3)ccnc1F,8.625359533560173,0.3328499063840766,0.45595924220378287,456.4930000000002,4.496620000000003,88.27,3,5,4,7,0.3333333333333333,0,0.0,3.2099533333333348,False,,0,,0,,0,,0.7916666666666666,0.6943704170497419,0.9897643946358943,0.1956521739130435,Afatinib,0.20833333333333337,0.8043478260869565,0.5483449489211898,0.577317839622337,1.0,0.9434102524986598,0.5483449489211898,0.7672682602605466,1.0,0.4516550510788102,0.5483449489211898,-0.29189774845247574,8.126084673984058,0.007799575537116028,-0.0,0.5824954464850605,8.716379696006234,0.0,0.0,0.34927485957611487,0.18956881384851276,0.0,0.6513436734246276,0.15,low,uncertain_prediction,8.065036022581607,True,pass,False,,0.6564019448946515,0.3833063209076175,0.08346839546191248,0.27957860615883307,0.7439222042139384,0.5364667747163695,0.49027552674230146,0.14748784440842788,0.4404781199351702,0.47516207455429504,9.244953439928437,290,0.0,8.41023051204676,0,341,51,0,advance,COC(C)(C)COc1cnccc1-c1[nH]c2c(c1Nc1cccc(F)c1C)C(=O)NCC2
C/C=C/C(=O)Cc1cc2c(Nc3cccc(Br)c3)ncnc2c(C)n1,8.015712488150726,0.21741077022309252,0.6412175592087311,397.27600000000007,4.527020000000003,67.77000000000001,1,5,3,5,0.15789473684210525,0,0.0,2.4151733333333336,False,,0,,0,,0,,0.7166666666666667,0.6184423251238631,0.8517133184070237,0.25925925925925924,Sunvozertinib,0.2833333333333333,0.7407407407407407,0.47674058288151666,0.7097783755135201,1.0,0.823970173990453,0.47674058288151666,0.7526222830963725,1.0,0.5232594171184833,0.47674058288151666,-0.36784226695314104,7.6895963328160875,0.2947310328929416,-0.0,0.5626505518239782,8.546977917533006,0.0,0.0,0.17611615533463876,0.2790742713981042,0.0,0.567690426732743,0.15,low,uncertain_prediction,7.979287490800263,True,pass,False,,0.413290113452188,0.839546191247974,0.7990275526742301,0.6588330632090762,0.3987034035656402,0.3905996758508914,0.49027552674230146,0.353322528363047,0.6055105348460292,0.5413290113452187,9.273590559348241,279,0.0,8.403882304414525,0,342,63,0,advance,C/C=C/C(=O)Cc1cc2c(Nc3cccc(Br)c3)ncnc2cn1
Cc1cc(Br)c(NCCC(=O)O)c(Nc2ncnc3ccncc23)c1,7.980903118528222,0.17208398399753558,0.5778289525438195,402.25200000000007,3.7259200000000012,100.03,3,6,3,6,0.17647058823529413,0,0.0,2.548346666666667,False,,0,,0,,0,,0.7457627118644068,0.631371040720412,0.8752200740371125,0.2692307692307692,Afatinib,0.2542372881355932,0.7307692307692308,0.49976699083378073,0.6697925905657673,1.0,0.8391073632201421,0.49976699083378073,0.7521667361549226,1.0,0.5002330091662193,0.49976699083378073,-0.33653299376152235,7.722777142531919,0.2132240113673488,-0.0,0.5524425674010643,8.488443721300333,0.0,0.0,0.10812597599630336,0.2502912614577741,0.0,0.47091723745407743,0.15,low,uncertain_prediction,8.017526483846256,True,pass,False,,0.39708265802269044,0.6871961102106969,0.7106969205834684,0.5032414910858996,0.45948136142625606,0.42949756888168555,0.49027552674230146,0.48946515397082657,0.5233792544570502,0.5059967585089141,9.116498826648794,331,0.0,8.399722594056954,0,343,12,0,advance,O=C(O)CCNc1c(Br)cccc1Nc1ncnc2ccncc12
Cc1ccc([C@@H](CO)Nc2ncnc3[nH]c(-c4ccc(CO)cc4)cc23)cc1,8.286177242492121,0.2115393069777717,0.41391200859578564,374.44400000000013,3.5711200000000014,94.06,4,5,4,6,0.18181818181818182,0,0.0,2.912960000000001,False,,0,,0,,0,,0.8076923076923077,0.6781180329538543,0.9602146053706441,0.175,Afatinib,0.1923076923076923,0.825,0.54846679573859,0.565614681650759,1.0,0.926410954027983,0.54846679573859,0.760123107854333,1.0,0.45153320426140997,0.54846679573859,-0.282208416154324,7.968868282025463,-0.004850173222396285,-0.0,0.5740921128811225,8.538110221684189,0.0,0.0,0.16730896046665755,0.18941650532676246,0.0,0.46922546579342,0.15,low,uncertain_prediction,8.06888475589077,True,pass,False,,0.5510534846029174,0.16774716369529985,0.5194489465153971,0.21555915721231766,0.6742301458670988,0.5380875202593193,0.49027552674230146,0.36142625607779577,0.4025526742301459,0.45230956239870346,9.021173430760363,359,0.0,8.386656230769214,0,344,0,15,advance,OCc1ccc(-c2cc3c(N[C@H](CO)c4ccccc4)ncnc3[nH]2)cc1
C=CC(=O)Cc1cc2c(Nc3cc(C)cc(Br)c3)ncnc2cn1,7.983662571681684,0.21292137541719713,0.6711836604087291,383.249,4.136920000000003,67.77000000000001,1,5,3,5,0.1111111111111111,0,0.0,2.3216600000000005,False,,0,,0,,0,,0.7321428571428571,0.6168330773169484,0.8487874133035423,0.3424657534246575,Sunvozertinib,0.2678571428571429,0.6575342465753424,0.471870680128383,0.7298563978401855,1.0,0.8009741216214924,0.471870680128383,0.7506752998975152,1.0,0.528129319871617,0.47187068012838296,-0.3717394930255096,7.664280508555889,0.33404577151984016,-0.0,0.5299928415842027,8.528319121659932,0.0,0.0,0.16938206312579568,0.2851616498395213,0.0,0.567043712965317,0.15,low,uncertain_prediction,7.961275408694615,True,pass,False,,0.40032414910858993,0.8752025931928687,0.8565640194489466,0.5721231766612642,0.3873581847649919,0.3824959481361426,0.49027552674230146,0.3581847649918963,0.5980956239870341,0.5381685575364669,9.246033870444373,289,0.0,8.382077677738375,0,345,56,0,advance,C=CC(=O)Cc1cc2c(Nc3cccc(Br)c3)ncnc2cn1
COCCOc1cncc(Cl)c1-c1[nH]c2c(c1Nc1cccc(F)c1C)C(=O)NCC2,8.605388487157251,0.3425421243667066,0.474443582432354,444.8940000000002,4.232320000000002,88.27000000000001,3,5,4,7,0.2727272727272727,0,0.0,3.132626666666668,False,,0,,0,,0,,0.7746478873239436,0.6678343941670738,0.9415170803037705,0.2079207920792079,Gefitinib,0.22535211267605637,0.7920792079207921,0.5365676347326181,0.5904583293121537,1.0,0.9041576122080259,0.5365676347326181,0.7577958940631995,1.0,0.46343236526738185,0.5365676347326181,-0.29497101244077506,8.091575300607191,0.03182230970508114,-0.0,0.5744114831564056,8.697809093468678,0.0,0.0,0.3638131865500599,0.20429045658422734,0.0,0.6806036431342872,0.15,low,uncertain_prediction,8.01720545033439,True,pass,False,,0.6515397082658023,0.4773095623987034,0.16045380875202594,0.36547811993517015,0.6296596434359806,0.4991896272285251,0.49027552674230146,0.1393841166936791,0.48581847649918963,0.4885332252836305,9.280791265267705,277,0.0,8.378445320674748,0,346,69,0,advance,COCCOc1cnccc1-c1[nH]c2c(c1Nc1cccc(F)c1C)C(=O)NCC2
O=C(O)CCNc1c(Br)cccc1Nc1ncnc2cc(F)ncc12,8.040881590674474,0.18346836453464083,0.5385745315815226,406.2150000000001,3.5566000000000013,100.03,3,6,3,6,0.125,0,0.0,2.5747666666666675,False,,0,,0,,0,,0.7288135593220338,0.6170542160591368,0.8491894837438849,0.32894736842105265,Sunvozertinib,0.27118644067796616,0.6710526315789473,0.5067925424943698,0.6471865051903503,1.0,0.8046552707026505,0.5067925424943698,0.7396585795968426,1.0,0.4932074575056302,0.5067925424943698,-0.3104880494699639,7.765679043872512,0.16485953158152244,-0.0,0.5356470587147402,8.466185634168776,0.0,0.0,0.12520254680196125,0.24150932188203778,0.0,0.479211868683999,0.15,low,uncertain_prediction,7.986973765484777,True,pass,False,,0.4343598055105348,0.6304700162074555,0.6434359805510534,0.5940032414910859,0.3914100486223663,0.4392220421393841,0.49027552674230146,0.4473257698541329,0.5368719611021069,0.5030794165316046,9.110431987491303,332,0.0,8.365669065322702,0,347,15,0,advance,O=C(O)CCNc1c(Br)cccc1Nc1ncnc2ccncc12
COC(C)(C)COc1cnccc1-c1[nH]c2c(c1Nc1c(Cl)ccc(F)c1C)C(=O)NCC2,8.882440099814792,0.2017680249098463,0.44952373159382286,472.94800000000026,5.010920000000003,88.27000000000001,3,5,4,7,0.3333333333333333,1,0.45,3.3196533333333353,False,,0,,0,,0,,0.7808219178082192,0.7208943903969138,1.0,0.1941747572815534,Gefitinib,0.2191780821917808,0.8058252427184466,0.7043724075168056,0.5195590780176282,1.0,0.9514563106796117,0.5195590780176282,0.7938469490535114,1.0,0.48044092198237176,0.5195590780176282,-0.11929938871560775,8.579788062450023,-0.7150909350728442,-0.0,0.5903777098018353,8.455074837179014,0.0,0.0,0.15265203736476946,0.2255511524779647,0.0,0.49070318984273414,0.15,low,uncertain_prediction,7.96437164733628,True,pass,False,,0.7439222042139384,0.3492706645056726,0.01620745542949757,0.33225283630470015,0.8824959481361426,0.45948136142625606,0.49027552674230146,0.3857374392220421,0.4735008103727715,0.5129254457050243,9.02327580962634,358,0.0,8.354882182182308,0,348,0,10,advance,COC(C)(C)COc1cnccc1-c1[nH]c2c(c1Nc1cccc(F)c1C)C(=O)NCC2
Nc1ccc(Nc2ncnc3ccncc23)c(NCCC(=O)O)c1Br,8.082671809517267,0.1840149842299717,0.46304171965359014,403.2400000000001,2.9997000000000007,126.05,4,7,3,6,0.125,0,0.0,2.5549333333333344,False,,1,aniline,0,,0,,0.7288135593220338,0.6153758943808152,0.8461379897833002,0.24691358024691357,Sunvozertinib,0.27118644067796616,0.7530864197530864,0.5168574634183365,0.6064062791428079,0.88,0.8228750972757468,0.5168574634183365,0.7065347099592227,0.88,0.3631425365816635,0.6368574634183365,-0.25290299538784833,7.8066493331723095,0.09230171965359,-0.2,0.5594943216768358,8.258445374502735,0.0,0.0,0.12602247634495756,0.0789281707270794,0.0,0.31745064707203696,0.15,low,uncertain_prediction,7.940994727430698,True,pass,False,,0.47163695299837927,0.40032414910858993,0.6677471636952999,0.5940032414910859,0.3752025931928687,0.9384116693679092,0.49027552674230146,0.44570502431118314,0.5112641815235008,0.530388978930308,8.871962392330936,409,0.0,8.352461502147067,0,349,0,60,advance,O=C(O)CCNc1c(Br)cccc1Nc1ncnc2ccncc12
Cc1ccc(Nc2ncnc3ccncc23)c(NCCC(=O)O)c1Br,8.08073384414808,0.2233259039277152,0.5778289525438194,402.2520000000001,3.7259200000000012,100.03000000000002,3,6,3,6,0.17647058823529413,0,0.0,2.5483466666666676,False,,0,,0,,0,,0.7288135593220338,0.6153758943808152,0.8461379897833002,0.2564102564102564,Afatinib,0.27118644067796616,0.7435897435897436,0.48885532828761935,0.6697925905657673,1.0,0.820500928234911,0.48885532828761935,0.7447872117720744,1.0,0.5111446717123806,0.48885532828761935,-0.34124251131260674,7.745744988256507,0.21322401136734864,-0.0,0.556645318827833,8.515614318451687,0.0,0.0,0.1849888558915728,0.2639308396404758,0.0,0.5614196955320485,0.15,low,uncertain_prediction,7.954194622919639,True,pass,False,,0.46677471636953,0.6815235008103727,0.7050243111831442,0.5940032414910859,0.3752025931928687,0.41491085899513774,0.49027552674230146,0.33063209076175043,0.5709076175040518,0.5167341977309563,9.20070345945655,306,0.0,8.349275660196787,0,350,44,0,advance,O=C(O)CCNc1c(Br)cccc1Nc1ncnc2ccncc12
C/C=C/C(=O)Cc1ccc2ncnc(Nc3cccc(Br)c3)c2c1F,8.075525120710642,0.24588484763967436,0.6153130938824319,400.2510000000001,4.9627000000000026,54.88,1,4,3,5,0.10526315789473684,0,0.0,2.435006666666667,False,,0,,0,,0,,0.6612903225806451,0.5912284142327474,0.802233480423177,0.2911392405063291,Sunvozertinib,0.33870967741935487,0.7088607594936709,0.4717618868298885,0.694768099071235,1.0,0.7788903001908005,0.4717618868298885,0.736355071522981,1.0,0.5282381131701115,0.4717618868298885,-0.35279091292412323,7.706697849251131,0.26058840967190555,-0.0,0.5656359527926051,8.532922211715642,0.0,0.0,0.21882727145951153,0.28529764146263936,0.0,0.6166249129221508,0.15,low,uncertain_prediction,7.9162972987934905,True,pass,False,,0.4619124797406807,0.7836304700162074,0.7658022690437601,0.8946515397082658,0.24149108589951376,0.38087520259319285,0.49027552674230146,0.2884927066450567,0.658387358184765,0.5478525121555915,9.32298704153736,269,0.0,8.3487203133802,0,351,82,0,advance,C/C=C/C(=O)Cc1ccc2ncnc(Nc3cccc(Br)c3)c2c1
C/C=C/C(=O)Cc1cc(F)c2ncnc(Nc3cccc(Br)c3)c2c1,8.031353238911977,0.2254813951379701,0.6153130938824319,400.25100000000003,4.9627000000000026,54.88,1,4,3,5,0.10526315789473684,0,0.0,2.435006666666667,False,,0,,0,,0,,0.7166666666666667,0.6236584476882985,0.8611971776150881,0.3076923076923077,Sunvozertinib,0.2833333333333333,0.6923076923076923,0.47500133313141535,0.694768099071235,1.0,0.8189748062882392,0.47500133313141535,0.7471860596227223,1.0,0.5249986668685847,0.47500133313141535,-0.36291296865507605,7.6931311462050225,0.26058840967190555,-0.0,0.5504916020960797,8.504211157973007,0.0,0.0,0.18822209270695517,0.2812483335857308,0.0,0.5819704262926859,0.15,low,uncertain_prediction,7.922240731680321,True,pass,False,,0.42625607779578606,0.7836304700162074,0.7658022690437601,0.6588330632090762,0.42625607779578606,0.3873581847649919,0.49027552674230146,0.3241491085899514,0.5951782820097246,0.534481361426256,9.218425096384676,297,0.0,8.338618365391829,0,352,55,0,advance,C/C=C/C(=O)Cc1ccc2ncnc(Nc3cccc(Br)c3)c2c1
C/C=C/C(=O)Cc1cc2c(Nc3cccc(Br)c3)ncnc2c(OC)n1,7.8808648637041365,0.16675828185719435,0.609966539144996,413.2750000000001,4.227200000000003,77.0,1,6,3,6,0.15789473684210525,0,0.0,2.6218333333333343,False,,0,,0,,0,,0.6825396825396826,0.590835433223493,0.8015189694972599,0.29069767441860467,Osimertinib,0.31746031746031744,0.7093023255813953,0.4784854186259981,0.6846418529400042,1.0,0.7784648085182937,0.4784854186259981,0.735398020021074,1.0,0.5215145813740019,0.47848541862599814,-0.3425501351934345,7.630727440918345,0.23248101282920636,-0.0,0.5560275829058764,8.419236036653427,0.0,0.0,0.10013742278579152,0.2768932267175023,0.0,0.48953064950329384,0.15,low,uncertain_prediction,7.929705387150133,True,pass,False,,0.35980551053484605,0.7593192868719612,0.606969205834684,0.8176661264181524,0.2366288492706645,0.3987034035656402,0.49027552674230146,0.5153970826580226,0.568354943273906,0.5026337115072934,9.101261968582113,337,0.0,8.307865840958884,0,353,16,0,advance,C/C=C/C(=O)Cc1cc2c(Nc3cccc(Br)c3)ncnc2cn1
C/C=C/C(=O)Cc1ccc2ncnc(Nc3cc(F)cc(Br)c3)c2c1,8.04953490049814,0.24178226998208566,0.6153130938824319,400.2510000000001,4.9627000000000026,54.88,1,4,3,5,0.10526315789473684,0,0.0,2.435006666666667,False,,0,,0,,0,,0.7586206896551724,0.6432417706251378,0.8968032193184322,0.32098765432098764,Osimertinib,0.24137931034482762,0.6790123456790124,0.46813613613707494,0.694768099071235,1.0,0.8423555009085772,0.46813613613707494,0.7513149340292218,1.0,0.5318638638629251,0.46813613613707494,-0.3775717305228625,7.686861495525011,0.26058840967190555,-0.0,0.5365251981884842,8.4839751033854,0.0,0.0,0.21267340497312848,0.28982982982865635,0.0,0.6150032348017849,0.15,low,uncertain_prediction,7.868971868583616,True,pass,False,,0.4376012965964344,0.7836304700162074,0.7658022690437601,0.44408427876823336,0.5105348460291734,0.3727714748784441,0.49027552674230146,0.29497568881685576,0.5573338735818476,0.5219205834683954,9.152775751683619,320,0.0,8.270276568745691,0,354,34,0,advance,C/C=C/C(=O)Cc1ccc2ncnc(Nc3cccc(Br)c3)c2c1
COc1nc(CC(=O)/C=C\Cl)cc2c(Nc3cccc(Br)c3)ncnc12,7.931564585637585,0.1786265135269498,0.5805333048727502,433.6930000000001,4.403600000000003,77.0,1,6,3,6,0.1111111111111111,0,0.0,2.7579533333333344,False,,0,,0,,0,,0.6825396825396826,0.5910875368296011,0.8019773396901838,0.3023255813953488,Osimertinib,0.31746031746031744,0.6976744186046512,0.48285258694053146,0.6632181894748845,1.0,0.7759016094188006,0.48285258694053146,0.7304930964585541,1.0,0.5171474130594685,0.48285258694053146,-0.3301873460240303,7.663624815347161,0.1779514159838612,-0.0,0.5526538033610842,8.394230034692105,0.0,0.0,0.1179397702904247,0.2714342663243357,0.0,0.5018740366147604,0.15,low,uncertain_prediction,7.8923559980773454,True,pass,False,,0.3727714748784441,0.6985413290113452,0.5583468395461912,0.8176661264181524,0.23824959481361427,0.4100486223662885,0.49027552674230146,0.4651539708265802,0.554740680713128,0.49132901134521884,9.05991885154786,351,0.0,8.256950811691608,0,355,4,0,advance,O=C(/C=C\Cl)Cc1cc2c(Nc3cccc(Br)c3)ncnc2cn1
O=C(O)CCNc1c(Br)cc(F)cc1Nc1ncnc2ccncc12,8.218669831293996,0.29173026191927737,0.575732072056867,406.2150000000001,3.5566000000000013,100.03,3,6,3,6,0.125,0,0.0,2.5747666666666675,False,,0,,0,,0,,0.7457627118644068,0.631371040720412,0.8752200740371125,0.2911392405063291,Sunvozertinib,0.2542372881355932,0.7088607594936709,0.47545627448000477,0.6676231524517897,1.0,0.8336302454012521,0.47545627448000477,0.7441774180832617,1.0,0.5245437255199952,0.4754562744800048,-0.35829485813767586,7.78107443841508,0.20201707205686692,-0.0,0.5458700260183964,8.528961536490343,0.0,0.0,0.28759539287891606,0.28067965689999397,0.0,0.68077504977891,0.15,low,uncertain_prediction,7.848186486711432,True,pass,False,,0.5251215559157212,0.673419773095624,0.6434359805510534,0.5032414910858996,0.45948136142625606,0.3889789303079417,0.49027552674230146,0.20097244732576985,0.5681523500810373,0.5171393841166937,9.210744356587588,300,0.0,8.243753747651464,0,356,56,0,advance,O=C(O)CCNc1c(Br)cccc1Nc1ncnc2ccncc12
Cc1nc(CC(=O)/C=C\Cl)cc2c(Nc3cccc(Br)c3)ncnc12,8.031736174560908,0.24067934344836817,0.6092838055589442,417.6940000000001,4.703420000000003,67.77000000000001,1,5,3,5,0.1111111111111111,0,0.0,2.5512933333333336,False,,0,,0,,0,,0.7166666666666667,0.6182977058441806,0.8514503742621465,0.2875,Sunvozertinib,0.2833333333333333,0.7125,0.4644585032263694,0.6869794263907527,1.0,0.8167127806966099,0.4644585032263694,0.742037677578433,1.0,0.5355414967736306,0.4644585032263694,-0.37010556580275145,7.6707171593883565,0.2377009166700553,-0.0,0.5541125935655367,8.462530669623948,0.0,0.0,0.21101901517255223,0.2944268709670383,0.0,0.6179458861395906,0.15,low,uncertain_prediction,7.844584783484358,True,pass,False,,0.42787682333873583,0.7504051863857374,0.6880064829821718,0.6588330632090762,0.39708265802269044,0.3646677471636953,0.49027552674230146,0.29821717990275526,0.5775931928687197,0.5157212317666127,9.155642501066412,318,0.0,8.238450261604294,0,357,39,0,advance,O=C(/C=C\Cl)Cc1cc2c(Nc3cccc(Br)c3)ncnc2cn1
O=C(O)CCNc1c(Br)cccc1Nc1ncnc2cc(Cl)ncc12,7.970125696526847,0.17415331445185345,0.5147897125061324,422.6700000000001,4.070900000000002,100.03,3,6,3,6,0.125,0,0.0,2.6844666666666672,False,,0,,0,,0,,0.7413793103448276,0.6271428636554277,0.8675324793735049,0.3333333333333333,Sunvozertinib,0.2586206896551724,0.6666666666666667,0.4956241040154144,0.6298856239296549,1.0,0.8173160261967953,0.4956241040154144,0.7357064385354661,1.0,0.5043758959845857,0.49562410401541435,-0.32010977936006896,7.708895724849067,0.12461971250613228,-0.0,0.5332624301882039,8.366777867543403,0.0,0.0,0.11122997167778016,0.25546986998073207,0.0,0.4791998416585122,0.15,low,uncertain_prediction,7.887578025884891,True,pass,False,,0.3889789303079417,0.5948136142625607,0.5996758508914101,0.5332252836304701,0.44246353322528365,0.42301458670988656,0.49027552674230146,0.4829821717990275,0.4905996758508915,0.4789303079416532,8.955497478564473,381,0.0,8.237294395414875,0,358,0,23,advance,O=C(O)CCNc1c(Br)cccc1Nc1ncnc2ccncc12
C/C=C/C(=O)Cc1cc2c(Nc3cc(Br)ccc3F)ncnc2cn1,7.851098299903922,0.1829712508424023,0.6439694066478064,401.23900000000003,4.357700000000003,67.77000000000001,1,5,3,5,0.1111111111111111,0,0.0,2.4415933333333335,False,,0,,0,,0,,0.711864406779661,0.5925470996677236,0.8046310903049518,0.36619718309859156,Afatinib,0.288135593220339,0.6338028169014085,0.4596946993862988,0.7102757377588578,1.0,0.761924021954066,0.4596946993862988,0.7329736147748057,1.0,0.5403053006137012,0.4596946993862988,-0.36437188718467584,7.576641423640318,0.28884151775891753,-0.0,0.520959634595813,8.386442575995048,0.0,0.0,0.12445687626360342,0.3003816257671265,0.0,0.53733850203073,0.15,low,uncertain_prediction,7.849104073964318,True,pass,False,,0.34683954619124796,0.8476499189627229,0.7544570502431118,0.6847649918962723,0.24716369529983792,0.3565640194489465,0.49027552674230146,0.4505672609400324,0.5757293354943274,0.5070502431118314,9.07731777858824,346,0.0,8.232564365698517,0,359,13,0,advance,C/C=C/C(=O)Cc1cc2c(Nc3cccc(Br)c3)ncnc2cn1
COc1ccc([C@@H](CO)Nc2ncnc3[nH]c(-c4ccc(CO)cc4)cc23)cc1,8.36198118016472,0.2524829366483989,0.3861837707859718,390.4430000000001,3.271300000000001,103.29,4,6,4,7,0.18181818181818182,0,0.0,3.1196200000000007,False,,0,,0,,0,,0.7636363636363637,0.6527570346320346,0.9141036993309719,0.2125,Afatinib,0.23636363636363633,0.7875,0.5387572393873009,0.5424156893168999,1.0,0.882452774498229,0.5387572393873009,0.7409064258006074,1.0,0.4612427606126991,0.5387572393873009,-0.2695322485510754,7.983256775192122,-0.0635774110322101,-0.0,0.5711395611963793,8.49081892535629,0.0,0.0,0.22872440497259833,0.2015534507658739,0.0,0.5427778557384721,0.15,low,uncertain_prediction,7.948041069617818,True,pass,False,,0.5769854132901134,0.08346839546191248,0.19367909238249595,0.41166936790923825,0.546191247974068,0.5008103727714749,0.49027552674230146,0.26742301458670986,0.38772285251215566,0.4132495948136143,8.956086348370878,379,0.0,8.218940583394156,0,360,0,19,advance,OCc1ccc(-c2cc3c(N[C@H](CO)c4ccccc4)ncnc3[nH]2)cc1
C=CC(=O)Cc1cc2c(Nc3cc(Cl)cc(Br)c3)ncnc2cn1,8.030505611497526,0.24797487369307228,0.6361068818426235,403.66700000000003,4.481900000000002,67.77000000000001,1,5,3,5,0.058823529411764705,0,0.0,2.4577800000000005,False,,0,,0,,0,,0.7321428571428571,0.6120356817590424,0.8400648759255316,0.4,Sunvozertinib,0.2678571428571429,0.6,0.45904399128923096,0.7053287850134429,1.0,0.7800486569441487,0.45904399128923096,0.7361053583117056,1.0,0.540956008710769,0.459043991289231,-0.3694151560299663,7.658543300957918,0.2733222347837999,-0.0,0.5105519332670971,8.442417469008815,0.0,0.0,0.2219623105396084,0.30119501088846123,0.0,0.6356573214280696,0.15,low,uncertain_prediction,7.806760147580745,True,pass,False,,0.42301458670988656,0.8217179902755267,0.7423014586709886,0.5721231766612642,0.36304700162074555,0.353322528363047,0.49027552674230146,0.2820097244732577,0.5804700162074554,0.5163695299837925,9.13898148845776,324,0.0,8.201403583561296,0,361,37,0,advance,C=CC(=O)Cc1cc2c(Nc3cccc(Br)c3)ncnc2cn1
C/C=C/C(=O)Cc1cc2c(Nc3cccc(Br)c3)ncnc2cc1Cl,8.662933293209425,0.3031664360745979,0.5597828023095782,416.706,5.477000000000003,54.88,1,4,3,5,0.10526315789473684,1,0.45,2.544706666666667,False,,0,,0,,0,,0.7288135593220338,0.6657189721159102,0.9376708583925639,0.3717948717948718,Osimertinib,0.27118644067796616,0.6282051282051282,0.5785168180501379,0.6100072079369347,1.0,0.860304425845705,0.5785168180501379,0.7622071129581944,1.0,0.4214831819498621,0.5785168180501379,-0.2449203932107421,8.208183639097529,-0.5113968819009481,-0.0,0.5449131513647643,8.241699908561344,0.0,0.0,0.30474965411189686,0.15185397743732765,0.0,0.5691036315492245,0.15,low,uncertain_prediction,7.672596277012119,True,pass,False,,0.6742301458670988,0.6564019448946515,0.7244732576985413,0.5940032414910859,0.6256077795786061,0.7244732576985413,0.49027552674230146,0.18962722852512157,0.6621555915721231,0.626094003241491,9.036286618447892,357,0.0,8.19890908090191,0,362,5,0,advance,C/C=C/C(=O)Cc1ccc2ncnc(Nc3cccc(Br)c3)c2c1
C/C=C/C(=O)Cc1ccc2ncnc(Nc3cccc(Br)c3)c2c1N,8.160769972598429,0.2799208554597875,0.4926227266436487,397.2760000000001,4.405800000000003,80.9,2,5,3,5,0.10526315789473684,0,0.0,2.4151733333333345,False,,1,aniline,0,,0,,0.6612903225806451,0.5912284142327474,0.802233480423177,0.25925925925925924,Sunvozertinib,0.33870967741935487,0.7407407407407407,0.46924789432775593,0.6280512176027246,0.88,0.7868602955025679,0.46924789432775593,0.6910398518582621,0.88,0.41075210567224407,0.5892478943277559,-0.2957226100406749,7.740888689408747,0.14087304243312224,-0.2,0.5751999471667262,8.256961679008596,0.0,0.0,0.26988128318968124,0.1384401320903051,0.0,0.5208214152799864,0.15,low,uncertain_prediction,7.736140263728609,True,pass,False,,0.5072933549432739,0.5413290113452188,0.7860615883306321,0.8946515397082658,0.24149108589951376,0.7811993517017828,0.49027552674230146,0.21555915721231766,0.633387358184765,0.5635332252836304,9.017026508830314,360,0.0,8.187380134068967,0,363,3,0,advance,C/C=C/C(=O)Cc1ccc2ncnc(Nc3cccc(Br)c3)c2c1
C/C=C/C(=O)Cc1cc2c(Nc3cc(Cl)cc(Br)c3)ncnc2cn1,7.978555294798761,0.22138116005273742,0.5997362677398423,417.6940000000001,4.872000000000003,67.77000000000001,1,5,3,5,0.1111111111111111,0,0.0,2.5512933333333336,False,,0,,0,,0,,0.7413793103448276,0.6229251889555152,0.8598639799191184,0.3333333333333333,Sunvozertinib,0.2586206896551724,0.6666666666666667,0.46467201166277394,0.6817282805902467,1.0,0.8115646516060055,0.46467201166277394,0.7394912359647565,1.0,0.5353279883372261,0.46467201166277394,-0.36642563240264336,7.646483554719654,0.2281533788509534,-0.0,0.5313453053246072,8.405982238895215,0.0,0.0,0.18207174007910612,0.2941599854215326,0.0,0.5887317255006388,0.15,low,uncertain_prediction,7.817250513394576,True,pass,False,,0.39546191247974066,0.7179902755267423,0.6880064829821718,0.5332252836304701,0.42301458670988656,0.36628849270664504,0.49027552674230146,0.3354943273905997,0.5314019448946515,0.49319286871961104,9.043664572768796,353,0.0,8.18408195585811,0,364,11,0,advance,C/C=C/C(=O)Cc1cc2c(Nc3cccc(Br)c3)ncnc2cn1
COc1cnccc1-c1cc2c(N[C@H](CO)c3ccc(C)cc3)ncnc2[nH]1,8.2018828132394,0.25253530139325503,0.47744401018345334,375.4320000000001,3.482420000000001,95.94999999999999,3,6,4,6,0.19047619047619047,0,0.0,2.919546666666667,False,,0,,0,,0,,0.8448275862068966,0.6787592160585991,0.9613803928338165,0.2247191011235955,Osimertinib,0.15517241379310343,0.7752808988764045,0.4986959923345716,0.600303949190643,1.0,0.9148555193444635,0.4986959923345716,0.7534638652174196,1.0,0.5013040076654284,0.4986959923345716,-0.3396904971771305,7.823079861149518,0.058559629231072344,-0.0,0.542756954078272,8.424396444458862,0.0,0.0,0.22880295208988255,0.2516300095817855,0.0,0.5929329616716681,0.15,low,uncertain_prediction,7.8314634827871945,True,pass,False,,0.5186385737439222,0.49432739059967584,0.49351701782820095,0.06320907617504051,0.6774716369529984,0.42787682333873583,0.49027552674230146,0.26580226904376014,0.4189222042139384,0.4582658022690438,8.927103089515589,387,0.0,8.156382445510047,0,365,0,22,advance,COc1cnccc1-c1cc2c(N[C@H](CO)c3ccccc3)ncnc2[nH]1
COCCOc1cnccc1-c1[nH]c2c(c1Nc1cccc(F)c1C)C(=O)N(C)CC2,8.268141867992002,0.31958336916841534,0.5622454529879874,424.4760000000002,3.921120000000003,79.48,2,5,4,7,0.30434782608695654,0,0.0,2.9965066666666687,False,,0,,0,,0,,0.7638888888888888,0.6591880341880343,0.9257964257964258,0.20588235294117646,Gefitinib,0.23611111111111116,0.7941176470588236,0.46832710858010973,0.6439847427331367,1.0,0.8928767311120254,0.46832710858010973,0.751297145606318,1.0,0.5316728914198903,0.46832710858010973,-0.37729338270161106,7.788766814239379,0.14320423559668283,-0.0,0.5759344005667536,8.507905450402815,0.0,0.0,0.329375053752623,0.28959111427486284,0.0,0.7314661680274859,0.15,low,uncertain_prediction,7.776439282375328,True,pass,False,,0.5445705024311183,0.6580226904376013,0.3703403565640194,0.4100486223662885,0.586709886547812,0.37439222042139386,0.49027552674230146,0.16693679092382496,0.514222042139384,0.4935980551053485,9.124971900970076,330,0.0,8.143756948501746,0,366,36,0,advance,COCCOc1cnccc1-c1[nH]c2c(c1Nc1cccc(F)c1C)C(=O)NCC2
C/C=C/C(=O)Cc1cc2c(Nc3cccc(Br)c3)ncnc2c(N)n1,8.050550590074671,0.28577339776766875,0.6353371698563682,398.26400000000007,3.8008000000000015,93.79,2,6,3,5,0.1111111111111111,0,0.0,2.421760000000001,False,,1,aniline,0,,0,,0.7049180327868853,0.6048163168990388,0.8269387579982522,0.25609756097560976,Sunvozertinib,0.29508196721311475,0.7439024390243902,0.43759626908129967,0.7062908280363871,0.88,0.8061796782547868,0.43759626908129967,0.7075166938431183,0.88,0.44240373091870033,0.5575962690812997,-0.3598938996824249,7.621890493423168,0.2831842809674793,-0.2,0.5626923064527818,8.267767080843429,0.0,0.0,0.2786600966515031,0.17800466364837542,0.0,0.5691647602998785,0.15,low,uncertain_prediction,7.69860232054355,True,pass,False,,0.4392220421393841,0.8160453808752026,0.7763371150729336,0.7179902755267423,0.3233387358184765,0.5786061588330632,0.49027552674230146,0.20583468395461912,0.620907617504052,0.5531199351701783,9.012856221848292,363,0.0,8.137346242747764,0,367,4,0,advance,C/C=C/C(=O)Cc1cc2c(Nc3cccc(Br)c3)ncnc2cn1
O=C(/C=C\Cl)Cc1cc2c(Nc3cc(Br)ccc3F)ncnc2cn1,7.846492346736089,0.19082334009692348,0.612925776663183,421.65700000000004,4.534100000000002,67.77000000000001,1,5,3,5,0.058823529411764705,0,0.0,2.5777133333333335,False,,0,,0,,0,,0.7068965517241379,0.5959181048836222,0.8107601906974947,0.3561643835616438,Sunvozertinib,0.2931034482758621,0.6438356164383562,0.4530467486161759,0.6879663566519302,1.0,0.76902904713271,0.4530467486161759,0.727510538100204,1.0,0.5469532513838241,0.4530467486161759,-0.3659517193120374,7.560257336590704,0.2321511296043595,-0.0,0.5277372843300185,8.320145750525082,0.0,0.0,0.1362350101453852,0.30869156422978017,0.0,0.5574265743751654,0.15,low,uncertain_prediction,7.762719176149917,True,pass,False,,0.34521880064829824,0.7739059967585089,0.63290113452188,0.7074554294975689,0.2698541329011345,0.34521880064829824,0.49027552674230146,0.42301458670988656,0.5465559157212317,0.4853727714748784,8.97601284939056,375,0.0,8.12016650191977,0,368,0,7,advance,O=C(/C=C\Cl)Cc1cc2c(Nc3cccc(Br)c3)ncnc2cn1
COC(C)(C)COc1c(-c2[nH]c3c(c2Nc2cccc(F)c2C)C(=O)NCC3)ccnc1N,8.470448565596312,0.330008478197514,0.43089523001885754,453.51800000000026,3.939720000000002,114.28999999999999,4,6,4,7,0.3333333333333333,0,0.0,3.190120000000002,False,,1,aniline,0,,0,,0.76,0.6683538306017981,0.9424615101850873,0.17708333333333334,Afatinib,0.24,0.8229166666666666,0.5116062066608182,0.5642954534334486,0.88,0.9125752993054821,0.5116062066608182,0.7171192398499372,0.9125752993054821,0.40096909264466385,0.5990309073553362,-0.27401737758549194,7.975435848300041,-0.014289436647809399,-0.2,0.5904903775462718,8.351636789198503,0.0,0.0,0.345012717296271,0.1262113658058298,0.0,0.5837240831021008,0.15,low,uncertain_prediction,7.767912706096403,True,pass,False,,0.6223662884927067,0.2188006482982172,0.10615883306320907,0.4327390599675851,0.6345218800648298,0.8589951377633711,0.49027552674230146,0.15235008103727715,0.42629659643435985,0.4794165316045381,8.863192704919735,410,0.0,8.11821254402185,0,369,0,41,advance,COC(C)(C)COc1cnccc1-c1[nH]c2c(c1Nc1cccc(F)c1C)C(=O)NCC2
COc1cnccc1-c1cc2c(N[C@H](CO)c3ccc(Cl)cc3)ncnc2[nH]1,8.194724190530755,0.24207964387976388,0.45890941697138776,395.8500000000001,3.8274000000000026,95.94999999999999,3,6,4,6,0.15,0,0.0,3.055666666666667,False,,0,,0,,0,,0.8305084745762712,0.6681708214234756,0.942128766224501,0.26436781609195403,Osimertinib,0.1694915254237288,0.735632183908046,0.5042252969168539,0.5848745383086222,1.0,0.8905046206453873,0.5042252969168539,0.744901113967716,1.0,0.4957747030831461,0.5042252969168539,-0.32090108940114914,7.8316047247111085,0.015559416971387727,-0.0,0.532493033169217,8.379657174851713,0.0,0.0,0.2131194658196458,0.2447183788539326,0.0,0.5703378446735784,0.15,low,uncertain_prediction,7.809319330178135,True,pass,False,,0.5153970826580226,0.39303079416531606,0.29821717990275526,0.12155591572123177,0.6320907617504052,0.4359805510534846,0.49027552674230146,0.293354943273906,0.37957860615883304,0.4260534846029173,8.835151502242313,417,0.0,8.095583511701635,0,370,0,47,advance,COc1cnccc1-c1cc2c(N[C@H](CO)c3ccccc3)ncnc2[nH]1
COc1cnccc1-c1cc2c(N[C@H](CO)c3ccc(N)cc3)ncnc2[nH]1,8.234290707485739,0.22668065593023579,0.3816892061689245,376.4200000000001,2.7561999999999998,121.97,4,7,4,6,0.15,0,0.0,2.926133333333334,False,,1,aniline,0,,0,,0.8448275862068966,0.6787592160585991,0.9613803928338165,0.23863636363636365,Osimertinib,0.15517241379310343,0.7613636363636364,0.5248962177202697,0.5473854736493187,0.88,0.9113762037162715,0.5248962177202697,0.715914473771465,0.9113762037162715,0.38647998599600175,0.6135200140039982,-0.2546910080682603,7.894269723590385,-0.0422307938310756,-0.2,0.5385817753244415,8.19062070508375,0.0,0.0,0.19002098389535366,0.1080999824950022,0.0,0.41062096639035583,0.15,low,uncertain_prediction,7.779999738693395,True,pass,False,,0.5348460291734197,0.04700162074554295,0.46677471636953,0.06320907617504051,0.6774716369529984,0.9108589951377634,0.49027552674230146,0.3209076175040519,0.33273905996758507,0.44440842787682333,8.589907577044853,466,0.0,8.088289852145582,0,371,0,95,advance,COc1cnccc1-c1cc2c(N[C@H](CO)c3ccccc3)ncnc2[nH]1
CNc1cc2c(Nc3cccc(C(F)(F)F)c3N)ncnc2cn1,7.692159359272509,0.1912483090380843,0.6362139674734034,334.305,3.4111000000000002,88.75,3,6,3,3,0.13333333333333333,0,0.0,1.9000000000000001,False,,1,aniline,0,,0,,0.6181818181818182,0.5641358641358641,0.7529742984288438,0.35294117647058826,Afatinib,0.38181818181818183,0.6470588235294117,0.41416602349146825,0.7268407590334487,0.88,0.7264954297039857,0.41416602349146825,0.6868755530572256,0.88,0.46583397650853176,0.5341660234914682,-0.3636127060876765,7.405286895715382,0.3645473008067367,-0.2,0.5541794034842163,8.124013600006336,0.0,0.0,0.13687246355712643,0.2072924706356647,0.0,0.45666493419279114,0.15,low,uncertain_prediction,7.667348665813544,True,pass,False,,0.2901134521880065,0.8290113452188006,0.9643435980551054,0.9829821717990276,0.08914100486223663,0.49270664505672607,0.49027552674230146,0.419773095623987,0.6376012965964344,0.5343192868719612,8.889135155922057,405,0.0,8.083531810059897,0,372,0,33,advance,CNc1cc2c(Nc3cccc(C(F)(F)F)c3)ncnc2cn1
Nc1nccc2ncnc(Nc3cccc(Br)c3NCCC(=O)O)c12,7.524279103214501,0.14348753965913177,0.494988071422727,403.2400000000002,2.9997,126.05,4,7,3,6,0.125,0,0.0,2.554933333333335,False,,1,aniline,0,,0,,0.6833333333333333,0.5741711087420043,0.771220197712735,0.22784810126582278,Afatinib,0.31666666666666665,0.7721518987341772,0.405628498042233,0.6239767726158332,0.88,0.7714531229680955,0.405628498042233,0.6702645984065404,0.88,0.474371501957767,0.525628498042233,-0.35284813381907654,7.309047793725803,0.1242480714227268,-0.2,0.5669506190484369,7.8002464841969665,0.0,0.0,0.06523130948869765,0.21796437744720876,0.0,0.2831956869359064,0.0,low,,7.51705079726106,True,pass,False,,0.22366288492706646,0.5494327390599676,0.6628849270664505,0.8079416531604539,0.13614262560777957,0.47487844408427876,0.8152350081037277,0.586709886547812,0.4715559157212318,0.4685575364667747,8.366113583062445,490,0.0,8.07931984102119,0,373,0,117,advance,O=C(O)CCNc1c(Br)cccc1Nc1ncnc2ccncc12
Nc1cncc2c(Nc3cccc(Br)c3NCCC(=O)O)ncnc12,8.054429657849647,0.252916914243409,0.494988071422727,403.2400000000002,2.9997000000000007,126.05,4,7,3,6,0.125,0,0.0,2.554933333333335,False,,1,aniline,0,,0,,0.7,0.5899141198768064,0.7998438543214661,0.225,Afatinib,0.30000000000000004,0.775,0.46156557449202557,0.6239767726158332,0.88,0.7936328907410996,0.46156557449202557,0.6897938094622396,0.88,0.41843442550797444,0.5815655744920256,-0.3043043132936188,7.675054286484534,0.1242480714227268,-0.2,0.5674609635803666,8.166763321487627,0.0,0.0,0.2293753713651135,0.14804303188496806,0.0,0.48991840325008157,0.15,low,uncertain_prediction,7.676844918237546,True,pass,False,,0.44246353322528365,0.5494327390599676,0.6628849270664505,0.7406807131280388,0.2293354943273906,0.747163695299838,0.49027552674230146,0.26418152350081037,0.5565640194489465,0.5153970826580228,8.834640144826363,418,0.0,8.070321417427174,0,374,0,44,advance,O=C(O)CCNc1c(Br)cccc1Nc1ncnc2ccncc12
COc1ccc([C@@H](CO)Nc2ncnc3[nH]c(-c4ccncc4OC)cc23)cc1,8.248542829222401,0.2611162234882857,0.44425965533433504,391.4310000000001,3.1826000000000016,105.18,3,7,4,7,0.19047619047619047,0,0.0,3.126206666666668,False,,0,,0,,0,,0.8448275862068966,0.6787592160585991,0.9613803928338165,0.2247191011235955,Osimertinib,0.15517241379310343,0.7752808988764045,0.5043543508638004,0.5741040924851664,1.0,0.9148555193444635,0.5043543508638004,0.7483284906733576,1.0,0.4956456491361996,0.5043543508638004,-0.32529885307940953,7.856868493989973,-0.005623725618046069,-0.0,0.542756954078272,8.394001722450199,0.0,0.0,0.2416743352324286,0.24455706142024947,0.0,0.598731396652678,0.15,low,uncertain_prediction,7.795270325797521,True,pass,False,,0.5380875202593193,0.2779578606158833,0.17017828200972449,0.06320907617504051,0.6774716369529984,0.4376012965964344,0.49027552674230146,0.2544570502431118,0.33589951377633714,0.39971636952998385,8.797081138981802,429,0.0,8.049929969233501,0,375,0,54,advance,COc1cnccc1-c1cc2c(N[C@H](CO)c3ccccc3)ncnc2[nH]1
C/C=C/C(=O)Cc1cc(N)c2ncnc(Nc3cccc(Br)c3)c2c1,8.220704009126665,0.3307079171474142,0.4926227266436487,397.27600000000007,4.405800000000003,80.9,2,5,3,5,0.10526315789473684,0,0.0,2.4151733333333336,False,,1,aniline,0,,0,,0.7166666666666667,0.6195212389949232,0.8536749799907692,0.25925925925925924,Sunvozertinib,0.2833333333333333,0.7407407407407407,0.4486804602784764,0.6280512176027248,0.88,0.825441420178262,0.4486804602784764,0.6955432745148658,0.88,0.4313195397215236,0.5686804602784764,-0.3291504189818525,7.724642133405544,0.14087304243312235,-0.2,0.5631409672199146,8.22865614305858,0.0,0.0,0.3460618757211213,0.16414942465190452,0.0,0.6227113003730258,0.15,low,uncertain_prediction,7.605944842685553,True,pass,False,,0.526742301458671,0.5413290113452188,0.7990275526742301,0.6588330632090762,0.40842787682333875,0.6175040518638574,0.49027552674230146,0.1507293354943274,0.5969205834683955,0.544165316045381,8.944960843220654,383,0.0,8.03394322194001,0,376,0,7,advance,C/C=C/C(=O)Cc1ccc2ncnc(Nc3cccc(Br)c3)c2c1
Nc1nc(CC(=O)/C=C\Cl)cc2c(Nc3cccc(Br)c3)ncnc12,8.079316280981212,0.31272128200797267,0.608789936010034,418.6820000000001,3.9772000000000016,93.78999999999999,2,6,3,5,0.058823529411764705,0,0.0,2.557880000000001,False,,1,aniline,0,,0,,0.7166666666666667,0.6083032799801895,0.8332786908730717,0.2875,Sunvozertinib,0.2833333333333333,0.7125,0.42592417283972217,0.6864544648055186,0.88,0.8030840181548038,0.42592417283972217,0.698865663950011,0.88,0.45407582716027783,0.5459241728397222,-0.3639219881470521,7.610234357969253,0.2309902889512103,-0.2,0.549569672718268,8.19079431963873,0.0,0.0,0.319081923011959,0.1925947839503473,0.0,0.6241767069623063,0.15,low,uncertain_prediction,7.566617612676424,True,pass,False,,0.4651539708265802,0.7423014586709886,0.6564019448946515,0.6588330632090762,0.3346839546191248,0.520259319286872,0.49027552674230146,0.17990275526742303,0.5880064829821718,0.5259319286871961,8.896402099217337,402,0.0,7.972735927101059,0,377,0,25,advance,O=C(/C=C\Cl)Cc1cc2c(Nc3cccc(Br)c3)ncnc2cn1
CNc1ncc2ncnc(Nc3cc(Br)ccc3N)c2n1,7.633334200726675,0.18847008931879874,0.6265576274927883,346.19200000000006,2.5497999999999994,101.64,3,7,3,3,0.07692307692307693,0,0.0,1.9000000000000001,False,,1,aniline,0,,0,,0.6470588235294118,0.5390644823586,0.7073899679247273,0.2714285714285714,Afatinib,0.3529411764705882,0.7285714285714286,0.4014044876585096,0.7215297720441105,0.88,0.7126853330864027,0.4014044876585096,0.6789048981972556,0.88,0.4785955123414904,0.5214044876585096,-0.3700005473849947,7.350629066748477,0.34924993518509595,-0.2,0.5542424499643751,8.054121451897947,0.0,0.0,0.1327051339781981,0.223244390426863,0.0,0.4684495244050611,0.15,low,uncertain_prediction,7.585671927492886,True,pass,False,,0.26742301458670986,0.793354943273906,0.9643435980551054,0.9384116693679092,0.022690437601296597,0.4683954619124797,0.49027552674230146,0.4327390599675851,0.6113452188006483,0.5092787682333872,8.787735714458725,430,0.0,7.97180644937295,0,378,0,52,advance,CNc1ncc2ncnc(Nc3cccc(Br)c3)c2n1
C/C=C/C(=O)Cc1cc2c(Nc3cccc(Br)c3)ncnc2c(Cl)n1,8.009408966829039,0.25201178394210655,0.4735681368327205,417.694,4.8720000000000026,67.77000000000001,1,5,3,5,0.1111111111111111,0,0.0,2.5512933333333336,False,,0,,0,,0,,0.7166666666666667,0.6193245258302327,0.8533173196913321,0.2911392405063291,Sunvozertinib,0.2833333333333333,0.7088607594936709,0.4509439929477851,0.6123358085913295,1.0,0.8172031796419168,0.4509439929477851,0.7201207452952578,1.0,0.5490560070522149,0.4509439929477851,-0.35890233646329706,7.631391290915879,0.10198524794383156,-0.0,0.5534875577709343,8.286864096630644,0.0,0.0,0.2280176759131598,0.31132000881526867,0.0,0.6518376847284284,0.15,low,uncertain_prediction,7.635026411902216,True,pass,False,,0.40842787682333875,0.45786061588330634,0.6880064829821718,0.6588330632090762,0.406807131280389,0.34359805510534847,0.49027552674230146,0.26904376012965964,0.5103322528363048,0.46341166936790923,8.89926280003421,399,0.0,7.966120415143708,0,379,0,20,advance,C/C=C/C(=O)Cc1cc2c(Nc3cccc(Br)c3)ncnc2cn1
CNc1nc(N)c2ncnc(Nc3cccc(Br)c3)c2n1,7.756870123802448,0.27484153414679696,0.6697853314381151,346.192,2.5498000000000003,101.64,3,7,3,3,0.07692307692307693,0,0.0,1.9000000000000001,False,,1,aniline,0,,0,,0.66,0.5846485671191554,0.7902701220348278,0.21333333333333335,Sunvozertinib,0.33999999999999997,0.7866666666666666,0.37182845704785406,0.7453050092140403,0.88,0.7893692581927875,0.37182845704785406,0.6966256811136704,0.88,0.508171542952146,0.49182845704785405,-0.43306296542108846,7.344607822582252,0.3924776391304228,-0.2,0.586567530508707,8.123652992221382,0.0,0.0,0.26226230122019545,0.26021442869018246,0.0,0.6349767299103779,0.15,low,uncertain_prediction,7.488676262311005,True,pass,False,,0.31766612641815234,0.8679092382495948,0.9643435980551054,0.9116693679092382,0.19286871961102106,0.4181523500810373,0.49027552674230146,0.23014586709886548,0.643517017828201,0.5347244732576986,8.895873413615224,404,0.0,7.905345630220243,0,380,0,24,advance,CNc1ncc2ncnc(Nc3cccc(Br)c3)c2n1
O=C(/C=C\Cl)Cc1ncc2ncnc(Nc3cccc(Br)c3)c2c1Cl,8.067033928425198,0.1553645823307898,0.5653993272818347,438.1120000000001,5.048400000000002,67.77,1,5,3,5,0.058823529411764705,1,0.45,2.687413333333334,False,,0,,0,,0,,0.6833333333333333,0.5958812166274854,0.8106931211408824,0.3116883116883117,Sunvozertinib,0.31666666666666665,0.6883116883116883,0.5330032744747467,0.6076075787229578,1.0,0.7800977629335839,0.5330032744747467,0.7301771540328221,1.0,0.4669967255252533,0.5330032744747467,-0.2628985060774338,7.833987054929014,-0.5318303197769889,-0.0,0.551666786778727,7.853823521930751,0.0,0.0,0.08304687349618471,0.20874590690656664,0.0,0.40429278040275135,0.15,low,uncertain_prediction,7.449530741528,True,pass,False,,0.45705024311183146,0.6628849270664505,0.5834683954619124,0.8079416531604539,0.26742301458670986,0.4878444084278768,0.49027552674230146,0.5510534846029174,0.5873581847649919,0.5277957860615884,8.558653343648741,471,0.0,7.857885684801907,0,381,0,90,advance,O=C(/C=C\Cl)Cc1cc2c(Nc3cccc(Br)c3)ncnc2cn1
COC(C)(C)COc1cncc(Cl)c1-c1[nH]c2c(c1Nc1cccc(F)c1C)C(=O)NCC2,8.651344166873143,0.26834173285195906,0.44952373159382286,472.94800000000026,5.010920000000003,88.27000000000001,3,5,4,7,0.3333333333333333,1,0.45,3.3196533333333353,False,,0,,0,,0,,0.7837837837837838,0.6776073279206962,0.9592860507649021,0.18446601941747573,Osimertinib,0.21621621621621623,0.8155339805825242,0.5999968287219144,0.5195590780176282,1.0,0.9233480332193077,0.5195590780176282,0.7607259849897126,1.0,0.48044092198237176,0.5195590780176282,-0.21430554169039762,8.248831567595204,-0.7150909350728442,-0.0,0.5817790041632801,8.11551963668564,0.0,0.0,0.25251259927793857,0.2255511524779647,0.0,0.5905637517559033,0.15,low,uncertain_prediction,7.524955884929737,True,pass,False,,0.6596434359805511,0.3492706645056726,0.01620745542949757,0.3233387358184765,0.6717990275526742,0.45948136142625606,0.49027552674230146,0.24473257698541329,0.4337925445705024,0.4586304700162075,8.636070690170243,459,0.0,7.850312448949186,0,382,0,77,advance,COC(C)(C)COc1cnccc1-c1[nH]c2c(c1Nc1cccc(F)c1C)C(=O)NCC2
C/C=C/C(=O)Cc1cc2c(Nc3cc(Br)ccc3N)ncnc2cn1,7.709679591760033,0.19854255379184607,0.5016795814655813,398.26400000000007,3.8008000000000015,93.79,2,6,3,5,0.1111111111111111,0,0.0,2.421760000000001,False,,1,aniline,0,,0,,0.711864406779661,0.5925470996677236,0.8046310903049518,0.29333333333333333,Afatinib,0.288135593220339,0.7066666666666667,0.4134401102857161,0.6327791544214543,0.88,0.7801399843953806,0.4134401102857161,0.6765898122756377,0.88,0.4665598897142839,0.533440110285716,-0.35086626931989556,7.4118657610722645,0.14952669257669235,-0.2,0.5428187895253904,7.904211243174347,0.0,0.0,0.1478138306877691,0.2081998621428549,0.0,0.468513692830624,0.15,low,uncertain_prediction,7.435697550343724,True,pass,False,,0.2965964343598055,0.5794165316045381,0.7763371150729336,0.6847649918962723,0.24716369529983792,0.48946515397082657,0.49027552674230146,0.39384116693679094,0.5027552674230146,0.4643841166936791,8.507517564081965,475,0.0,7.767958490376139,0,383,0,92,advance,C/C=C/C(=O)Cc1cc2c(Nc3cccc(Br)c3)ncnc2cn1
C=CC(=O)Cc1cc2c(Nc3ccc(N)c(Br)c3)ncnc2cn1,8.03453873725024,0.319624526846838,0.5173220354211839,384.237,3.4107000000000003,93.79,2,6,3,5,0.058823529411764705,0,0.0,2.328246666666667,False,,1,aniline,0,,0,,0.7192982456140351,0.5987703634085213,0.8159461152882205,0.39436619718309857,Sunvozertinib,0.2807017543859649,0.6056338028169015,0.4098975155197736,0.6449791707637025,0.88,0.7633680371703907,0.4098975155197736,0.6745611808634666,0.88,0.4701024844802264,0.5298975155197736,-0.35288488712492405,7.555101946979984,0.1739673883623604,-0.2,0.5119924591408098,8.041061794483154,0.0,0.0,0.329436790270257,0.212628105600283,0.0,0.6545648958705401,0.15,low,uncertain_prediction,7.386496898612614,True,pass,False,,0.42949756888168555,0.6021069692058347,0.8484602917341977,0.6442463533225283,0.2852512155591572,0.47974068071312803,0.49027552674230146,0.16531604538087522,0.5698136142625607,0.5022285251215559,8.724838131598228,441,0.0,7.764171128758481,0,384,0,57,advance,C=CC(=O)Cc1cc2c(Nc3cccc(Br)c3)ncnc2cn1
C/C=C/C(=O)Cc1cc2c(Nc3ccc(N)c(Br)c3)ncnc2cn1,8.068014583780405,0.3437422956419023,0.5016795814655813,398.264,3.8008000000000015,93.79,2,6,3,5,0.1111111111111111,0,0.0,2.42176,False,,1,aniline,0,,0,,0.7288135593220338,0.6080254617326076,0.8327735667865592,0.32894736842105265,Sunvozertinib,0.27118644067796616,0.6710526315789473,0.4013840389957697,0.6327791544214544,0.88,0.7923433329846562,0.4013840389957697,0.67662663160047,0.88,0.4786159610042303,0.5213840389957697,-0.3669901234729338,7.552401140317552,0.14952669257669246,-0.2,0.5315430794754088,8.033470912369653,0.0,0.0,0.3656134434628534,0.22326995125528792,0.0,0.7013833947181414,0.15,low,uncertain_prediction,7.3320875176515115,True,pass,False,,0.4586709886547812,0.5794165316045381,0.7820097244732577,0.5940032414910859,0.33225283630470015,0.46677471636953,0.49027552674230146,0.13776337115072934,0.5583873581847649,0.49793354943273904,8.70353574219137,446,0.0,7.704607776970799,0,385,0,61,advance,C/C=C/C(=O)Cc1cc2c(Nc3cccc(Br)c3)ncnc2cn1
Nc1ccc(Nc2ncnc3cnc(CC(=O)/C=C\Cl)cc23)cc1Br,8.060467253434316,0.329745181144734,0.48071716057006103,418.682,3.9772000000000016,93.78999999999999,2,6,3,5,0.058823529411764705,0,0.0,2.55788,False,,1,aniline,0,,0,,0.7241379310344828,0.6118228132021235,0.839677842185679,0.35135135135135137,Sunvozertinib,0.27586206896551724,0.6486486486486487,0.40929518655726527,0.6160144383135335,0.88,0.7919205438014214,0.40929518655726527,0.674307542168055,0.88,0.47070481344273474,0.5292951865572653,-0.35334980748105305,7.5658494817172155,0.10291751351123754,-0.2,0.5286519861754971,7.99741898140395,0.0,0.0,0.344617771717101,0.21338101680341842,0.0,0.6704987885205194,0.15,low,uncertain_prediction,7.32692019288343,True,pass,False,,0.4521880064829822,0.5105348460291734,0.6596434359805511,0.6239870340356564,0.36142625607779577,0.47811993517017826,0.49027552674230146,0.1539708265802269,0.5293354943273906,0.4812803889789303,8.632621574596818,460,0.0,7.679456659658147,0,386,0,74,advance,O=C(/C=C\Cl)Cc1cc2c(Nc3cccc(Br)c3)ncnc2cn1
CNc1cc2c(Nc3cc(C(F)(F)F)ccc3N)ncnc2cn1,7.493556921610043,0.21923852033725924,0.6362139674734034,334.305,3.4111000000000002,88.75,3,6,3,3,0.13333333333333333,0,0.0,1.9000000000000001,False,,1,aniline,0,,0,,0.660377358490566,0.5432765513202454,0.7150482751277188,0.3188405797101449,Afatinib,0.339622641509434,0.6811594202898551,0.34492226616642935,0.7268407590334487,0.88,0.7065760614182529,0.34492226616642935,0.6645847716545327,0.88,0.5350777338335706,0.4649222661664294,-0.4262166739841378,7.164699141104155,0.3645473008067367,-0.2,0.5359400835481315,7.8651865254590225,0.0,0.0,0.17885778050588885,0.29384716729196325,0.0,0.585204947797852,0.15,low,uncertain_prediction,7.279981577661171,True,pass,False,,0.21231766612641814,0.8290113452188006,0.9643435980551054,0.9035656401944895,0.03565640194489465,0.3679092382495948,0.49027552674230146,0.34359805510534847,0.5867098865478121,0.4814019448946515,8.569238389316396,470,0.0,7.6326639115347525,0,387,0,83,advance,CNc1cc2c(Nc3cccc(C(F)(F)F)c3)ncnc2cn1
COC(C)(C)COc1c(-c2[nH]c3c(c2Nc2cccc(F)c2C)C(=O)NCC3)ccnc1Cl,8.434269190260446,0.24693944079873692,0.4205116319349461,472.9480000000002,5.010920000000004,88.27,3,5,4,7,0.3333333333333333,1,0.45,3.319653333333335,False,,0,,0,,0,,0.76,0.6683538306017981,0.9424615101850873,0.18947368421052632,Afatinib,0.24,0.8105263157894737,0.5607096890059957,0.5036024232052461,1.0,0.9094777115861838,0.5036024232052461,0.7434474559493565,1.0,0.49639757679475394,0.5036024232052461,-0.24365035592448092,8.06386002906234,-0.7441030347317208,-0.0,0.5867732722831138,7.906530266613734,0.0,0.0,0.22040916119810539,0.24549697099344242,0.0,0.5784061321915478,0.15,low,uncertain_prediction,7.328124134422186,True,pass,False,,0.6110210696920584,0.19286871961102106,0.02106969205834684,0.4327390599675851,0.6345218800648298,0.43354943273906,0.49027552674230146,0.2852512155591572,0.4032414910858995,0.4277147487844409,8.390420055916813,488,0.0,7.616381832963516,0,388,0,100,advance,COC(C)(C)COc1cnccc1-c1[nH]c2c(c1Nc1cccc(F)c1C)C(=O)NCC2
Nc1c(Br)cccc1Nc1ncnc2cnc(CC(=O)/C=C\Cl)cc12,7.685053548947127,0.2191160617435654,0.4807171605700608,418.6820000000002,3.9772000000000007,93.78999999999999,2,6,3,5,0.058823529411764705,0,0.0,2.5578800000000013,False,,1,aniline,0,,0,,0.6833333333333333,0.5774764188109227,0.7772298523834957,0.30666666666666664,Afatinib,0.31666666666666665,0.6933333333333334,0.39288214401628596,0.6160144383135335,0.88,0.7562557226209552,0.39288214401628596,0.6612880762376936,0.88,0.48711785598371404,0.512882144016286,-0.35787457629521036,7.356379456331779,0.1029175135112371,-0.2,0.5448074630958739,7.80410443293889,0.0,0.0,0.1786740926153481,0.23389731997964258,0.0,0.5250714125949907,0.15,low,uncertain_prediction,7.279033020343899,True,pass,False,,0.28687196110210694,0.5072933549432739,0.6515397082658023,0.8079416531604539,0.15640194489465153,0.4505672609400324,0.49027552674230146,0.34521880064829824,0.489870340356564,0.43508914100486223,8.391948841366766,487,0.0,7.576139989549734,0,389,0,98,advance,O=C(/C=C\Cl)Cc1cc2c(Nc3cccc(Br)c3)ncnc2cn1
Nc1ccc(Br)cc1Nc1ncnc2cnc(CC(=O)/C=C\Cl)cc12,7.732547371708034,0.24354380884898755,0.4807171605700608,418.6820000000002,3.9772000000000007,93.78999999999999,2,6,3,5,0.058823529411764705,0,0.0,2.5578800000000013,False,,1,aniline,0,,0,,0.7068965517241379,0.5959181048836222,0.8107601906974947,0.2857142857142857,Sunvozertinib,0.2931034482758621,0.7142857142857143,0.38765617673271735,0.6160144383135335,0.88,0.7866415715945496,0.38765617673271735,0.6675780466602002,0.88,0.49234382326728265,0.5076561767327173,-0.3732291599033105,7.367231658434553,0.1029175135112371,-0.2,0.548872313684226,7.8190214856300155,0.0,0.0,0.2153157132734813,0.24042977908410335,0.0,0.5682454923575846,0.15,low,uncertain_prediction,7.2507759932724305,True,pass,False,,0.3047001620745543,0.5072933549432739,0.6515397082658023,0.7074554294975689,0.2698541329011345,0.44408427876823336,0.49027552674230146,0.2901134521880065,0.47779578606158835,0.43833063209076173,8.39237642890392,486,0.0,7.551772751781344,0,390,0,96,advance,O=C(/C=C\Cl)Cc1cc2c(Nc3cccc(Br)c3)ncnc2cn1
C=CC(=O)Cc1cc2c(Nc3cccc(Br)c3N)ncnc2cn1,7.664770415167733,0.2720375957489354,0.5173220354211839,384.2370000000001,3.4107000000000003,93.79,2,6,3,5,0.058823529411764705,0,0.0,2.3282466666666672,False,,1,aniline,0,,0,,0.6779661016949152,0.5665520919758208,0.7573674399560377,0.3157894736842105,Sunvozertinib,0.3220338983050848,0.6842105263157895,0.3507662867676785,0.6449791707637025,0.88,0.7390782115459756,0.3507662867676785,0.6537059172693391,0.88,0.5292337132323215,0.4707662867676785,-0.4039195073355475,7.2567140215443295,0.17396738836236034,-0.2,0.5395202721210344,7.770201682027724,0.0,0.0,0.25805639362340305,0.28654214154040186,0.0,0.657098535163805,0.15,low,uncertain_prediction,7.113103146863919,True,pass,False,,0.2787682333873582,0.6021069692058347,0.8427876823338736,0.8346839546191248,0.0940032414910859,0.37925445705024313,0.49027552674230146,0.23824959481361427,0.5392220421393841,0.4499594813614263,8.417268132594986,484,0.0,7.428054524497631,0,391,0,93,advance,C=CC(=O)Cc1cc2c(Nc3cccc(Br)c3)ncnc2cn1
O=C(/C=C\Cl)Cc1cc2c(Nc3cc(Cl)cc(Br)c3)ncnc2cn1,7.918926129052822,0.19705739264500793,0.5653993272818347,438.1120000000001,5.048400000000003,67.77000000000001,1,5,3,5,0.058823529411764705,1,0.45,2.687413333333334,False,,0,,0,,0,,0.75,0.6320078714545928,0.8763779480992595,0.3424657534246575,Sunvozertinib,0.25,0.6575342465753424,0.46679135741169986,0.6076075787229578,1.0,0.8216670227182803,0.46679135741169986,0.7240164897132345,1.0,0.5332086425883001,0.46679135741169986,-0.34296684306871283,7.62334004008531,-0.5318303197769889,-0.0,0.5288547609974177,7.620364481305739,0.0,0.0,0.1455860889675119,0.2915108032353752,0.0,0.5495968922028871,0.15,low,uncertain_prediction,7.070767589102852,True,pass,False,,0.3711507293354943,0.6628849270664505,0.5834683954619124,0.47974068071312803,0.4659643435980551,0.3711507293354943,0.49027552674230146,0.4019448946515397,0.483063209076175,0.469935170178282,8.20004033219715,497,0.0,7.40968979331679,0,392,0,105,advance,O=C(/C=C\Cl)Cc1cc2c(Nc3cccc(Br)c3)ncnc2cn1
C=CC(=O)Cc1cc2c(Nc3cc(Br)ccc3N)ncnc2cn1,7.767998980209868,0.3181214365581248,0.5173220354211839,384.2370000000001,3.410700000000001,93.79,2,6,3,5,0.058823529411764705,0,0.0,2.3282466666666672,False,,1,aniline,0,,0,,0.7017543859649122,0.5810773729194783,0.7837770416717785,0.32432432432432434,Sunvozertinib,0.29824561403508776,0.6756756756756757,0.3443147394617797,0.6449791707637025,0.88,0.7567517001727528,0.3443147394617797,0.6565114025995588,0.88,0.5356852605382203,0.4643147394617797,-0.4162622175170386,7.290816825372681,0.17396738836236034,-0.2,0.5328574894364368,7.797641703171478,0.0,0.0,0.3271821548371872,0.2946065756727754,0.0,0.7342887305099626,0.15,low,uncertain_prediction,7.063352972661516,True,pass,False,,0.32576985413290116,0.6021069692058347,0.8427876823338736,0.7285251215559158,0.17504051863857376,0.36304700162074555,0.49027552674230146,0.1685575364667747,0.5391410048622367,0.4564424635332253,8.444610909006162,479,0.0,7.386083928901386,0,393,0,86,advance,C=CC(=O)Cc1cc2c(Nc3cccc(Br)c3)ncnc2cn1
C/C=C/C(=O)Cc1cc2c(Nc3cccc(Br)c3N)ncnc2cn1,7.795994362949462,0.3354306923820582,0.5016795814655813,398.26400000000007,3.8008000000000015,93.79,2,6,3,5,0.1111111111111111,0,0.0,2.421760000000001,False,,1,aniline,0,,0,,0.6885245901639344,0.5746632316234264,0.7721149665880478,0.32,Afatinib,0.3114754098360656,0.6799999999999999,0.33919710606992476,0.6327791544214543,0.88,0.7490862249410357,0.33919710606992476,0.6502656213581037,0.88,0.5408028939300753,0.4591971060699247,-0.41475802038423865,7.292848324376375,0.14952669257669235,-0.2,0.5371926760732415,7.7795676930263085,0.0,0.0,0.3531460385730873,0.3010036174125941,0.0,0.7666496559856815,0.15,low,uncertain_prediction,7.012918037040627,True,pass,False,,0.33063209076175043,0.5794165316045381,0.7763371150729336,0.7844408427876823,0.14181523500810372,0.3549432739059968,0.49027552674230146,0.14424635332252836,0.5380064829821719,0.448095623987034,8.425175472604915,481,0.0,7.325632785825069,0,394,0,87,advance,C/C=C/C(=O)Cc1cc2c(Nc3cccc(Br)c3)ncnc2cn1
C/C=C/C(=O)Cc1ccc2ncnc(Nc3ccc(N)c(Br)c3)c2c1,7.635669735533291,0.2771474453924072,0.4926227266436487,397.27600000000007,4.405800000000003,80.9,2,5,3,5,0.10526315789473684,0,0.0,2.4151733333333336,False,,1,aniline,0,,0,,0.7288135593220338,0.6128640259461718,0.8415709562657668,0.32098765432098764,Osimertinib,0.27118644067796616,0.6790123456790124,0.33991422210863775,0.6280512176027248,0.88,0.8009313036190782,0.33991422210863775,0.6622241858326101,0.88,0.5400857778913623,0.45991422210863775,-0.4297466182986299,7.21994856744468,0.14087304243312235,-0.2,0.5361303410752302,7.696951950953032,0.0,0.0,0.2657211680886108,0.30010722236420284,0.0,0.6783283904528137,0.15,low,uncertain_prediction,7.0186235605002185,True,pass,False,,0.26904376012965964,0.5413290113452188,0.7990275526742301,0.5940032414910859,0.36547811993517015,0.3581847649918963,0.49027552674230146,0.2252836304700162,0.46799027552674227,0.4338735818476499,8.258540281585123,495,0.0,7.314271858717399,0,395,0,100,advance,C/C=C/C(=O)Cc1ccc2ncnc(Nc3cccc(Br)c3)c2c1
C/C=C/C(=O)Cc1ccc2ncnc(Nc3cc(Br)ccc3N)c2c1,7.393238661505518,0.19609411449898842,0.4926227266436487,397.27600000000007,4.405800000000003,80.9,2,5,3,5,0.10526315789473684,0,0.0,2.4151733333333336,False,,1,aniline,0,,0,,0.711864406779661,0.597340570086194,0.8133464910658071,0.3108108108108108,Afatinib,0.288135593220339,0.6891891891891893,0.33604378522708767,0.6280512176027248,0.88,0.7823071655966527,0.33604378522708767,0.6566005421066163,0.88,0.5439562147729123,0.45604378522708766,-0.42740900917270486,7.099097489757035,0.14087304243312235,-0.2,0.5397543964723611,7.579724928662518,0.0,0.0,0.14414117174848262,0.30494526846614045,0.0,0.5615864402146231,0.15,low,uncertain_prediction,7.018138488447895,True,pass,False,,0.17179902755267423,0.5413290113452188,0.7990275526742301,0.6847649918962723,0.27633711507293357,0.3500810372771475,0.49027552674230146,0.4051863857374392,0.4423824959481361,0.41304700162074554,8.11058392380028,503,0.0,7.28879489039279,0,396,0,107,advance,C/C=C/C(=O)Cc1ccc2ncnc(Nc3cccc(Br)c3)c2c1
COc1cc(C(N)=O)ccc1-c1[nH]c2ncnc(N[C@H](C)c3ccccc3)c2c1N,7.349078402752006,0.17203100996271195,0.39026395185598045,402.45800000000014,3.487700000000001,131.94,4,6,4,6,0.13636363636363635,0,0.0,3.0997200000000014,False,,1,aniline,0,,0,,0.6923076923076923,0.5839627705207707,0.7890232191286739,0.24719101123595505,Osimertinib,0.3076923076923077,0.752808988764045,0.34184789371410323,0.5454251735207892,0.88,0.7799696615375167,0.34184789371410323,0.6368106821931023,0.88,0.5381521062858967,0.4618478937141033,-0.39328371797199885,7.091031887807938,-0.06105768450765612,-0.2,0.5615600398729204,7.3915342431732025,0.0,0.0,0.10804651494406792,0.2976901328573709,0.0,0.5182366478014389,0.15,low,uncertain_prediction,6.873297595371763,True,pass,False,,0.16369529983792544,0.08914100486223663,0.24878444084278767,0.7706645056726094,0.18881685575364668,0.35980551053484605,0.49027552674230146,0.49108589951377635,0.28294165316045383,0.2928687196110211,7.7310642269657475,540,0.0,6.999740058904989,0,397,0,143,advance,COc1cc(C(N)=O)ccc1-c1cc2c(N[C@H](C)c3ccccc3)ncnc2[nH]1
CNc1cc2c(Nc3cccc(C(F)(F)F)c3)ncnc2c(OC)n1,7.584149232947503,0.1155135237716483,0.7456970005963534,349.3160000000001,3.837500000000002,71.96000000000001,2,6,3,4,0.1875,0,0.0,2.0,False,,0,,0,,0,,0.625,0.549692295000825,0.7267132636378635,0.2716049382716049,Osimertinib,0.375,0.7283950617283951,0.44017784159672196,0.7832102734049173,1.0,0.7271337131604964,0.44017784159672196,0.7376304570405339,1.0,0.5598221584032781,0.4401778415967219,-0.39660348725841593,7.410878947290031,0.46444700059635335,-0.0,0.5689468344279844,8.444272782314368,0.0,0.0,0.023270285657472432,0.3247776980040976,0.0,0.49804798366157005,0.2,low,agents_strongly_disagree,7.946224798652798,False,review,False,,0.25283630470016205,0.9578606158833063,0.9092382495948136,0.9773095623987034,0.05186385737439222,0.3192868719611021,0.3184764991896272,0.6969205834683955,0.6371961102106969,0.5119935170178281,9.208908114567205,304,0.75,7.510617019074191,1,398,94,0,review,CNc1cc2c(Nc3cccc(C(F)(F)F)c3)ncnc2cn1
CNc1ncc2ncnc(Nc3cc(Br)ccc3C)c2n1,7.487650819757806,0.07432258729878571,0.758824450581554,345.20400000000006,3.2760200000000017,75.62,2,6,3,3,0.14285714285714285,0,0.0,1.9000000000000001,False,,0,,0,,0,,0.66,0.544873889180897,0.7179525257834489,0.2753623188405797,Afatinib,0.33999999999999997,0.7246376811594203,0.4448868938303015,0.7942765247429315,1.0,0.7196238146274417,0.4448868938303015,0.7396968083001687,1.0,0.5551131061696986,0.44488689383030144,-0.39307988595982285,7.376166938809628,0.48811016486726827,-0.0,0.5498794357936883,8.414156539470584,0.0,0.0,0.0,0.3188913827121232,0.0,0.4688913827121232,0.2,low,agents_strongly_disagree,7.9452651567584605,False,review,False,,0.20907617504051865,0.986223662884927,0.9643435980551054,0.9116693679092382,0.04051863857374392,0.33063209076175043,0.3184764991896272,0.8638573743922204,0.6183144246353323,0.5104132901134522,9.156133849032983,317,0.75,7.507761104894602,1,399,82,0,review,CNc1ncc2ncnc(Nc3cccc(Br)c3)c2n1
CNc1cc2c(Nc3cc(OC)cc(C(F)(F)F)c3)ncnc2cn1,7.671291327547604,0.14343280980582954,0.7456970005963534,349.31600000000003,3.837500000000002,71.96000000000001,2,6,3,4,0.1875,0,0.0,2.0,False,,0,,0,,0,,0.6792452830188679,0.5616176689910553,0.7483957618019186,0.29577464788732394,Afatinib,0.3207547169811321,0.704225352112676,0.4424198650228204,0.7832102734049173,1.0,0.7373531593796079,0.4424198650228204,0.7407458244518363,1.0,0.5575801349771796,0.4424198650228204,-0.3977679459053547,7.45614211283886,0.46444700059635335,-0.0,0.5427061687257919,8.463295282161004,0.0,0.0,0.0651492147087443,0.3219751687214745,0.0,0.5371243834302188,0.2,low,agents_strongly_disagree,7.926170898730786,False,review,False,,0.2820097244732577,0.9578606158833063,0.9092382495948136,0.8298217179902755,0.07779578606158834,0.3241491085899514,0.3184764991896272,0.5883306320907618,0.6208265802269044,0.5036466774716369,9.20828717843329,305,0.75,7.480546911696749,1,400,95,0,review,CNc1cc2c(Nc3cccc(C(F)(F)F)c3)ncnc2cn1
CNc1cc2c(Nc3cc(C(F)(F)F)ccc3C)ncnc2cn1,7.427296425882982,0.048830959164875634,0.7542240902317288,333.317,4.1373200000000026,62.730000000000004,2,5,3,3,0.1875,0,0.0,1.9000000000000001,False,,0,,0,,0,,0.6730769230769231,0.5518267135914195,0.7305940247116718,0.3235294117647059,Afatinib,0.32692307692307687,0.6764705882352942,0.44764243505533263,0.7917463265505278,1.0,0.7170631655925774,0.44764243505533263,0.7391129817996095,1.0,0.5523575649446674,0.44764243505533263,-0.3886273956590358,7.354049987135669,0.4879740902317287,-0.0,0.5327050672638908,8.374729144631289,0.0,0.0,0.0,0.31544695618083424,0.0,0.46544695618083426,0.2,low,agents_strongly_disagree,7.9092821884504545,False,review,False,,0.17828200972447325,0.9692058346839546,0.9643435980551054,0.8565640194489466,0.05672609400324149,0.3371150729335494,0.3184764991896272,0.9497568881685575,0.590032414910859,0.49967585089141,9.08276804252432,343,0.75,7.458893209520145,1,401,58,0,review,CNc1cc2c(Nc3cccc(C(F)(F)F)c3)ncnc2cn1
CNc1cc2c(Nc3cccc(C(F)(F)F)c3)ncnc2c(Cl)n1,7.617540449488728,0.12178997628312198,0.6795619857840922,353.73500000000007,4.482300000000002,62.730000000000004,2,5,3,3,0.13333333333333333,0,0.0,1.9249000000000005,False,,0,,0,,0,,0.6481481481481481,0.5533493061794948,0.7333623748718087,0.28378378378378377,Sunvozertinib,0.35185185185185186,0.7162162162162162,0.4441321289739966,0.7497244767966353,1.0,0.7290758352079105,0.4441321289739966,0.7307331102446357,1.0,0.5558678710260034,0.44413212897399656,-0.3821346416941854,7.434855485064045,0.40416031911742545,-0.0,0.5565387919161504,8.39555459609762,0.0,0.0,0.03268496442468296,0.3198348387825043,0.0,0.5025198032071873,0.2,low,agents_strongly_disagree,7.8930347928904325,False,review,False,,0.26094003241491087,0.8905996758508914,0.9181523500810372,0.93354943273906,0.06320907617504051,0.3273905996758509,0.3184764991896272,0.6742301458670988,0.6199756888168557,0.5016612641815235,9.139525422677847,323,0.75,7.44502830990826,1,402,79,0,review,CNc1cc2c(Nc3cccc(C(F)(F)F)c3)ncnc2cn1
CNc1nc(OC)c2ncnc(Nc3cccc(Br)c3)c2n1,7.493925297463374,0.11321658948955084,0.738997939513238,361.2030000000001,2.9762000000000004,84.85000000000001,2,7,3,4,0.14285714285714285,0,0.0,2.0746866666666675,False,,0,,0,,0,,0.6346153846153846,0.580960890960891,0.7835652562925289,0.25316455696202533,Osimertinib,0.3653846153846154,0.7468354430379747,0.41922971172315787,0.7766532257066399,1.0,0.7743828029788904,0.41922971172315787,0.7425664351021721,1.0,0.5807702882768422,0.4192297117231578,-0.43111563117201884,7.324100413229048,0.4420806537989522,-0.0,0.5843650239076016,8.350546090935602,0.0,0.0,0.019824884234326247,0.35096286034605273,0.0,0.520787744580379,0.2,low,agents_strongly_disagree,7.829758346355223,False,review,False,,0.21393841166936792,0.9489465153970826,0.8857374392220422,0.960291734197731,0.17341977309562398,0.293354943273906,0.3184764991896272,0.7082658022690438,0.6109805510534847,0.505064829821718,9.083722752199783,341,0.75,7.385836142141283,1,403,62,0,review,CNc1ncc2ncnc(Nc3cccc(Br)c3)c2n1
CNc1cc2c(Nc3cccc(C(F)(F)F)c3OC)ncnc2cn1,7.569086291375693,0.14033621184185804,0.7456970005963534,349.31600000000003,3.837500000000002,71.96000000000001,2,6,3,4,0.1875,0,0.0,2.0,False,,0,,0,,0,,0.5964912280701754,0.5476977885326343,0.7230868882411532,0.36231884057971014,Afatinib,0.4035087719298246,0.6376811594202898,0.4190362245546226,0.7832102734049173,1.0,0.7017354560359375,0.4190362245546226,0.7259954884988693,1.0,0.5809637754453774,0.41903622455462264,-0.4092790185923291,7.358581973612906,0.46444700059635335,-0.0,0.5536550172547963,8.376683991464056,0.0,0.0,0.06050431776278706,0.3512047193067217,0.0,0.5617090370695088,0.2,low,agents_strongly_disagree,7.814974954394547,False,review,False,,0.24959481361426256,0.9578606158833063,0.9092382495948136,0.9951377633711507,0.04538087520259319,0.2917341977309562,0.3184764991896272,0.6094003241491086,0.6393030794165315,0.5050243111831442,9.143847686763893,322,0.75,7.371004127814318,1,404,82,0,review,CNc1cc2c(Nc3cccc(C(F)(F)F)c3)ncnc2cn1
CNc1cc2c(Nc3cccc(C(F)(F)F)c3)ncnc2c(C)n1,7.529564318424245,0.13685918406023576,0.7542240902317288,333.31700000000006,4.1373200000000026,62.730000000000004,2,5,3,3,0.1875,0,0.0,1.9000000000000001,False,,0,,0,,0,,0.660377358490566,0.5693378389604804,0.7624324344736007,0.25333333333333335,Sunvozertinib,0.339622641509434,0.7466666666666666,0.4115896507638962,0.7917463265505278,1.0,0.7584909925218671,0.4115896507638962,0.7404567424590728,1.0,0.5884103492361038,0.4115896507638962,-0.4384894555935688,7.324275542333892,0.4879740902317287,-0.0,0.5674382972976455,8.379687929863266,0.0,0.0,0.055288776090353625,0.3605129365451298,0.0,0.5658017126354834,0.2,low,agents_strongly_disagree,7.8138862172277825,False,review,False,,0.22690437601296595,0.9692058346839546,0.9643435980551054,0.9035656401944895,0.10696920583468396,0.28687196110210694,0.3184764991896272,0.6320907617504052,0.6213128038897894,0.5030794165316046,9.125263294531013,329,0.75,7.367581517065707,1,405,76,0,review,CNc1cc2c(Nc3cccc(C(F)(F)F)c3)ncnc2cn1
CNc1ncc2ncnc(Nc3cccc(Br)c3C)c2n1,7.447868296944908,0.11011572866925287,0.758824450581554,345.20400000000006,3.2760200000000017,75.62,2,6,3,3,0.14285714285714285,0,0.0,1.9000000000000001,False,,0,,0,,0,,0.6274509803921569,0.5415268084634983,0.7118669244790877,0.2753623188405797,Afatinib,0.37254901960784315,0.7246376811594203,0.4098860641677501,0.7942765247429315,1.0,0.7150596136491709,0.4098860641677501,0.7298055506399632,1.0,0.5901139358322499,0.4098860641677501,-0.4265593152962841,7.282694703941029,0.48811016486726827,-0.0,0.5630050942911274,8.333809963099425,0.0,0.0,0.015173593003879299,0.3626424197903124,0.0,0.5278160127941918,0.2,low,agents_strongly_disagree,7.805993950305233,False,review,False,,0.1880064829821718,0.986223662884927,0.9643435980551054,0.9756888168557536,0.03079416531604538,0.2787682333873582,0.3184764991896272,0.7277147487844409,0.6216369529983793,0.4975283630470016,9.07977430669748,345,0.75,7.353027985961633,1,406,61,0,review,CNc1ncc2ncnc(Nc3cccc(Br)c3)c2n1
CNc1ncc2ncnc(Nc3cc(Br)ccc3OC)c2n1,7.492290257688698,0.11227865418999958,0.738997939513238,361.2030000000001,2.9762000000000004,84.85000000000001,2,7,3,4,0.14285714285714285,0,0.0,2.0746866666666675,False,,0,,0,,0,,0.6346153846153846,0.5386727720164253,0.7066777673025914,0.3026315789473684,Osimertinib,0.3653846153846154,0.6973684210526316,0.4194775064891747,0.7766532257066399,1.0,0.7043504307401014,0.4194775064891747,0.7251202907339789,1.0,0.5805224935108253,0.4194775064891747,-0.4075237123264057,7.323872276403698,0.4420806537989522,-0.0,0.5503030450645142,8.316255975267165,0.0,0.0,0.018417981284999357,0.3506531168885316,0.0,0.519071098173531,0.2,low,agents_strongly_disagree,7.797184877093634,False,review,False,,0.2106969205834684,0.9489465153970826,0.8857374392220422,0.960291734197731,0.02106969205834684,0.29497568881685576,0.3184764991896272,0.7163695299837926,0.6095218800648299,0.48942463533225283,9.047682231344961,352,0.75,7.334494439492337,1,407,55,0,review,CNc1ncc2ncnc(Nc3cccc(Br)c3)c2n1
CNc1cc2c(Nc3cc(C(F)(F)F)ccc3Cl)ncnc2cn1,7.302907125260583,0.04418707185482054,0.7264465867289771,353.735,4.482300000000001,62.730000000000004,2,5,3,3,0.13333333333333333,0,0.0,1.9249000000000003,False,,0,,0,,0,,0.660377358490566,0.5471043025164176,0.7220078227571228,0.323943661971831,Sunvozertinib,0.339622641509434,0.676056338028169,0.41979583101677126,0.775511007316322,1.0,0.7105199515748843,0.41979583101677126,0.7264566974769944,1.0,0.5802041689832287,0.4197958310167713,-0.4088811552802975,7.236626517478352,0.4510449200623104,-0.0,0.5361490457769768,8.223820483317638,0.0,0.0,0.0,0.35025521122903586,0.0,0.5002552112290359,0.2,low,agents_strongly_disagree,7.723565272088602,False,review,False,,0.15721231766612642,0.9286871961102107,0.9238249594813615,0.9035656401944895,0.04376012965964344,0.29821717990275526,0.3184764991896272,0.9611021069692058,0.5757698541329012,0.48330632090761755,8.91474430827712,391,0.75,7.253532857177742,1,408,17,0,review,CNc1cc2c(Nc3cccc(C(F)(F)F)c3)ncnc2cn1
CNc1ncc2ncnc(Nc3cccc(C(F)(F)F)c3)c2c1C,7.2764990999832335,0.0946597185884488,0.7542240902317288,333.31700000000006,4.137320000000002,62.730000000000004,2,5,3,3,0.1875,0,0.0,1.9000000000000001,False,,0,,0,,0,,0.6415094339622641,0.5888541351360441,0.7979166093382619,0.2676056338028169,Afatinib,0.3584905660377359,0.7323943661971831,0.37786297198389424,0.7917463265505278,1.0,0.7815360485529922,0.37786297198389424,0.7377863367718536,1.0,0.6221370280161058,0.3778629719838942,-0.47989781971727913,7.1345095221005606,0.4879740902317287,-0.0,0.5805182169107016,8.203001829242991,0.0,0.0,0.0,0.4026712850201323,0.0,0.5526712850201323,0.2,low,agents_strongly_disagree,7.650330544222859,False,review,False,,0.15235008103727715,0.9692058346839546,0.9643435980551054,0.9457050243111832,0.22366288492706646,0.22852512155591573,0.3184764991896272,0.7925445705024311,0.5961912479740681,0.4987844408427877,8.918431326811874,390,0.75,7.1988718732342045,1,409,19,0,review,CNc1cc2c(Nc3cccc(C(F)(F)F)c3)ncnc2cn1
Cc1nccc2ncnc(Nc3cccc(Br)c3NCCC(=O)O)c12,7.608682634243723,0.11970982011233282,0.5778289525438194,402.2520000000002,3.7259200000000012,100.03000000000002,3,6,3,6,0.17647058823529413,0,0.0,2.548346666666668,False,,0,,0,,0,,0.6833333333333333,0.5787391774891775,0.7795257772530498,0.24358974358974358,Afatinib,0.31666666666666665,0.7564102564102564,0.44337378448229786,0.6697925905657673,1.0,0.7737468970423514,0.44337378448229786,0.7217283180226042,1.0,0.5566262155177022,0.4433737844822978,-0.3711393780537417,7.429117904075224,0.2132240113673486,-0.0,0.5643045212363393,8.206646436678913,0.0,0.0,0.02956473016849922,0.32078276939712774,0.0,0.500347499565627,0.2,low,agents_strongly_disagree,7.706298937113286,False,review,False,,0.2593192868719611,0.6815235008103727,0.6993517017828201,0.8079416531604539,0.16045380875202594,0.32576985413290116,0.3184764991896272,0.6839546191247974,0.5194894651539709,0.4454213938411669,8.830033794863677,421,0.75,7.190804609722686,1,410,0,11,review,O=C(O)CCNc1c(Br)cccc1Nc1ncnc2ccncc12
CNc1cc2c(Nc3cc(F)cc(C(F)(F)F)c3)ncnc2cn1,8.276752640651738,0.3493543028525403,0.7083112602196698,337.28,3.9680000000000017,62.730000000000004,2,5,3,3,0.13333333333333333,0,0.0,1.9000000000000001,False,,0,,0,,0,,0.72,0.6209466083482256,0.8562665606331373,0.3142857142857143,Sunvozertinib,0.28,0.6857142857142857,0.4496401481661563,0.7664942700438953,1.0,0.8136284919034245,0.4496401481661563,0.757440727528369,1.0,0.5503598518338437,0.4496401481661563,-0.41040077248295026,7.752721186372927,0.4366445935530031,-0.0,0.5457809258725701,8.7351467057985,0.0,0.0,0.37403145427881046,0.31294981479230466,0.0,0.9494812690711151,0.35,medium,uncertain_prediction;agents_strongly_disagree,7.785665436727386,False,review,False,,0.5494327390599676,0.9116693679092382,0.9643435980551054,0.6377633711507293,0.41166936790923825,0.34035656401944897,0.1458670988654781,0.12965964343598055,0.7017828200972447,0.5580632090761751,9.577286089915194,207,0.75,7.180341287618795,1,411,204,0,review,CNc1cc2c(Nc3cccc(C(F)(F)F)c3)ncnc2cn1
CNc1cc2c(Nc3cc(C(F)(F)F)ccc3OC)ncnc2cn1,7.290132028112798,0.07545720201183186,0.7456970005963534,349.31600000000003,3.837500000000002,71.96000000000001,2,6,3,4,0.1875,0,0.0,2.0,False,,0,,0,,0,,0.6481481481481481,0.5369838968852768,0.7036070852459577,0.3333333333333333,Afatinib,0.35185185185185186,0.6666666666666667,0.39471296561991726,0.7832102734049173,1.0,0.694371980601135,0.39471296561991726,0.7180738049064923,1.0,0.6052870343800827,0.3947129656199173,-0.4311477857154336,7.17694622509505,0.46444700059635335,-0.0,0.5342351046448228,8.175628330336226,0.0,0.0,0.0,0.38160879297510336,0.0,0.5316087929751034,0.2,low,agents_strongly_disagree,7.644019537361122,False,review,False,,0.15559157212317667,0.9578606158833063,0.9092382495948136,0.93354943273906,0.019448946515397084,0.25121555915721233,0.3184764991896272,0.8589951377633711,0.5846839546191249,0.4764991896272285,8.877249075879176,407,0.75,7.165818564913796,1,412,5,0,review,CNc1cc2c(Nc3cccc(C(F)(F)F)c3)ncnc2cn1
Cc1ccc(Br)cc1Nc1ncnc2cnc(CC(=O)/C=C\Cl)cc12,7.466360754318799,0.07229058023569247,0.6092838055589441,417.69400000000024,4.703420000000002,67.77000000000001,1,5,3,5,0.1111111111111111,0,0.0,2.551293333333335,False,,0,,0,,0,,0.7068965517241379,0.606345231921245,0.8297186034931726,0.2972972972972973,Afatinib,0.2931034482758621,0.7027027027027026,0.4409867824147151,0.6869794263907525,1.0,0.7979646282955551,0.4409867824147151,0.7314827092752557,1.0,0.5590132175852849,0.4409867824147151,-0.3873279024807207,7.357924883965261,0.23770091667005497,-0.0,0.5501370134082418,8.145762814043557,0.0,0.0,0.0,0.3237665219816061,0.0,0.4737665219816061,0.2,low,agents_strongly_disagree,7.6719962920619516,False,review,False,,0.19773095623987033,0.7463533225283631,0.6742301458670988,0.7074554294975689,0.3273905996758509,0.3225283630470016,0.3184764991896272,0.873581847649919,0.48087520259319283,0.4499594813614263,8.722813057155388,442,0.75,7.161947669695663,1,413,0,29,review,O=C(/C=C\Cl)Cc1cc2c(Nc3cccc(Br)c3)ncnc2cn1
CNc1ncc2ncnc(Nc3cc(Br)ccc3Cl)c2n1,7.365417234633376,0.11192515455767711,0.7381261856806935,365.62200000000007,3.6210000000000013,75.62,2,6,3,3,0.07692307692307693,0,0.0,2.004146666666667,False,,0,,0,,0,,0.6470588235294118,0.5398581331522508,0.7088329693677287,0.2727272727272727,Osimertinib,0.3529411764705882,0.7272727272727273,0.3880067004679699,0.7788868380218175,1.0,0.7134429088439784,0.3880067004679699,0.7200841118334415,1.0,0.6119932995320301,0.3880067004679699,-0.4427698818206286,7.19752950279686,0.44519649337300116,-0.0,0.554213589935515,8.196939586105376,0.0,0.0,0.01788773183651566,0.3899916244150376,0.0,0.5578793562515533,0.2,low,agents_strongly_disagree,7.639060229853823,False,review,False,,0.16531604538087522,0.9392220421393841,0.8970826580226904,0.9384116693679092,0.02593192868719611,0.24149108589951376,0.3184764991896272,0.7196110210696921,0.5844813614262561,0.46859805510534847,8.898317219816883,401,0.75,7.15137789598024,1,414,13,0,review,CNc1ncc2ncnc(Nc3cccc(Br)c3)c2n1
CNc1ncc2ncnc(Nc3cc(Cl)cc(Br)c3)c2n1,8.05419396469599,0.2721778141519528,0.7381261856806935,365.62200000000007,3.6210000000000013,75.62,2,6,3,3,0.07692307692307693,0,0.0,2.004146666666667,False,,0,,0,,0,,0.6938775510204082,0.5790144920182259,0.7800263491240469,0.28169014084507044,Sunvozertinib,0.30612244897959184,0.7183098591549295,0.44802402126763063,0.7788868380218175,1.0,0.7645972266317675,0.44802402126763063,0.7478770214803039,1.0,0.5519759787323694,0.44802402126763063,-0.39980400028356433,7.645927243468061,0.44519649337300116,-0.0,0.548254647068307,8.639378383909369,0.0,0.0,0.2582667212279292,0.31496997341546173,0.0,0.8357366946433908,0.35,medium,uncertain_prediction;agents_strongly_disagree,7.803641689265978,False,review,False,,0.44084278768233387,0.9392220421393841,0.8970826580226904,0.7585089141004863,0.1620745542949757,0.3387358184764992,0.1458670988654781,0.2366288492706645,0.6724878444084279,0.515194489465154,9.446363797199483,242,0.75,7.146875076624163,1,415,173,0,review,CNc1ncc2ncnc(Nc3cccc(Br)c3)c2n1
C=CC(=O)Cc1cc2c(Nc3cc(Br)ccc3C)ncnc2cn1,7.511968184709964,0.1350615653998853,0.6711836604087291,383.2490000000001,4.1369200000000035,67.77000000000001,1,5,3,5,0.1111111111111111,0,0.0,2.3216600000000005,False,,0,,0,,0,,0.7017543859649122,0.5907477025898078,0.8013594592541959,0.3333333333333333,Osimertinib,0.29824561403508776,0.6666666666666667,0.40844895039757134,0.7298563978401855,1.0,0.7676862611073136,0.40844895039757134,0.7264979023362677,1.0,0.5915510496024287,0.40844895039757134,-0.42406526925159516,7.309375836610136,0.33404577151984016,-0.0,0.5345503911293386,8.177971999259315,0.0,0.0,0.05259234809982796,0.36443881200303585,0.0,0.5670311601028638,0.2,low,agents_strongly_disagree,7.610940839156451,False,review,False,,0.2171799027552674,0.8752025931928687,0.8565640194489466,0.7285251215559158,0.23500810372771475,0.2755267423014587,0.3184764991896272,0.6385737439222042,0.5469611021069692,0.46977309562398695,8.834325321787677,420,0.75,7.124668553905235,1,416,0,4,review,C=CC(=O)Cc1cc2c(Nc3cccc(Br)c3)ncnc2cn1
CNc1ncc2ncnc(Nc3cccc(Br)c3Cl)c2n1,7.4073018309583505,0.1429968874566534,0.7381261856806935,365.62200000000007,3.6210000000000013,75.62,2,6,3,3,0.07692307692307693,0,0.0,2.004146666666667,False,,0,,0,,0,,0.6153846153846154,0.5352282582882668,0.7004150150695759,0.2714285714285714,Afatinib,0.3846153846153846,0.7285714285714286,0.37672763651993024,0.7788868380218175,1.0,0.7074541184450391,0.37672763651993024,0.7157671482466967,1.0,0.6232723634800698,0.37672763651993024,-0.4520526823023553,7.19280649977337,0.44519649337300116,-0.0,0.5667521054157456,8.204755098562117,0.0,0.0,0.06449533118498009,0.4040904543500872,0.0,0.6185857855350674,0.2,low,agents_strongly_disagree,7.5861693130270496,False,review,False,,0.17504051863857376,0.9392220421393841,0.8970826580226904,0.9870340356564019,0.017828200972447326,0.22690437601296595,0.3184764991896272,0.5915721231766613,0.598581847649919,0.4677066450567261,8.92305331574202,388,0.75,7.09741728709512,1,417,29,0,review,CNc1ncc2ncnc(Nc3cccc(Br)c3)c2n1
C/C=C/C(=O)Cc1cc2c(Nc3cccc(Cl)c3)ncnc2cn1,8.066132440352412,0.2778782595568855,0.7089430774282438,338.79800000000006,4.109500000000002,67.77000000000001,1,5,3,5,0.1111111111111111,0,0.0,2.1,False,,0,,0,,0,,0.7857142857142857,0.6597320767012,0.9267855940021817,0.375,Sunvozertinib,0.2142857142857143,0.625,0.44701832839828315,0.7591494618163033,1.0,0.8513391955016363,0.44701832839828315,0.7643767464290556,1.0,0.5529816716017169,0.44701832839828315,-0.4231445573743634,7.6493150510170835,0.40505418853935493,-0.0,0.5156249699291169,8.569994209485555,0.0,0.0,0.2668173893353282,0.31622708950214606,0.0,0.8455444788374742,0.35,medium,uncertain_prediction;agents_strongly_disagree,7.7244497306480815,False,review,False,,0.4554294975688817,0.9189627228525121,0.8768233387358185,0.31523500810372773,0.5915721231766613,0.3354943273905997,0.1458670988654781,0.22204213938411668,0.5833063209076175,0.5120745542949757,9.269961794574696,280,0.75,7.063939195802051,1,418,138,0,review,C/C=C/C(=O)Cc1cc2c(Nc3cccc(Br)c3)ncnc2cn1
O=C(O)CCNc1c(Br)cccc1Nc1ncnc2ccnc(Cl)c12,7.619948901816019,0.13118971566460633,0.5147897125061323,422.67000000000013,4.070900000000002,100.03,3,6,3,6,0.125,0,0.0,2.6844666666666677,False,,0,,0,,0,,0.6833333333333333,0.5741711087420043,0.771220197712735,0.22784810126582278,Afatinib,0.31666666666666665,0.7721518987341772,0.4381544244887804,0.6298856239296549,1.0,0.7714531229680955,0.4381544244887804,0.7098732928466327,1.0,0.5618455755112196,0.4381544244887804,-0.36229182447713637,7.4231643283191096,0.12461971250613212,-0.0,0.5669506190484369,8.11473465987368,0.0,0.0,0.04678457349690948,0.32730696938902454,0.0,0.5240915428859341,0.2,low,agents_strongly_disagree,7.590643116987746,False,review,False,,0.26418152350081037,0.593192868719611,0.5940032414910859,0.8079416531604539,0.13614262560777957,0.31442463533225284,0.3184764991896272,0.6482982171799028,0.4882090761750405,0.4177471636952998,8.700585551283728,448,0.75,7.041939713422106,1,419,0,29,review,O=C(O)CCNc1c(Br)cccc1Nc1ncnc2ccncc12
Cc1c(Br)cccc1Nc1ncnc2cnc(CC(=O)/C=C\Cl)cc12,7.540596718327212,0.142845791433031,0.6092838055589441,417.69400000000024,4.703420000000002,67.77000000000001,1,5,3,5,0.1111111111111111,0,0.0,2.551293333333335,False,,0,,0,,0,,0.6833333333333333,0.5877314355333307,0.7958753373333285,0.32432432432432434,Afatinib,0.31666666666666665,0.6756756756756757,0.4101571255786812,0.6869794263907525,1.0,0.7658254219189153,0.4101571255786812,0.7157404934720872,1.0,0.5898428744213188,0.4101571255786812,-0.40744449052454135,7.326328031177665,0.23770091667005497,-0.0,0.5441715370360348,8.108200484883755,0.0,0.0,0.06426868714954649,0.3623035930266485,0.0,0.576572280176195,0.2,low,agents_strongly_disagree,7.53162820470756,False,review,False,,0.2366288492706645,0.7463533225283631,0.6742301458670988,0.8079416531604539,0.20826580226904376,0.2820097244732577,0.3184764991896272,0.593192868719611,0.5184764991896272,0.4416936790923825,8.730372283911308,440,0.75,7.011660619618419,1,420,0,20,review,O=C(/C=C\Cl)Cc1cc2c(Nc3cccc(Br)c3)ncnc2cn1
CNc1ncc2ncnc(Nc3cccc(Br)c3F)c2n1,7.718291492928196,0.20449091738954167,0.7568683410750366,349.16700000000003,3.106700000000001,75.62,2,6,3,3,0.07692307692307693,0,0.0,1.9000000000000001,False,,0,,0,,0,,0.6153846153846154,0.5623313934847486,0.7496934426995427,0.3088235294117647,Afatinib,0.3846153846153846,0.6911764705882353,0.4114292310593698,0.793200664514347,1.0,0.735064199671716,0.4114292310593698,0.7349235238113582,1.0,0.5885707689406302,0.4114292310593698,-0.431325723669318,7.411555116843884,0.4795606487673443,-0.0,0.5678532249282793,8.458968990539507,0.0,0.0,0.1567363760843125,0.3607134611757878,0.0,0.7799498372601003,0.35,medium,uncertain_prediction;agents_strongly_disagree,7.679019153279406,False,review,False,,0.3014586709886548,0.9781199351701783,0.9643435980551054,0.9870340356564019,0.08103727714748785,0.2852512155591572,0.1458670988654781,0.37763371150729336,0.6733387358184766,0.5023905996758509,9.26697547352168,283,0.75,7.006887872890427,1,421,138,0,review,CNc1ncc2ncnc(Nc3cccc(Br)c3)c2n1
C/C=C/C(=O)Cc1cc2c(Nc3cc(Br)ccc3Cl)ncnc2cn1,7.410147467575338,0.10056849822151222,0.5997362677398425,417.6940000000001,4.8720000000000026,67.77000000000001,1,5,3,5,0.1111111111111111,0,0.0,2.5512933333333336,False,,0,,0,,0,,0.711864406779661,0.5976674273686964,0.8139407770339933,0.325,Osimertinib,0.288135593220339,0.675,0.4071389181387759,0.6817282805902467,1.0,0.7792055827754949,0.4071389181387759,0.7170181953761294,1.0,0.5928610818612241,0.4071389181387759,-0.4131723696498045,7.259294720243069,0.22815337885095352,-0.0,0.5356462112076509,8.023094310301673,0.0,0.0,0.000852747332268318,0.36607635232653013,0.0,0.5169290996587985,0.2,low,agents_strongly_disagree,7.506165210642874,False,review,False,,0.1766612641815235,0.7220421393841167,0.6880064829821718,0.6847649918962723,0.2787682333873582,0.26904376012965964,0.3184764991896272,0.766612641815235,0.46405996758508916,0.4235413290113452,8.57996627140378,467,0.75,6.964414805456488,1,422,0,45,review,C/C=C/C(=O)Cc1cc2c(Nc3cccc(Br)c3)ncnc2cn1
CNc1nc(C)c2ncnc(Nc3cccc(Br)c3)c2n1,7.619209592423846,0.19083386632057628,0.758824450581554,345.20400000000006,3.276020000000001,75.62,2,6,3,3,0.14285714285714285,0,0.0,1.9000000000000001,False,,0,,0,,0,,0.673469387755102,0.5768961443925769,0.7761748079865033,0.21621621621621623,Sunvozertinib,0.326530612244898,0.7837837837837838,0.396218691681558,0.7942765247429315,1.0,0.7780770519358234,0.396218691681558,0.7421430670900782,1.0,0.603781308318442,0.396218691681558,-0.46123250054469367,7.332958792942981,0.48811016486726827,-0.0,0.576117612641965,8.397186570452215,0.0,0.0,0.1362507994808644,0.3797266353980525,0.0,0.7784774348789169,0.35,medium,uncertain_prediction;agents_strongly_disagree,7.618709135573298,False,review,False,,0.2625607779578606,0.986223662884927,0.9643435980551054,0.8525121555915721,0.1539708265802269,0.2576985413290113,0.1458670988654781,0.4213938411669368,0.6305510534846029,0.48521069692058344,9.153847834633739,319,0.75,6.925961971877998,1,423,104,0,review,CNc1ncc2ncnc(Nc3cccc(Br)c3)c2n1
C=CC(=O)Cc1cc2c(Nc3cc(Br)ccc3Cl)ncnc2cn1,7.389084094422111,0.12146854640024737,0.6361068818426235,403.66700000000003,4.481900000000002,67.77000000000001,1,5,3,5,0.058823529411764705,0,0.0,2.4577800000000005,False,,0,,0,,0,,0.7017543859649122,0.5860952940664316,0.7929005346662391,0.38028169014084506,Sunvozertinib,0.29824561403508776,0.619718309859155,0.38724304112535446,0.7053287850134429,1.0,0.749604978464468,0.38724304112535446,0.7105442011508163,1.0,0.6127569588746455,0.38724304112535446,-0.4310682133672824,7.20688127482174,0.2733222347837999,-0.0,0.5183511529400958,7.998554662545636,0.0,0.0,0.03220281960037105,0.3909461985933069,0.0,0.573149018193678,0.2,low,agents_strongly_disagree,7.425405644351958,False,review,False,,0.17017828200972449,0.8217179902755267,0.7423014586709886,0.7285251215559158,0.19611021069692058,0.23987034035656402,0.3184764991896272,0.6774716369529984,0.49797406807131284,0.4307131280388979,8.596123544231212,464,0.75,6.892261397998635,1,424,0,40,review,C=CC(=O)Cc1cc2c(Nc3cccc(Br)c3)ncnc2cn1
C/C=C/C(=O)Cc1cc2c(Nc3cccc(F)c3)ncnc2cn1,8.085485872634942,0.338912630798101,0.7270384852039005,322.343,3.595200000000001,67.77000000000001,1,5,3,5,0.1111111111111111,0,0.0,2.1,False,,0,,0,,0,,0.7857142857142857,0.654138856362217,0.9166161024767581,0.3561643835616438,Sunvozertinib,0.2142857142857143,0.6438356164383562,0.4091326266000649,0.7691019360929146,1.0,0.8484209809671576,0.4091326266000649,0.7566638859150343,1.0,0.5908673733999351,0.4091326266000649,-0.46337501241995915,7.577116926437791,0.4231495963150116,-0.0,0.5187332819792678,8.51899980473207,0.0,0.0,0.35836894619715154,0.3635842167499189,0.0,0.9844531629470704,0.35,medium,uncertain_prediction;agents_strongly_disagree,7.534546641785,False,review,False,,0.47487844408427876,0.93354943273906,0.8768233387358185,0.31523500810372773,0.5607779578606159,0.2771474878444084,0.1458670988654781,0.14100486223662884,0.5949756888168557,0.507131280388979,9.232970631312297,293,0.75,6.868104178251775,1,425,132,0,review,C/C=C/C(=O)Cc1cc2c(Nc3cccc(Br)c3)ncnc2cn1
O=C(O)CCNc1c(F)cccc1Nc1ncnc2ccncc12,7.872702833921653,0.2315786369709578,0.6398222153549276,327.3190000000001,2.7941000000000003,100.03,3,6,3,6,0.125,0,0.0,2.2,False,,0,,0,,0,,0.7857142857142857,0.6637005649717513,0.9340010272213659,0.352112676056338,Afatinib,0.2142857142857143,0.647887323943662,0.4310706626007428,0.7172868338298255,1.0,0.8624726014019399,0.4310706626007428,0.7527075244581272,1.0,0.5689293373992572,0.4310706626007428,-0.42884914914317906,7.525334878465216,0.32232221535492755,-0.0,0.5242950254170116,8.371952119237156,0.0,0.0,0.19736795545643668,0.3361616717490715,0.0,0.7960296272055082,0.35,medium,uncertain_prediction;agents_strongly_disagree,7.575922492031648,False,review,False,,0.3549432739059968,0.833063209076175,0.8679092382495948,0.31523500810372773,0.6134521880064829,0.3079416531604538,0.1458670988654781,0.3160453808752026,0.5195705024311184,0.47228525121555914,8.995436722154498,371,0.75,6.867664793490318,1,426,55,0,review,O=C(O)CCNc1c(Br)cccc1Nc1ncnc2ccncc12
C=CC(=O)Cc1cc2c(Nc3cc(Br)ccc3F)ncnc2cn1,7.9088197434058864,0.25045647877856636,0.6714894018025247,387.21200000000005,3.9676000000000027,67.77000000000001,1,5,3,5,0.058823529411764705,0,0.0,2.3480800000000004,False,,0,,0,,0,,0.7017543859649122,0.5858369883040936,0.7924308878256247,0.4,Sunvozertinib,0.29824561403508776,0.6,0.4268854007064752,0.7290084017606193,1.0,0.7443231658692185,0.4268854007064752,0.7250542420840782,1.0,0.5731145992935248,0.4268854007064752,-0.39755845517013744,7.533135025238037,0.3251597547437011,-0.0,0.5123182482721956,8.370613028253935,0.0,0.0,0.22568471816784952,0.34139324911690605,0.0,0.8295779672847555,0.35,medium,uncertain_prediction;agents_strongly_disagree,7.541035060969179,False,review,False,,0.3679092382495948,0.8816855753646677,0.8314424635332253,0.7285251215559158,0.19448946515397084,0.30307941653160453,0.1458670988654781,0.27228525121555913,0.6123176661264181,0.476580226904376,9.105394227605636,335,0.75,6.83793133325443,1,427,92,0,review,C=CC(=O)Cc1cc2c(Nc3cccc(Br)c3)ncnc2cn1
COc1cnccc1-c1cc2c(N(C)[C@H](CO)c3ccccc3)ncnc2[nH]1,7.453845255863347,0.13129459829537227,0.5381351855853095,375.432,3.1983000000000006,87.16,2,6,4,6,0.19047619047619047,0,0.0,2.9195466666666667,False,,0,,0,,0,,0.6615384615384615,0.5868201822351702,0.7942185131548548,0.22,Lazertinib,0.3384615384615385,0.78,0.3965550951590761,0.6336840956616638,1.0,0.7906638848661411,0.3965550951590761,0.7052257689217203,1.0,0.6034449048409238,0.39655509515907617,-0.4115608983501921,7.256903358420288,0.11925080463292854,-0.0,0.584862320596406,7.961016483649622,0.0,0.0,0.04694189744305839,0.3793061310511548,0.0,0.5762480284942132,0.2,low,agents_strongly_disagree,7.38476845515541,False,review,False,,0.19448946515397084,0.6256077795786061,0.5081037277147488,0.8897893030794165,0.20421393841166938,0.2593192868719611,0.3184764991896272,0.646677471636953,0.4668152350081038,0.4025121555915721,8.521194765659347,473,0.75,6.8177830418652965,1,428,0,45,review,COc1cnccc1-c1cc2c(N[C@H](CO)c3ccccc3)ncnc2[nH]1
C=CC(=O)Cc1cc2c(Nc3ccc(C)c(Br)c3)ncnc2cn1,7.777412344979059,0.21769001635963858,0.6711836604087291,383.249,4.136920000000003,67.77000000000001,1,5,3,5,0.1111111111111111,0,0.0,2.3216600000000005,False,,0,,0,,0,,0.7192982456140351,0.6068556808688388,0.8306466924887976,0.39436619718309857,Sunvozertinib,0.2807017543859649,0.6056338028169015,0.4169700747930177,0.7298563978401855,1.0,0.7743934700708236,0.4169700747930177,0.7303049856760067,1.0,0.5830299252069824,0.4169700747930176,-0.4177798811773186,7.4508773204396,0.33404577151984016,-0.0,0.5156676034409541,8.300590695400395,0.0,0.0,0.17653502453945785,0.353787406508728,0.0,0.7928224310481857,0.35,medium,uncertain_prediction;agents_strongly_disagree,7.507768264352209,False,review,False,,0.3273905996758509,0.8752025931928687,0.8565640194489466,0.6442463533225283,0.33063209076175043,0.2884927066450567,0.1458670988654781,0.3500810372771475,0.5797001620745543,0.47358184764991895,8.99623088988986,370,0.75,6.801066481532111,1,429,59,0,review,C=CC(=O)Cc1cc2c(Nc3cccc(Br)c3)ncnc2cn1
O=C(O)CCNc1c(Nc2ncnc3ccncc23)ccc(F)c1Br,8.179960954727372,0.32881973471933135,0.575732072056867,406.2150000000001,3.556600000000002,100.03,3,6,3,6,0.125,0,0.0,2.5747666666666675,False,,0,,0,,0,,0.7288135593220338,0.6153758943808152,0.8461379897833002,0.3116883116883117,Sunvozertinib,0.27118644067796616,0.6883116883116883,0.43981642437831114,0.6676231524517897,1.0,0.8066814144153972,0.43981642437831114,0.7285302478113745,1.0,0.5601835756216889,0.43981642437831114,-0.38495176457741787,7.686731352648375,0.20201707205686692,-0.0,0.5400619022444163,8.428810326949659,0.0,0.0,0.343229602078997,0.32522946952711107,0.0,0.930959071606108,0.35,medium,uncertain_prediction;agents_strongly_disagree,7.497851255343551,False,review,False,,0.5121555915721232,0.673419773095624,0.6434359805510534,0.5940032414910859,0.3752025931928687,0.31766612641815234,0.1458670988654781,0.15559157212317667,0.5804700162074554,0.4700567260940033,9.125374346398605,328,0.75,6.786919326656355,1,430,102,0,review,O=C(O)CCNc1c(Br)cccc1Nc1ncnc2ccncc12
O=C(O)CCNc1c(Nc2ncnc3ccncc23)ccc(Cl)c1Br,8.158551416034475,0.3112575841329117,0.5503062816290117,422.67000000000013,4.070900000000002,100.03,3,6,3,6,0.125,0,0.0,2.6844666666666677,False,,0,,0,,0,,0.7288135593220338,0.6153758943808152,0.8461379897833002,0.2948717948717949,Sunvozertinib,0.27118644067796616,0.7051282051282051,0.44675754511558063,0.6494197369472385,1.0,0.8108855436195264,0.44675754511558063,0.7267657064205864,1.0,0.5532424548844194,0.44675754511558063,-0.37334421507334103,7.691665039835108,0.1601362816290116,-0.0,0.5451068572893714,8.39690817875349,0.0,0.0,0.31688637619936755,0.31655306860552423,0.0,0.8959394448048917,0.35,medium,uncertain_prediction;agents_strongly_disagree,7.500968733948598,False,review,False,,0.5056726094003241,0.6353322528363047,0.5940032414910859,0.5940032414910859,0.3752025931928687,0.33225283630470015,0.1458670988654781,0.18314424635332252,0.5625202593192868,0.46029173419773095,9.071932489936634,348,0.75,6.778318814985875,1,431,83,0,review,O=C(O)CCNc1c(Br)cccc1Nc1ncnc2ccncc12
CNc1ncc2ncnc(Nc3cccc(Br)c3OC)c2n1,7.516111298178409,0.17957925907458136,0.738997939513238,361.2030000000001,2.9762000000000004,84.85000000000001,2,7,3,4,0.14285714285714285,0,0.0,2.0746866666666675,False,,0,,0,,0,,0.5925925925925926,0.5526138084064305,0.7320251061935099,0.28169014084507044,Afatinib,0.40740740740740744,0.7183098591549295,0.3783223431923952,0.7766532257066399,1.0,0.7285962944338648,0.3783223431923952,0.7208929658332249,1.0,0.6216776568076048,0.3783223431923952,-0.4567608301877729,7.2467424095665365,0.4420806537989522,-0.0,0.5818325676281897,8.270655630993678,0.0,0.0,0.11936888861187203,0.402097071009506,0.0,0.7839659596213779,0.35,medium,uncertain_prediction;agents_strongly_disagree,7.4866896713723,False,review,False,,0.2188006482982172,0.9489465153970826,0.8857374392220422,0.9967585089141004,0.06158833063209076,0.23014586709886548,0.1458670988654781,0.4619124797406807,0.6204619124797407,0.46308752025931926,9.015209925969367,362,0.75,6.767394695683484,1,432,70,0,review,CNc1ncc2ncnc(Nc3cccc(Br)c3)c2n1
COc1nccc2ncnc(Nc3cccc(Br)c3NCCC(=O)O)c12,7.427329605409913,0.13633251735722685,0.5356891007155609,418.2510000000002,3.426100000000001,109.26,3,7,3,7,0.17647058823529413,0,0.0,2.7550066666666684,False,,0,,0,,0,,0.6612903225806451,0.556589674934696,0.7392539544267199,0.25316455696202533,Afatinib,0.33870967741935487,0.7468354430379747,0.3863996392024194,0.6386672105217637,1.0,0.7411493265795336,0.3863996392024194,0.6915540440759292,1.0,0.6136003607975806,0.3863996392024194,-0.4068725398313463,7.222830829374073,0.14008515953909,-0.0,0.5612834763567821,7.924199465269945,0.0,0.0,0.05449877603584026,0.3920004509969758,0.0,0.596499227032816,0.2,low,agents_strongly_disagree,7.327700238237129,False,review,False,,0.17990275526742303,0.6175040518638574,0.5688816855753647,0.8946515397082658,0.06807131280388978,0.23824959481361427,0.3184764991896272,0.6337115072933549,0.46871961102106974,0.38711507293354946,8.486662998495229,477,0.75,6.742238325757389,1,433,0,44,review,O=C(O)CCNc1c(Br)cccc1Nc1ncnc2ccncc12
CNc1ncc2ncnc(Nc3cccc(C(F)(F)F)c3)c2c1OC,7.429857885295248,0.16106866680863244,0.7456970005963534,349.3160000000001,3.837500000000002,71.96000000000001,2,6,3,4,0.1875,0,0.0,2.0,False,,0,,0,,0,,0.6071428571428571,0.56072820941242,0.7467785625680362,0.275,Osimertinib,0.3928571428571429,0.725,0.3697164045577693,0.7832102734049173,1.0,0.7413339219260272,0.3697164045577693,0.7235651499721785,1.0,0.6302835954422308,0.3697164045577692,-0.47179832721921217,7.1882548850823,0.46444700059635335,-0.0,0.5809803549277234,8.233682240606376,0.0,0.0,0.09160300021294865,0.4128544943027885,0.0,0.7669574945157371,0.35,medium,uncertain_prediction;agents_strongly_disagree,7.466724746090638,False,review,False,,0.18152350081037277,0.9578606158833063,0.9092382495948136,0.9918962722852512,0.07455429497568881,0.2188006482982172,0.1458670988654781,0.5251215559157212,0.6080226904376014,0.45842787682333874,8.963309469131497,378,0.75,6.741838198278645,1,434,56,0,review,CNc1cc2c(Nc3cccc(C(F)(F)F)c3)ncnc2cn1
[2H]C([2H])([2H])Oc1ccccc1-c1cc2c(N(C)[C@H](CO)c3ccccc3)ncnc2[nH]1,7.904231415649231,0.22927975779637474,0.5345442692088925,377.462305334,3.803300000000002,74.27000000000001,2,5,4,6,0.18181818181818182,0,0.0,2.93308203556,False,,0,,0,,0,,0.6666666666666666,0.6101070171658407,0.8365582130288012,0.21951219512195122,Afatinib,0.33333333333333337,0.7804878048780488,0.4405620234548454,0.6311885005433524,1.0,0.8225406109911131,0.4405620234548454,0.7235727837473278,1.0,0.5594379765451546,0.4405620234548454,-0.37734768038997635,7.560311778954668,0.11276378205671073,-0.0,0.593285894720615,8.266361455731994,0.0,0.0,0.1939196366945621,0.32429747068144327,0.0,0.7807171073760053,0.35,medium,uncertain_prediction;agents_strongly_disagree,7.485644348355989,False,review,False,,0.36628849270664504,0.6110210696920584,0.45705024311183146,0.8792544570502431,0.34846029173419774,0.3209076175040519,0.1458670988654781,0.31766612641815234,0.5314424635332253,0.4325769854132901,8.904092411971865,397,0.75,6.729736730851936,1,435,38,0,review,[2H]C([2H])([2H])Oc1ccccc1-c1cc2c(N[C@H](CO)c3ccccc3)ncnc2[nH]1
OCc1ccc(-c2[nH]c3ncnc(N[C@H](CO)c4ccccc4)c3c2F)cc1,7.3443039459695845,0.035581588455790465,0.4125713732623113,378.40700000000004,3.4018000000000015,94.06,4,5,4,6,0.14285714285714285,0,0.0,2.9393800000000003,False,,0,,0,,0,,0.6491228070175439,0.5572072242387578,0.7403767713431959,0.189873417721519,Afatinib,0.3508771929824561,0.810126582278481,0.4361688745733428,0.5638611783711943,1.0,0.7578142240770172,0.4361688745733428,0.6894610692553886,1.0,0.5638311254266573,0.43616887457334275,-0.33772292624272776,7.290931563285898,-0.01404991245197446,-0.0,0.5860269043614486,7.862908555195372,0.0,0.0,0.0,0.32978890678332157,0.0,0.4797889067833216,0.2,low,agents_strongly_disagree,7.383119648412051,False,review,False,,0.16045380875202594,0.15964343598055106,0.4327390599675851,0.9303079416531604,0.0713128038897893,0.3095623987034036,0.3184764991896272,0.9789303079416531,0.35510534846029174,0.32726904376012966,8.289034973347722,493,0.75,6.725842500924207,1,436,0,57,review,OCc1ccc(-c2cc3c(N[C@H](CO)c4ccccc4)ncnc3[nH]2)cc1
COc1cc2ncnc(Nc3cccc(Br)c3NCCC(=O)O)c2cn1,7.836139631795807,0.19939575394397027,0.5356891007155609,418.2510000000002,3.426100000000001,109.26000000000002,3,7,3,7,0.17647058823529413,0,0.0,2.7550066666666684,False,,0,,0,,0,,0.6935483870967742,0.5892172343785247,0.7985767897791357,0.2948717948717949,Afatinib,0.30645161290322576,0.7051282051282051,0.44445788018817256,0.6386672105217637,1.0,0.7752146436164031,0.44445788018817256,0.7145849335815848,1.0,0.5555421198118274,0.44445788018817256,-0.3601694045245497,7.537046000879852,0.14008515953909,-0.0,0.549085884789697,8.226217045208639,0.0,0.0,0.1490936309159554,0.3194276497647843,0.0,0.7310212806807397,0.35,medium,uncertain_prediction;agents_strongly_disagree,7.4951957645278995,False,review,False,,0.3371150729335494,0.6175040518638574,0.5688816855753647,0.7633711507293355,0.2252836304700162,0.32901134521880065,0.1458670988654781,0.3905996758508914,0.5132090761750405,0.4165316045380875,8.842067936618687,416,0.75,6.720033689973604,1,437,21,0,review,O=C(O)CCNc1c(Br)cccc1Nc1ncnc2ccncc12
CNc1nc(F)c2ncnc(Nc3cccc(Br)c3)c2n1,7.5804056982836565,0.21169689672415867,0.7080203310666161,349.16700000000003,3.106700000000001,75.62,2,6,3,3,0.07692307692307693,0,0.0,1.9000000000000001,False,,0,,0,,0,,0.66,0.5719566664272546,0.7671939389586446,0.2465753424657534,Sunvozertinib,0.33999999999999997,0.7534246575342466,0.37191359686400305,0.7663342590097157,1.0,0.763751618602545,0.37191359686400305,0.7254998686190659,1.0,0.628086403135997,0.37191359686400305,-0.4714483623400839,7.262860353197419,0.43071263875892374,-0.0,0.5708258819999351,8.264398873956278,0.0,0.0,0.167545345086238,0.4101080039199962,0.0,0.8401533490062342,0.35,medium,uncertain_prediction;agents_strongly_disagree,7.424245524950043,False,review,False,,0.25121555915721233,0.9084278768233387,0.9643435980551054,0.9116693679092382,0.12155591572123177,0.22204213938411668,0.1458670988654781,0.35980551053484605,0.6217179902755268,0.4661669367909238,9.01046046228691,364,0.75,6.7086458490991525,1,438,74,0,review,CNc1ncc2ncnc(Nc3cccc(Br)c3)c2n1
C/C=C/C(=O)Cc1cc2c(Nc3cc(Br)ccc3C)ncnc2cn1,7.531222707915423,0.1525638962935204,0.6412175592087311,397.27600000000007,4.527020000000004,67.77000000000001,1,5,3,5,0.15789473684210525,0,0.0,2.4151733333333336,False,,0,,0,,0,,0.7241379310344828,0.6065677013317011,0.8301230933303656,0.2972972972972973,Afatinib,0.27586206896551724,0.7027027027027026,0.40101094957339145,0.7097783755135201,1.0,0.7982679956734499,0.40101094957339145,0.7272643301900904,1.0,0.5989890504266085,0.40101094957339145,-0.4350045074889318,7.302376863475142,0.2947310328929416,-0.0,0.542479515177885,8.139587411545968,0.0,0.0,0.0788458444402806,0.3737363130332607,0.0,0.7150821574735413,0.35,medium,uncertain_prediction;agents_strongly_disagree,7.424505254072426,False,review,False,,0.22852512155591573,0.839546191247974,0.7990275526742301,0.6239870340356564,0.32901134521880065,0.26418152350081037,0.1458670988654781,0.5575364667747164,0.5153970826580226,0.43857374392220416,8.758063910735595,439,0.75,6.675793746779071,1,439,0,0,review,C/C=C/C(=O)Cc1cc2c(Nc3cccc(Br)c3)ncnc2cn1
C=CC(=O)Cc1cc2c(Nc3ccc(Cl)c(Br)c3)ncnc2cn1,7.9740825256451044,0.2966902390213356,0.6361068818426235,403.66700000000003,4.481900000000002,67.77000000000001,1,5,3,5,0.058823529411764705,0,0.0,2.4577800000000005,False,,0,,0,,0,,0.7192982456140351,0.6038394878324844,0.8251627051499716,0.45588235294117646,Sunvozertinib,0.2807017543859649,0.5441176470588236,0.4108374640963412,0.7053287850134429,1.0,0.7549014406271846,0.4108374640963412,0.7177669224342422,1.0,0.5891625359036587,0.41083746409634125,-0.40923927778386787,7.529047167113101,0.2733222347837999,-0.0,0.4958417598788242,8.298211161775725,0.0,0.0,0.2950353585320034,0.36145316987957343,0.0,0.9189885284115769,0.35,medium,uncertain_prediction;agents_strongly_disagree,7.379222633364149,False,review,False,,0.39384116693679094,0.8217179902755267,0.7423014586709886,0.6442463533225283,0.3160453808752026,0.28363047001620745,0.1458670988654781,0.19773095623987033,0.5817666126418153,0.4645056726094003,8.996331096945903,369,0.75,6.66162944049543,1,440,71,0,review,C=CC(=O)Cc1cc2c(Nc3cccc(Br)c3)ncnc2cn1
COc1cc(Br)c(NCCC(=O)O)c(Nc2ncnc3ccncc23)c1,7.879714932126359,0.18145387944213298,0.5356891007155609,418.2510000000001,3.426100000000001,109.26,3,7,3,7,0.17647058823529413,0,0.0,2.7550066666666675,True,anil_di_alk_C(246),0,,0,,0,,0.7213114754098361,0.6117396706475781,0.8395266739046873,0.2948717948717949,Afatinib,0.2786885245901639,0.7051282051282051,0.46791101742209673,0.6386672105217637,0.75,0.8059270567105667,0.46791101742209673,0.6656263211636069,0.8059270567105667,0.33801603928847,0.66198396071153,-0.2636204049886801,7.60753411296316,0.14008515953909018,-0.4,0.5468299660802071,7.894449238582457,0.0,0.0,0.12218081916319946,0.047520049110587534,0.0,0.46970086827378704,0.4,medium,unsafe_structure_can_game_single_score;uncertain_prediction,7.42474837030867,False,review,False,,0.3581847649918963,0.6175040518638574,0.5745542949756888,0.6345218800648298,0.3581847649918963,0.965964343598055,0.0032414910858995136,0.45705024311183146,0.4977714748784441,0.47658022690437607,8.491775008436589,476,0.75,6.646644642593921,1,441,0,35,review,O=C(O)CCNc1c(Br)cccc1Nc1ncnc2ccncc12
CCOc1ccccc1-c1cc2c(N(C)[C@H](CO)c3ccccc3)ncnc2[nH]1,7.73480478849331,0.17360217269851974,0.49646742053239434,388.471,4.193400000000002,74.27000000000001,2,5,4,7,0.21739130434782608,0,0.0,3.1064733333333336,False,,0,,0,,0,,0.6557377049180327,0.6306821787414066,0.8739675977116483,0.225,Afatinib,0.34426229508196726,0.775,0.4371796762343637,0.6035773377030733,1.0,0.8492256982837362,0.4371796762343637,0.7224956780552934,1.0,0.5628203237656363,0.4371796762343637,-0.3804213357612394,7.47440152944553,0.05223555096717693,-0.0,0.6059099322147974,8.132547012627505,0.0,0.0,0.1104032590477796,0.3285254047070454,0.0,0.7014286637548249,0.35,medium,uncertain_prediction;agents_strongly_disagree,7.43111834887268,False,review,False,,0.3063209076175041,0.5559157212317666,0.24311183144246354,0.9189627228525121,0.4521880064829822,0.31280388978930307,0.1458670988654781,0.4846029173419773,0.4692868719611021,0.406807131280389,8.695691258980828,450,0.75,6.644286906409146,1,442,0,8,review,CCOc1ccccc1-c1cc2c(N[C@H](CO)c3ccccc3)ncnc2[nH]1
C=CC(=O)Cc1cc2c(Nc3cccc(Br)c3)ncnc2c(F)n1,7.962509145547595,0.27773755631521607,0.5302263711896812,387.21200000000005,3.967600000000002,67.77000000000001,1,5,3,5,0.058823529411764705,0,0.0,2.3480800000000004,False,,0,,0,,0,,0.6949152542372882,0.5830856149500218,0.7874283908182212,0.3466666666666667,Sunvozertinib,0.30508474576271183,0.6533333333333333,0.42121099696624753,0.6513137349235554,1.0,0.7539046264469993,0.42121099696624753,0.7066073395842005,1.0,0.5787890030337525,0.42121099696624753,-0.3805284568239373,7.545902811074771,0.18389672413085764,-0.0,0.5301452332977756,8.259944768503404,0.0,0.0,0.2666063344728241,0.3484862537921906,0.0,0.8775925882650146,0.35,medium,uncertain_prediction;agents_strongly_disagree,7.38235218023839,False,review,False,,0.3841166936790924,0.6085899513776337,0.8314424635332253,0.7520259319286872,0.17828200972447325,0.29983792544570503,0.1458670988654781,0.22366288492706646,0.5696920583468396,0.43845218800648295,8.943575238519612,384,0.75,6.633494805846169,1,443,59,0,review,C=CC(=O)Cc1cc2c(Nc3cccc(Br)c3)ncnc2cn1
C/C=C/C(=O)Cc1ccc2ncnc(Nc3cc(Br)ccc3F)c2c1,7.6605000115454445,0.19430465108518255,0.6153130938824319,400.25100000000003,4.9627000000000026,54.88,1,4,3,5,0.10526315789473684,0,0.0,2.435006666666667,False,,0,,0,,0,,0.711864406779661,0.6020443240436792,0.8218987709885076,0.38571428571428573,Afatinib,0.288135593220339,0.6142857142857143,0.40411174712673337,0.694768099071235,1.0,0.7699955068128093,0.40411174712673337,0.7172188382526944,1.0,0.5958882528732666,0.40411174712673337,-0.41747612150128144,7.369043034917671,0.26058840967190555,-0.0,0.5194214239819938,8.14905286857157,0.0,0.0,0.14145697662777382,0.3698603160915833,0.0,0.7738172927193571,0.35,medium,uncertain_prediction;agents_strongly_disagree,7.375235575852212,False,review,False,,0.2739059967585089,0.7836304700162074,0.7658022690437601,0.6847649918962723,0.3014586709886548,0.26742301458670986,0.1458670988654781,0.406807131280389,0.5318071312803889,0.43658833063209074,8.787221426108037,431,0.75,6.624141572610721,1,444,13,0,review,C/C=C/C(=O)Cc1ccc2ncnc(Nc3cccc(Br)c3)c2c1
Cc1ccc(Nc2ncnc3cnc(CC(=O)/C=C\Cl)cc23)cc1Br,7.767516144111158,0.2349429834838478,0.6092838055589443,417.6940000000001,4.703420000000002,67.77000000000001,1,5,3,5,0.1111111111111111,0,0.0,2.5512933333333336,False,,0,,0,,0,,0.7241379310344828,0.6221116149690188,0.858384754489125,0.35135135135135137,Sunvozertinib,0.27586206896551724,0.6486486486486487,0.40241894758909613,0.6869794263907527,1.0,0.8059507280290059,0.40241894758909613,0.7238372755022138,1.0,0.5975810524109039,0.40241894758909613,-0.42855777055082345,7.415101668885386,0.2377009166700554,-0.0,0.5333287142513586,8.186131299806801,0.0,0.0,0.20241447522577166,0.37197631551362986,0.0,0.8368907907394014,0.35,medium,uncertain_prediction;agents_strongly_disagree,7.3492405090674,False,review,False,,0.3241491085899514,0.7544570502431118,0.6880064829821718,0.6239870340356564,0.419773095623987,0.26580226904376014,0.1458670988654781,0.31280388978930307,0.5247568881685576,0.44039708265802263,8.815839565609071,425,0.75,6.602717008257027,1,445,20,0,review,O=C(/C=C\Cl)Cc1cc2c(Nc3cccc(Br)c3)ncnc2cn1
CNc1ncc2ncnc(Nc3cccc(C(F)(F)F)c3)c2c1F,7.473479417562259,0.20215263056004348,0.70831126021967,337.28000000000003,3.968000000000001,62.730000000000004,2,5,3,3,0.13333333333333333,0,0.0,1.9000000000000001,False,,0,,0,,0,,0.6415094339622641,0.5713203062814605,0.7660369205117462,0.273972602739726,Sunvozertinib,0.3584905660377359,0.726027397260274,0.3518630129985343,0.7664942700438955,1.0,0.7560345396988781,0.3518630129985343,0.718597955685327,1.0,0.6481369870014657,0.3518630129985343,-0.4889799235823903,7.170250471722193,0.4366445935530032,-0.0,0.5706382040229999,8.177533269298197,0.0,0.0,0.15322894584006522,0.43517123375183214,0.0,0.8509001795918973,0.35,medium,uncertain_prediction;agents_strongly_disagree,7.3266330897062995,False,review,False,,0.20097244732576985,0.9157212317666127,0.9643435980551054,0.9457050243111832,0.1166936790923825,0.18962722852512157,0.1458670988654781,0.3841166936790924,0.6073743922204214,0.45307941653160455,8.906382539962703,396,0.75,6.595328389544225,1,446,50,0,review,CNc1cc2c(Nc3cccc(C(F)(F)F)c3)ncnc2cn1
C=CC(=O)Cc1cc2c(Nc3ccc(OC)c(Br)c3)ncnc2cn1,7.745116120824363,0.23624509254563916,0.6351545093338238,399.24800000000005,3.837100000000003,77.0,1,6,3,6,0.1111111111111111,0,0.0,2.528320000000001,False,,0,,0,,0,,0.6833333333333333,0.5834328358208956,0.7880597014925372,0.4594594594594595,Osimertinib,0.31666666666666665,0.5405405405405406,0.39590746542414346,0.7020919032105262,1.0,0.726179911254538,0.39590746542414346,0.706044819972302,1.0,0.6040925345758565,0.39590746542414346,-0.4135164727308779,7.390748482005905,0.2670176204449348,-0.0,0.5016770875352965,8.159443189986137,0.0,0.0,0.20436763881845874,0.3801156682198207,0.0,0.8469833070382794,0.35,medium,uncertain_prediction;agents_strongly_disagree,7.3124598829478575,False,review,False,,0.31280388978930307,0.807131280388979,0.7309562398703403,0.8079416531604539,0.18314424635332252,0.2560777957860616,0.1458670988654781,0.3047001620745543,0.573419773095624,0.4425445705024311,8.847546917700885,415,0.75,6.568513367550775,1,447,32,0,review,C=CC(=O)Cc1cc2c(Nc3cccc(Br)c3)ncnc2cn1
CNc1ncc2ncnc(Nc3cccc(C(F)(F)F)c3)c2c1Cl,7.549163103251355,0.24236468126298738,0.7264465867289771,353.735,4.482300000000001,62.730000000000004,2,5,3,3,0.13333333333333333,0,0.0,1.9249000000000003,False,,0,,0,,0,,0.6296296296296297,0.5608410108410109,0.7469836560745652,0.2876712328767123,Sunvozertinib,0.37037037037037035,0.7123287671232876,0.3426354989287476,0.775511007316322,1.0,0.7383199338367459,0.3426354989287476,0.7141166100204539,1.0,0.6573645010712523,0.3426354989287477,-0.495308148122275,7.185616081356874,0.4510449200623104,-0.0,0.5671112108222942,8.203772212241478,0.0,0.0,0.21354702189448105,0.4467056263390654,0.0,0.9227526482335464,0.35,medium,uncertain_prediction;agents_strongly_disagree,7.2810195640079325,False,review,False,,0.24149108589951376,0.9286871961102107,0.9238249594813615,0.9675850891410048,0.07617504051863858,0.1847649918962723,0.1458670988654781,0.2917341977309562,0.6264991896272285,0.45615883306320903,8.955571239794153,380,0.75,6.5534101636837825,1,448,68,0,review,CNc1cc2c(Nc3cccc(C(F)(F)F)c3)ncnc2cn1
C=CC(=O)Cc1cc2c(Nc3cccc(Br)c3Cl)ncnc2cn1,7.6623698083557334,0.22029030559838306,0.6361068818426235,403.66700000000003,4.481900000000002,67.77000000000001,1,5,3,5,0.058823529411764705,0,0.0,2.4577800000000005,False,,0,,0,,0,,0.6779661016949152,0.5677675758342341,0.7595774106076982,0.35135135135135137,Sunvozertinib,0.3220338983050848,0.6486486486486487,0.3863892381700652,0.7053287850134429,1.0,0.7318452201179358,0.3863892381700652,0.705890810825361,1.0,0.6136107618299348,0.3863892381700652,-0.4260020968737277,7.331934349958159,0.2733222347837999,-0.0,0.5294042014838073,8.134660786225766,0.0,0.0,0.18043545839757458,0.3920134522874185,0.0,0.834948910684993,0.35,medium,uncertain_prediction;agents_strongly_disagree,7.299711875540773,False,review,False,,0.2755267423014587,0.8217179902755267,0.7423014586709886,0.8346839546191248,0.09724473257698542,0.2366288492706645,0.1458670988654781,0.3371150729335494,0.5666126418152351,0.42844408427876823,8.814595956404048,426,0.75,6.538844776675294,1,449,23,0,review,C=CC(=O)Cc1cc2c(Nc3cccc(Br)c3)ncnc2cn1
[2H]C([2H])([2H])Oc1ccccc1-c1[nH]c2ncnc(N[C@H](CO)c3ccccc3)c2c1Cl,7.286777337896997,0.08368945557988258,0.44791007508758707,397.8803053340001,4.432400000000002,83.06,3,5,4,6,0.14285714285714285,0,0.0,3.069202035560001,False,,0,,0,,0,,0.6666666666666666,0.5679034690799397,0.7598244892362539,0.2111111111111111,Osimertinib,0.33333333333333337,0.7888888888888889,0.3881117155683315,0.5783043091612499,1.0,0.7670905891494126,0.3881117155683315,0.6833766534697485,1.0,0.6118882844316684,0.3881117155683316,-0.393686583868556,7.161243154527173,0.0018154840393012576,-0.0,0.5766227889757302,7.739681427542205,0.0,0.0,0.0,0.38986035553958553,0.0,0.5398603555395856,0.2,low,agents_strongly_disagree,7.19982107200262,False,review,False,,0.1539708265802269,0.31280388978930307,0.28282009724473256,0.8792544570502431,0.10048622366288493,0.24311183144246354,0.3184764991896272,0.8298217179902755,0.35012155591572125,0.3170178282009724,8.15982729464107,499,0.75,6.530242465843787,1,450,0,49,review,[2H]C([2H])([2H])Oc1ccccc1-c1cc2c(N[C@H](CO)c3ccccc3)ncnc2[nH]1
CNc1ncc2ncnc(N(C)c3cccc(Br)c3)c2n1,7.246364530991332,0.1706813173761511,0.7872334360852137,345.20400000000006,2.991900000000001,66.83000000000001,1,6,3,3,0.14285714285714285,0,0.0,1.9000000000000001,False,,0,,0,,0,,0.5849056603773585,0.490979765021473,0.6199632091299508,0.2191780821917808,Afatinib,0.41509433962264153,0.7808219178082192,0.31711421058452716,0.8099014667699445,1.0,0.6601778862995179,0.31711421058452716,0.6967983909134974,1.0,0.6828857894154728,0.31711421058452716,-0.5062455737719602,6.990342554927105,0.5165191503709279,-0.0,0.5760298304551421,8.082891535753175,0.0,0.0,0.10602197606422666,0.4786072367693411,0.0,0.8471292128335677,0.35,medium,uncertain_prediction;agents_strongly_disagree,7.235762322919608,False,review,False,,0.14910858995137763,0.9959481361426256,0.9643435980551054,1.0,0.0016207455429497568,0.1620745542949757,0.1458670988654781,0.49270664505672607,0.6109400324149108,0.44615072933549427,8.816019574651069,424,0.75,6.496143198122201,1,451,27,0,review,CNc1ncc2ncnc(Nc3cccc(Br)c3)c2n1
C=CC(=O)Cc1cc2c(Nc3cccc(Br)c3C)ncnc2cn1,7.547132478330792,0.21765678319494505,0.6711836604087291,383.2490000000001,4.136920000000003,67.77000000000001,1,5,3,5,0.1111111111111111,0,0.0,2.3216600000000005,False,,0,,0,,0,,0.6779661016949152,0.5722365769823397,0.7677028672406174,0.3287671232876712,Afatinib,0.3220338983050848,0.6712328767123288,0.35942337134623653,0.7298563978401855,1.0,0.7435853696085453,0.35942337134623653,0.7082162846987419,1.0,0.6405766286537635,0.3594233713462365,-0.46505721780334036,7.2206473035383745,0.33404577151984016,-0.0,0.5382108340611411,8.092903909119356,0.0,0.0,0.17648517479241757,0.4257207858172044,0.0,0.8647059606096219,0.35,medium,uncertain_prediction;agents_strongly_disagree,7.228197948509734,False,review,False,,0.23824959481361427,0.8752025931928687,0.8565640194489466,0.8346839546191248,0.1239870340356564,0.20583468395461912,0.1458670988654781,0.35170178282009723,0.577674230145867,0.437034035656402,8.786112985294396,432,0.75,6.477638791297416,1,452,20,0,review,C=CC(=O)Cc1cc2c(Nc3cccc(Br)c3)ncnc2cn1
CNc1cc2c(Nc3cccc(C(F)(F)F)c3)ncnc2c(F)n1,7.73905543088214,0.2789071328560854,0.5593019162639201,337.28000000000003,3.9680000000000017,62.730000000000004,2,5,3,3,0.13333333333333333,0,0.0,1.9000000000000001,False,,0,,0,,0,,0.660377358490566,0.5636139332365747,0.7520253331574085,0.2702702702702703,Sunvozertinib,0.339622641509434,0.7297297297297297,0.36452886472127527,0.6845391308682329,1.0,0.7464514323004888,0.36452886472127527,0.6988798569724992,1.0,0.6354711352787248,0.3645288647212752,-0.44580132300163205,7.320694731598012,0.2876352495972534,-0.0,0.5597554408875163,8.16808542208278,0.0,0.0,0.26836069928412815,0.419338919098406,0.0,0.9501996183825341,0.35,medium,uncertain_prediction;agents_strongly_disagree,7.217885803700247,False,review,False,,0.3095623987034036,0.6442463533225283,0.9643435980551054,0.9035656401944895,0.08752025931928688,0.21393841166936792,0.1458670988654781,0.2188006482982172,0.593517017828201,0.431969205834684,8.880305843476622,406,0.75,6.4612488507018675,1,453,47,0,review,CNc1cc2c(Nc3cccc(C(F)(F)F)c3)ncnc2cn1
C/C=C/C(=O)Cc1cc2c(Nc3ccc(C)c(Br)c3)ncnc2cn1,7.844165633548549,0.3146712442920408,0.6412175592087311,397.27600000000007,4.527020000000003,67.77000000000001,1,5,3,5,0.15789473684210525,0,0.0,2.4151733333333336,False,,0,,0,,0,,0.7413793103448276,0.6223340843794748,0.8587892443263176,0.3333333333333333,Sunvozertinib,0.2586206896551724,0.6666666666666667,0.36577153738270873,0.7097783755135201,1.0,0.8107585999114049,0.36577153738270873,0.7215771282019084,1.0,0.6342284626172913,0.36577153738270873,-0.4744074544255995,7.372158767110488,0.2947310328929416,-0.0,0.531076621426407,8.197966421429836,0.0,0.0,0.3220068664380612,0.4177855782716141,0.0,1.0022924447096753,0.35,medium,uncertain_prediction;agents_strongly_disagree,7.195673976720161,False,review,False,,0.34359805510534847,0.839546191247974,0.7990275526742301,0.5332252836304701,0.4213938411669368,0.21555915721231766,0.1458670988654781,0.1766612641815235,0.5490275526742301,0.44935170178282013,8.856799484638913,412,0.75,6.459896018859546,1,454,42,0,review,C/C=C/C(=O)Cc1cc2c(Nc3cccc(Br)c3)ncnc2cn1
COc1ccccc1-c1cc2c(N(C)[C@H](CO)c3ccccc3)ncnc2[nH]1,7.623749991862294,0.1988906346815128,0.5368998059552084,374.444,3.803300000000002,74.27000000000001,2,5,4,6,0.18181818181818182,0,0.0,2.91296,False,,0,,0,,0,,0.6666666666666666,0.614442279032443,0.8444405073317144,0.22784810126582278,Afatinib,0.33333333333333337,0.7721518987341772,0.3917140536885145,0.6332579701984415,1.0,0.8263683551823301,0.3917140536885145,0.7128350947673215,1.0,0.6082859463114856,0.3917140536885144,-0.42816138810507615,7.325414039840025,0.11813762413702655,-0.0,0.5927556964531818,8.036307360430234,0.0,0.0,0.14833595202226918,0.385357432889357,0.0,0.7961933849116261,0.35,medium,uncertain_prediction;agents_strongly_disagree,7.240113975518608,False,review,False,,0.26580226904376014,0.6239870340356564,0.5388978930307942,0.8792544570502431,0.3711507293354943,0.24635332252836303,0.1458670988654781,0.39222042139384117,0.5010940032414911,0.4111021069692058,8.637620164320023,458,0.75,6.458436503881655,1,455,0,3,review,COc1ccccc1-c1cc2c(N[C@H](CO)c3ccccc3)ncnc2[nH]1
COc1ccc(Nc2ncnc3ccncc23)c(NCCC(=O)O)c1Br,8.05603033135308,0.34517893179371867,0.5356891007155609,418.2510000000002,3.426100000000001,109.26,3,7,3,7,0.17647058823529413,0,0.0,2.7550066666666684,False,,0,,0,,0,,0.6935483870967742,0.5871134475622555,0.7947517228404644,0.29411764705882354,Osimertinib,0.30645161290322576,0.7058823529411764,0.3973823305826669,0.6386672105217637,1.0,0.7725343803656424,0.3973823305826669,0.7021459803675183,1.0,0.6026176694173331,0.3973823305826669,-0.4063515330464683,7.538261933662502,0.14008515953909,-0.0,0.5483558623989206,8.226702955600514,0.0,0.0,0.367768397690578,0.37827208677166635,0.0,1.0085404844622443,0.35,medium,uncertain_prediction;agents_strongly_disagree,7.218162471138269,False,review,False,,0.4473257698541329,0.6175040518638574,0.5688816855753647,0.7633711507293355,0.20583468395461912,0.26094003241491087,0.1458670988654781,0.13452188006482982,0.5628038897893031,0.42803889789303085,8.902067623347678,398,0.75,6.456809148609906,1,456,58,0,review,O=C(O)CCNc1c(Br)cccc1Nc1ncnc2ccncc12
C/C=C/C(=O)Cc1cc2c(Nc3cc(Br)ccc3OC)ncnc2cn1,7.540360268468639,0.18097952319808788,0.609966539144996,413.2750000000001,4.227200000000003,77.0,1,6,3,6,0.15789473684210525,0,0.0,2.6218333333333343,False,,0,,0,,0,,0.7,0.5879397688666641,0.7962541252121165,0.35443037974683544,Osimertinib,0.30000000000000004,0.6455696202531646,0.38340440087849825,0.6846418529400042,1.0,0.7585829989723785,0.38340440087849825,0.7066573131977203,1.0,0.6165955991215017,0.38340440087849825,-0.431003883092296,7.268890983671508,0.23248101282920636,-0.0,0.5277344173789785,8.029106413879692,0.0,0.0,0.12146928479713182,0.3957444989018772,0.0,0.7797137836990089,0.35,medium,uncertain_prediction;agents_strongly_disagree,7.249392630180683,False,review,False,,0.23500810372771475,0.7593192868719612,0.606969205834684,0.7406807131280388,0.21474878444084278,0.233387358184765,0.1458670988654781,0.46029173419773095,0.49679902755267424,0.40158022690437606,8.6252652469429,462,0.75,6.456288902465934,1,457,0,5,review,C/C=C/C(=O)Cc1cc2c(Nc3cccc(Br)c3)ncnc2cn1
COc1ccc(Br)cc1Nc1ncnc2cnc(CC(=O)/C=C\Cl)cc12,7.523347265343827,0.16040530614212925,0.58053330487275,433.69300000000015,4.403600000000002,77.0,1,6,3,6,0.1111111111111111,0,0.0,2.7579533333333344,False,,0,,0,,0,,0.6833333333333333,0.5877314355333307,0.7958753373333285,0.3717948717948718,Osimertinib,0.31666666666666665,0.6282051282051282,0.3935531020364663,0.6632181894748843,1.0,0.7539577850512784,0.3935531020364663,0.7026822691406572,1.0,0.6064468979635337,0.3935531020364663,-0.41217222280558796,7.282739306130633,0.17795141598386097,-0.0,0.5299303727948705,7.990621094909365,0.0,0.0,0.09060795921319387,0.38305862245441713,0.0,0.736166581667611,0.35,medium,uncertain_prediction;agents_strongly_disagree,7.254454513241754,False,review,False,,0.22204213938411668,0.692868719611021,0.5583468395461912,0.8079416531604539,0.20826580226904376,0.24959481361426256,0.1458670988654781,0.5283630470016207,0.48383306320907615,0.39396272285251216,8.571220770760256,469,0.75,6.452209780664768,1,458,0,11,review,O=C(/C=C\Cl)Cc1cc2c(Nc3cccc(Br)c3)ncnc2cn1
C=CC(=O)Cc1cc2c(Nc3cc(Br)ccc3OC)ncnc2cn1,7.537851479149251,0.19749725295870146,0.6351545093338238,399.2480000000001,3.837100000000003,77.0,1,6,3,6,0.1111111111111111,0,0.0,2.528320000000001,False,,0,,0,,0,,0.6779661016949152,0.5722365769823397,0.7677028672406174,0.41333333333333333,Osimertinib,0.3220338983050848,0.5866666666666667,0.3712147927162217,0.7020919032105262,1.0,0.7224438170971297,0.3712147927162217,0.6989376282559694,1.0,0.6287852072837783,0.3712147927162217,-0.4369637807196636,7.241605599711199,0.2670176204449348,-0.0,0.5128409710474425,8.021464191203576,0.0,0.0,0.14624587943805217,0.41098150910472286,0.0,0.8197273885427749,0.35,medium,uncertain_prediction;agents_strongly_disagree,7.2017368026608,False,review,False,,0.233387358184765,0.807131280388979,0.7309562398703403,0.8346839546191248,0.1239870340356564,0.22042139384116693,0.1458670988654781,0.40032414910858993,0.5430307941653161,0.4166936790923825,8.673101144201954,454,0.75,6.426769217571659,1,459,5,0,review,C=CC(=O)Cc1cc2c(Nc3cccc(Br)c3)ncnc2cn1
COc1cc(C(N)=O)ccc1-c1[nH]c2ncnc(N[C@H](C)c3ccccc3)c2c1C,7.176509034597612,0.09492908427053938,0.44861985803117077,401.47000000000014,4.2139200000000026,105.92,3,5,4,6,0.17391304347826086,0,0.0,3.093133333333334,False,,0,,0,,0,,0.6923076923076923,0.5839627705207707,0.7890232191286739,0.23333333333333334,Osimertinib,0.3076923076923077,0.7666666666666666,0.35267689966002547,0.5777742552504772,1.0,0.7834340810131721,0.35267689966002547,0.6784713089809187,1.0,0.6473231003399745,0.35267689966002547,-0.434392545761191,7.034115408191803,0.0020411623789967533,-0.0,0.5657173432437069,7.601873913814506,0.0,0.0,0.0,0.4341538754249682,0.0,0.5841538754249682,0.2,low,agents_strongly_disagree,7.0177200383895375,False,review,False,,0.13452188006482982,0.3233387358184765,0.26904376012965964,0.7706645056726094,0.18881685575364668,0.1912479740680713,0.3184764991896272,0.7909238249594813,0.31969205834683956,0.30222852512155596,7.985504383830714,515,0.75,6.330394268535405,1,460,0,55,review,COc1cc(C(N)=O)ccc1-c1cc2c(N[C@H](C)c3ccccc3)ncnc2[nH]1
O=C(O)CCNc1c(Br)ccc(F)c1Nc1ncnc2ccncc12,7.558219676676475,0.217805952014434,0.575732072056867,406.2150000000001,3.5566000000000013,100.03,3,6,3,6,0.125,0,0.0,2.5747666666666675,False,,0,,0,,0,,0.7241379310344828,0.6091565940578505,0.8348301710142735,0.32,Sunvozertinib,0.27586206896551724,0.6799999999999999,0.362090752759015,0.6676231524517897,1.0,0.796122628260705,0.362090752759015,0.7064591333678774,1.0,0.6379092472409851,0.3620907527590149,-0.4591578408118167,7.2315107486548245,0.20201707205686692,-0.0,0.5368454737880511,7.970373294499742,0.0,0.0,0.176708928021651,0.42238655905123135,0.0,0.8615954870728824,0.35,medium,uncertain_prediction;agents_strongly_disagree,7.1087778074268595,False,review,False,,0.2479740680713128,0.673419773095624,0.6434359805510534,0.6239870340356564,0.34440842787682335,0.2106969205834684,0.1458670988654781,0.34846029173419774,0.46758508914100483,0.3896677471636953,8.531475401468947,472,0.75,6.301379104023294,1,461,0,11,review,O=C(O)CCNc1c(Br)cccc1Nc1ncnc2ccncc12
COc1cncc2c(Nc3cccc(Br)c3NCCC(=O)O)ncnc12,7.938707927114213,0.3465921693268721,0.5356891007155609,418.2510000000002,3.4261,109.26,3,7,3,7,0.17647058823529413,0,0.0,2.7550066666666684,False,,0,,0,,0,,0.6774193548387096,0.5718515612484757,0.7670028386335921,0.26744186046511625,Osimertinib,0.32258064516129037,0.7325581395348837,0.3670624632497428,0.6386672105217637,1.0,0.758391663858915,0.3670624632497428,0.6910303344076054,1.0,0.6329375367502572,0.3670624632497428,-0.4319571615438167,7.418819673123905,0.14008515953909,-0.0,0.5566794418414438,8.115584274504439,0.0,0.0,0.3698882539903081,0.4161719209378215,0.0,1.0485601749281295,0.35,medium,uncertain_prediction;agents_strongly_disagree,7.06702409957631,False,review,False,,0.37763371150729336,0.6175040518638574,0.5688816855753647,0.8444084278768234,0.11993517017828201,0.2171799027552674,0.1458670988654781,0.13290113452188007,0.5476499189627229,0.40218800648298214,8.772764177259706,435,0.75,6.274649707355888,1,462,27,0,review,O=C(O)CCNc1c(Br)cccc1Nc1ncnc2ccncc12
COc1ccc(Br)c(NCCC(=O)O)c1Nc1ncnc2ccncc12,7.478560706507115,0.18841038860000928,0.5356891007155609,418.2510000000001,3.426100000000001,109.26,3,7,3,7,0.17647058823529413,0,0.0,2.7550066666666675,False,,0,,0,,0,,0.6885245901639344,0.580742248349529,0.7831677242718709,0.2857142857142857,Osimertinib,0.3114754098360656,0.7142857142857143,0.36275290460677223,0.6386672105217637,1.0,0.7659472217753318,0.36275290460677223,0.6918418342259669,1.0,0.6372470953932278,0.36275290460677223,-0.43878523949225956,7.195945123607101,0.14008515953909018,-0.0,0.5502415797799115,7.886271862926103,0.0,0.0,0.1326155829000139,0.42155886924153474,0.0,0.8166744521415485,0.35,medium,uncertain_prediction;agents_strongly_disagree,7.069597410784555,False,review,False,,0.2025931928687196,0.6175040518638574,0.5745542949756888,0.7844408427876823,0.17179902755267423,0.21231766612641814,0.1458670988654781,0.4343598055105348,0.4577390599675851,0.3640194489465154,8.435558734887206,480,0.75,6.231420749520373,1,463,0,17,review,O=C(O)CCNc1c(Br)cccc1Nc1ncnc2ccncc12
C/C=C/C(=O)Cc1cc2c(Nc3cccc(Br)c3C)ncnc2cn1,7.69221963477149,0.32716618446554224,0.6412175592087311,397.27600000000007,4.527020000000003,67.77000000000001,1,5,3,5,0.15789473684210525,0,0.0,2.4151733333333336,False,,0,,0,,0,,0.7,0.5879397688666641,0.7962541252121165,0.32432432432432434,Afatinib,0.30000000000000004,0.6756756756756757,0.319038579566993,0.7097783755135201,1.0,0.7661095128280062,0.319038579566993,0.6987316169771298,1.0,0.680961420433007,0.319038579566993,-0.5062573832135158,7.201470358073177,0.2947310328929416,-0.0,0.5367662340057319,8.03296762497185,0.0,0.0,0.34074927669831334,0.47620177554125875,0.0,1.079451052239572,0.35,medium,uncertain_prediction;agents_strongly_disagree,6.953516572732278,False,review,False,,0.2917341977309562,0.839546191247974,0.7990275526742301,0.7406807131280388,0.21474878444084278,0.16369529983792544,0.1458670988654781,0.15721231766612642,0.5671799027552674,0.4277147487844409,8.71358350827817,444,0.75,6.191774271273607,1,464,20,0,review,C/C=C/C(=O)Cc1cc2c(Nc3cccc(Br)c3)ncnc2cn1
O=C(/C=C\Cl)Cc1cc2c(Nc3cc(Br)ccc3Cl)ncnc2cn1,7.367351772557998,0.08127885108150174,0.5653993272818347,438.1120000000001,5.048400000000002,67.77000000000001,1,5,3,5,0.058823529411764705,1,0.45,2.687413333333334,False,,0,,0,,0,,0.7192982456140351,0.6055888674850899,0.8283433954274361,0.32432432432432434,Sunvozertinib,0.2807017543859649,0.6756756756756757,0.40994274738244835,0.6076075787229578,1.0,0.790176465489496,0.40994274738244835,0.7019316978987256,1.0,0.5900572526175516,0.4099427473824484,-0.3893186006883696,7.245433495935746,-0.5318303197769889,-0.0,0.5361043410332459,7.249707517192003,0.0,0.0,0.0,0.3625715657719395,0.0,0.5125715657719395,0.2,low,agents_strongly_disagree,6.737135951420063,False,review,False,,0.1685575364667747,0.6628849270664505,0.5834683954619124,0.6442463533225283,0.32576985413290116,0.28038897893030795,0.3184764991896272,0.8444084278768234,0.4247974068071313,0.40745542949756886,7.759464405360561,537,0.75,6.176082466817146,1,465,0,72,review,O=C(/C=C\Cl)Cc1cc2c(Nc3cccc(Br)c3)ncnc2cn1
CCOc1ccccc1-c1[nH]c2ncnc(N[C@H](CO)c3ccccc3)c2c1Cl,7.065488838618873,0.0577587665533216,0.40794403699732046,408.8890000000001,4.822500000000003,83.06,3,5,4,7,0.18181818181818182,0,0.0,3.2425933333333345,False,,0,,0,,0,,0.6451612903225806,0.5440041898494418,0.7163712542717122,0.20224719101123595,Osimertinib,0.3548387096774194,0.797752808988764,0.3509410730673932,0.5496540921433981,1.0,0.7367166429509752,0.3509410730673932,0.6593279520404416,1.0,0.6490589269326068,0.3509410730673932,-0.41118250529739786,6.978850688788891,-0.060263144820861536,-0.0,0.578096075619396,7.496683619587426,0.0,0.0,0.0,0.4363236586657585,0.0,0.5863236586657585,0.2,low,agents_strongly_disagree,6.910359960921667,False,review,False,,0.12641815235008103,0.11507293354943274,0.05186385737439222,0.9424635332252836,0.03727714748784441,0.1880064829821718,0.3184764991896272,0.9238249594813615,0.2761750405186386,0.25518638573743924,7.828093668209792,530,0.75,6.166583623806594,1,466,0,64,review,CCOc1ccccc1-c1cc2c(N[C@H](CO)c3ccccc3)ncnc2[nH]1
COc1ccccc1-c1[nH]c2ncnc(N[C@H](CO)c3ccccc3)c2c1Cl,6.998483327046363,0.08421973002716159,0.45022819028764105,394.8620000000001,4.432400000000003,83.06,3,5,4,6,0.14285714285714285,0,0.0,3.049080000000001,False,,0,,0,,0,,0.639344262295082,0.5740226986128626,0.7709503611142955,0.24705882352941178,Osimertinib,0.360655737704918,0.7529411764705882,0.3156670207425776,0.5803531969658948,1.0,0.7664480649533687,0.3156670207425776,0.6656170706654603,1.0,0.6843329792574224,0.3156670207425776,-0.46660006656384356,6.8721537320056205,0.007151904573355234,-0.0,0.5809150251869634,7.4602206617659395,0.0,0.0,0.0,0.48041622407177803,0.0,0.6304162240717781,0.2,low,agents_strongly_disagree,6.829804437694161,False,review,False,,0.11831442463533225,0.35980551053484605,0.31118314424635335,0.9513776337115073,0.13290113452188007,0.16045380875202594,0.3184764991896272,0.826580226904376,0.3621555915721232,0.3182333873581848,7.894807371652488,525,0.75,6.1616845025239835,1,467,0,58,review,COc1ccccc1-c1cc2c(N[C@H](CO)c3ccccc3)ncnc2[nH]1
COc1ccc(Nc2ncnc3cnc(CC(=O)/C=C\Cl)cc23)cc1Br,7.839659405910859,0.34398502892216115,0.5805333048727502,433.6930000000001,4.403600000000002,77.0,1,6,3,6,0.1111111111111111,0,0.0,2.7579533333333344,False,,0,,0,,0,,0.6885245901639344,0.593900265737086,0.8070913922492472,0.4155844155844156,Osimertinib,0.3114754098360656,0.5844155844155844,0.3441253312322019,0.6632181894748845,1.0,0.7514224402908315,0.3441253312322019,0.6896914902494795,1.0,0.6558746687677981,0.3441253312322019,-0.46075487868970344,7.323681862527617,0.1779514159838612,-0.0,0.5172614578132166,8.018894736324695,0.0,0.0,0.36597754338324173,0.4448433359597476,0.0,1.0733208793429894,0.35,medium,uncertain_prediction;agents_strongly_disagree,6.945573856981706,False,review,False,,0.3387358184764992,0.6985413290113452,0.5583468395461912,0.7844408427876823,0.2544570502431118,0.18638573743922204,0.1458670988654781,0.13614262560777957,0.5327795786061589,0.4061588330632091,8.658230230652086,455,0.75,6.157964456657556,1,468,13,0,review,O=C(/C=C\Cl)Cc1cc2c(Nc3cccc(Br)c3)ncnc2cn1
COc1cnccc1-c1[nH]c2ncnc(N[C@H](CO)c3ccccc3)c2c1Cl,7.139183972397187,0.13990744790644144,0.45890941697138776,395.85000000000014,3.8274000000000017,95.95,3,6,4,6,0.15,0,0.0,3.055666666666668,False,,0,,0,,0,,0.676923076923077,0.5401686510849325,0.7093975474271499,0.23333333333333334,Osimertinib,0.32307692307692304,0.7666666666666666,0.3118607795647877,0.5848745383086222,1.0,0.7237148272370291,0.3118607795647877,0.6551125362776098,1.0,0.6881392204352124,0.31186077956478764,-0.45766900895042933,6.929322800537524,0.01555941697138756,-0.0,0.5527340022414028,7.497616219750315,0.0,0.0,0.05986117185966215,0.48517402554401545,0.0,0.6950351974036776,0.2,low,agents_strongly_disagree,6.802581022346637,False,review,False,,0.13290113452188007,0.39303079416531606,0.2917341977309562,0.8508914100486223,0.027552674230145867,0.15721231766612642,0.3184764991896272,0.6110210696920584,0.35235008103727716,0.2939627228525122,7.920436316995048,524,0.75,6.105336289769652,1,469,0,55,review,COc1cnccc1-c1cc2c(N[C@H](CO)c3ccccc3)ncnc2[nH]1
COc1c(Br)cccc1Nc1ncnc2cnc(CC(=O)/C=C\Cl)cc12,7.686839937727711,0.3097147652558126,0.58053330487275,433.69300000000015,4.403600000000002,77.0,1,6,3,6,0.1111111111111111,0,0.0,2.7579533333333344,False,,0,,0,,0,,0.6507936507936508,0.5655756929637527,0.7555921690250047,0.32894736842105265,Afatinib,0.3492063492063492,0.6710526315789473,0.32990964875285883,0.6632181894748843,1.0,0.7344572846634904,0.32990964875285883,0.6818962807228084,1.0,0.6700903512471412,0.3299096487528588,-0.4693155092932661,7.2222677898439915,0.17795141598386097,-0.0,0.5473566888727925,7.947575894700645,0.0,0.0,0.3145721478837189,0.46261293905892653,0.0,1.0396850869426455,0.35,medium,uncertain_prediction;agents_strongly_disagree,6.907890807757999,False,review,False,,0.2884927066450567,0.692868719611021,0.5583468395461912,0.9238249594813615,0.09076175040518639,0.18152350081037277,0.1458670988654781,0.1847649918962723,0.5369124797406807,0.3897487844408428,8.591870870389462,465,0.75,6.100589349087011,1,470,5,0,review,O=C(/C=C\Cl)Cc1cc2c(Nc3cccc(Br)c3)ncnc2cn1
OCc1ccc(-c2[nH]c3ncnc(N[C@H](CO)c4ccccc4)c3c2Cl)cc1,7.031885451388793,0.08674491043039126,0.3974587499078889,394.8620000000001,3.916100000000003,94.06,4,5,4,6,0.14285714285714285,0,0.0,3.049080000000001,False,,0,,0,,0,,0.6206896551724138,0.5251213838381272,0.6820388797056858,0.17045454545454544,Osimertinib,0.3793103448275862,0.8295454545454546,0.32224992554592435,0.5513300047570311,1.0,0.718915523415628,0.32224992554592435,0.6481238634296459,1.0,0.6777500744540756,0.32224992554592435,-0.434498583844962,6.901768085743206,-0.04561753580639694,-0.0,0.5900630114624716,7.446213561399281,0.0,0.0,0.0,0.47218759306759456,0.0,0.6221875930675946,0.2,low,agents_strongly_disagree,6.824025968331687,False,review,False,,0.11993517017828201,0.09724473257698542,0.31118314424635335,0.979740680713128,0.012965964343598054,0.1685575364667747,0.3184764991896272,0.8168557536466775,0.3160453808752026,0.2705024311183144,7.825468018449524,532,0.75,6.098628885673664,1,471,0,61,review,OCc1ccc(-c2cc3c(N[C@H](CO)c4ccccc4)ncnc3[nH]2)cc1
C/C=C/C(=O)Cc1ccc2ncnc(Nc3cc(Br)ccc3OC)c2c1,7.237053342854531,0.1579803746782679,0.5878031137339145,412.2870000000001,4.832200000000003,64.11,1,5,3,6,0.15,0,0.0,2.615246666666667,False,,0,,0,,0,,0.7,0.592636238441865,0.8047931608033908,0.35443037974683544,Osimertinib,0.30000000000000004,0.6455696202531646,0.3236770734388452,0.6727053022972427,1.0,0.7649872756658342,0.3236770734388452,0.6903424128504805,1.0,0.6763229265611548,0.3236770734388452,-0.48888711921551364,7.000082780837129,0.21051611373391443,-0.0,0.5298691762767971,7.740468070847841,0.0,0.0,0.08697056201740183,0.4704036582014435,0.0,0.8198742202188453,0.35,medium,uncertain_prediction;agents_strongly_disagree,6.920593850628996,False,review,False,,0.1458670988654781,0.7090761750405187,0.6215559157212318,0.7406807131280388,0.25040518638573744,0.17341977309562398,0.1458670988654781,0.5429497568881686,0.4488249594813615,0.3704619124797407,8.279058022225476,494,0.75,6.090148145604685,1,472,0,22,review,C/C=C/C(=O)Cc1ccc2ncnc(Nc3cccc(Br)c3)c2c1
C/C=C/C(=O)Cc1cc(C)c2ncnc(Nc3cccc(Br)c3)c2c1,8.055350259019049,0.31425623835655164,0.6076838341050834,396.28800000000007,5.132020000000003,54.88,1,4,3,5,0.15,1,0.45,2.4085866666666673,False,,0,,0,,0,,0.7288135593220338,0.6330670287524522,0.8783036886408222,0.2625,Sunvozertinib,0.27118644067796616,0.7375,0.41885819790517603,0.6415881600398472,1.0,0.8431027664806166,0.41885819790517603,0.7258872811064099,1.0,0.581141802094824,0.418858197905176,-0.40937211093497844,7.583965901484222,-0.4386041658949167,-0.0,0.5628598204652904,7.708221556054594,0.0,0.0,0.32138435753482747,0.35142725261853003,0.0,0.9353116101533574,0.35,medium,uncertain_prediction;agents_strongly_disagree,6.772909945901237,False,review,False,,0.44570502431118314,0.7350081037277147,0.8168557536466775,0.5940032414910859,0.47487844408427876,0.2901134521880065,0.1458670988654781,0.17828200972447325,0.5888978930307942,0.4850486223662885,8.414899027691547,485,0.75,6.079968292740784,1,473,0,12,review,C/C=C/C(=O)Cc1ccc2ncnc(Nc3cccc(Br)c3)c2c1
C/C=C/C(=O)Cc1ccc2ncnc(Nc3cc(C)cc(Br)c3)c2c1,7.680323948093775,0.17898898107965405,0.6076838341050834,396.28800000000007,5.132020000000003,54.88,1,4,3,5,0.15,1,0.45,2.4085866666666673,False,,0,,0,,0,,0.7719298245614035,0.6534670988321243,0.9153947251493167,0.2926829268292683,Osimertinib,0.22807017543859653,0.7073170731707317,0.41978870026768583,0.6415881600398472,1.0,0.8633753121546706,0.41978870026768583,0.7311880431155509,1.0,0.5802112997323141,0.4197887002676859,-0.41519912379715346,7.411840476474294,-0.4386041658949167,-0.0,0.5436753821859172,7.516911692765294,0.0,0.0,0.11848347161948107,0.35026412466539264,0.0,0.7312475962848737,0.35,medium,uncertain_prediction;agents_strongly_disagree,6.785664096480421,False,review,False,,0.2852512155591572,0.7350081037277147,0.8168557536466775,0.38492706645056723,0.5510534846029174,0.2965964343598055,0.1458670988654781,0.46353322528363045,0.4748784440842788,0.4385332252836305,8.08676582566643,506,0.75,6.036903966820777,1,474,0,32,review,C/C=C/C(=O)Cc1ccc2ncnc(Nc3cccc(Br)c3)c2c1
Cc1ccc(Br)c(NCCC(=O)O)c1Nc1ncnc2ccncc12,7.507482812481334,0.2765406315789956,0.5778289525438194,402.2520000000001,3.7259200000000003,100.03,3,6,3,6,0.17647058823529413,0,0.0,2.5483466666666676,False,,0,,0,,0,,0.7241379310344828,0.6091565940578505,0.8348301710142735,0.25316455696202533,Sunvozertinib,0.27586206896551724,0.7468354430379747,0.3082922610150366,0.6697925905657673,1.0,0.8128314890201987,0.3082922610150366,0.6977290851502507,1.0,0.6917077389849634,0.3082922610150366,-0.5192490988469521,7.092671865112841,0.21322401136734864,-0.0,0.5568961066994436,7.862791983179633,0.0,0.0,0.2648109473684934,0.4896346737312043,0.0,1.0169456210996977,0.35,medium,uncertain_prediction;agents_strongly_disagree,6.845846362079936,False,review,False,,0.21555915721231766,0.6815235008103727,0.7050243111831442,0.6239870340356564,0.34440842787682335,0.1507293354943274,0.1458670988654781,0.22852512155591573,0.4638573743922204,0.3753241491085899,8.419420832450298,483,0.75,6.021235341010243,1,475,0,8,review,O=C(O)CCNc1c(Br)cccc1Nc1ncnc2ccncc12
COc1cc(C(N)=O)ccc1-c1cc2c(N(C)[C@H](C)c3ccccc3)ncnc2[nH]1,7.6432996012981596,0.27969799260701395,0.5101767625634207,401.4700000000001,3.929800000000002,97.13,2,5,4,6,0.17391304347826086,0,0.0,3.093133333333334,False,,0,,0,,0,,0.6923076923076923,0.5711121982062929,0.7656585421932597,0.23333333333333334,Osimertinib,0.3076923076923077,0.7666666666666666,0.34003630549963015,0.6116305527432147,1.0,0.7659105733116114,0.34003630549963015,0.679394357888614,1.0,0.6599636945003698,0.34003630549963015,-0.4524774031853118,7.2237526123876385,0.06359806691124668,-0.0,0.5598761740098533,7.847226853308739,0.0,0.0,0.2695469889105209,0.44995461812546234,0.0,0.9820016070359832,0.35,medium,uncertain_prediction;agents_strongly_disagree,6.865225246272756,False,review,False,,0.2706645056726094,0.5899513776337115,0.26904376012965964,0.7706645056726094,0.11507293354943274,0.18314424635332252,0.1458670988654781,0.2171799027552674,0.43427876823338735,0.3289303079416532,8.368361375188805,489,0.75,5.9849416158027395,1,476,0,13,review,COc1cc(C(N)=O)ccc1-c1cc2c(N[C@H](C)c3ccccc3)ncnc2[nH]1
C/C=C/C(=O)Cc1ccc2ncnc(N(C)c3cccc(Br)c3)c2c1,6.558965953385036,0.0627596536560252,0.5788861139600215,396.28800000000007,4.8479000000000045,46.09,0,4,3,5,0.15,0,0.0,2.4085866666666673,False,,0,,0,,0,,0.6290322580645161,0.5456997508019771,0.7194540923672309,0.22784810126582278,Afatinib,0.3709677419354839,0.7721518987341772,0.22080973078704147,0.6757494139600632,1.0,0.7326285439589675,0.22080973078704147,0.657296922176518,1.0,0.7791902692129585,0.22080973078704147,-0.5819829218526356,6.464826472900999,0.23259811396002145,-0.0,0.5784445765830286,7.275869163444049,0.0,0.0,0.0,0.5989878365161981,0.0,0.7489878365161982,0.2,low,agents_strongly_disagree,6.5268813269278505,False,review,False,,0.03565640194489465,0.6888168557536467,0.8168557536466775,0.973257698541329,0.04213938411669368,0.11831442463533225,0.3184764991896272,0.9124797406807131,0.4709886547811994,0.38654781199351707,7.841055549181488,529,0.75,5.940738701320071,1,477,0,52,review,C/C=C/C(=O)Cc1ccc2ncnc(Nc3cccc(Br)c3)c2c1
C/C=C/C(=O)Cc1ccc2ncnc(Nc3cc(Br)ccc3Cl)c2c1,7.177241975979297,0.08343575517497615,0.559782802309578,416.7060000000001,5.477000000000003,54.88,1,4,3,5,0.10526315789473684,1,0.45,2.5447066666666673,False,,0,,0,,0,,0.711864406779661,0.597340570086194,0.8133464910658071,0.325,Osimertinib,0.288135593220339,0.675,0.3609054653723409,0.6100072079369345,1.0,0.7787598682993553,0.3609054653723409,0.6874181354021577,1.0,0.6390945346276591,0.3609054653723409,-0.4353502267064223,7.052088343216833,-0.5113968819009485,-0.0,0.5354976397156044,7.076189101031489,0.0,0.0,0.0,0.42386816828457385,0.0,0.5738681682845739,0.2,low,agents_strongly_disagree,6.502320932746915,False,review,False,,0.13614262560777957,0.6507293354943274,0.7179902755267423,0.6847649918962723,0.27633711507293357,0.20907617504051865,0.3184764991896272,0.8314424635332253,0.4360615883306321,0.40068881685575364,7.599463007028247,553,0.75,5.93314751297382,1,478,0,75,review,C/C=C/C(=O)Cc1ccc2ncnc(Nc3cccc(Br)c3)c2c1
C/C=C/C(=O)Cc1ccc2ncnc(Nc3ccc(OC)c(Br)c3)c2c1,7.462926071368838,0.27386587693651954,0.5878031137339145,412.2870000000001,4.832200000000004,64.11,1,5,3,6,0.15,0,0.0,2.615246666666667,False,,0,,0,,0,,0.7049180327868853,0.5987475817126565,0.8159046940230117,0.3974358974358974,Osimertinib,0.29508196721311475,0.6025641025641026,0.2990254039866459,0.6727053022972427,1.0,0.7625695461582844,0.2990254039866459,0.6835750631105433,1.0,0.7009745960133541,0.2990254039866459,-0.512732878831863,7.052127255964059,0.21051611373391443,-0.0,0.5175322895208854,7.78017565921886,0.0,0.0,0.2607988154047793,0.5012182450166927,0.0,1.024517060421472,0.35,medium,uncertain_prediction;agents_strongly_disagree,6.755658598797388,False,review,False,,0.19611021069692058,0.7090761750405187,0.6215559157212318,0.7179902755267423,0.28363047001620745,0.14748784440842788,0.1458670988654781,0.233387358184765,0.4668962722852512,0.36851701782820095,8.340451185961161,491,0.75,5.92287902019123,1,479,0,12,review,C/C=C/C(=O)Cc1ccc2ncnc(Nc3cccc(Br)c3)c2c1
C/C=C/C(=O)Cc1cc2c(N(C)c3cccc(Br)c3)ncnc2cn1,6.558939489095299,0.09501351801278726,0.6030184867704428,397.27600000000007,4.242900000000003,58.980000000000004,0,5,3,5,0.15789473684210525,0,0.0,2.4151733333333336,False,,0,,0,,0,,0.6290322580645161,0.5322452053474316,0.6949912824498755,0.2125,Afatinib,0.3709677419354839,0.7875,0.19822540966487368,0.6887688856724615,1.0,0.7181184618374067,0.19822540966487368,0.6512781892936854,1.0,0.8017745903351263,0.19822540966487368,-0.6040703728384157,6.416419212076118,0.25653196045465326,-0.0,0.5769333044834366,7.2498844770142075,0.0,0.0,0.0,0.6272182379189079,0.0,0.7772182379189079,0.2,low,agents_strongly_disagree,6.472666239095299,False,review,False,,0.03403565640194489,0.7260940032414911,0.7990275526742301,0.973257698541329,0.01620745542949757,0.1085899513776337,0.3184764991896272,0.7893030794165316,0.4750405186385737,0.3801458670988655,7.819933099380496,534,0.75,5.878841279613938,1,480,0,54,review,C/C=C/C(=O)Cc1cc2c(Nc3cccc(Br)c3)ncnc2cn1
COc1cc(C(N)=O)ccc1-c1[nH]c2ncnc(N[C@H](C)c3ccccc3)c2c1OC,7.448660923450366,0.18956405613345778,0.4198591331256397,417.46900000000016,3.914100000000002,115.15,3,6,4,7,0.17391304347826086,0,0.0,3.299793333333335,False,,0,,0,,0,,0.6923076923076923,0.5887368540672328,0.7977033710313322,0.23333333333333334,Osimertinib,0.3076923076923077,0.7666666666666666,0.35447039156917115,0.5540073950139737,1.0,0.7899441949401658,0.35447039156917115,0.6746054953808276,1.0,0.6455296084308288,0.35447039156917115,-0.4268468050822086,7.16431483925018,-0.057718562526534414,-0.0,0.5678873812193714,7.674483657943017,0.0,0.0,0.13434608420018668,0.43191201053853606,0.0,0.8287580947387228,0.35,medium,uncertain_prediction;agents_strongly_disagree,6.845725563204294,False,review,False,,0.18962722852512157,0.18881685575364668,0.04213938411669368,0.7706645056726094,0.22204213938411668,0.19611021069692058,0.1458670988654781,0.42787682333873583,0.28354943273905997,0.2442868719611021,8.014742977229888,513,0.75,5.863869809557617,1,481,0,32,review,COc1cc(C(N)=O)ccc1-c1cc2c(N[C@H](C)c3ccccc3)ncnc2[nH]1
Nc1cc2ncnc(Nc3cccc(Br)c3NCCC(=O)O)c2cn1,7.603793661206876,0.3152605248477976,0.494988071422727,403.2400000000002,2.9997000000000007,126.05000000000001,4,7,3,6,0.125,0,0.0,2.554933333333335,False,,1,aniline,0,,0,,0.7288135593220338,0.6299213489262696,0.8725842707750355,0.2948717948717949,Sunvozertinib,0.27118644067796616,0.7051282051282051,0.3052660479082608,0.6239767726158332,0.88,0.8307202543633279,0.3052660479082608,0.6599907687218554,0.88,0.5747339520917392,0.42526604790826084,-0.4729662944181264,7.13090287393518,0.1242480714227268,-0.2,0.5517184275373052,7.606869372895212,0.0,0.0,0.3228907872716964,0.34341744011467396,0.0,0.9288082273863703,0.35,medium,uncertain_prediction;agents_strongly_disagree,6.678061145508842,False,review,False,,0.2576985413290113,0.5494327390599676,0.6628849270664505,0.5940032414910859,0.44894651539708263,0.3014586709886548,0.1458670988654781,0.17504051863857376,0.44408427876823336,0.38379254457050244,8.139770507417092,500,0.75,5.8636121989934455,1,482,0,18,review,O=C(O)CCNc1c(Br)cccc1Nc1ncnc2ccncc12
COc1cc(C(N)=O)ccc1-c1[nH]c2ncnc(N[C@H](C)c3ccccc3)c2c1Cl,7.449701376369535,0.19164386602368544,0.42286258411497757,421.88800000000015,4.558900000000002,105.92,3,5,4,6,0.13636363636363635,0,0.0,3.229253333333334,False,,0,,0,,0,,0.6818181818181818,0.571480865393909,0.7663288461707435,0.25842696629213485,Osimertinib,0.31818181818181823,0.7415730337078652,0.35327463787580393,0.5583723699811864,1.0,0.7601398930550239,0.35327463787580393,0.6679467252280036,1.0,0.6467253621241961,0.35327463787580393,-0.41956278313626616,7.162235577334006,-0.047889052248658893,-0.0,0.5572359398368636,7.671582464922211,0.0,0.0,0.13746579903552814,0.4334067026552451,0.0,0.8333725016907731,0.35,medium,uncertain_prediction;agents_strongly_disagree,6.838209963231438,False,review,False,,0.1912479740680713,0.2034035656401945,0.0713128038897893,0.8217179902755267,0.11831442463533225,0.19286871961102106,0.1458670988654781,0.41491085899513774,0.3017828200972447,0.2436385737439222,8.033721849038905,511,0.75,5.855576251724145,1,483,0,28,review,COc1cc(C(N)=O)ccc1-c1cc2c(N[C@H](C)c3ccccc3)ncnc2[nH]1
CNc1cc2c(N(C)c3cccc(C(F)(F)F)c3)ncnc2cn1,6.453512871794825,0.1465462014738715,0.7888269776219573,333.317,3.853200000000003,53.94,1,5,3,3,0.1875,0,0.0,1.9000000000000001,False,,0,,0,,0,,0.6296296296296297,0.507295065261167,0.6496273913839399,0.2465753424657534,Afatinib,0.37037037037037035,0.7534246575342466,0.13579587691699613,0.8107779146151535,1.0,0.6755767079215166,0.13579587691699613,0.6555376248634165,1.0,0.8642041230830039,0.13579587691699613,-0.6929889972618939,6.233693569584018,0.5225769776219573,-0.0,0.5551009117729255,7.3113714589789005,0.0,0.0,0.06981930221080726,0.7052551538537549,0.0,0.9250744560645622,0.2,low,agents_strongly_disagree,6.386297002914338,False,review,False,,0.019448946515397084,0.9991896272285251,0.9643435980551054,0.9675850891410048,0.0032414910858995136,0.08589951377633712,0.3184764991896272,0.5721231766612642,0.5467585089141005,0.4182739059967585,7.967481669675821,519,0.75,5.838225690110448,1,484,0,35,review,CNc1cc2c(Nc3cccc(C(F)(F)F)c3)ncnc2cn1
[2H]C([2H])([2H])Oc1ccccc1-c1[nH]c2ncnc(N[C@H](CO)c3ccccc3)c2c1OC,7.244230879037718,0.15779698578412507,0.44244447474168586,393.46130533400014,3.787600000000001,92.29,3,6,4,7,0.18181818181818182,0,0.0,3.139742035560001,False,,0,,0,,0,,0.6666666666666666,0.6006628787878788,0.8193870523415978,0.1978021978021978,Osimertinib,0.33333333333333337,0.8021978021978022,0.325599829710542,0.5725851520479273,1.0,0.8150897398056489,0.325599829710542,0.6783186803910295,1.0,0.674400170289458,0.325599829710542,-0.4702918009073168,7.00753540036153,-0.010335012410496117,-0.0,0.5955061037447402,7.5927064916957745,0.0,0.0,0.0866954786761876,0.4680002128618225,0.0,0.8171956915380101,0.35,medium,uncertain_prediction;agents_strongly_disagree,6.775510800157765,False,review,False,,0.14748784440842788,0.26418152350081037,0.12641815235008103,0.8792544570502431,0.2965964343598055,0.17504051863857376,0.1458670988654781,0.5445705024311183,0.3140194489465154,0.273419773095624,7.969529830431593,518,0.75,5.828614527872514,1,485,0,33,review,[2H]C([2H])([2H])Oc1ccccc1-c1cc2c(N[C@H](CO)c3ccccc3)ncnc2[nH]1
O=C(/C=C\Cl)Cc1cc2c(Nc3cccc(Br)c3)ncnc2c(Cl)n1,8.030540078631892,0.2806168853090228,0.4464547508463847,438.112,5.048400000000003,67.77000000000001,1,5,3,5,0.058823529411764705,1,0.45,2.6874133333333337,False,,0,,0,,0,,0.7413793103448276,0.6277275215206249,0.8685954936738635,0.3116883116883117,Sunvozertinib,0.2586206896551724,0.6883116883116883,0.4362031999416571,0.5421880616834603,1.0,0.8235245423333196,0.4362031999416571,0.7004789509896092,1.0,0.5637968000583429,0.4362031999416571,-0.35236766806393616,7.609614750668358,-0.6507748962124389,-0.0,0.5400216902567999,7.498861544712719,0.0,0.0,0.2709253279635342,0.3297460000729286,0.0,0.8631713280364628,0.35,medium,uncertain_prediction;agents_strongly_disagree,6.635690216676256,False,review,False,,0.4246353322528363,0.3063209076175041,0.5891410048622366,0.5332252836304701,0.4473257698541329,0.31118314424635335,0.1458670988654781,0.21393841166936792,0.44736628849270665,0.38670988654781197,8.035701090903967,510,0.75,5.82474208053363,1,486,0,24,review,O=C(/C=C\Cl)Cc1cc2c(Nc3cccc(Br)c3)ncnc2cn1
CCOc1ccccc1-c1[nH]c2ncnc(N[C@H](CO)c3ccccc3)c2c1OC,6.95780941592966,0.12246857577384987,0.40805553222987834,404.47000000000014,4.1777000000000015,92.29,3,6,4,8,0.21739130434782608,0,0.0,3.313133333333335,False,,0,,0,,0,,0.6349206349206349,0.5584773396538102,0.7426860720978367,0.2,Osimertinib,0.3650793650793651,0.8,0.27872435094072,0.5470023375982279,1.0,0.7570145540733775,0.27872435094072,0.6456853106530813,1.0,0.72127564905928,0.27872435094072,-0.48928127961648193,6.774106552268885,-0.06717533733533924,-0.0,0.5899572323101735,7.296888447243719,0.0,0.0,0.033702863660774796,0.5265945613241,0.0,0.7102974249848748,0.2,low,agents_strongly_disagree,6.586591022258845,False,review,False,,0.11507293354943274,0.13614262560777957,0.022690437601296597,0.9562398703403565,0.07293354943273905,0.13452188006482982,0.3184764991896272,0.6709886547811994,0.2736628849270665,0.23897893030794165,7.625283909156199,551,0.75,5.823365738628375,1,487,0,64,review,CCOc1ccccc1-c1cc2c(N[C@H](CO)c3ccccc3)ncnc2[nH]1
O=C(/C=C\Cl)Cc1cc2c(Nc3ccc(Cl)c(Br)c3)ncnc2cn1,7.988843312394465,0.3055330023080089,0.5653993272818347,438.1120000000001,5.048400000000003,67.77000000000001,1,5,3,5,0.058823529411764705,1,0.45,2.687413333333334,False,,0,,0,,0,,0.7368421052631579,0.6217511753950633,0.8577294098092059,0.39436619718309857,Sunvozertinib,0.26315789473684215,0.6056338028169015,0.40833772648301003,0.6076075787229578,1.0,0.7947055080611297,0.40833772648301003,0.7026627033167744,1.0,0.59166227351699,0.40833772648301003,-0.39243330244501906,7.5305438089324515,-0.5318303197769889,-0.0,0.5145435459289509,7.513257035084413,0.0,0.0,0.30829950346201335,0.3645778418962375,0.0,0.9353773453582508,0.35,medium,uncertain_prediction;agents_strongly_disagree,6.577879689726162,False,review,False,,0.4035656401944895,0.6628849270664505,0.5834683954619124,0.5510534846029174,0.4173419773095624,0.2739059967585089,0.1458670988654781,0.18638573743922204,0.5119124797406808,0.4269854132901134,8.127552010773229,502,0.75,5.815262185674298,1,488,0,14,review,O=C(/C=C\Cl)Cc1cc2c(Nc3cccc(Br)c3)ncnc2cn1
COCCOc1cnccc1-c1[nH]c2c(c1N(C)c1cccc(F)c1C)C(=O)NCC2,7.54871931743477,0.26001933277963546,0.5667933067324908,424.4760000000002,3.603220000000002,79.48,2,5,4,7,0.30434782608695654,0,0.0,2.9965066666666687,True,dyes5A(27),0,,0,,0,,0.6891891891891891,0.6210648547233913,0.8564815540425296,0.17204301075268819,Afatinib,0.31081081081081086,0.8279569892473118,0.3301662964129477,0.6464860622926135,0.75,0.849350412843725,0.3301662964129477,0.6440006928873216,0.849350412843725,0.5191841164307773,0.48081588356922267,-0.4184458619658319,7.158690318265317,0.14775208934118622,-0.4,0.6023723501496908,7.508814757756194,0.0,0.0,0.2400289991694532,0.27398014553847166,0.0,0.814009144707925,0.4,medium,unsafe_structure_can_game_single_score;uncertain_prediction,6.694805613048269,False,review,False,,0.23987034035656402,0.6677471636952999,0.3703403565640194,0.7763371150729336,0.41491085899513774,0.4035656401944895,0.0032414910858995136,0.2576985413290113,0.45230956239870346,0.3818476499189628,8.051586232634637,508,0.75,5.803022792951024,1,489,0,19,review,COCCOc1cnccc1-c1[nH]c2c(c1Nc1cccc(F)c1C)C(=O)NCC2
CCOc1ccccc1-c1[nH]c2ncnc(N[C@H](CO)c3ccccc3)c2c1F,7.262990306841478,0.1619641016579201,0.4365765311989034,392.4340000000001,4.308200000000002,83.06,3,5,4,7,0.18181818181818182,0,0.0,3.132893333333334,False,,0,,0,,0,,0.6721311475409836,0.5678096619961068,0.7596539309020123,0.20987654320987653,Afatinib,0.3278688524590164,0.7901234567901234,0.3273727055498254,0.5696211947234995,1.0,0.76727131237404,0.3273727055498254,0.6660663031618412,1.0,0.6726272944501746,0.32737270554982545,-0.4515914634826878,7.020044154354598,-0.015175650619278506,-0.0,0.5744915033690975,7.579360007104417,0.0,0.0,0.09294615248688015,0.4657841180627182,0.0,0.8212302705495983,0.35,medium,uncertain_prediction;agents_strongly_disagree,6.758129736554818,False,review,False,,0.1507293354943274,0.2520259319286872,0.14748784440842788,0.8654781199351702,0.09886547811993517,0.17990275526742303,0.1458670988654781,0.5218800648298217,0.313452188006483,0.25287682333873585,7.9555026327121965,521,0.75,5.786581924561302,1,490,0,31,review,CCOc1ccccc1-c1cc2c(N[C@H](CO)c3ccccc3)ncnc2[nH]1
O=C(O)CCNc1c(Br)ccc(Cl)c1Nc1ncnc2ccncc12,7.39481046099511,0.27271023823889723,0.5503062816290119,422.67000000000013,4.070900000000001,100.03,3,6,3,6,0.125,0,0.0,2.6844666666666677,False,,0,,0,,0,,0.7241379310344828,0.6091565940578505,0.8348301710142735,0.3026315789473684,Sunvozertinib,0.27586206896551724,0.6973684210526316,0.28280544848154954,0.6494197369472385,1.0,0.800464733523863,0.28280544848154954,0.6831724797381629,1.0,0.7171945515184505,0.28280544848154954,-0.533822708342151,6.985745103636765,0.16013628162901172,-0.0,0.5420560001038406,7.687937385369617,0.0,0.0,0.25906535735834585,0.5214931893980631,0.0,1.0430585467564089,0.35,medium,uncertain_prediction;agents_strongly_disagree,6.644878838613208,False,review,False,,0.17341977309562398,0.6377633711507293,0.5940032414910859,0.6239870340356564,0.34440842787682335,0.1426256077795786,0.1458670988654781,0.23500810372771475,0.4194894651539708,0.34452998379254457,8.191324743554382,498,0.75,5.783314819164261,1,491,0,7,review,O=C(O)CCNc1c(Br)cccc1Nc1ncnc2ccncc12
O=C(/C=C\Cl)Cc1cc2c(Nc3cccc(Br)c3Cl)ncnc2cn1,7.673906756958203,0.20624442509504307,0.5653993272818347,438.1120000000001,5.048400000000002,67.77000000000001,1,5,3,5,0.058823529411764705,1,0.45,2.687413333333334,False,,0,,0,,0,,0.6949152542372882,0.5865520241626996,0.79373095302309,0.3108108108108108,Afatinib,0.30508474576271183,0.6891891891891893,0.39910559167302073,0.6076075787229578,1.0,0.767595512064615,0.39910559167302073,0.6935771706151483,1.0,0.6008944083269793,0.39910559167302073,-0.39262877192283696,7.364540119315639,-0.5318303197769889,-0.0,0.5424776306057497,7.3751874301444,0.0,0.0,0.1593666376425646,0.3761180104087241,0.0,0.7979846480512887,0.35,medium,uncertain_prediction;agents_strongly_disagree,6.577202782093111,False,review,False,,0.28363047001620745,0.6628849270664505,0.5834683954619124,0.7520259319286872,0.19773095623987033,0.2625607779578606,0.1458670988654781,0.37439222042139386,0.4981361426256078,0.39740680713128035,7.972950801295129,517,0.75,5.779090950650648,1,492,0,25,review,O=C(/C=C\Cl)Cc1cc2c(Nc3cccc(Br)c3)ncnc2cn1
COc1cnccc1-c1[nH]c2ncnc(N[C@H](CO)c3ccccc3)c2c1F,7.347209925459086,0.21888489018759322,0.47565962826493,379.3950000000001,3.3131000000000013,95.95,3,6,4,6,0.15,0,0.0,2.9459666666666675,False,,0,,0,,0,,0.703125,0.5623551754140098,0.7497366825709268,0.23333333333333334,Osimertinib,0.296875,0.7666666666666666,0.3085830582334562,0.5983063852893012,1.0,0.7539691785948618,0.3085830582334562,0.6652146555294048,1.0,0.6914169417665438,0.3085830582334562,-0.4755087963945981,7.018882590177696,0.04876462826492993,-0.0,0.5510279206427318,7.618675139085358,0.0,0.0,0.17832733528138983,0.48927117720817975,0.0,0.9300985124895695,0.35,medium,uncertain_prediction;agents_strongly_disagree,6.688576626595788,False,review,False,,0.1620745542949757,0.4813614262560778,0.39222042139384117,0.7244732576985413,0.08265802269043761,0.15235008103727715,0.1458670988654781,0.34683954619124796,0.37293354943273904,0.2879254457050243,8.066195398404645,507,0.75,5.759087161441817,1,493,0,14,review,COc1cnccc1-c1cc2c(N[C@H](CO)c3ccccc3)ncnc2[nH]1
C/C=C/C(=O)Cc1ccc2ncnc(Nc3cccc(Br)c3N)c2c1,7.55154377563965,0.3224934206945725,0.4926227266436487,397.2760000000001,4.405800000000003,80.9,2,5,3,5,0.10526315789473684,0,0.0,2.4151733333333345,False,,1,aniline,0,,0,,0.6885245901639344,0.5792662756382352,0.7804841375240639,0.33783783783783783,Afatinib,0.3114754098360656,0.6621621621621622,0.28714054942371176,0.6280512176027246,0.88,0.7509036436835885,0.28714054942371176,0.6365238526775063,0.88,0.5928594505762883,0.4071405494237117,-0.46584440433839275,7.067803644597792,0.14087304243312224,-0.2,0.5339336174558942,7.542610304486807,0.0,0.0,0.33374013104185873,0.3660743132203604,0.0,0.9623144442622191,0.35,medium,uncertain_prediction;agents_strongly_disagree,6.580295860224588,False,review,False,,0.24473257698541329,0.5413290113452188,0.7860615883306321,0.7844408427876823,0.16450567260940033,0.2706645056726094,0.1458670988654781,0.16369529983792544,0.4931928687196111,0.3779578606158833,8.13444174695034,501,0.75,5.758845292963649,1,494,0,7,review,C/C=C/C(=O)Cc1ccc2ncnc(Nc3cccc(Br)c3)c2c1
COC(C)(C)COc1cnccc1-c1[nH]c2c(c1N(C)c1cccc(F)c1C)C(=O)NCC2,7.663361464314147,0.2968362771785478,0.5561795123575709,452.53000000000026,4.381820000000003,79.48,2,5,4,7,0.36,0,0.0,3.183533333333335,True,dyes5A(27),0,,0,,0,,0.7012987012987013,0.63599081269764,0.8836196594502544,0.15463917525773196,Afatinib,0.2987012987012987,0.845360824742268,0.33305497205355333,0.6334551420530743,0.75,0.8740549507732579,0.33305497205355333,0.6476412662199714,0.8740549507732579,0.5409999787197046,0.4590000212802954,-0.41944839222189073,7.218107048546326,0.11464951235757068,-0.4,0.6089287467008284,7.541685307604725,0.0,0.0,0.29525441576782174,0.3012499733996308,0.0,0.8965043891674526,0.4,medium,unsafe_structure_can_game_single_score;uncertain_prediction,6.645180918437273,False,review,False,,0.2771474878444084,0.6418152350081038,0.11912479740680713,0.7325769854132901,0.49270664505672607,0.35170178282009723,0.0032414910858995136,0.19611021069692058,0.4174635332252836,0.3591572123176661,8.042641547475066,509,0.75,5.726169573218472,1,495,0,14,review,COC(C)(C)COc1cnccc1-c1[nH]c2c(c1Nc1cccc(F)c1C)C(=O)NCC2
COc1ccccc1-c1[nH]c2ncnc(N[C@H](CO)c3ccccc3)c2c1F,7.181093515857174,0.19786439725402022,0.4736945471819129,378.4070000000001,3.9181000000000017,83.06,3,5,4,6,0.14285714285714285,0,0.0,2.9393800000000008,False,,0,,0,,0,,0.6666666666666666,0.5989583333333333,0.8162878787878786,0.24705882352941178,Osimertinib,0.33333333333333337,0.7529411764705882,0.28176830088647925,0.5974789240269751,1.0,0.800451203208556,0.28176830088647925,0.6699246070305026,1.0,0.7182316991135207,0.2817683008864793,-0.5175417415253645,6.884296919976143,0.047073261467627074,-0.0,0.5799543226381461,7.511324504081917,0.0,0.0,0.14679659588103033,0.5227896238919009,0.0,0.9320862197729312,0.35,medium,uncertain_prediction;agents_strongly_disagree,6.579238284308985,False,review,False,,0.13776337115072934,0.4619124797406807,0.419773095623987,0.8792544570502431,0.28687196110210694,0.14100486223662884,0.1458670988654781,0.39708265802269044,0.393192868719611,0.3177471636952998,7.98315594654545,516,0.75,5.6855348807433455,1,496,0,20,review,COc1ccccc1-c1cc2c(N[C@H](CO)c3ccccc3)ncnc2[nH]1
[2H]C([2H])([2H])Oc1ccccc1-c1[nH]c2ncnc(N[C@H](CO)c3ccccc3)c2c1N,7.185276544368821,0.1586960261384321,0.4095830967205288,378.4503053340001,3.3612,109.08,4,6,4,6,0.14285714285714285,0,0.0,2.9396687022266677,False,,1,aniline,0,,0,,0.6774193548387096,0.5766219306692345,0.7756762375804263,0.2,Osimertinib,0.32258064516129037,0.8,0.31023191779530285,0.562206522341419,0.88,0.7817571781853196,0.31023191779530285,0.6335489045805104,0.88,0.5697680822046971,0.4302319177953029,-0.43108931571361003,6.947232505161173,-0.01708149432775708,-0.2,0.5790803497176873,7.309231360551102,0.0,0.0,0.08804403920764813,0.3372101027558714,0.0,0.6877541419635195,0.35,medium,uncertain_prediction;agents_strongly_disagree,6.621477218587583,False,review,False,,0.1393841166936791,0.14910858995137763,0.4051863857374392,0.8444084278768234,0.14910858995137763,0.3047001620745543,0.1458670988654781,0.539708265802269,0.3222042139384117,0.2760940032414911,7.695876417277196,543,0.75,5.677790022477373,1,497,0,46,review,[2H]C([2H])([2H])Oc1ccccc1-c1cc2c(N[C@H](CO)c3ccccc3)ncnc2[nH]1
CN(c1cccc(Br)c1NCCC(=O)O)c1ncnc2ccncc12,6.893419207247515,0.18913271478855118,0.6527613863455736,402.25200000000007,3.4418000000000015,91.24000000000001,2,6,3,6,0.17647058823529413,0,0.0,2.548346666666667,False,,0,,0,,0,,0.6349206349206349,0.5448506765890435,0.7179103210709881,0.2073170731707317,Afatinib,0.3650793650793651,0.7926829268292683,0.2159619014598929,0.711005429156732,1.0,0.7366034725105581,0.2159619014598929,0.6658927007817959,1.0,0.7840380985401071,0.2159619014598929,-0.5999077324292037,6.609720135064688,0.2881564451691029,-0.0,0.5815681726022418,7.479444752836033,0.0,0.0,0.13369907218282676,0.6050476231751338,0.0,1.0012466953579606,0.35,medium,uncertain_prediction;agents_strongly_disagree,6.478198057478072,False,review,False,,0.1053484602917342,0.8557536466774717,0.7106969205834684,0.9562398703403565,0.03889789303079417,0.11507293354943274,0.1458670988654781,0.42949756888168555,0.5164100486223664,0.37811993517017833,8.099136811182872,504,0.75,5.656941979682285,1,498,0,6,review,O=C(O)CCNc1c(Br)cccc1Nc1ncnc2ccncc12
C/C=C/C(=O)Cc1ccc2ncnc(Nc3cc(Cl)cc(Br)c3)c2c1,7.740994902162182,0.26530025831615767,0.559782802309578,416.7060000000001,5.477000000000003,54.88,1,4,3,5,0.10526315789473684,1,0.45,2.5447066666666673,False,,0,,0,,0,,0.7586206896551724,0.6383466657300328,0.8879030286000597,0.3375,Osimertinib,0.24137931034482762,0.6625,0.37453854471923514,0.6100072079369345,1.0,0.8315522714500447,0.37453854471923514,0.7040245060265535,1.0,0.6254614552807649,0.3745385447192351,-0.4393146150764246,7.3430445146879455,-0.5113968819009485,-0.0,0.5293464468051874,7.360994079592185,0.0,0.0,0.24795038747423648,0.40682681910095614,0.0,0.9172772065751926,0.35,medium,uncertain_prediction;agents_strongly_disagree,6.443716873016992,False,review,False,,0.31118314424635335,0.6507293354943274,0.7179902755267423,0.44408427876823336,0.4959481361426256,0.22366288492706646,0.1458670988654781,0.24959481361426256,0.4666936790923825,0.4061993517017828,7.921026494503044,523,0.75,5.656156095059131,1,499,0,24,review,C/C=C/C(=O)Cc1ccc2ncnc(Nc3cccc(Br)c3)c2c1
CCOc1ccccc1-c1[nH]c2ncnc(N[C@H](CO)c3ccccc3)c2c1N,6.941908213440556,0.1498838420243289,0.38324268677962636,389.4590000000001,3.7513000000000005,109.08,4,6,4,7,0.18181818181818182,0,0.0,3.1130600000000013,False,,1,aniline,0,,0,,0.6557377049180327,0.5524083697071218,0.731651581285676,0.19101123595505617,Osimertinib,0.34426229508196726,0.8089887640449438,0.2555583639431087,0.5410504008057175,0.88,0.7509858769754929,0.2555583639431087,0.6068986604310798,0.88,0.6244416360568913,0.3755583639431087,-0.4684537286506282,6.717082450404062,-0.06553449503855563,-0.2,0.5805275573217874,7.032075512687294,0.0,0.0,0.07482576303649333,0.40555204507111414,0.0,0.6303778081076075,0.2,low,agents_strongly_disagree,6.401697704579687,False,review,False,,0.11345218800648298,0.06239870340356564,0.2171799027552674,0.9189627228525121,0.05915721231766612,0.2252836304700162,0.3184764991896272,0.5656401944894651,0.27990275526742303,0.2455834683954619,7.3679588190082015,569,0.75,5.646397866654241,1,500,0,69,review,CCOc1ccccc1-c1cc2c(N[C@H](CO)c3ccccc3)ncnc2[nH]1
[2H]C([2H])([2H])Oc1ccccc1-c1[nH]c2ncnc(N[C@H](CO)c3ccccc3)c2c1F,7.185354900282088,0.2063084595360042,0.4715375210917332,381.4253053340001,3.9181000000000017,83.06,3,5,4,6,0.14285714285714285,0,0.0,2.959502035560001,False,,0,,0,,0,,0.6774193548387096,0.5766219306692345,0.7756762375804263,0.21348314606741572,Osimertinib,0.32258064516129037,0.7865168539325843,0.2769228033953191,0.595518635232761,1.0,0.7783863916684658,0.2769228033953191,0.6627069575741364,1.0,0.723077196604681,0.27692280339531905,-0.514378872238423,6.875892210978082,0.04189793004344738,-0.0,0.5750354058974625,7.492825546918992,0.0,0.0,0.1594626893040063,0.5288464957558512,0.0,0.9508091850598575,0.35,medium,uncertain_prediction;agents_strongly_disagree,6.542016361859134,False,review,False,,0.14100486223662884,0.4351701782820097,0.37763371150729336,0.8444084278768234,0.14910858995137763,0.13290113452188007,0.1458670988654781,0.3727714748784441,0.37601296596434364,0.29120745542949755,7.944041106076204,522,0.75,5.616465308374531,1,501,0,21,review,[2H]C([2H])([2H])Oc1ccccc1-c1cc2c(N[C@H](CO)c3ccccc3)ncnc2[nH]1
CCOc1ccccc1-c1cc2c(N[C@H](CO)c3ccccc3)nc(F)nc2[nH]1,7.4415292593479,0.26921938912547944,0.4084000391882126,392.434,4.308200000000002,83.06,3,5,4,7,0.18181818181818182,0,0.0,3.132893333333334,False,,0,,0,,0,,0.7457627118644068,0.6385870661824052,0.8883401203316458,0.2,Osimertinib,0.2542372881355932,0.8,0.29692874244913936,0.5541241241176196,1.0,0.8662550902487343,0.29692874244913936,0.6793269892038734,1.0,0.7030712575508606,0.29692874244913936,-0.5098643290063118,7.037700175659681,-0.04335214262996928,-0.0,0.5764918097439284,7.57083984277364,0.0,0.0,0.25382908368821916,0.5038390719385758,0.0,1.020168155626795,0.35,medium,uncertain_prediction;agents_strongly_disagree,6.550671687146845,False,review,False,,0.18638573743922204,0.14748784440842788,0.14748784440842788,0.5032414910858996,0.49756888168557534,0.14424635332252836,0.1458670988654781,0.24311183144246354,0.2361426256077796,0.23403565640194487,7.854210993502975,526,0.75,5.556514474829179,1,502,0,24,review,CCOc1ccccc1-c1cc2c(N[C@H](CO)c3ccccc3)ncnc2[nH]1
CCOc1ccccc1-c1cc2c(N[C@H](CO)c3ccccc3)nc(N)nc2[nH]1,7.522168972514649,0.27659169353943086,0.38324268677962636,389.45900000000006,3.7513000000000005,109.07999999999998,4,6,4,7,0.18181818181818182,0,0.0,3.1130600000000004,False,,1,aniline,0,,0,,0.7758620689655172,0.6599983226512703,0.9272696775477641,0.16470588235294117,Afatinib,0.22413793103448276,0.8352941176470589,0.3119280576510607,0.5410504008057175,0.88,0.9042757875725879,0.3119280576510607,0.6593135615073416,0.9042757875725879,0.5923477299215272,0.4076522700784728,-0.4631806718083744,7.107281432205503,-0.06553449503855546,-0.2,0.583267723646576,7.425014660813523,0.0,0.0,0.2648875403091463,0.36543466240190897,0.0,0.8928222027110553,0.35,medium,uncertain_prediction;agents_strongly_disagree,6.532192458102468,False,review,False,,0.22042139384116693,0.06239870340356564,0.22447325769854132,0.3565640194489465,0.593192868719611,0.27228525121555913,0.1458670988654781,0.22690437601296595,0.21665316045380875,0.24606969205834683,7.6849984533580935,545,0.75,5.552476088572485,1,503,0,42,review,CCOc1ccccc1-c1cc2c(N[C@H](CO)c3ccccc3)ncnc2[nH]1
CCOc1ccccc1-c1cc2c(N[C@H](CO)c3ccccc3)nc(C)nc2[nH]1,7.553939631671894,0.3343824571905466,0.43482098927761076,388.47100000000006,4.477520000000003,83.06,3,5,4,7,0.21739130434782608,0,0.0,3.106473333333334,False,,0,,0,,0,,0.7586206896551724,0.6438500339883821,0.8979091527061492,0.16666666666666666,Afatinib,0.24137931034482762,0.8333333333333334,0.2794171878845909,0.5696718005129424,1.0,0.8817651978629453,0.2794171878845909,0.6827135465651196,1.0,0.7205828121154091,0.2794171878845909,-0.537728478240705,7.052365945886074,-0.009410880287606713,-0.0,0.5830979778317098,7.626053043430177,0.0,0.0,0.3515736857858199,0.5257285151442613,0.0,1.1398022009300812,0.35,medium,uncertain_prediction;agents_strongly_disagree,6.486250842500096,False,review,False,,0.24635332252836303,0.23743922204213938,0.23500810372771475,0.44408427876823336,0.513776337115073,0.13776337115072934,0.1458670988654781,0.1458670988654781,0.2824149108589951,0.2644651539708266,7.964950936460972,520,0.75,5.528609027265089,1,504,0,16,review,CCOc1ccccc1-c1cc2c(N[C@H](CO)c3ccccc3)ncnc2[nH]1
CCOc1ccccc1-c1cc2c(N[C@H](CO)c3ccccc3)nc(Cl)nc2[nH]1,7.483476561773746,0.2841664234121618,0.3816154758451703,408.889,4.8225000000000025,83.06,3,5,4,7,0.18181818181818182,0,0.0,3.2425933333333337,False,,0,,0,,0,,0.7457627118644068,0.6335870661824051,0.8792492112407365,0.18681318681318682,Osimertinib,0.2542372881355932,0.8131868131868132,0.2969526440549233,0.5351733835097154,1.0,0.8627336117272557,0.2969526440549233,0.6737149098229736,1.0,0.7030473559450767,0.2969526440549233,-0.5023496876907337,7.057226926655503,-0.08659170597301152,-0.0,0.578175126427245,7.548810347109736,0.0,0.0,0.2762496351182427,0.5038091949313459,0.0,1.0425588300495885,0.35,medium,uncertain_prediction;agents_strongly_disagree,6.506251517060147,False,review,False,,0.20421393841166938,0.04376012965964344,0.0640194489465154,0.5032414910858996,0.47974068071312803,0.1458670988654781,0.1458670988654781,0.20907617504051865,0.21089951377633714,0.21215559157212316,7.8018897636413405,535,0.75,5.485838226946695,1,505,0,30,review,CCOc1ccccc1-c1cc2c(N[C@H](CO)c3ccccc3)ncnc2[nH]1
CNc1cc2c(Nc3cccc(C(F)(F)F)c3)nc(C)nc2cn1,6.73854581305211,0.2219169384065935,0.7542240902317288,333.31700000000006,4.1373200000000026,62.730000000000004,2,5,3,3,0.1875,0,0.0,1.9000000000000001,False,,0,,0,,0,,0.7254901960784313,0.5506152413118357,0.7283913478397012,0.23684210526315788,Sunvozertinib,0.27450980392156865,0.7631578947368421,0.15429459637841214,0.7917463265505278,1.0,0.7370829845639864,0.15429459637841214,0.6707809768732316,1.0,0.8457054036215879,0.15429459637841214,-0.6886485073264259,6.40567040544222,0.4879740902317287,-0.0,0.5345746171456838,7.428219112819633,0.0,0.0,0.18287540760989024,0.6821317545269847,0.0,1.1275071621368749,0.35,medium,uncertain_prediction;agents_strongly_disagree,6.300711950682758,False,review,False,,0.07779578606158834,0.9692058346839546,0.9643435980551054,0.6134521880064829,0.05348460291734198,0.09562398703403566,0.1458670988654781,0.3338735818476499,0.4961912479740681,0.3726904376012966,8.023648610388515,512,0.75,5.4729404758043145,1,506,0,6,review,CNc1cc2c(Nc3cccc(C(F)(F)F)c3)ncnc2cn1
Nc1c(-c2ccc(CO)cc2)[nH]c2ncnc(N[C@H](CO)c3ccccc3)c12,7.052442370513105,0.16172268257918257,0.3534089378876297,375.43200000000013,2.844900000000001,120.08000000000001,5,6,4,6,0.14285714285714285,0,0.0,2.9195466666666676,False,,1,aniline,0,,0,,0.631578947368421,0.5222541242964004,0.6768256805389097,0.1625,Afatinib,0.368421052631579,0.8375,0.2749047148228484,0.5320846594279399,0.88,0.7169942604041822,0.2749047148228484,0.6009959086637426,0.88,0.6050952851771516,0.3949047148228484,-0.43478825845452573,6.809858346644331,-0.07023734782665614,-0.2,0.5862458938189379,7.125866892636613,0.0,0.0,0.09258402386877385,0.3813691064714395,0.0,0.7364531303402133,0.35,medium,uncertain_prediction;agents_strongly_disagree,6.3894137622964,False,review,False,,0.12317666126418152,0.01539708265802269,0.47974068071312803,0.9627228525121556,0.009724473257698542,0.25283630470016205,0.1458670988654781,0.5235008103727715,0.32301458670988653,0.25052674230145866,7.513484396688477,562,0.75,5.41504585305815,1,507,0,55,review,OCc1ccc(-c2cc3c(N[C@H](CO)c4ccccc4)ncnc3[nH]2)cc1
CNc1ncc2nc(C)nc(Nc3cccc(Br)c3)c2n1,6.729934536191711,0.24131207878805547,0.758824450581554,345.20400000000006,3.276020000000001,75.62,2,6,3,3,0.14285714285714285,0,0.0,1.9000000000000001,False,,0,,0,,0,,0.7291666666666666,0.5702157700687113,0.7640286728522022,0.19736842105263158,Sunvozertinib,0.27083333333333337,0.8026315789473684,0.13856517889628886,0.7942765247429315,1.0,0.7736793993759938,0.13856517889628886,0.6766302757538036,1.0,0.8614348211037112,0.13856517889628883,-0.717420129143353,6.367966418009628,0.48811016486726827,-0.0,0.553671641897261,7.409748224774157,0.0,0.0,0.2119681181820832,0.7017935263796391,0.0,1.1762616445617222,0.35,medium,uncertain_prediction;agents_strongly_disagree,6.233486580212435,False,review,False,,0.07455429497568881,0.986223662884927,0.9643435980551054,0.5786061588330632,0.11183144246353323,0.08752025931928688,0.1458670988654781,0.2965964343598055,0.4911669367909238,0.3739465153970826,7.999148548923266,514,0.75,5.407222398688933,1,508,0,6,review,CNc1ncc2ncnc(Nc3cccc(Br)c3)c2n1
COc1ccccc1-c1[nH]c2ncnc(N[C@H](CO)c3ccccc3)c2c1OC,6.9088771923506265,0.15848744312487587,0.44466944173762335,390.44300000000015,3.787600000000002,92.29,3,6,4,7,0.18181818181818182,0,0.0,3.1196200000000016,False,,0,,0,,0,,0.65,0.5980059523809524,0.8145562770562771,0.22093023255813954,Osimertinib,0.35,0.7790697674418605,0.24127808790024352,0.5745828083403082,1.0,0.805684649652673,0.24127808790024352,0.6553863864733062,1.0,0.7587219120997565,0.24127808790024352,-0.5521443980974169,6.671146027663313,-0.005091740080558686,-0.0,0.5948599994966274,7.260914287079381,0.0,0.0,0.08773116468731379,0.5734023901246956,0.0,0.9236335548120094,0.35,medium,uncertain_prediction;agents_strongly_disagree,6.337280732267372,False,review,False,,0.1085899513776337,0.28768233387358183,0.18071312803889789,0.9270664505672609,0.28038897893030795,0.12641815235008103,0.1458670988654781,0.5413290113452188,0.31892220421393846,0.26884116693679094,7.643620932136107,549,0.75,5.38489013259152,1,509,0,40,review,COc1ccccc1-c1cc2c(N[C@H](CO)c3ccccc3)ncnc2[nH]1
C/C=C/C(=O)Cc1ccc2ncnc(Nc3cc(Br)ccc3C)c2c1,7.216906346815669,0.17491812432488846,0.6076838341050834,396.28800000000007,5.132020000000003,54.88,1,4,3,5,0.15,1,0.45,2.4085866666666673,False,,0,,0,,0,,0.7241379310344828,0.611461946871108,0.8390217215838326,0.3150684931506849,Afatinib,0.27586206896551724,0.6849315068493151,0.30678389967649544,0.6415881600398472,1.0,0.8004991679002033,0.30678389967649544,0.6872178069041365,1.0,0.6932161003235046,0.30678389967649544,-0.5072452096368547,6.954529160328336,-0.4386041658949167,-0.0,0.5393728134852355,7.055297807918655,0.0,0.0,0.11237718648733268,0.4915201254043807,0.0,0.8663973118917133,0.35,medium,uncertain_prediction;agents_strongly_disagree,6.188900496026942,False,review,False,,0.14424635332252836,0.7350081037277147,0.8168557536466775,0.6239870340356564,0.3549432739059968,0.14910858995137763,0.1458670988654781,0.47811993517017826,0.45923824959481363,0.38650729335494327,7.606383707432431,552,0.75,5.377709248052874,1,510,0,42,review,C/C=C/C(=O)Cc1ccc2ncnc(Nc3cccc(Br)c3)c2c1
COc1cnccc1-c1[nH]c2ncnc(N[C@H](CO)c3ccccc3)c2c1OC,7.093383406532808,0.20667463834531843,0.444259655334335,391.43100000000015,3.1826000000000016,105.18,3,7,4,7,0.19047619047619047,0,0.0,3.126206666666668,False,,0,,0,,0,,0.6875,0.547983754934249,0.7236068271531799,0.2087912087912088,Osimertinib,0.3125,0.7912087912087912,0.25367360479147905,0.5741040924851664,1.0,0.7405073181670827,0.25367360479147905,0.6420712538609321,1.0,0.746326395208521,0.25367360479147905,-0.517863532092604,6.78337144901483,-0.005623725618046124,-0.0,0.5588893441509324,7.3366370675477155,0.0,0.0,0.16001195751797764,0.5579079940106512,0.0,0.9804199515286287,0.35,medium,uncertain_prediction;agents_strongly_disagree,6.356217116019087,False,review,False,,0.1280388978930308,0.2739059967585089,0.17017828200972449,0.7941653160453809,0.04862236628849271,0.1280388978930308,0.1458670988654781,0.3711507293354943,0.2967585089141005,0.226742301458671,7.692747278244636,544,0.75,5.353307877769492,1,511,0,33,review,COc1cnccc1-c1cc2c(N[C@H](CO)c3ccccc3)ncnc2[nH]1
C=CC(=O)Cc1cc2c(N(C)c3cccc(Br)c3)ncnc2cn1,6.6501776784734306,0.18680917312798492,0.6266979756675161,383.249,3.852800000000003,58.980000000000004,0,5,3,5,0.1111111111111111,0,0.0,2.3216600000000005,False,,0,,0,,0,,0.6065573770491803,0.5204260719188165,0.6735019489433026,0.2375,Sunvozertinib,0.39344262295081966,0.7625,0.1567779984287682,0.7053892712325185,1.0,0.6957514617074769,0.1567779984287682,0.6394796828421909,1.0,0.8432220015712318,0.15677799842876816,-0.6436022458845637,6.369963918781453,0.2895600867786271,-0.0,0.5741746675636945,7.233698673123774,0.0,0.0,0.13021375969197738,0.6790275019640399,0.0,1.0717412616560171,0.35,medium,uncertain_prediction;agents_strongly_disagree,6.161957411467757,False,review,False,,0.05834683954619125,0.7974068071312804,0.8565640194489466,0.993517017828201,0.006482982171799027,0.10048622366288493,0.1458670988654781,0.4376012965964344,0.5129254457050243,0.36928687196110216,7.849209207969803,528,0.75,5.33010165782108,1,512,0,16,review,C=CC(=O)Cc1cc2c(Nc3cccc(Br)c3)ncnc2cn1
C/C=C/C(=O)Cc1ccc2ncnc(Nc3ccc(Cl)c(Br)c3)c2c1,7.658968603786182,0.32406371881513635,0.559782802309578,416.7060000000001,5.477000000000003,54.88,1,4,3,5,0.10526315789473684,1,0.45,2.5447066666666673,False,,0,,0,,0,,0.7288135593220338,0.6128640259461718,0.8415709562657668,0.3717948717948718,Osimertinib,0.27118644067796616,0.6282051282051282,0.31289754777595,0.6100072079369345,1.0,0.7882294992506071,0.31289754777595,0.6777835637408729,1.0,0.68710245222405,0.31289754777595,-0.4865146879532305,7.172873025563478,-0.5113968819009485,-0.0,0.5208881758330649,7.182364319495594,0.0,0.0,0.3360955782227045,0.4838780652800625,0.0,1.0824736435027669,0.35,medium,uncertain_prediction;agents_strongly_disagree,6.099890675992827,False,review,False,,0.27228525121555913,0.6507293354943274,0.7179902755267423,0.5940032414910859,0.36547811993517015,0.15883306320907617,0.1458670988654781,0.15883306320907617,0.47917341977309563,0.38545380875202595,7.757372423223309,538,0.75,5.287435246495258,1,513,0,25,review,C/C=C/C(=O)Cc1ccc2ncnc(Nc3cccc(Br)c3)c2c1
Cc1nc(N[C@H](CO)c2ccccc2)c2cc(-c3ccc(CO)cc3)[nH]c2n1,7.131123614285525,0.2779426675874669,0.4139120085957857,374.4440000000001,3.5711200000000014,94.06000000000002,4,5,4,6,0.18181818181818182,0,0.0,2.9129600000000004,False,,0,,0,,0,,0.7090909090909091,0.592383658008658,0.8043339236521053,0.14634146341463414,Afatinib,0.2909090909090909,0.8536585365853658,0.21322103626015448,0.565614681650759,1.0,0.8166650768854204,0.21322103626015448,0.6488751986990835,1.0,0.7867789637398455,0.21322103626015454,-0.5808722165852387,6.714209612904325,-0.004850173222396174,-0.0,0.588090132797727,7.297449572479656,0.0,0.0,0.2669140013812003,0.6084737046748069,0.0,1.137887706056007,0.35,medium,uncertain_prediction;agents_strongly_disagree,6.159561866423649,False,review,False,,0.1312803889789303,0.17260940032414912,0.5291734197730956,0.6952998379254457,0.24473257698541329,0.11183144246353323,0.1458670988654781,0.22042139384116693,0.312034035656402,0.24898703403565642,7.671890415267338,547,0.75,5.1833463072664365,1,514,0,33,review,OCc1ccc(-c2cc3c(N[C@H](CO)c4ccccc4)ncnc3[nH]2)cc1
CNc1cc2c(Nc3cccc(C(F)(F)F)c3)nc(Cl)nc2cn1,6.682584770215033,0.248658932483432,0.6795619857840922,353.73500000000007,4.482300000000001,62.730000000000004,2,5,3,3,0.13333333333333333,0,0.0,1.9249000000000005,False,,0,,0,,0,,0.7115384615384616,0.5407996117614993,0.7105447486572712,0.26666666666666666,Sunvozertinib,0.28846153846153844,0.7333333333333334,0.12158493981535595,0.7497244767966353,1.0,0.7162418948262868,0.12158493981535595,0.6468878278595696,1.0,0.8784150601846441,0.1215849398153559,-0.7004038507256181,6.309596371489885,0.40416031911742545,-0.0,0.5274438794720101,7.24120057007932,0.0,0.0,0.22298839872514797,0.7230188252308051,0.0,1.208507223955953,0.35,medium,uncertain_prediction;agents_strongly_disagree,6.0326933461233665,False,review,False,,0.06645056726094004,0.8905996758508914,0.9181523500810372,0.6912479740680713,0.029173419773095625,0.08103727714748785,0.1458670988654781,0.2771474878444084,0.48399513776337116,0.35393030794165314,7.821994735395365,533,0.75,5.18240971565335,1,515,0,18,review,CNc1cc2c(Nc3cccc(C(F)(F)F)c3)ncnc2cn1
C=CC(=O)Cc1cc2c(Nc3cccc(Br)c3)nc(C)nc2cn1,6.886306903166506,0.3163609665232434,0.6711836604087291,383.2490000000001,4.136920000000003,67.77000000000001,1,5,3,5,0.1111111111111111,0,0.0,2.3216600000000005,False,,0,,0,,0,,0.7543859649122807,0.6441311612364243,0.898420293157135,0.27848101265822783,Sunvozertinib,0.24561403508771928,0.7215189873417722,0.1251240492253562,0.7298563978401855,1.0,0.8541949667032944,0.1251240492253562,0.677293853442209,1.0,0.8748759507746438,0.12512404922535625,-0.7362264056224705,6.4117654533816415,0.33404577151984016,-0.0,0.5515870852812891,7.297398310182771,0.0,0.0,0.3245414497848651,0.7185949384683046,0.0,1.3056363882531696,0.35,medium,uncertain_prediction;agents_strongly_disagree,5.991761921929601,False,review,False,,0.10372771474878444,0.8752025931928687,0.8565640194489466,0.4586709886547812,0.5153970826580226,0.08265802269043761,0.1458670988654781,0.17179902755267423,0.441936790923825,0.37690437601296595,7.827722459291361,531,0.75,5.169047173145161,1,516,0,15,review,C=CC(=O)Cc1cc2c(Nc3cccc(Br)c3)ncnc2cn1
COc1c(-c2ccc(CO)cc2)[nH]c2ncnc(N[C@H](CO)c3ccccc3)c12,7.194572391230299,0.2868657584217404,0.3861837707859718,390.4430000000001,3.271300000000001,103.29,4,6,4,7,0.18181818181818182,0,0.0,3.1196200000000007,False,,0,,0,,0,,0.5901639344262295,0.5160773664713588,0.6655952117661068,0.19101123595505617,Osimertinib,0.4098360655737705,0.8089887640449438,0.22283706691235644,0.5424156893168999,1.0,0.7014435998358161,0.22283706691235644,0.6166740890162681,1.0,0.7771629330876435,0.2228370669123565,-0.5251160294718822,6.7642737535976885,-0.0635774110322101,-0.0,0.5935216616632066,7.294218004228685,0.0,0.0,0.2802986376326106,0.5964536663595544,0.0,1.139252303992165,0.35,medium,uncertain_prediction;agents_strongly_disagree,6.15496570023652,False,review,False,,0.1426256077795786,0.08346839546191248,0.19367909238249595,0.9983792544570502,0.004862236628849271,0.12155591572123177,0.1458670988654781,0.20421393841166938,0.3096029173419773,0.21195299837925444,7.665741505039057,548,0.75,5.134309298291626,1,517,0,31,review,OCc1ccc(-c2cc3c(N[C@H](CO)c4ccccc4)ncnc3[nH]2)cc1
COc1ccccc1-c1[nH]c2ncnc(N[C@H](CO)c3ccccc3)c2c1N,6.858329736039973,0.18994654979638448,0.4114054665345453,375.43200000000013,3.361200000000001,109.08,4,6,4,6,0.14285714285714285,0,0.0,2.9195466666666676,False,,1,aniline,0,,0,,0.65,0.583125,0.7874999999999999,0.23529411764705882,Osimertinib,0.35,0.7647058823529411,0.2066198491525242,0.5639827501837436,0.88,0.7818014705882352,0.2066198491525242,0.6081010174811258,0.88,0.6733801508474758,0.3266198491525242,-0.5353082244381354,6.573409911345396,-0.012240819179740575,-0.2,0.5837867647058823,6.944955856871538,0.0,0.0,0.1349198246945767,0.4667251885593448,0.0,0.8641450132539215,0.35,medium,uncertain_prediction;agents_strongly_disagree,6.080810843617617,False,review,False,,0.09886547811993517,0.15235008103727715,0.47974068071312803,0.9270664505672609,0.18071312803889789,0.1766612641815235,0.1458670988654781,0.4246353322528363,0.3323338735818476,0.2647487844408428,7.343756505169756,573,0.75,5.123509384946628,1,518,0,55,review,COc1ccccc1-c1cc2c(N[C@H](CO)c3ccccc3)ncnc2[nH]1
C/C=C/C(=O)Cc1ccc2ncnc(Nc3cccc(Br)c3Cl)c2c1,7.602493015023323,0.34877014279567203,0.559782802309578,416.7060000000001,5.477000000000003,54.88,1,4,3,5,0.10526315789473684,1,0.45,2.5447066666666673,False,,0,,0,,0,,0.6885245901639344,0.5792662756382352,0.7804841375240639,0.33783783783783783,Afatinib,0.3114754098360656,0.6621621621621622,0.2814841537988603,0.6100072079369345,1.0,0.7509036436835885,0.2814841537988603,0.6605987513548459,1.0,0.7185158462011396,0.2814841537988604,-0.5054861300746474,7.079337800829815,-0.5113968819009485,-0.0,0.5339336174558942,7.101874536384761,0.0,0.0,0.37315521419350806,0.5231448077514246,0.0,1.1588000219449326,0.35,medium,uncertain_prediction;agents_strongly_disagree,5.943074514439829,False,review,False,,0.2560777957860616,0.6507293354943274,0.7179902755267423,0.7844408427876823,0.16450567260940033,0.1393841166936791,0.1458670988654781,0.1312803889789303,0.5099675850891411,0.3762155591572124,7.71383563849173,542,0.75,5.119533185428484,1,519,0,23,review,C/C=C/C(=O)Cc1ccc2ncnc(Nc3cccc(Br)c3)c2c1
Cc1c(-c2ccc(CO)cc2)[nH]c2ncnc(N[C@H](CO)c3ccccc3)c12,6.8103799823139255,0.1862089691946306,0.41391200859578564,374.44400000000013,3.5711200000000014,94.06,4,5,4,6,0.18181818181818182,0,0.0,2.912960000000001,False,,0,,0,,0,,0.6206896551724138,0.5212152416711154,0.6749368030383917,0.189873417721519,Afatinib,0.3793103448275862,0.810126582278481,0.19724871714223996,0.565614681650759,1.0,0.708734247848414,0.19724871714223996,0.6178994116603532,1.0,0.8027512828577601,0.1972487171422399,-0.5608675926908178,6.53106652852198,-0.004850173222396285,-0.0,0.582461830615556,7.10867818591514,0.0,0.0,0.12931345379194586,0.6284391035722001,0.0,1.0202525573641459,0.35,medium,uncertain_prediction;agents_strongly_disagree,6.0884256285509935,False,review,False,,0.09238249594813615,0.16774716369529985,0.5194489465153971,0.979740680713128,0.008103727714748784,0.10696920583468396,0.1458670988654781,0.4392220421393841,0.3489870340356564,0.2508508914100487,7.527462626757927,561,0.75,5.114446698243052,1,520,0,41,review,OCc1ccc(-c2cc3c(N[C@H](CO)c4ccccc4)ncnc3[nH]2)cc1
CNc1ncc2nc(Cl)nc(Nc3cccc(Br)c3)c2n1,6.611378376639645,0.24832855970529144,0.6904877876280088,365.62200000000007,3.6210000000000013,75.62,2,6,3,3,0.07692307692307693,0,0.0,2.004146666666667,False,,0,,0,,0,,0.7142857142857143,0.5691066917296426,0.7620121667811682,0.22666666666666666,Sunvozertinib,0.2857142857142857,0.7733333333333333,0.10401460236620724,0.7526857190928407,1.0,0.7648424584192095,0.10401460236620724,0.6553856949695643,1.0,0.8959853976337928,0.10401460236620719,-0.735161456804476,6.238885537081708,0.3975580953203164,-0.0,0.5510744702667206,7.1875181026687445,0.0,0.0,0.22249283955793714,0.744981747042241,0.0,1.229974586600178,0.35,medium,uncertain_prediction;agents_strongly_disagree,5.957543516068567,False,review,False,,0.05348460291734198,0.9035656401944895,0.8970826580226904,0.6742301458670988,0.10372771474878444,0.06969205834683954,0.1458670988654781,0.2787682333873582,0.4741896272285252,0.35457860615883313,7.756545655342975,539,0.75,5.108037843459167,1,521,0,18,review,CNc1ncc2ncnc(Nc3cccc(Br)c3)c2n1
C/C=C/C(=O)Cc1ccc2ncnc(Nc3ccc(C)c(Br)c3)c2c1,7.365498170983251,0.2936249980554595,0.6076838341050834,396.28800000000007,5.132020000000003,54.88,1,4,3,5,0.15,1,0.45,2.4085866666666673,False,,0,,0,,0,,0.7413793103448276,0.627274806739552,0.8677723758900945,0.325,Osimertinib,0.2586206896551724,0.675,0.26083704410699116,0.6415881600398472,1.0,0.8195792819175709,0.26083704410699116,0.6805011215161023,1.0,0.7391629558930088,0.26083704410699116,-0.5595521032121481,6.925060673900062,-0.4386041658949167,-0.0,0.5358224043173512,7.022278912322497,0.0,0.0,0.2904374970831892,0.5489536948662611,0.0,1.1018911919494503,0.35,medium,uncertain_prediction;agents_strongly_disagree,5.920387720373046,False,review,False,,0.16693679092382496,0.7350081037277147,0.8168557536466775,0.5332252836304701,0.44408427876823336,0.1312803889789303,0.1458670988654781,0.1993517017828201,0.4512965964343598,0.37743111831442466,7.563834828043729,557,0.75,5.098305062350356,1,522,0,35,review,C/C=C/C(=O)Cc1ccc2ncnc(Nc3cccc(Br)c3)c2c1
CNc1cc2c(Nc3cccc(C(F)(F)F)c3)nc(OC)nc2cn1,6.516503447606612,0.23903118964843856,0.7456970005963534,349.3160000000001,3.837500000000002,71.96000000000001,2,6,3,4,0.1875,0,0.0,2.0,False,,0,,0,,0,,0.6851851851851852,0.5237037037037038,0.6794612794612795,0.24096385542168675,Osimertinib,0.31481481481481477,0.7590361445783133,0.08680402914774613,0.7832102734049173,1.0,0.6993549957405379,0.08680402914774613,0.6423423245733003,1.0,0.9131959708522539,0.0868040291477461,-0.7407177272340724,6.157956663133954,0.46444700059635335,-0.0,0.5392428299054806,7.1616464936357875,0.0,0.0,0.20854678447265784,0.7664949635653173,0.0,1.2375417480379751,0.35,medium,uncertain_prediction;agents_strongly_disagree,5.924104745597813,False,review,False,,0.024311183144246355,0.9578606158833063,0.9092382495948136,0.7990275526742301,0.011345218800648298,0.06645056726094004,0.1458670988654781,0.3014586709886548,0.49870340356564025,0.3592382495948136,7.760090577914556,536,0.75,5.080190645111589,1,523,0,13,review,CNc1cc2c(Nc3cccc(C(F)(F)F)c3)ncnc2cn1
CNc1ncc2nc(N)nc(Nc3cccc(Br)c3)c2n1,6.530856797471997,0.22238013288584563,0.6697853314381151,346.192,2.5498000000000003,101.64,3,7,3,3,0.07692307692307693,0,0.0,1.9000000000000001,False,,1,aniline,0,,0,,0.7142857142857143,0.5729218929218929,0.7689488962216233,0.19480519480519481,Sunvozertinib,0.2857142857142857,0.8051948051948052,0.10204810634790729,0.7453050092140403,0.88,0.7780103734649189,0.10204810634790729,0.6263408722567165,0.88,0.7779518936520927,0.22204810634790728,-0.6990570212117456,6.197286598143228,0.3924776391304228,-0.2,0.5623670941852759,6.952131331458927,0.0,0.0,0.18357019932876845,0.5974398670651159,0.0,1.0435100663938843,0.35,medium,uncertain_prediction;agents_strongly_disagree,5.908621265065042,False,review,False,,0.029173419773095625,0.8679092382495948,0.9643435980551054,0.6742301458670988,0.12965964343598055,0.11993517017828201,0.1458670988654781,0.33225283630470015,0.4662074554294976,0.3589546191247974,7.511580277974324,563,0.75,5.0643668080148,1,524,0,39,review,CNc1ncc2ncnc(Nc3cccc(Br)c3)c2n1
COc1cnccc1-c1cc2c(N[C@H](CO)c3ccccc3)nc(C)nc2[nH]1,7.0453371947519985,0.3035104306572642,0.47744401018345334,375.4320000000001,3.482420000000001,95.94999999999999,3,6,4,6,0.19047619047619047,0,0.0,2.919546666666667,False,,0,,0,,0,,0.7540983606557377,0.6028950131371151,0.8234454784311183,0.18478260869565216,Osimertinib,0.24590163934426235,0.8152173913043479,0.1738769972279147,0.600303949190643,1.0,0.8213884566494256,0.1738769972279147,0.6488923507669958,1.0,0.8261230027720853,0.17387699722791472,-0.6333538047187748,6.590071548766102,0.058559629231072344,-0.0,0.561082324704002,7.2097135027011765,0.0,0.0,0.3052656459858963,0.6576537534651067,0.0,1.225419399451003,0.35,medium,uncertain_prediction;agents_strongly_disagree,5.984294103250173,False,review,False,,0.12155591572123177,0.49432739059967584,0.49351701782820095,0.4675850891410049,0.3087520259319287,0.10372771474878444,0.1458670988654781,0.1880064829821718,0.3211102106969206,0.27196110210696917,7.595045755537481,555,0.75,5.035647425778537,1,525,0,30,review,COc1cnccc1-c1cc2c(N[C@H](CO)c3ccccc3)ncnc2[nH]1
COc1ccccc1-c1cc2c(N[C@H](CO)c3ccccc3)nc(C)nc2[nH]1,6.924255246438111,0.2849501692799017,0.4734806263536626,374.4440000000001,4.087420000000002,83.06,3,5,4,6,0.18181818181818182,0,0.0,2.9129600000000004,False,,0,,0,,0,,0.7368421052631579,0.6429716071975284,0.8963120130864153,0.19318181818181818,Osimertinib,0.26315789473684215,0.8068181818181819,0.15659869311359664,0.5983774214175914,1.0,0.8739385552693568,0.15659869311359664,0.6572286674501362,1.0,0.8434013068864034,0.15659869311359664,-0.6675066324487194,6.496829992518259,0.05471844453548075,-0.0,0.5845445104486373,7.136092947502377,0.0,0.0,0.2774252539198525,0.6792516336080043,0.0,1.2191768875278568,0.35,medium,uncertain_prediction;agents_strongly_disagree,5.91691605997452,False,review,False,,0.11183144246353323,0.4497568881685575,0.5291734197730956,0.5510534846029174,0.5081037277147488,0.09724473257698542,0.1458670988654781,0.20745542949756887,0.32986223662884934,0.2945299837925446,7.531927631456996,560,0.75,4.9953520405255745,1,526,0,34,review,COc1ccccc1-c1cc2c(N[C@H](CO)c3ccccc3)ncnc2[nH]1
CNc1ncc2nc(OC)nc(Nc3cccc(Br)c3)c2n1,6.5171409945263585,0.26465792752497075,0.738997939513238,361.20300000000003,2.9762000000000004,84.85000000000001,2,7,3,4,0.14285714285714285,0,0.0,2.074686666666667,False,,0,,0,,0,,0.6862745098039216,0.5632156371320458,0.7513011584219014,0.21951219512195122,Osimertinib,0.3137254901960784,0.7804878048780488,0.06902469936411013,0.7766532257066399,1.0,0.7585978200359382,0.06902469936411013,0.6510689362766721,1.0,0.9309753006358898,0.06902469936411015,-0.7760589825500827,6.120154103238902,0.44208065379895223,-0.0,0.5631481016571253,7.12538285869498,0.0,0.0,0.2469868912874561,0.7887191257948623,0.0,1.2982060170823184,0.35,medium,uncertain_prediction;agents_strongly_disagree,5.827176841612662,False,review,False,,0.02593192868719611,0.9489465153970826,0.8905996758508914,0.7974068071312804,0.08589951377633712,0.05834683954619125,0.1458670988654781,0.25121555915721233,0.49452998379254465,0.3604943273905996,7.718818839246033,541,0.75,4.984770034481382,1,527,0,14,review,CNc1ncc2ncnc(Nc3cccc(Br)c3)c2n1
C=CC(=O)Cc1cc2c(Nc3cccc(Br)c3)nc(N)nc2cn1,6.76167835018241,0.3030481191300516,0.6551470899586137,384.2370000000001,3.4107000000000003,93.79,2,6,3,5,0.058823529411764705,0,0.0,2.3282466666666672,False,,1,aniline,0,,0,,0.7543859649122807,0.6340121136173767,0.8800220247588667,0.27848101265822783,Sunvozertinib,0.24561403508771928,0.7215189873417722,0.1032859041545664,0.7207829507592889,0.88,0.8403962654045931,0.1032859041545664,0.6361162800796121,0.88,0.7767140958454336,0.2232859041545664,-0.7104405012333942,6.307106171487333,0.3117924428997901,-0.2,0.546987518181722,6.965886132568845,0.0,0.0,0.30457217869507736,0.595892619806792,0.0,1.1629647985018692,0.35,medium,uncertain_prediction;agents_strongly_disagree,5.802921334066976,False,review,False,,0.08265802269043761,0.859805510534846,0.8427876823338736,0.4586709886547812,0.4829821717990275,0.12317666126418152,0.1458670988654781,0.1912479740680713,0.42730956239870344,0.36867909238249597,7.478657607447289,566,0.75,4.970336244925971,1,528,0,38,review,C=CC(=O)Cc1cc2c(Nc3cccc(Br)c3)ncnc2cn1
[2H]C([2H])([2H])Oc1ccccc1-c1[nH]c2ncnc(N[C@H](CO)c3ccccc3)c2c1C,7.054236633981726,0.33133602835861775,0.4714033281284183,377.4623053340001,4.0874200000000025,83.06,3,5,4,6,0.18181818181818182,0,0.0,2.933082035560001,False,,0,,0,,0,,0.6774193548387096,0.5766219306692345,0.7756762375804263,0.1927710843373494,Afatinib,0.32258064516129037,0.8072289156626506,0.15662393864439914,0.5964609829490917,1.0,0.7835644071009824,0.15662393864439914,0.6341623321736183,1.0,0.8433760613556008,0.15662393864439916,-0.6367178580389588,6.5572325914438,0.04962284097623637,-0.0,0.5812490244164824,7.188104456836519,0.0,0.0,0.3470040425379266,0.6792200766945011,0.0,1.2887241192324277,0.35,medium,uncertain_prediction;agents_strongly_disagree,5.899380337604091,False,review,False,,0.12479740680713128,0.41491085899513774,0.44570502431118314,0.8444084278768234,0.14910858995137763,0.09886547811993517,0.1458670988654781,0.14910858995137763,0.37487844408427873,0.2755267423014587,7.637958589737654,550,0.75,4.955012428365842,1,529,0,21,review,[2H]C([2H])([2H])Oc1ccccc1-c1cc2c(N[C@H](CO)c3ccccc3)ncnc2[nH]1
COc1cnccc1-c1[nH]c2ncnc(N[C@H](CO)c3ccccc3)c2c1N,6.985972380744336,0.25721754300022326,0.4080228541518261,376.42000000000013,2.7561999999999998,121.97,4,7,4,6,0.15,0,0.0,2.9261333333333344,False,,1,aniline,0,,0,,0.6875,0.547983754934249,0.7236068271531799,0.2222222222222222,Osimertinib,0.3125,0.7777777777777778,0.1914408150859277,0.5618689800399146,0.88,0.7371495648093294,0.1914408150859277,0.5926148399837929,0.88,0.6885591849140723,0.3114408150859277,-0.5348986998638203,6.600146066244001,-0.015897145848174046,-0.2,0.5548600401216284,6.939108960517455,0.0,0.0,0.23582631450033487,0.4856989811425904,0.0,0.9840252956429252,0.35,medium,uncertain_prediction;agents_strongly_disagree,5.95508366487453,False,review,False,,0.1166936790923825,0.12479740680713128,0.4619124797406807,0.7941653160453809,0.04862236628849271,0.15559157212317667,0.1458670988654781,0.2593192868719611,0.30559157212317667,0.2273095623987034,7.305818847065267,578,0.75,4.952855139752973,1,530,0,48,review,COc1cnccc1-c1cc2c(N[C@H](CO)c3ccccc3)ncnc2[nH]1
CNc1cc2c(Nc3cccc(C(F)(F)F)c3)nc(F)nc2cn1,6.568606996742891,0.22492555376078513,0.5593019162639201,337.28000000000003,3.9680000000000017,62.730000000000004,2,5,3,3,0.13333333333333333,0,0.0,1.9000000000000001,False,,0,,0,,0,,0.7254901960784313,0.5398348813209494,0.7087906933108169,0.2702702702702703,Sunvozertinib,0.27450980392156865,0.7297297297297297,0.10970386155317313,0.6845391308682329,1.0,0.7140254524155452,0.10970386155317313,0.6270671112092379,1.0,0.8902961384468269,0.10970386155317313,-0.6898176662080863,6.2312186661017135,0.2876352495972534,-0.0,0.519646004011329,7.038499919710296,0.0,0.0,0.18738833064117769,0.7378701730585335,0.0,1.1877585036997111,0.35,medium,uncertain_prediction;agents_strongly_disagree,5.850741416010585,False,review,False,,0.03889789303079417,0.6442463533225283,0.9643435980551054,0.6134521880064829,0.024311183144246355,0.0713128038897893,0.1458670988654781,0.32576985413290116,0.4136952998379254,0.30652350081037283,7.534934279515807,559,0.75,4.943569616983032,1,531,0,28,review,CNc1cc2c(Nc3cccc(C(F)(F)F)c3)ncnc2cn1
CNc1ncc2nc(F)nc(Nc3cccc(Br)c3)c2n1,6.569506426449073,0.2890783148116242,0.7080203310666161,349.16700000000003,3.106700000000001,75.62,2,6,3,3,0.07692307692307693,0,0.0,1.9000000000000001,False,,0,,0,,0,,0.7142857142857143,0.5537220763450271,0.7340401388091401,0.24324324324324326,Sunvozertinib,0.2857142857142857,0.7567567567567568,0.06502178624413132,0.7663342590097157,1.0,0.7397192932960444,0.06502178624413132,0.6427688346374729,1.0,0.9349782137558686,0.06502178624413135,-0.7703293978577886,6.135888954231636,0.43071263875892374,-0.0,0.5391084903007406,7.105710083291301,0.0,0.0,0.28361747221743633,0.7937227671948357,0.0,1.339840239412272,0.35,medium,uncertain_prediction;agents_strongly_disagree,5.765869843879029,False,review,False,,0.04051863857374392,0.9084278768233387,0.9643435980551054,0.6742301458670988,0.06482982171799027,0.05672609400324149,0.1458670988654781,0.2025931928687196,0.4794165316045381,0.3491491085899514,7.681009921216747,546,0.75,4.909848774186971,1,532,0,14,review,CNc1ncc2ncnc(Nc3cccc(Br)c3)c2n1
CCOc1ccccc1-c1[nH]c2ncnc(N[C@H](CO)c3ccccc3)c2c1C,6.7856289005150145,0.24884106405191125,0.43482098927761065,388.4710000000001,4.477520000000003,83.06,3,5,4,7,0.21739130434782608,0,0.0,3.106473333333334,False,,0,,0,,0,,0.6557377049180327,0.5524083697071218,0.731651581285676,0.19753086419753085,Afatinib,0.34426229508196726,0.8024691358024691,0.14721848029241577,0.5696718005129422,1.0,0.7493559699148743,0.14721848029241577,0.616561562680058,1.0,0.8527815197075842,0.1472184802924158,-0.6257907765168563,6.412367304437147,-0.009410880287606824,-0.0,0.578571668849045,6.981528092998585,0.0,0.0,0.2232615960778669,0.6909768996344803,0.0,1.176738495712347,0.35,medium,uncertain_prediction;agents_strongly_disagree,5.804789597286238,False,review,False,,0.08752025931928688,0.22690437601296595,0.23500810372771475,0.9189627228525121,0.05915721231766612,0.09238249594813615,0.1458670988654781,0.2755267423014587,0.30380875202593194,0.21920583468395463,7.346098595429703,572,0.75,4.792836598906984,1,533,0,39,review,CCOc1ccccc1-c1cc2c(N[C@H](CO)c3ccccc3)ncnc2[nH]1
COc1cc(C(N)=O)ccc1-c1cc2c(N[C@H](C)c3ccccc3)nc(C)nc2[nH]1,6.894198921871893,0.2810288940961557,0.4486198580311708,401.4700000000001,4.2139200000000026,105.91999999999999,3,5,4,6,0.17391304347826086,0,0.0,3.093133333333334,False,,0,,0,,0,,0.7741935483870968,0.6046029835461708,0.8265508791748559,0.1935483870967742,Osimertinib,0.22580645161290325,0.8064516129032258,0.15182950460066422,0.5777742552504772,1.0,0.8215260626069485,0.15182950460066422,0.6377824556145225,1.0,0.8481704953993358,0.15182950460066424,-0.6479372680184777,6.472655580727659,0.0020411623789968088,-0.0,0.5501861068904881,7.0248828499971445,0.0,0.0,0.27154334114423356,0.6852131192491697,0.0,1.2192564603934033,0.35,medium,uncertain_prediction;agents_strongly_disagree,5.805626389603741,False,review,False,,0.10696920583468396,0.32982171799027554,0.26904376012965964,0.3727714748784441,0.320097244732577,0.0940032414910859,0.1458670988654781,0.21231766612641814,0.22901134521880068,0.2123581847649919,7.299696464259705,579,0.75,4.785456211321732,1,534,0,45,review,COc1cc(C(N)=O)ccc1-c1cc2c(N[C@H](C)c3ccccc3)ncnc2[nH]1
CNc1cc2c(Nc3cccc(C(F)(F)F)c3)nc(N)nc2cn1,6.4187308295350745,0.26550847377130427,0.6801078853271744,334.30500000000006,3.4111000000000002,88.75,3,6,3,3,0.13333333333333333,0,0.0,1.9000000000000001,False,,1,aniline,0,,0,,0.7115384615384616,0.5423703489492964,0.7134006344532661,0.23376623376623376,Sunvozertinib,0.28846153846153844,0.7662337662337663,0.04382677574385563,0.7509824138530228,0.88,0.7266089173983912,0.04382677574385563,0.6003545267488174,0.88,0.8361732242561444,0.16382677574385562,-0.7420370013399491,6.020468118878118,0.40844121866050764,-0.2,0.5380279807911387,6.766937318329764,0.0,0.0,0.24826271065695638,0.6702165303201804,0.0,1.1809792409771367,0.35,medium,uncertain_prediction;agents_strongly_disagree,5.585958077352627,False,review,False,,0.014586709886547812,0.8946515397082658,0.9643435980551054,0.6912479740680713,0.03241491085899514,0.10210696920583469,0.1458670988654781,0.2479740680713128,0.46839546191247977,0.3445705024311183,7.32901187262474,574,0.75,4.72444268026997,1,535,0,39,review,CNc1cc2c(Nc3cccc(C(F)(F)F)c3)ncnc2cn1
COc1ccccc1-c1[nH]c2ncnc(N[C@H](CO)c3ccccc3)c2c1C,6.704824541778191,0.3227835100070916,0.47348062635366256,374.44400000000013,4.0874200000000025,83.06,3,5,4,6,0.18181818181818182,0,0.0,2.912960000000001,False,,0,,0,,0,,0.65,0.583125,0.7874999999999999,0.22093023255813954,Osimertinib,0.35,0.7790697674418605,0.07525767843958356,0.5983774214175914,1.0,0.7853924418604651,0.07525767843958356,0.61475688542941,1.0,0.9247423215604165,0.07525767843958353,-0.7193322759864353,6.220649276767554,0.05471844453548064,-0.0,0.5880959302325581,6.863463651535593,0.0,0.0,0.3341752650106374,0.7809279019505205,0.0,1.377603166961158,0.35,medium,uncertain_prediction;agents_strongly_disagree,5.4858604845744345,False,review,False,,0.06969205834683954,0.44246353322528365,0.5194489465153971,0.9270664505672609,0.18071312803889789,0.06320907617504051,0.1458670988654781,0.1620745542949757,0.3831847649918963,0.2790113452188006,7.323285369525869,576,0.75,4.5456740988369955,1,536,0,40,review,COc1ccccc1-c1cc2c(N[C@H](CO)c3ccccc3)ncnc2[nH]1
CN(c1cccc(Br)c1)c1ncnc2cnc(CC(=O)/C=C\Cl)cc12,6.395605232158489,0.26408687692962274,0.5751988067741716,417.69400000000013,4.4193000000000024,58.980000000000004,0,5,3,5,0.1111111111111111,0,0.0,2.5512933333333345,False,,0,,0,,0,,0.6129032258064516,0.5320497019261217,0.6946358216838575,0.2125,Afatinib,0.3870967741935484,0.7875,0.03904049418888625,0.6682326770591277,1.0,0.7178518662628931,0.03904049418888625,0.6062812593777267,1.0,0.9609595058111138,0.03904049418888622,-0.7563210202517873,5.999474916764054,0.20361591788528252,-0.0,0.5841025038080612,6.7871933384573975,0.0,0.0,0.24613031539443408,0.8261993822638922,0.0,1.3348296976583263,0.35,medium,uncertain_prediction;agents_strongly_disagree,5.452363640799071,False,review,False,,0.011345218800648298,0.6693679092382496,0.6782820097244733,0.9902755267423015,0.014586709886547812,0.050243111831442464,0.1458670988654781,0.25283630470016205,0.4387763371150729,0.30437601296596434,7.313724942995485,577,0.75,4.542614856358227,1,537,0,40,review,O=C(/C=C\Cl)Cc1cc2c(Nc3cccc(Br)c3)ncnc2cn1
Nc1nc(Nc2cccc(Br)c2)c2cc(CC(=O)/C=C\Cl)ncc2n1,6.5324501250438445,0.3386366485528112,0.608789936010034,418.6820000000001,3.9772000000000016,93.78999999999999,2,6,3,5,0.058823529411764705,0,0.0,2.557880000000001,False,,1,aniline,0,,0,,0.7586206896551724,0.6436322298391264,0.8975131451620478,0.24390243902439024,Sunvozertinib,0.24137931034482762,0.7560975609756098,0.021066877273993284,0.6864544648055186,0.88,0.8621592491154384,0.021066877273993284,0.6124201477987377,0.88,0.8589331227260067,0.14106687727399325,-0.7884710273663259,6.0244951522146275,0.2309902889512103,-0.2,0.5598282442383673,6.615313685404205,0.0,0.0,0.35795497282921684,0.6986664034075085,0.0,1.3191213762367253,0.35,medium,uncertain_prediction;agents_strongly_disagree,5.29619230916748,False,review,False,,0.03241491085899514,0.7423014586709886,0.6564019448946515,0.44408427876823336,0.5121555915721232,0.08914100486223663,0.1458670988654781,0.1426256077795786,0.35032414910858994,0.3129659643435981,7.035702664334513,585,0.75,4.396751466379797,1,538,0,47,review,O=C(/C=C\Cl)Cc1cc2c(Nc3cccc(Br)c3)ncnc2cn1
COc1cc(C(N)=O)ccc1-c1cc2c(N[C@H](C)c3ccccc3)nc(Cl)nc2[nH]1,6.643305839646214,0.349608057082379,0.39557118530749713,421.88800000000003,4.558900000000002,105.91999999999999,3,5,4,6,0.13636363636363635,0,0.0,3.2292533333333338,False,,0,,0,,0,,0.7619047619047619,0.5958284220498926,0.8105971309998047,0.21739130434782608,Osimertinib,0.23809523809523814,0.782608695652174,0.04110081995388812,0.5433621006370721,1.0,0.8036000221628969,0.04110081995388812,0.5970157356884642,1.0,0.9588991800461119,0.041100819953888146,-0.7412198876461015,6.118893754022645,-0.07518045105613927,-0.0,0.5445747485884606,6.588288051554966,0.0,0.0,0.37441208562356854,0.82362397505764,0.0,1.4605360606812086,0.35,medium,uncertain_prediction;agents_strongly_disagree,5.127751990873757,False,review,False,,0.05672609400324149,0.09562398703403566,0.07779578606158834,0.42625607779578606,0.26580226904376014,0.05186385737439222,0.1458670988654781,0.1280388978930308,0.14157212317666126,0.13452188006482982,6.758174599366959,599,0.75,4.014178246951554,1,539,0,60,review,COc1cc(C(N)=O)ccc1-c1cc2c(N[C@H](C)c3ccccc3)ncnc2[nH]1
Cc1c(F)cccc1Nc1c(-c2ccncc2OCCF)[nH]c2c1C(=O)NCC2,9.368037103708383,0.4340240699318836,0.5884519630895001,398.4130000000001,3.902020000000002,79.04,3,4,4,6,0.23809523809523808,0,0.0,2.7227533333333342,False,,0,,0,,0,,0.8787878787878788,0.7711917423185028,1.0,0.2,Afatinib,0.12121212121212122,0.8,0.6631924269747773,0.668927297647943,1.0,0.95,0.6631924269747773,0.8205299311556802,1.0,0.3368075730252227,0.6631924269747773,-0.20978333890787038,8.717000998810558,0.20384848689902377,-0.0,0.5445454545454546,9.465394940255036,0.0,0.0,0.5010361048978254,0.04600946628152837,0.0,0.6595455711793536,0.15,low,uncertain_prediction,8.805849369075682,False,fail,True,high_model_uncertainty,0.9675850891410048,0.7163695299837926,0.5786061588330632,0.011345218800648298,0.8824959481361426,0.9692058346839546,0.49027552674230146,0.055105348460291734,0.6677471636952999,0.6936790923824959,10.266691536689397,57,1.5,5.413264279934678,2,540,483,0,reject,COC(C)(C)COc1cnccc1-c1[nH]c2c(c1Nc1cccc(F)c1C)C(=O)NCC2
CNc1ncc2ncnc(Nc3ccc(F)c(Br)c3)c2n1,8.438710885111012,0.3557501526284828,0.7568683410750366,349.16700000000003,3.106700000000001,75.62,2,6,3,3,0.07692307692307693,0,0.0,1.9000000000000001,False,,0,,0,,0,,0.68,0.5996151960784314,0.817482174688057,0.35294117647058826,Sunvozertinib,0.31999999999999995,0.6470588235294117,0.48565261443781516,0.793200664514347,1.0,0.7748763368983956,0.48565261443781516,0.7634324039626394,1.0,0.5143473855621848,0.48565261443781516,-0.3703730526997657,7.905085656168288,0.4795606487673443,-0.0,0.5424881907308378,8.92713449566647,0.0,0.0,0.38362522894272416,0.2679342319527311,0.0,0.7640594608954552,0.15,low,uncertain_prediction,8.163075034771015,False,fail,True,high_model_uncertainty,0.6142625607779578,0.9781199351701783,0.9643435980551054,0.826580226904376,0.2917341977309562,0.413290113452188,0.49027552674230146,0.12155591572123177,0.7820097244732577,0.6356969205834684,9.86554616503438,156,1.5,4.700911339471178,2,541,385,0,reject,CNc1ncc2ncnc(Nc3cccc(Br)c3)c2n1
COc1cc(C(N)=O)cc(C)c1-c1cc2c(N[C@H](C)c3ccccc3)ncnc2[nH]1,8.711300557196475,0.36255849596225853,0.4486198580311708,401.4700000000001,4.2139200000000026,105.91999999999999,3,5,4,6,0.17391304347826086,0,0.0,3.093133333333334,False,,0,,0,,0,,0.746031746031746,0.6650060803891449,0.9363746916166269,0.24719101123595505,Osimertinib,0.25396825396825395,0.752808988764045,0.5490341921255378,0.5777742552504772,1.0,0.8904832659034814,0.5490341921255378,0.754322928319874,1.0,0.45096580787446217,0.5490341921255378,-0.2737183149257817,8.167462813253087,0.0020411623789968088,-0.0,0.5742220838190846,8.743726059451168,0.0,0.0,0.39383774394338783,0.18870725984307773,0.0,0.6950450037864655,0.15,low,uncertain_prediction,8.048681055664703,False,fail,True,high_model_uncertainty,0.6904376012965965,0.32982171799027554,0.26904376012965964,0.49189627228525123,0.6207455429497569,0.539708265802269,0.49027552674230146,0.11183144246353323,0.5153970826580228,0.5033630470016207,9.362202558640796,263,1.5,4.427716712066648,2,542,279,0,reject,COc1cc(C(N)=O)ccc1-c1cc2c(N[C@H](C)c3ccccc3)ncnc2[nH]1
COC(C)(C)COc1c(-c2[nH]c3c(c2Nc2cccc(F)c2C)C(=O)NCC3)ccnc1C,8.723478046451564,0.4701787996429061,0.4850605147304438,452.53000000000026,4.6659400000000035,88.27,3,5,4,7,0.36,0,0.0,3.183533333333335,False,,0,,0,,0,,0.7808219178082192,0.6854756817622597,0.9735921486586538,0.18085106382978725,Afatinib,0.2191780821917808,0.8191489361702128,0.47674435186285685,0.5943396933581543,1.0,0.9349813455365436,0.47674435186285685,0.7515163476893886,1.0,0.5232556481371431,0.4767443518628569,-0.36636266110204235,8.018209846987205,0.04353051473044358,-0.0,0.5877728550020287,8.649513216719678,0.0,0.0,0.5552681994643591,0.27906956017142887,0.0,0.946837759635788,0.15,low,uncertain_prediction,7.70267545708389,False,fail,True,high_model_uncertainty,0.6936790923824959,0.5210696920583469,0.11912479740680713,0.33225283630470015,0.7163695299837926,0.39222042139384117,0.49027552674230146,0.03403565640194489,0.5006888168557536,0.4929902755267423,9.250339796946582,288,1.5,4.069263787715981,2,543,255,0,reject,COC(C)(C)COc1cnccc1-c1[nH]c2c(c1Nc1cccc(F)c1C)C(=O)NCC2
CNc1ncc2ncnc(Nc3ccc(N)c(Br)c3)c2n1,8.269020664806217,0.4166878930909395,0.6265576274927883,346.192,2.5497999999999994,101.64,3,7,3,3,0.07692307692307693,0,0.0,1.9000000000000001,False,,1,aniline,0,,0,,0.68,0.5883757179639533,0.7970467599344604,0.2777777777777778,Sunvozertinib,0.31999999999999995,0.7222222222222222,0.4005736410378965,0.7215297720441105,0.88,0.7783406255064009,0.4005736410378965,0.6951110096471019,0.88,0.4794263589621035,0.5205736410378965,-0.3927164914789407,7.643988825169807,0.34924993518509595,-0.2,0.5599283566502817,8.353167117005185,0.0,0.0,0.4750318396364092,0.22428294870262938,0.0,0.8118147883390385,0.15,low,uncertain_prediction,7.541352328666147,False,fail,True,high_model_uncertainty,0.546191247974068,0.793354943273906,0.9643435980551054,0.826580226904376,0.2188006482982172,0.4651539708265802,0.49027552674230146,0.06969205834683954,0.7144246353322529,0.5828606158833064,9.210476679403888,302,1.5,4.015785067726114,2,544,242,0,reject,CNc1ncc2ncnc(Nc3cccc(Br)c3)c2n1
CNc1ncc2ncnc(Nc3ccc(Cl)c(Br)c3)c2n1,8.211044416351152,0.3527258447581237,0.7381261856806935,365.62200000000007,3.6210000000000013,75.62,2,6,3,3,0.07692307692307693,0,0.0,2.004146666666667,False,,0,,0,,0,,0.68,0.5886554382436735,0.7975553422612245,0.3333333333333333,Sunvozertinib,0.31999999999999995,0.6666666666666667,0.4308530127571014,0.7788868380218175,1.0,0.764833173362585,0.4308530127571014,0.743643256035376,1.0,0.5691469872428986,0.4308530127571014,-0.417053657704366,7.6819556492139665,0.44519649337300116,-0.0,0.543388835565306,8.670540978152273,0.0,0.0,0.3790887671371855,0.33643373405362326,0.0,0.9780225011908087,0.35,medium,uncertain_prediction;agents_strongly_disagree,7.692518476961464,False,fail,True,high_model_uncertainty,0.520259319286872,0.9392220421393841,0.8970826580226904,0.826580226904376,0.22042139384116693,0.3063209076175041,0.1458670988654781,0.12641815235008103,0.721839546191248,0.5429092382495949,9.53674843358177,215,1.5,3.819009562860977,2,545,330,0,reject,CNc1ncc2ncnc(Nc3cccc(Br)c3)c2n1
COCCOc1c(-c2[nH]c3c(c2Nc2cccc(F)c2C)C(=O)NCC3)ccnc1Cl,8.37798595215162,0.3625493896214501,0.37463361055595684,444.89400000000023,4.232320000000002,88.27,3,5,4,7,0.2727272727272727,0,0.0,3.1326266666666687,False,,0,,0,,0,,0.7361111111111112,0.6456731383946573,0.901223887990286,0.2111111111111111,Afatinib,0.26388888888888884,0.7888888888888889,0.46571191530289,0.5355628447801353,1.0,0.8731401382149366,0.46571191530289,0.7186037245744905,1.0,0.53428808469711,0.46571191530289,-0.3371890790288006,7.834161867719446,-0.06798766217131615,-0.0,0.5807226386642381,8.346896844212367,0.0,0.0,0.3938240844321752,0.2928601058713875,0.0,0.7991841903035628,0.15,low,uncertain_prediction,7.547712653908804,False,fail,True,high_model_uncertainty,0.5850891410048622,0.041329011345218804,0.15559157212317667,0.5575364667747164,0.5243111831442464,0.3695299837925446,0.49027552674230146,0.11345218800648298,0.40640194489465153,0.3971231766612642,8.83457917808595,419,1.5,3.7992604659023215,2,546,127,0,reject,COCCOc1cnccc1-c1[nH]c2c(c1Nc1cccc(F)c1C)C(=O)NCC2
CNc1ncc2ncnc(Nc3ccc(OC)c(Br)c3)c2n1,8.084134759208416,0.3720540515296243,0.7389979395132379,361.20300000000003,2.9762000000000013,84.85000000000001,2,7,3,4,0.14285714285714285,0,0.0,2.074686666666667,False,,0,,0,,0,,0.6538461538461539,0.5705371056450996,0.7646129193547265,0.3333333333333333,Osimertinib,0.34615384615384615,0.6666666666666667,0.38559585373136696,0.7766532257066399,1.0,0.7401263561827116,0.38559585373136696,0.7255938589051796,1.0,0.614404146268633,0.38559585373136696,-0.4533306735650835,7.52605368191398,0.4420806537989521,-0.0,0.5469224606079124,8.515056796320845,0.0,0.0,0.4080810772944364,0.39300518283579133,0.0,1.0635862601302277,0.35,medium,uncertain_prediction;agents_strongly_disagree,7.451470536190618,False,fail,True,high_model_uncertainty,0.473257698541329,0.9440842787682334,0.8905996758508914,0.9222042139384117,0.11345218800648298,0.23500810372771475,0.1458670988654781,0.10048622366288493,0.7198136142625609,0.5193273905996758,9.378833133435919,262,1.5,3.5496634049102287,2,547,285,0,reject,CNc1ncc2ncnc(Nc3cccc(Br)c3)c2n1
COCCOc1c(-c2[nH]c3c(c2Nc2cccc(F)c2C)C(=O)NCC3)ccnc1N,8.362697086105067,0.4483356202621146,0.4325433521093688,425.4640000000002,3.1611200000000013,114.28999999999999,4,6,4,7,0.2727272727272727,0,0.0,3.003093333333335,False,,1,aniline,0,,0,,0.7361111111111112,0.6456731383946573,0.901223887990286,0.1978021978021978,Afatinib,0.26388888888888884,0.8021978021978022,0.40183933734278654,0.5723952539165631,0.88,0.876467366542165,0.40183933734278654,0.6826754894503786,0.88,0.47816066265721346,0.5218393373427865,-0.3744482028101228,7.690193655711895,0.009352079382095858,-0.2,0.5847153126569121,8.084261047750903,0.0,0.0,0.5225034303931719,0.22270082832151683,0.0,0.8577042587146888,0.15,low,uncertain_prediction,7.226556789036215,False,fail,True,high_model_uncertainty,0.5786061588330632,0.22366288492706646,0.35899513776337116,0.5575364667747164,0.5243111831442464,0.4700162074554295,0.49027552674230146,0.04538087520259319,0.4704619124797407,0.4495137763371151,8.648815342726593,456,1.5,3.540973320640753,2,548,92,0,reject,COCCOc1cnccc1-c1[nH]c2c(c1Nc1cccc(F)c1C)C(=O)NCC2
COCCOc1c(-c2[nH]c3c(c2Nc2cccc(F)c2C)C(=O)NCC3)ccnc1OC,8.45651658153894,0.42876995071016016,0.46341515758014057,440.47500000000025,3.5875200000000023,97.5,3,6,4,8,0.30434782608695654,0,0.0,3.203166666666668,False,,0,,0,,0,,0.7361111111111112,0.6499793584903512,0.9090533790733656,0.1978021978021978,Afatinib,0.26388888888888884,0.8021978021978022,0.43899017988762296,0.5816796187203593,1.0,0.8823394848544748,0.43899017988762296,0.7257523208656143,1.0,0.561009820112377,0.438990179887623,-0.3823495213039884,7.8133616554737,0.013374940188836018,-0.0,0.586672685427682,8.413409281090217,0.0,0.0,0.4931549260652402,0.32626227514047124,0.0,1.0819172012057114,0.35,medium,uncertain_prediction;agents_strongly_disagree,7.331492079884506,False,fail,True,high_model_uncertainty,0.6191247974068071,0.40761750405186387,0.09481361426256078,0.5575364667747164,0.5413290113452188,0.3160453808752026,0.1458670988654781,0.059967585089141004,0.4858589951377634,0.4154376012965965,8.996440075255533,368,1.5,3.305017201440421,2,549,181,0,reject,COCCOc1cnccc1-c1[nH]c2c(c1Nc1cccc(F)c1C)C(=O)NCC2
O=C(/C=C\Cl)Cc1cc2c(Nc3cccc(Br)c3F)ncnc2cn1,8.132470085885648,0.38467123398371994,0.612925776663183,421.65700000000004,4.534100000000002,67.77000000000001,1,5,3,5,0.058823529411764705,0,0.0,2.5777133333333335,False,,0,,0,,0,,0.6833333333333333,0.5774764188109227,0.7772298523834957,0.3424657534246575,Afatinib,0.31666666666666665,0.6575342465753424,0.38884765768280816,0.6879663566519302,1.0,0.7473059509314575,0.38884765768280816,0.706029991316549,1.0,0.6111523423171918,0.38884765768280816,-0.422909778178321,7.555463234910069,0.2321511296043595,-0.0,0.5340677370684767,8.321682101582905,0.0,0.0,0.42700685097557994,0.3889404278964898,0.0,1.0784472788720696,0.35,medium,uncertain_prediction;agents_strongly_disagree,7.243234822710836,False,fail,True,high_model_uncertainty,0.4991896272285251,0.7739059967585089,0.63290113452188,0.8079416531604539,0.15640194489465153,0.24473257698541329,0.1458670988654781,0.08427876823338736,0.6359400324149109,0.4688411669367909,9.084810140480798,339,1.5,3.2808442230349844,2,550,211,0,reject,O=C(/C=C\Cl)Cc1cc2c(Nc3cccc(Br)c3)ncnc2cn1
COCCOc1c(-c2[nH]c3c(c2Nc2cccc(F)c2C)C(=O)NCC3)ccnc1F,8.550515511178084,0.45118375835572877,0.39441086177666607,428.4390000000002,3.7180200000000028,88.27,3,5,4,7,0.2727272727272727,0,0.0,3.0229266666666685,False,,0,,0,,0,,0.7681159420289855,0.6719503576803347,0.9490006503278812,0.21839080459770116,Afatinib,0.23188405797101452,0.7816091954022988,0.4468002469455108,0.5506595637207561,1.0,0.9071527865964856,0.4468002469455108,0.7261531493156881,1.0,0.5531997530544892,0.4468002469455108,-0.37247053649356976,7.873739873644491,-0.031755410950606924,-0.0,0.5760807472896164,8.4180652099835,0.0,0.0,0.5267756375335932,0.3164996913181115,0.0,1.1057753288517047,0.35,medium,uncertain_prediction;agents_strongly_disagree,7.312289881131795,False,fail,True,high_model_uncertainty,0.646677471636953,0.09319286871961102,0.3379254457050243,0.40032414910858993,0.6515397082658023,0.3338735818476499,0.1458670988654781,0.04213938411669368,0.4403970826580227,0.39704213938411675,8.946541709173127,382,1.5,3.263740448392735,2,551,169,0,reject,COCCOc1cnccc1-c1[nH]c2c(c1Nc1cccc(F)c1C)C(=O)NCC2
C/C=C/C(=O)Cc1cc2c(Nc3cccc(Br)c3)ncnc2c(F)n1,8.106448772178863,0.3664954300221305,0.5084958313972823,401.23900000000003,4.357700000000002,67.77000000000001,1,5,3,5,0.1111111111111111,0,0.0,2.4415933333333335,False,,0,,0,,0,,0.7049180327868853,0.6048163168990388,0.8269387579982522,0.2875,Sunvozertinib,0.29508196721311475,0.7125,0.3950653920292245,0.6357652713710694,1.0,0.7983290684986891,0.3950653920292245,0.7072899329747457,1.0,0.6049346079707755,0.3950653920292245,-0.41629938792736165,7.556705627145668,0.15336794250839333,-0.0,0.5532715747454647,8.263345144399526,0.0,0.0,0.39974314503319575,0.38116825996346937,0.0,1.043411404996665,0.35,medium,uncertain_prediction;agents_strongly_disagree,7.219933739402862,False,fail,True,high_model_uncertainty,0.4878444084278768,0.5875202593192869,0.7544570502431118,0.7179902755267423,0.3233387358184765,0.2544570502431118,0.1458670988654781,0.1053484602917342,0.5938006482982172,0.45935980551053485,8.975905922357388,376,1.5,3.246165506015503,2,552,176,0,reject,C/C=C/C(=O)Cc1cc2c(Nc3cccc(Br)c3)ncnc2cn1
C=CC(=O)Cc1cc2c(Nc3cccc(Br)c3F)ncnc2cn1,8.100903779759834,0.4185710145069437,0.6714894018025248,387.21200000000005,3.967600000000002,67.77000000000001,1,5,3,5,0.058823529411764705,0,0.0,2.3480800000000004,False,,0,,0,,0,,0.6779661016949152,0.5675279522737149,0.7591417314067542,0.35135135135135137,Sunvozertinib,0.3220338983050848,0.6486486486486487,0.357226234785098,0.7290084017606193,1.0,0.7315184607172278,0.357226234785098,0.7044382743157364,1.0,0.6427737652149019,0.3572262347850981,-0.46294938604085106,7.4730472579994185,0.32515975474370123,-0.0,0.5292952816835713,8.327502294426692,0.0,0.0,0.47785652176041554,0.4284672065186274,0.0,1.168823728279043,0.35,medium,uncertain_prediction;agents_strongly_disagree,7.158678566147649,False,fail,True,high_model_uncertainty,0.4829821717990275,0.8857374392220422,0.8314424635332253,0.8346839546191248,0.09562398703403566,0.20097244732576985,0.1458670988654781,0.06807131280388978,0.6861426256077796,0.49201782820097245,9.150873445156027,321,1.5,3.2240999599888163,2,553,232,0,reject,C=CC(=O)Cc1cc2c(Nc3cccc(Br)c3)ncnc2cn1
C/C=C/C(=O)Cc1cc2c(Nc3ccc(Cl)c(Br)c3)ncnc2cn1,8.029073040210909,0.36200678602425335,0.5997362677398425,417.6940000000001,4.8720000000000026,67.77000000000001,1,5,3,5,0.1111111111111111,0,0.0,2.5512933333333336,False,,0,,0,,0,,0.7288135593220338,0.6131969927105902,0.8421763503828913,0.3835616438356164,Sunvozertinib,0.27118644067796616,0.6164383561643836,0.37886350983574985,0.6817282805902467,1.0,0.7857418518282644,0.37886350983574985,0.7115834105635652,1.0,0.6211364901642502,0.3788635098357498,-0.4436265343037539,7.486062861174529,0.22815337885095352,-0.0,0.5175094927501227,8.231725732775605,0.0,0.0,0.39301017903637997,0.40142061270531276,0.0,1.0569307917416926,0.35,medium,uncertain_prediction;agents_strongly_disagree,7.1747949410339125,False,fail,True,high_model_uncertainty,0.4213938411669368,0.7220421393841167,0.6880064829821718,0.5940032414910859,0.3679092382495948,0.23176661264181522,0.1458670988654781,0.1166936790923825,0.5560372771474879,0.4433144246353322,8.89897046535259,400,1.5,3.1817722505963104,2,554,154,0,reject,C/C=C/C(=O)Cc1cc2c(Nc3cccc(Br)c3)ncnc2cn1
O=C(O)CCNc1c(Br)cccc1Nc1ncnc2c(F)cncc12,8.0932879527878,0.4130079233957001,0.575732072056867,406.2150000000001,3.5566000000000013,100.03,3,6,3,6,0.125,0,0.0,2.5747666666666675,False,,0,,0,,0,,0.7,0.5899141198768064,0.7998438543214661,0.2727272727272727,Afatinib,0.30000000000000004,0.7272727272727273,0.35921644181996015,0.6676231524517897,1.0,0.7817010725592815,0.35921644181996015,0.7021351667077578,1.0,0.6407835581800398,0.35921644181996015,-0.45722496651706346,7.473776067694251,0.20201707205686692,-0.0,0.5531427817621848,8.228935921513303,0.0,0.0,0.4695118850935501,0.4259794477250498,0.0,1.1579913328185998,0.35,medium,uncertain_prediction;agents_strongly_disagree,7.070944588694703,False,fail,True,high_model_uncertainty,0.47811993517017826,0.673419773095624,0.6434359805510534,0.7406807131280388,0.2293354943273906,0.20421393841166938,0.1458670988654781,0.07455429497568881,0.5944894651539708,0.44452998379254455,8.942323279698067,386,1.5,3.0793805692457568,2,555,169,0,reject,O=C(O)CCNc1c(Br)cccc1Nc1ncnc2ccncc12
C/C=C/C(=O)Cc1ccc2ncnc(Nc3cccc(F)c3)c2c1,7.754098025669182,0.3611311384900467,0.7156067556045983,321.3550000000001,4.200200000000003,54.88,1,4,3,5,0.10526315789473684,0,0.0,2.1,False,,0,,0,,0,,0.7857142857142857,0.6643554987817283,0.9351918159667786,0.34615384615384615,Osimertinib,0.2142857142857143,0.6538461538461539,0.3107327094742629,0.7628144848132983,1.0,0.8648554004366223,0.3107327094742629,0.7346006486810459,1.0,0.6892672905257371,0.3107327094742629,-0.5651572522757106,7.212401317934113,0.41113307139407196,-0.0,0.5263803715741122,8.149914760902297,0.0,0.0,0.39169670773507,0.48658411315717137,0.0,1.1407808208922412,0.35,medium,uncertain_prediction;agents_strongly_disagree,7.009133940010056,False,fail,True,high_model_uncertainty,0.3160453808752026,0.9222042139384117,0.8768233387358185,0.31523500810372773,0.6175040518638574,0.1539708265802269,0.1458670988654781,0.11993517017828201,0.5212317666126418,0.45008103727714754,8.775392880837467,434,1.5,3.024231184742632,2,556,122,0,reject,C/C=C/C(=O)Cc1ccc2ncnc(Nc3cccc(Br)c3)c2c1
O=C(O)CCNc1c(Br)cccc1Nc1ncnc2c(Cl)cncc12,8.102120428148465,0.41921056801110085,0.550306281629012,422.6700000000001,4.070900000000002,100.03,3,6,3,6,0.125,0,0.0,2.6844666666666672,False,,0,,0,,0,,0.7,0.5899141198768064,0.7998438543214661,0.24691358024691357,Sunvozertinib,0.30000000000000004,0.7530864197530864,0.3570827094293458,0.6494197369472386,1.0,0.7881544956793711,0.3570827094293458,0.6986642355139889,1.0,0.6429172905706542,0.35708270942934583,-0.4554420347795242,7.473304576131814,0.1601362816290119,-0.0,0.5608868895062925,8.194327747267119,0.0,0.0,0.4788158520166512,0.4286466132133177,0.0,1.169962465229969,0.35,medium,uncertain_prediction;agents_strongly_disagree,7.02436528203715,False,fail,True,high_model_uncertainty,0.4862236628849271,0.640194489465154,0.5996758508914101,0.7406807131280388,0.2293354943273906,0.1993517017828201,0.1458670988654781,0.06645056726094004,0.5849270664505674,0.436709886547812,8.8962402270078,403,1.5,3.0234171458945234,2,557,154,0,reject,O=C(O)CCNc1c(Br)cccc1Nc1ncnc2ccncc12
COCCOc1c(-c2[nH]c3c(c2Nc2cccc(F)c2C)C(=O)NCC3)ccnc1C,8.660706915643242,0.6143653163180667,0.5010771966005142,424.4760000000002,3.8873400000000027,88.27,3,5,4,7,0.30434782608695654,0,0.0,2.9965066666666687,False,,0,,0,,0,,0.7571428571428571,0.6629564821143769,0.9326481492988669,0.20224719101123595,Afatinib,0.24285714285714288,0.797752808988764,0.36012100748816395,0.6103422017200264,1.0,0.8989243142213411,0.36012100748816395,0.7173468808573829,1.0,0.639878992511836,0.360121007488164,-0.47630116449229193,7.739158941166142,0.08203597920920959,-0.0,0.5817735943070602,8.402968514682412,0.0,0.0,0.7715479744771001,0.424848740639795,0.0,1.458896715116895,0.35,medium,uncertain_prediction;agents_strongly_disagree,6.944071799565517,False,fail,True,high_model_uncertainty,0.6677471636952999,0.5672609400324149,0.3703403565640194,0.4521880064829822,0.6094003241491086,0.20745542949756887,0.1458670988654781,0.009724473257698542,0.5599270664505673,0.4644246353322528,9.074880994423093,347,1.5,2.9763813619642203,2,558,211,0,reject,COCCOc1cnccc1-c1[nH]c2c(c1Nc1cccc(F)c1C)C(=O)NCC2
C/C=C/C(=O)Cc1cc2c(Nc3cccc(Br)c3F)ncnc2cn1,8.232053242004826,0.519338265194626,0.6439694066478066,401.23900000000003,4.357700000000002,67.77000000000001,1,5,3,5,0.1111111111111111,0,0.0,2.4415933333333335,False,,0,,0,,0,,0.6885245901639344,0.5746632316234264,0.7721149665880478,0.3561643835616438,Afatinib,0.3114754098360656,0.6438356164383562,0.3194765248649682,0.7102757377588578,1.0,0.7400451290506248,0.3194765248649682,0.6924493479186127,1.0,0.6805234751350318,0.31947652486496825,-0.49729709740485933,7.453045844212887,0.28884151775891764,-0.0,0.5263433610047483,8.268230722976552,0.0,0.0,0.629007397791939,0.4756543439187897,0.0,1.3671617417107287,0.35,medium,uncertain_prediction;agents_strongly_disagree,6.901068981265824,False,fail,True,high_model_uncertainty,0.5332252836304701,0.8517017828200972,0.7544570502431118,0.7844408427876823,0.14181523500810372,0.16531604538087522,0.1458670988654781,0.022690437601296597,0.6803484602917342,0.48804700162074555,9.084648875326634,340,1.5,2.9617253832107178,2,559,219,0,reject,C/C=C/C(=O)Cc1cc2c(Nc3cccc(Br)c3)ncnc2cn1
C/C=C/C(=O)Cc1ccc2ncnc(Nc3cccc(Br)c3F)c2c1,8.048829957533089,0.44972834930926175,0.6153130938824319,400.2510000000001,4.9627000000000026,54.88,1,4,3,5,0.10526315789473684,0,0.0,2.435006666666667,False,,0,,0,,0,,0.6885245901639344,0.5837846047089938,0.7886992812890796,0.375,Afatinib,0.3114754098360656,0.625,0.322397644866789,0.694768099071235,1.0,0.7477744609668098,0.322397644866789,0.6912350512262084,1.0,0.677602355133211,0.322397644866789,-0.49178320847922596,7.3742374335691965,0.26058840967190555,-0.0,0.5248387547484994,8.159664597989602,0.0,0.0,0.5245925239638927,0.47200294391651376,0.0,1.2590954678804063,0.35,medium,uncertain_prediction;agents_strongly_disagree,6.900569130109195,False,fail,True,high_model_uncertainty,0.4359805510534846,0.7836304700162074,0.7658022690437601,0.7844408427876823,0.18638573743922204,0.17017828200972449,0.1458670988654781,0.04376012965964344,0.6246758508914101,0.4557941653160454,8.909275619059294,394,1.5,2.922522128488449,2,560,166,0,reject,C/C=C/C(=O)Cc1ccc2ncnc(Nc3cccc(Br)c3)c2c1
O=C(/C=C\Cl)Cc1cc2c(Nc3cccc(Br)c3)ncnc2c(F)n1,8.161240107831503,0.4457620600683141,0.483982933306684,421.65700000000004,4.534100000000002,67.77000000000001,1,5,3,5,0.058823529411764705,0,0.0,2.5777133333333335,False,,0,,0,,0,,0.7166666666666667,0.6083032799801895,0.8332786908730717,0.32051282051282054,Sunvozertinib,0.2833333333333333,0.6794871794871795,0.3532765849100559,0.6170477928058558,1.0,0.7948308130265986,0.3532765849100559,0.6912887976856276,1.0,0.6467234150899441,0.35327658491005587,-0.45068295036742884,7.492597017729032,0.10320828624786046,-0.0,0.5396658265644217,8.135471130541315,0.0,0.0,0.5186430901024712,0.43340426886243016,0.0,1.2145473589649014,0.35,medium,uncertain_prediction;agents_strongly_disagree,6.920923771576414,False,fail,True,high_model_uncertainty,0.5089141004862237,0.5145867098865479,0.63290113452188,0.6588330632090762,0.3346839546191248,0.19448946515397084,0.1458670988654781,0.04862236628849271,0.5586304700162075,0.4289708265802269,8.805827694560765,427,1.5,2.9106887634726863,2,561,134,0,reject,O=C(/C=C\Cl)Cc1cc2c(Nc3cccc(Br)c3)ncnc2cn1
Cc1cncc2c(Nc3cccc(Br)c3NCCC(=O)O)ncnc12,8.113465348241364,0.47501659918076933,0.5778289525438194,402.2520000000002,3.7259200000000003,100.03,3,6,3,6,0.17647058823529413,0,0.0,2.548346666666668,False,,0,,0,,0,,0.7,0.5899141198768064,0.7998438543214661,0.24050632911392406,Afatinib,0.30000000000000004,0.759493670886076,0.3208547176338026,0.6697925905657673,1.0,0.7897563084626186,0.3208547176338026,0.6951009041655472,1.0,0.6791452823661974,0.3208547176338026,-0.4989949153756593,7.400940449470211,0.2132240113673486,-0.0,0.5628090648461893,8.176973525683747,0.0,0.0,0.562524898771154,0.4739316029577468,0.0,1.2989565017289006,0.35,medium,uncertain_prediction;agents_strongly_disagree,6.878017023954847,False,fail,True,high_model_uncertainty,0.49108589951377635,0.6815235008103727,0.6993517017828201,0.7406807131280388,0.2293354943273906,0.16693679092382496,0.1458670988654781,0.03241491085899514,0.6103322528363048,0.4493922204213939,8.909372229087314,393,1.5,2.89228768846052,2,562,169,0,reject,O=C(O)CCNc1c(Br)cccc1Nc1ncnc2ccncc12
C/C=C/C(=O)Cc1cc2c(Nc3cccc(Br)c3Cl)ncnc2cn1,7.821675199863249,0.3624969342645785,0.5997362677398425,417.6940000000001,4.8720000000000026,67.77000000000001,1,5,3,5,0.1111111111111111,0,0.0,2.5512933333333336,False,,0,,0,,0,,0.6885245901639344,0.5795670777772726,0.7810310505041318,0.32,Afatinib,0.3114754098360656,0.6799999999999999,0.3266709459806074,0.6817282805902467,1.0,0.7557732878780987,0.3266709459806074,0.6910431286122383,1.0,0.6733290540193926,0.3266709459806074,-0.4858295768421744,7.277929798466381,0.22815337885095352,-0.0,0.5394216970522625,8.045504874369596,0.0,0.0,0.3937454013968678,0.4666613175242407,0.0,1.1229067189211084,0.35,medium,uncertain_prediction;agents_strongly_disagree,6.9225981554484886,False,fail,True,high_model_uncertainty,0.3338735818476499,0.7220421393841167,0.6880064829821718,0.7844408427876823,0.1685575364667747,0.17828200972447325,0.1458670988654781,0.11507293354943274,0.5547406807131281,0.41073743922204214,8.71119369122535,445,1.5,2.8904830825149386,2,563,118,0,reject,C/C=C/C(=O)Cc1cc2c(Nc3cccc(Br)c3)ncnc2cn1
C/C=C/C(=O)Cc1cc2c(Nc3ccc(OC)c(Br)c3)ncnc2cn1,7.843120070413302,0.37570298879122094,0.6099665391449961,413.27500000000003,4.227200000000003,77.0,1,6,3,6,0.15789473684210525,0,0.0,2.6218333333333335,False,,0,,0,,0,,0.7049180327868853,0.5941020311847531,0.8074582385177329,0.3974358974358974,Osimertinib,0.29508196721311475,0.6025641025641026,0.32278792544947077,0.6846418529400042,1.0,0.7562347045293253,0.32278792544947077,0.6909161207297,1.0,0.6772120745505292,0.32278792544947077,-0.49083759370697244,7.27956558722647,0.23248101282920663,-0.0,0.5154206756445656,8.027467275700243,0.0,0.0,0.41355448318683136,0.47151509318816154,0.0,1.147569576374993,0.35,medium,uncertain_prediction;agents_strongly_disagree,6.87989769932525,False,fail,True,high_model_uncertainty,0.3419773095623987,0.7649918962722853,0.6126418152350082,0.7179902755267423,0.2593192868719611,0.17179902755267423,0.1458670988654781,0.0940032414910859,0.5423824959481361,0.41280388978930316,8.678326270838006,453,1.5,2.850262367072414,2,564,111,0,reject,C/C=C/C(=O)Cc1cc2c(Nc3cccc(Br)c3)ncnc2cn1
C=CC(=O)Cc1cc2c(Nc3cccc(Br)c3OC)ncnc2cn1,7.667857379672875,0.37513956309201646,0.6351545093338238,399.2480000000001,3.837100000000002,77.0,1,6,3,6,0.1111111111111111,0,0.0,2.528320000000001,False,,0,,0,,0,,0.6451612903225806,0.5547795836427137,0.7359628793503885,0.3625,Osimertinib,0.3548387096774194,0.6375,0.2793666507538073,0.7020919032105262,1.0,0.7113471595127914,0.2793666507538073,0.6732014283692812,1.0,0.7206333492461927,0.2793666507538073,-0.5251130368206319,7.10514803503485,0.2670176204449348,-0.0,0.5349181391924358,7.9070837946722206,0.0,0.0,0.4127093446380247,0.5257916865577409,0.0,1.2010010311957655,0.35,medium,uncertain_prediction;agents_strongly_disagree,6.706082763476455,False,fail,True,high_model_uncertainty,0.28038897893030795,0.807131280388979,0.7309562398703403,0.9424635332252836,0.06645056726094004,0.13614262560777957,0.1458670988654781,0.09562398703403566,0.5857374392220422,0.4121555915721232,8.609968721738671,463,1.5,2.675669473363003,2,565,102,0,reject,C=CC(=O)Cc1cc2c(Nc3cccc(Br)c3)ncnc2cn1
C/C=C/C(=O)Cc1ccc2ncnc(Nc3cccc(Br)c3)c2c1Cl,8.058787016439547,0.35354296287086023,0.559782802309578,416.70600000000013,5.477000000000003,54.88,1,4,3,5,0.10526315789473684,1,0.45,2.5447066666666673,False,,0,,0,,0,,0.6612903225806451,0.5912284142327474,0.802233480423177,0.2911392405063291,Sunvozertinib,0.33870967741935487,0.7088607594936709,0.39221668010028465,0.6100072079369345,1.0,0.7788903001908005,0.39221668010028465,0.6952785470570049,1.0,0.6077833198997153,0.39221668010028465,-0.40408248927562707,7.528472572133257,-0.5113968819009485,-0.0,0.5656359527926051,7.582711643024914,0.0,0.0,0.3803144443062903,0.3847291498746442,0.0,1.0275435941809343,0.35,medium,uncertain_prediction;agents_strongly_disagree,6.55516804884398,False,fail,True,high_model_uncertainty,0.44894651539708263,0.6507293354943274,0.7179902755267423,0.8946515397082658,0.24149108589951376,0.2479740680713128,0.1458670988654781,0.12479740680713128,0.6188006482982172,0.46333063209076175,8.325272420982774,492,1.5,2.586164807352894,2,566,74,0,reject,C/C=C/C(=O)Cc1ccc2ncnc(Nc3cccc(Br)c3)c2c1
C/C=C/C(=O)Cc1ccc2ncnc(Nc3cccc(Cl)c3)c2c1,7.5500895906018535,0.40550649887878365,0.6846344752189704,337.8100000000001,4.714500000000003,54.88,1,4,3,5,0.10526315789473684,0,0.0,2.1,False,,0,,0,,0,,0.7857142857142857,0.6592463717976014,0.925902494177457,0.36363636363636365,Osimertinib,0.2142857142857143,0.6363636363636364,0.22866784843531485,0.7457797306012031,1.0,0.8535177797240018,0.22866784843531485,0.70699133969013,1.0,0.7713321515646852,0.22866784843531485,-0.6377646550064201,6.941829842283678,0.380160791008444,-0.0,0.5188132858820266,7.840803919174148,0.0,0.0,0.4582597483181755,0.5891651894558565,0.0,1.309924937774032,0.35,medium,uncertain_prediction;agents_strongly_disagree,6.530878981400115,False,fail,True,high_model_uncertainty,0.24311183144246354,0.899513776337115,0.8768233387358185,0.31523500810372773,0.5883306320907618,0.12479740680713128,0.1458670988654781,0.07779578606158834,0.48387358184764995,0.41685575364667743,8.421452217391327,482,1.5,2.506105885776128,2,567,85,0,reject,C/C=C/C(=O)Cc1ccc2ncnc(Nc3cccc(Br)c3)c2c1
C/C=C/C(=O)Cc1cc2c(Nc3cccc(Br)c3OC)ncnc2cn1,7.813197735049048,0.4632195327423229,0.6099665391449961,413.2750000000001,4.2272000000000025,77.0,1,6,3,6,0.15789473684210525,0,0.0,2.6218333333333343,False,,0,,0,,0,,0.6666666666666666,0.5657652215114901,0.7559367663845273,0.32894736842105265,Afatinib,0.33333333333333337,0.6710526315789473,0.25404576084263597,0.6846418529400042,1.0,0.7347157326831323,0.25404576084263597,0.6683508366164431,1.0,0.745954239157364,0.25404576084263597,-0.5524067676984095,7.1183684359355635,0.23248101282920647,-0.0,0.5402999810698161,7.891149429834586,0.0,0.0,0.5448292991134843,0.557442798946705,0.0,1.3647720980601894,0.35,medium,uncertain_prediction;agents_strongly_disagree,6.5263773317743965,False,fail,True,high_model_uncertainty,0.33225283630470015,0.7649918962722853,0.606969205834684,0.8792544570502431,0.09238249594813615,0.12965964343598055,0.1458670988654781,0.03727714748784441,0.5694084278768233,0.40170178282009716,8.574439543286774,468,1.5,2.4834194711585127,2,568,100,0,reject,C/C=C/C(=O)Cc1cc2c(Nc3cccc(Br)c3)ncnc2cn1
C/C=C/C(=O)Cc1cc(Cl)c2ncnc(Nc3cccc(Br)c3)c2c1,7.968069863510556,0.37296639617383526,0.559782802309578,416.7060000000001,5.477000000000003,54.88,1,4,3,5,0.10526315789473684,1,0.45,2.5447066666666673,False,,0,,0,,0,,0.7166666666666667,0.6190052431228902,0.852736805677982,0.3076923076923077,Sunvozertinib,0.2833333333333333,0.6923076923076923,0.3559409885559544,0.6100072079369345,1.0,0.8126295273354096,0.3559409885559544,0.6946444309570746,1.0,0.6440590114440456,0.35594098855595435,-0.45160458986816027,7.408620269249804,-0.5113968819009485,-0.0,0.5483765091118031,7.445599896460658,0.0,0.0,0.40944959426075284,0.43007376430505706,0.0,1.10202335856581,0.35,medium,uncertain_prediction;agents_strongly_disagree,6.343576537894848,False,fail,True,high_model_uncertainty,0.3873581847649919,0.6507293354943274,0.7179902755267423,0.6588330632090762,0.4035656401944895,0.19773095623987033,0.1458670988654781,0.09886547811993517,0.5439222042139384,0.43115883306320907,8.098306541517385,505,1.5,2.3359671375707,2,569,64,0,reject,C/C=C/C(=O)Cc1ccc2ncnc(Nc3cccc(Br)c3)c2c1
Nc1ccc(Br)c(NCCC(=O)O)c1Nc1ncnc2ccncc12,7.470009164148767,0.36190228035153443,0.46304171965359014,403.2400000000001,2.9997000000000007,126.05,4,7,3,6,0.125,0,0.0,2.5549333333333344,False,,1,aniline,0,,0,,0.7241379310344828,0.6091565940578505,0.8348301710142735,0.25316455696202533,Sunvozertinib,0.27586206896551724,0.7468354430379747,0.23917069479111758,0.6064062791428079,0.88,0.8128314890201987,0.23917069479111758,0.634602115738531,0.88,0.6408293052088825,0.3591706947911175,-0.5272418945965514,6.927155743621465,0.09230171965359,-0.2,0.5568961066994436,7.376353569974498,0.0,0.0,0.3928534205273016,0.4260366315111031,0.0,1.0813900520384045,0.35,medium,uncertain_prediction;agents_strongly_disagree,6.294963517936093,False,fail,True,high_model_uncertainty,0.1993517017828201,0.40032414910858993,0.6677471636952999,0.6239870340356564,0.34440842787682335,0.2025931928687196,0.1458670988654781,0.11831442463533225,0.3947325769854133,0.32423014586709886,7.850032662356994,527,1.5,2.159039692976611,2,570,43,0,reject,O=C(O)CCNc1c(Br)cccc1Nc1ncnc2ccncc12
C/C=C/C(=O)Cc1ccc2ncnc(Nc3cccc(Br)c3OC)c2c1,7.534995287739805,0.4350582814556644,0.5878031137339144,412.28700000000015,4.832200000000003,64.11,1,5,3,6,0.15,0,0.0,2.615246666666668,False,,0,,0,,0,,0.6666666666666666,0.5701914098972922,0.7639843816314403,0.3466666666666667,Afatinib,0.33333333333333337,0.6533333333333333,0.20420802491598616,0.6727053022972427,1.0,0.7363216195569136,0.20420802491598616,0.6533087366925356,1.0,0.7957919750840139,0.2042080249159861,-0.5988009490353994,6.882407865556308,0.21051611373391416,-0.0,0.5369960954078601,7.629920074698083,0.0,0.0,0.5025874221834966,0.6197399688550174,0.0,1.3848273910385138,0.35,medium,uncertain_prediction;agents_strongly_disagree,6.245092683659569,False,fail,True,high_model_uncertainty,0.23176661264181522,0.7042139384116693,0.6150729335494327,0.8792544570502431,0.11021069692058347,0.11021069692058347,0.1458670988654781,0.05348460291734198,0.5132495948136142,0.3638978930307941,8.24581958847442,496,1.5,2.156770155296522,2,571,75,0,reject,C/C=C/C(=O)Cc1ccc2ncnc(Nc3cccc(Br)c3)c2c1
CCOc1ccccc1-c1cc2c(N[C@H](CO)c3ccccc3)nc(OC)nc2[nH]1,7.432432784381958,0.41947028948827825,0.40805553222987834,404.4700000000001,4.1777000000000015,92.28999999999999,3,6,4,8,0.21739130434782608,0,0.0,3.313133333333334,False,,0,,0,,0,,0.7333333333333333,0.6428613827665061,0.8961116050300109,0.18478260869565216,Osimertinib,0.2666666666666667,0.8152173913043479,0.18947899345369473,0.547002337598228,1.0,0.8758880515985952,0.18947899345369473,0.6530923456626294,1.0,0.8105210065463053,0.18947899345369468,-0.6181511362785796,6.803227350149541,-0.06717533733533913,-0.0,0.5885931186488071,7.32464513146301,0.0,0.0,0.4792054342324174,0.6381512581828817,0.0,1.379856692415299,0.35,medium,uncertain_prediction;agents_strongly_disagree,5.944788439047711,False,fail,True,high_model_uncertainty,0.18314424635332252,0.13614262560777957,0.029983792544570502,0.5680713128038898,0.5056726094003241,0.1053484602917342,0.1458670988654781,0.06482982171799027,0.22775526742301458,0.2141004862236629,7.597951452370627,554,1.5,1.676709022516107,2,572,18,0,reject,CCOc1ccccc1-c1cc2c(N[C@H](CO)c3ccccc3)ncnc2[nH]1
C/C=C/C(=O)Cc1ccc2ncnc(Nc3cccc(Br)c3C)c2c1,7.4531248168304804,0.3845465073870036,0.6076838341050832,396.2880000000001,5.132020000000003,54.88,1,4,3,5,0.15,1,0.45,2.4085866666666673,False,,0,,0,,0,,0.7,0.592636238441865,0.8047931608033908,0.3424657534246575,Afatinib,0.30000000000000004,0.6575342465753424,0.2190986490367176,0.6415881600398471,1.0,0.7679784322463787,0.2190986490367176,0.6571663103307359,1.0,0.7809013509632824,0.2190986490367176,-0.5840902150586911,6.876305055749975,-0.4386041658949169,-0.0,0.5334585641734505,6.971159454028508,0.0,0.0,0.4268197610805054,0.601126688704103,0.0,1.2904464497846084,0.35,medium,uncertain_prediction;agents_strongly_disagree,5.6807130042439,False,fail,True,high_model_uncertainty,0.19286871961102106,0.7285251215559158,0.8168557536466775,0.7406807131280388,0.25040518638573744,0.1166936790923825,0.1458670988654781,0.08589951377633712,0.5031604538087521,0.378484602917342,7.574951998599011,556,1.5,1.6098945277447108,2,573,17,0,reject,C/C=C/C(=O)Cc1ccc2ncnc(Nc3cccc(Br)c3)c2c1
[2H]C([2H])([2H])Oc1ccccc1-c1cc2c(N[C@H](CO)c3ccccc3)nc(C)nc2[nH]1,7.101008276038404,0.3803509668080107,0.47140332812841834,377.46230533400006,4.0874200000000025,83.06,3,5,4,6,0.18181818181818182,0,0.0,2.9330820355600005,False,,0,,0,,0,,0.7627118644067796,0.6307532358081375,0.8740967923784316,0.16129032258064516,Osimertinib,0.23728813559322037,0.8387096774193549,0.13400639224399347,0.5964609829490917,1.0,0.8652500136386625,0.13400639224399347,0.6489293472079369,1.0,0.8659936077560065,0.13400639224399347,-0.6865639399519246,6.530481825826388,0.04962284097623648,-0.0,0.5769167623373636,7.157021429139988,0.0,0.0,0.4205264502120161,0.7074920096950083,0.0,1.3905184599070244,0.35,medium,uncertain_prediction;agents_strongly_disagree,5.766502969232963,False,fail,True,high_model_uncertainty,0.12965964343598055,0.4222042139384117,0.4497568881685575,0.4189627228525122,0.4546191247974068,0.08427876823338736,0.1458670988654781,0.09076175040518639,0.29404376012965966,0.2621150729335494,7.509873941295579,564,1.5,1.556041056753223,2,574,10,0,reject,[2H]C([2H])([2H])Oc1ccccc1-c1cc2c(N[C@H](CO)c3ccccc3)ncnc2[nH]1
Cc1nc(Nc2cccc(Br)c2NCCC(=O)O)c2cnccc2n1,6.84879787262621,0.38247197001990796,0.5778289525438194,402.2520000000001,3.7259200000000003,100.03,3,6,3,6,0.17647058823529413,0,0.0,2.5483466666666676,False,,0,,0,,0,,0.7413793103448276,0.6254120944246585,0.8643856262266517,0.18292682926829268,Afatinib,0.2586206896551724,0.8170731707317074,0.0694690891426169,0.6697925905657673,1.0,0.8525575123529157,0.0694690891426169,0.647954798015325,1.0,0.9305309108573832,0.06946908914261685,-0.771314278496944,6.275089917596348,0.21322401136734864,-0.0,0.5775976681210027,7.065911597084699,0.0,0.0,0.42370795502986197,0.7881636385717289,0.0,1.4743715936015909,0.35,medium,uncertain_prediction;agents_strongly_disagree,5.591540003483108,False,fail,True,high_model_uncertainty,0.09724473257698542,0.6815235008103727,0.7050243111831442,0.5332252836304701,0.4343598055105348,0.059967585089141004,0.1458670988654781,0.08752025931928688,0.39246353322528366,0.3236223662884927,7.5368678369550395,558,1.5,1.4548868430292998,2,575,17,0,reject,O=C(O)CCNc1c(Br)cccc1Nc1ncnc2ccncc12
C=CC(=O)Cc1cc2c(Nc3cccc(Br)c3)nc(Cl)nc2cn1,6.8347802410018295,0.3637068311247693,0.5022873670720821,403.6670000000001,4.481900000000002,67.77000000000001,1,5,3,5,0.058823529411764705,0,0.0,2.4577800000000005,False,,0,,0,,0,,0.7543859649122807,0.6391836445953594,0.8894248083551988,0.3116883116883117,Sunvozertinib,0.24561403508771928,0.6883116883116883,0.07910027846311884,0.6317280518896452,1.0,0.8391465283443211,0.07910027846311884,0.6374937146742713,1.0,0.9208997215368812,0.07910027846311884,-0.74452458161487,6.289219994314675,0.1395027200132585,-0.0,0.5393760243717798,6.968098738699713,0.0,0.0,0.395560246687154,0.7761246519211016,0.0,1.4341848986082555,0.35,medium,uncertain_prediction;agents_strongly_disagree,5.533913840091458,False,fail,True,high_model_uncertainty,0.09562398703403566,0.5842787682333873,0.7423014586709886,0.4586709886547812,0.5008103727714749,0.06482982171799027,0.1458670988654781,0.1085899513776337,0.36296596434359807,0.3130064829821718,7.403657895912031,568,1.5,1.384521619670064,2,576,8,0,reject,C=CC(=O)Cc1cc2c(Nc3cccc(Br)c3)ncnc2cn1
C=CC(=O)Cc1cc2c(Nc3cccc(Br)c3)nc(OC)nc2cn1,6.670844520218028,0.36342706653848955,0.6351545093338238,399.2480000000001,3.837100000000002,77.0,1,6,3,6,0.1111111111111111,0,0.0,2.528320000000001,False,,0,,0,,0,,0.7166666666666667,0.6142514699231117,0.8440935816783849,0.30952380952380953,Osimertinib,0.2833333333333333,0.6904761904761905,0.03831218347756443,0.7020919032105262,1.0,0.8056892338778363,0.03831218347756443,0.6365233301414817,1.0,0.9616878165224356,0.03831218347756438,-0.7976148622185564,6.125703920410294,0.2670176204449348,-0.0,0.5456662525624534,6.938387793417682,0.0,0.0,0.39514059980773436,0.8271097706530445,0.0,1.4847503704607787,0.35,medium,uncertain_prediction;agents_strongly_disagree,5.453637422956904,False,fail,True,high_model_uncertainty,0.06482982171799027,0.807131280388979,0.7309562398703403,0.6588330632090762,0.3695299837925446,0.04862236628849271,0.1458670988654781,0.11021069692058347,0.4320097244732577,0.3414100486223663,7.456799462785591,567,1.5,1.3383294813037434,2,577,10,0,reject,C=CC(=O)Cc1cc2c(Nc3cccc(Br)c3)ncnc2cn1
C=CC(=O)Cc1cc2c(Nc3cccc(Br)c3)nc(F)nc2cn1,6.7098916743293655,0.35518389122395067,0.5302263711896812,387.21200000000005,3.967600000000002,67.77000000000001,1,5,3,5,0.058823529411764705,0,0.0,2.3480800000000004,False,,0,,0,,0,,0.7678571428571429,0.6495775729646697,0.9083228599357629,0.3157894736842105,Sunvozertinib,0.2321428571428571,0.6842105263157895,0.05384419472557592,0.6513137349235554,1.0,0.8522947765307696,0.05384419472557592,0.6393631765449752,1.0,0.9461558052744241,0.05384419472557589,-0.7806919757591991,6.17711583749344,0.18389672413085764,-0.0,0.5368081585929633,6.89782072021726,0.0,0.0,0.38277583683592603,0.8076947565930301,0.0,1.452970593428956,0.35,medium,uncertain_prediction;agents_strongly_disagree,5.444850126788304,False,fail,True,high_model_uncertainty,0.0713128038897893,0.6085899513776337,0.8314424635332253,0.4027552674230146,0.539708265802269,0.05348460291734198,0.1458670988654781,0.12317666126418152,0.3590761750405187,0.31616693679092384,7.328712130265883,575,1.5,1.2992504509374125,2,578,3,0,reject,C=CC(=O)Cc1cc2c(Nc3cccc(Br)c3)ncnc2cn1
C/C=C/C(=O)Cc1cc2c(Nc3cccc(Br)c3)nc(C)nc2cn1,6.799692996586022,0.4378772735001729,0.6412175592087311,397.27600000000007,4.527020000000003,67.77000000000001,1,5,3,5,0.15789473684210525,0,0.0,2.4151733333333336,False,,0,,0,,0,,0.7758620689655172,0.653866850475022,0.9161215463182217,0.2289156626506024,Sunvozertinib,0.22413793103448276,0.7710843373493976,0.01840915769638446,0.7097783755135201,1.0,0.8798622440760158,0.01840915769638446,0.6520124443214801,1.0,0.9815908423036155,0.018409157696384515,-0.8448043821667941,6.142877086335763,0.2947310328929416,-0.0,0.5612177567498919,6.998825875978596,0.0,0.0,0.5068159102502594,0.8519885528795192,0.0,1.6213044631297786,0.35,medium,uncertain_prediction;agents_strongly_disagree,5.377521412848818,False,fail,True,high_model_uncertainty,0.09076175040518639,0.839546191247974,0.7990275526742301,0.3565640194489465,0.5559157212317666,0.04700162074554295,0.1458670988654781,0.05186385737439222,0.39991896272285254,0.3461912479740681,7.478728631246019,565,1.5,1.2679509104176994,2,579,14,0,reject,C/C=C/C(=O)Cc1cc2c(Nc3cccc(Br)c3)ncnc2cn1
COc1cnccc1-c1[nH]c2ncnc(N[C@H](CO)c3ccccc3)c2c1C,6.880834156222359,0.3870952478216088,0.4774440101834533,375.43200000000013,3.482420000000002,95.95,3,6,4,6,0.19047619047619047,0,0.0,2.9195466666666676,False,,0,,0,,0,,0.6875,0.547983754934249,0.7236068271531799,0.2087912087912088,Osimertinib,0.3125,0.7912087912087912,0.07424186558046353,0.6003039491906428,1.0,0.7405073181670827,0.07424186558046353,0.6037632832345472,1.0,0.9257581344195365,0.07424186558046353,-0.7060285568721117,6.300191284489945,0.05855962923107218,-0.0,0.5588893441509324,6.91764025787195,0.0,0.0,0.43064287173241317,0.7821976680244205,0.0,1.4753405397568335,0.35,medium,uncertain_prediction;agents_strongly_disagree,5.442299718115116,False,fail,True,high_model_uncertainty,0.10210696920583469,0.48946515397082657,0.47974068071312803,0.7941653160453809,0.04862236628849271,0.06158833063209076,0.1458670988654781,0.08265802269043761,0.37463533225283635,0.2611831442463533,7.367202656575354,570,1.5,1.2307194912107402,2,580,10,0,reject,COc1cnccc1-c1cc2c(N[C@H](CO)c3ccccc3)ncnc2[nH]1
C/C=C/C(=O)Cc1cc2c(Nc3cccc(Br)c3)nc(N)nc2cn1,6.654573378141772,0.38224657815116325,0.6353371698563682,398.26400000000007,3.8008000000000015,93.79,2,6,3,5,0.1111111111111111,0,0.0,2.421760000000001,False,,1,aniline,0,,0,,0.7627118644067796,0.6389821858623759,0.8890585197497742,0.2261904761904762,Sunvozertinib,0.23728813559322037,0.7738095238095238,0.021070739829628815,0.7062908280363871,0.88,0.8602462707647116,0.021070739829628815,0.6169019596576819,0.88,0.8589292601703712,0.1410707398296288,-0.794441626437404,6.081203510915027,0.2831842809674793,-0.2,0.5611871480972499,6.725574939979756,0.0,0.0,0.4233698672267449,0.6986615752129641,0.0,1.384531442439709,0.35,medium,uncertain_prediction;agents_strongly_disagree,5.341043497540047,False,fail,True,high_model_uncertainty,0.06158833063209076,0.8160453808752026,0.7763371150729336,0.4189627228525122,0.4991896272285251,0.09076175040518639,0.1458670988654781,0.08914100486223663,0.39116693679092385,0.338452188006483,7.194975264128865,581,1.5,1.2221861231478268,2,581,0,0,reject,C/C=C/C(=O)Cc1cc2c(Nc3cccc(Br)c3)ncnc2cn1
Nc1nc(N[C@H](CO)c2ccccc2)c2cc(-c3ccc(CO)cc3)[nH]c2n1,6.9102258411310515,0.37002388031824435,0.3534089378876297,375.4320000000001,2.844900000000001,120.08,5,6,4,6,0.14285714285714285,0,0.0,2.919546666666667,False,,1,aniline,0,,0,,0.7407407407407407,0.6114831935170918,0.8390603518492576,0.13253012048192772,Afatinib,0.2592592592592593,0.8674698795180723,0.09353974405999188,0.53208465942794,0.88,0.8461627337664613,0.09353974405999188,0.5879467843135984,0.88,0.7864602559400081,0.21353974405999188,-0.6592093870048086,6.355190020653685,-0.07023734782665603,-0.2,0.5866727184844027,6.671625391311432,0.0,0.0,0.40503582047736647,0.6080753199250102,0.0,1.2756111404023767,0.35,medium,uncertain_prediction;agents_strongly_disagree,5.396014250909055,False,fail,True,high_model_uncertainty,0.11021069692058347,0.01539708265802269,0.49351701782820095,0.5429497568881686,0.3565640194489465,0.11345218800648298,0.1458670988654781,0.10372771474878444,0.23529173419773097,0.20579416531604539,6.953975472348709,590,1.5,1.1179672492883093,2,582,0,8,reject,OCc1ccc(-c2cc3c(N[C@H](CO)c4ccccc4)ncnc3[nH]2)cc1
Cc1nc(Nc2cccc(Br)c2)c2cc(CC(=O)/C=C\Cl)ncc2n1,6.669297465855739,0.41635339300086066,0.6092838055589442,417.69400000000013,4.703420000000002,67.77000000000001,1,5,3,5,0.1111111111111111,0,0.0,2.5512933333333345,False,,0,,0,,0,,0.7586206896551724,0.653644381064566,0.915717056481029,0.24390243902439024,Sunvozertinib,0.24137931034482762,0.7560975609756098,0.0008769913633323578,0.6869794263907527,1.0,0.8758121826046741,0.0008769913633323578,0.6409171500896897,1.0,0.9991230086366676,0.0008769913633324133,-0.8533868783018099,6.044767376354448,0.2377009166700552,-0.0,0.5643792220681126,6.846847515092616,0.0,0.0,0.47453008950129094,0.8739037607958344,0.0,1.6109338502971253,0.35,medium,uncertain_prediction;agents_strongly_disagree,5.235913664795491,False,fail,True,high_model_uncertainty,0.06320907617504051,0.7504051863857374,0.6782820097244733,0.44408427876823336,0.5542949756888168,0.04538087520259319,0.1458670988654781,0.0713128038897893,0.3690842787682334,0.3218800648298217,7.289748649614496,580,1.5,1.0971697425912765,2,583,3,0,reject,O=C(/C=C\Cl)Cc1cc2c(Nc3cccc(Br)c3)ncnc2cn1
OCc1ccc(-c2cc3c(N[C@H](CO)c4ccccc4)nc(Cl)nc3[nH]2)cc1,6.861515425767365,0.40191113180278193,0.3718069054062967,394.8620000000001,3.916100000000002,94.06,4,5,4,6,0.14285714285714285,0,0.0,3.049080000000001,False,,0,,0,,0,,0.7090909090909091,0.5841220459868002,0.7893128108850911,0.14444444444444443,Osimertinib,0.2909090909090909,0.8555555555555556,0.059041064179893965,0.5372214902811554,1.0,0.8058734970527072,0.059041064179893965,0.6005340128784391,1.0,0.940958935820106,0.059041064179893965,-0.7219905982647269,6.258648728063192,-0.07126938030798913,-0.0,0.5849039602970303,6.772283308052232,0.0,0.0,0.4528666977041729,0.8011986697751325,0.0,1.5165653674793054,0.35,medium,uncertain_prediction;agents_strongly_disagree,5.255717940572927,False,fail,True,high_model_uncertainty,0.10048622366288493,0.03889789303079417,0.31118314424635335,0.6952998379254457,0.1912479740680713,0.055105348460291734,0.1458670988654781,0.07941653160453808,0.23873581847649922,0.17982171799027555,7.058766290224032,584,1.5,0.946504002161257,2,584,0,0,reject,OCc1ccc(-c2cc3c(N[C@H](CO)c4ccccc4)ncnc3[nH]2)cc1
O=C(O)CCNc1c(Br)cccc1Nc1nc(Cl)nc2ccncc12,6.532376731228116,0.37101118305900527,0.5147897125061325,422.6700000000001,4.070900000000001,100.03,3,6,3,6,0.125,0,0.0,2.6844666666666672,False,,0,,0,,0,,0.7413793103448276,0.6254120944246585,0.8643856262266517,0.19047619047619047,Sunvozertinib,0.2586206896551724,0.8095238095238095,0.0,0.6298856239296549,1.0,0.8506701720509411,0.0,0.620138948995149,1.0,1.0,0.0,-0.826851931993532,5.975859956639607,0.1246197125061324,-0.0,0.5753328597586334,6.675812528904373,0.0,0.0,0.40651677458850793,0.875,0.0,1.5440167745885078,0.35,medium,uncertain_prediction;agents_strongly_disagree,5.131795754315865,False,fail,True,high_model_uncertainty,0.03079416531604538,0.5964343598055105,0.5996758508914101,0.5332252836304701,0.4343598055105348,0.022690437601296597,0.1458670988654781,0.10210696920583469,0.32974068071312806,0.27739059967585095,7.071501345760127,583,1.5,0.9396644739268858,2,585,2,0,reject,O=C(O)CCNc1c(Br)cccc1Nc1ncnc2ccncc12
C/C=C/C(=O)Cc1cc2c(Nc3cccc(Br)c3)nc(OC)nc2cn1,6.572615809188787,0.44081341628304305,0.6099665391449961,413.2750000000001,4.2272000000000025,77.0,1,6,3,6,0.15789473684210525,0,0.0,2.6218333333333343,False,,0,,0,,0,,0.7377049180327869,0.6242069944925172,0.8621945354409402,0.26136363636363635,Osimertinib,0.2622950819672131,0.7386363636363636,0.0,0.6846418529400042,1.0,0.8313049924897961,0.0,0.6289867113574501,1.0,1.0,0.0,-0.8386489484766001,5.911395684764223,0.23248101282920647,-0.0,0.55517232983639,6.699049027429819,0.0,0.0,0.5112201244245647,0.875,0.0,1.6487201244245646,0.35,medium,uncertain_prediction;agents_strongly_disagree,5.050328903005254,False,fail,True,high_model_uncertainty,0.04538087520259319,0.7649918962722853,0.606969205834684,0.5453808752025932,0.43111831442463533,0.022690437601296597,0.1458670988654781,0.050243111831442464,0.37354132901134524,0.3060777957860616,7.147298622243433,582,1.5,0.8926222579485277,2,586,4,0,reject,C/C=C/C(=O)Cc1cc2c(Nc3cccc(Br)c3)ncnc2cn1
C/C=C/C(=O)Cc1ccc2nc(OC)nc(Nc3cccc(Br)c3)c2c1,6.285745273661192,0.36548158594282437,0.5878031137339146,412.28700000000003,4.832200000000004,64.11,1,5,3,6,0.15,0,0.0,2.615246666666667,False,,0,,0,,0,,0.7049180327868853,0.6038989002189393,0.8252707276707987,0.25287356321839083,Osimertinib,0.29508196721311475,0.7471264367816092,0.0,0.6727053022972427,1.0,0.8057346549485013,0.0,0.619609989311436,1.0,1.0,0.0,-0.826146652415248,5.737522894746955,0.21051611373391454,-0.0,0.5632424981980841,6.511281506678954,0.0,0.0,0.3982223789142365,0.875,0.0,1.5357223789142365,0.35,medium,uncertain_prediction;agents_strongly_disagree,4.9755591277647175,False,fail,True,high_model_uncertainty,0.0016207455429497568,0.7139384116693679,0.6215559157212318,0.7179902755267423,0.31766612641815234,0.022690437601296597,0.1458670988654781,0.10696920583468396,0.3803484602917342,0.2955024311183144,6.967699659029035,589,1.5,0.8051620451066945,2,587,0,2,reject,C/C=C/C(=O)Cc1ccc2ncnc(Nc3cccc(Br)c3)c2c1
C/C=C/C(=O)Cc1cc2c(Nc3cccc(Br)c3)nc(F)nc2cn1,6.654174443909407,0.4858257857503438,0.5084958313972823,401.23900000000003,4.357700000000002,67.77000000000001,1,5,3,5,0.1111111111111111,0,0.0,2.4415933333333335,False,,0,,0,,0,,0.7758620689655172,0.6503687161466638,0.9097613020848432,0.25925925925925924,Sunvozertinib,0.22413793103448276,0.7407407407407407,0.0,0.6357652713710694,1.0,0.8675061617488176,0.0,0.6258178582799717,1.0,1.0,0.0,-0.8344238110399623,5.925435765283892,0.15336794250839333,-0.0,0.5505246167089503,6.629328324501235,0.0,0.0,0.5787386786255156,0.875,0.0,1.7162386786255157,0.35,medium,uncertain_prediction;agents_strongly_disagree,4.913089645875719,False,fail,True,high_model_uncertainty,0.059967585089141004,0.5875202593192869,0.7544570502431118,0.3565640194489465,0.5429497568881686,0.022690437601296597,0.1458670988654781,0.029173419773095625,0.3289708265802269,0.28982982171799027,7.024093316397507,586,1.5,0.7358854319373069,2,588,2,0,reject,C/C=C/C(=O)Cc1cc2c(Nc3cccc(Br)c3)ncnc2cn1
COc1nc(Nc2cccc(Br)c2NCCC(=O)O)c2cnccc2n1,6.451433653671479,0.42105691188897976,0.5356891007155609,418.2510000000002,3.426100000000001,109.26,3,7,3,7,0.17647058823529413,0,0.0,2.7550066666666684,False,,0,,0,,0,,0.7049180327868853,0.6013371133447073,0.8206129333540132,0.19047619047619047,Afatinib,0.29508196721311475,0.8095238095238095,0.0,0.6386672105217637,1.0,0.8178406523964623,0.0,0.6141269657295565,1.0,1.0,0.0,-0.8188359543060754,5.81984828583801,0.14008515953909,-0.0,0.5807972614415479,6.540730706818648,0.0,0.0,0.48158536783346967,0.875,0.0,1.6190853678334696,0.35,medium,uncertain_prediction;agents_strongly_disagree,4.921645338985178,False,fail,True,high_model_uncertainty,0.017828200972447326,0.6175040518638574,0.5688816855753647,0.7179902755267423,0.29821717990275526,0.022690437601296597,0.1458670988654781,0.06320907617504051,0.36045380875202593,0.27649918962722847,6.973275277321079,588,1.5,0.7284443665378522,2,589,1,0,reject,O=C(O)CCNc1c(Br)cccc1Nc1ncnc2ccncc12
C/C=C/C(=O)Cc1cc2c(Nc3cccc(Br)c3)nc(Cl)nc2cn1,6.718342471945635,0.4898111053047213,0.4735681368327205,417.694,4.8720000000000026,67.77000000000001,1,5,3,5,0.1111111111111111,0,0.0,2.5512933333333336,False,,0,,0,,0,,0.7627118644067796,0.644256123394378,0.8986474970806871,0.25609756097560976,Sunvozertinib,0.23728813559322037,0.7439024390243902,0.0,0.6123358085913295,1.0,0.8599612325666128,0.0,0.6180742602894855,1.0,1.0,0.0,-0.824099013719314,5.983625813988553,0.10198524794383156,-0.0,0.554612266994438,6.640223328926822,0.0,0.0,0.5847166579570819,0.875,0.0,1.722216657957082,0.35,medium,uncertain_prediction;agents_strongly_disagree,4.91800667096974,False,fail,True,high_model_uncertainty,0.07293354943273905,0.45786061588330634,0.6880064829821718,0.4189627228525122,0.5170178282009724,0.022690437601296597,0.1458670988654781,0.02593192868719611,0.31138573743922204,0.2711102106969206,7.013886213853889,587,1.5,0.7183389238060442,2,590,3,0,reject,C/C=C/C(=O)Cc1cc2c(Nc3cccc(Br)c3)ncnc2cn1
O=C(O)CCNc1c(Br)cccc1Nc1nc(F)nc2ccncc12,6.3809995946881015,0.41475890456225356,0.5385745315815226,406.2150000000001,3.5566000000000013,100.03,3,6,3,6,0.125,0,0.0,2.5747666666666675,False,,0,,0,,0,,0.7543859649122807,0.6357815645671556,0.8832392083039192,0.2,Afatinib,0.24561403508771928,0.8,0.0,0.6471865051903503,1.0,0.8624294062279394,0.0,0.6274039778545724,1.0,1.0,0.0,-0.8365386371394298,5.758861237844721,0.16485953158152244,-0.0,0.5713361178654535,6.495056887291698,0.0,0.0,0.4721383568433803,0.875,0.0,1.6096383568433803,0.35,medium,uncertain_prediction;agents_strongly_disagree,4.885418530448318,False,fail,True,high_model_uncertainty,0.008103727714748784,0.6304700162074555,0.6434359805510534,0.4586709886547812,0.49108589951377635,0.022690437601296597,0.1458670988654781,0.07293354943273905,0.3179902755267423,0.2768233387358185,6.876645217923788,592,1.5,0.6926065369313008,2,591,0,1,reject,O=C(O)CCNc1c(Br)cccc1Nc1ncnc2ccncc12
C/C=C/C(=O)Cc1ccc2nc(F)nc(Nc3cccc(Br)c3)c2c1,6.294476924052847,0.3730679245800126,0.48586802418472774,400.25100000000003,4.9627000000000026,54.88,1,4,3,5,0.10526315789473684,0,0.0,2.435006666666667,False,,0,,0,,0,,0.7413793103448276,0.6335168374913925,0.8791215227116227,0.24705882352941178,Osimertinib,0.2586206896551724,0.7529411764705882,0.0,0.6235733107374977,1.0,0.847576436151364,0.0,0.6177874367222154,1.0,1.0,0.0,-0.8237165822962872,5.734875037182828,0.13114333997420138,-0.0,0.5620420439639098,6.428060421120939,0.0,0.0,0.4096018868700189,0.875,0.0,1.5471018868700188,0.35,medium,uncertain_prediction;agents_strongly_disagree,4.8809585342509205,False,fail,True,high_model_uncertainty,0.0032414910858995136,0.526742301458671,0.7658022690437601,0.5332252836304701,0.47811993517017826,0.022690437601296597,0.1458670988654781,0.09724473257698542,0.32832252836304704,0.2794165316045381,6.8220474551565955,596,1.5,0.6912583721763657,2,592,0,4,reject,C/C=C/C(=O)Cc1ccc2ncnc(Nc3cccc(Br)c3)c2c1
Nc1nc(Nc2cccc(Br)c2NCCC(=O)O)c2cnccc2n1,6.334280363240556,0.3762014075784376,0.49498807142272705,403.2400000000001,2.9997000000000007,126.05,4,7,3,6,0.125,0,0.0,2.5549333333333344,False,,1,aniline,0,,0,,0.7413793103448276,0.6254120944246585,0.8643856262266517,0.1686746987951807,Afatinib,0.2586206896551724,0.8313253012048193,0.0,0.6239767726158332,0.88,0.8561205449711936,0.0,0.5900243293967568,0.88,0.88,0.12,-0.7866991058623424,5.7699782518729,0.12424807142272691,-0.2,0.5818733072629363,6.276099630558564,0.0,0.0,0.4143021113676564,0.7250000000000001,0.0,1.4018021113676564,0.35,medium,uncertain_prediction;agents_strongly_disagree,4.8742975191909075,False,fail,True,high_model_uncertainty,0.006482982171799027,0.5526742301458671,0.6677471636952999,0.5332252836304701,0.4343598055105348,0.07698541329011345,0.1458670988654781,0.09238249594813615,0.320259319286872,0.2752836304700162,6.660410813702811,601,1.5,0.6796378757549277,2,593,0,8,reject,O=C(O)CCNc1c(Br)cccc1Nc1ncnc2ccncc12
COc1nc(Nc2cccc(Br)c2)c2cc(CC(=O)/C=C\Cl)ncc2n1,6.463572362798931,0.4640773951454652,0.58053330487275,433.69300000000015,4.403600000000002,77.0,1,6,3,6,0.1111111111111111,0,0.0,2.7579533333333344,False,,0,,0,,0,,0.7213114754098361,0.62400522904485,0.8618276891724544,0.27586206896551724,Osimertinib,0.2786885245901639,0.7241379310344828,0.0,0.6632181894748843,1.0,0.8274052496379615,0.0,0.6226558597782115,1.0,1.0,0.0,-0.8302078130376153,5.767456270080734,0.17795141598386097,-0.0,0.5581081376690322,6.503515823733627,0.0,0.0,0.5461160927181978,0.875,0.0,1.6836160927181978,0.35,medium,uncertain_prediction;agents_strongly_disagree,4.819899731015429,False,fail,True,high_model_uncertainty,0.02106969205834684,0.692868719611021,0.5583468395461912,0.6345218800648298,0.42949756888168555,0.022690437601296597,0.1458670988654781,0.03565640194489465,0.35871150729335494,0.2911264181523501,6.9339696324856535,591,1.5,0.6442514327982494,2,594,3,0,reject,O=C(/C=C\Cl)Cc1cc2c(Nc3cccc(Br)c3)ncnc2cn1
C/C=C/C(=O)Cc1ccc2nc(N)nc(Nc3cccc(Br)c3)c2c1,6.314865893252327,0.4474203183413735,0.62386738570937,397.27600000000007,4.405800000000003,80.9,2,5,3,5,0.10526315789473684,0,0.0,2.4151733333333336,False,,1,aniline,0,,0,,0.7288135593220338,0.61872622534098,0.8522295006199635,0.2159090909090909,Osimertinib,0.27118644067796616,0.7840909090909091,0.0,0.7002357800888714,0.88,0.8351948527376999,0.0,0.6038576582066428,0.88,0.88,0.12,-0.8051435442755238,5.643735415740267,0.27211770149884357,-0.2,0.5703185461873483,6.286171663426458,0.0,0.0,0.5211304775120603,0.7250000000000001,0.0,1.5086304775120605,0.35,medium,uncertain_prediction;agents_strongly_disagree,4.777541185914398,False,fail,True,high_model_uncertainty,0.004862236628849271,0.7893030794165316,0.7990275526742301,0.5940032414910859,0.4011345218800648,0.07698541329011345,0.1458670988654781,0.04700162074554295,0.3987034035656402,0.32390599675850884,6.764615747705227,598,1.5,0.6412283820246092,2,595,0,3,reject,C/C=C/C(=O)Cc1ccc2ncnc(Nc3cccc(Br)c3)c2c1
COc1ccccc1-c1cc2c(N[C@H](CO)c3ccccc3)nc(Cl)nc2[nH]1,6.6367514163675345,0.4333608858228649,0.421170625118505,394.8620000000001,4.432400000000002,83.06,3,5,4,6,0.14285714285714285,0,0.0,3.049080000000001,False,,0,,0,,0,,0.7241379310344828,0.6326765830881514,0.8775937874330025,0.21839080459770116,Osimertinib,0.27586206896551724,0.7816091954022988,0.0,0.56437153612287,1.0,0.8535976394253266,0.0,0.6044922938870492,1.0,1.0,0.0,-0.8059897251827323,5.986710087633237,-0.021905660595780814,-0.0,0.578019136513423,6.542823563550879,0.0,0.0,0.5000413287342974,0.875,0.0,1.6375413287342975,0.35,medium,uncertain_prediction;agents_strongly_disagree,4.905282234816582,False,fail,True,high_model_uncertainty,0.055105348460291734,0.19611021069692058,0.31118314424635335,0.6239870340356564,0.47163695299837927,0.022690437601296597,0.1458670988654781,0.05672609400324149,0.23549432739059967,0.20632090761750407,6.825416756419599,595,1.5,0.6278673239575863,2,596,1,0,reject,COc1ccccc1-c1cc2c(N[C@H](CO)c3ccccc3)ncnc2[nH]1
O=C(/C=C\Cl)Cc1cc2c(Nc3cccc(Br)c3)nc(F)nc2cn1,6.524273323590651,0.4574430650865885,0.483982933306684,421.65700000000004,4.534100000000002,67.77000000000001,1,5,3,5,0.058823529411764705,0,0.0,2.5777133333333335,False,,0,,0,,0,,0.7719298245614035,0.6540757912150102,0.9165014385727458,0.27848101265822783,Sunvozertinib,0.22807017543859653,0.7215189873417722,0.0,0.6170477928058558,1.0,0.8677558257650024,0.0,0.6212009046427145,1.0,1.0,0.0,-0.8282678728569527,5.838108725960769,0.10320828624786046,-0.0,0.5482126347930866,6.489529647001716,0.0,0.0,0.5361645976298828,0.875,0.0,1.6736645976298827,0.35,medium,uncertain_prediction;agents_strongly_disagree,4.815865049371833,False,fail,True,high_model_uncertainty,0.027552674230145867,0.5145867098865479,0.63290113452188,0.38492706645056723,0.5583468395461912,0.022690437601296597,0.1458670988654781,0.04051863857374392,0.28723662884927065,0.2619529983792545,6.834213601620841,594,1.5,0.605208647426938,2,597,3,0,reject,O=C(/C=C\Cl)Cc1cc2c(Nc3cccc(Br)c3)ncnc2cn1
COc1ccccc1-c1cc2c(N[C@H](CO)c3ccccc3)nc(N)nc2[nH]1,6.593844489976168,0.4126998893419989,0.41140546653454535,375.4320000000001,3.3612,109.07999999999998,4,6,4,6,0.14285714285714285,0,0.0,2.919546666666667,False,,1,aniline,0,,0,,0.7543859649122807,0.6591867971804792,0.9257941766917803,0.19101123595505617,Osimertinib,0.24561403508771928,0.8089887640449438,0.0,0.5639827501837436,0.88,0.8965928235300713,0.0,0.5851438934284537,0.8965928235300713,0.8965928235300713,0.1034071764699287,-0.780191857904605,5.974794655963169,-0.012240819179740408,-0.2,0.584671489175902,6.3472253259593305,0.0,0.0,0.4690498340129983,0.745741029412589,0.0,1.4772908634255872,0.35,medium,uncertain_prediction;agents_strongly_disagree,4.8699344625337435,False,fail,True,high_model_uncertainty,0.04862236628849271,0.1539708265802269,0.49351701782820095,0.4586709886547812,0.5850891410048622,0.06807131280388978,0.1458670988654781,0.07617504051863858,0.2184359805510535,0.216612641815235,6.609348502620595,604,1.5,0.6048696327120258,2,598,0,6,reject,COc1ccccc1-c1cc2c(N[C@H](CO)c3ccccc3)ncnc2[nH]1
COc1cnccc1-c1cc2c(N[C@H](CO)c3ccccc3)nc(N)nc2[nH]1,6.7444071896904925,0.4585987396866879,0.40802285415182615,376.4200000000001,2.756199999999999,121.97,4,7,4,6,0.15,0,0.0,2.926133333333334,False,,1,aniline,0,,0,,0.7704918032786885,0.6191338626468855,0.8529706593579736,0.1827956989247312,Osimertinib,0.2295081967213115,0.8172043010752688,0.0,0.5618689800399146,0.88,0.8440290697872974,0.0,0.571474512456803,0.88,0.88,0.12,-0.7619660166090707,6.056509080160461,-0.015897145848173935,-0.2,0.5616826436866642,6.40229457799895,0.0,0.0,0.5378981095300318,0.7250000000000001,0.0,1.525398109530032,0.35,medium,uncertain_prediction;agents_strongly_disagree,4.876896468468918,False,fail,True,high_model_uncertainty,0.07941653160453808,0.12884927066450566,0.46677471636953,0.39708265802269044,0.4051863857374392,0.07698541329011345,0.1458670988654781,0.03889789303079417,0.21094003241491088,0.19428687196110211,6.655422616896844,602,1.5,0.5850407148222416,2,599,0,3,reject,COc1cnccc1-c1cc2c(N[C@H](CO)c3ccccc3)ncnc2[nH]1
COc1cnccc1-c1cc2c(N[C@H](CO)c3ccccc3)nc(Cl)nc2[nH]1,6.789178539032757,0.4909593684913851,0.4292915685602144,395.85,3.8274000000000017,95.94999999999999,3,6,4,6,0.15,0,0.0,3.055666666666667,False,,0,,0,,0,,0.7419354838709677,0.5939113600828524,0.8071115637870042,0.2087912087912088,Osimertinib,0.25806451612903225,0.7912087912087912,0.0,0.5685847216824769,1.0,0.803135870642451,0.0,0.5929301480812319,1.0,1.0,0.0,-0.7905735307749758,6.052739486295679,-0.014058431439785649,-0.0,0.5552695605674529,6.5939506154233465,0.0,0.0,0.5864390527370777,0.875,0.0,1.7239390527370777,0.35,medium,uncertain_prediction;agents_strongly_disagree,4.870011562686269,False,fail,True,high_model_uncertainty,0.08914100486223663,0.21474878444084278,0.29821717990275526,0.5210696920583469,0.2560777957860616,0.022690437601296597,0.1458670988654781,0.024311183144246355,0.23200972447325768,0.18456239870340357,6.872362284791255,593,1.5,0.566486441130353,2,600,7,0,reject,COc1cnccc1-c1cc2c(N[C@H](CO)c3ccccc3)ncnc2[nH]1
COc1cnccc1-c1[nH]c2c(c1Nc1cccc(F)c1C)C(=O)NCC2,7.316659286408837,0.8934213244002019,0.6596366324016579,366.3960000000002,3.5623200000000015,79.03999999999999,3,4,4,4,0.2,0,0.0,2.309306666666668,False,,0,,0,,0,,0.8307692307692308,0.7428489888067012,1.0,0.17894736842105263,Osimertinib,0.16923076923076918,0.8210526315789474,0.0,0.7239806606414247,1.0,0.9552631578947368,0.0,0.6698109546340404,1.0,1.0,0.0,-0.8930812728453872,5.9765272998085335,0.33324063240165774,-0.0,0.5724696356275303,6.882237567837722,0.0,0.0,1.1901319866003028,0.875,0.0,2.327631986600303,0.35,medium,uncertain_prediction;agents_strongly_disagree,4.554605581237419,False,fail,True,high_model_uncertainty,0.15883306320907617,0.8622366288492707,0.8638573743922204,0.1166936790923825,0.8824959481361426,0.022690437601296597,0.1458670988654781,0.0016207455429497568,0.396839546191248,0.3802269043760129,7.358445023267219,571,1.5,0.48587786648863407,2,601,30,0,reject,COC(C)(C)COc1cnccc1-c1[nH]c2c(c1Nc1cccc(F)c1C)C(=O)NCC2
COc1nc(N[C@H](C)c2ccccc2)c2cc(-c3ccc(C(N)=O)cc3OC)[nH]c2n1,6.575401306611968,0.42124789720064176,0.41985913312563966,417.4690000000002,3.9141000000000012,115.15000000000002,3,6,4,7,0.17391304347826086,0,0.0,3.299793333333335,False,,0,,0,,0,,0.7741935483870968,0.6046029835461708,0.8265508791748559,0.1935483870967742,Osimertinib,0.22580645161290325,0.8064516129032258,0.0,0.5540073950139737,1.0,0.8215260626069485,0.0,0.5938833644052306,1.0,1.0,0.0,-0.7918444858736408,5.943529460811005,-0.05771856252653447,-0.0,0.5501861068904881,6.4359970051749595,0.0,0.0,0.4818718458009626,0.875,0.0,1.6193718458009625,0.35,medium,uncertain_prediction;agents_strongly_disagree,4.816625159373997,False,fail,True,high_model_uncertainty,0.04700162074554295,0.18233387358184766,0.04213938411669368,0.3727714748784441,0.320097244732577,0.022690437601296597,0.1458670988654781,0.06158833063209076,0.13849270664505672,0.13488654781199352,6.602188253149028,605,1.5,0.4534890167483887,2,602,0,3,reject,COc1cc(C(N)=O)ccc1-c1cc2c(N[C@H](C)c3ccccc3)ncnc2[nH]1
[2H]C([2H])([2H])Oc1ccccc1-c1cc2c(N[C@H](CO)c3ccccc3)nc(Cl)nc2[nH]1,6.764231822704829,0.538948422574749,0.4190021202381694,397.880305334,4.432400000000002,83.06,3,5,4,6,0.14285714285714285,0,0.0,3.06920203556,False,,0,,0,,0,,0.75,0.6209744206237895,0.8563171284068899,0.18478260869565216,Osimertinib,0.25,0.8152173913043479,0.0,0.5624049339940702,1.0,0.8460421941312544,0.0,0.6021117820313311,1.0,1.0,0.0,-0.8028157093751082,5.955809188842705,-0.027092470810116294,-0.0,0.5711444994930268,6.499861217525616,0.0,0.0,0.6584226338621235,0.875,0.0,1.7959226338621235,0.35,medium,uncertain_prediction;agents_strongly_disagree,4.703938583663493,False,fail,True,high_model_uncertainty,0.08427876823338736,0.1766612641815235,0.2901134521880065,0.47974068071312803,0.413290113452188,0.022690437601296597,0.1458670988654781,0.019448946515397084,0.2127228525121556,0.18792544570502429,6.755128640540203,600,1.5,0.4044491185095218,2,603,3,0,reject,[2H]C([2H])([2H])Oc1ccccc1-c1cc2c(N[C@H](CO)c3ccccc3)ncnc2[nH]1
COc1cc(C(N)=O)ccc1-c1cc2c(N[C@H](C)c3ccccc3)nc(N)nc2[nH]1,6.474840545922629,0.39282677846032604,0.39026395185598056,402.4580000000001,3.4877000000000002,131.94,4,6,4,6,0.13636363636363635,0,0.0,3.0997200000000005,False,,1,aniline,0,,0,,0.7741935483870968,0.6089457065508657,0.834446739183392,0.1935483870967742,Osimertinib,0.22580645161290325,0.8064516129032258,0.0,0.5454251735207893,0.88,0.8274479576133504,0.0,0.563218282783535,0.88,0.88,0.12,-0.7509577103780467,5.88560037823214,-0.06105768450765584,-0.2,0.5521600718926222,6.176702765617106,0.0,0.0,0.439240167690489,0.7250000000000001,0.0,1.426740167690489,0.35,medium,uncertain_prediction;agents_strongly_disagree,4.749962597926618,False,fail,True,high_model_uncertainty,0.022690437601296597,0.09076175040518639,0.2552674230145867,0.3727714748784441,0.3387358184764992,0.07698541329011345,0.1458670988654781,0.08103727714748785,0.14120745542949759,0.1434359805510535,6.346151712132503,614,1.5,0.3970857745878824,2,604,0,10,reject,COc1cc(C(N)=O)ccc1-c1cc2c(N[C@H](C)c3ccccc3)ncnc2[nH]1
[2H]C([2H])([2H])Oc1ccccc1-c1cc2c(N[C@H](CO)c3ccccc3)nc(N)nc2[nH]1,6.751312101876994,0.5296316765194182,0.40958309672052884,378.45030533400006,3.361200000000001,109.07999999999998,4,6,4,6,0.14285714285714285,0,0.0,2.939668702226667,False,,1,aniline,0,,0,,0.7796610169491526,0.6463864820364281,0.9025208764298692,0.1595744680851064,Osimertinib,0.22033898305084743,0.8404255319148937,0.0,0.5622065223414191,0.88,0.8869970403011254,0.0,0.5823008906606362,0.8869970403011254,0.8869970403011254,0.11300295969887464,-0.7764011875475149,5.956864587097867,-0.01708149432775697,-0.2,0.5769104210548167,6.3166935138249265,0.0,0.0,0.6444475147791273,0.7337463003764066,0.0,1.640693815155534,0.35,medium,uncertain_prediction;agents_strongly_disagree,4.675999698669393,False,fail,True,high_model_uncertainty,0.08103727714748785,0.1507293354943274,0.41166936790923825,0.3387358184764992,0.526742301458671,0.07293354943273905,0.1458670988654781,0.02106969205834684,0.1961102106969206,0.19756888168557538,6.552025766661231,607,1.5,0.3880823566920828,2,605,0,2,reject,[2H]C([2H])([2H])Oc1ccccc1-c1cc2c(N[C@H](CO)c3ccccc3)ncnc2[nH]1
COc1nc(N[C@H](CO)c2ccccc2)c2cc(-c3ccc(CO)cc3)[nH]c2n1,6.783413386763583,0.5497202631418707,0.3861837707859718,390.4430000000001,3.271300000000001,103.29,4,6,4,7,0.18181818181818182,0,0.0,3.1196200000000007,False,,0,,0,,0,,0.6724137931034483,0.5724784139196589,0.7681425707630162,0.16483516483516483,Osimertinib,0.3275862068965517,0.8351648351648352,0.0,0.5424156893168999,1.0,0.784898136863471,0.0,0.5818284565450927,1.0,1.0,0.0,-0.775771275393457,5.958832992050777,-0.0635774110322101,-0.0,0.5899988863436528,6.485254467362219,0.0,0.0,0.6745803947128062,0.875,0.0,1.8120803947128061,0.35,medium,uncertain_prediction;agents_strongly_disagree,4.673174072649413,False,fail,True,high_model_uncertainty,0.08589951377633712,0.08346839546191248,0.19367909238249595,0.8606158833063209,0.12641815235008103,0.022690437601296597,0.1458670988654781,0.017828200972447326,0.2565235008103728,0.17410858995137762,6.793082668334667,597,1.5,0.35710438059106586,2,606,9,0,reject,OCc1ccc(-c2cc3c(N[C@H](CO)c4ccccc4)ncnc3[nH]2)cc1
C/C=C/C(=O)Cc1ccc2nc(C)nc(Nc3cccc(Br)c3)c2c1,6.816247470324387,0.5508197698322893,0.6076838341050834,396.28800000000007,5.132020000000003,54.88,1,4,3,5,0.15,1,0.45,2.4085866666666673,False,,0,,0,,0,,0.7413793103448276,0.6329198225660194,0.8780360410291261,0.21839080459770116,Osimertinib,0.2586206896551724,0.7816091954022988,0.0,0.6415881600398472,1.0,0.8539293296224193,0.0,0.6238793724155667,1.0,1.0,0.0,-0.8318391632207556,5.990017815575953,-0.4386041658949167,-0.0,0.5703710792227987,6.121784728903835,0.0,0.0,0.676229654748434,0.875,0.0,1.8137296547484338,0.35,medium,uncertain_prediction;agents_strongly_disagree,4.308055074155401,False,fail,True,high_model_uncertainty,0.0940032414910859,0.7350081037277147,0.8168557536466775,0.5332252836304701,0.473257698541329,0.022690437601296597,0.1458670988654781,0.01620745542949757,0.41847649918962726,0.33845218800648297,6.623956527931387,603,1.5,0.1891976997631808,2,607,4,0,reject,C/C=C/C(=O)Cc1ccc2ncnc(Nc3cccc(Br)c3)c2c1
COc1cc(C(N)=O)ccc1-c1cc2c(N[C@H](C)c3ccccc3)nc(F)nc2[nH]1,6.410371619266105,0.47514107021490753,0.419852774324203,405.43300000000005,4.044600000000002,105.91999999999999,3,5,4,6,0.13636363636363635,0,0.0,3.119553333333334,False,,0,,0,,0,,0.7741935483870968,0.6089848301815386,0.8345178730573428,0.21978021978021978,Osimertinib,0.22580645161290325,0.7802197802197802,0.0,0.5609362053654912,1.0,0.8209433498479521,0.0,0.5954698888033608,1.0,1.0,0.0,-0.7939598517378145,5.697660013943743,-0.03444386203943348,-0.0,0.5443083055560762,6.207524457460386,0.0,0.0,0.5627116053223613,0.875,0.0,1.7002116053223613,0.35,medium,uncertain_prediction;agents_strongly_disagree,4.507312852138025,False,fail,True,high_model_uncertainty,0.012965964343598054,0.17828200972447325,0.2106969205834684,0.3727714748784441,0.34035656401944897,0.022690437601296597,0.1458670988654781,0.03079416531604538,0.14764991896272284,0.14141004862236628,6.384704360215654,613,1.5,0.1520049104848642,2,608,0,5,reject,COc1cc(C(N)=O)ccc1-c1cc2c(N[C@H](C)c3ccccc3)ncnc2[nH]1
COc1nc(N[C@H](CO)c2ccccc2)c2cc(-c3ccccc3OC)[nH]c2n1,6.570132171882759,0.5800741471284192,0.4446694417376234,390.4430000000001,3.787600000000001,92.29,3,6,4,7,0.18181818181818182,0,0.0,3.1196200000000007,False,,0,,0,,0,,0.7368421052631579,0.6429716071975284,0.8963120130864153,0.19318181818181818,Osimertinib,0.26315789473684215,0.8068181818181819,0.0,0.5745828083403082,1.0,0.8739385552693568,0.0,0.6121303409024162,1.0,1.0,0.0,-0.8161737878698884,5.70002095119013,-0.005091740080558519,-0.0,0.5845445104486373,6.279473721558208,0.0,0.0,0.7201112206926288,0.875,0.0,1.8576112206926287,0.35,medium,uncertain_prediction;agents_strongly_disagree,4.421862500865579,False,fail,True,high_model_uncertainty,0.04213938411669368,0.2917341977309562,0.19367909238249595,0.5510534846029174,0.5081037277147488,0.022690437601296597,0.1458670988654781,0.014586709886547812,0.21657212317666127,0.1992706645056726,6.539360269370202,608,1.5,0.13598729827238643,2,609,1,0,reject,COc1ccccc1-c1cc2c(N[C@H](CO)c3ccccc3)ncnc2[nH]1
COc1nc(N[C@H](CO)c2ccccc2)c2cc(-c3ccncc3OC)[nH]c2n1,6.732369953617501,0.6316891568128788,0.4442596553343351,391.4310000000001,3.1826000000000008,105.17999999999999,3,7,4,7,0.19047619047619047,0,0.0,3.126206666666668,False,,0,,0,,0,,0.7540983606557377,0.6028950131371151,0.8234454784311183,0.18478260869565216,Osimertinib,0.24590163934426235,0.8152173913043479,0.0,0.5741040924851664,1.0,0.8213884566494256,0.0,0.598873137283648,1.0,1.0,0.0,-0.7984975163781973,5.7848362183981825,-0.005623725618046013,-0.0,0.561082324704002,6.340294817484139,0.0,0.0,0.7975337352193184,0.875,0.0,1.9350337352193183,0.35,medium,uncertain_prediction;agents_strongly_disagree,4.405261082264821,False,fail,True,high_model_uncertainty,0.07617504051863858,0.28363047001620745,0.17017828200972449,0.4675850891410049,0.3087520259319287,0.022690437601296597,0.1458670988654781,0.008103727714748784,0.21004862236628852,0.1773095623987034,6.5923531643236855,606,1.5,0.09303255714326575,2,610,4,0,reject,COc1cnccc1-c1cc2c(N[C@H](CO)c3ccccc3)ncnc2[nH]1
OCc1ccc(-c2cc3c(N[C@H](CO)c4ccccc4)nc(F)nc3[nH]2)cc1,6.571983623499411,0.5895632044986664,0.38594416549500005,378.40700000000004,3.4018000000000006,94.06,4,5,4,6,0.14285714285714285,0,0.0,2.9393800000000003,False,,0,,0,,0,,0.7090909090909091,0.6000900712191035,0.8183455840347336,0.16049382716049382,Afatinib,0.2909090909090909,0.8395061728395061,0.0,0.5492162140991732,1.0,0.8236357312359268,0.0,0.593212986333775,1.0,1.0,0.0,-0.7909506484450333,5.687638816751411,-0.04067712021928572,-0.0,0.5873473387696262,6.234309035301751,0.0,0.0,0.7343448067479996,0.875,0.0,1.8718448067479996,0.35,medium,uncertain_prediction;agents_strongly_disagree,4.362464228553752,False,fail,True,high_model_uncertainty,0.04376012965964344,0.07617504051863858,0.4327390599675851,0.6952998379254457,0.293354943273906,0.022690437601296597,0.1458670988654781,0.012965964343598054,0.23889789303079417,0.18419773095623987,6.520986506938704,609,1.5,0.058501505701240575,2,611,2,0,reject,OCc1ccc(-c2cc3c(N[C@H](CO)c4ccccc4)ncnc3[nH]2)cc1
O=C(/C=C\Cl)Cc1cc2c(Nc3cccc(Br)c3)nc(Cl)nc2cn1,6.611292261152989,0.4309459764491951,0.4464547508463848,438.112,5.048400000000002,67.77000000000001,1,5,3,5,0.058823529411764705,1,0.45,2.6874133333333337,False,,0,,0,,0,,0.7719298245614035,0.6540757912150102,0.9165014385727458,0.2625,Sunvozertinib,0.22807017543859653,0.7375,0.0,0.5421880616834605,1.0,0.8717510789295593,0.0,0.603484785153255,1.0,1.0,0.0,-0.80464638020434,5.964873296479196,-0.6507748962124388,-0.0,0.5530069385905549,5.8671053388573124,0.0,0.0,0.49641896467379265,0.875,0.0,1.6339189646737926,0.35,medium,uncertain_prediction;agents_strongly_disagree,4.23318637418352,False,fail,True,high_model_uncertainty,0.05186385737439222,0.3079416531604538,0.5891410048622366,0.38492706645056723,0.5583468395461912,0.022690437601296597,0.1458670988654781,0.05834683954619125,0.25028363047001617,0.23476499189627228,6.167445695421332,616,1.5,-0.010095635540953385,2,612,0,4,reject,O=C(/C=C\Cl)Cc1cc2c(Nc3cccc(Br)c3)ncnc2cn1
COc1cnccc1-c1cc2c(N[C@H](CO)c3ccccc3)nc(F)nc2[nH]1,6.60128831522671,0.6449045927419491,0.4449607272525235,379.39500000000004,3.3131000000000004,95.94999999999999,3,6,4,6,0.15,0,0.0,2.945966666666667,False,,0,,0,,0,,0.7419354838709677,0.6026914851962291,0.8230754276295073,0.2222222222222222,Osimertinib,0.25806451612903225,0.7777777777777778,0.0,0.5814219897324777,1.0,0.8117510151665749,0.0,0.5982932512247632,1.0,1.0,0.0,-0.7977243349663509,5.6339314261137865,0.018065727252523464,-0.0,0.5552312224987747,6.207228375865085,0.0,0.0,0.8173568891129237,0.875,0.0,1.9548568891129237,0.35,medium,uncertain_prediction;agents_strongly_disagree,4.2523714867521605,False,fail,True,high_model_uncertainty,0.050243111831442464,0.30307941653160453,0.3987034035656402,0.5210696920583469,0.3063209076175041,0.022690437601296597,0.1458670988654781,0.006482982171799027,0.24724473257698543,0.20032414910858995,6.503922054957467,610,1.5,-0.03223953431753168,2,613,3,0,reject,COc1cnccc1-c1cc2c(N[C@H](CO)c3ccccc3)ncnc2[nH]1
COc1ccccc1-c1cc2c(N[C@H](CO)c3ccccc3)nc(F)nc2[nH]1,6.418842913915636,0.6128191682445691,0.44312247179452097,378.40700000000004,3.9181000000000017,83.06,3,5,4,6,0.14285714285714285,0,0.0,2.9393800000000003,False,,0,,0,,0,,0.7241379310344828,0.6380705545318321,0.8874010082396947,0.23255813953488372,Osimertinib,0.27586206896551724,0.7674418604651163,0.0,0.5806642825639097,1.0,0.8574112212960501,0.0,0.6095188759649899,1.0,1.0,0.0,-0.8126918346199865,5.499614161548783,0.0165011860802352,-0.0,0.5762207412339413,6.092336088862959,0.0,0.0,0.7692287523668536,0.875,0.0,1.9067287523668537,0.35,medium,uncertain_prediction;agents_strongly_disagree,4.185607336496106,False,fail,True,high_model_uncertainty,0.01620745542949757,0.27228525121555913,0.4327390599675851,0.6239870340356564,0.49432739059967584,0.022690437601296597,0.1458670988654781,0.011345218800648298,0.2514586709886548,0.2182333873581848,6.394086494049345,612,1.5,-0.07751259867407212,2,614,2,0,reject,COc1ccccc1-c1cc2c(N[C@H](CO)c3ccccc3)ncnc2[nH]1
[2H]C([2H])([2H])Oc1ccccc1-c1cc2c(N[C@H](CO)c3ccccc3)nc(OC)nc2[nH]1,6.702695895360506,0.7126887008677347,0.44244447474168586,393.4613053340001,3.787600000000002,92.28999999999999,3,6,4,7,0.18181818181818182,0,0.0,3.1397420355600008,False,,0,,0,,0,,0.75,0.6354542786465976,0.8826441429938138,0.17204301075268819,Osimertinib,0.25,0.8279569892473118,0.0,0.5725851520479273,1.0,0.8689723545571884,0.0,0.6103893766512789,1.0,1.0,0.0,-0.8138525022017052,5.633662844058904,-0.010335012410496062,-0.0,0.5815481325226469,6.2048759641710545,0.0,0.0,0.9190330513016021,0.875,0.0,2.056533051301602,0.35,medium,uncertain_prediction;agents_strongly_disagree,4.1483429128694524,False,fail,True,high_model_uncertainty,0.06807131280388978,0.26418152350081037,0.13371150729335493,0.47974068071312803,0.4862236628849271,0.022690437601296597,0.1458670988654781,0.004862236628849271,0.19947325769854135,0.1871150729335494,6.444243873409304,611,1.5,-0.15211899961028807,2,615,4,0,reject,[2H]C([2H])([2H])Oc1ccccc1-c1cc2c(N[C@H](CO)c3ccccc3)ncnc2[nH]1
[2H]C([2H])([2H])Oc1ccccc1-c1cc2c(N[C@H](CO)c3ccccc3)nc(F)nc2[nH]1,6.567692184759093,0.730510141294452,0.44110465939095395,381.42530533400003,3.9181000000000017,83.06,3,5,4,6,0.14285714285714285,0,0.0,2.9595020355600004,False,,0,,0,,0,,0.7627118644067796,0.6307532358081375,0.8740967923784316,0.2,Osimertinib,0.23728813559322037,0.8,0.0,0.5787805612973325,1.0,0.8555725942838237,0.0,0.608588288895289,1.0,1.0,0.0,-0.8114510518603854,5.471926972817416,0.011465068342668189,-0.0,0.5653038591115571,6.048695900271641,0.0,0.0,0.9457652119416781,0.875,0.0,2.0832652119416784,0.35,medium,uncertain_prediction;agents_strongly_disagree,3.9654306883299624,False,fail,True,high_model_uncertainty,0.03727714748784441,0.2544570502431118,0.38492706645056723,0.4189627228525122,0.4546191247974068,0.022690437601296597,0.1458670988654781,0.0032414910858995136,0.2091977309562399,0.19222042139384118,6.299733177419129,615,1.5,-0.328904805997428,2,616,1,0,reject,[2H]C([2H])([2H])Oc1ccccc1-c1cc2c(N[C@H](CO)c3ccccc3)ncnc2[nH]1
C/C=C/C(=O)Cc1ccc2nc(Cl)nc(Nc3cccc(Br)c3)c2c1,6.394699948592702,0.4880889569664778,0.4420197893313679,416.7060000000001,5.477000000000003,54.88,1,4,3,5,0.10526315789473684,1,0.45,2.5447066666666673,False,,0,,0,,0,,0.7288135593220338,0.61872622534098,0.8522295006199635,0.2441860465116279,Osimertinib,0.27118644067796616,0.7558139534883721,0.0,0.545237550798919,1.0,0.8281256138370656,0.0,0.5933407911589962,1.0,1.0,0.0,-0.7911210548786616,5.662566513142986,-0.6291598948791586,-0.0,0.5618354595065873,5.595242077770415,0.0,0.0,0.5821334354497167,0.875,0.0,1.7196334354497167,0.35,medium,uncertain_prediction;agents_strongly_disagree,3.875608642320698,False,fail,True,high_model_uncertainty,0.009724473257698542,0.2560777957860616,0.7179902755267423,0.5940032414910859,0.4011345218800648,0.022690437601296597,0.1458670988654781,0.027552674230145867,0.28209076175040515,0.23087520259319289,5.933750991870901,617,1.5,-0.3723411145674702,2,617,0,0,reject,C/C=C/C(=O)Cc1ccc2ncnc(Nc3cccc(Br)c3)c2c1
