smiles,predicted_pIC50,uncertainty,QED,MW,LogP,TPSA,HBD,HBA,ring_count,rotatable_bonds,fraction_csp3,lipinski_violations,penalty,SA_score,has_PAINS,PAINS_alert,structural_alert_count,structural_alerts,severe_alert_count,severe_alerts,covalent_warhead_count,covalent_warheads,max_train_similarity,top5_train_similarity,applicability_score,max_market_similarity,closest_market_name,novelty_score,market_novelty_score,potency_support,chemistry_support,safety_support,domain_support,agent_support_min,agent_support_mean,agent_support_max,agent_disagreement_score,multi_agent_balance,potency_vs_guardrails_gap,potency_reward,chemistry_reward,safety_reward,novelty_reward,naive_reward,applicability_penalty,market_copy_penalty,uncertainty_penalty,disagreement_penalty,reactivity_penalty,anti_hacking_penalty,reward_hacking_risk,reward_hacking_risk_level,reward_hacking_flags,verified_reward,audit_pass,audit_status,veto,veto_reasons,potency_percentile,qed_percentile,sa_percentile,novelty_percentile,applicability_percentile,balance_percentile,risk_percentile,uncertainty_percentile,naive_multi_objective_score,multi_objective_score,naive_score,naive_rank,audit_status_penalty,final_score,audit_priority,rank,audit_demote_positions,audit_promote_positions,selection_bucket,parent_seed
O=C(/C=C\F)Cc1cc2c(Nc3cccc(Br)c3)ncnc2cn1,9.008198305968923,0.08763106844072752,0.6673221117389069,387.2120000000001,4.125700000000002,67.77000000000001,1,5,3,5,0.058823529411764705,0,0.0,2.348080000000001,False,,0,,0,,0,,0.8333333333333334,0.7997338173018754,1.0,0.33783783783783783,Sunvozertinib,0.16666666666666663,0.6621621621621622,0.8157078285837216,0.7267163922256294,1.0,0.9155405405405406,0.7267163922256294,0.8644911903374728,1.0,0.27328360777437055,0.7267163922256294,-0.06504448233833504,8.876751703307832,0.3209924646800832,-0.0,0.5236486486486487,9.721392816636564,0.0,0.0,0.0,0.0,0.0,0.0,0.0,low,,9.721392816636564,True,pass,False,,0.839493136219641,0.8732840549102429,0.8606124604012672,0.10190073917634636,0.8780359028511088,0.9852164730728616,0.8247096092925026,0.8099260823653643,0.7019007391763464,0.7883843717001056,10.56367370364818,12,0.0,10.667454062676692,0,1,0,11,lead,O=C(/C=C\Cl)Cc1cc2c(Nc3cccc(Br)c3)ncnc2cn1
OCc1ccc(-c2cc3c(N[C@H](CF)c4ccccc4)ncnc3[nH]2)cc1,9.309985758509137,0.02402020826091221,0.4796017385083468,362.408,4.239900000000002,73.83,3,4,4,6,0.14285714285714285,0,0.0,2.83272,False,,0,,0,,0,,0.8431372549019608,0.729453661806603,1.0,0.20512820512820512,Afatinib,0.1568627450980392,0.7948717948717949,0.9356822938446459,0.6048301869488215,1.0,0.9487179487179487,0.6048301869488215,0.872307607377854,1.0,0.3951698130511785,0.6048301869488215,0.08449958195572238,9.27395544611777,0.06897945279406109,-0.0,0.5590497737556561,9.901984672667487,0.0,0.0,0.0,0.11896226631397312,0.0,0.11896226631397312,0.0,low,,9.783022406353513,True,pass,False,,0.9640971488912354,0.43664202745512143,0.5274551214361141,0.07127771911298839,0.8780359028511088,0.8389651531151003,0.8247096092925026,0.9873284054910243,0.614545934530095,0.7181362196409713,10.6394397941036,5,0.0,10.644785869922679,0,2,0,3,lead,OCc1ccc(-c2cc3c(N[C@H](CO)c4ccccc4)ncnc3[nH]2)cc1
COc1cc(CO)ccc1-c1cc2c(N[C@H](C)c3ccccc3)ncnc2[nH]1,9.498957507913254,0.12121831409595556,0.468660740099691,374.444,4.298900000000003,83.06,3,5,4,6,0.18181818181818182,0,0.0,2.91296,False,,0,,0,,0,,0.8135593220338984,0.7520840597090612,1.0,0.22727272727272727,Osimertinib,0.18644067796610164,0.7727272727272727,0.9148865571111445,0.5957264839779071,1.0,0.9431818181818181,0.5957264839779071,0.8634487148177175,1.0,0.40427351602209294,0.5957264839779071,0.06858378972456958,9.31713003676932,0.04989855828150919,-0.0,0.5657164869029275,9.932745081953756,0.0,0.0,0.03182747114393333,0.13034189502761617,0.0,0.1621693661715495,0.0,low,,9.770575715782208,True,pass,False,,0.9957761351636748,0.37117212249208026,0.5121436114044351,0.1805702217529039,0.8780359028511088,0.7940865892291447,0.8247096092925026,0.6884899683210137,0.6352692713833157,0.7077877507919748,10.695068207613735,4,0.0,10.619921016732578,0,3,0,1,lead,C[C@@H](Nc1ncnc2[nH]c(-c3ccc(CO)cc3)cc12)c1ccccc1
COCCOc1cnccc1-c1[nH]c2c(c1Nc1cccc(F)c1Cl)C(=O)NCC2,9.297263540564424,0.04295338679454819,0.49426658475443414,430.86700000000013,3.9239000000000024,88.27000000000001,3,5,4,7,0.23809523809523808,0,0.0,3.0391133333333347,False,,0,,0,,0,,0.8382352941176471,0.8148096052755591,1.0,0.19801980198019803,Gefitinib,0.16176470588235292,0.801980198019802,0.9192485143849224,0.6049576472559643,1.0,0.9504950495049505,0.6049576472559643,0.8686753027864593,1.0,0.39504235274403565,0.6049576472559643,0.06743094879795086,9.232833460372602,0.062209108563957755,-0.0,0.5633881770529994,9.858430745989558,0.0,0.0,0.0,0.11880294093004458,0.0,0.11880294093004458,0.0,low,,9.739627805059515,True,pass,False,,0.9609292502639916,0.49736008447729674,0.3262935586061246,0.08764519535374868,0.8780359028511088,0.8405491024287223,0.8247096092925026,0.9588173178458289,0.598363252375924,0.7065469904963041,10.576466648840666,9,0.0,10.58748419365508,0,4,0,5,lead,COCCOc1cnccc1-c1[nH]c2c(c1Nc1cccc(F)c1Br)C(=O)NCC2
OC[C@@H](Nc1ncnc2[nH]c(-c3ccc(CF)cc3)cc12)c1ccccc1,9.276066932175643,0.039678670458067916,0.4796017385083468,362.4080000000001,4.239900000000002,73.83,3,4,4,6,0.14285714285714285,0,0.0,2.8327200000000006,False,,0,,0,,0,,0.8431372549019608,0.7680751127968908,1.0,0.20512820512820512,Afatinib,0.1568627450980392,0.7948717948717949,0.9162416637232633,0.6048301869488215,1.0,0.9487179487179487,0.6048301869488215,0.8674474498475084,1.0,0.3951698130511785,0.6048301869488215,0.06505895183433985,9.216548926488542,0.06897945279406104,-0.0,0.5590497737556561,9.84457815303826,0.0,0.0,0.0,0.11896226631397312,0.0,0.11896226631397312,0.0,low,,9.725615886724286,True,pass,False,,0.9514255543822597,0.43664202745512143,0.5258711721224921,0.07127771911298839,0.8780359028511088,0.8389651531151003,0.8247096092925026,0.9640971488912354,0.6086061246040126,0.713014783526927,10.574905502563075,11,0.0,10.5812336269566,0,5,0,6,lead,OCc1ccc(-c2cc3c(N[C@H](CO)c4ccccc4)ncnc3[nH]2)cc1
CCOc1cc(C)ccc1-c1cc2c(N[C@H](CO)c3ccccc3)ncnc2[nH]1,9.466693563673,0.05578813905060436,0.4348209892776107,388.471,4.477520000000003,83.06,3,5,4,7,0.21739130434782608,0,0.0,3.1064733333333336,False,,0,,0,,0,,0.8245614035087719,0.7263907753254103,1.0,0.20481927710843373,Afatinib,0.17543859649122806,0.7951807228915663,0.9526216935828268,0.5696718005129423,1.0,0.9487951807228916,0.5696718005129423,0.8677721687046651,1.0,0.4303281994870577,0.5696718005129423,0.11313269983754881,9.383011355097093,-0.009410880287606713,-0.0,0.5675015852885225,9.941102060098007,0.0,0.0,0.0,0.16291024935882215,0.0,0.16291024935882215,0.0,low,,9.778191810739186,True,pass,False,,0.9915522703273495,0.2296726504751848,0.2587117212249208,0.13938753959873285,0.8780359028511088,0.6552270327349525,0.8247096092925026,0.9208025343189018,0.5588173178458289,0.6535638859556494,10.611682841513002,6,0.0,10.562468473885964,0,6,0,0,lead,CCOc1ccccc1-c1cc2c(N[C@H](CO)c3ccccc3)ncnc2[nH]1
CCOc1ccccc1-c1cc2c(N[C@H](CO)c3ccccc3)ncnc2[nH]1,9.645267548791168,0.039138884641543734,0.4521900852216164,374.444,4.169100000000002,83.06,3,5,4,7,0.18181818181818182,0,0.0,3.01296,False,,0,,0,,0,,1.0,0.851017316017316,1.0,0.21518987341772153,Afatinib,0.0,0.7848101265822784,1.0,0.5828214699488121,1.0,0.9462025316455696,0.5828214699488121,0.8822560003985955,1.0,0.4171785300511879,0.5828214699488121,0.15699199946853948,9.586559221828852,0.018427903403434583,-0.0,0.2854430379746835,9.89043016320697,0.0,0.0,0.0,0.14647316256398485,0.0,0.14647316256398485,0.0,low,,9.743957000642984,True,pass,False,,0.9989440337909187,0.3273495248152059,0.3648363252375924,0.004751847940865892,0.8780359028511088,0.7412882787750792,0.8247096092925026,0.9662090813093981,0.5706705385427667,0.6784582893347413,10.57523480945829,10,0.0,10.558106947844674,0,7,0,3,lead,[2H]C([2H])([2H])Oc1ccccc1-c1cc2c(N[C@H](CO)c3ccccc3)ncnc2[nH]1
CCOc1cnccc1-c1cc2c(N[C@H](CO)c3ccccc3)ncnc2[nH]1,9.467893269456814,0.09970869889194876,0.457017806910887,375.432,3.5641000000000007,95.94999999999999,3,6,4,7,0.19047619047619047,0,0.0,3.019546666666667,False,,0,,0,,0,,0.8620689655172413,0.7516568413685428,1.0,0.20238095238095238,Afatinib,0.13793103448275867,0.7976190476190477,0.9221772281398395,0.5852233835445777,1.0,0.9494047619047619,0.5852233835445777,0.8642013433972948,1.0,0.4147766164554223,0.5852233835445777,0.07730117965672634,9.318330221118892,0.02313342595850605,-0.0,0.5513546798029557,9.892818326880352,0.0,0.0,0.0,0.14347077056927787,0.0,0.14347077056927787,0.0,low,,9.749347556311074,True,pass,False,,0.9926082365364308,0.3400211193241816,0.3611404435058078,0.03167898627243928,0.8780359028511088,0.7497360084477297,0.8247096092925026,0.7719112988384371,0.5751847940865892,0.6719112988384373,10.58304007978426,7,0.0,10.555641114917199,0,8,1,0,lead,COc1cnccc1-c1cc2c(N[C@H](CO)c3ccccc3)ncnc2[nH]1
[2H]C([2H])([2H])Oc1ccccc1-c1cc2c(N[C@H](CF)c3ccccc3)ncnc2[nH]1,9.118298805305125,0.029455295115350586,0.5172404728978485,365.426305334,4.756200000000003,62.83,2,4,4,6,0.14285714285714285,0,0.0,2.85284203556,False,,0,,0,,0,,0.8214285714285714,0.6974036986190745,0.9952794520346807,0.22784810126582278,Afatinib,0.1785714285714286,0.7721518987341772,0.8839559947455359,0.624757566418432,1.0,0.9394975637095548,0.624757566418432,0.8620527812183807,1.0,0.37524243358156795,0.624757566418432,0.029204284702873617,9.0741158626321,0.10359988184956276,-0.0,0.5608225754860662,9.738538319967729,0.0,0.0,0.0,0.09405304197695995,0.0,0.09405304197695995,0.0,low,,9.64448527799077,True,pass,False,,0.8827877507919747,0.5638859556494192,0.5163674762407603,0.15575501583949314,0.750791974656811,0.8986272439281943,0.8247096092925026,0.9820485744456178,0.6186378035902851,0.7131467793030623,10.480903684276072,22,0.0,10.500261413154444,0,9,0,13,lead,[2H]C([2H])([2H])Oc1ccccc1-c1cc2c(N[C@H](CO)c3ccccc3)ncnc2[nH]1
COc1ccccc1-c1cc2c(N[C@H](CF)c3ccccc3)ncnc2[nH]1,9.100334116368025,0.048601854898353634,0.5192265511151524,362.408,4.756200000000003,62.83,2,4,4,6,0.14285714285714285,0,0.0,2.83272,False,,0,,0,,0,,0.8148148148148148,0.7178099990170392,1.0,0.25301204819277107,Osimertinib,0.18518518518518523,0.7469879518072289,0.8660622306631587,0.6266238338825646,1.0,0.9367469879518072,0.6266238338825646,0.8573582631243827,1.0,0.3733761661174354,0.6266238338825646,0.0116052900517013,9.027431334020495,0.10860426540086665,-0.0,0.557429718875502,9.693465318296864,0.0,0.0,0.0,0.09172020764679427,0.0,0.09172020764679427,0.0,low,,9.60174511065007,True,pass,False,,0.8764519535374868,0.5702217529039071,0.5274551214361141,0.17581837381203802,0.8780359028511088,0.9060190073917634,0.8247096092925026,0.9461457233368532,0.6227296726504752,0.7269799366420273,10.440740925477435,28,0.0,10.474121034620502,0,10,0,18,lead,COc1ccccc1-c1cc2c(N[C@H](CO)c3ccccc3)ncnc2[nH]1
OCc1ccc(-c2cc3c(N[C@H](CO)c4ccccc4)ncnc3[nH]2)c(F)c1,9.352103292664582,0.07196322032943474,0.4125713732623113,378.40700000000004,3.4018000000000006,94.06,4,5,4,6,0.14285714285714285,0,0.0,2.9393800000000003,False,,0,,0,,0,,0.75,0.7020669221488893,1.0,0.22784810126582278,Afatinib,0.25,0.7721518987341772,0.9126515689355412,0.5638611783711943,1.0,0.9430379746835443,0.5638611783711943,0.85488768049757,1.0,0.4361388216288057,0.5638611783711943,0.07701851791729497,9.24415846217043,-0.01404991245197446,-0.0,0.5941455696202531,9.824254119338708,0.0,0.0,0.0,0.17017352703600713,0.0,0.17017352703600713,0.0,low,,9.6540805923027,True,pass,False,,0.9714889123548046,0.15786694825765576,0.43400211193241817,0.47729672650475186,0.8780359028511088,0.6261879619852164,0.8247096092925026,0.8722280887011615,0.6293030623020063,0.6827613516367476,10.579417794101115,8,0.0,10.473394214266797,0,11,3,0,lead,OCc1ccc(-c2cc3c(N[C@H](CO)c4ccccc4)ncnc3[nH]2)cc1
COC(C)(C)COc1cnccc1-c1[nH]c2c(c1Nc1ccc(C)c(F)c1C)C(=O)NCC2,9.23372605594051,0.045208751722153856,0.4850605147304438,452.53000000000026,4.665940000000003,88.27000000000001,3,5,4,7,0.36,0,0.0,3.183533333333335,False,,0,,0,,0,,0.8285714285714286,0.768011583011583,1.0,0.14563106796116504,Osimertinib,0.17142857142857137,0.854368932038835,0.9017853877796198,0.5943396933581543,1.0,0.9635922330097088,0.5943396933581543,0.8649293285368707,1.0,0.4056603066418457,0.5943396933581543,0.049141412323665534,9.16591292835728,0.04353051473044358,-0.0,0.5834535367545076,9.792896979842231,0.0,0.0,0.0,0.13207538330230717,0.0,0.13207538330230717,0.0,low,,9.660821596539924,True,pass,False,,0.9398099260823654,0.44931362196409713,0.162090813093981,0.12090813093980993,0.8780359028511088,0.7761351636747624,0.8247096092925026,0.9535374868004224,0.5612724392819429,0.6732048574445617,10.466423906980562,25,0.0,10.468667425473397,0,12,0,13,lead,COC(C)(C)COc1cnccc1-c1[nH]c2c(c1Nc1cccc(F)c1C)C(=O)NCC2
COCCOc1cnccc1-c1[nH]c2c(c1Nc1cccc(F)c1F)C(=O)NCC2,9.140831194606978,0.05171903610547653,0.5159436193393736,414.41200000000015,3.409600000000001,88.27000000000001,3,5,4,7,0.23809523809523808,0,0.0,2.9294133333333345,False,,0,,0,,0,,0.8636363636363636,0.8388065517759973,1.0,0.20224719101123595,Afatinib,0.13636363636363635,0.797752808988764,0.874004473377911,0.6210992470469119,1.0,0.949438202247191,0.6210992470469119,0.8611354806680034,1.0,0.3789007529530881,0.6210992470469119,0.017158656946543283,9.063252640448763,0.10034114314889722,-0.0,0.5506894790602656,9.714283262657926,0.0,0.0,0.0,0.09862594119136016,0.0,0.09862594119136016,0.0,low,,9.615657321466566,True,pass,False,,0.8996832101372756,0.5628299894403379,0.4530095036958817,0.027455121436114043,0.8780359028511088,0.8922914466737064,0.8247096092925026,0.9324181626187962,0.5908658922914467,0.7085005279831044,10.423322333407661,34,0.0,10.46585795504629,0,13,0,21,lead,COCCOc1cnccc1-c1[nH]c2c(c1Nc1cccc(F)c1Br)C(=O)NCC2
COC(C)(C)COc1cnccc1-c1[nH]c2c(c1Nc1cc(F)cc(F)c1C)C(=O)NCC2,9.457481553865675,0.1443369848910843,0.48741695697455645,456.4930000000002,4.496620000000003,88.27000000000001,3,5,4,7,0.3333333333333333,0,0.0,3.2099533333333348,False,,0,,0,,0,,0.8472222222222222,0.775438596491228,1.0,0.16981132075471697,Gefitinib,0.1527777777777778,0.8301886792452831,0.8883344990426597,0.5946195827462624,1.0,0.9575471698113207,0.5946195827462624,0.8601253129000608,1.0,0.40538041725373763,0.5946195827462624,0.03761224819013198,9.240976076529048,0.03925729030788961,-0.0,0.5678066037735849,9.848039970610522,0.0,0.0,0.06650547733662643,0.13172552156717204,0.0,0.19823099890379847,0.0,low,,9.649808971706722,True,pass,False,,0.9904963041182682,0.47254487856388594,0.13885955649419218,0.05966209081309398,0.8780359028511088,0.7808870116156283,0.8247096092925026,0.5987328405491025,0.5729936642027456,0.6661826821541712,10.535632367653816,13,0.0,10.449228190291727,0,14,1,0,lead,COC(C)(C)COc1cnccc1-c1[nH]c2c(c1Nc1cccc(F)c1C)C(=O)NCC2
CCOc1ccc(C)cc1-c1cc2c(N[C@H](CO)c3ccccc3)ncnc2[nH]1,9.370047021654818,0.06878742212158917,0.4348209892776107,388.471,4.477520000000003,83.06,3,5,4,7,0.21739130434782608,0,0.0,3.1064733333333336,False,,0,,0,,0,,0.8245614035087719,0.7071167851696115,1.0,0.20481927710843373,Afatinib,0.17543859649122806,0.7951807228915663,0.9193605599285921,0.5696718005129423,1.0,0.9487951807228916,0.5696718005129423,0.8594568852911064,1.0,0.4303281994870577,0.5696718005129423,0.07987156618331415,9.266865888472434,-0.009410880287606713,-0.0,0.5675015852885225,9.824956593473349,0.0,0.0,0.0,0.16291024935882215,0.0,0.16291024935882215,0.0,low,,9.662046344114527,True,pass,False,,0.9767687434002112,0.2296726504751848,0.2587117212249208,0.13938753959873285,0.8780359028511088,0.6552270327349525,0.8247096092925026,0.8796198521647307,0.5521647307286166,0.6470696937697994,10.487554270347689,21,0.0,10.438529976638286,0,15,0,6,lead,CCOc1ccccc1-c1cc2c(N[C@H](CO)c3ccccc3)ncnc2[nH]1
Cc1ccccc1-c1cc2c(N[C@H](CO)c3ccccc3)ncnc2[nH]1,9.143840742783018,0.1313583952525809,0.509941198085486,344.418,4.078820000000002,73.83,3,4,4,5,0.14285714285714285,0,0.0,2.65,False,,0,,0,,0,,0.7592592592592593,0.7324083694083694,1.0,0.21052631578947367,Afatinib,0.2407407407407407,0.7894736842105263,0.819009309018948,0.6285445820239404,1.0,0.9473684210526316,0.6285445820239404,0.8487305780238801,1.0,0.37145541797605963,0.6285445820239404,-0.03962835867324266,8.946803149904147,0.12672691237120032,-0.0,0.5951754385964911,9.66870550087184,0.0,0.0,0.047037592878871326,0.08931927247007455,0.0,0.13635686534894587,0.0,low,,9.532348635522894,True,pass,False,,0.9028511087645196,0.544350580781415,0.6325237592397043,0.428194297782471,0.8780359028511088,0.9123548046462513,0.8247096092925026,0.6504751847940866,0.6956705385427666,0.7526135163674763,10.503510147123158,17,0.0,10.435484855163866,0,16,0,1,lead,OC[C@@H](Nc1ncnc2[nH]c(-c3ccccc3)cc12)c1ccccc1
O=C(/C=C\Br)Cc1cc2c(Nc3cccc(Br)c3)ncnc2cn1,8.961454884336225,0.030625580830658694,0.5807156344667112,448.11800000000005,4.551100000000003,67.77000000000001,1,5,3,5,0.058823529411764705,0,0.0,2.7541200000000003,False,,0,,0,,0,,0.8490566037735849,0.8143462692370338,1.0,0.32432432432432434,Sunvozertinib,0.15094339622641506,0.6756756756756757,0.8439258145025953,0.6634659066489988,1.0,0.9189189189189189,0.6634659066489988,0.8565776600176283,1.0,0.33653409335100115,0.6634659066489988,-0.01686912735337731,8.915516513090237,0.1734799874078876,-0.0,0.5206272310045894,9.609623731502714,0.0,0.0,0.0,0.04566761668875145,0.0,0.04566761668875145,0.0,low,,9.563956114813962,True,pass,False,,0.8130939809926082,0.6937697993664202,0.5607180570221753,0.05279831045406547,0.8780359028511088,0.9619852164730729,0.8247096092925026,0.9799366420274551,0.5993136219640971,0.7248152059134108,10.32880007785963,64,0.0,10.433734361910055,0,17,0,47,lead,O=C(/C=C\Cl)Cc1cc2c(Nc3cccc(Br)c3)ncnc2cn1
CCOc1cc(OC)ccc1-c1cc2c(N[C@H](CO)c3ccccc3)ncnc2[nH]1,9.425751702580266,0.04040163253543879,0.40805553222987845,404.47,4.177700000000002,92.28999999999999,3,6,4,8,0.21739130434782608,0,0.0,3.313133333333334,False,,0,,0,,0,,0.7966101694915254,0.7333795735808447,1.0,0.2289156626506024,Afatinib,0.2033898305084746,0.7710843373493976,0.9531567828702593,0.547002337598228,1.0,0.9427710843373494,0.547002337598228,0.8607325512014592,1.0,0.45299766240177197,0.547002337598228,0.12323230889173342,9.365149253777108,-0.06717533733533902,-0.0,0.5728507249336329,9.870824641375401,0.0,0.0,0.0,0.19124707800221497,0.0,0.19124707800221497,0.0,low,,9.679577563373186,True,pass,False,,0.986272439281943,0.14519535374868003,0.08922914466737064,0.2550158394931362,0.8780359028511088,0.5596620908130939,0.8247096092925026,0.9609292502639916,0.5372492080253432,0.6263727560718056,10.515523691005813,15,0.0,10.431224870659353,0,18,3,0,lead,CCOc1ccccc1-c1cc2c(N[C@H](CO)c3ccccc3)ncnc2[nH]1
OC[C@@H](Nc1ncnc2[nH]c(-c3cccc(F)c3)cc12)c1ccccc1,8.987055947070866,0.0223018576993914,0.5111779610192174,348.3810000000001,3.909500000000002,73.83,3,4,4,5,0.1,0,0.0,2.65,False,,0,,0,,0,,0.8163265306122449,0.7479353144766678,1.0,0.23684210526315788,Afatinib,0.18367346938775508,0.7631578947368421,0.8561526863781426,0.6292248016374926,1.0,0.9407894736842105,0.6292248016374926,0.8565417404249615,1.0,0.3707751983625074,0.6292248016374926,-0.0005187387290918055,8.953603160521778,0.12367796101921746,-0.0,0.5616004296455424,9.638881551186538,0.0,0.0,0.0,0.08846899795313425,0.0,0.08846899795313425,0.0,low,,9.550412553233404,True,pass,False,,0.8268215417106652,0.5543822597676874,0.6325237592397043,0.17212249208025343,0.8780359028511088,0.9181626187961985,0.8247096092925026,0.9883843717001056,0.6122492080253431,0.7231784582893348,10.373580600816949,46,0.0,10.418226703180606,0,19,0,27,lead,OC[C@@H](Nc1ncnc2[nH]c(-c3ccccc3)cc12)c1ccccc1
[2H]C([2H])([2H])Oc1cc(C)ccc1-c1cc2c(N[C@H](CO)c3ccccc3)ncnc2[nH]1,9.353805292594144,0.13688595162119474,0.47140332812841834,377.462305334,4.0874200000000025,83.06,3,5,4,6,0.18181818181818182,0,0.0,2.93308203556,False,,0,,0,,0,,0.8275862068965517,0.7363192708910173,1.0,0.2087912087912088,Osimertinib,0.1724137931034483,0.7912087912087912,0.8676311570136996,0.5964609829490917,1.0,0.9478021978021978,0.5964609829490917,0.8529735844412474,1.0,0.40353901705090833,0.5964609829490917,0.019543430096603198,9.148476365162352,0.04962284097623654,-0.0,0.564948844259189,9.763048050397778,0.0,0.0,0.0553289274317921,0.12942377131363542,0.0,0.18475269874542752,0.0,low,,9.57829535165235,True,pass,False,,0.9725448785638859,0.3775079197465681,0.4498416050686378,0.12724392819429778,0.8780359028511088,0.7977824709609292,0.8247096092925026,0.6346356916578669,0.6060718057022175,0.6878827877507919,10.49033421724044,20,0.0,10.403754696953301,0,20,0,0,lead,[2H]C([2H])([2H])Oc1ccccc1-c1cc2c(N[C@H](CO)c3ccccc3)ncnc2[nH]1
OC[C@@H](Nc1ncnc2[nH]c(-c3ccccc3F)cc12)c1ccccc1,9.126893694430033,0.13764925271142325,0.5111779610192174,348.3810000000001,3.909500000000002,73.83,3,4,4,5,0.1,0,0.0,2.65,False,,0,,0,,0,,0.74,0.7195197083618137,1.0,0.2602739726027397,Afatinib,0.26,0.7397260273972603,0.8103689467095119,0.6292248016374926,1.0,0.9349315068493151,0.6292248016374926,0.8436313137990799,1.0,0.3707751983625074,0.6292248016374926,-0.044349822786090676,8.920419815362898,0.12367796101921746,-0.0,0.5889178082191782,9.633015584601292,0.0,0.0,0.05647387906713487,0.08846899795313425,0.0,0.14494287702026912,0.0,low,,9.488072707581024,True,pass,False,,0.8891235480464625,0.5543822597676874,0.6325237592397043,0.544350580781415,0.8780359028511088,0.9181626187961985,0.8247096092925026,0.6293558606124604,0.7147307286166842,0.7611404435058077,10.490692458941313,19,0.0,10.401441239787992,0,21,2,0,lead,OC[C@@H](Nc1ncnc2[nH]c(-c3ccccc3)cc12)c1ccccc1
OC[C@@H](Nc1ncnc2[nH]c(-c3ccc(F)cc3)cc12)c1ccccc1,9.045572905937588,0.060977114580750356,0.5111779610192174,348.3810000000001,3.909500000000002,73.83,3,4,4,5,0.1,0,0.0,2.65,False,,0,,0,,0,,0.851063829787234,0.7961426530638045,1.0,0.22666666666666666,Afatinib,0.14893617021276595,0.7733333333333333,0.8437092462778718,0.6292248016374926,1.0,0.9433333333333334,0.6292248016374926,0.8540668453121745,1.0,0.3707751983625074,0.6292248016374926,-0.01381013204573689,8.954107234066463,0.12367796101921746,-0.0,0.5490212765957447,9.626806471681425,0.0,0.0,0.0,0.08846899795313425,0.0,0.08846899795313425,0.0,low,,9.53833747372829,True,pass,False,,0.8574445617740233,0.5543822597676874,0.6325237592397043,0.046462513199577615,0.8780359028511088,0.9181626187961985,0.8247096092925026,0.9102428722280888,0.6008975712777191,0.7158922914466738,10.347883557214688,53,0.0,10.3974082234643,0,22,0,31,lead,OC[C@@H](Nc1ncnc2[nH]c(-c3ccccc3)cc12)c1ccccc1
CCOc1cc(C(N)=O)ccc1-c1cc2c(N[C@H](C)c3ccccc3)ncnc2[nH]1,9.325634791253622,0.0290396018856404,0.4281598724914338,401.4700000000001,4.295600000000002,105.91999999999999,3,5,4,7,0.17391304347826086,0,0.0,3.1931333333333343,False,,0,,0,,0,,0.8333333333333334,0.7241708932414891,1.0,0.20652173913043478,Osimertinib,0.16666666666666663,0.7934782608695652,0.9360809764934571,0.562675109357468,1.0,0.9483695652173914,0.562675109357468,0.8617814127670791,1.0,0.437324890642532,0.562675109357468,0.09906608496850411,9.282075388425161,-0.033418823160740255,-0.0,0.5630434782608695,9.81170004352529,0.0,0.0,0.0,0.171656113303165,0.0,0.171656113303165,0.0,low,,9.640043930222125,True,pass,False,,0.9672650475184794,0.2006335797254488,0.15100316789862725,0.10190073917634636,0.8780359028511088,0.6209081309398099,0.8247096092925026,0.9831045406546991,0.5184266103484688,0.6270855332629357,10.433811975943453,32,0.0,10.392546570137648,0,23,0,9,lead,COc1cc(C(N)=O)ccc1-c1cc2c(N[C@H](C)c3ccccc3)ncnc2[nH]1
COC(C)(C)COc1cnccc1-c1[nH]c2c(c1Nc1ccc(F)c(F)c1C)C(=O)NCC2,9.282866215265898,0.10467734930162613,0.48741695697455645,456.4930000000002,4.496620000000003,88.27000000000001,3,5,4,7,0.3333333333333333,0,0.0,3.2099533333333348,False,,0,,0,,0,,0.8571428571428571,0.7920360360360361,1.0,0.16666666666666666,Osimertinib,0.1428571428571429,0.8333333333333334,0.8724424093053362,0.5946195827462624,1.0,0.9583333333333334,0.5946195827462624,0.856348831346233,1.0,0.40538041725373763,0.5946195827462624,0.021458103945470985,9.125850191313459,0.03925729030788961,-0.0,0.5642857142857143,9.729393195907063,0.0,0.0,0.007016023952439186,0.13172552156717204,0.0,0.13874154551961124,0.0,low,,9.590651650387452,True,pass,False,,0.9567053854276664,0.47254487856388594,0.13885955649419218,0.03748680042238648,0.8780359028511088,0.7808870116156283,0.8247096092925026,0.7497360084477297,0.5533526927138332,0.6613780359028512,10.393416427163663,39,0.0,10.384305293470874,0,24,0,15,lead,COC(C)(C)COc1cnccc1-c1[nH]c2c(c1Nc1cccc(F)c1C)C(=O)NCC2
[2H]C([2H])([2H])Oc1cc(OC)ccc1-c1cc2c(N[C@H](CO)c3ccccc3)ncnc2[nH]1,9.3748988562839,0.10451862741314152,0.44244447474168586,393.46130533400003,3.787600000000002,92.28999999999999,3,6,4,7,0.18181818181818182,0,0.0,3.1397420355600008,False,,0,,0,,0,,0.8135593220338984,0.7449674560373714,1.0,0.2289156626506024,Afatinib,0.18644067796610164,0.7710843373493976,0.8955616748817761,0.5725851520479273,1.0,0.9427710843373494,0.5725851520479273,0.8527294778167631,1.0,0.42741484795207274,0.5725851520479273,0.05710959608668398,9.218120915164189,-0.010335012410496062,-0.0,0.565223606289565,9.77300950904326,0.0,0.0,0.006777941119712277,0.15926855994009093,0.0,0.1660465010598032,0.0,low,,9.606963007983456,True,pass,False,,0.9799366420274551,0.25237592397043296,0.18743400211193242,0.1805702217529039,0.8780359028511088,0.6694825765575502,0.8247096092925026,0.750791974656811,0.555675818373812,0.6434002111932416,10.439820491091833,29,0.0,10.379043261415346,0,25,0,4,lead,[2H]C([2H])([2H])Oc1ccccc1-c1cc2c(N[C@H](CO)c3ccccc3)ncnc2[nH]1
COc1cnc(C)cc1-c1cc2c(N[C@H](CO)c3ccccc3)ncnc2[nH]1,9.106953580493695,0.05321324391801852,0.4774440101834534,375.432,3.4824200000000003,95.94999999999999,3,6,4,6,0.19047619047619047,0,0.0,2.9195466666666667,False,,0,,0,,0,,0.7894736842105263,0.7358345055169349,1.0,0.2413793103448276,Osimertinib,0.21052631578947367,0.7586206896551724,0.8644891243808107,0.600303949190643,1.0,0.9396551724137931,0.600303949190643,0.8511120614963117,1.0,0.399696050809357,0.600303949190643,0.01783608384599855,9.027133714616667,0.058559629231072455,-0.0,0.5723230490018149,9.658016392849555,0.0,0.0,0.0,0.12462006351169626,0.0,0.12462006351169626,0.0,low,,9.53339632933786,True,pass,False,,0.8785638859556494,0.4303062302006336,0.48521647307286164,0.2856388595564942,0.8780359028511088,0.8257655755015839,0.8247096092925026,0.9292502639915523,0.611325237592397,0.7045142555438225,10.391606677960432,40,0.0,10.378813435990446,0,26,0,14,advance,COc1cnccc1-c1cc2c(N[C@H](CO)c3ccccc3)ncnc2[nH]1
COc1cnccc1-c1cc2c(N[C@H](CF)c3ccccc3)ncnc2[nH]1,9.0150161125139,0.043408362468588195,0.5381415377615177,363.396,4.151200000000002,75.72,2,5,4,6,0.15,0,0.0,2.839306666666667,False,,0,,0,,0,,0.8275862068965517,0.6659862516361701,0.9381568211566728,0.2413793103448276,Osimertinib,0.1724137931034483,0.7586206896551724,0.8483681744004632,0.6367737432047322,1.0,0.8932727882812976,0.6367737432047322,0.8446036764716233,1.0,0.36322625679526777,0.6367737432047322,0.005019330571786607,8.949903568811017,0.12724553776151776,-0.0,0.5397116190822716,9.616860725654806,0.0,0.0,0.0,0.07903282099408472,0.0,0.07903282099408472,0.0,low,,9.537827904660722,True,pass,False,,0.8426610348468849,0.5997888067581837,0.5248152059134108,0.12724392819429778,0.6219640971488912,0.9292502639915523,0.8247096092925026,0.9577613516367476,0.6033262935586061,0.6934530095036959,10.340852277925134,59,0.0,10.369971516065156,0,27,0,32,advance,COc1cnccc1-c1cc2c(N[C@H](CO)c3ccccc3)ncnc2[nH]1
[2H]C([2H])([2H])Oc1ccc(C)cc1-c1cc2c(N[C@H](CO)c3ccccc3)ncnc2[nH]1,9.146868128351114,0.05523249232392356,0.47140332812841834,377.462305334,4.0874200000000025,83.06,3,5,4,6,0.18181818181818182,0,0.0,2.93308203556,False,,0,,0,,0,,0.8275862068965517,0.708127963990033,1.0,0.2087912087912088,Osimertinib,0.1724137931034483,0.7912087912087912,0.8730542874610321,0.5964609829490917,1.0,0.9478021978021978,0.5964609829490917,0.8543293670530805,1.0,0.40353901705090833,0.5964609829490917,0.024966560543935645,9.064019389865228,0.04962284097623654,-0.0,0.564948844259189,9.678591075100655,0.0,0.0,0.0,0.12942377131363542,0.0,0.12942377131363542,0.0,low,,9.54916730378702,True,pass,False,,0.9049630411826821,0.3775079197465681,0.4498416050686378,0.12724392819429778,0.8780359028511088,0.7977824709609292,0.8247096092925026,0.9239704329461457,0.5756599788806758,0.6820749736008447,10.369383049757467,48,0.0,10.367657272108033,0,28,0,20,advance,[2H]C([2H])([2H])Oc1ccccc1-c1cc2c(N[C@H](CO)c3ccccc3)ncnc2[nH]1
COc1c(C)cccc1-c1cc2c(N[C@H](CO)c3ccccc3)ncnc2[nH]1,9.172563619125734,0.11246064094980164,0.4734806263536626,374.444,4.087420000000002,83.06,3,5,4,6,0.18181818181818182,0,0.0,2.91296,False,,0,,0,,0,,0.7586206896551724,0.701295599029135,1.0,0.21348314606741572,Osimertinib,0.24137931034482762,0.7865168539325843,0.8394184561165724,0.5983774214175914,1.0,0.9466292134831461,0.5983774214175914,0.8461062727543275,1.0,0.4016225785824086,0.5983774214175914,-0.008917088850340149,9.00387265770103,0.054718444535480804,-0.0,0.5945757458349477,9.65316684807146,0.0,0.0,0.018690961424702453,0.12702822322801072,0.0,0.14571918465271316,0.0,low,,9.507447663418748,True,pass,False,,0.9155227032734953,0.3954593453009504,0.5121436114044351,0.4350580781414995,0.8780359028511088,0.8173178458289335,0.8247096092925026,0.7170010559662091,0.6549102428722282,0.7165522703273496,10.439059139518134,30,0.0,10.367310387811568,0,29,0,1,advance,COc1ccccc1-c1cc2c(N[C@H](CO)c3ccccc3)ncnc2[nH]1
COc1cccc(C)c1-c1cc2c(N[C@H](CO)c3ccccc3)ncnc2[nH]1,9.069119595202364,0.0481050958739582,0.4734806263536626,374.444,4.087420000000002,83.06,3,5,4,6,0.18181818181818182,0,0.0,2.91296,False,,0,,0,,0,,0.7719298245614035,0.7017912554930487,1.0,0.2441860465116279,Osimertinib,0.22807017543859653,0.7558139534883721,0.8586063316888204,0.5983774214175914,1.0,0.938953488372093,0.5983774214175914,0.8489843103696263,1.0,0.4016225785824086,0.5983774214175914,0.012829361758925573,8.996961951391427,0.054718444535480804,-0.0,0.57937576499388,9.631056160920789,0.0,0.0,0.0,0.12702822322801072,0.0,0.12702822322801072,0.0,low,,9.504027937692777,True,pass,False,,0.8627243928194298,0.3954593453009504,0.5121436114044351,0.3790918690601901,0.8780359028511088,0.8173178458289335,0.8247096092925026,0.9472016895459345,0.6199577613516368,0.7066261879619853,10.375005474542753,45,0.0,10.35197936324716,0,30,0,15,advance,COc1ccccc1-c1cc2c(N[C@H](CO)c3ccccc3)ncnc2[nH]1
C[C@@H](Nc1ncnc2[nH]c(-c3ccc(CO)cc3F)cc12)c1ccccc1,9.108209211279096,0.10852899269664157,0.4909886981612095,362.4080000000001,4.429400000000002,73.83,3,4,4,5,0.14285714285714285,0,0.0,2.7327200000000005,False,,0,,0,,0,,0.7321428571428571,0.6472129654659423,0.9040235735744404,0.24358974358974358,Afatinib,0.2678571428571429,0.7564102564102564,0.8260820079321249,0.6149391686040498,1.0,0.8671202442833944,0.6149391686040498,0.8270353552048922,1.0,0.38506083139595015,0.6149391686040498,-0.0012711296970231434,8.945415722234134,0.09536641244692373,-0.0,0.5734646846024013,9.614246819283458,0.0,0.0,0.012793489044962345,0.1063260392449377,0.0,0.11911952828990005,0.0,low,,9.495127290993558,True,pass,False,,0.8796198521647307,0.48627243928194297,0.5755015839493136,0.5776135163674763,0.518479408658923,0.883843717001056,0.8247096092925026,0.7328405491024287,0.6949313621964097,0.7114836325237593,10.44816445391915,27,0.0,10.348907650022069,0,31,4,0,advance,C[C@@H](Nc1ncnc2[nH]c(-c3ccc(CO)cc3)cc12)c1ccccc1
COc1ccc(-c2cc3c(N[C@H](CO)c4ccccc4)ncnc3[nH]2)c(OC)c1,9.36549048075099,0.11313713937170318,0.44466944173762346,390.4430000000001,3.7876000000000003,92.29,3,6,4,7,0.18181818181818182,0,0.0,3.1196200000000007,False,,0,,0,,0,,0.8214285714285714,0.7851696217032467,1.0,0.2413793103448276,Osimertinib,0.1785714285714286,0.7586206896551724,0.8871766226275554,0.5745828083403083,1.0,0.9396551724137931,0.5745828083403083,0.8503536508454143,1.0,0.4254171916596917,0.5745828083403083,0.04909729570952148,9.195784771693436,-0.0050917400805584635,-0.0,0.5579433497536945,9.748636381366572,0.0,0.0,0.01970570905755476,0.15677148957461468,0.0,0.17647719863216943,0.0,low,,9.572159182734403,True,pass,False,,0.9746568109820486,0.27560718057022177,0.22650475184794086,0.15575501583949314,0.8780359028511088,0.6853220696937699,0.8247096092925026,0.7159450897571278,0.558843717001056,0.6465681098204858,10.419248841767839,35,0.0,10.348040914518986,0,32,0,3,advance,COc1ccccc1-c1cc2c(N[C@H](CO)c3ccccc3)ncnc2[nH]1
Cc1cccc(-c2cc3c(N[C@H](CO)c4ccccc4)ncnc3[nH]2)c1,8.929237562216432,0.031227216208872647,0.509941198085486,344.418,4.078820000000002,73.83,3,4,4,5,0.14285714285714285,0,0.0,2.65,False,,0,,0,,0,,0.8163265306122449,0.7347579565981504,1.0,0.20512820512820512,Afatinib,0.18367346938775508,0.7948717948717949,0.8354503392078972,0.6285445820239404,1.0,0.9487179487179487,0.6285445820239404,0.8531782174874465,1.0,0.37145541797605963,0.6285445820239404,-0.023637171039398996,8.882396737903123,0.12672691237120032,-0.0,0.5711145996860283,9.580238249960352,0.0,0.0,0.0,0.08931927247007455,0.0,0.08931927247007455,0.0,low,,9.490918977490278,True,pass,False,,0.8004223864836325,0.544350580781415,0.6325237592397043,0.17212249208025343,0.8780359028511088,0.9123548046462513,0.8247096092925026,0.9788806758183738,0.5983632523759239,0.7126979936642027,10.29827415281146,72,0.0,10.34615656988732,0,33,0,39,advance,OC[C@@H](Nc1ncnc2[nH]c(-c3ccccc3)cc12)c1ccccc1
CCOc1cc(F)ccc1-c1cc2c(N[C@H](CO)c3ccccc3)ncnc2[nH]1,9.496441970391485,0.14243433726563934,0.43657653119890333,392.434,4.308200000000003,83.06,3,5,4,7,0.18181818181818182,0,0.0,3.132893333333334,False,,0,,0,,0,,0.8421052631578947,0.7375691088764094,1.0,0.23170731707317074,Afatinib,0.1578947368421053,0.7682926829268293,0.8994064565119237,0.5696211947234995,1.0,0.9420731707317074,0.5696211947234995,0.8527752054917828,1.0,0.4303788052765005,0.5696211947234995,0.062175001360188165,9.282790464493026,-0.015175650619278561,-0.0,0.5515404364569961,9.819155250330743,0.0,0.0,0.063651505898459,0.16297350659562565,0.0,0.22662501249408465,0.0,low,,9.592530237836659,True,pass,False,,0.9947201689545935,0.2402323125659979,0.19640971488912354,0.07602956705385427,0.8780359028511088,0.6494192185850053,0.8247096092925026,0.6071805702217529,0.540337909186906,0.6272703273495247,10.46756074135503,24,0.0,10.345254630656088,0,34,10,0,advance,CCOc1ccccc1-c1cc2c(N[C@H](CO)c3ccccc3)ncnc2[nH]1
COC(CO)CN(C)c1cc2c(Nc3cccc(Br)c3)ncnc2cn1,8.868210388529539,0.049622399231385,0.610528523996854,418.2950000000001,2.9744,83.4,2,7,3,7,0.2777777777777778,0,0.0,3.105300000000001,False,,0,,0,,0,,0.7833333333333333,0.7021345628415301,1.0,0.3116883116883117,Afatinib,0.21666666666666667,0.6883116883116883,0.8073169176704151,0.6663560728136544,1.0,0.922077922077922,0.6663560728136544,0.848937728140498,1.0,0.3336439271863456,0.6663560728136544,-0.055494413960110345,8.793776789682461,0.17251130177463164,-0.0,0.5539935064935064,9.5202815979506,0.0,0.0,0.0,0.04205490898293203,0.0,0.04205490898293203,0.0,low,,9.478226688967668,True,pass,False,,0.7750791974656811,0.7692713833157339,0.2624076029567054,0.3220696937697994,0.8780359028511088,0.9656810982048575,0.8247096092925026,0.941921858500528,0.6064149947201689,0.7203009503695881,10.247979591614802,90,0.0,10.342587829411174,0,35,0,55,advance,CN(CC(O)CO)c1cc2c(Nc3cccc(Br)c3)ncnc2cn1
[2H]C([2H])([2H])Oc1c(C)cccc1-c1cc2c(N[C@H](CO)c3ccccc3)ncnc2[nH]1,9.177592917330967,0.09882308135361591,0.47140332812841834,377.462305334,4.0874200000000025,83.06,3,5,4,6,0.18181818181818182,0,0.0,2.93308203556,False,,0,,0,,0,,0.7833333333333333,0.6755288901790857,0.955507073052883,0.2,Afatinib,0.21666666666666667,0.8,0.8502220723852107,0.5964609829490917,1.0,0.9166303047896622,0.5964609829490917,0.8408283400309913,1.0,0.40353901705090833,0.5964609829490917,0.012524976472292781,9.029358295300543,0.04962284097623654,-0.0,0.5763767682632208,9.65535790454,0.0,0.0,0.0,0.12942377131363542,0.0,0.12942377131363542,0.0,low,,9.525934133226365,True,pass,False,,0.9208025343189018,0.3775079197465681,0.4498416050686378,0.3220696937697994,0.6684266103484688,0.7977824709609292,0.8247096092925026,0.7761351636747624,0.6217529039070749,0.6779567053854276,10.40146138922849,37,0.0,10.339482179688877,0,36,0,1,advance,[2H]C([2H])([2H])Oc1ccccc1-c1cc2c(N[C@H](CO)c3ccccc3)ncnc2[nH]1
CNC(=O)c1ccc(-c2cc3c(N[C@H](C)c4ccccc4)ncnc3[nH]2)c(OC)c1,9.225725108737118,0.03857065948054068,0.45106146965880434,401.4700000000001,4.166200000000002,91.92999999999999,3,5,4,6,0.17391304347826086,0,0.0,3.093133333333334,False,,0,,0,,0,,0.8333333333333334,0.6849992196292007,0.972725853871274,0.24719101123595505,Osimertinib,0.16666666666666663,0.752808988764045,0.904431815547901,0.5791171416456757,1.0,0.9177466375944667,0.5791171416456757,0.8503238986970109,1.0,0.42088285835432426,0.5791171416456757,0.07214388913452019,9.167869119516308,0.00448277400663032,-0.0,0.5440241600970319,9.716376053619971,0.0,0.0,0.0,0.15110357294290533,0.0,0.15110357294290533,0.0,low,,9.565272480677066,True,pass,False,,0.9376979936642027,0.3262935586061246,0.27771911298838436,0.10190073917634636,0.7117212249208026,0.7170010559662091,0.8247096092925026,0.9693769799366421,0.5492608236536431,0.6420274551214362,10.375489042004343,44,0.0,10.33570542682279,0,37,0,7,advance,COc1cc(C(N)=O)ccc1-c1cc2c(N[C@H](C)c3ccccc3)ncnc2[nH]1
[2H]C([2H])([2H])Oc1cc(Cl)ccc1-c1cc2c(N[C@H](CO)c3ccccc3)ncnc2[nH]1,9.148772700129244,0.006204063401865627,0.44791007508758707,397.88030533400007,4.432400000000003,83.06,3,5,4,6,0.14285714285714285,0,0.0,3.069202035560001,False,,0,,0,,0,,0.8135593220338984,0.7245455288325042,1.0,0.24719101123595505,Osimertinib,0.18644067796610164,0.752808988764045,0.9078503306510052,0.5783043091612499,1.0,0.9382022471910112,0.5783043091612499,0.8560892217508166,1.0,0.42169569083875014,0.5783043091612499,0.06901481186691827,9.139466605026445,0.0018154840393012576,-0.0,0.5597410017139592,9.701023090779707,0.0,0.0,0.0,0.15211961354843767,0.0,0.15211961354843767,0.0,low,,9.548903477231269,True,pass,False,,0.9060190073917634,0.29039070749736007,0.2866948257655755,0.1805702217529039,0.8780359028511088,0.7106652587117213,0.8247096092925026,1.0,0.5449049630411826,0.6534318901795142,10.354909046429126,52,0.0,10.333021745446686,0,38,0,14,advance,[2H]C([2H])([2H])Oc1ccccc1-c1cc2c(N[C@H](CO)c3ccccc3)ncnc2[nH]1
COc1ccc(C)cc1-c1cc2c(N[C@H](CO)c3ccccc3)ncnc2[nH]1,9.119523678903548,0.06796520077248351,0.4734806263536626,374.444,4.087420000000002,83.06,3,5,4,6,0.18181818181818182,0,0.0,2.91296,False,,0,,0,,0,,0.8214285714285714,0.7421161933430575,1.0,0.2413793103448276,Osimertinib,0.1785714285714286,0.7586206896551724,0.8573052791851484,0.5983774214175914,1.0,0.9396551724137931,0.5983774214175914,0.8488344682541332,1.0,0.4016225785824086,0.5983774214175914,0.01129441457468694,9.017575877744822,0.054718444535480804,-0.0,0.5579433497536945,9.630237672033997,0.0,0.0,0.0,0.12702822322801072,0.0,0.12702822322801072,0.0,low,,9.503209448805986,True,pass,False,,0.8848996832101372,0.3954593453009504,0.5121436114044351,0.15575501583949314,0.8780359028511088,0.8173178458289335,0.8247096092925026,0.883843717001056,0.5852692713833157,0.6877771911298839,10.332560797693976,60,0.0,10.328542078161847,0,39,0,21,advance,COc1ccccc1-c1cc2c(N[C@H](CO)c3ccccc3)ncnc2[nH]1
C=CC(=O)NC1=NC=C2N=CN=C(Nc3ccc(OC)c(C)c3)C21,8.590546599793129,0.08297889663142065,0.8343748096079896,323.35600000000005,2.02782,87.44000000000001,2,6,3,3,0.17647058823529413,0,0.0,2.25,False,,0,,0,,1,acrylamide_like,0.6896551724137931,0.5850973108293629,0.7910860196897506,0.358974358974359,Osimertinib,0.31034482758620685,0.641025641025641,0.7145514223062878,0.8223676837459328,0.92,0.7535709250237231,0.7145514223062878,0.8026225077689859,0.92,0.20544857769371228,0.7945514223062877,-0.11742811395026431,8.466078254845998,0.514521868431519,-0.0,0.5297343696439231,9.51033449292144,0.0,0.0,0.0,0.0,0.1,0.1,0.0,low,,9.410334492921441,True,pass,False,,0.672650475184794,0.9963041182682154,0.8885955649419218,0.7983104540654699,0.20696937697993664,0.9926082365364308,0.8247096092925026,0.8278775079197466,0.7949049630411826,0.763753959873284,10.46422044857086,26,0.0,10.326839244769381,0,40,14,0,advance,C=CC(=O)NC1=NC=C2N=CN=C(Nc3cccc(C)c3)C21
COc1cc(Cl)ccc1-c1cc2c(N[C@H](CO)c3ccccc3)ncnc2[nH]1,9.13813894428016,0.014735086723568677,0.450228190287641,394.8620000000001,4.432400000000004,83.06,3,5,4,6,0.14285714285714285,0,0.0,3.049080000000001,False,,0,,0,,0,,0.8070175438596491,0.7722964409763374,1.0,0.2823529411764706,Osimertinib,0.19298245614035092,0.7176470588235294,0.8992201753635418,0.5803531969658948,1.0,0.9294117647058824,0.5803531969658948,0.8522462842588299,1.0,0.4196468030341052,0.5803531969658948,0.06263185480628264,9.116036314194806,0.007151904573355178,-0.0,0.5521362229102167,9.675324441678379,0.0,0.0,0.0,0.14955850379263147,0.0,0.14955850379263147,0.0,low,,9.525765937885748,True,pass,False,,0.8986272439281943,0.3183738120380148,0.30623020063357975,0.21436114044350582,0.8780359028511088,0.7228088701161562,0.8247096092925026,0.9957761351636748,0.5568637803590285,0.6617476240760296,10.343560978109213,56,0.0,10.319863086776984,0,41,0,15,advance,COc1ccccc1-c1cc2c(N[C@H](CO)c3ccccc3)ncnc2[nH]1
CNc1cc2c(Nc3cccc(C(F)(F)Cl)c3)ncnc2cn1,8.868414085075802,0.1256997015352208,0.7028233705347067,335.745,4.098200000000002,62.730000000000004,2,5,3,4,0.13333333333333333,0,0.0,2.0,False,,1,alkyl_halide,0,,0,,0.8333333333333334,0.7093333333333334,1.0,0.34285714285714286,Sunvozertinib,0.16666666666666663,0.6571428571428571,0.754113730194296,0.7596297768710119,0.88,0.9142857142857143,0.754113730194296,0.8270073053377555,0.9142857142857143,0.1601719840914183,0.8398280159085817,-0.09719143352461268,8.67986453277297,0.41615670386804,-0.2,0.5221428571428571,9.418164093783869,0.0,0.0,0.038549552302831205,0.0,0.0,0.038549552302831205,0.0,low,,9.379614541481038,True,pass,False,,0.7761351636747624,0.914466737064414,0.9408658922914467,0.10190073917634636,0.8780359028511088,0.9947201689545935,0.8247096092925026,0.6737064413938754,0.6936642027455121,0.7777191129883845,10.250561137078483,88,0.0,10.312877477067099,0,42,0,46,advance,CNc1cc2c(Nc3cccc(C(F)(F)F)c3)ncnc2cn1
COCCOc1cnccc1-c1[nH]c2c(c1Nc1cc(F)cc(F)c1C)C(=O)NCC2,9.174020806468906,0.11941985623090565,0.49948989342909916,428.4390000000002,3.718020000000002,88.27000000000001,3,5,4,7,0.2727272727272727,0,0.0,3.0229266666666685,False,,0,,0,,0,,0.8405797101449275,0.7767280944539817,1.0,0.19801980198019803,Gefitinib,0.1594202898550725,0.801980198019802,0.8349113022555926,0.6084530311295943,1.0,0.9504950495049505,0.6084530311295943,0.8484648457225343,1.0,0.39154696887040574,0.6084530311295943,-0.01807139128925561,8.994891022122548,0.07332362070182617,-0.0,0.5623331898407232,9.630547832665098,0.0,0.0,0.02912978434635846,0.11443371108800719,0.0,0.14356349543436564,0.0,low,,9.486984337230732,True,pass,False,,0.9176346356916578,0.5126715945089757,0.3468848996832101,0.08025343189017951,0.8780359028511088,0.8474128827877508,0.8247096092925026,0.6937697993664202,0.5835533262935585,0.6846092925026398,10.330811824217367,62,0.0,10.3085154882339,0,43,0,19,advance,COCCOc1cnccc1-c1[nH]c2c(c1Nc1cccc(F)c1C)C(=O)NCC2
COc1c(-c2cc3c(N[C@H](CO)c4ccccc4)ncnc3[nH]2)ccnc1C,9.127144582247636,0.12082837919819067,0.47744401018345334,375.4320000000001,3.482420000000001,95.95,3,6,4,6,0.19047619047619047,0,0.0,2.919546666666667,False,,0,,0,,0,,0.7258064516129032,0.6842943794556697,0.9714443262830358,0.2111111111111111,Osimertinib,0.27419354838709675,0.7888888888888889,0.8222062801231755,0.600303949190643,1.0,0.925805466934499,0.600303949190643,0.8370789240620794,1.0,0.399696050809357,0.600303949190643,-0.01983019191853852,8.94590201345035,0.058559629231072344,-0.0,0.6029148450116191,9.607376487693042,0.0,0.0,0.031242568797286,0.12462006351169626,0.0,0.15586263230898226,0.0,low,,9.451513855384059,True,pass,False,,0.8901795142555439,0.426610348468849,0.47571277719112987,0.617740232312566,0.7090813093980992,0.8257655755015839,0.8247096092925026,0.689545934530095,0.6808078141499472,0.7108236536430834,10.42434586467298,33,0.0,10.30450223975576,0,44,11,0,advance,COc1cnccc1-c1cc2c(N[C@H](CO)c3ccccc3)ncnc2[nH]1
COc1cccc(F)c1-c1cc2c(N[C@H](CO)c3ccccc3)ncnc2[nH]1,9.07334079433644,0.061341951309319166,0.47369454718191295,378.40700000000004,3.9181000000000017,83.06,3,5,4,6,0.14285714285714285,0,0.0,2.9393800000000003,False,,0,,0,,0,,0.7457627118644068,0.6793272981726372,0.9624132694047947,0.2823529411764706,Osimertinib,0.2542372881355932,0.7176470588235294,0.8503958326675867,0.5974789240269752,1.0,0.9012217167594784,0.5974789240269752,0.8372741183635101,1.0,0.4025210759730248,0.5974789240269752,0.017495619072102175,8.981327867372462,0.047073261467627185,-0.0,0.5703042146592745,9.598705343499365,0.0,0.0,0.0,0.128151344966281,0.0,0.128151344966281,0.0,low,,9.470553998533084,True,pass,False,,0.8658922914466737,0.40971488912354803,0.43400211193241817,0.503167898627244,0.6826821541710665,0.8046462513199577,0.8247096092925026,0.9091869060190074,0.6373284054910243,0.6916050686378037,10.363499430088593,50,0.0,10.30048008089845,0,45,0,5,advance,COc1ccccc1-c1cc2c(N[C@H](CO)c3ccccc3)ncnc2[nH]1
CCOc1ccc(OC)cc1-c1cc2c(N[C@H](CO)c3ccccc3)ncnc2[nH]1,9.370509020967623,0.08378148182127818,0.4080555322298785,404.47,4.1777000000000015,92.28999999999999,3,6,4,8,0.21739130434782608,0,0.0,3.313133333333334,False,,0,,0,,0,,0.7966101694915254,0.7108439443648876,1.0,0.2289156626506024,Afatinib,0.2033898305084746,0.7710843373493976,0.9089802179670109,0.547002337598228,1.0,0.9427710843373494,0.547002337598228,0.849688409975647,1.0,0.45299766240177197,0.547002337598228,0.07905574398848503,9.244836798235704,-0.06717533733533897,-0.0,0.5728507249336329,9.750512185833998,0.0,0.0,0.0,0.19124707800221497,0.0,0.19124707800221497,0.0,low,,9.559265107831783,True,pass,False,,0.9778247096092925,0.14730728616684266,0.08922914466737064,0.2550158394931362,0.8780359028511088,0.5596620908130939,0.8247096092925026,0.8215417106652587,0.533870116156283,0.6171858500527982,10.391156325221537,41,0.0,10.29988812789514,0,46,5,0,advance,CCOc1ccccc1-c1cc2c(N[C@H](CO)c3ccccc3)ncnc2[nH]1
C=CC(=O)NC1=NC=C2N=CN=C(Nc3ccc(C)c(C)c3)C21,8.855980591267892,0.06093095306270457,0.8225305541972523,307.357,2.3276400000000006,78.21000000000001,2,5,3,2,0.17647058823529413,0,0.0,2.1500000000000004,False,,0,,0,,1,acrylamide_like,0.7547169811320755,0.6361730845708575,0.8839510628561045,0.2948717948717949,Osimertinib,0.24528301886792447,0.7051282051282051,0.7963434806730798,0.8196994971161811,0.92,0.8392453484241296,0.7963434806730798,0.8438220815533476,0.92,0.12365651932692023,0.8763434806730798,-0.06330480117369042,8.764584161673834,0.5176776130207817,-0.0,0.5429035857430536,9.82516536043767,0.0,0.0,0.0,0.0,0.1,0.2125,0.15,low,reactive_warhead_could_inflate_proxy_score,9.612665360437669,True,pass,False,,0.7708553326293559,0.9915522703273495,0.9044350580781415,0.4498416050686378,0.470960929250264,1.0,0.5047518479408659,0.91129883843717,0.7708289334741288,0.7585533262935586,10.750160080606623,2,0.0,10.29792935198994,0,47,45,0,advance,C=CC(=O)NC1=NC=C2N=CN=C(Nc3cccc(C)c3)C21
[2H]C([2H])([2H])Oc1ccc(OC)cc1-c1cc2c(N[C@H](CO)c3ccccc3)ncnc2[nH]1,9.207691662614112,0.05119153368743976,0.44244447474168586,393.46130533400003,3.787600000000002,92.28999999999999,3,6,4,7,0.18181818181818182,0,0.0,3.1397420355600008,False,,0,,0,,0,,0.8135593220338984,0.7126798131247284,1.0,0.2289156626506024,Afatinib,0.18644067796610164,0.7710843373493976,0.8910888420723201,0.5725851520479273,1.0,0.9427710843373494,0.5725851520479273,0.8516112696143991,1.0,0.42741484795207274,0.5725851520479273,0.052636763277227994,9.130904362082951,-0.010335012410496062,-0.0,0.565223606289565,9.685792955962022,0.0,0.0,0.0,0.15926855994009093,0.0,0.15926855994009093,0.0,low,,9.52652439602193,True,pass,False,,0.9355860612460402,0.25237592397043296,0.18743400211193242,0.1805702217529039,0.8780359028511088,0.6694825765575502,0.8247096092925026,0.9366420274551215,0.5357180570221753,0.6393875395987328,10.328654624388632,65,0.0,10.29378944354041,0,48,0,17,advance,[2H]C([2H])([2H])Oc1ccccc1-c1cc2c(N[C@H](CO)c3ccccc3)ncnc2[nH]1
COCC(O)CN(C)c1cc2c(Nc3cccc(Br)c3)ncnc2cn1,8.859402794566899,0.04728035454717089,0.610528523996854,418.2950000000001,2.974400000000001,83.4,2,7,3,7,0.2777777777777778,0,0.0,3.105300000000001,False,,0,,0,,0,,0.8275862068965517,0.7251029984743218,1.0,0.3333333333333333,Afatinib,0.1724137931034483,0.6666666666666667,0.8067544504587051,0.6663560728136544,1.0,0.9166666666666667,0.6663560728136544,0.8474442974847565,1.0,0.3336439271863456,0.6663560728136544,-0.05425312936806859,8.788482262746143,0.17251130177463164,-0.0,0.5275862068965518,9.488579771417328,0.0,0.0,0.0,0.04205490898293203,0.0,0.04205490898293203,0.0,low,,9.446524862434396,True,pass,False,,0.7719112988384371,0.7692713833157339,0.2624076029567054,0.12724392819429778,0.8780359028511088,0.9656810982048575,0.8247096092925026,0.9493136219640972,0.5660242872228088,0.7002375923970432,10.167808916084699,112,0.0,10.286809973310849,0,49,0,63,advance,CN(CC(O)CO)c1cc2c(Nc3cccc(Br)c3)ncnc2cn1
OC[C@@H](Nc1ncnc2[nH]c(-c3ccccc3)cc12)c1cccc(F)c1,8.936549947967713,0.06997277798848935,0.5111779610192174,348.3810000000001,3.909500000000002,73.83,3,4,4,5,0.1,0,0.0,2.65,False,,0,,0,,0,,0.8163265306122449,0.7244960039048709,1.0,0.22077922077922077,Afatinib,0.18367346938775508,0.7792207792207793,0.8101565423999856,0.6292248016374926,1.0,0.9448051948051948,0.6292248016374926,0.8460466347106682,1.0,0.3707751983625074,0.6292248016374926,-0.047853456414243545,8.831590780984978,0.12367796101921746,-0.0,0.5664192949907235,9.521688036994918,0.0,0.0,0.0,0.08846899795313425,0.0,0.08846899795313425,0.0,low,,9.433219039041784,True,pass,False,,0.8025343189017952,0.5543822597676874,0.6325237592397043,0.17212249208025343,0.8780359028511088,0.9181626187961985,0.8247096092925026,0.8753959873284055,0.6013199577613516,0.7102428722280887,10.24327198630854,92,0.0,10.285510485715491,0,50,0,42,advance,OC[C@@H](Nc1ncnc2[nH]c(-c3ccccc3)cc12)c1ccccc1
[2H]C([2H])([2H])Oc1c(OC)cccc1-c1cc2c(N[C@H](CO)c3ccccc3)ncnc2[nH]1,9.318716016310624,0.11161500995413302,0.44244447474168586,393.46130533400003,3.787600000000002,92.28999999999999,3,6,4,7,0.18181818181818182,0,0.0,3.1397420355600008,False,,0,,0,,0,,0.8305084745762712,0.7399314433212738,1.0,0.23076923076923078,Osimertinib,0.1694915254237288,0.7692307692307692,0.8765484971097629,0.5725851520479273,1.0,0.9423076923076923,0.5725851520479273,0.8478603353663456,1.0,0.42741484795207274,0.5725851520479273,0.03825088232455631,9.151293501379424,-0.010335012410496062,-0.0,0.5570404172099087,9.697998906178837,0.0,0.0,0.017422514931199527,0.15926855994009093,0.0,0.17669107487129046,0.0,low,,9.521307831307546,True,pass,False,,0.9662090813093981,0.25237592397043296,0.18743400211193242,0.11615628299894404,0.8780359028511088,0.6694825765575502,0.8247096092925026,0.723336853220697,0.5366156282998944,0.631467793030623,10.34193766013871,57,0.0,10.279069182944292,0,51,0,6,advance,[2H]C([2H])([2H])Oc1ccccc1-c1cc2c(N[C@H](CO)c3ccccc3)ncnc2[nH]1
[2H]C([2H])([2H])Oc1cccc(C)c1-c1cc2c(N[C@H](CO)c3ccccc3)ncnc2[nH]1,9.07756079070386,0.0646839453335299,0.47140332812841834,377.462305334,4.0874200000000025,83.06,3,5,4,6,0.18181818181818182,0,0.0,2.93308203556,False,,0,,0,,0,,0.7796610169491526,0.6756244827203235,0.9556808776733153,0.2111111111111111,Osimertinib,0.22033898305084743,0.7888888888888889,0.849111435942494,0.5964609829490917,1.0,0.9139828804772087,0.5964609829490917,0.8398888248421986,1.0,0.40353901705090833,0.5964609829490917,0.012296814800394018,8.980534872703565,0.04962284097623654,-0.0,0.5747394284578768,9.604897142137679,0.0,0.0,0.0,0.12942377131363542,0.0,0.12942377131363542,0.0,low,,9.475473370824043,True,pass,False,,0.8680042238648363,0.3775079197465681,0.4498416050686378,0.33368532206969376,0.6694825765575502,0.7977824709609292,0.8247096092925026,0.8975712777191129,0.6003167898627244,0.6694561774023231,10.325277289972949,66,0.0,10.27882078370683,0,52,0,14,advance,[2H]C([2H])([2H])Oc1ccccc1-c1cc2c(N[C@H](CO)c3ccccc3)ncnc2[nH]1
COc1ccccc1-c1cc2c(N[C@H](CO)c3ccccc3)ncnc2[nH]1,9.336339731562079,0.09920124476505336,0.487358116928423,360.41700000000003,3.779000000000001,83.06,3,5,4,6,0.14285714285714285,0,0.0,2.819446666666667,False,,0,,0,,0,,1.0,0.8697143802903484,1.0,0.25301204819277107,Osimertinib,0.0,0.7469879518072289,0.8896440615549824,0.6096067079003762,1.0,0.9367469879518072,0.6096067079003762,0.8589994393517915,1.0,0.3903932920996238,0.6096067079003762,0.040859496270921336,9.1875378644145,0.07872683121413726,-0.0,0.27409638554216864,9.540361081170806,0.0,0.0,0.0,0.11299161512452978,0.0,0.11299161512452978,0.0,low,,9.427369466046276,True,pass,False,,0.9683210137275607,0.45987328405491024,0.5343189017951425,0.004751847940865892,0.8780359028511088,0.8542766631467793,0.8247096092925026,0.7729672650475184,0.6088173178458289,0.7077349524815206,10.2709418625858,77,0.0,10.276651409024101,0,53,0,24,advance,CCOc1ccccc1-c1cc2c(N[C@H](CO)c3ccccc3)ncnc2[nH]1
CN(CC(O)CF)c1cc2c(Nc3cccc(Br)c3)ncnc2cn1,8.8232639520811,0.10643924535420958,0.6546809434460392,406.25900000000007,3.297500000000001,74.17,2,6,3,6,0.23529411764705882,0,0.0,2.9250600000000007,False,,0,,0,,0,,0.8421052631578947,0.7373726132502693,1.0,0.32,Afatinib,0.1578947368421053,0.6799999999999999,0.7563085162723281,0.6975722112030138,1.0,0.9199999999999999,0.6975722112030138,0.8434701818688355,1.0,0.3024277887969862,0.6975722112030138,-0.11621555412867646,8.663605084049784,0.23945135521074504,-0.0,0.5250526315789474,9.428109070839477,0.0,0.0,0.009658868031314362,0.003034735996232732,0.0,0.012693604027547094,0.0,low,,9.41541546681193,True,pass,False,,0.7624076029567054,0.8616684266103485,0.4625131995776135,0.07602956705385427,0.8780359028511088,0.9799366420274551,0.8247096092925026,0.7412882787750792,0.6000000000000001,0.7171594508975712,10.148109070839478,118,0.0,10.276006807889017,0,54,0,64,advance,CN(CC(O)CO)c1cc2c(Nc3cccc(Br)c3)ncnc2cn1
COc1ccc(-c2cc3c(N[C@H](CO)c4ccccc4)ncnc3[nH]2)cc1,9.017004277463181,0.0784145312144829,0.487358116928423,360.41700000000003,3.779000000000001,83.06,3,5,4,6,0.14285714285714285,0,0.0,2.819446666666667,False,,0,,0,,0,,0.8,0.7529757343550447,1.0,0.25,Afatinib,0.19999999999999996,0.75,0.8243608975156573,0.6096067079003762,1.0,0.9375,0.6096067079003762,0.8428669013540084,1.0,0.3903932920996238,0.6096067079003762,-0.024674671784468027,8.899382480641457,0.07872683121413726,-0.0,0.565,9.543109311855593,0.0,0.0,0.0,0.11299161512452978,0.0,0.11299161512452978,0.0,low,,9.430117696731063,True,pass,False,,0.8458289334741288,0.45987328405491024,0.5343189017951425,0.2365364308342133,0.8780359028511088,0.8542766631467793,0.8247096092925026,0.8468848996832101,0.600052798310454,0.6978616684266103,10.263172669828139,81,0.0,10.267551698842995,0,55,0,26,advance,OC[C@@H](Nc1ncnc2[nH]c(-c3ccccc3)cc12)c1ccccc1
C=CC(=O)NC1=NC=C2N=CN=C(Nc3cc(C)cc(C)c3)C21,8.672324996614956,0.12754414848859252,0.8225305541972523,307.357,2.3276400000000006,78.21000000000001,2,5,3,2,0.17647058823529413,0,0.0,2.1500000000000004,False,,0,,0,,1,acrylamide_like,0.8,0.624685960591133,0.863065382892969,0.2727272727272727,Osimertinib,0.19999999999999996,0.7272727272727273,0.7038003452117241,0.8196994971161811,0.92,0.8291172189879086,0.7038003452117241,0.8181542653289535,0.92,0.21619965478827596,0.783800345211724,-0.1524718934896392,8.481008773882067,0.5176776130207817,-0.0,0.5239481639050604,9.52263455080791,0.0,0.0,0.04131622273288878,0.0,0.1,0.1413162227328888,0.0,low,,9.381318328075022,True,pass,False,,0.7138331573389651,0.9915522703273495,0.9044350580781415,0.2365364308342133,0.41077085533262936,0.9915522703273495,0.8247096092925026,0.6673706441393875,0.7025079197465681,0.733051742344245,10.365644054503791,49,0.0,10.260980418888115,0,56,7,0,advance,C=CC(=O)NC1=NC=C2N=CN=C(Nc3cccc(C)c3)C21
COc1cnc(F)cc1-c1cc2c(N[C@H](CO)c3ccccc3)ncnc2[nH]1,9.143950591878662,0.08849829159726719,0.4449607272525235,379.39500000000004,3.3130999999999995,95.94999999999999,3,6,4,6,0.15,0,0.0,2.945966666666667,False,,0,,0,,0,,0.7758620689655172,0.723922542564385,1.0,0.26744186046511625,Osimertinib,0.22413793103448276,0.7325581395348837,0.8490388438515785,0.5814219897324777,1.0,0.9331395348837209,0.5814219897324777,0.8409000921169443,1.0,0.4185780102675223,0.5814219897324777,0.010851668979512286,9.01120315448276,0.018065727252523464,-0.0,0.5706295108259823,9.599898392561267,0.0,0.0,0.0,0.14822251283440285,0.0,0.14822251283440285,0.0,low,,9.451675879726864,True,pass,False,,0.9039070749736009,0.27983104540654696,0.4118268215417107,0.3558606124604013,0.8780359028511088,0.7312565997888067,0.8247096092925026,0.8067581837381204,0.5956705385427666,0.6736536430834215,10.314703038812587,68,0.0,10.26006025142697,0,57,0,11,advance,COc1cnccc1-c1cc2c(N[C@H](CO)c3ccccc3)ncnc2[nH]1
[2H]C([2H])([2H])Oc1cccc(F)c1-c1cc2c(N[C@H](CO)c3ccccc3)ncnc2[nH]1,9.073959522432348,0.06151129039588401,0.4715375210917332,381.42530533400003,3.9181000000000026,83.06,3,5,4,6,0.14285714285714285,0,0.0,2.9595020355600004,False,,0,,0,,0,,0.7540983606557377,0.6548523061637817,0.9179132839341484,0.25925925925925924,Afatinib,0.24590163934426235,0.7407407407407407,0.8504319773309683,0.595518635232761,1.0,0.8736201481357964,0.595518635232761,0.8298926901748814,1.0,0.40448136476723895,0.595518635232761,0.027385716208115807,8.981692586838522,0.04189793004344743,-0.0,0.5623562809106774,9.585946797792646,0.0,0.0,0.0,0.1306017059590487,0.0,0.1306017059590487,0.0,low,,9.455345091833598,True,pass,False,,0.866948257655755,0.38595564941921856,0.4028511087645195,0.46462513199577615,0.5575501583949314,0.7866948257655755,0.8247096092925026,0.9070749736008448,0.6206705385427665,0.6669746568109821,10.330751444043965,63,0.0,10.255714680006776,0,58,0,5,advance,[2H]C([2H])([2H])Oc1ccccc1-c1cc2c(N[C@H](CO)c3ccccc3)ncnc2[nH]1
COc1c(F)cccc1-c1cc2c(N[C@H](CO)c3ccccc3)ncnc2[nH]1,9.16912440718121,0.13408874698751358,0.47369454718191295,378.40700000000004,3.9181000000000017,83.06,3,5,4,6,0.14285714285714285,0,0.0,2.9393800000000003,False,,0,,0,,0,,0.7457627118644068,0.6900287830676705,0.9818705146684916,0.26582278481012656,Afatinib,0.2542372881355932,0.7341772151898734,0.8234189789040429,0.5974789240269752,1.0,0.919947189798837,0.5974789240269752,0.8352112731824638,1.0,0.4025210759730248,0.5974789240269752,-0.015723059037894505,8.96799128669994,0.047073261467627185,-0.0,0.5801275728851019,9.59519212105267,0.0,0.0,0.05113312048127036,0.128151344966281,0.0,0.17928446544755136,0.0,low,,9.415907655605118,True,pass,False,,0.914466737064414,0.40971488912354803,0.43400211193241817,0.503167898627244,0.7280887011615629,0.8046462513199577,0.8247096092925026,0.6441393875395988,0.6591869060190075,0.697465681098205,10.386216408275478,42,0.0,10.252866472922964,0,59,17,0,advance,COc1ccccc1-c1cc2c(N[C@H](CO)c3ccccc3)ncnc2[nH]1
COc1cncc(C)c1-c1cc2c(N[C@H](CO)c3ccccc3)ncnc2[nH]1,9.007413376169927,0.06683100666492545,0.4774440101834534,375.432,3.4824200000000003,95.94999999999999,3,6,4,6,0.19047619047619047,0,0.0,2.9195466666666667,False,,0,,0,,0,,0.7419354838709677,0.6712513086020063,0.9477296520036478,0.23595505617977527,Osimertinib,0.25806451612903225,0.7640449438202247,0.8300716393770339,0.600303949190643,1.0,0.901808474957792,0.600303949190643,0.8330460158813673,1.0,0.399696050809357,0.600303949190643,-0.003965835339111101,8.907166866172538,0.058559629231072455,-0.0,0.5822749284050439,9.548001423808655,0.0,0.0,0.0,0.12462006351169626,0.0,0.12462006351169626,0.0,low,,9.42338136029696,True,pass,False,,0.8384371700105596,0.4303062302006336,0.48521647307286164,0.5216473072861668,0.6414994720168955,0.8257655755015839,0.8247096092925026,0.8912354804646251,0.6404699049630411,0.6905227032734952,10.316565309764304,67,0.0,10.252008604225153,0,60,0,7,advance,COc1cnccc1-c1cc2c(N[C@H](CO)c3ccccc3)ncnc2[nH]1
Cc1ccc(-c2cc3c(N[C@H](CO)c4ccccc4)ncnc3[nH]2)cc1,8.910476831689172,0.056622838523235484,0.509941198085486,344.41800000000006,4.078820000000001,73.83,3,4,4,5,0.14285714285714285,0,0.0,2.65,False,,0,,0,,0,,0.851063829787234,0.7879555185608805,1.0,0.21052631578947367,Afatinib,0.14893617021276595,0.7894736842105263,0.8129832209560282,0.6285445820239404,1.0,0.9473684210526316,0.6285445820239404,0.8472240560081501,1.0,0.37145541797605963,0.6285445820239404,-0.04565444673616248,8.825542573904318,0.12672691237120032,-0.0,0.5538633818589025,9.506132868134422,0.0,0.0,0.0,0.08931927247007455,0.0,0.08931927247007455,0.0,low,,9.416813595664348,True,pass,False,,0.7940865892291447,0.544350580781415,0.6325237592397043,0.046462513199577615,0.8780359028511088,0.9123548046462513,0.8247096092925026,0.9186906019007391,0.5703801478352692,0.695221752903907,10.190589045536745,104,0.0,10.251079699149036,0,61,0,43,advance,OC[C@@H](Nc1ncnc2[nH]c(-c3ccccc3)cc12)c1ccccc1
C=CC(=O)NC1=NC=C2N=CN=C(Nc3ccc(Cl)c(C)c3)C21,8.827476345607302,0.057382026515159876,0.8190700626355096,327.7750000000001,2.672620000000001,78.21000000000001,2,5,3,2,0.125,0,0.0,2.1500000000000004,False,,0,,0,,1,acrylamide_like,0.75,0.6313105326876514,0.8751100594320933,0.3333333333333333,Osimertinib,0.25,0.6666666666666667,0.7917016678412135,0.8177962267572227,0.92,0.8229992112407367,0.7917016678412135,0.8381242764597933,0.92,0.1282983321587865,0.8717016678412135,-0.06189681149143955,8.741403305834561,0.5090700626355096,-0.0,0.5312775148580233,9.781750883328096,0.0,0.0,0.0,0.0,0.1,0.2125,0.15,low,reactive_warhead_could_inflate_proxy_score,9.569250883328095,True,pass,False,,0.764519535374868,0.9825765575501584,0.9044350580781415,0.47729672650475186,0.4392819429778247,0.9978880675818373,0.5047518479408659,0.9165786694825766,0.7716737064413939,0.7549366420274554,10.707759331057769,3,0.0,10.250174853761042,0,62,59,0,advance,C=CC(=O)NC1=NC=C2N=CN=C(Nc3cccc(C)c3)C21
COc1cc(CO)ccc1-c1cc2c(N[C@H](CO)c3ccccc3)ncnc2[nH]1,9.683422652433785,0.10663967762978493,0.3861837707859719,390.44300000000004,3.2713,103.28999999999999,4,6,4,7,0.18181818181818182,0,0.0,3.1196200000000007,False,,0,,0,,0,,1.0,0.8412112716305401,1.0,0.23863636363636365,Osimertinib,0.0,0.7613636363636364,0.9712078887675969,0.5424156893168999,1.0,0.9403409090909091,0.5424156893168999,0.8634911217938515,1.0,0.4575843106831001,0.5424156893168999,0.14362235596499395,9.523463135989108,-0.06357741103221004,-0.0,0.2784090909090909,9.73829481586599,0.0,0.0,0.009959516444677394,0.19698038835387516,0.0,0.20693990479855257,0.0,low,,9.531354911067437,True,pass,False,,1.0,0.08658922914466737,0.22650475184794086,0.004751847940865892,0.8780359028511088,0.5475184794086589,0.8247096092925026,0.7402323125659979,0.5022439281942978,0.5981520591341077,10.340987529699147,58,0.0,10.249137382028366,0,63,5,0,advance,OCc1ccc(-c2cc3c(N[C@H](CO)c4ccccc4)ncnc3[nH]2)cc1
OC[C@@H](Nc1ncnc2[nH]c(-c3ccc(Cl)cc3)cc12)c1ccccc1,8.966807203000277,0.047561241146907025,0.4896608039196541,364.83600000000007,4.423800000000003,73.83,3,4,4,5,0.1,0,0.0,2.748906666666667,False,,0,,0,,0,,0.851063829787234,0.7833793053004567,1.0,0.21794871794871795,Sunvozertinib,0.14893617021276595,0.782051282051282,0.8334089319472344,0.6135862626686304,1.0,0.9455128205128205,0.6135862626686304,0.8481270037821713,1.0,0.38641373733136963,0.6135862626686304,-0.019624095779915862,8.895465341279916,0.08732480391965408,-0.0,0.5516366612111293,9.534426806410698,0.0,0.0,0.0,0.10801717166421206,0.0,0.10801717166421206,0.0,low,,9.426409634746486,True,pass,False,,0.8173178458289335,0.48099260823653645,0.5696937697993664,0.046462513199577615,0.8780359028511088,0.8738120380147836,0.8247096092925026,0.9482576557550159,0.5587381203801479,0.6840285110876453,10.204912550866876,102,0.0,10.24724384805166,0,64,0,38,advance,OC[C@@H](Nc1ncnc2[nH]c(-c3ccccc3)cc12)c1ccccc1
CCOc1ccccc1-c1cc2c(N[C@H](CO)c3cccc(C)c3)ncnc2[nH]1,9.241964288576051,0.09072875483468833,0.43482098927761076,388.47100000000006,4.477520000000003,83.06,3,5,4,7,0.21739130434782608,0,0.0,3.106473333333334,False,,0,,0,,0,,0.8421052631578947,0.7255001155276698,1.0,0.20238095238095238,Afatinib,0.1578947368421053,0.7976190476190477,0.871980943759731,0.5696718005129424,1.0,0.9494047619047619,0.5696718005129424,0.8477643765443588,1.0,0.4303281994870576,0.5696718005129424,0.03228875628716288,9.105871156324019,-0.009410880287606713,-0.0,0.5603383458646617,9.656798621901073,0.0,0.0,0.0,0.16291024935882198,0.0,0.16291024935882198,0.0,low,,9.493888372542251,True,pass,False,,0.9408658922914467,0.23389651531151004,0.25343189017951423,0.07602956705385427,0.8780359028511088,0.6589229144667371,0.8247096092925026,0.8004223864836325,0.5233896515311509,0.6264783526927137,10.284866203738455,74,0.0,10.245662395773508,0,65,0,9,advance,CCOc1ccccc1-c1cc2c(N[C@H](CO)c3ccccc3)ncnc2[nH]1
CCOc1ccccc1-c1cc2c(N[C@H](CO)c3cccc(F)c3)ncnc2[nH]1,9.282467406644445,0.10823496377347123,0.43657653119890333,392.434,4.308200000000003,83.06,3,5,4,7,0.18181818181818182,0,0.0,3.132893333333334,False,,0,,0,,0,,0.8275862068965517,0.713717126171937,1.0,0.2289156626506024,Afatinib,0.1724137931034483,0.7710843373493976,0.8698523770196813,0.5696211947234995,1.0,0.9427710843373494,0.5696211947234995,0.8455611640201326,1.0,0.4303788052765005,0.5696211947234995,0.032388283999398415,9.120114960984237,-0.015175650619278561,-0.0,0.558911508101371,9.66385081846633,0.0,0.0,0.012352445660206844,0.16297350659562565,0.0,0.1753259522558325,0.0,low,,9.488524866210497,True,pass,False,,0.955649419218585,0.2402323125659979,0.19640971488912354,0.12724392819429778,0.8780359028511088,0.6494192185850053,0.8247096092925026,0.73389651531151,0.532998944033791,0.6270063357972544,10.303449551306878,70,0.0,10.240932469167202,0,66,0,4,advance,CCOc1ccccc1-c1cc2c(N[C@H](CO)c3ccccc3)ncnc2[nH]1
COc1cccc(-c2cc3c(N[C@H](CO)c4ccccc4)ncnc3[nH]2)c1,8.996743387228799,0.10193434890049365,0.487358116928423,360.41700000000003,3.779000000000001,83.06,3,5,4,6,0.14285714285714285,0,0.0,2.819446666666667,False,,0,,0,,0,,0.7692307692307693,0.7007484012634944,1.0,0.22784810126582278,Afatinib,0.23076923076923073,0.7721518987341772,0.8028318025768542,0.6096067079003762,1.0,0.9430379746835443,0.6096067079003762,0.8388691212901936,1.0,0.3903932920996238,0.6096067079003762,-0.04804975828445268,8.843841863878058,0.07872683121413726,-0.0,0.585491723466407,9.508060418558603,0.0,0.0,0.0029015233507404606,0.11299161512452978,0.0,0.11589313847527025,0.0,low,,9.392167280083333,True,pass,False,,0.8352692713833157,0.45987328405491024,0.5343189017951425,0.3928194297782471,0.8780359028511088,0.8542766631467793,0.8247096092925026,0.7624076029567054,0.626557550158395,0.7060982048574446,10.259929478748678,84,0.0,10.239485125912267,0,67,0,17,advance,OC[C@@H](Nc1ncnc2[nH]c(-c3ccccc3)cc12)c1ccccc1
[2H]C([2H])([2H])Oc1c(F)cccc1-c1cc2c(N[C@H](CO)c3ccccc3)ncnc2[nH]1,9.169107697679635,0.11937845422149279,0.4715375210917332,381.42530533400003,3.9181000000000026,83.06,3,5,4,6,0.14285714285714285,0,0.0,2.9595020355600004,False,,0,,0,,0,,0.7704918032786885,0.665105608593932,0.9365556519889671,0.25609756097560976,Afatinib,0.2295081967213115,0.7439024390243902,0.8337120064648639,0.595518635232761,1.0,0.8883923487478229,0.595518635232761,0.8294057476113619,1.0,0.40448136476723895,0.595518635232761,0.005741678471335887,8.990040016347397,0.04189793004344743,-0.0,0.560588333229149,9.592526279619992,0.0,0.0,0.02906768133223918,0.1306017059590487,0.0,0.15966938729128788,0.0,low,,9.432856892328704,True,pass,False,,0.9134107708553326,0.38595564941921856,0.4028511087645195,0.38965153115100315,0.6151003167898628,0.7866948257655755,0.8247096092925026,0.6958817317845829,0.6265839493136218,0.668611404435058,10.344427018796338,55,0.0,10.235190577650775,0,68,13,0,advance,[2H]C([2H])([2H])Oc1ccccc1-c1cc2c(N[C@H](CO)c3ccccc3)ncnc2[nH]1
COc1ccc(OC)c(-c2cc3c(N[C@H](CO)c4ccccc4)ncnc3[nH]2)c1,9.185890535526525,0.08001296541817667,0.44466944173762346,390.44300000000004,3.787600000000001,92.28999999999999,3,6,4,7,0.18181818181818182,0,0.0,3.1196200000000007,False,,0,,0,,0,,0.8214285714285714,0.7421161933430575,1.0,0.2413793103448276,Osimertinib,0.1785714285714286,0.7586206896551724,0.8654635580889076,0.5745828083403083,1.0,0.9396551724137931,0.5745828083403083,0.8449253847107523,1.0,0.4254171916596917,0.5745828083403083,0.02738423117087374,9.06587108739926,-0.0050917400805584635,-0.0,0.5579433497536945,9.618722697072396,0.0,0.0,0.0,0.15677148957461468,0.0,0.15677148957461468,0.0,low,,9.461951207497782,True,pass,False,,0.9260823653643083,0.27560718057022177,0.22650475184794086,0.15575501583949314,0.8780359028511088,0.6853220696937699,0.8247096092925026,0.8426610348468849,0.5369852164730728,0.6383315733896516,10.263104956840083,82,0.0,10.227949095565364,0,69,0,13,advance,COc1ccccc1-c1cc2c(N[C@H](CO)c3ccccc3)ncnc2[nH]1
[2H]C([2H])([2H])Oc1cccc(OC)c1-c1cc2c(N[C@H](CO)c3ccccc3)ncnc2[nH]1,9.164658451660825,0.07173544651480732,0.44244447474168586,393.46130533400003,3.787600000000002,92.28999999999999,3,6,4,7,0.18181818181818182,0,0.0,3.1397420355600008,False,,0,,0,,0,,0.7931034482758621,0.719158798576902,1.0,0.2413793103448276,Osimertinib,0.2068965517241379,0.7586206896551724,0.8659498003548413,0.5725851520479273,1.0,0.9396551724137931,0.5725851520479273,0.8445475312041404,1.0,0.42741484795207274,0.5725851520479273,0.028536358867601086,9.057055281888614,-0.010335012410496062,-0.0,0.5706896551724138,9.617409924650532,0.0,0.0,0.0,0.15926855994009093,0.0,0.15926855994009093,0.0,low,,9.45814136471044,True,pass,False,,0.91129883843717,0.25237592397043296,0.18743400211193242,0.26874340021119325,0.8780359028511088,0.6694825765575502,0.8247096092925026,0.8732840549102429,0.5424234424498415,0.6377507919746569,10.268318055590342,79,0.0,10.223442315080028,0,70,0,9,advance,[2H]C([2H])([2H])Oc1ccccc1-c1cc2c(N[C@H](CO)c3ccccc3)ncnc2[nH]1
COc1cccc(OC)c1-c1cc2c(N[C@H](CO)c3ccccc3)ncnc2[nH]1,9.154136356038016,0.06480888668508009,0.4446694417376235,390.44300000000004,3.7876000000000003,92.28999999999999,3,6,4,7,0.18181818181818182,0,0.0,3.1196200000000007,False,,0,,0,,0,,0.8148148148148148,0.7450347425157477,1.0,0.25301204819277107,Osimertinib,0.18518518518518523,0.7469879518072289,0.868167868329948,0.5745828083403084,1.0,0.9367469879518072,0.5745828083403084,0.844874416155516,1.0,0.4254171916596916,0.5745828083403084,0.031057936232576022,9.056923026010397,-0.005091740080558408,-0.0,0.557429718875502,9.60926100480534,0.0,0.0,0.0,0.1567714895746145,0.0,0.1567714895746145,0.0,low,,9.452489515230726,True,pass,False,,0.9091869060190074,0.27771911298838436,0.22650475184794086,0.17581837381203802,0.8780359028511088,0.6874340021119324,0.8247096092925026,0.8954593453009504,0.533817317845829,0.6384371700105597,10.249841786220335,89,0.0,10.218614119243398,0,71,0,18,advance,COc1ccccc1-c1cc2c(N[C@H](CO)c3ccccc3)ncnc2[nH]1
CCOc1cc(Cl)ccc1-c1cc2c(N[C@H](CO)c3ccccc3)ncnc2[nH]1,9.259271043103015,0.05963026233225964,0.40794403699732046,408.88900000000007,4.822500000000004,83.06,3,5,4,7,0.18181818181818182,0,0.0,3.242593333333334,False,,0,,0,,0,,0.8103448275862069,0.71462766364971,1.0,0.23595505617977527,Osimertinib,0.18965517241379315,0.7640449438202247,0.8980765771431719,0.5496540921433981,1.0,0.9410112359550562,0.5496540921433981,0.8471854763104065,1.0,0.4503459078566019,0.5496540921433981,0.06785480111035391,9.169825649604626,-0.060263144820861425,-0.0,0.5645583107322742,9.674120815516037,0.0,0.0,0.0,0.18793238482075236,0.0,0.18793238482075236,0.0,low,,9.486188430695284,True,pass,False,,0.9472016895459345,0.12777191129883844,0.10718057022175291,0.19640971488912354,0.8780359028511088,0.573389651531151,0.8247096092925026,0.9123548046462513,0.5071541710665258,0.6069165786694826,10.282705820795869,75,0.0,10.214488325098664,0,72,0,3,advance,CCOc1ccccc1-c1cc2c(N[C@H](CO)c3ccccc3)ncnc2[nH]1
COC[C@@H](Nc1ncnc2[nH]c(-c3ccccc3OC)cc12)c1ccccc1,9.052229245875266,0.10618493178251069,0.5005372648534826,374.44400000000013,4.433100000000003,72.06,2,5,4,7,0.18181818181818182,0,0.0,3.012960000000001,False,,0,,0,,0,,0.8214285714285714,0.7636016871843874,1.0,0.2441860465116279,Gefitinib,0.1785714285714286,0.7558139534883721,0.813727859221059,0.6094124187463386,1.0,0.938953488372093,0.6094124187463386,0.8405234415848727,1.0,0.39058758125366144,0.6094124187463386,-0.03572744315175158,8.8929518482015,0.06677508303530066,-0.0,0.5571013289036545,9.516828260140455,0.0,0.0,0.009277397673766029,0.11323447656707682,0.0,0.12251187424084284,0.0,low,,9.394316385899613,True,pass,False,,0.8585005279831045,0.515311510031679,0.36219640971488914,0.15575501583949314,0.8780359028511088,0.8511087645195353,0.8247096092925026,0.7423442449841605,0.5748680042238649,0.679144667370644,10.206669865209093,101,0.0,10.209289986744386,0,73,0,28,advance,COc1ccccc1-c1cc2c(N[C@H](CO)c3ccccc3)ncnc2[nH]1
COCCOc1cnccc1-c1[nH]c2c(c1Nc1ccc(C)c(F)c1C)C(=O)NCC2,8.90450948932052,0.03877707119160768,0.5010771966005143,424.4760000000002,3.887340000000002,88.27000000000001,3,5,4,7,0.30434782608695654,0,0.0,2.9965066666666687,False,,0,,0,,0,,0.8208955223880597,0.761297363906307,1.0,0.16831683168316833,Gefitinib,0.17910447761194026,0.8316831683168316,0.8239834224960044,0.6103422017200264,1.0,0.9579207920792079,0.6103422017200264,0.8480616040738096,1.0,0.3896577982799736,0.6103422017200264,-0.0321042421037403,8.846343882533107,0.0820359792092097,-0.0,0.5801019654204226,9.508481827162738,0.0,0.0,0.0,0.11207224784996701,0.0,0.11207224784996701,0.0,low,,9.39640957931277,True,pass,False,,0.7898627243928195,0.5195353748680043,0.39334741288278774,0.16050686378035903,0.8780359028511088,0.8611404435058078,0.8247096092925026,0.9672650475184794,0.5504487856388596,0.6750263991552271,10.16902036992937,110,0.0,10.206441258299042,0,74,0,36,advance,COCCOc1cnccc1-c1[nH]c2c(c1Nc1cccc(F)c1C)C(=O)NCC2
COc1cccc(-c2cc3c(N[C@H](CO)c4ccccc4)ncnc3[nH]2)c1OC,9.304132696715405,0.12798107801415964,0.4446694417376234,390.4430000000001,3.787600000000001,92.29,3,6,4,7,0.18181818181818182,0,0.0,3.1196200000000007,False,,0,,0,,0,,0.8545454545454545,0.7653062800924662,1.0,0.2413793103448276,Osimertinib,0.1454545454545455,0.7586206896551724,0.8614464195689394,0.5745828083403082,1.0,0.9396551724137931,0.5745828083403082,0.8439211000807602,1.0,0.42541719165969183,0.5745828083403082,0.02336709265090553,9.112161079694165,-0.005091740080558519,-0.0,0.5430407523510972,9.650110091964702,0.0,0.0,0.04197161702123946,0.1567714895746148,0.0,0.19874310659585426,0.0,low,,9.451366985368848,True,pass,False,,0.9619852164730729,0.27243928194297784,0.22650475184794086,0.04065469904963041,0.8780359028511088,0.6821541710665259,0.8247096092925026,0.665258711721225,0.5294878563885956,0.6279303062302006,10.285495519631016,73,0.0,10.204883352845089,0,75,2,0,advance,COc1ccccc1-c1cc2c(N[C@H](CO)c3ccccc3)ncnc2[nH]1
CCOc1cc(N)ccc1-c1cc2c(N[C@H](CO)c3ccccc3)ncnc2[nH]1,9.450792252904838,0.08587733798248866,0.35850834186981706,389.45900000000006,3.7513000000000014,109.08000000000001,4,6,4,7,0.18181818181818182,0,0.0,3.1130600000000004,False,,1,aniline,0,,0,,0.8245614035087719,0.7263907753254103,1.0,0.2111111111111111,Osimertinib,0.17543859649122806,0.7888888888888889,0.9275839266384676,0.5274465111053225,0.88,0.9472222222222222,0.5274465111053225,0.8205631649915031,0.9472222222222222,0.4197757111168997,0.5802242888831003,0.14269434886261934,9.321976245931106,-0.09026883994836477,-0.2,0.5656140350877192,9.597321441070461,0.0,0.0,0.0,0.14971963889612466,0.0,0.14971963889612466,0.0,low,,9.447601802174336,True,pass,False,,0.989440337909187,0.030623020063357972,0.24656810982048574,0.13938753959873285,0.8780359028511088,0.7196409714889124,0.8247096092925026,0.8162618796198522,0.5162354804646252,0.6230728616684266,10.21680401762801,99,0.0,10.195289236176448,0,76,0,23,advance,CCOc1ccccc1-c1cc2c(N[C@H](CO)c3ccccc3)ncnc2[nH]1
Cc1cc(-c2cc3c(N[C@H](CO)c4ccccc4)ncnc3[nH]2)ccc1CO,9.072831119722771,0.0447249212228743,0.4139120085957857,374.44400000000013,3.571120000000001,94.06,4,5,4,6,0.18181818181818182,0,0.0,2.912960000000001,False,,0,,0,,0,,0.7894736842105263,0.74272118976687,1.0,0.19753086419753085,Afatinib,0.21052631578947367,0.8024691358024691,0.8619003350746808,0.565614681650759,1.0,0.9506172839506173,0.565614681650759,0.8445330751690143,1.0,0.434385318349241,0.565614681650759,0.023156346540888717,9.00574373788846,-0.004850173222396229,-0.0,0.5854775828460039,9.586371147512068,0.0,0.0,0.0,0.16798164793655124,0.0,0.16798164793655124,0.0,low,,9.418389499575516,True,pass,False,,0.8648363252375924,0.16631467793030624,0.4952481520591341,0.2856388595564942,0.8780359028511088,0.6309398099260823,0.8247096092925026,0.9545934530095037,0.5538542766631468,0.6435850052798311,10.250996279507845,87,0.0,10.190691505911314,0,77,0,10,advance,OCc1ccc(-c2cc3c(N[C@H](CO)c4ccccc4)ncnc3[nH]2)cc1
Cc1cccc([C@@H](CO)Nc2ncnc3[nH]c(-c4ccccc4)cc23)c1,8.837251735924768,0.0625669738020695,0.509941198085486,344.41800000000006,4.078820000000002,73.83,3,4,4,5,0.14285714285714285,0,0.0,2.65,False,,0,,0,,0,,0.8163265306122449,0.7234070746852701,1.0,0.20512820512820512,Afatinib,0.18367346938775508,0.7948717948717949,0.7905160523197434,0.6285445820239404,1.0,0.9487179487179487,0.6285445820239404,0.8419446457654081,1.0,0.37145541797605963,0.6285445820239404,-0.06857145792755281,8.743401275221665,0.12672691237120032,-0.0,0.5711145996860283,9.441242787278894,0.0,0.0,0.0,0.08931927247007455,0.0,0.08931927247007455,0.0,low,,9.351923514808819,True,pass,False,,0.7666314677930306,0.544350580781415,0.6325237592397043,0.17212249208025343,0.8780359028511088,0.9123548046462513,0.8247096092925026,0.9049630411826821,0.5831573389651531,0.6988648363252374,10.141031594037077,120,0.0,10.190561318399103,0,78,0,42,advance,OC[C@@H](Nc1ncnc2[nH]c(-c3ccccc3)cc12)c1ccccc1
CNc1cc2c(Nc3cccc(CO)c3)ncnc2cn1,8.455546830395027,0.09540566213438421,0.6803860726706266,281.319,2.3023999999999996,82.96,3,6,3,4,0.13333333333333333,0,0.0,2.0,False,,0,,0,,0,,0.7083333333333334,0.6891173526266694,0.980213368412126,0.3333333333333333,Sunvozertinib,0.29166666666666663,0.6666666666666667,0.672102744104688,0.7472892630457677,1.0,0.9018266929757612,0.672102744104688,0.8303046750315541,1.0,0.32789725589531205,0.672102744104688,-0.21093590790248828,8.31243833719345,0.3937194060039599,-0.0,0.5763033421030315,9.282461085300442,0.0,0.0,0.0,0.03487156986914007,0.0,0.03487156986914007,0.0,low,,9.247589515431303,True,pass,False,,0.6325237592397043,0.9007391763463569,0.9408658922914467,0.7043294614572334,0.7265047518479408,0.9693769799366421,0.8247096092925026,0.7856388595564942,0.746779303062302,0.7807286166842661,10.178596248975204,107,0.0,10.184463855452421,0,79,0,28,advance,CNc1cc2c(Nc3cccc(C(F)(F)F)c3)ncnc2cn1
COc1c(Cl)cc(F)cc1Nc1c(-c2ccncc2OCC(C)(C)OC)[nH]c2c1C(=O)NCC2,9.25776101222551,0.05647637522457395,0.4245719124215827,488.94700000000034,4.711100000000003,97.5,3,6,4,8,0.3333333333333333,0,0.0,3.526313333333335,False,,0,,0,,0,,0.863013698630137,0.7559527230760108,1.0,0.19811320754716982,Gefitinib,0.136986301369863,0.8018867924528301,0.8999067903991756,0.5478871159344345,1.0,0.9504716981132075,0.5478871159344345,0.8495664011117045,1.0,0.4521128840655655,0.5478871159344345,0.06712051904996152,9.173046449388648,-0.07104175424508424,-0.0,0.5522098733522873,9.654214568495853,0.0,0.0,0.0,0.19014110508195686,0.0,0.19014110508195686,0.0,low,,9.464073463413897,True,pass,False,,0.9461457233368532,0.1979936642027455,0.034318901795142555,0.029567053854276663,0.8780359028511088,0.5644139387539598,0.8247096092925026,0.9197465681098205,0.47642555438225975,0.5926346356916579,10.225925233754564,95,0.0,10.175235026243886,0,80,0,15,advance,COc1c(F)cc(F)cc1Nc1c(-c2ccncc2OCC(C)(C)OC)[nH]c2c1C(=O)NCC2
CCOc1ccccc1-c1cc2c(N[C@H](COC)c3ccccc3)ncnc2[nH]1,9.287947114891226,0.14831860340470893,0.4525896632832399,388.471,4.8232000000000035,72.06,2,5,4,8,0.21739130434782608,0,0.0,3.2064733333333333,False,,0,,0,,0,,0.8035714285714286,0.7641899288451013,1.0,0.22784810126582278,Afatinib,0.1964285714285714,0.7721518987341772,0.8431637563395104,0.5755984173698845,1.0,0.9430379746835443,0.5755984173698845,0.8404500370982348,1.0,0.4244015826301155,0.5755984173698845,0.0036182923217007446,9.065469209784164,-0.006642206281977467,-0.0,0.5700384267631102,9.628865430265297,0.0,0.0,0.07247790510706338,0.1555019782876444,0.0,0.22797988339470776,0.0,low,,9.400885546870589,True,pass,False,,0.9577613516367476,0.32840549102428723,0.14255543822597677,0.22280887011615627,0.8780359028511088,0.689545934530095,0.8247096092925026,0.5828933474128828,0.5626187961985216,0.6414994720168954,10.304007985703523,69,0.0,10.170684913290863,0,81,12,0,advance,CCOc1ccccc1-c1cc2c(N[C@H](CO)c3ccccc3)ncnc2[nH]1
CCOc1cccc(F)c1-c1cc2c(N[C@H](CO)c3ccccc3)ncnc2[nH]1,9.141485718644487,0.07496100117123747,0.43657653119890333,392.434,4.308200000000003,83.06,3,5,4,7,0.18181818181818182,0,0.0,3.132893333333334,False,,0,,0,,0,,0.75,0.6609670743569048,0.9290310442852814,0.2625,Afatinib,0.25,0.7375,0.8578987288412556,0.5696211947234995,1.0,0.881148283213961,0.5696211947234995,0.827167051694679,1.0,0.4303788052765005,0.5696211947234995,0.040975569528768796,9.02904421688763,-0.015175650619278561,-0.0,0.5660077610713203,9.579876327339672,0.0,0.0,0.0,0.16297350659562565,0.0,0.16297350659562565,0.0,low,,9.416902820744047,True,pass,False,,0.9017951425554382,0.2402323125659979,0.19640971488912354,0.47729672650475186,0.5908130939809926,0.6494192185850053,0.8247096092925026,0.8585005279831045,0.5787750791974657,0.6233632523759238,10.27440642237663,76,0.0,10.164938723595156,0,82,6,0,advance,CCOc1ccccc1-c1cc2c(N[C@H](CO)c3ccccc3)ncnc2[nH]1
OC[C@@H](Nc1ncnc2[nH]c(-c3cccc(Cl)c3)cc12)c1ccccc1,8.824416539721787,0.015471824222775493,0.4896608039196541,364.83600000000007,4.423800000000003,73.83,3,4,4,5,0.1,0,0.0,2.748906666666667,False,,0,,0,,0,,0.8163265306122449,0.7367994239027755,1.0,0.2261904761904762,Osimertinib,0.18367346938775508,0.7738095238095238,0.8202738579745038,0.6135862626686304,1.0,0.9434523809523809,0.6135862626686304,0.8443281253988788,1.0,0.38641373733136963,0.6135862626686304,-0.03207235656583318,8.801208803387624,0.08732480391965408,-0.0,0.564795918367347,9.453329525674624,0.0,0.0,0.0,0.10801717166421206,0.0,0.10801717166421206,0.0,low,,9.345312354010412,True,pass,False,,0.7634635691657867,0.48099260823653645,0.5696937697993664,0.17212249208025343,0.8780359028511088,0.8738120380147836,0.8247096092925026,0.9947201689545935,0.559635691657867,0.6827613516367477,10.124892355664064,127,0.0,10.16462597597451,0,83,0,44,advance,OC[C@@H](Nc1ncnc2[nH]c(-c3ccccc3)cc12)c1ccccc1
C=CC(=O)NC1=NC=C2N=CN=C(Nc3cc(C)cc(OC)c3)C21,8.60002270830997,0.14102213023822596,0.8343748096079896,323.35600000000005,2.02782,87.44000000000001,2,6,3,3,0.17647058823529413,0,0.0,2.25,False,,0,,0,,1,acrylamide_like,0.7017543859649122,0.5586960614205196,0.7430837480373084,0.2804878048780488,Osimertinib,0.29824561403508776,0.7195121951219512,0.6762901859107343,0.8223676837459328,0.92,0.7371908598084691,0.6762901859107343,0.788962182366284,0.92,0.24370981408926573,0.7562901859107343,-0.1502293286073998,8.388489512952631,0.514521868431519,-0.0,0.535835121861702,9.438846503245852,0.0,0.0,0.061533195357338935,0.0,0.1,0.16153319535733895,0.0,low,,9.277313307888512,True,pass,False,,0.6747624076029567,0.9963041182682154,0.8885955649419218,0.7434002111932418,0.08342133051742344,0.989440337909187,0.8247096092925026,0.6135163674762407,0.7848732840549102,0.735506863780359,10.380694444111745,43,0.0,10.159921544424943,0,84,41,0,advance,C=CC(=O)NC1=NC=C2N=CN=C(Nc3cccc(C)c3)C21
COc1cc(-c2cc3c(N[C@H](C)c4ccccc4)ncnc3[nH]2)ccc1CO,8.970407639937669,0.10317231221559954,0.46866074009969094,374.44400000000013,4.298900000000003,83.06,3,5,4,6,0.18181818181818182,0,0.0,2.912960000000001,False,,0,,0,,0,,0.7068965517241379,0.6679719462302747,0.9417671749641356,0.22727272727272727,Osimertinib,0.2931034482758621,0.7727272727272727,0.7953812914334976,0.5957264839779068,1.0,0.89950719940492,0.5957264839779068,0.8226537437040811,1.0,0.40427351602209316,0.5957264839779068,-0.0363632696941113,8.81564917161427,0.04989855828150902,-0.0,0.5991565272833537,9.464704257179132,0.0,0.0,0.004758468323399302,0.13034189502761645,0.0,0.13510036335101575,0.0,low,,9.329603893828116,True,pass,False,,0.8194297782470961,0.36747624076029567,0.4952481520591341,0.7265047518479408,0.6261879619852164,0.791974656810982,0.8247096092925026,0.7560718057022175,0.6618268215417107,0.6852164730728616,10.258896443029185,85,0.0,10.15186366151555,0,85,0,0,advance,C[C@@H](Nc1ncnc2[nH]c(-c3ccc(CO)cc3)cc12)c1ccccc1
FCCCNc1c(Br)cccc1Nc1ncnc2ccncc12,8.509168321570696,0.06265021085659461,0.6283543270568108,376.2330000000001,4.302400000000001,62.730000000000004,2,5,3,6,0.1875,0,0.0,2.3748866666666677,False,,0,,0,,0,,0.7884615384615384,0.7666875230033126,1.0,0.3055555555555556,Afatinib,0.21153846153846156,0.6944444444444444,0.7084369327930577,0.704253085009451,1.0,0.9236111111111112,0.704253085009451,0.834075282228405,1.0,0.29574691499054895,0.704253085009451,-0.16751779924712962,8.415193005285804,0.2908713270568107,-0.0,0.5535256410256411,9.259589973368257,0.0,0.0,0.0,0.0,0.0,0.0,0.0,low,,9.259589973368257,True,pass,False,,0.6473072861668426,0.7972544878563886,0.8595564941921858,0.2988384371700106,0.8780359028511088,0.9809926082365364,0.8247096092925026,0.9039070749736009,0.6394403379091869,0.7431890179514256,10.026918378859282,161,0.0,10.151416794909968,0,86,0,75,advance,O=C(O)CCNc1c(Br)cccc1Nc1ncnc2ccncc12
[2H]C([2H])([2H])Oc1ccccc1-c1cc2c(N[C@H](CO)c3cccc(F)c3)ncnc2[nH]1,9.071749683548665,0.10509987302812407,0.4715375210917332,381.42530533400003,3.9181000000000017,83.06,3,5,4,6,0.14285714285714285,0,0.0,2.9595020355600004,False,,0,,0,,0,,0.8305084745762712,0.6932862207213002,0.987793128584182,0.2261904761904762,Afatinib,0.1694915254237288,0.7738095238095238,0.8193675097674795,0.595518635232761,1.0,0.9342972273905175,0.595518635232761,0.8372958430976895,1.0,0.40448136476723895,0.595518635232761,-0.02390444444028006,8.91409987400648,0.04189793004344743,-0.0,0.5553623257295807,9.511360129779508,0.0,0.0,0.007649809542186095,0.1306017059590487,0.0,0.13825151550123477,0.0,low,,9.373108614278273,True,pass,False,,0.8637803590285111,0.38595564941921856,0.4028511087645195,0.11615628299894404,0.737064413938754,0.7866948257655755,0.8247096092925026,0.747624076029567,0.5495512143611405,0.641156282998944,10.170821587012876,108,0.0,10.142496153877005,0,87,0,21,advance,[2H]C([2H])([2H])Oc1ccccc1-c1cc2c(N[C@H](CO)c3ccccc3)ncnc2[nH]1
COc1nccc(-c2cc3c(N[C@H](CO)c4ccccc4)ncnc3[nH]2)c1OC,9.177685069133522,0.13508498616807202,0.4442596553343351,391.4310000000001,3.1826000000000008,105.17999999999999,3,7,4,7,0.19047619047619047,0,0.0,3.126206666666668,False,,0,,0,,0,,0.7377049180327869,0.6954206309548351,0.9916738744633364,0.21348314606741572,Osimertinib,0.2622950819672131,0.7865168539325843,0.8248617769657302,0.5741040924851664,1.0,0.9403846193306484,0.5741040924851664,0.8348376221953863,1.0,0.42589590751483364,0.5741040924851664,-0.013301126972874777,8.975057589881414,-0.005623725618046013,-0.0,0.6019063116808553,9.571340175944224,0.0,0.0,0.05262747925210802,0.15736988439354205,0.0,0.20999736364565008,0.0,low,,9.361342812298574,True,pass,False,,0.9218585005279831,0.26504751847940866,0.21119324181626187,0.5527983104540655,0.7444561774023232,0.6768743400211193,0.8247096092925026,0.6399155227032735,0.6100844772967265,0.6493136219640974,10.303441548700295,71,0.0,10.14051915865549,0,88,17,0,advance,COc1cnccc1-c1cc2c(N[C@H](CO)c3ccccc3)ncnc2[nH]1
[2H]C([2H])([2H])Oc1ccccc1-c1cc2c(N[C@H](COC)c3ccccc3)ncnc2[nH]1,9.055393480799973,0.130636921090421,0.49834126122825284,377.462305334,4.433100000000003,72.06,2,5,4,7,0.18181818181818182,0,0.0,3.03308203556,False,,0,,0,,0,,0.8070175438596491,0.7375009751523848,1.0,0.225,Afatinib,0.19298245614035092,0.775,0.7974025254366985,0.6074306923078467,1.0,0.94375,0.6074306923078467,0.8371458044361363,1.0,0.39256930769215326,0.6074306923078467,-0.052991038665917034,8.859438099164342,0.06156077407607102,-0.0,0.5693421052631579,9.49034097850357,0.0,0.0,0.04595538163563148,0.11571163461519159,0.0,0.16166701625082308,0.0,low,,9.328673962252747,True,pass,False,,0.8606124604012672,0.5058078141499472,0.3273495248152059,0.21436114044350582,0.8780359028511088,0.8437170010559663,0.8247096092925026,0.6568109820485745,0.5804118268215418,0.6757127771911299,10.18683517068942,105,0.0,10.139529294882102,0,89,0,16,advance,[2H]C([2H])([2H])Oc1ccccc1-c1cc2c(N[C@H](CO)c3ccccc3)ncnc2[nH]1
Cc1cc(-c2cc3c(N[C@H](C)c4ccccc4)ncnc3[nH]2)ccc1CO,8.780361261503451,0.041846601480807946,0.4874071109884958,358.4450000000001,4.598720000000005,73.83,3,4,4,5,0.18181818181818182,0,0.0,2.7063000000000006,False,,0,,0,,0,,0.7454545454545455,0.6825929243170623,0.9683507714855677,0.2,Afatinib,0.2545454545454545,0.8,0.7907976943392971,0.6139854495052112,1.0,0.9262630786141757,0.6139854495052112,0.832761555614671,1.0,0.38601455049478883,0.6139854495052112,-0.05595181503383184,8.717591359282238,0.09964392917031395,-0.0,0.5966331474168465,9.4138684358694,0.0,0.0,0.0,0.10751818811848605,0.0,0.10751818811848605,0.0,low,,9.306350247750913,True,pass,False,,0.7434002111932418,0.4640971488912355,0.5987328405491025,0.513727560718057,0.7016895459345301,0.8764519535374868,0.8247096092925026,0.9598732840549102,0.6199049630411827,0.6921594508975714,10.15775439151882,114,0.0,10.136941588827998,0,90,0,24,advance,C[C@@H](Nc1ncnc2[nH]c(-c3ccc(CO)cc3)cc12)c1ccccc1
OC[C@@H](Nc1ncnc2[nH]c(-c3ccccc3)cc12)c1cccc(Cl)c1,8.798475577142895,0.00766172824792708,0.489660803919654,364.8360000000001,4.423800000000003,73.83,3,4,4,5,0.1,0,0.0,2.7489066666666675,False,,0,,0,,0,,0.8333333333333334,0.7371892782270141,1.0,0.21518987341772153,Sunvozertinib,0.16666666666666663,0.7848101265822784,0.8192556845121748,0.6135862626686301,1.0,0.9462025316455696,0.6135862626686301,0.8447611197065936,1.0,0.38641373733136986,0.6135862626686301,-0.03400724692589174,8.786982984771004,0.08732480391965391,-0.0,0.5604430379746835,9.434750826665342,0.0,0.0,0.0,0.10801717166421233,0.0,0.10801717166421233,0.0,low,,9.32673365500113,True,pass,False,,0.7550158394931362,0.4767687434002112,0.5654699049630412,0.10190073917634636,0.8780359028511088,0.8711721224920802,0.8247096092925026,0.9989440337909187,0.5403115100316791,0.6720960929250264,10.083124638703357,137,0.0,10.133248966511161,0,91,0,46,advance,OC[C@@H](Nc1ncnc2[nH]c(-c3ccccc3)cc12)c1ccccc1
COC[C@@H](Nc1ncnc2[nH]c(-c3ccc(CO)cc3)cc12)c1ccccc1,9.168969341527106,0.1463794923880801,0.4566903184543758,374.4440000000001,3.916800000000002,83.06,3,5,4,7,0.18181818181818182,0,0.0,3.0129600000000005,False,,0,,0,,0,,0.7962962962962963,0.7208775187679415,1.0,0.22784810126582278,Afatinib,0.20370370370370372,0.7721518987341772,0.8147766907101204,0.5852965982268297,1.0,0.9430379746835443,0.5852965982268297,0.8357778159051236,1.0,0.41470340177317033,0.5852965982268297,-0.028001500260004253,8.949400102944987,0.022928136636193915,-0.0,0.5733122362869199,9.545640475868101,0.0,0.0,0.06956923858212014,0.14337925221646292,0.0,0.21294849079858305,0.0,low,,9.332691985069518,True,pass,False,,0.9123548046462513,0.3384371700105597,0.3632523759239704,0.26029567053854274,0.8780359028511088,0.750791974656811,0.8247096092925026,0.587117212249208,0.5847940865892292,0.6615364308342133,10.247393379775176,91,0.0,10.126535702070575,0,92,1,0,advance,OCc1ccc(-c2cc3c(N[C@H](CO)c4ccccc4)ncnc3[nH]2)cc1
[2H]C([2H])([2H])Oc1ccccc1-c1cc2c(N[C@H](CO)c3cccc(C)c3)ncnc2[nH]1,9.020339686463222,0.1025298739659965,0.47140332812841834,377.46230533400006,4.0874200000000025,83.06,3,5,4,6,0.18181818181818182,0,0.0,2.9330820355600005,False,,0,,0,,0,,0.8448275862068966,0.70437599984238,1.0,0.2,Afatinib,0.15517241379310343,0.8,0.808314009839608,0.5964609829490917,1.0,0.95,0.5964609829490917,0.838693748197175,1.0,0.40353901705090833,0.5964609829490917,-0.040506317810089176,8.866544875514228,0.04962284097623648,-0.0,0.5598275862068965,9.47599530269736,0.0,0.0,0.0037948109489947396,0.12942377131363542,0.0,0.13321858226263017,0.0,low,,9.34277672043473,True,pass,False,,0.8479408658922915,0.3775079197465681,0.44508975712777193,0.06546990496304118,0.8780359028511088,0.7977824709609292,0.8247096092925026,0.7581837381203802,0.5369324181626188,0.650026399155227,10.120314204492502,128,0.0,10.122808399421002,0,93,0,35,advance,[2H]C([2H])([2H])Oc1ccccc1-c1cc2c(N[C@H](CO)c3ccccc3)ncnc2[nH]1
CCOc1cccc(C)c1-c1cc2c(N[C@H](CO)c3ccccc3)ncnc2[nH]1,9.134089000220717,0.11037334150208367,0.4348209892776107,388.471,4.477520000000003,83.06,3,5,4,7,0.21739130434782608,0,0.0,3.1064733333333336,False,,0,,0,,0,,0.7758620689655172,0.6829152681968724,0.9689368512670407,0.2073170731707317,Afatinib,0.22413793103448276,0.7926829268292683,0.8312609110037207,0.5696718005129423,1.0,0.9248733701575975,0.5696718005129423,0.8314515204185651,1.0,0.4303281994870577,0.5696718005129423,-0.00025414588645911174,8.968528987967591,-0.009410880287606713,-0.0,0.5809011598310578,9.540019267511042,0.0,0.0,0.01556001225312549,0.16291024935882215,0.0,0.17847026161194762,0.0,low,,9.361549005899095,True,pass,False,,0.8944033790918691,0.2296726504751848,0.2587117212249208,0.3558606124604013,0.7043294614572334,0.6552270327349525,0.8247096092925026,0.7254487856388595,0.5583949313621964,0.6189281942977826,10.210093185145677,100,0.0,10.104262839056434,0,94,0,6,advance,CCOc1ccccc1-c1cc2c(N[C@H](CO)c3ccccc3)ncnc2[nH]1
Fc1cccc(Nc2ncnc3cnc(NCCN4CCOCC4)cc23)c1,8.481712935869249,0.07581806215424021,0.6927104721022919,368.4160000000002,2.6516,75.2,2,7,4,6,0.3157894736842105,0,0.0,2.522773333333335,False,,0,,0,,0,,0.8,0.745,1.0,0.4430379746835443,Dacomitinib,0.19999999999999996,0.5569620253164558,0.692355590459344,0.7339610160665169,1.0,0.889240506329114,0.692355590459344,0.8288892782137438,1.0,0.30764440954065597,0.692355590459344,-0.18204491700586622,8.36798584263789,0.34587341947071265,-0.0,0.5070886075949368,9.22094786970354,0.0,0.0,0.0,0.009555511925819979,0.0,0.009555511925819979,0.0,low,,9.21139235777772,True,pass,False,,0.6420274551214361,0.9134107708553326,0.778247096092925,0.2365364308342133,0.8780359028511088,0.9757127771911299,0.8247096092925026,0.8542766631467793,0.6356388595564942,0.7416578669482577,9.983714501171333,177,0.0,10.10138179811563,0,95,0,82,advance,Brc1cccc(Nc2ncnc3cnc(NCCN4CCOCC4)cc23)c1
CCOc1cccc(OC)c1-c1cc2c(N[C@H](CO)c3ccccc3)ncnc2[nH]1,9.221978598450846,0.11213212077231229,0.4080555322298785,404.47,4.1777000000000015,92.28999999999999,3,6,4,8,0.21739130434782608,0,0.0,3.313133333333334,False,,0,,0,,0,,0.7627118644067796,0.7049964689265537,1.0,0.23863636363636365,Osimertinib,0.23728813559322037,0.7613636363636364,0.8520021650720929,0.547002337598228,1.0,0.9403409090909091,0.547002337598228,0.8348363529403076,1.0,0.45299766240177197,0.547002337598228,0.02288774950904715,9.053780417292378,-0.06717533733533897,-0.0,0.5851887519260401,9.57179383188308,0.0,0.0,0.01819818115846842,0.19124707800221497,0.0,0.20944525916068338,0.0,low,,9.362348572722397,True,pass,False,,0.9366420274551215,0.14730728616684266,0.08922914466737064,0.4123548046462513,0.8780359028511088,0.5596620908130939,0.8247096092925026,0.720168954593453,0.546805702217529,0.6154963041182682,10.227960674544114,94,0.0,10.100944137664317,0,96,2,0,advance,CCOc1ccccc1-c1cc2c(N[C@H](CO)c3ccccc3)ncnc2[nH]1
COc1cccc(N)c1-c1cc2c(N[C@H](CO)c3ccccc3)ncnc2[nH]1,9.123029244492995,0.040389373915625325,0.3848535059673296,375.432,3.3612,109.08000000000001,4,6,4,6,0.14285714285714285,0,0.0,2.9195466666666667,False,,1,aniline,0,,0,,0.7586206896551724,0.6960219798894716,0.9927672361626755,0.2413793103448276,Osimertinib,0.24137931034482762,0.7586206896551724,0.8774847493823111,0.5493791718717749,0.88,0.9342305995357998,0.5493791718717749,0.8102736301974713,0.9342305995357998,0.3848514276640249,0.6151485723359751,0.08961482557978628,9.062445183619557,-0.038792779746956114,-0.2,0.584398705592393,9.408051109464996,0.0,0.0,0.0,0.10606428458003116,0.0,0.10606428458003116,0.0,low,,9.301986824884965,True,pass,False,,0.8880675818373812,0.07761351636747624,0.48521647307286164,0.4350580781414995,0.747624076029567,0.8870116156282999,0.8247096092925026,0.9619852164730729,0.574947201689546,0.6641235480464627,10.09798775149245,134,0.0,10.09893508254072,0,97,0,37,advance,COc1ccccc1-c1cc2c(N[C@H](CO)c3ccccc3)ncnc2[nH]1
[2H]C([2H])([2H])Oc1cccc(N)c1-c1cc2c(N[C@H](CO)c3ccccc3)ncnc2[nH]1,9.127243074250806,0.04926880711114283,0.3831487512444499,378.45030533400006,3.3612,109.08000000000001,4,6,4,6,0.14285714285714285,0,0.0,2.939668702226667,False,,1,aniline,0,,0,,0.7666666666666667,0.6649465782759248,0.9362665059562268,0.2087912087912088,Osimertinib,0.23333333333333328,0.7912087912087912,0.8723226035849017,0.5476676323295757,0.88,0.9000020772693679,0.5476676323295757,0.7999980782959614,0.9000020772693679,0.35233444493979216,0.6476655550602078,0.09643270038525376,9.053339863584092,-0.043515839803835894,-0.2,0.576429263851694,9.38625328763195,0.0,0.0,0.0,0.06541805617474021,0.0,0.06541805617474021,0.0,low,,9.32083523145721,True,pass,False,,0.8912354804646251,0.06335797254487856,0.42027455121436114,0.4007391763463569,0.6124604012671595,0.9450897571277719,0.8247096092925026,0.9429778247096093,0.5569165786694825,0.6443505807814149,10.05455318203533,150,0.0,10.094055928394907,0,98,0,52,advance,[2H]C([2H])([2H])Oc1ccccc1-c1cc2c(N[C@H](CO)c3ccccc3)ncnc2[nH]1
COc1cc(-c2cc3c(N[C@H](CO)c4ccccc4)ncnc3[nH]2)c(OC)cn1,9.119652943550904,0.11328204732193192,0.44425965533433504,391.4310000000001,3.1826000000000008,105.18,3,7,4,7,0.19047619047619047,0,0.0,3.126206666666668,False,,0,,0,,0,,0.7894736842105263,0.7358345055169349,1.0,0.2413793103448276,Osimertinib,0.21052631578947367,0.7586206896551724,0.8256158027623736,0.5741040924851664,1.0,0.9396551724137931,0.5741040924851664,0.8348437669153332,1.0,0.42589590751483364,0.5741040924851664,-0.012303952203946311,8.949729872568005,-0.005623725618046069,-0.0,0.5723230490018149,9.516429195951774,0.0,0.0,0.019923070982897875,0.15736988439354205,0.0,0.1772929553764399,0.0,low,,9.339136240575334,True,pass,False,,0.8859556494192186,0.26135163674762407,0.21119324181626187,0.2856388595564942,0.8780359028511088,0.6768743400211193,0.8247096092925026,0.7127771911298838,0.5397571277719112,0.628273495248152,10.164137749278067,113,0.0,10.093064434873115,0,99,0,14,advance,COc1cnccc1-c1cc2c(N[C@H](CO)c3ccccc3)ncnc2[nH]1
CN(CCN1CCOCC1)c1cc2c(Nc3cccc(Br)c3)ncnc2cn1,8.60103406420758,0.079174636768868,0.6273053908991268,443.34900000000005,3.2993000000000015,66.41,1,7,4,6,0.35,0,0.0,3.022326666666667,False,,0,,0,,0,,0.7049180327868853,0.683544996651974,0.9700818120944981,0.40963855421686746,Dacomitinib,0.29508196721311475,0.5903614457831325,0.7198362703136874,0.6787746316611865,1.0,0.8751517205166568,0.6787746316611865,0.8184406556228827,1.0,0.32122536833881354,0.6787746316611865,-0.13147251374559366,8.482272109054279,0.20895639089912685,-0.0,0.552415772004466,9.243644271957871,0.0,0.0,0.0,0.026531710423516944,0.0,0.026531710423516944,0.0,low,,9.217112561534353,True,pass,False,,0.675818373812038,0.7961985216473073,0.35850052798310456,0.7349524815205913,0.7053854276663146,0.9736008447729673,0.8247096092925026,0.8437170010559663,0.6641235480464626,0.7240760295670539,10.040592529613626,153,0.0,10.086003797014818,0,100,0,53,advance,Brc1cccc(Nc2ncnc3cnc(NCCN4CCOCC4)cc23)c1
COc1ccc(Nc2c(-c3ccncc3OCC(C)(C)OC)[nH]c3c2C(=O)NCC3)c(C)c1F,9.191650025369675,0.13703220460422463,0.45439277832119024,468.5290000000003,4.366120000000002,97.5,3,6,4,8,0.36,0,0.0,3.390193333333335,False,,0,,0,,0,,0.8055555555555556,0.7614538171913803,1.0,0.17647058823529413,Osimertinib,0.19444444444444442,0.8235294117647058,0.8269899631194616,0.5695239767946032,1.0,0.9558823529411764,0.5695239767946032,0.8380990732138103,1.0,0.4304760232053968,0.5695239767946032,-0.014812146792464898,8.986101718463338,-0.018136221678809995,-0.0,0.5845588235294117,9.552524320313939,0.0,0.0,0.05554830690633694,0.163095029006746,0.0,0.21864333591308294,0.0,low,,9.333880984400857,True,pass,False,,0.9303062302006336,0.3321013727560718,0.07444561774023231,0.21858500527983105,0.8780359028511088,0.6430834213305174,0.8247096092925026,0.6314677930306231,0.5399419218585005,0.6243664202745511,10.20045462654414,103,0.0,10.083120688730318,0,101,0,2,advance,COC(C)(C)COc1cnccc1-c1[nH]c2c(c1Nc1cccc(F)c1C)C(=O)NCC2
CNc1cc2c(Nc3cccc(C(F)(F)Br)c3)ncnc2cn1,8.802580147184349,0.14543270172940764,0.6628764847965142,380.196,4.254300000000002,62.730000000000004,2,5,3,4,0.13333333333333333,0,0.0,2.201306666666667,False,,1,alkyl_halide,0,,0,,0.851063829787234,0.7240156317846288,1.0,0.32857142857142857,Sunvozertinib,0.14893617021276595,0.6714285714285715,0.7238421455855019,0.7299164256124417,0.88,0.9178571428571429,0.7238421455855019,0.8129039285137716,0.9178571428571429,0.19401499727164107,0.8059850027283589,-0.11874904390435981,8.584431094590238,0.34601381812984744,-0.2,0.518449848024316,9.248894760744403,0.0,0.0,0.06814905259411146,0.0,0.0,0.06814905259411146,0.0,low,,9.18074570815029,True,pass,False,,0.7571277719112989,0.8722280887011615,0.8912354804646251,0.046462513199577615,0.8780359028511088,0.9936642027455121,0.8247096092925026,0.5955649419218585,0.6581309398099261,0.7511615628299894,10.038651888516315,154,0.0,10.082139583546278,0,102,0,52,advance,CNc1cc2c(Nc3cccc(C(F)(F)F)c3)ncnc2cn1
CNc1cc2c(Nc3ccc(F)c(C(F)(F)F)c3)ncnc2cn1,8.340884836833284,0.06808646520279095,0.7083112602196698,337.28,3.9680000000000017,62.730000000000004,2,5,3,3,0.13333333333333333,0,0.0,1.9000000000000001,False,,0,,0,,0,,0.6730769230769231,0.6163531885903855,0.8479148883461552,0.4090909090909091,Sunvozertinib,0.32692307692307687,0.5909090909090908,0.6625606835663674,0.7664942700438953,1.0,0.7836634389868892,0.6625606835663674,0.803179598149288,1.0,0.33743931643363256,0.6625606835663674,-0.18749188611056067,8.238755139029099,0.4366445935530031,-0.0,0.5363668339746507,9.211766566556753,0.0,0.0,0.0,0.04679914554204072,0.0,0.04679914554204072,0.0,low,,9.164967421014712,True,pass,False,,0.5860612460401268,0.9202745512143612,0.9767687434002112,0.8695881731784583,0.36536430834213307,0.9598732840549102,0.8247096092925026,0.8827877507919747,0.7682154171066526,0.7576293558606126,10.133625067084736,123,0.0,10.074122648047448,0,103,0,20,advance,CNc1cc2c(Nc3cccc(C(F)(F)F)c3)ncnc2cn1
CCOc1ccc(Cl)cc1-c1cc2c(N[C@H](CO)c3ccccc3)ncnc2[nH]1,9.190763231027036,0.08931183942120002,0.40794403699732046,408.88900000000007,4.822500000000004,83.06,3,5,4,7,0.18181818181818182,0,0.0,3.242593333333334,False,,0,,0,,0,,0.8103448275862069,0.6957581034402502,0.9922874608004548,0.25,Osimertinib,0.18965517241379315,0.75,0.860172520161919,0.5496540921433981,1.0,0.9317155956003411,0.5496540921433981,0.8353855519764146,1.0,0.4503459078566019,0.5496540921433981,0.03304929091400599,9.056795471895237,-0.060263144820861425,-0.0,0.5584166927863206,9.554949019860695,0.0,0.0,0.0,0.18793238482075236,0.0,0.18793238482075236,0.0,low,,9.367016635039942,True,pass,False,,0.9292502639915523,0.12777191129883844,0.10718057022175291,0.19640971488912354,0.7465681098204857,0.573389651531151,0.8247096092925026,0.805702217529039,0.4990760295670539,0.583051742344245,10.15384025534116,116,0.0,10.066678725853036,0,104,0,12,advance,CCOc1ccccc1-c1cc2c(N[C@H](CO)c3ccccc3)ncnc2[nH]1
Nc1ccc(-c2cc3c(N[C@H](CO)c4ccccc4)ncnc3[nH]2)cc1,9.020911687209368,0.01840509683685709,0.41570695632838517,345.40600000000006,3.3526000000000007,99.85,4,5,4,5,0.1,0,0.0,2.65,False,,1,aniline,0,,0,,0.8695652173913043,0.7924584980237154,1.0,0.19736842105263158,Afatinib,0.13043478260869568,0.8026315789473684,0.8673443540165422,0.576715749057535,0.88,0.950657894736842,0.576715749057535,0.8186794994527298,0.950657894736842,0.37394214567930706,0.6260578543206929,0.06488647275174986,8.993304041954083,0.028206956328385206,-0.2,0.5494851258581235,9.370996124140591,0.0,0.0,0.0,0.09242768209913384,0.0,0.09242768209913384,0.0,low,,9.278568442041458,True,pass,False,,0.8489968321013728,0.17159450897571277,0.6325237592397043,0.02481520591341077,0.8780359028511088,0.9039070749736009,0.8247096092925026,0.9926082365364308,0.5162090813093981,0.6564677930306231,9.99044702171187,173,0.0,10.066329793678205,0,105,0,68,advance,OC[C@@H](Nc1ncnc2[nH]c(-c3ccccc3)cc12)c1ccccc1
COc1cc(-c2cc3c(N[C@H](CO)c4ccccc4)ncnc3[nH]2)ccc1CO,9.13361502022604,0.09268538251395603,0.3861837707859718,390.4430000000001,3.2713000000000014,103.29,4,6,4,7,0.18181818181818182,0,0.0,3.1196200000000007,False,,0,,0,,0,,0.75,0.7182687651331718,1.0,0.23863636363636365,Osimertinib,0.25,0.7613636363636364,0.8435239872967408,0.5424156893168999,1.0,0.9403409090909091,0.5424156893168999,0.8315701464261375,1.0,0.4575843106831001,0.5424156893168999,0.015938454494137888,8.994586946455106,-0.0635774110322101,-0.0,0.5909090909090908,9.521918626331988,0.0,0.0,0.0,0.19698038835387516,0.0,0.19698038835387516,0.0,low,,9.324938237978113,True,pass,False,,0.8933474128827877,0.0839493136219641,0.22650475184794086,0.47729672650475186,0.8780359028511088,0.5475184794086589,0.8247096092925026,0.795142555438226,0.5482312565997888,0.6157602956705386,10.179796134251735,106,0.0,10.06385059278276,0,106,0,0,advance,OCc1ccc(-c2cc3c(N[C@H](CO)c4ccccc4)ncnc3[nH]2)cc1
CCOc1ccccc1-c1cc2c(N[C@H](CO)c3cccc(OC)c3)ncnc2[nH]1,9.204785349476852,0.10511135664598502,0.40805553222987834,404.4700000000001,4.1777000000000015,92.28999999999999,3,6,4,8,0.21739130434782608,0,0.0,3.313133333333334,False,,0,,0,,0,,0.8275862068965517,0.7303149884351219,1.0,0.21428571428571427,Afatinib,0.1724137931034483,0.7857142857142857,0.8526183877170235,0.547002337598228,1.0,0.9464285714285714,0.547002337598228,0.8365123241859558,1.0,0.45299766240177197,0.547002337598228,0.021474751374756962,9.047118314507875,-0.06717533733533913,-0.0,0.5633004926108374,9.543243469783373,0.0,0.0,0.007667034968977519,0.19124707800221497,0.0,0.1989141129711925,0.0,low,,9.344329356812182,True,pass,False,,0.9345300950369588,0.14149947201689547,0.08922914466737064,0.12724392819429778,0.8780359028511088,0.5596620908130939,0.8247096092925026,0.7465681098204857,0.48767159450897574,0.5868004223864836,10.128449383194145,125,0.0,10.048489863675963,0,107,0,18,advance,CCOc1ccccc1-c1cc2c(N[C@H](CO)c3ccccc3)ncnc2[nH]1
CCOc1c(C)cccc1-c1cc2c(N[C@H](CO)c3ccccc3)ncnc2[nH]1,9.161417344248243,0.1430372207501662,0.4348209892776107,388.471,4.477520000000003,83.06,3,5,4,7,0.21739130434782608,0,0.0,3.1064733333333336,False,,0,,0,,0,,0.7627118644067796,0.6840613934782453,0.9710207154149915,0.20481927710843373,Afatinib,0.23728813559322037,0.7951807228915663,0.8152282815369443,0.5696718005129423,1.0,0.9270607172841352,0.5696718005129423,0.8279901998335054,1.0,0.4303281994870577,0.5696718005129423,-0.017015891062081567,8.946861513122993,-0.009410880287606713,-0.0,0.5880890567381669,9.525539689573552,0.0,0.0,0.06455583112524929,0.16291024935882215,0.0,0.22746608048407144,0.0,low,,9.298073609089482,True,pass,False,,0.9102428722280888,0.2296726504751848,0.2587117212249208,0.4123548046462513,0.7074973600844773,0.6552270327349525,0.8247096092925026,0.6029567053854277,0.5768215417106652,0.6235216473072861,10.21772553962635,97,0.0,10.046299585858225,0,108,11,0,advance,CCOc1ccccc1-c1cc2c(N[C@H](CO)c3ccccc3)ncnc2[nH]1
CCOc1ccccc1-c1cc2c(N[C@H](CO)c3cccc(Cl)c3)ncnc2[nH]1,9.115890195094162,0.04621155887741795,0.40794403699732057,408.88900000000007,4.8225000000000025,83.06,3,5,4,7,0.18181818181818182,0,0.0,3.242593333333334,False,,0,,0,,0,,0.8421052631578947,0.7255001155276698,1.0,0.2222222222222222,Osimertinib,0.1578947368421053,0.7777777777777778,0.8716244575593478,0.5496540921433981,1.0,0.9444444444444444,0.5496540921433981,0.8414307485367976,1.0,0.4503459078566019,0.5496540921433981,0.040258278696733596,9.046572856778035,-0.060263144820861314,-0.0,0.5543859649122808,9.540695676869454,0.0,0.0,0.0,0.18793238482075236,0.0,0.18793238482075236,0.0,low,,9.352763292048701,True,pass,False,,0.8817317845828934,0.13199577613516367,0.10718057022175291,0.07602956705385427,0.8780359028511088,0.573389651531151,0.8247096092925026,0.9514255543822597,0.45446145723336856,0.5778247096092924,10.086049425549497,136,0.0,10.046152943579852,0,109,0,27,advance,CCOc1ccccc1-c1cc2c(N[C@H](CO)c3ccccc3)ncnc2[nH]1
CCOc1ccc(N)cc1-c1cc2c(N[C@H](CO)c3ccccc3)ncnc2[nH]1,9.440223395862523,0.13546625958556774,0.35850834186981706,389.45900000000006,3.7513000000000014,109.08000000000001,4,6,4,7,0.18181818181818182,0,0.0,3.1130600000000004,False,,1,aniline,0,,0,,0.8245614035087719,0.7071167851696115,1.0,0.2111111111111111,Osimertinib,0.17543859649122806,0.7888888888888889,0.8902294672557333,0.5274465111053225,0.88,0.9472222222222222,0.5274465111053225,0.8112245501458195,0.9472222222222222,0.4197757111168997,0.5802242888831003,0.10533988947988504,9.237024006484171,-0.09026883994836477,-0.2,0.5656140350877192,9.512369201623526,0.0,0.0,0.0531993893783516,0.14971963889612466,0.0,0.20291902827447628,0.0,low,,9.30945017334905,True,pass,False,,0.9883843717001056,0.030623020063357972,0.24656810982048574,0.13938753959873285,0.8780359028511088,0.7196409714889124,0.8247096092925026,0.6388595564941922,0.5157602956705386,0.6138859556494192,10.131281556428172,124,0.0,10.046113320128354,0,110,0,14,advance,CCOc1ccccc1-c1cc2c(N[C@H](CO)c3ccccc3)ncnc2[nH]1
C[C@@H](Nc1ncnc2[nH]c(-c3ccc(CO)c(F)c3)cc12)c1ccccc1,8.82197255870812,0.10421790309839543,0.4909886981612095,362.4080000000001,4.429400000000002,73.83,3,4,4,5,0.14285714285714285,0,0.0,2.7327200000000005,False,,0,,0,,0,,0.7894736842105263,0.7185224424698109,1.0,0.24358974358974358,Afatinib,0.21052631578947367,0.7564102564102564,0.7575406075081533,0.6149391686040498,1.0,0.9391025641025641,0.6149391686040498,0.8278955850536918,1.0,0.38506083139595015,0.6149391686040498,-0.09380663672738476,8.665645704060527,0.09536641244692373,-0.0,0.57165991902834,9.33267203553579,0.0,0.0,0.006326854647593139,0.1063260392449377,0.0,0.11265289389253084,0.0,low,,9.22001914164326,True,pass,False,,0.7613516367476241,0.48627243928194297,0.5755015839493136,0.2856388595564942,0.8780359028511088,0.883843717001056,0.8247096092925026,0.7518479408658922,0.5833157338965154,0.6837117212249207,10.032650916211608,158,0.0,10.040473207113164,0,111,0,47,advance,C[C@@H](Nc1ncnc2[nH]c(-c3ccc(CO)cc3)cc12)c1ccccc1
COc1cc(-c2cc3c(N[C@H](C)c4ccccc4)ncnc3[nH]2)c(OC)cc1C(N)=O,9.1213013852241,0.06344128691615929,0.41985913312563966,417.4690000000002,3.9141000000000012,115.15,3,6,4,7,0.17391304347826086,0,0.0,3.299793333333335,False,,0,,0,,0,,0.8,0.6797240560789259,0.9631346474162289,0.25287356321839083,Osimertinib,0.19999999999999996,0.7471264367816092,0.8609164454647136,0.5540073950139737,1.0,0.909132594757574,0.5540073950139737,0.8310141088090653,1.0,0.44599260498602633,0.5540073950139737,0.03986978220753101,9.026139454849861,-0.05771856252653447,-0.0,0.5549215928885399,9.523342485211867,0.0,0.0,0.0,0.1824907562325329,0.0,0.1824907562325329,0.0,low,,9.340851728979334,True,pass,False,,0.8870116156282999,0.17898627243928195,0.09714889123548047,0.2365364308342133,0.6842661034846885,0.6019007391763463,0.8247096092925026,0.8986272439281943,0.4968321013727561,0.5823389651531151,10.119541006859174,129,0.0,10.039658487163072,0,112,0,17,advance,COc1cc(C(N)=O)ccc1-c1cc2c(N[C@H](C)c3ccccc3)ncnc2[nH]1
COc1c(F)cc(F)cc1Nc1c(-c2ccncc2OCCF)[nH]c2c1C(=O)NCC2,9.380503287352072,0.16327332006769163,0.529495724013439,432.40200000000027,3.7413000000000016,88.27,3,5,4,7,0.23809523809523808,0,0.0,3.0493466666666684,False,,0,,0,,0,,0.8970588235294118,0.7653211809714631,1.0,0.20588235294117646,Gefitinib,0.1029411764705882,0.7941176470588236,0.8558344977906338,0.6239400841048273,1.0,0.9485294117647058,0.6239400841048273,0.8570759984150418,1.0,0.37605991589517274,0.6239400841048273,-0.0016553341658771537,9.135593307250534,0.09590324782296258,-0.0,0.5345588235294118,9.766055378602909,0.0,0.0,0.09490998010153744,0.09507489486896593,0.0,0.30248487497050336,0.15,low,uncertain_prediction,9.463570503632406,True,pass,False,,0.9820485744456178,0.5807814149947201,0.30095036958817317,0.009503695881731784,0.8780359028511088,0.8965153115100317,0.5047518479408659,0.5311510031678986,0.6051214361140443,0.6672650475184795,10.492201101939761,18,0.0,10.039288560654581,0,113,95,0,advance,COc1c(F)cc(F)cc1Nc1c(-c2ccncc2OCC(C)(C)OC)[nH]c2c1C(=O)NCC2
COc1cncc(F)c1-c1cc2c(N[C@H](CO)c3ccccc3)ncnc2[nH]1,8.95535111879056,0.11905734641485191,0.4756596282649301,379.39500000000004,3.3130999999999995,95.94999999999999,3,6,4,6,0.15,0,0.0,2.945966666666667,False,,0,,0,,0,,0.7301587301587301,0.6606753899820823,0.9285007090583314,0.27586206896551724,Osimertinib,0.2698412698412699,0.7241379310344828,0.7804976372072436,0.5983063852893014,1.0,0.8774100145523692,0.5983063852893014,0.8140535092622285,1.0,0.40169361471069864,0.5983063852893014,-0.04474116273997997,8.776765099168282,0.04876462826493004,-0.0,0.5707951280034991,9.396324855436712,0.0,0.0,0.02858601962227786,0.1271170183883733,0.0,0.15570303801065116,0.0,low,,9.24062181742606,True,pass,False,,0.808870116156283,0.4208025343189018,0.4118268215417107,0.5860612460401268,0.5892291446673706,0.8115100316789863,0.8247096092925026,0.6979936642027456,0.6271383315733896,0.6630147835269272,10.14889085332478,117,0.0,10.036239557658373,0,114,0,3,advance,COc1cnccc1-c1cc2c(N[C@H](CO)c3ccccc3)ncnc2[nH]1
COc1ccccc1-c1cc2c(N[C@H](CO)c3cccc(F)c3)ncnc2[nH]1,9.036788011466273,0.13745571588684158,0.47369454718191295,378.40700000000004,3.9181000000000017,83.06,3,5,4,6,0.14285714285714285,0,0.0,2.9393800000000003,False,,0,,0,,0,,0.8245614035087719,0.724047557112282,1.0,0.25,Osimertinib,0.17543859649122806,0.75,0.7879780017457791,0.5974789240269752,1.0,0.9375,0.5974789240269752,0.8307392314431886,1.0,0.4025210759730248,0.5974789240269752,-0.057014972929879226,8.83060443763601,0.047073261467627185,-0.0,0.5539473684210526,9.43162506752469,0.0,0.0,0.05618357383026236,0.128151344966281,0.0,0.18433491879654335,0.0,low,,9.247290148728148,True,pass,False,,0.8542766631467793,0.40971488912354803,0.43400211193241817,0.13938753959873285,0.8780359028511088,0.8046462513199577,0.8247096092925026,0.6304118268215417,0.5593453009503696,0.6573389651531151,10.102839428665133,133,0.0,10.036096906911885,0,115,0,18,advance,COc1ccccc1-c1cc2c(N[C@H](CO)c3ccccc3)ncnc2[nH]1
OCc1ccc(-c2cc3c(N[C@H](CO)c4cccc(F)c4)ncnc3[nH]2)cc1,9.016283710431132,0.06751587214870726,0.4125713732623113,378.40700000000004,3.4018000000000006,94.06,4,5,4,6,0.14285714285714285,0,0.0,2.9393800000000003,False,,0,,0,,0,,0.7962962962962963,0.6827980721748703,0.9687237675906731,0.19753086419753085,Afatinib,0.20370370370370372,0.8024691358024691,0.831809817103688,0.5638611783711943,1.0,0.9271601096436222,0.5638611783711943,0.830707776279626,1.0,0.4361388216288057,0.5638611783711943,0.0014693877654158305,8.915009902208071,-0.01404991245197446,-0.0,0.5745883493050756,9.475548339061172,0.0,0.0,0.0,0.17017352703600713,0.0,0.17017352703600713,0.0,low,,9.305374812025164,True,pass,False,,0.8437170010559663,0.15786694825765576,0.43400211193241817,0.26029567053854274,0.7032734952481521,0.6261879619852164,0.8247096092925026,0.8859556494192186,0.5284054910242872,0.6059398099260824,10.109634928290317,131,0.0,10.032502583936463,0,116,0,15,advance,OCc1ccc(-c2cc3c(N[C@H](CO)c4ccccc4)ncnc3[nH]2)cc1
C/C=C/C(=O)Cc1cc2c(Nc3cccc(Br)c3)ncnc2cc1N,8.879410259363986,0.12575203022649206,0.4926227266436487,397.27600000000007,4.405800000000003,80.9,2,5,3,5,0.10526315789473684,0,0.0,2.4151733333333336,False,,1,aniline,0,,0,,0.7166666666666667,0.6547474747474747,0.9177226813590449,0.3170731707317073,Osimertinib,0.2833333333333333,0.6829268292682926,0.7568261436824522,0.6280512176027248,0.88,0.8590237183363567,0.6280512176027248,0.7809752699053834,0.88,0.25194878239727525,0.7480512176027247,-0.032198834963908296,8.690782214024248,0.14087304243312235,-0.2,0.561808719120249,9.19346397557762,0.0,0.0,0.038628045339738085,0.0,0.0,0.038628045339738085,0.0,low,,9.154835930237882,True,pass,False,,0.781414994720169,0.4931362196409715,0.8389651531151003,0.6631467793030623,0.5564941921858501,0.9883843717001056,0.8247096092925026,0.6715945089757128,0.7087381203801479,0.7291446673706442,10.043949720033797,152,0.0,10.029809531082655,0,117,0,35,advance,C/C=C/C(=O)Cc1ccc2ncnc(Nc3cccc(Br)c3)c2c1
COc1cccc([C@@H](CO)Nc2ncnc3[nH]c(-c4ccccc4)cc23)c1,8.905233225191413,0.12964291039166467,0.48735811692842296,360.4170000000001,3.7790000000000017,83.06,3,5,4,6,0.14285714285714285,0,0.0,2.8194466666666673,False,,0,,0,,0,,0.7843137254901961,0.700787174816403,1.0,0.23076923076923078,Afatinib,0.21568627450980393,0.7692307692307692,0.760558269023688,0.6096067079003762,1.0,0.9423076923076923,0.6096067079003762,0.8281181673079392,1.0,0.3903932920996238,0.6096067079003762,-0.0900798643790015,8.710768859603917,0.07872683121413715,-0.0,0.5778280542986425,9.367323745116696,0.0,0.0,0.044464365587497,0.11299161512452978,0.0,0.15745598071202677,0.0,low,,9.20986776440467,True,pass,False,,0.7909186906019008,0.455649419218585,0.5300950369588173,0.31784582893347413,0.8780359028511088,0.8542766631467793,0.8247096092925026,0.6578669482576558,0.5901267159450898,0.6790126715945088,10.075475804250804,143,0.0,10.02468297031808,0,118,0,25,advance,OC[C@@H](Nc1ncnc2[nH]c(-c3ccccc3)cc12)c1ccccc1
[2H]C([2H])([2H])Oc1c(N)cccc1-c1cc2c(N[C@H](CO)c3ccccc3)ncnc2[nH]1,9.244267423279288,0.12138715689179862,0.3831487512444499,378.450305334,3.3612,109.08000000000001,4,6,4,6,0.14285714285714285,0,0.0,2.9396687022266668,False,,1,aniline,0,,0,,0.7966101694915254,0.686335429875302,0.9751553270460036,0.20238095238095238,Afatinib,0.2033898305084746,0.7976190476190477,0.851095845995563,0.5476676323295757,0.88,0.9307712571892646,0.5476676323295757,0.8023836838786008,0.9307712571892646,0.38310362485968885,0.6168963751403111,0.06494954948928289,9.06218668794159,-0.04351583980383578,-0.2,0.5745999697760288,9.393270817913784,0.0,0.0,0.03208073533769792,0.10387953107461108,0.0,0.135960266412309,0.0,low,,9.257310551501474,True,pass,False,,0.9429778247096093,0.06335797254487856,0.4244984160506864,0.2550158394931362,0.7180570221752904,0.8880675818373812,0.8247096092925026,0.6874340021119324,0.5516895459345301,0.6378035902851108,10.05529827303522,149,0.0,10.022674859843606,0,119,0,30,advance,[2H]C([2H])([2H])Oc1ccccc1-c1cc2c(N[C@H](CO)c3ccccc3)ncnc2[nH]1
[2H]C([2H])([2H])Oc1ccccc1-c1cc2c(N[C@H](CO)c3cccc(OC)c3)ncnc2[nH]1,9.024906509585263,0.07297174649242064,0.44244447474168586,393.4613053340001,3.787600000000002,92.28999999999999,3,6,4,7,0.18181818181818182,0,0.0,3.1397420355600008,False,,0,,0,,0,,0.8448275862068966,0.7200668963974005,1.0,0.21428571428571427,Afatinib,0.15517241379310343,0.7857142857142857,0.8301464048516212,0.5725851520479273,1.0,0.9464285714285714,0.5725851520479273,0.83729003208203,1.0,0.42741484795207274,0.5725851520479273,-0.009524836307211682,8.915448889846632,-0.010335012410496062,-0.0,0.5555418719211822,9.460655749357318,0.0,0.0,0.0,0.15926855994009093,0.0,0.15926855994009093,0.0,low,,9.301387189417227,True,pass,False,,0.8500527983104541,0.25237592397043296,0.18743400211193242,0.06546990496304118,0.8780359028511088,0.6694825765575502,0.8247096092925026,0.8680042238648363,0.474208025343189,0.5987856388595565,10.029705379769146,160,0.0,10.019929956048694,0,120,0,40,advance,[2H]C([2H])([2H])Oc1ccccc1-c1cc2c(N[C@H](CO)c3ccccc3)ncnc2[nH]1
Nc1cccc(-c2cc3c(N[C@H](CO)c4ccccc4)ncnc3[nH]2)c1,8.991396378255395,0.04639811267318279,0.41570695632838517,345.40600000000006,3.3526000000000007,99.85,4,5,4,5,0.1,0,0.0,2.65,False,,1,aniline,0,,0,,0.8333333333333334,0.7485630540933078,1.0,0.19230769230769232,Afatinib,0.16666666666666663,0.8076923076923077,0.8403704156926208,0.576715749057535,0.88,0.9519230769230769,0.576715749057535,0.8122523104183081,0.9519230769230769,0.3752073278655419,0.6247926721344581,0.03749080703241692,8.92179920924562,0.028206956328385206,-0.2,0.5673076923076923,9.317313857881697,0.0,0.0,0.0,0.09400915983192738,0.0,0.09400915983192738,0.0,low,,9.22330469804977,True,pass,False,,0.8342133051742344,0.17159450897571277,0.6325237592397043,0.10190073917634636,0.8780359028511088,0.9002111932418163,0.8247096092925026,0.9503695881731784,0.5249736008447731,0.6572597676874341,9.947282178895424,187,0.0,10.01201641927469,0,121,0,66,advance,OC[C@@H](Nc1ncnc2[nH]c(-c3ccccc3)cc12)c1ccccc1
COc1cnc(Cl)cc1-c1cc2c(N[C@H](CO)c3ccccc3)ncnc2[nH]1,9.013484681908762,0.09513464828415154,0.4292915685602143,395.8500000000001,3.8274000000000017,95.94999999999999,3,6,4,6,0.15,0,0.0,3.055666666666667,False,,0,,0,,0,,0.7758620689655172,0.723922542564385,1.0,0.26744186046511625,Osimertinib,0.22413793103448276,0.7325581395348837,0.8117769166782846,0.5685847216824769,1.0,0.9331395348837209,0.5685847216824769,0.8283752933111206,1.0,0.43141527831752313,0.5685847216824769,-0.022131168843781412,8.870782709482535,-0.01405843143978576,-0.0,0.5706295108259823,9.427353788868732,0.0,0.0,0.0,0.16426909789690392,0.0,0.16426909789690392,0.0,low,,9.263084690971828,True,pass,False,,0.8416050686378036,0.2016895459345301,0.2967265047518479,0.3558606124604013,0.8780359028511088,0.6372756071805702,0.8247096092925026,0.7866948257655755,0.5347412882787751,0.6213305174234425,10.069043334803263,145,0.0,10.00868131187996,0,122,0,23,advance,COc1cnccc1-c1cc2c(N[C@H](CO)c3ccccc3)ncnc2[nH]1
COc1cccc(Cl)c1-c1cc2c(N[C@H](CO)c3ccccc3)ncnc2[nH]1,8.987509911057787,0.10934994961210066,0.45022819028764105,394.862,4.432400000000004,83.06,3,5,4,6,0.14285714285714285,0,0.0,3.0490800000000005,False,,0,,0,,0,,0.7457627118644068,0.6793272981726372,0.9624132694047947,0.2823529411764706,Osimertinib,0.2542372881355932,0.7176470588235294,0.7953325130359762,0.5803531969658948,1.0,0.9012217167594784,0.5803531969658948,0.8192268566903373,1.0,0.4196468030341052,0.5803531969658948,-0.03185912487248155,8.823484986639636,0.007151904573355289,-0.0,0.5703042146592745,9.400941105872267,0.0,0.0,0.014024924418150987,0.14955850379263147,0.0,0.16358342821078245,0.0,low,,9.237357677661484,True,pass,False,,0.8299894403379092,0.32101372756071805,0.3146779303062302,0.503167898627244,0.6826821541710665,0.7228088701161562,0.8247096092925026,0.7286166842661035,0.585533262935586,0.6383843717001055,10.10358102139497,132,0.0,10.00341892370161,0,123,0,9,advance,COc1ccccc1-c1cc2c(N[C@H](CO)c3ccccc3)ncnc2[nH]1
COc1c(N)cccc1-c1cc2c(N[C@H](CO)c3ccccc3)ncnc2[nH]1,9.246867952314775,0.14223777530813525,0.38485350596732953,375.432,3.361200000000001,109.08000000000001,4,6,4,6,0.14285714285714285,0,0.0,2.9195466666666667,False,,1,aniline,0,,0,,0.7719298245614035,0.7129369121729054,1.0,0.2159090909090909,Osimertinib,0.22807017543859653,0.7840909090909091,0.8371505453629989,0.5493791718717749,0.88,0.9460227272727273,0.5493791718717749,0.8031381111268752,0.9460227272727273,0.3966435554009524,0.6033564445990476,0.04534991231483154,9.033511289352571,-0.03879277974695617,-0.2,0.5878588516746411,9.382577361280257,0.0,0.0,0.06335666296220287,0.12080444425119054,0.0,0.1841611072133934,0.0,low,,9.198416254066863,True,pass,False,,0.9440337909186906,0.07391763463569166,0.48521647307286164,0.3790918690601901,0.8780359028511088,0.8352692713833157,0.8247096092925026,0.6092925026399155,0.5881995776135164,0.6649947201689546,10.088416854416476,135,0.0,9.99640991826961,0,124,0,11,advance,COc1ccccc1-c1cc2c(N[C@H](CO)c3ccccc3)ncnc2[nH]1
COc1cnc(N)cc1-c1cc2c(N[C@H](CO)c3ccccc3)ncnc2[nH]1,9.204399813237993,0.14117885583035386,0.40802285415182615,376.42,2.7562000000000006,121.97,4,7,4,6,0.15,0,0.0,2.9261333333333335,False,,1,aniline,0,,0,,0.7894736842105263,0.7358345055169349,1.0,0.2413793103448276,Osimertinib,0.21052631578947367,0.7586206896551724,0.8272747542282506,0.5618689800399146,0.88,0.9396551724137931,0.5618689800399146,0.8021997266704896,0.9396551724137931,0.37778619237387856,0.6222138076261214,0.033433370077014746,8.992631529492462,-0.01589714584817388,-0.2,0.5723230490018149,9.349057432646104,0.0,0.0,0.06176828374553078,0.09723274046734821,0.0,0.15900102421287898,0.0,low,,9.190056408433225,True,pass,False,,0.9334741288278775,0.13674762407602956,0.46092925026399156,0.2856388595564942,0.8780359028511088,0.8933474128827877,0.8247096092925026,0.6124604012671595,0.5736800422386483,0.6654435058078141,10.037473483332482,156,0.0,9.988588615402602,0,125,0,31,advance,COc1cnccc1-c1cc2c(N[C@H](CO)c3ccccc3)ncnc2[nH]1
[2H]C([2H])([2H])Oc1cccc(Cl)c1-c1cc2c(N[C@H](CO)c3ccccc3)ncnc2[nH]1,8.987438117826704,0.1021444963807822,0.44791007508758707,397.88030533400007,4.432400000000003,83.06,3,5,4,6,0.14285714285714285,0,0.0,3.069202035560001,False,,0,,0,,0,,0.7540983606557377,0.654228420245778,0.9167789459014144,0.24719101123595505,Osimertinib,0.24590163934426235,0.752808988764045,0.8003583819901284,0.5783043091612499,1.0,0.8757864566170721,0.5783043091612499,0.8136122869421125,1.0,0.42169569083875014,0.5783043091612499,-0.01767187326931219,8.83422137325553,0.0018154840393012576,-0.0,0.5656931708094852,9.401730028104318,0.0,0.0,0.0032167445711732898,0.15211961354843767,0.0,0.15533635811961097,0.0,low,,9.246393669984707,True,pass,False,,0.8289334741288279,0.29039070749736007,0.2866948257655755,0.46462513199577615,0.5522703273495249,0.7106652587117213,0.8247096092925026,0.7602956705385427,0.567027455121436,0.6141499472016896,10.082162974250041,138,0.0,9.983373606626735,0,126,0,12,advance,[2H]C([2H])([2H])Oc1ccccc1-c1cc2c(N[C@H](CO)c3ccccc3)ncnc2[nH]1
COc1cc(C)ccc1-c1cc2c(N[C@H](CO)c3ccccc3)ncnc2[nH]1,9.341320456566587,0.151931494589942,0.4734806263536626,374.444,4.087420000000002,83.06,3,5,4,6,0.18181818181818182,0,0.0,2.91296,False,,0,,0,,0,,0.8214285714285714,0.7851696217032467,1.0,0.2413793103448276,Osimertinib,0.1785714285714286,0.7586206896551724,0.8539780679286872,0.5983774214175914,1.0,0.9396551724137931,0.5983774214175914,0.848002665440018,1.0,0.4016225785824086,0.5983774214175914,0.007967203318225757,9.113423214681674,0.054718444535480804,-0.0,0.5579433497536945,9.72608500897085,0.0,0.0,0.07789724188491301,0.12702822322801072,0.0,0.3174254651129237,0.15,low,uncertain_prediction,9.408659543857926,True,pass,False,,0.9693769799366421,0.3954593453009504,0.5121436114044351,0.15575501583949314,0.8780359028511088,0.8173178458289335,0.5047518479408659,0.5744456177402323,0.623284054910243,0.6656546990496304,10.474025874863141,23,0.0,9.982445182717482,0,127,104,0,advance,COc1ccccc1-c1cc2c(N[C@H](CO)c3ccccc3)ncnc2[nH]1
COCCOc1cnccc1-c1[nH]c2c(c1Nc1ccc(F)c(F)c1C)C(=O)NCC2,8.963757616245703,0.14263705110582808,0.49948989342909916,428.4390000000002,3.718020000000002,88.27000000000001,3,5,4,7,0.2727272727272727,0,0.0,3.0229266666666685,False,,0,,0,,0,,0.8507462686567164,0.7831272043538178,1.0,0.19,Gefitinib,0.14925373134328357,0.81,0.766093468287346,0.6084530311295943,1.0,0.9525,0.6084530311295943,0.8317616248542351,1.0,0.39154696887040574,0.6084530311295943,-0.08755754208918543,8.74980203958696,0.07332362070182617,-0.0,0.5601641791044776,9.383289839393264,0.0,0.0,0.06395557665874212,0.11443371108800719,0.0,0.1783892877467493,0.0,low,,9.204900551646514,True,pass,False,,0.8152059134107709,0.5126715945089757,0.3468848996832101,0.051214361140443504,0.8780359028511088,0.8474128827877508,0.8247096092925026,0.6061246040126715,0.5316525871172123,0.6465945089757128,10.02127294393392,163,0.0,9.980813962417368,0,128,0,35,advance,COCCOc1cnccc1-c1[nH]c2c(c1Nc1cccc(F)c1C)C(=O)NCC2
CCOc1cccc(N)c1-c1cc2c(N[C@H](CO)c3ccccc3)ncnc2[nH]1,9.181358896171835,0.09238120264751437,0.35850834186981706,389.45900000000006,3.7513000000000005,109.08000000000001,4,6,4,7,0.18181818181818182,0,0.0,3.1130600000000004,False,,1,aniline,0,,0,,0.7627118644067796,0.6717616442940366,0.9486575350800664,0.20481927710843373,Afatinib,0.23728813559322037,0.7951807228915663,0.8556728821896986,0.5274465111053225,0.88,0.9102883320329415,0.5274465111053225,0.7933519313319907,0.9102883320329415,0.382841820927619,0.617158179072381,0.08309460114361067,9.042787092200562,-0.09026883994836477,-0.2,0.5824982616544356,9.335016513906634,0.0,0.0,0.0,0.10355227615952374,0.0,0.10355227615952374,0.0,low,,9.23146423774711,True,pass,False,,0.9239704329461457,0.030623020063357972,0.24656810982048574,0.4123548046462513,0.6451953537486801,0.8901795142555439,0.8247096092925026,0.7961985216473073,0.5413674762407603,0.6234952481520591,9.984657485395546,175,0.0,9.97965853552958,0,129,0,46,advance,CCOc1ccccc1-c1cc2c(N[C@H](CO)c3ccccc3)ncnc2[nH]1
OCc1ccc(-c2cc3c(N[C@H](CO)c4ccccc4)ncnc3[nH]2)cc1F,9.183203210197847,0.03746258750367263,0.4125713732623113,378.40700000000004,3.4018000000000006,94.06,4,5,4,6,0.14285714285714285,0,0.0,2.9393800000000003,False,,0,,0,,0,,1.0,0.8153647645157079,1.0,0.22784810126582278,Afatinib,0.0,0.7721518987341772,0.894576991296891,0.5638611783711943,1.0,0.9430379746835443,0.5638611783711943,0.8503690360879075,1.0,0.4361388216288057,0.5638611783711943,0.0589439402786448,9.12700932894234,-0.01404991245197446,-0.0,0.28164556962025317,9.394604986110616,0.0,0.0,0.0,0.17017352703600713,0.0,0.17017352703600713,0.0,low,,9.224431459074609,True,pass,False,,0.925026399155227,0.15786694825765576,0.43400211193241817,0.004751847940865892,0.8780359028511088,0.6261879619852164,0.8247096092925026,0.9725448785638859,0.5138859556494193,0.626583949313622,10.011268132889919,167,0.0,9.976332198250955,0,130,0,37,advance,OCc1ccc(-c2cc3c(N[C@H](CO)c4ccccc4)ncnc3[nH]2)cc1
COc1cncc(Cl)c1-c1cc2c(N[C@H](CO)c3ccccc3)ncnc2[nH]1,8.915675076096823,0.09873614576984859,0.4589094169713879,395.85,3.8274000000000017,95.94999999999999,3,6,4,6,0.15,0,0.0,3.055666666666667,False,,0,,0,,0,,0.7301587301587301,0.6612857186205799,0.9296103974919634,0.27586206896551724,Osimertinib,0.2698412698412699,0.7241379310344828,0.7848034669853118,0.5848745383086222,1.0,0.8782422808775933,0.5848745383086222,0.8119800715428819,1.0,0.41512546169137776,0.5848745383086222,-0.036235472743426755,8.76757085744205,0.015559416971387838,-0.0,0.5710725501119072,9.354202824525347,0.0,0.0,0.0,0.1439068271142222,0.0,0.1439068271142222,0.0,low,,9.210295997411125,True,pass,False,,0.795142555438226,0.34635691657866946,0.2967265047518479,0.5860612460401268,0.5934530095036958,0.747624076029567,0.8247096092925026,0.7771911298838438,0.5888067581837382,0.6342133051742344,10.060770934345832,148,0.0,9.971351963620206,0,131,0,17,advance,COc1cnccc1-c1cc2c(N[C@H](CO)c3ccccc3)ncnc2[nH]1
COc1ccccc1-c1cc2c(N[C@H](CO)c3cccc(C)c3)ncnc2[nH]1,8.97862619607451,0.1398207396810321,0.4734806263536626,374.4440000000001,4.087420000000002,83.06,3,5,4,6,0.18181818181818182,0,0.0,2.9129600000000004,False,,0,,0,,0,,0.8392857142857143,0.7360232890970596,1.0,0.2247191011235955,Osimertinib,0.1607142857142857,0.7752808988764045,0.771782031241905,0.5983774214175914,1.0,0.9438202247191011,0.5983774214175914,0.8284949193446495,1.0,0.4016225785824086,0.5983774214175914,-0.07561718413699248,8.768895086552961,0.05471844453548075,-0.0,0.5549056982343499,9.378519229322793,0.0,0.0,0.05973110952154813,0.12702822322801072,0.0,0.18675933274955886,0.0,low,,9.191759896573235,True,pass,False,,0.8247096092925026,0.3954593453009504,0.5047518479408659,0.0839493136219641,0.8780359028511088,0.8173178458289335,0.8247096092925026,0.6209081309398099,0.542713833157339,0.6486536430834213,10.0297758291116,159,0.0,9.97014426827334,0,132,0,27,advance,COc1ccccc1-c1cc2c(N[C@H](CO)c3ccccc3)ncnc2[nH]1
CCOc1c(F)cccc1-c1cc2c(N[C@H](CO)c3ccccc3)ncnc2[nH]1,9.10936793372935,0.13894288447133352,0.43657653119890333,392.434,4.308200000000003,83.06,3,5,4,7,0.18181818181818182,0,0.0,3.132893333333334,False,,0,,0,,0,,0.75,0.6713883690120704,0.9479788527492189,0.2625,Afatinib,0.25,0.7375,0.8050819643024042,0.5696211947234995,1.0,0.8953591395619143,0.5696211947234995,0.8175155746469545,1.0,0.4303788052765005,0.5696211947234995,-0.01657814712606709,8.90095360702235,-0.015175650619278561,-0.0,0.5707447131873047,9.456522669590376,0.0,0.0,0.058414326707000266,0.16297350659562565,0.0,0.2213878333026259,0.0,low,,9.23513483628775,True,pass,False,,0.880675818373812,0.2402323125659979,0.19640971488912354,0.47729672650475186,0.643611404435058,0.6494192185850053,0.8247096092925026,0.6240760295670539,0.5692713833157339,0.6105860612460401,10.139648329569257,121,0.0,9.967838109783,0,133,12,0,advance,CCOc1ccccc1-c1cc2c(N[C@H](CO)c3ccccc3)ncnc2[nH]1
CCOc1ccccc1-c1cc2c(N[C@H](CO)c3cccc(N)c3)ncnc2[nH]1,9.279443689438345,0.10490307657426877,0.35850834186981706,389.45900000000006,3.7513000000000005,109.07999999999998,4,6,4,7,0.18181818181818182,0,0.0,3.1130600000000004,False,,1,aniline,0,,0,,0.8421052631578947,0.7255001155276698,1.0,0.20238095238095238,Afatinib,0.1578947368421053,0.7976190476190477,0.8714287687575981,0.5274465111053225,0.88,0.9494047619047619,0.5274465111053225,0.8070700104419206,0.9494047619047619,0.4219582507994394,0.5780417492005606,0.08581167775423659,9.122089074576943,-0.09026883994836477,-0.2,0.5603383458646617,9.39215858049324,0.0,0.0,0.007354614861403146,0.15244781349929926,0.0,0.1598024283607024,0.0,low,,9.232356152132537,True,pass,False,,0.9535374868004224,0.030623020063357972,0.24656810982048574,0.07602956705385427,0.8780359028511088,0.706441393875396,0.8247096092925026,0.7486800422386484,0.48740760295670543,0.6012671594508976,9.977047704041286,179,0.0,9.953876743473614,0,134,0,45,advance,CCOc1ccccc1-c1cc2c(N[C@H](CO)c3ccccc3)ncnc2[nH]1
[2H]C([2H])([2H])Oc1ccccc1-c1cc2c(N[C@H](CO)c3cccc(Cl)c3)ncnc2[nH]1,8.903491134834375,0.05339202648287639,0.4479100750875871,397.88030533400007,4.432400000000002,83.06,3,5,4,6,0.14285714285714285,0,0.0,3.069202035560001,False,,0,,0,,0,,0.8448275862068966,0.70437599984238,1.0,0.23333333333333334,Osimertinib,0.15517241379310343,0.7666666666666666,0.8134983651705804,0.5783043091612499,1.0,0.9416666666666667,0.5783043091612499,0.8333673352496243,1.0,0.42169569083875014,0.5783043091612499,-0.026491960105391787,8.823403095110061,0.001815484039301313,-0.0,0.5498275862068965,9.37504616535626,0.0,0.0,0.0,0.15211961354843767,0.0,0.15211961354843767,0.0,low,,9.222926551807822,True,pass,False,,0.7877507919746568,0.2946145723336853,0.2866948257655755,0.06546990496304118,0.8780359028511088,0.7106652587117213,0.8247096092925026,0.928194297782471,0.4695089757127772,0.6034846884899684,9.938456936211592,190,0.0,9.947108177995784,0,135,0,55,advance,[2H]C([2H])([2H])Oc1ccccc1-c1cc2c(N[C@H](CO)c3ccccc3)ncnc2[nH]1
COc1cccc([C@@H](CO)Nc2ncnc3[nH]c(-c4ccccc4OC)cc23)c1,8.9902932042669,0.100238257992403,0.44466944173762335,390.44300000000015,3.787600000000002,92.29,3,6,4,7,0.18181818181818182,0,0.0,3.1196200000000016,False,,0,,0,,0,,0.8545454545454545,0.7484028206772876,1.0,0.22727272727272727,Osimertinib,0.1454545454545455,0.7727272727272727,0.8024065204720429,0.5745828083403082,1.0,0.9431818181818181,0.5745828083403082,0.8300427867485423,1.0,0.42541719165969183,0.5745828083403082,-0.03684835503533257,8.839935817278295,-0.005091740080558686,-0.0,0.5472727272727274,9.382116804470463,0.0,0.0,0.0003573869886044981,0.1567714895746148,0.0,0.15712887656321928,0.0,low,,9.224987927907245,True,pass,False,,0.8321013727560718,0.2697993664202746,0.21805702217529038,0.04065469904963041,0.8780359028511088,0.6821541710665259,0.8247096092925026,0.7697993664202746,0.4692449841605069,0.5929514255543822,9.945210785463072,189,0.0,9.936529638572503,0,136,0,53,advance,COc1ccccc1-c1cc2c(N[C@H](CO)c3ccccc3)ncnc2[nH]1
COc1c(F)cc(F)c(C)c1Nc1c(-c2ccncc2OCC(C)(C)OC)[nH]c2c1C(=O)NCC2,9.150286691223311,0.14373389509207754,0.4337192158783446,486.51900000000035,4.505220000000004,97.5,3,6,4,8,0.36,0,0.0,3.510126666666669,False,,0,,0,,0,,0.7972972972972973,0.7548980559506875,1.0,0.16981132075471697,Gefitinib,0.20270270270270274,0.8301886792452831,0.8119579462413735,0.5535406969382177,1.0,0.9575471698113207,0.5535406969382177,0.8307614532477279,1.0,0.4464593030617823,0.5535406969382177,-0.02507134267513933,8.934685848585195,-0.056799784121655685,-0.0,0.5902728199898011,9.46815888445334,0.0,0.0,0.0656008426381163,0.18307412882722784,0.0,0.24867497146534415,0.0,low,,9.219483912987995,True,pass,False,,0.9070749736008448,0.2238648363252376,0.04382259767687434,0.24656810982048574,0.8780359028511088,0.5950369588173179,0.8247096092925026,0.5997888067581837,0.508843717001056,0.5945089757127772,10.078771344854607,140,0.0,9.932894683843328,0,137,0,3,advance,COc1c(F)cc(F)cc1Nc1c(-c2ccncc2OCC(C)(C)OC)[nH]c2c1C(=O)NCC2
COc1ccc(Cl)cc1-c1cc2c(N[C@H](CO)c3ccccc3)ncnc2[nH]1,8.944083935797796,0.11164429505925491,0.450228190287641,394.8620000000001,4.432400000000004,83.06,3,5,4,6,0.14285714285714285,0,0.0,3.049080000000001,False,,0,,0,,0,,0.8070175438596491,0.7309976698694414,1.0,0.2976190476190476,Osimertinib,0.19298245614035092,0.7023809523809523,0.7828699774079705,0.5803531969658948,1.0,0.9255952380952381,0.5803531969658948,0.8222046031172758,1.0,0.4196468030341052,0.5803531969658948,-0.05244616761240717,8.776617493208914,0.007151904573355178,-0.0,0.5475563909774436,9.331325788759713,0.0,0.0,0.017466442588882358,0.14955850379263147,0.0,0.16702494638151383,0.0,low,,9.1643008423782,True,pass,False,,0.8067581837381204,0.3183738120380148,0.30623020063357975,0.21436114044350582,0.8780359028511088,0.7228088701161562,0.8247096092925026,0.7222808870116156,0.5155227032734953,0.6205121436114045,9.949953032687908,185,0.0,9.908915414711885,0,138,0,47,advance,COc1ccccc1-c1cc2c(N[C@H](CO)c3ccccc3)ncnc2[nH]1
COCCOc1cnccc1-c1[nH]c2c(c1Nc1cccc(Br)c1C)C(=O)NCC2,9.00736100197156,0.12182840033259558,0.4498711227318073,471.3550000000002,4.202320000000002,88.27000000000001,3,5,4,7,0.2727272727272727,0,0.0,3.3090333333333346,False,,0,,0,,0,,0.8235294117647058,0.7661297852474324,1.0,0.14893617021276595,Afatinib,0.17647058823529416,0.851063829787234,0.7915603702600731,0.5701586046819811,1.0,0.9627659574468085,0.5701586046819811,0.8311212330972156,1.0,0.4298413953180189,0.5701586046819811,-0.05274781711619014,8.824618401472668,-0.019211149995465592,-0.0,0.5847309136420525,9.390138165119255,0.0,0.0,0.03274260049889336,0.16230174414752363,0.0,0.19504434464641698,0.0,low,,9.195093820472838,True,pass,False,,0.8373812038014784,0.3167898627243928,0.09398099260823653,0.1457233368532207,0.8780359028511088,0.6610348468848997,0.8247096092925026,0.6832101372756072,0.4834213305174235,0.5932418162618797,9.970243761740164,181,0.0,9.906983999987094,0,139,0,42,advance,COCCOc1cnccc1-c1[nH]c2c(c1Nc1cccc(F)c1C)C(=O)NCC2
C=CC(=O)NC1=NC=C2N=CN=C(Nc3ccc(F)c(C)c3)C21,9.0801411279076,0.15923525371265124,0.8209958025565295,311.32000000000005,2.15832,78.21000000000001,2,5,3,2,0.125,0,0.0,2.1500000000000004,False,,0,,0,,1,acrylamide_like,0.7818181818181819,0.6572168782709827,0.9222125059472412,0.35064935064935066,Osimertinib,0.21818181818181814,0.6493506493506493,0.7835706043780443,0.8188553837137835,0.92,0.8539970417980932,0.7835706043780443,0.8441057574724802,0.92,0.13642939562195577,0.8635706043780442,-0.08071353745924792,8.841288247338623,0.5109958025565294,-0.0,0.5235401394738233,9.875824189368975,0.0,0.0,0.08885288056897685,0.0,0.1,0.41385288056897684,0.3,medium,uncertain_prediction;reactive_warhead_could_inflate_proxy_score,9.461971308799999,True,pass,False,,0.8690601900739177,0.9878563885955649,0.9044350580781415,0.32682154171066524,0.5702217529039071,0.996832101372756,0.293558606124604,0.5512143611404435,0.7896779303062302,0.7456441393875396,10.82343770573645,1,0.0,9.906744276065048,0,140,139,0,review,C=CC(=O)NC1=NC=C2N=CN=C(Nc3cccc(C)c3)C21
CCOc1cccc(Cl)c1-c1cc2c(N[C@H](CO)c3ccccc3)ncnc2[nH]1,9.01698643938902,0.0876151097506481,0.40794403699732046,408.889,4.822500000000004,83.06,3,5,4,7,0.18181818181818182,0,0.0,3.2425933333333337,False,,0,,0,,0,,0.75,0.6609670743569048,0.9290310442852814,0.23595505617977527,Osimertinib,0.25,0.7640449438202247,0.8179160330218015,0.5496540921433981,1.0,0.8877845191690172,0.5496540921433981,0.8138386610835542,1.0,0.4503459078566019,0.5496540921433981,0.005436495917663153,8.885563774763048,-0.06026314482086137,-0.0,0.5739712442173878,9.399271874159574,0.0,0.0,0.0,0.18793238482075236,0.0,0.18793238482075236,0.0,low,,9.21133948933882,True,pass,False,,0.8447729672650475,0.12777191129883844,0.11140443505807814,0.47729672650475186,0.5908130939809926,0.573389651531151,0.8247096092925026,0.8109820485744457,0.5178722280887011,0.5709081309398099,10.020718547866014,165,0.0,9.896429246466592,0,141,0,24,advance,CCOc1ccccc1-c1cc2c(N[C@H](CO)c3ccccc3)ncnc2[nH]1
C[C@@H](Nc1ncnc2[nH]c(-c3ccc(CO)c(N)c3)cc12)c1ccccc1,9.029381524203943,0.13870279081090972,0.40537554986873847,359.43300000000005,3.8725000000000014,99.85,4,5,4,5,0.14285714285714285,0,0.0,2.712886666666667,False,,1,aniline,0,,0,,0.7454545454545455,0.6825929243170623,0.9683507714855677,0.2,Afatinib,0.2545454545454545,0.8,0.785253427483349,0.5686147575560113,0.88,0.9262630786141757,0.5686147575560113,0.790032815913384,0.9262630786141757,0.35764832105816435,0.6423516789418356,-0.0063725179067133375,8.82132733798758,0.012728264154452712,-0.2,0.5966331474168465,9.23068874955888,0.0,0.0,0.05805418621636457,0.07206040132270546,0.0,0.13011458753907001,0.0,low,,9.100574162019809,True,pass,False,,0.8511087645195353,0.11826821541710665,0.5945089757127772,0.513727560718057,0.7016895459345301,0.938753959873284,0.8247096092925026,0.6261879619852164,0.5985744456177402,0.6617212249208025,9.948978084300167,186,0.0,9.894639631924772,0,142,0,44,advance,C[C@@H](Nc1ncnc2[nH]c(-c3ccc(CO)cc3)cc12)c1ccccc1
CCOc1ccc(F)cc1-c1cc2c(N[C@H](CO)c3ccccc3)ncnc2[nH]1,9.500323787220104,0.16801216947821163,0.43657653119890333,392.434,4.308200000000003,83.06,3,5,4,7,0.18181818181818182,0,0.0,3.132893333333334,False,,0,,0,,0,,0.8421052631578947,0.7201061440839893,1.0,0.23170731707317074,Afatinib,0.1578947368421053,0.7682926829268293,0.8824724281702779,0.5696211947234995,1.0,0.9420731707317074,0.5696211947234995,0.8485416984063712,1.0,0.4303788052765005,0.5696211947234995,0.04524097301854235,9.248305533002787,-0.015175650619278561,-0.0,0.5515404364569961,9.784670318840504,0.0,0.0,0.10201825421731743,0.16297350659562565,0.0,0.37749176081294306,0.15,low,uncertain_prediction,9.407178558027562,True,pass,False,,0.996832101372756,0.2402323125659979,0.19640971488912354,0.07602956705385427,0.8780359028511088,0.6494192185850053,0.5047518479408659,0.5195353748680043,0.5412882787750792,0.5915258711721225,10.4342162533706,31,0.0,9.89200960343411,0,143,112,0,advance,CCOc1ccccc1-c1cc2c(N[C@H](CO)c3ccccc3)ncnc2[nH]1
COc1c(Nc2c(-c3ccncc3OCC(C)(C)OC)[nH]c3c2C(=O)NCC3)cc(F)c(C)c1F,9.000372853616758,0.08838719516664299,0.43371921587834467,486.51900000000023,4.505220000000002,97.5,3,6,4,8,0.36,0,0.0,3.510126666666668,False,,0,,0,,0,,0.8243243243243243,0.7779262683736368,1.0,0.18095238095238095,Osimertinib,0.17567567567567566,0.819047619047619,0.8132221767875395,0.5535406969382177,1.0,0.9547619047619047,0.5535406969382177,0.8303811946219155,1.0,0.4464593030617823,0.5535406969382177,-0.02287869044583457,8.867792060866794,-0.05679978412165552,-0.0,0.5747683397683397,9.385760616513478,0.0,0.0,0.0,0.18307412882722784,0.0,0.18307412882722784,0.0,low,,9.20268648768625,True,pass,False,,0.8363252375923971,0.22597676874340022,0.04751847940865892,0.14255543822597677,0.8780359028511088,0.5950369588173179,0.8247096092925026,0.8078141499472017,0.4571805702217529,0.5739704329461458,9.934377300779582,192,0.0,9.891451007221626,0,144,0,48,advance,COc1c(F)cc(F)cc1Nc1c(-c2ccncc2OCC(C)(C)OC)[nH]c2c1C(=O)NCC2
CNc1cc2c(Nc3ccc(Cl)c(C(F)(F)F)c3)ncnc2cn1,8.26772535733326,0.1016630738548224,0.7264465867289771,353.735,4.482300000000001,62.730000000000004,2,5,3,3,0.13333333333333333,0,0.0,1.9249000000000003,False,,0,,0,,0,,0.660377358490566,0.6107944955114766,0.83780817365723,0.40298507462686567,Sunvozertinib,0.339622641509434,0.5970149253731343,0.6207671876349394,0.775511007316322,1.0,0.7776098615862062,0.6207671876349394,0.793472014134367,1.0,0.37923281236506057,0.6207671876349394,-0.23027310199923667,8.115230746551028,0.4510449200623104,-0.0,0.5413867097054932,9.107662376318832,0.0,0.0,0.0024946107822335917,0.09904101545632572,0.0,0.10153562623855932,0.0,low,,9.006126750080272,True,pass,False,,0.5501583949313622,0.9324181626187962,0.9503695881731784,0.9181626187961985,0.3368532206969377,0.8912354804646251,0.8247096092925026,0.7634635691657867,0.7602428722280887,0.7352164730728618,10.019953822992537,166,0.0,9.888386517767707,0,145,0,21,advance,CNc1cc2c(Nc3cccc(C(F)(F)F)c3)ncnc2cn1
COc1ccccc1-c1cc2c(N[C@H](CO)c3cccc(Cl)c3)ncnc2[nH]1,8.86262862815822,0.06887161275713516,0.4502281902876411,394.862,4.432400000000002,83.06,3,5,4,6,0.14285714285714285,0,0.0,3.0490800000000005,False,,0,,0,,0,,0.8392857142857143,0.7360232890970596,1.0,0.26744186046511625,Osimertinib,0.1607142857142857,0.7325581395348837,0.7924470281095602,0.5803531969658949,1.0,0.9331395348837209,0.5803531969658949,0.826484939989794,1.0,0.41964680303410506,0.5803531969658949,-0.045383882506978335,8.759321209022517,0.007151904573355345,-0.0,0.5420888704318937,9.308561984027765,0.0,0.0,0.0,0.14955850379263136,0.0,0.14955850379263136,0.0,low,,9.159003480235134,True,pass,False,,0.7729672650475184,0.324181626187962,0.3146779303062302,0.0839493136219641,0.8780359028511088,0.7265047518479408,0.8247096092925026,0.8785638859556494,0.47666314677930305,0.6072333685322071,9.88055776016293,207,0.0,9.887683522473782,0,146,0,61,advance,COc1ccccc1-c1cc2c(N[C@H](CO)c3ccccc3)ncnc2[nH]1
Nc1cccc([C@@H](CO)Nc2ncnc3[nH]c(-c4ccccc4)cc23)c1,8.957065953007776,0.10098424696203472,0.41570695632838517,345.40600000000006,3.3526000000000007,99.85,4,5,4,5,0.1,0,0.0,2.65,False,,1,aniline,0,,0,,0.8333333333333334,0.7371892782270141,1.0,0.19230769230769232,Afatinib,0.16666666666666663,0.8076923076923077,0.7935775153785196,0.576715749057535,0.88,0.9519230769230769,0.576715749057535,0.8005540853397828,0.9519230769230769,0.3752073278655419,0.6247926721344581,-0.009302093281684298,8.805589582564723,0.028206956328385206,-0.2,0.5673076923076923,9.2011042312008,0.0,0.0,0.001476370443052065,0.09400915983192738,0.0,0.09548553027497944,0.0,low,,9.10561870092582,True,pass,False,,0.8109820485744457,0.17159450897571277,0.6325237592397043,0.10190073917634636,0.8780359028511088,0.9002111932418163,0.8247096092925026,0.7655755015839493,0.514519535374868,0.6410506863780361,9.81852767365064,225,0.0,9.874879524579464,0,147,0,78,advance,OC[C@@H](Nc1ncnc2[nH]c(-c3ccccc3)cc12)c1ccccc1
COCCOc1cnccc1-c1[nH]c2c(c1Nc1cc(Cl)cc(F)c1C)C(=O)NCC2,8.943258718072975,0.1460349352514276,0.474443582432354,444.8940000000002,4.232320000000002,88.27000000000001,3,5,4,7,0.2727272727272727,0,0.0,3.132626666666668,False,,0,,0,,0,,0.8,0.7407963664996272,1.0,0.22,Gefitinib,0.19999999999999996,0.78,0.7585902248422446,0.5904583293121537,1.0,0.9450000000000001,0.5904583293121537,0.8235121385385995,1.0,0.4095416706878463,0.5904583293121537,-0.08656255159514004,8.724206315195834,0.03182230970508114,-0.0,0.574,9.330028624900915,0.0,0.0,0.0690524028771414,0.13692708835980788,0.0,0.20597949123694928,0.0,low,,9.124049133663966,True,pass,False,,0.805702217529039,0.4155227032734953,0.20485744456177402,0.2365364308342133,0.8780359028511088,0.7624076029567054,0.8247096092925026,0.5913410770855333,0.5237064413938755,0.6242608236536431,9.958476354573566,183,0.0,9.873162122048338,0,148,0,35,advance,COCCOc1cnccc1-c1[nH]c2c(c1Nc1cccc(F)c1C)C(=O)NCC2
COc1c(-c2cc3c(N[C@H](C)c4ccccc4)ncnc3[nH]2)ccc(C(N)=O)c1N,8.990629302367788,0.06914411232907128,0.36507645702813596,402.4580000000002,3.4876999999999994,131.94,4,6,4,6,0.13636363636363635,0,0.0,3.0997200000000014,False,,1,aniline,0,,0,,0.6923076923076923,0.6112862137862137,0.8387022068840249,0.21978021978021978,Osimertinib,0.3076923076923077,0.7802197802197802,0.8242564469615971,0.5315720513654747,0.88,0.8240816002179636,0.5315720513654747,0.7649775246362589,0.88,0.3484279486345253,0.6515720513654747,0.0790385631004511,8.886913133874181,-0.0862451793355006,-0.2,0.5822030242484788,9.18287097878716,0.0,0.0,0.0,0.06053493579315665,0.0,0.06053493579315665,0.0,low,,9.122336042994002,True,pass,False,,0.8331573389651531,0.03484688489968321,0.264519535374868,0.7903907074973601,0.3384371700105597,0.9503695881731784,0.8247096092925026,0.877507919746568,0.5796462513199578,0.6158922914466738,9.878446480371109,209,0.0,9.86140679273001,0,149,0,60,advance,COc1cc(C(N)=O)ccc1-c1cc2c(N[C@H](C)c3ccccc3)ncnc2[nH]1
COc1cc(C(N)=O)c(F)cc1-c1cc2c(N[C@H](C)c3ccccc3)ncnc2[nH]1,8.949107587108694,0.12012696541330224,0.4488194178263119,405.4330000000001,4.044600000000002,105.91999999999999,3,5,4,6,0.13636363636363635,0,0.0,3.119553333333334,False,,0,,0,,0,,0.734375,0.6353222049689441,0.8824040090344437,0.28735632183908044,Osimertinib,0.265625,0.7126436781609196,0.7781880209878619,0.576867859291651,1.0,0.8399639263160628,0.576867859291651,0.7987549516488939,1.0,0.42313214070834904,0.576867859291651,-0.027422574214709394,8.76891713898874,-0.005477218537324557,-0.0,0.5539253557068868,9.317365276158304,0.0,0.0,0.030190448119953354,0.1539151758854363,0.0,0.18410562400538966,0.0,low,,9.133259652152914,True,pass,False,,0.8078141499472017,0.308870116156283,0.2375923970432946,0.5675818373812038,0.46462513199577615,0.6932418162618796,0.8247096092925026,0.6916578669482577,0.5744456177402324,0.6020327349524816,10.006700017446583,168,0.0,9.85569893409589,0,150,0,18,advance,COc1cc(C(N)=O)ccc1-c1cc2c(N[C@H](C)c3ccccc3)ncnc2[nH]1
C[C@@H](Nc1ncnc2[nH]c(-c3ccc(CO)cc3)cc12)c1cccc(F)c1,8.643106398464305,0.09708824555620815,0.4909886981612095,362.4080000000001,4.429400000000003,73.83,3,4,4,5,0.14285714285714285,0,0.0,2.7327200000000005,False,,0,,0,,0,,0.8,0.7146961952046698,1.0,0.2125,Afatinib,0.19999999999999996,0.7875,0.7178148277267304,0.6149391686040498,1.0,0.946875,0.6149391686040498,0.8199072490826951,1.0,0.38506083139595015,0.6149391686040498,-0.13612322847461955,8.497474030129993,0.09536641244692373,-0.0,0.5762499999999999,9.169090442576916,0.0,0.0,0.0,0.1063260392449377,0.0,0.1063260392449377,0.0,low,,9.062764403331979,True,pass,False,,0.6916578669482577,0.48627243928194297,0.5755015839493136,0.2365364308342133,0.8780359028511088,0.883843717001056,0.8247096092925026,0.7824709609292503,0.5421330517423443,0.6594244984160508,9.81965010466773,224,0.0,9.85407380143124,0,151,0,73,advance,C[C@@H](Nc1ncnc2[nH]c(-c3ccc(CO)cc3)cc12)c1ccccc1
Cc1cc(CO)ccc1-c1cc2c(N[C@H](CO)c3ccccc3)ncnc2[nH]1,9.492251772628316,0.2075391042715212,0.41391200859578575,374.444,3.5711200000000005,94.06,4,5,4,6,0.18181818181818182,0,0.0,2.91296,False,,0,,0,,0,,0.7796610169491526,0.7046145626971898,1.0,0.19753086419753085,Afatinib,0.22033898305084743,0.8024691358024691,0.8527855701670143,0.565614681650759,1.0,0.9506172839506173,0.565614681650759,0.8422543839420977,1.0,0.434385318349241,0.565614681650759,0.014041581633222222,9.180943116221034,-0.004850173222396063,-0.0,0.5898932831136221,9.76598622611226,0.0,0.0,0.1613086564072818,0.16798164793655124,0.0,0.441790304343833,0.15,low,uncertain_prediction,9.324195921768426,True,pass,False,,0.9936642027455121,0.1678986272439282,0.5121436114044351,0.33368532206969376,0.8780359028511088,0.6309398099260823,0.5047518479408659,0.3938753959873284,0.6242872228088702,0.6289334741288279,10.515130893482903,16,0.0,9.85391609072302,0,152,136,0,advance,OCc1ccc(-c2cc3c(N[C@H](CO)c4ccccc4)ncnc3[nH]2)cc1
[2H]C([2H])([2H])Oc1ccc(Cl)cc1-c1cc2c(N[C@H](CO)c3ccccc3)ncnc2[nH]1,8.964598581035844,0.1287112179108472,0.44791007508758707,397.88030533400007,4.432400000000003,83.06,3,5,4,6,0.14285714285714285,0,0.0,3.069202035560001,False,,0,,0,,0,,0.8135593220338984,0.6968853987470011,0.9943370886309109,0.26136363636363635,Osimertinib,0.18644067796610164,0.7386363636363636,0.7760517927213679,0.5783043091612499,1.0,0.9304119073822741,0.5783043091612499,0.821192002316223,1.0,0.42169569083875014,0.5783043091612499,-0.06018694612647346,8.771531754169573,0.0018154840393012576,-0.0,0.5540734863333825,9.327420724542257,0.0,0.0,0.04306682686627078,0.15211961354843767,0.0,0.19518644041470845,0.0,low,,9.132234284127549,True,pass,False,,0.8162618796198522,0.29039070749736007,0.2866948257655755,0.1805702217529039,0.7486800422386484,0.7106652587117213,0.8247096092925026,0.662090813093981,0.5045142555438227,0.5966737064413938,9.932837831194844,193,0.0,9.848242731857221,0,153,0,40,advance,[2H]C([2H])([2H])Oc1ccccc1-c1cc2c(N[C@H](CO)c3ccccc3)ncnc2[nH]1
COCCOc1cnccc1-c1[nH]c2c(c1Nc1cc(OC)cc(F)c1C)C(=O)NCC2,8.91896080689633,0.1384513547092535,0.46341515758014057,440.47500000000025,3.5875200000000023,97.5,3,6,4,8,0.30434782608695654,0,0.0,3.203166666666668,False,,0,,0,,0,,0.7887323943661971,0.7399536860804466,1.0,0.1941747572815534,Gefitinib,0.21126760563380287,0.8058252427184466,0.757824253427605,0.5816796187203593,1.0,0.9514563106796117,0.5816796187203593,0.822740045706894,1.0,0.41832038127964066,0.5816796187203593,-0.08655438970571872,8.711283774832449,0.013374940188836018,-0.0,0.5868179953507453,9.31147671037203,0.0,0.0,0.057677032063880224,0.14790047659955086,0.0,0.20557750866343108,0.0,low,,9.1058992017086,True,pass,False,,0.7961985216473073,0.36061246040126715,0.14625131995776136,0.29408658922914466,0.8780359028511088,0.7360084477296727,0.8247096092925026,0.6272439281942978,0.5111668426610348,0.6122228088701162,9.924876921565271,194,0.0,9.840566572352738,0,154,0,40,advance,COCCOc1cnccc1-c1[nH]c2c(c1Nc1cccc(F)c1C)C(=O)NCC2
CNc1cc2c(Nc3ccc(C)c(C(F)(F)F)c3)ncnc2cn1,8.158299152876836,0.08010050061525922,0.7542240902317288,333.317,4.1373200000000026,62.730000000000004,2,5,3,3,0.1875,0,0.0,1.9000000000000001,False,,0,,0,,0,,0.6730769230769231,0.6165168244365962,0.8482124080665384,0.34782608695652173,Sunvozertinib,0.32692307692307687,0.6521739130434783,0.6085044377885276,0.7917463265505278,1.0,0.7992027843107734,0.6085044377885276,0.7998633871624572,1.0,0.3914955622114724,0.6085044377885276,-0.2551452658319061,8.038148401953947,0.4879740902317287,-0.0,0.5548206605450627,9.08094315273074,0.0,0.0,0.0,0.11436945276434053,0.0,0.11436945276434053,0.0,low,,8.9665736999664,True,pass,False,,0.5079197465681098,0.9609292502639916,0.9767687434002112,0.8695881731784583,0.36642027455121434,0.8489968321013728,0.8247096092925026,0.8416050686378036,0.741182682154171,0.7272439281942978,9.970362371315744,180,0.0,9.839266413799557,0,155,0,25,advance,CNc1cc2c(Nc3cccc(C(F)(F)F)c3)ncnc2cn1
COc1c(-c2cc3c(N[C@H](CO)c4ccccc4)ncnc3[nH]2)ccnc1N,9.03244649442955,0.14720595080144006,0.40802285415182615,376.4200000000001,2.756199999999999,121.97,4,7,4,6,0.15,0,0.0,2.926133333333334,False,,1,aniline,0,,0,,0.7258064516129032,0.6842943794556697,0.9714443262830358,0.2111111111111111,Osimertinib,0.27419354838709675,0.7888888888888889,0.7800674580463794,0.5618689800399146,0.88,0.925805466934499,0.5618689800399146,0.7869354762551982,0.925805466934499,0.36393648689458447,0.6360635131054155,-0.009157357611758399,8.81163756822739,-0.015897145848173935,-0.2,0.6029148450116191,9.198655267390837,0.0,0.0,0.07080892620216007,0.0799206086182306,0.0,0.15072953482039067,0.0,low,,9.047925732570446,True,pass,False,,0.853220696937698,0.13674762407602956,0.457233368532207,0.617740232312566,0.7090813093980992,0.928194297782471,0.8247096092925026,0.5850052798310454,0.6034318901795143,0.6594244984160508,9.922773535606254,196,0.0,9.839235130669707,0,156,0,40,advance,COc1cnccc1-c1cc2c(N[C@H](CO)c3ccccc3)ncnc2[nH]1
COc1c(C(N)=O)ccc(-c2cc3c(N[C@H](C)c4ccccc4)ncnc3[nH]2)c1OC,8.928465112643927,0.08140847229386704,0.4198591331256397,417.4690000000001,3.914100000000002,115.14999999999999,3,6,4,7,0.17391304347826086,0,0.0,3.299793333333334,False,,0,,0,,0,,0.7142857142857143,0.6304816684738411,0.873603033588802,0.2247191011235955,Osimertinib,0.2857142857142857,0.7752808988764045,0.8001303475552749,0.5540073950139737,1.0,0.8490224999107026,0.5540073950139737,0.8007900606199878,1.0,0.44599260498602633,0.5540073950139737,-0.0008796174196171735,8.806352404203126,-0.0577185625265343,-0.0,0.5795564566315504,9.328190298308142,0.0,0.0,0.0,0.1824907562325329,0.0,0.1824907562325329,0.0,low,,9.14569954207561,True,pass,False,,0.7993664202745512,0.18321013727560717,0.10137275607180571,0.6752903907074974,0.43400211193241817,0.6019007391763463,0.8247096092925026,0.8352692713833157,0.5466209081309398,0.5727824709609294,9.984135388065269,176,0.0,9.833038507228725,0,157,0,19,advance,COc1cc(C(N)=O)ccc1-c1cc2c(N[C@H](C)c3ccccc3)ncnc2[nH]1
COCCOc1cnccc1-c1[nH]c2c(c1Nc1ccc(Cl)c(F)c1C)C(=O)NCC2,8.817490821724979,0.12165189152974483,0.474443582432354,444.8940000000002,4.232320000000002,88.27000000000001,3,5,4,7,0.2727272727272727,0,0.0,3.132626666666668,False,,0,,0,,0,,0.7857142857142857,0.7293735385284681,1.0,0.19801980198019803,Gefitinib,0.2142857142857143,0.801980198019802,0.7442163813604233,0.5904583293121537,1.0,0.9504950495049505,0.5904583293121537,0.8212924400443818,1.0,0.4095416706878463,0.5904583293121537,-0.102768078245278,8.635012984430361,0.03182230970508114,-0.0,0.587022630834512,9.253857924969955,0.0,0.0,0.032477837294617236,0.13692708835980788,0.0,0.1694049256544251,0.0,low,,9.08445299931553,True,pass,False,,0.7602956705385427,0.4155227032734953,0.20485744456177402,0.31203801478352694,0.8780359028511088,0.7624076029567054,0.8247096092925026,0.6853220696937699,0.5183738120380148,0.6228880675818373,9.875906499415573,210,0.0,9.831918680413736,0,158,0,52,advance,COCCOc1cnccc1-c1[nH]c2c(c1Nc1cccc(F)c1C)C(=O)NCC2
CCOc1c(Cl)cccc1-c1cc2c(N[C@H](CO)c3ccccc3)ncnc2[nH]1,9.045052790241032,0.1286552321121022,0.40794403699732046,408.88900000000007,4.822500000000004,83.06,3,5,4,7,0.18181818181818182,0,0.0,3.242593333333334,False,,0,,0,,0,,0.75,0.6713883690120704,0.9479788527492189,0.2222222222222222,Osimertinib,0.25,0.7777777777777778,0.7962045350817865,0.5496540921433981,1.0,0.9054285840063586,0.5496540921433981,0.8128218028078857,1.0,0.4503459078566019,0.5496540921433981,-0.02215635696813245,8.852069942072879,-0.060263144820861425,-0.0,0.582828046520638,9.374634843772654,0.0,0.0,0.04298284816815329,0.18793238482075236,0.0,0.23091523298890565,0.0,low,,9.143719610783748,True,pass,False,,0.856388595564942,0.12777191129883844,0.10718057022175291,0.47729672650475186,0.643611404435058,0.573389651531151,0.8247096092925026,0.6631467793030623,0.5224656810982049,0.5718585005279831,10.0015936610905,169,0.0,9.829949811417327,0,159,0,10,advance,CCOc1ccccc1-c1cc2c(N[C@H](CO)c3ccccc3)ncnc2[nH]1
COc1cncc(N)c1-c1cc2c(N[C@H](CO)c3ccccc3)ncnc2[nH]1,8.988056161528034,0.13371777198877058,0.40802285415182615,376.42,2.7562000000000006,121.97,4,7,4,6,0.15,0,0.0,2.9261333333333335,False,,1,aniline,0,,0,,0.7419354838709677,0.6712513086020063,0.9477296520036478,0.23595505617977527,Osimertinib,0.25806451612903225,0.7640449438202247,0.7784115999898691,0.5618689800399146,0.88,0.901808474957792,0.5618689800399146,0.7805222637468939,0.901808474957792,0.33993949491787745,0.6600605050821226,-0.0028142183426997924,8.787479503544878,-0.01589714584817388,-0.2,0.5822749284050439,9.153857286101749,0.0,0.0,0.05057665798315586,0.049924368647346826,0.0,0.10050102663050269,0.0,low,,9.053356259471245,True,pass,False,,0.8310454065469906,0.13674762407602956,0.46092925026399156,0.5216473072861668,0.6414994720168955,0.955649419218585,0.8247096092925026,0.6451953537486801,0.5747888067581838,0.6425290390707498,9.843603854211569,222,0.0,9.824391106356146,0,160,0,62,advance,COc1cnccc1-c1cc2c(N[C@H](CO)c3ccccc3)ncnc2[nH]1
COc1c(-c2cc3c(N[C@H](C)c4ccccc4)ncnc3[nH]2)ccc(C(N)=O)c1Cl,8.868871650794768,0.05949529452471564,0.42286258411497757,421.88800000000015,4.558900000000001,105.91999999999999,3,5,4,6,0.13636363636363635,0,0.0,3.229253333333334,False,,0,,0,,0,,0.6818181818181818,0.6021206584040303,0.8220375607346004,0.24444444444444444,Osimertinib,0.31818181818181823,0.7555555555555555,0.800571206531391,0.5583723699811864,1.0,0.8054170594398392,0.5583723699811864,0.7910901589881041,1.0,0.44162763001881356,0.5583723699811864,0.01264139672438247,8.779628709007694,-0.047889052248658893,-0.0,0.575357875032135,9.30709753179117,0.0,0.0,0.0,0.17703453752351694,0.0,0.17703453752351694,0.0,low,,9.130062994267654,True,pass,False,,0.7771911298838438,0.19376979936642028,0.11615628299894404,0.8384371700105596,0.30359028511087643,0.614572333685322,0.8247096092925026,0.9134107708553326,0.5736008447729672,0.5776399155227032,9.995418545518731,170,0.0,9.823230892894898,0,161,0,9,advance,COc1cc(C(N)=O)ccc1-c1cc2c(N[C@H](C)c3ccccc3)ncnc2[nH]1
[2H]C([2H])([2H])Oc1ccc(F)cc1-c1cc2c(N[C@H](CO)c3ccccc3)ncnc2[nH]1,9.29505501268178,0.16987524870420256,0.4715375210917332,381.42530533400003,3.9181000000000026,83.06,3,5,4,6,0.14285714285714285,0,0.0,2.9595020355600004,False,,0,,0,,0,,0.8448275862068966,0.71413469300757,1.0,0.23333333333333334,Osimertinib,0.15517241379310343,0.7666666666666666,0.8298510790775033,0.595518635232761,1.0,0.9416666666666667,0.595518635232761,0.8417590952442326,1.0,0.40448136476723895,0.595518635232761,-0.015877354888972572,9.040242139625477,0.04189793004344743,-0.0,0.5498275862068965,9.63196765587582,0.0,0.0,0.10481287305630384,0.1306017059590487,0.0,0.3479145790153525,0.15,low,uncertain_prediction,9.284053076860468,True,pass,False,,0.9598732840549102,0.38595564941921856,0.4028511087645195,0.06546990496304118,0.8780359028511088,0.7866948257655755,0.5047518479408659,0.5121436114044351,0.5826557550158395,0.6352428722280887,10.331154561894827,61,0.0,9.821344523534176,0,162,101,0,advance,[2H]C([2H])([2H])Oc1ccccc1-c1cc2c(N[C@H](CO)c3ccccc3)ncnc2[nH]1
COc1cc(C(N)=O)ccc1-c1cc2c(N[C@H](C)c3cccc(F)c3)ncnc2[nH]1,8.840761002540669,0.05261284105393157,0.4488194178263119,405.43300000000005,4.044600000000002,105.91999999999999,3,5,4,6,0.13636363636363635,0,0.0,3.119553333333334,False,,0,,0,,0,,0.8225806451612904,0.654464723655052,0.9172085884637309,0.26666666666666666,Osimertinib,0.17741935483870963,0.7333333333333334,0.7983612618974151,0.576867859291651,1.0,0.8712397746811316,0.576867859291651,0.8116172239675494,1.0,0.42313214070834904,0.576867859291651,-0.017674616093512396,8.76184174095977,-0.005477218537324557,-0.0,0.529140856793352,9.285505379215799,0.0,0.0,0.0,0.1539151758854363,0.0,0.1539151758854363,0.0,low,,9.131590203330363,True,pass,False,,0.7676874340021119,0.308870116156283,0.2375923970432946,0.1494192185850053,0.5533262935586061,0.6932418162618796,0.8247096092925026,0.9313621964097148,0.47275607180570217,0.5690337909186907,9.852812665382642,219,0.0,9.814430752432791,0,163,0,56,advance,COc1cc(C(N)=O)ccc1-c1cc2c(N[C@H](C)c3ccccc3)ncnc2[nH]1
C=CC(=O)NC1=NC=C2N=CN=C(Nc3ccc(N)c(C)c3)C21,8.880870153010141,0.07784803778133897,0.5706541048634345,308.345,1.60142,104.23,3,6,3,2,0.125,0,0.0,2.1500000000000004,False,,1,aniline,0,,1,acrylamide_like,0.7272727272727273,0.6205724740898237,0.8555863165269522,0.2875,Osimertinib,0.2727272727272727,0.7125,0.790723911805598,0.6811674499825813,0.8,0.8198147373952142,0.6811674499825813,0.7729265247958483,0.8198147373952142,0.13864728741263288,0.8613527125873671,0.02372984934633282,8.764098096338133,0.26065410486343443,-0.2,0.5503738518590108,9.375126053060578,0.0,0.0,0.0,0.0,0.1,0.2125,0.15,low,reactive_warhead_could_inflate_proxy_score,9.162626053060578,True,pass,False,,0.7824709609292503,0.6636747624076029,0.9044350580781415,0.614572333685322,0.3928194297782471,0.9957761351636748,0.5047518479408659,0.8489968321013728,0.7434266103484688,0.7179778247096092,10.26723798547874,80,0.0,9.799199442712109,0,164,84,0,advance,C=CC(=O)NC1=NC=C2N=CN=C(Nc3cccc(C)c3)C21
COc1cc(C(N)=O)cc(Cl)c1-c1cc2c(N[C@H](C)c3ccccc3)ncnc2[nH]1,8.793349677273184,0.013337914169826054,0.42286258411497757,421.8880000000001,4.558900000000002,105.91999999999999,3,5,4,6,0.13636363636363635,0,0.0,3.229253333333334,False,,0,,0,,0,,0.734375,0.65453688274385,0.9173397868069999,0.28735632183908044,Osimertinib,0.265625,0.7126436781609196,0.8140008793994178,0.5583723699811864,1.0,0.8661657596454797,0.5583723699811864,0.809634752256521,1.0,0.44162763001881356,0.5583723699811864,0.005821502857195848,8.773342806018444,-0.047889052248658893,-0.0,0.5626593001500259,9.288113053919812,0.0,0.0,0.0,0.17703453752351694,0.0,0.17703453752351694,0.0,low,,9.111078516396296,True,pass,False,,0.7518479408658922,0.19376979936642028,0.11615628299894404,0.5675818373812038,0.5549102428722281,0.614572333685322,0.8247096092925026,0.996832101372756,0.508025343189018,0.5722544878563885,9.897743465746633,201,0.0,9.797783901823962,0,165,0,36,advance,COc1cc(C(N)=O)ccc1-c1cc2c(N[C@H](C)c3ccccc3)ncnc2[nH]1
Cc1cccc([C@@H](CO)Nc2ncnc3[nH]c(-c4ccc(CO)cc4)cc23)c1,8.863314771393544,0.107066074253786,0.41391200859578564,374.44400000000013,3.5711200000000014,94.06,4,5,4,6,0.18181818181818182,0,0.0,2.912960000000001,False,,0,,0,,0,,0.7962962962962963,0.6803778679056294,0.9643233961920533,0.18292682926829268,Afatinib,0.20370370370370372,0.8170731707317074,0.7658824408707356,0.565614681650759,1.0,0.9275108398269669,0.565614681650759,0.8147519905871154,1.0,0.434385318349241,0.565614681650759,-0.0651593996218397,8.702715660012865,-0.004850173222396285,-0.0,0.5778694669341922,9.275734953724662,0.0,0.0,0.010599111380678997,0.16798164793655124,0.0,0.17858075931723022,0.0,low,,9.097154194407432,True,pass,False,,0.7740232312565998,0.1631467793030623,0.4952481520591341,0.26029567053854274,0.6874340021119324,0.6309398099260823,0.8247096092925026,0.737064413938754,0.507286166842661,0.5833949313621966,9.884478353935854,205,0.0,9.797228112042069,0,166,0,39,advance,OCc1ccc(-c2cc3c(N[C@H](CO)c4ccccc4)ncnc3[nH]2)cc1
Clc1cccc(Nc2ncnc3cnc(NCCN4CCOCC4)cc23)c1,8.4518948254902,0.13298454359175185,0.6756020027982031,384.87100000000027,3.1659000000000006,75.2,2,7,4,6,0.3157894736842105,0,0.0,2.632473333333335,False,,0,,0,,0,,0.8,0.745,1.0,0.46153846153846156,Dacomitinib,0.19999999999999996,0.5384615384615384,0.6448845258583237,0.7203321271800374,1.0,0.8846153846153846,0.6448845258583237,0.8124580094134364,1.0,0.3551154741416763,0.6448845258583237,-0.22343131140681705,8.252418010102572,0.31230995016662394,-0.0,0.5015384615384615,9.066266421807656,0.0,0.0,0.04947681538762777,0.06889434267709542,0.0,0.11837115806472319,0.0,low,,8.947895263742932,True,pass,False,,0.6282998944033791,0.8891235480464625,0.648363252375924,0.2365364308342133,0.8780359028511088,0.9429778247096093,0.8247096092925026,0.6473072861668426,0.6051214361140443,0.7072861668426611,9.792412145144509,230,0.0,9.796638663954125,0,167,0,63,advance,Brc1cccc(Nc2ncnc3cnc(NCCN4CCOCC4)cc23)c1
OCc1ccc(-c2cc3c(N[C@H](CO)c4cccc(Cl)c4)ncnc3[nH]2)cc1,8.887253806504697,0.07272288976974212,0.39745874990788893,394.862,3.916100000000003,94.06,4,5,4,6,0.14285714285714285,0,0.0,3.0490800000000005,False,,0,,0,,0,,0.8113207547169812,0.6857907300946221,0.9741649638084037,0.2073170731707317,Sunvozertinib,0.18867924528301883,0.7926829268292683,0.7959074287873548,0.5513300047570313,1.0,0.9287944545636198,0.5513300047570313,0.8190079720270014,1.0,0.4486699952429687,0.5513300047570313,-0.03080072431952885,8.778169471850084,-0.04561753580639683,-0.0,0.5662517793782399,9.298803715421927,0.0,0.0,0.0,0.18583749405371086,0.0,0.18583749405371086,0.0,low,,9.112966221368216,True,pass,False,,0.7856388595564942,0.09609292502639916,0.3146779303062302,0.1900739176346357,0.7148891235480465,0.587117212249208,0.8247096092925026,0.8690601900739177,0.45797254487856387,0.5567053854276663,9.848370769276205,221,0.0,9.781012683881416,0,168,0,53,advance,OCc1ccc(-c2cc3c(N[C@H](CO)c4ccccc4)ncnc3[nH]2)cc1
CCOc1c(N)cccc1-c1cc2c(N[C@H](CO)c3ccccc3)ncnc2[nH]1,9.181096748900375,0.14570356064044346,0.35850834186981706,389.45900000000006,3.7513000000000014,109.08000000000001,4,6,4,7,0.18181818181818182,0,0.0,3.1130600000000004,False,,1,aniline,0,,0,,0.7758620689655172,0.6938141794976874,0.9887530536321588,0.2073170731707317,Afatinib,0.22413793103448276,0.7926829268292683,0.8182816947767833,0.5274465111053225,0.88,0.9397355219314363,0.5274465111053225,0.7913659319533854,0.9397355219314363,0.4122890108261138,0.5877109891738862,0.03588768376453033,8.96254140793971,-0.09026883994836477,-0.2,0.5858552104223375,9.258127778413684,0.0,0.0,0.06855534096066518,0.14036126353264228,0.0,0.20891660449330746,0.0,low,,9.049211173920376,True,pass,False,,0.9229144667370645,0.030623020063357972,0.24656810982048574,0.3558606124604013,0.7381203801478353,0.7539598732840549,0.8247096092925026,0.5934530095036958,0.5295934530095037,0.6030623020063357,9.893639922025088,202,0.0,9.77288593632798,0,169,0,33,advance,CCOc1ccccc1-c1cc2c(N[C@H](CO)c3ccccc3)ncnc2[nH]1
COc1c(F)cc(F)c(N)c1Nc1c(-c2ccncc2OCC(C)(C)OC)[nH]c2c1C(=O)NCC2,9.081199238209699,0.05170236634261711,0.35668429994448614,487.50700000000035,3.779000000000001,123.52000000000001,4,7,4,8,0.3333333333333333,0,0.0,3.5167133333333354,False,,1,aniline,0,,0,,0.7866666666666666,0.736054612054612,1.0,0.16822429906542055,Gefitinib,0.21333333333333337,0.8317757009345794,0.8591081531125927,0.5109181598412622,0.88,0.9579439252336448,0.5109181598412622,0.8019925595468749,0.9579439252336448,0.4470257653923826,0.5529742346076174,0.07615412475429051,9.003645688695773,-0.13748936672218082,-0.2,0.5955327102803738,9.261689032253967,0.0,0.0,0.0,0.18378220674047824,0.0,0.18378220674047824,0.0,low,,9.07790682551349,True,pass,False,,0.870116156282999,0.025343189017951427,0.03801478352692714,0.3041182682154171,0.8780359028511088,0.5913410770855333,0.8247096092925026,0.9334741288278775,0.46314677930306236,0.5751319957761353,9.817465167417643,226,0.0,9.768065220444852,0,170,0,56,advance,COc1c(F)cc(F)cc1Nc1c(-c2ccncc2OCC(C)(C)OC)[nH]c2c1C(=O)NCC2
COc1c(-c2cc3c(N[C@H](CO)c4ccccc4)ncnc3[nH]2)ccnc1F,9.17569951547948,0.1523738873274908,0.4449607272525235,379.39500000000004,3.3131000000000004,95.95,3,6,4,6,0.15,0,0.0,2.945966666666667,False,,0,,0,,0,,0.7142857142857143,0.6735187797175503,0.9518523267591822,0.24691358024691357,Afatinib,0.2857142857142857,0.7530864197530864,0.8122631577406263,0.5814219897324777,1.0,0.9021608500076583,0.5814219897324777,0.8239614993701906,1.0,0.4185780102675223,0.5814219897324777,-0.015597788839419091,8.947138684488243,0.018065727252523464,-0.0,0.59246043618715,9.557664847927915,0.0,0.0,0.07856083099123619,0.14822251283440285,0.0,0.339283343825639,0.15,low,uncertain_prediction,9.218381504102277,True,pass,False,,0.9197465681098205,0.27983104540654696,0.4118268215417107,0.6752903907074974,0.6552270327349525,0.7312565997888067,0.5047518479408659,0.5723336853220697,0.6666842661034847,0.6443505807814152,10.357685967252097,51,0.0,9.766602201039976,0,171,120,0,advance,COc1cnccc1-c1cc2c(N[C@H](CO)c3ccccc3)ncnc2[nH]1
COC(C)(C)COc1cnc(C)cc1-c1[nH]c2c(c1Nc1cccc(F)c1C)C(=O)NCC2,8.779555655773116,0.12591595083930718,0.4850605147304438,452.5300000000002,4.665940000000003,88.27000000000001,3,5,4,7,0.36,0,0.0,3.183533333333335,False,,0,,0,,0,,0.8194444444444444,0.7082794982794983,1.0,0.19148936170212766,Afatinib,0.18055555555555558,0.8085106382978724,0.731747748355764,0.5943396933581543,1.0,0.9521276595744681,0.5943396933581543,0.8195537753220965,1.0,0.4056603066418457,0.5943396933581543,-0.11707470262177688,8.590681729514156,0.04353051473044358,-0.0,0.5738031914893618,9.20801543573396,0.0,0.0,0.03887392625896076,0.13207538330230717,0.0,0.17094930956126791,0.0,low,,9.037066126172693,True,pass,False,,0.7423442449841605,0.44931362196409713,0.162090813093981,0.16420274551214362,0.8780359028511088,0.7761351636747624,0.8247096092925026,0.6705385427666315,0.4810718057022176,0.6041446673706441,9.785301602576622,231,0.0,9.762039727017466,0,172,0,59,advance,COC(C)(C)COc1cnccc1-c1[nH]c2c(c1Nc1cccc(F)c1C)C(=O)NCC2
CCOc1ccccc1-c1cc2c(N[C@H](CF)c3ccccc3)ncnc2[nH]1,9.346479510146754,0.05493733327077808,0.46838820348573496,376.435,5.146300000000004,62.83,2,4,4,7,0.18181818181818182,1,0.45,3.0262333333333333,False,,0,,0,,0,,0.8181818181818182,0.7421096580608537,1.0,0.23076923076923078,Afatinib,0.18181818181818177,0.7692307692307692,0.9231637442471438,0.5412199221735645,1.0,0.9423076923076923,0.5412199221735645,0.8516728396821001,1.0,0.4587800778264355,0.5412199221735645,0.0953212060867249,9.264073510240587,-0.6673649783324468,-0.0,0.5625874125874125,9.159295944495552,0.0,0.0,0.0,0.19847509728304435,0.0,0.19847509728304435,0.0,low,,8.960820847212508,True,pass,False,,0.9704329461457233,0.36430834213305174,0.34318901795142553,0.16737064413938754,0.8780359028511088,0.5417106652587117,0.8247096092925026,0.9260823653643083,0.5945089757127772,0.6675818373812038,9.872706715350885,213,0.0,9.761919052069953,0,173,0,40,advance,CCOc1ccccc1-c1cc2c(N[C@H](CO)c3ccccc3)ncnc2[nH]1
OCc1ccc(-c2cc3c(N[C@H](CO)c4ccccc4)ncnc3[nH]2)cc1Cl,8.98284418135285,0.1404447983594289,0.39745874990788893,394.8620000000001,3.916100000000001,94.06,4,5,4,6,0.14285714285714285,0,0.0,3.049080000000001,False,,0,,0,,0,,0.7894736842105263,0.74272118976687,1.0,0.20481927710843373,Sunvozertinib,0.21052631578947367,0.7951807228915663,0.7723996864866121,0.5513300047570312,1.0,0.9487951807228916,0.5513300047570312,0.8181312179916338,1.0,0.4486699952429688,0.5513300047570312,-0.06097537534002884,8.772176983813706,-0.04561753580639689,-0.0,0.583291058972733,9.309850506980043,0.0,0.0,0.06066719753914336,0.18583749405371103,0.0,0.24650469159285437,0.0,low,,9.063345815387189,True,pass,False,,0.8257655755015839,0.09609292502639916,0.30623020063357975,0.2856388595564942,0.8780359028511088,0.5844772967265047,0.8247096092925026,0.6166842661034847,0.49387539598732844,0.5808870116156283,9.902500982164836,200,0.0,9.760410229325943,0,174,0,26,advance,OCc1ccc(-c2cc3c(N[C@H](CO)c4ccccc4)ncnc3[nH]2)cc1
CN(C)c1ncc2ncnc(Nc3cccc(Br)c3)c2n1,8.790629054526496,0.1689666558693252,0.7872334360852137,345.20400000000006,2.9919000000000002,66.83000000000001,1,6,3,3,0.14285714285714285,0,0.0,1.9000000000000001,False,,0,,0,,0,,1.0,0.7754233608336951,1.0,0.2753623188405797,Afatinib,0.0,0.7246376811594203,0.7043806045230965,0.8099014667699445,1.0,0.9311594202898551,0.7043806045230965,0.861360372895724,1.0,0.2956193954769035,0.7043806045230965,-0.20930635783017004,8.537179070722509,0.5165191503709279,-0.0,0.26739130434782604,9.321089525441264,0.0,0.0,0.10344998380398777,0.0,0.0,0.21594998380398778,0.15,low,uncertain_prediction,9.105139541637277,True,pass,False,,0.7497360084477297,0.9783526927138332,0.9767687434002112,0.004751847940865892,0.8780359028511088,0.9820485744456178,0.5047518479408659,0.515311510031679,0.6805174234424499,0.7320749736008448,10.137710433572204,122,0.0,9.758629509958292,0,175,53,0,advance,CNc1ncc2ncnc(Nc3cccc(Br)c3)c2n1
COc1cc(C(N)=O)c(Cl)cc1-c1cc2c(N[C@H](C)c3ccccc3)ncnc2[nH]1,8.873760679210307,0.07617631473142682,0.42286258411497757,421.8880000000001,4.558900000000002,105.91999999999999,3,5,4,6,0.13636363636363635,0,0.0,3.229253333333334,False,,0,,0,,0,,0.746031746031746,0.6421083890545465,0.8947425255537208,0.29069767441860467,Osimertinib,0.25396825396825395,0.7093023255813953,0.7901167494905779,0.5583723699811864,1.0,0.8483824755606394,0.5583723699811864,0.7992178987581009,1.0,0.44162763001881356,0.5583723699811864,-0.01213486569003075,8.759496207113166,-0.047889052248658893,-0.0,0.550762043348563,9.26236919821307,0.0,0.0,0.0,0.17703453752351694,0.0,0.17703453752351694,0.0,low,,9.085334660689554,True,pass,False,,0.7803590285110876,0.19376979936642028,0.11615628299894404,0.49208025343189016,0.4883843717001056,0.614572333685322,0.8247096092925026,0.853220696937698,0.5057550158394932,0.5594244984160507,9.869275217220462,215,0.0,9.756644058788815,0,176,0,39,advance,COc1cc(C(N)=O)ccc1-c1cc2c(N[C@H](C)c3ccccc3)ncnc2[nH]1
COCCOc1cnccc1-c1[nH]c2c(c1Nc1ccc(C)c(F)c1Br)C(=O)NCC2,8.850040306070598,0.08976752187336103,0.4301239908832108,489.3450000000002,4.341420000000002,88.27000000000001,3,5,4,7,0.2727272727272727,0,0.0,3.4289666666666685,False,,0,,0,,0,,0.7887323943661971,0.728674941582524,1.0,0.17307692307692307,Gefitinib,0.21126760563380287,0.8269230769230769,0.7746728112062968,0.5546848616524325,1.0,0.9567307692307692,0.5546848616524325,0.8215221105223747,1.0,0.44531513834756753,0.5546848616524325,-0.06246573242143705,8.715389023260556,-0.05694828184406221,-0.0,0.5931473456121343,9.251588087028628,0.0,0.0,0.0,0.1816439229344594,0.0,0.1816439229344594,0.0,low,,9.069944164094169,True,pass,False,,0.7697993664202746,0.2085533262935586,0.06705385427666315,0.29408658922914466,0.8780359028511088,0.6071805702217529,0.8247096092925026,0.8035902851108765,0.45699577613516373,0.5695089757127771,9.799983018390824,229,0.0,9.7533549349495,0,177,0,52,advance,COCCOc1cnccc1-c1[nH]c2c(c1Nc1cccc(F)c1Br)C(=O)NCC2
COc1cc(C(N)=O)c(N)cc1-c1cc2c(N[C@H](C)c3ccccc3)ncnc2[nH]1,8.9765741584272,0.1012633864020332,0.36507645702813607,402.4580000000001,3.487700000000001,131.94,4,6,4,6,0.13636363636363635,0,0.0,3.0997200000000005,False,,1,aniline,0,,0,,0.746031746031746,0.6421083890545465,0.8947425255537208,0.24719101123595505,Osimertinib,0.25396825396825395,0.752808988764045,0.7982591691253766,0.5315720513654749,0.88,0.8592591413563018,0.5315720513654749,0.7672725904617883,0.88,0.3484279486345251,0.6515720513654749,0.041315438218117784,8.82467907882415,-0.08624517933550033,-0.2,0.563814042303358,9.102247941792008,0.0,0.0,0.0018950796030497846,0.06053493579315637,0.0,0.06243001539620616,0.0,low,,9.039817926395802,True,pass,False,,0.8236536430834214,0.03801478352692714,0.26874340021119325,0.49208025343189016,0.4883843717001056,0.9519535374868004,0.8247096092925026,0.764519535374868,0.5169746568109821,0.5936114044350581,9.722617529965186,248,0.0,9.752151611717872,0,178,0,70,advance,COc1cc(C(N)=O)ccc1-c1cc2c(N[C@H](C)c3ccccc3)ncnc2[nH]1
OC[C@@H](Nc1ncnc2[nH]c(-c3ccccc3)cc12)c1ccccc1F,8.448329222810585,0.07397804269496723,0.5111779610192174,348.3810000000001,3.909500000000002,73.83,3,4,4,5,0.1,0,0.0,2.65,False,,0,,0,,0,,0.74,0.6683867626193751,0.942521386580682,0.2602739726027397,Afatinib,0.26,0.7397260273972603,0.6852976758161693,0.6292248016374926,1.0,0.8918225467848266,0.6292248016374926,0.8015862560596221,1.0,0.3707751983625074,0.6292248016374926,-0.15505144032460383,8.337362158768135,0.12367796101921746,-0.0,0.5745481548643486,9.035588274651701,0.0,0.0,0.0,0.08846899795313425,0.0,0.08846899795313425,0.0,low,,8.947119276698567,True,pass,False,,0.6272439281942978,0.5543822597676874,0.6325237592397043,0.544350580781415,0.6304118268215417,0.9181626187961985,0.8247096092925026,0.8627243928194298,0.5968848996832101,0.6694825765575503,9.751850154271553,240,0.0,9.750498368567627,0,179,0,61,advance,OC[C@@H](Nc1ncnc2[nH]c(-c3ccccc3)cc12)c1ccccc1
[2H]C([2H])([2H])Oc1cc(F)ccc1-c1cc2c(N[C@H](CO)c3ccccc3)ncnc2[nH]1,9.415730260116957,0.23357189023221916,0.4715375210917332,381.42530533400003,3.9181000000000026,83.06,3,5,4,6,0.14285714285714285,0,0.0,2.9595020355600004,False,,0,,0,,0,,0.8448275862068966,0.741964433948168,1.0,0.23333333333333334,Osimertinib,0.15517241379310343,0.7666666666666666,0.815432241866686,0.595518635232761,1.0,0.9416666666666667,0.595518635232761,0.8381543859415284,1.0,0.40448136476723895,0.595518635232761,-0.030296192099789954,9.06537242476863,0.04189793004344743,-0.0,0.5498275862068965,9.657097941018973,0.0,0.0,0.20035783534832874,0.1306017059590487,0.0,0.4434595413073774,0.15,low,uncertain_prediction,9.213638399711595,True,pass,False,,0.9852164730728616,0.38595564941921856,0.4028511087645195,0.06546990496304118,0.8780359028511088,0.7866948257655755,0.5047518479408659,0.32840549102428723,0.5940601900739176,0.6336589229144668,10.369970169107674,47,0.0,9.749029107208955,0,180,133,0,advance,[2H]C([2H])([2H])Oc1ccccc1-c1cc2c(N[C@H](CO)c3ccccc3)ncnc2[nH]1
COc1cc(C(N)=O)cc(F)c1-c1cc2c(N[C@H](C)c3ccccc3)ncnc2[nH]1,8.843971285809454,0.1254448387894609,0.4488194178263119,405.4330000000001,4.044600000000002,105.91999999999999,3,5,4,6,0.13636363636363635,0,0.0,3.119553333333334,False,,0,,0,,0,,0.734375,0.65453688274385,0.9173397868069999,0.28735632183908044,Osimertinib,0.265625,0.7126436781609196,0.7481814342997409,0.576867859291651,1.0,0.8661657596454797,0.576867859291651,0.7978037633092179,1.0,0.42313214070834904,0.576867859291651,-0.06616310534596925,8.655804027625262,-0.005477218537324557,-0.0,0.5626593001500259,9.212986109237963,0.0,0.0,0.038167258184191324,0.1539151758854363,0.0,0.1920824340696276,0.0,low,,9.020903675168336,True,pass,False,,0.7687434002111933,0.308870116156283,0.2375923970432946,0.5675818373812038,0.5549102428722281,0.6932418162618796,0.8247096092925026,0.675818373812038,0.5568637803590286,0.5985480464625131,9.881222645668798,206,0.0,9.739161330923352,0,181,0,25,advance,COc1cc(C(N)=O)ccc1-c1cc2c(N[C@H](C)c3ccccc3)ncnc2[nH]1
COc1cnccc1-c1cc2c(N[C@H](CO)c3cccc(Cl)c3)ncnc2[nH]1,8.761207149273474,0.08309876426868942,0.45890941697138776,395.8500000000001,3.8274000000000017,95.94999999999999,3,6,4,6,0.15,0,0.0,3.055666666666667,False,,0,,0,,0,,0.8333333333333334,0.6731600116747701,0.9512000212268547,0.25842696629213485,Osimertinib,0.16666666666666663,0.7415730337078652,0.7571326523302859,0.5848745383086222,1.0,0.8987932743471073,0.5848745383086222,0.8102001162465038,1.0,0.41512546169137776,0.5848745383086222,-0.07075661855495718,8.63655900287044,0.015559416971387727,-0.0,0.5352719154190732,9.1873903352609,0.0,0.0,0.0,0.1439068271142222,0.0,0.1439068271142222,0.0,low,,9.043483508146679,True,pass,False,,0.7360084477296727,0.3437170010559662,0.2967265047518479,0.10190073917634636,0.6504751847940866,0.747624076029567,0.8247096092925026,0.8268215417106652,0.4648363252375924,0.575844772967265,9.745193925546012,243,0.0,9.734497235707396,0,182,0,61,advance,COc1cnccc1-c1cc2c(N[C@H](CO)c3ccccc3)ncnc2[nH]1
COc1cccc([C@@H](CO)Nc2ncnc3[nH]c(-c4ccncc4OC)cc23)c1,8.883854508770122,0.11760285238888961,0.44425965533433504,391.43100000000015,3.1826000000000008,105.18,3,7,4,7,0.19047619047619047,0,0.0,3.126206666666668,False,,0,,0,,0,,0.847457627118644,0.6836589788978746,0.9702890525415901,0.21978021978021978,Osimertinib,0.15254237288135597,0.7802197802197802,0.7636416305203079,0.5741040924851664,1.0,0.9227717344611377,0.5741040924851664,0.815129364366653,1.0,0.42589590751483364,0.5741040924851664,-0.06865031179512682,8.707450230186788,-0.005623725618046069,-0.0,0.5452822649979419,9.247108769566685,0.0,0.0,0.026404278583334405,0.15736988439354205,0.0,0.18377416297687646,0.0,low,,9.063334606589809,True,pass,False,,0.7845828933474129,0.26135163674762407,0.21119324181626187,0.056494192185850056,0.706441393875396,0.6768743400211193,0.8247096092925026,0.7011615628299894,0.4483104540654699,0.5572069693769801,9.785081314445248,232,0.0,9.731982969842186,0,183,0,49,advance,COc1cnccc1-c1cc2c(N[C@H](CO)c3ccccc3)ncnc2[nH]1
COC(C)(C)COc1cnccc1-c1[nH]c2c(c1Nc1cccc(Cl)c1C)C(=O)NCC2,9.204057442223567,0.1648034250474352,0.47356934331056066,454.95800000000025,4.871820000000003,88.27000000000001,3,5,4,7,0.3333333333333333,0,0.0,3.199720000000002,False,,0,,0,,0,,0.8309859154929577,0.7520905471185378,1.0,0.15384615384615385,Osimertinib,0.16901408450704225,0.8461538461538461,0.810651963022687,0.5873969849746545,1.0,0.9615384615384616,0.5873969849746545,0.8398968523839508,1.0,0.41260301502534547,0.5873969849746545,-0.038993185815018316,8.956852304652415,0.026944676643893724,-0.0,0.5799024918743229,9.563699473170631,0.0,0.0,0.09720513757115279,0.14075376878168183,0.0,0.3504589063528346,0.15,low,uncertain_prediction,9.213240566817797,True,pass,False,,0.9313621964097148,0.4044350580781415,0.14994720168954592,0.11087645195353749,0.8780359028511088,0.7529039070749736,0.5047518479408659,0.5269271383315733,0.5446673706441394,0.6060718057022176,10.217300317943598,98,0.0,9.71552673366046,0,184,86,0,advance,COC(C)(C)COc1cnccc1-c1[nH]c2c(c1Nc1cccc(F)c1C)C(=O)NCC2
COc1cc(F)ccc1-c1cc2c(N[C@H](CO)c3ccccc3)ncnc2[nH]1,9.389369982844256,0.2399110444742771,0.47369454718191295,378.40700000000004,3.9181000000000017,83.06,3,5,4,6,0.14285714285714285,0,0.0,2.9393800000000003,False,,0,,0,,0,,0.8392857142857143,0.7810577673692427,1.0,0.26744186046511625,Osimertinib,0.1607142857142857,0.7325581395348837,0.8044047645790701,0.5974789240269752,1.0,0.9331395348837209,0.5974789240269752,0.8337558058724416,1.0,0.4025210759730248,0.5974789240269752,-0.03913472172449528,9.02950341613284,0.047073261467627185,-0.0,0.5420888704318937,9.61866554803236,0.0,0.0,0.20986656671141565,0.128151344966281,0.0,0.45051791167769667,0.15,low,uncertain_prediction,9.168147636354664,True,pass,False,,0.9841605068637803,0.40971488912354803,0.43400211193241817,0.0839493136219641,0.8780359028511088,0.8046462513199577,0.5047518479408659,0.3136219640971489,0.6067053854276664,0.6429250263991553,10.346712010545561,54,0.0,9.71465766803365,0,185,131,0,advance,COc1ccccc1-c1cc2c(N[C@H](CO)c3ccccc3)ncnc2[nH]1
COc1cc(C(N)=O)ccc1-c1cc2c(N[C@H](C)c3cccc(C)c3)ncnc2[nH]1,8.793826497182023,0.10030703172026528,0.4486198580311708,401.4700000000001,4.2139200000000026,105.91999999999999,3,5,4,6,0.17391304347826086,0,0.0,3.093133333333334,False,,0,,0,,0,,0.8360655737704918,0.6613430712831201,0.9297146750602182,0.24175824175824176,Osimertinib,0.16393442622950816,0.7582417582417582,0.75324170209132,0.5777742552504772,1.0,0.8868464458556032,0.5777742552504772,0.8044656007993501,1.0,0.4222257447495228,0.5777742552504772,-0.06829853161070676,8.643365949601625,0.0020411623789968088,-0.0,0.5336716880408606,9.179078800021482,0.0,0.0,0.0004605475803979159,0.1527821809369035,0.0,0.15324272851730142,0.0,low,,9.02583607150418,True,pass,False,,0.7529039070749736,0.30147835269271384,0.27771911298838436,0.09134107708553327,0.5955649419218585,0.7032734952481521,0.8247096092925026,0.7687434002111933,0.4590285110876452,0.5587909186906019,9.729913013326657,247,0.0,9.696385173932903,0,186,0,61,advance,COc1cc(C(N)=O)ccc1-c1cc2c(N[C@H](C)c3ccccc3)ncnc2[nH]1
Cc1cc(CO)ccc1-c1cc2c(N[C@H](C)c3ccccc3)ncnc2[nH]1,9.242168650096575,0.24491171114979193,0.48740711098849593,358.44500000000005,4.598720000000003,73.83,3,4,4,5,0.18181818181818182,0,0.0,2.7063,False,,0,,0,,0,,0.7454545454545455,0.6393260188087775,0.8896836705614135,0.2,Afatinib,0.2545454545454545,0.8,0.7641039647192894,0.6139854495052113,1.0,0.8672627529210601,0.6139854495052113,0.8113380417863902,1.0,0.3860145504947887,0.6139854495052113,-0.062978769422801,8.874801083371887,0.09964392917031412,-0.0,0.5769663721858078,9.55141138472801,0.0,0.0,0.21736756672468788,0.10751818811848592,0.0,0.43738575484317377,0.15,low,uncertain_prediction,9.114025629884836,True,pass,False,,0.941921858500528,0.4699049630411827,0.6029567053854277,0.513727560718057,0.48310454065469904,0.877507919746568,0.5047518479408659,0.29778247096092925,0.7110348468848997,0.6661562829989441,10.40465320098989,36,0.0,9.68841316948357,0,187,151,0,advance,C[C@@H](Nc1ncnc2[nH]c(-c3ccc(CO)cc3)cc12)c1ccccc1
COc1ccc(F)cc1-c1cc2c(N[C@H](CO)c3ccccc3)ncnc2[nH]1,9.262563932644161,0.20470845615610936,0.47369454718191295,378.40700000000004,3.9181000000000017,83.06,3,5,4,6,0.14285714285714285,0,0.0,2.9393800000000003,False,,0,,0,,0,,0.8392857142857143,0.7468591825942434,1.0,0.26744186046511625,Osimertinib,0.1607142857142857,0.7325581395348837,0.7973450638517637,0.5974789240269752,1.0,0.9331395348837209,0.5974789240269752,0.831990880690615,1.0,0.4025210759730248,0.5974789240269752,-0.04619442245180161,8.955501248409997,0.047073261467627185,-0.0,0.5420888704318937,9.544663380309517,0.0,0.0,0.15706268423416403,0.128151344966281,0.0,0.397714029200445,0.15,low,uncertain_prediction,9.146949351109072,True,pass,False,,0.9493136219640972,0.40971488912354803,0.43400211193241817,0.0839493136219641,0.8780359028511088,0.8046462513199577,0.5047518479408659,0.4012671594508976,0.591024287222809,0.6368532206969378,10.253892524976887,86,0.0,9.686173215945397,0,188,102,0,advance,COc1ccccc1-c1cc2c(N[C@H](CO)c3ccccc3)ncnc2[nH]1
OC[C@@H](Nc1ncnc2[nH]c(-c3ccccc3)cc12)c1ccc(F)cc1,8.538359822881683,0.1271507322319511,0.5111779610192174,348.3810000000001,3.909500000000002,73.83,3,4,4,5,0.1,0,0.0,2.65,False,,0,,0,,0,,0.851063829787234,0.7525474124430367,1.0,0.22666666666666666,Afatinib,0.14893617021276595,0.7733333333333333,0.6705844431580549,0.6292248016374926,1.0,0.9433333333333334,0.6292248016374926,0.8107856445322202,1.0,0.3707751983625074,0.6292248016374926,-0.18693493516555382,8.347633724533756,0.12367796101921746,-0.0,0.5490212765957447,9.020332962148718,0.0,0.0,0.04072609834792666,0.08846899795313425,0.0,0.1291950963010609,0.0,low,,8.891137865847657,True,pass,False,,0.6557550158394931,0.5543822597676874,0.6325237592397043,0.046462513199577615,0.8780359028511088,0.9181626187961985,0.8247096092925026,0.6684266103484688,0.5101372756071806,0.6432946145723336,9.632497692877335,270,0.0,9.663091403334457,0,189,0,81,advance,OC[C@@H](Nc1ncnc2[nH]c(-c3ccccc3)cc12)c1ccccc1
COc1cccc([C@@H](CO)Nc2ncnc3[nH]c(-c4ccc(CO)cc4)cc23)c1,8.903452342801042,0.11938610327296927,0.38618377078597177,390.44300000000015,3.271300000000001,103.29,4,6,4,7,0.18181818181818182,0,0.0,3.1196200000000016,False,,0,,0,,0,,0.7678571428571429,0.6639382346155427,0.9344331538464411,0.2073170731707317,Afatinib,0.2321428571428571,0.7926829268292683,0.7672928134091821,0.5424156893168999,1.0,0.8989955970921479,0.5424156893168999,0.8021760249545574,1.0,0.4575843106831001,0.5424156893168999,-0.04651094872716721,8.724373187891588,-0.06357741103221026,-0.0,0.5758774522246765,9.236673229084055,0.0,0.0,0.02907915490945389,0.19698038835387516,0.0,0.22605954326332905,0.0,low,,9.010613685820726,True,pass,False,,0.7866948257655755,0.08078141499472016,0.21805702217529038,0.395987328405491,0.6061246040126715,0.5475184794086589,0.8247096092925026,0.6948257655755016,0.4820749736008448,0.5421066525871173,9.815163197405068,227,0.0,9.661141668925266,0,190,0,37,advance,OCc1ccc(-c2cc3c(N[C@H](CO)c4ccccc4)ncnc3[nH]2)cc1
COC(C)(C)COc1cnccc1-c1[nH]c2c(c1Nc1c(N)ccc(F)c1C)C(=O)NCC2,8.975881705986895,0.13301905431759123,0.40308540713916713,453.51800000000026,3.939720000000001,114.28999999999999,4,6,4,7,0.3333333333333333,0,0.0,3.190120000000002,False,,1,aniline,0,,0,,0.7808219178082192,0.7208943903969138,1.0,0.16037735849056603,Gefitinib,0.2191780821917808,0.839622641509434,0.7758570884744099,0.5490000508496189,0.88,0.9599056603773585,0.5490000508496189,0.7911906999253469,0.9599056603773585,0.4109056095277396,0.5890943904722604,-0.020444815267915972,8.776353124510509,-0.042099259527499815,-0.2,0.6005169294391315,9.13477079442214,0.0,0.0,0.049528581476386835,0.1386320119096745,0.0,0.18816059338606134,0.0,low,,8.946610201036078,True,pass,False,,0.8215417106652587,0.11298838437170011,0.1536430834213305,0.32946145723336856,0.8780359028511088,0.7571277719112989,0.8247096092925026,0.6462513199577613,0.4812302006335797,0.5900211193241816,9.712247035182436,252,0.0,9.654635544225096,0,191,0,61,advance,COC(C)(C)COc1cnccc1-c1[nH]c2c(c1Nc1cccc(F)c1C)C(=O)NCC2
CCOc1ccccc1-c1cc2c(N[C@H](CO)c3ccc(F)cc3)ncnc2[nH]1,8.771436383269602,0.09325653869474529,0.43657653119890333,392.434,4.308200000000003,83.06,3,5,4,7,0.18181818181818182,0,0.0,3.132893333333334,False,,0,,0,,0,,0.8727272727272727,0.7446251063005717,1.0,0.2375,Afatinib,0.12727272727272732,0.7625,0.7525795187310789,0.5696211947234995,1.0,0.940625,0.5696211947234995,0.8157064283636446,1.0,0.4303788052765005,0.5696211947234995,-0.08416921284342094,8.631551575227485,-0.015175650619278561,-0.0,0.5360227272727273,9.152398651880933,0.0,0.0,0.0,0.16297350659562565,0.0,0.16297350659562565,0.0,low,,8.989425145285308,True,pass,False,,0.7381203801478353,0.2402323125659979,0.19640971488912354,0.01795142555438226,0.8780359028511088,0.6494192185850053,0.8247096092925026,0.7930306230200633,0.4132523759239704,0.5537750791974657,9.648301502989698,265,0.0,9.653955240322267,0,192,0,73,advance,CCOc1ccccc1-c1cc2c(N[C@H](CO)c3ccccc3)ncnc2[nH]1
CN(C)c1cc2c(Nc3cccc(C(F)(F)F)c3)ncnc2cn1,7.985683466027389,0.06713341640969277,0.7888269776219573,333.317,3.853200000000003,53.94,1,5,3,3,0.1875,0,0.0,1.9000000000000001,False,,0,,0,,0,,0.7142857142857143,0.6799759903961584,0.963592709811197,0.34328358208955223,Afatinib,0.2857142857142857,0.6567164179104478,0.5744274750200623,0.8107779146151535,1.0,0.8868736368360097,0.5744274750200623,0.8180197566178063,1.0,0.4255725249799377,0.5744274750200623,-0.3247897087969922,7.88498334141285,0.5225769776219573,-0.0,0.5664845313973622,8.97404485043217,0.0,0.0,0.0,0.15696565622492215,0.0,0.15696565622492215,0.0,low,,8.817079194207247,True,pass,False,,0.40549102428722283,0.9804646251319957,0.9767687434002112,0.6752903907074974,0.6853220696937699,0.6800422386483632,0.8247096092925026,0.8880675818373812,0.6601372756071806,0.6973336853220696,9.766209581160787,235,0.0,9.65387961659373,0,193,0,42,advance,CNc1cc2c(Nc3cccc(C(F)(F)F)c3)ncnc2cn1
Nc1ccccc1-c1cc2c(N[C@H](CO)c3ccccc3)ncnc2[nH]1,9.174407251262403,0.1569345384757783,0.41570695632838517,345.406,3.3526000000000007,99.85,4,5,4,5,0.1,0,0.0,2.65,False,,1,aniline,0,,0,,0.7551020408163265,0.7271028861325357,1.0,0.19736842105263158,Afatinib,0.24489795918367352,0.8026315789473684,0.808747635882556,0.576715749057535,0.88,0.950657894736842,0.576715749057535,0.8040303199192332,0.950657894736842,0.37394214567930706,0.6260578543206929,0.00628975461776371,8.939005443548735,0.028206956328385206,-0.2,0.6009935553168636,9.368205955193984,0.0,0.0,0.08540180771366743,0.09242768209913384,0.0,0.29032948981280127,0.15,low,uncertain_prediction,9.077876465381182,True,pass,False,,0.9186906019007391,0.17159450897571277,0.6325237592397043,0.44825765575501586,0.8780359028511088,0.9039070749736009,0.5047518479408659,0.5596620908130939,0.6322597676874341,0.666077085533263,10.126917676418906,126,0.0,9.652168968021098,0,194,68,0,advance,OC[C@@H](Nc1ncnc2[nH]c(-c3ccccc3)cc12)c1ccccc1
COC(C)(C)COc1cnccc1-c1[nH]c2c(c1Nc1cc(C)cc(F)c1C)C(=O)NCC2,9.252975001092844,0.22401496794451536,0.4850605147304438,452.53000000000026,4.665940000000003,88.27000000000001,3,5,4,7,0.36,0,0.0,3.183533333333335,False,,0,,0,,0,,0.8194444444444444,0.7559941520467837,1.0,0.16346153846153846,Osimertinib,0.18055555555555558,0.8365384615384616,0.7814332727120503,0.5943396933581543,1.0,0.9591346153846154,0.5943396933581543,0.833726895363705,1.0,0.4056603066418457,0.5943396933581543,-0.06972483020220621,8.916952549176072,0.04353051473044358,-0.0,0.5822115384615385,9.542694602368055,0.0,0.0,0.18602245191677302,0.13207538330230717,0.0,0.4305978352190802,0.15,low,uncertain_prediction,9.112096767148975,True,pass,False,,0.9450897571277719,0.44931362196409713,0.162090813093981,0.16420274551214362,0.8780359028511088,0.7761351636747624,0.5047518479408659,0.34635691657866946,0.5723072861668427,0.6167634635691658,10.229463345768266,93,0.0,9.627212923431975,0,195,102,0,advance,COC(C)(C)COc1cnccc1-c1[nH]c2c(c1Nc1cccc(F)c1C)C(=O)NCC2
COc1cccc([C@@H](C)Nc2ncnc3[nH]c(-c4ccc(C(N)=O)cc4OC)cc23)c1,8.7644933203907,0.03761869319368822,0.41985913312563966,417.4690000000002,3.9141000000000012,115.14999999999999,3,6,4,7,0.17391304347826086,0,0.0,3.299793333333335,False,,0,,0,,0,,0.8360655737704918,0.6613430712831201,0.9297146750602182,0.24175824175824176,Osimertinib,0.16393442622950816,0.7582417582417582,0.7897902448620934,0.5540073950139737,1.0,0.8868464458556032,0.5540073950139737,0.8076610214329176,1.0,0.44599260498602633,0.5540073950139737,-0.02382770209443219,8.708065280600168,-0.05771856252653447,-0.0,0.5336716880408606,9.184018406114493,0.0,0.0,0.0,0.1824907562325329,0.0,0.1824907562325329,0.0,low,,9.001527649881961,True,pass,False,,0.737064413938754,0.17898627243928195,0.09714889123548047,0.09134107708553327,0.5955649419218585,0.6019007391763463,0.8247096092925026,0.9714889123548046,0.4003167898627244,0.5176082365364308,9.664398553949763,262,0.0,9.622657533725677,0,196,0,66,advance,COc1cc(C(N)=O)ccc1-c1cc2c(N[C@H](C)c3ccccc3)ncnc2[nH]1
COc1c(-c2cc3c(N[C@H](CO)c4ccccc4)ncnc3[nH]2)ccnc1Cl,9.127805309331023,0.15509656623840037,0.4292915685602144,395.85,3.8274000000000017,95.95,3,6,4,6,0.15,0,0.0,3.055666666666667,False,,0,,0,,0,,0.7142857142857143,0.6735187797175503,0.9518523267591822,0.23595505617977527,Osimertinib,0.2857142857142857,0.7640449438202247,0.7983837309658756,0.5685847216824769,1.0,0.9049004810244429,0.5685847216824769,0.8179672334181989,1.0,0.43141527831752313,0.5685847216824769,-0.026111336603097723,8.895160459973424,-0.014058431439785649,-0.0,0.5957479934072915,9.47685002194093,0.0,0.0,0.08264484935760055,0.16426909789690392,0.0,0.3594139472545045,0.15,low,uncertain_prediction,9.117436074686426,True,pass,False,,0.8922914466737064,0.20327349524815205,0.2967265047518479,0.6752903907074974,0.6552270327349525,0.6372756071805702,0.5047518479408659,0.5659978880675819,0.6217529039070749,0.6034054910242873,10.22295350662942,96,0.0,9.616522663915571,0,197,101,0,advance,COc1cnccc1-c1cc2c(N[C@H](CO)c3ccccc3)ncnc2[nH]1
COc1cc(C(N)=O)ccc1-c1cc2c(N[C@H](C)c3cccc(Cl)c3)ncnc2[nH]1,8.779000464180717,0.06301179040759884,0.4228625841149775,421.8880000000001,4.558900000000003,105.91999999999999,3,5,4,6,0.13636363636363635,0,0.0,3.229253333333334,False,,0,,0,,0,,0.8225806451612904,0.6564242355584506,0.9207713373790011,0.2808988764044944,Osimertinib,0.17741935483870963,0.7191011235955056,0.77564186275986,0.5583723699811864,1.0,0.8703537839331272,0.5583723699811864,0.8010920041685434,1.0,0.44162763001881356,0.5583723699811864,-0.0339335218782445,8.684482778569318,-0.04788905224865895,-0.0,0.5257618811008212,9.162355607421482,0.0,0.0,0.0,0.17703453752351694,0.0,0.17703453752351694,0.0,low,,8.985321069897966,True,pass,False,,0.7412882787750792,0.1900739176346357,0.11615628299894404,0.1494192185850053,0.5681098204857444,0.614572333685322,0.8247096092925026,0.8996832101372756,0.41890179514255543,0.5231784582893347,9.665037761592549,261,0.0,9.613135219845168,0,198,0,63,advance,COc1cc(C(N)=O)ccc1-c1cc2c(N[C@H](C)c3ccccc3)ncnc2[nH]1
COCCOc1cnccc1-c1[nH]c2c(c1Nc1ccc(F)c(F)c1Br)C(=O)NCC2,8.909313349290779,0.06148588240958631,0.3398762777334237,493.30800000000016,4.172100000000002,88.27000000000001,3,5,4,7,0.23809523809523808,0,0.0,3.455386666666668,False,,0,,0,,0,,0.8260869565217391,0.766105727526216,1.0,0.19801980198019803,Gefitinib,0.17391304347826086,0.801980198019802,0.8092882196359842,0.5040324655738959,1.0,0.9504950495049505,0.5040324655738959,0.8159539336787076,1.0,0.4959675344261041,0.5040324655738959,-0.008887618723631308,8.8170845256764,-0.1546221984570527,-0.0,0.568854928971158,9.231317256190504,0.0,0.0,0.0,0.2449594180326301,0.0,0.2449594180326301,0.0,low,,8.986357838157874,True,pass,False,,0.7930306230200633,0.016367476240760296,0.05227032734952482,0.1351636747624076,0.8780359028511088,0.47043294614572334,0.8247096092925026,0.9081309398099261,0.3950105596620908,0.521832101372756,9.705329927785012,254,0.0,9.61255635980518,0,199,0,55,advance,COCCOc1cnccc1-c1[nH]c2c(c1Nc1cccc(F)c1Br)C(=O)NCC2
C/C=C/C(=O)Cc1ncc2ncnc(Nc3cccc(Br)c3)c2c1C,8.230717806784313,0.11239617490993234,0.6412175592087311,397.2760000000001,4.527020000000003,67.77,1,5,3,5,0.15789473684210525,0,0.0,2.4151733333333345,False,,0,,0,,0,,0.6885245901639344,0.6087137702916391,0.8340250368938892,0.275,Sunvozertinib,0.3114754098360656,0.725,0.6040021292591256,0.7097783755135201,1.0,0.8067687776704169,0.6040021292591256,0.7801373206107656,1.0,0.39599787074087445,0.6040021292591256,-0.2348469218021867,8.062123544419414,0.2947310328929415,-0.0,0.5661701936497018,8.923024770962058,0.0,0.0,0.0185942623648985,0.11999733842609307,0.0,0.1385916007909916,0.0,low,,8.784433170171067,True,pass,False,,0.5374868004223865,0.8410770855332629,0.8262935586061246,0.8062302006335798,0.3273495248152059,0.8373812038014784,0.8247096092925026,0.7180570221752904,0.6952745512143611,0.6855068637803591,9.757354232419292,237,0.0,9.607041406707497,0,200,0,37,advance,C/C=C/C(=O)Cc1cc2c(Nc3cccc(Br)c3)ncnc2cn1
COc1cc(-c2[nH]c3c(c2Nc2cccc(F)c2C)C(=O)NCC3)c(OCC(C)(C)OC)cn1,8.77324402415046,0.13074508157688558,0.45439277832119024,468.52900000000034,4.366120000000003,97.5,3,6,4,8,0.36,0,0.0,3.390193333333335,False,,0,,0,,0,,0.7972972972972973,0.6945212069123771,0.9900385580225036,0.1875,Afatinib,0.20270270270270274,0.8125,0.7267894489337949,0.5695239767946032,1.0,0.9456539185168777,0.5695239767946032,0.8104918360613189,1.0,0.4304760232053968,0.5695239767946032,-0.11160318283669868,8.577126401785131,-0.018136221678809995,-0.0,0.5824758557218421,9.141466035828163,0.0,0.0,0.04611762236532836,0.163095029006746,0.0,0.20921265137207434,0.0,low,,8.93225338445609,True,pass,False,,0.7391763463569165,0.3321013727560718,0.07444561774023231,0.24656810982048574,0.7402323125659979,0.6430834213305174,0.8247096092925026,0.6557550158394931,0.4595300950369588,0.557259767687434,9.692902149872513,257,0.0,9.600965105681011,0,201,0,56,advance,COC(C)(C)COc1cnccc1-c1[nH]c2c(c1Nc1cccc(F)c1C)C(=O)NCC2
C/C=C/C(=O)Cc1ncc2ncnc(Nc3cccc(Br)c3)c2c1OC,8.214939288996396,0.0804428654782979,0.609966539144996,413.27500000000015,4.227200000000003,77.0,1,6,3,6,0.15789473684210525,0,0.0,2.6218333333333343,False,,0,,0,,0,,0.65625,0.588117179255239,0.7965766895549798,0.29069767441860467,Osimertinib,0.34375,0.7093023255813953,0.6224248164142905,0.6846418529400042,1.0,0.7747580985615837,0.6224248164142905,0.7704561919789695,1.0,0.3775751835857095,0.6224248164142905,-0.19737516741957217,8.094274990778949,0.23248101282920636,-0.0,0.5666223700631635,8.893378373671318,0.0,0.0,0.0,0.09696897948213691,0.0,0.09696897948213691,0.0,low,,8.796409394189181,True,pass,False,,0.53220696937698,0.7565997888067582,0.6552270327349525,0.9271383315733897,0.2249208025343189,0.8944033790918691,0.8247096092925026,0.839493136219641,0.6745248152059135,0.667766631467793,9.702808151918415,255,0.0,9.597729351950534,0,202,0,53,advance,C/C=C/C(=O)Cc1cc2c(Nc3cccc(Br)c3)ncnc2cn1
[2H]C([2H])([2H])Oc1cc(N)ccc1-c1cc2c(N[C@H](CO)c3ccccc3)ncnc2[nH]1,9.384704166556444,0.18476250592324123,0.3831487512444499,378.45030533400006,3.3612,109.08000000000001,4,6,4,6,0.14285714285714285,0,0.0,2.939668702226667,False,,1,aniline,0,,0,,0.8275862068965517,0.7363192708910173,1.0,0.2222222222222222,Osimertinib,0.1724137931034483,0.7777777777777778,0.8418422874928422,0.5476676323295757,0.88,0.9444444444444444,0.5476676323295757,0.8034885910667156,0.9444444444444444,0.3967768121148687,0.6032231878851313,0.05113826190150206,9.107560407671583,-0.043515839803835894,-0.2,0.560919540229885,9.424964108097633,0.0,0.0,0.12714375888486185,0.1209710151435859,0.0,0.3606147740284477,0.15,low,uncertain_prediction,9.064349334069185,True,pass,False,,0.9831045406546991,0.06335797254487856,0.42027455121436114,0.12724392819429778,0.8780359028511088,0.8336853220696938,0.5047518479408659,0.4635691657866948,0.543558606124604,0.604012671594509,10.077234435447158,142,0.0,9.564164539982595,0,203,61,0,advance,[2H]C([2H])([2H])Oc1ccccc1-c1cc2c(N[C@H](CO)c3ccccc3)ncnc2[nH]1
OCc1ccc(-c2cc3c(N[C@H](CO)c4ccccc4F)ncnc3[nH]2)cc1,8.544875683195398,0.036195191916018686,0.4125713732623113,378.40700000000004,3.4018000000000006,94.06,4,5,4,6,0.14285714285714285,0,0.0,2.9393800000000003,False,,0,,0,,0,,0.7454545454545455,0.653189941976388,0.9148908035934327,0.24675324675324675,Afatinib,0.2545454545454545,0.7532467532467533,0.7358822864576365,0.5638611783711943,1.0,0.8744797910067629,0.5638611783711943,0.7935558139588984,1.0,0.4361388216288057,0.5638611783711943,-0.07689803666834916,8.49058289532137,-0.01404991245197446,-0.0,0.5692421814178387,9.045775164287233,0.0,0.0,0.0,0.17017352703600713,0.0,0.17017352703600713,0.0,low,,8.875601637251226,True,pass,False,,0.662090813093981,0.15786694825765576,0.43400211193241817,0.513727560718057,0.5438225976768744,0.6261879619852164,0.8247096092925026,0.9736008447729673,0.49736008447729674,0.5652323125659979,9.64260726565999,267,0.0,9.553880412330424,0,204,0,63,advance,OCc1ccc(-c2cc3c(N[C@H](CO)c4ccccc4)ncnc3[nH]2)cc1
Cc1ccccc1[C@@H](CO)Nc1ncnc2[nH]c(-c3ccccc3)cc12,8.285106564738877,0.08650471492223272,0.509941198085486,344.41800000000006,4.078820000000002,73.83,3,4,4,5,0.14285714285714285,0,0.0,2.65,False,,0,,0,,0,,0.74,0.6656815776815777,0.9376028685119593,0.21052631578947367,Afatinib,0.26,0.7894736842105263,0.6357233407391563,0.6285445820239404,1.0,0.9005705724366011,0.6285445820239404,0.7912096237999244,1.0,0.37145541797605963,0.6285445820239404,-0.2073150440810242,8.155349492355528,0.12672691237120032,-0.0,0.5882428223911478,8.870319227117877,0.0,0.0,0.0,0.08931927247007455,0.0,0.08931927247007455,0.0,low,,8.780999954647802,True,pass,False,,0.5575501583949314,0.544350580781415,0.6325237592397043,0.544350580781415,0.6187961985216474,0.9123548046462513,0.8247096092925026,0.8141499472016895,0.5635163674762407,0.6428986272439283,9.546538868089366,296,0.0,9.552478307340516,0,205,0,91,advance,OC[C@@H](Nc1ncnc2[nH]c(-c3ccccc3)cc12)c1ccccc1
COc1c(F)cc(F)cc1Nc1c(-c2cc(C)ncc2OCC(C)(C)OC)[nH]c2c1C(=O)NCC2,8.732993292206295,0.09727895729968303,0.4337192158783446,486.51900000000035,4.505220000000004,97.5,3,6,4,8,0.36,0,0.0,3.510126666666669,False,,0,,0,,0,,0.8108108108108109,0.6766540130230055,0.9575527509509191,0.16822429906542055,Gefitinib,0.18918918918918914,0.8317757009345794,0.7401530529417957,0.5535406969382177,1.0,0.9261084884468342,0.5535406969382177,0.8049505595817119,1.0,0.4464593030617823,0.5535406969382177,-0.08639667551988828,8.58707485625677,-0.056799784121655685,-0.0,0.5740560331532387,9.104331105288352,0.0,0.0,0.0,0.18307412882722784,0.0,0.18307412882722784,0.0,low,,8.921256976461125,True,pass,False,,0.7296726504751848,0.2238648363252376,0.04382259767687434,0.19376979936642028,0.6737064413938754,0.5950369588173179,0.8247096092925026,0.781414994720169,0.4184530095036959,0.5246568109820486,9.606474716692787,279,0.0,9.550845149639583,0,206,0,73,advance,COc1c(F)cc(F)cc1Nc1c(-c2ccncc2OCC(C)(C)OC)[nH]c2c1C(=O)NCC2
COCCOc1cnccc1-c1[nH]c2c(c1Nc1c(OC)ccc(F)c1C)C(=O)NCC2,8.657448102692234,0.13904054867272836,0.46341515758014057,440.47500000000025,3.5875200000000023,97.5,3,6,4,8,0.30434782608695654,0,0.0,3.203166666666668,False,,0,,0,,0,,0.782608695652174,0.7401170306865347,1.0,0.21428571428571427,Gefitinib,0.21739130434782605,0.7857142857142857,0.6920336416021486,0.5816796187203593,1.0,0.9464285714285714,0.5816796187203593,0.8050354579377699,1.0,0.41832038127964066,0.5816796187203593,-0.15066908844749494,8.448887279683142,0.013374940188836018,-0.0,0.5835403726708075,9.045802592542785,0.0,0.0,0.05856082300909253,0.14790047659955086,0.0,0.2064612996086434,0.0,low,,8.839341292934142,True,pass,False,,0.7001055966209081,0.36061246040126715,0.14625131995776136,0.32470960929250264,0.8780359028511088,0.7360084477296727,0.8247096092925026,0.6230200633579726,0.4740496304118268,0.5862460401267159,9.614662149036977,274,0.0,9.542836541086201,0,207,0,67,advance,COCCOc1cnccc1-c1[nH]c2c(c1Nc1cccc(F)c1C)C(=O)NCC2
COc1cc(N)ccc1-c1cc2c(N[C@H](CO)c3ccccc3)ncnc2[nH]1,9.373452760202143,0.1985064042821111,0.38485350596732953,375.432,3.361200000000001,109.08000000000001,4,6,4,6,0.14285714285714285,0,0.0,2.9195466666666667,False,,1,aniline,0,,0,,0.8214285714285714,0.7851696217032467,1.0,0.2558139534883721,Osimertinib,0.1785714285714286,0.7441860465116279,0.829408707053058,0.5493791718717749,0.88,0.936046511627907,0.5493791718717749,0.7987085976381849,0.936046511627907,0.3866673397561321,0.6133326602438679,0.040933479219830704,9.075693153778976,-0.03879277974695617,-0.2,0.5536129568106313,9.390513330842653,0.0,0.0,0.14775960642316666,0.10833417469516514,0.0,0.3685937811183318,0.15,low,uncertain_prediction,9.021919549724322,True,pass,False,,0.9788806758183738,0.07391763463569166,0.48521647307286164,0.15575501583949314,0.8780359028511088,0.8674762407602957,0.5047518479408659,0.4192185850052798,0.5592133051742345,0.6148363252375926,10.061569297051735,147,0.0,9.534723140009433,0,208,61,0,advance,COc1ccccc1-c1cc2c(N[C@H](CO)c3ccccc3)ncnc2[nH]1
COCc1ccc(-c2cc3c(N[C@H](CO)c4ccccc4)ncnc3[nH]2)cc1,9.118947847545911,0.1976184393546596,0.4566903184543758,374.444,3.916800000000002,83.06,3,5,4,7,0.18181818181818182,0,0.0,3.01296,False,,0,,0,,0,,0.7962962962962963,0.7334625559625559,1.0,0.2125,Afatinib,0.20370370370370372,0.7875,0.7664040543382161,0.5852965982268298,1.0,0.946875,0.5852965982268298,0.8246439131412614,1.0,0.4147034017731702,0.5852965982268298,-0.07765314507072718,8.822520188513922,0.02292813663619397,-0.0,0.5779166666666666,9.423364991816783,0.0,0.0,0.14642765903198937,0.1433792522164628,0.0,0.40230691124845214,0.15,low,uncertain_prediction,9.02105808056833,True,pass,False,,0.883843717001056,0.3384371700105597,0.3648363252375924,0.26029567053854274,0.8780359028511088,0.7518479408658922,0.5047518479408659,0.42133051742344246,0.5722016895459346,0.6129619852164732,10.110007019271904,130,0.0,9.531612462828098,0,209,79,0,advance,OCc1ccc(-c2cc3c(N[C@H](CO)c4ccccc4)ncnc3[nH]2)cc1
COc1c(F)cc(Cl)cc1Nc1c(-c2ccncc2OCC(C)(C)OC)[nH]c2c1C(=O)NCC2,9.281657035679919,0.16365965269901778,0.4245719124215827,488.94700000000034,4.711100000000003,97.5,3,6,4,8,0.3333333333333333,0,0.0,3.526313333333335,False,,0,,0,,0,,0.8873239436619719,0.7997541792265432,1.0,0.2079207920792079,Osimertinib,0.11267605633802813,0.7920792079207921,0.8308525020306672,0.5478871159344345,1.0,0.948019801980198,0.5478871159344345,0.831689854986325,1.0,0.4521128840655655,0.5478871159344345,-0.001116470607543607,9.036167556631392,-0.07104175424508424,-0.0,0.5383279877283502,9.503453790114659,0.0,0.0,0.09548947904852666,0.19014110508195686,0.0,0.3981305841304835,0.15,low,uncertain_prediction,9.105323205984176,True,pass,False,,0.9545934530095037,0.1979936642027455,0.034318901795142555,0.011615628299894404,0.8780359028511088,0.5644139387539598,0.5047518479408659,0.5300950369588173,0.47663674762407604,0.5418954593453009,10.07541788726355,144,0.0,9.530597757198537,0,210,66,0,advance,COc1c(F)cc(F)cc1Nc1c(-c2ccncc2OCC(C)(C)OC)[nH]c2c1C(=O)NCC2
COc1ccccc1-c1cc2c(N[C@H](CO)c3ccc(F)cc3)ncnc2[nH]1,8.521588121265115,0.10212323771773668,0.47369454718191295,378.40700000000004,3.9181000000000017,83.06,3,5,4,6,0.14285714285714285,0,0.0,2.9393800000000003,False,,0,,0,,0,,0.8703703703703703,0.7612069786845193,1.0,0.25882352941176473,Osimertinib,0.12962962962962965,0.7411764705882353,0.6839107639138631,0.5974789240269752,1.0,0.9352941176470588,0.5974789240269752,0.8041709513969744,1.0,0.4025210759730248,0.5974789240269752,-0.16034691664414813,8.36840326468851,0.047073261467627185,-0.0,0.530686274509804,8.946162800665942,0.0,0.0,0.0031848565766050135,0.128151344966281,0.0,0.131336201542886,0.0,low,,8.814826599123055,True,pass,False,,0.6515311510031679,0.40971488912354803,0.43400211193241817,0.02164730728616684,0.8780359028511088,0.8046462513199577,0.8247096092925026,0.7613516367476241,0.44456177402323127,0.5912882787750793,9.47963692949382,324,0.0,9.52437253365315,0,211,0,113,advance,COc1ccccc1-c1cc2c(N[C@H](CO)c3ccccc3)ncnc2[nH]1
COc1cc(C(N)=O)ccc1-c1cc2c(N[C@H](C)c3cccc(N)c3)ncnc2[nH]1,8.790030475384485,0.07225542954317393,0.36507645702813607,402.4580000000001,3.4877000000000002,131.94,4,6,4,6,0.13636363636363635,0,0.0,3.0997200000000005,False,,1,aniline,0,,0,,0.8360655737704918,0.6613430712831201,0.9297146750602182,0.25555555555555554,Osimertinib,0.16393442622950816,0.7444444444444445,0.7719288181658996,0.5315720513654749,0.88,0.8833971174062748,0.5315720513654749,0.7667244967344123,0.8833971174062748,0.3518250660407999,0.6481749339592001,0.006939095241982995,8.681647331069724,-0.08624517933550033,-0.2,0.5295324939016666,8.92493464563589,0.0,0.0,0.0,0.06478133255099987,0.0,0.06478133255099987,0.0,low,,8.86015331308489,True,pass,False,,0.7486800422386484,0.03801478352692714,0.26874340021119325,0.09134107708553327,0.5955649419218585,0.9461457233368532,0.8247096092925026,0.8711721224920802,0.4030887011615628,0.5465153115100316,9.408641087029766,349,0.0,9.515971686896927,0,212,0,137,advance,COc1cc(C(N)=O)ccc1-c1cc2c(N[C@H](C)c3ccccc3)ncnc2[nH]1
C=CC(=O)NC1=NC=C2N=CN=C(Nc3cc(C)cc(F)c3)C21,8.80907879901856,0.19113333655036516,0.8209958025565295,311.32,2.15832,78.21000000000001,2,5,3,2,0.125,0,0.0,2.1500000000000004,False,,0,,0,,1,acrylamide_like,0.7272727272727273,0.5990200394487533,0.8164000717250058,0.2716049382716049,Osimertinib,0.2727272727272727,0.7283950617283951,0.6934763641693842,0.8188553837137835,0.92,0.7943988192258532,0.6934763641693842,0.8066826417772552,0.92,0.22652363583061585,0.7734763641693841,-0.1509417034771613,8.522378794193012,0.5109958025565294,-0.0,0.5453458091770427,9.578720405926584,0.0,0.0,0.13670000482554773,0.0,0.1,0.46170000482554774,0.3,medium,uncertain_prediction;reactive_warhead_could_inflate_proxy_score,9.117020401101035,True,pass,False,,0.7581837381203802,0.9878563885955649,0.9044350580781415,0.614572333685322,0.2840549102428722,0.9904963041182682,0.293558606124604,0.44350580781414994,0.7973336853220696,0.7065205913410771,10.535520828313068,14,0.0,9.51484511071033,0,213,199,0,review,C=CC(=O)NC1=NC=C2N=CN=C(Nc3cccc(C)c3)C21
COCCOc1cnccc1-c1[nH]c2c(c1Nc1cc(C)cc(F)c1C)C(=O)NCC2,8.987246245101534,0.19953167020598483,0.5010771966005143,424.4760000000002,3.887340000000002,88.27000000000001,3,5,4,7,0.30434782608695654,0,0.0,2.9965066666666687,False,,0,,0,,0,,0.8115942028985508,0.7463892906775575,1.0,0.18627450980392157,Gefitinib,0.18840579710144922,0.8137254901960784,0.7321393921311943,0.6103422017200264,1.0,0.9534313725490196,0.6103422017200264,0.8239782416000601,1.0,0.3896577982799736,0.6103422017200264,-0.12245179929182104,8.687948739792557,0.0820359792092097,-0.0,0.5789002557544757,9.348884974756242,0.0,0.0,0.14929750530897723,0.11207224784996701,0.0,0.3738697531589442,0.15,low,uncertain_prediction,8.975015221597298,True,pass,False,,0.8278775079197466,0.5195353748680043,0.39334741288278774,0.1853220696937698,0.8780359028511088,0.8611404435058078,0.5047518479408659,0.4118268215417107,0.5725184794086589,0.6291446673706441,10.035907150046633,157,0.0,9.50498882244207,0,214,57,0,advance,COCCOc1cnccc1-c1[nH]c2c(c1Nc1cccc(F)c1C)C(=O)NCC2
CCOc1c(OC)cccc1-c1cc2c(N[C@H](CO)c3ccccc3)ncnc2[nH]1,9.232558229886674,0.1702584181665915,0.40805553222987845,404.47,4.177700000000002,92.28999999999999,3,6,4,8,0.21739130434782608,0,0.0,3.313133333333334,False,,0,,0,,0,,0.8103448275862069,0.7456388281996655,1.0,0.23333333333333334,Osimertinib,0.18965517241379315,0.7666666666666666,0.8139586647550545,0.547002337598228,1.0,0.9416666666666667,0.547002337598228,0.8256569172549872,1.0,0.45299766240177197,0.547002337598228,-0.015597669999910413,8.977170602636788,-0.06717533733533902,-0.0,0.565344827586207,9.475340092887656,0.0,0.0,0.10538762724988726,0.19124707800221497,0.0,0.4091347052521022,0.15,low,uncertain_prediction,9.066205387635554,True,pass,False,,0.938753959873284,0.14519535374868003,0.08922914466737064,0.19640971488912354,0.8780359028511088,0.5596620908130939,0.5047518479408659,0.5100316789862724,0.5041446673706441,0.5517159450897571,10.080313693732428,139,0.0,9.503264521743263,0,215,76,0,advance,CCOc1ccccc1-c1cc2c(N[C@H](CO)c3ccccc3)ncnc2[nH]1
C[C@@H](Nc1ncnc2[nH]c(-c3ccc(CO)cc3)cc12)c1ccccc1F,8.2888320521197,0.04425418066351932,0.4909886981612095,362.4080000000001,4.429400000000002,73.83,3,4,4,5,0.14285714285714285,0,0.0,2.7327200000000005,False,,0,,0,,0,,0.7962962962962963,0.6805091013871231,0.9645620025220418,0.2631578947368421,Afatinib,0.20370370370370372,0.736842105263158,0.6662300865654615,0.6149391686040498,1.0,0.9076320282073208,0.6149391686040498,0.7972003208442081,1.0,0.38506083139595015,0.6149391686040498,-0.1746269790383288,8.22245078112442,0.09536641244692373,-0.0,0.5538597988761245,8.871676992447469,0.0,0.0,0.0,0.1063260392449377,0.0,0.1063260392449377,0.0,low,,8.765350953202532,True,pass,False,,0.5596620908130939,0.48627243928194297,0.5755015839493136,0.26029567053854274,0.689545934530095,0.883843717001056,0.8247096092925026,0.955649419218585,0.4874868004223865,0.6120116156282999,9.456661152954332,332,0.0,9.499764891956492,0,216,0,116,advance,C[C@@H](Nc1ncnc2[nH]c(-c3ccc(CO)cc3)cc12)c1ccccc1
COc1cc(F)c(C)c(Nc2c(-c3ccncc3OCC(C)(C)OC)[nH]c3c2C(=O)NCC3)c1,9.15111080765004,0.1917721149492096,0.45439277832119024,468.52900000000034,4.366120000000003,97.5,3,6,4,8,0.36,0,0.0,3.390193333333335,False,,0,,0,,0,,0.7972972972972973,0.7498024498024498,1.0,0.17142857142857143,Osimertinib,0.20270270270270274,0.8285714285714285,0.7785372214480634,0.5695239767946032,1.0,0.9571428571428571,0.5695239767946032,0.8263010138463809,1.0,0.4304760232053968,0.5695239767946032,-0.06368505653109002,8.863452635226226,-0.018136221678809995,-0.0,0.5897876447876448,9.43510405833506,0.0,0.0,0.1376581724238144,0.163095029006746,0.0,0.4132532014305604,0.15,low,uncertain_prediction,9.0218508569045,True,pass,False,,0.9081309398099261,0.3321013727560718,0.07444561774023231,0.24656810982048574,0.8780359028511088,0.6430834213305174,0.5047518479408659,0.43611404435058077,0.5355596620908131,0.5787486800422388,10.077775652844036,141,0.0,9.491349272955187,0,217,76,0,advance,COC(C)(C)COc1cnccc1-c1[nH]c2c(c1Nc1cccc(F)c1C)C(=O)NCC2
CCOc1ccccc1-c1cc2c(N[C@H](CO)c3ccccc3F)ncnc2[nH]1,8.547552499097383,0.06492833895290068,0.4365765311989034,392.434,4.308200000000002,83.06,3,5,4,7,0.18181818181818182,0,0.0,3.132893333333334,False,,0,,0,,0,,0.7758620689655172,0.6757832017359908,0.9559694577018014,0.2692307692307692,Afatinib,0.22413793103448276,0.7307692307692308,0.7164382875073154,0.5696211947234995,1.0,0.8996694009686588,0.5696211947234995,0.7964322207998684,1.0,0.4303788052765005,0.5696211947234995,-0.10665857772340404,8.450159990668032,-0.015175650619278506,-0.0,0.5590852026217369,8.994069542670491,0.0,0.0,0.0,0.16297350659562565,0.0,0.16297350659562565,0.0,low,,8.831096036074866,True,pass,False,,0.6631467793030623,0.24445617740232312,0.19640971488912354,0.3558606124604013,0.6710665258711721,0.6494192185850053,0.8247096092925026,0.8944033790918691,0.4479408658922915,0.550079197465681,9.53159858174124,299,0.0,9.491191073033683,0,218,0,81,advance,CCOc1ccccc1-c1cc2c(N[C@H](CO)c3ccccc3)ncnc2[nH]1
FC[C@@H](Nc1ncnc2[nH]c(-c3ccccc3)cc12)c1ccccc1,8.646219492217355,0.1514721841750508,0.5544851909686519,332.38200000000006,4.747600000000003,53.6,2,3,4,5,0.1,0,0.0,2.65,False,,0,,0,,0,,0.782608695652174,0.7130074103219883,1.0,0.22535211267605634,Afatinib,0.21739130434782605,0.7746478873239436,0.6805243441318033,0.6530437781096816,1.0,0.9436619718309859,0.6530437781096816,0.8193075235181178,1.0,0.3469562218903184,0.6530437781096816,-0.1850442391817525,8.419011215954779,0.16698519096865194,-0.0,0.5802204531537047,9.166216860077137,0.0,0.0,0.07720827626257618,0.05869527736289799,0.0,0.24840355362547417,0.15,low,uncertain_prediction,8.917813306451663,True,pass,False,,0.6937697993664202,0.6156282998944034,0.6325237592397043,0.32470960929250264,0.8780359028511088,0.9535374868004224,0.5047518479408659,0.5776135163674763,0.595142555438226,0.6587117212249208,9.880387926603008,208,0.0,9.483267371921569,0,219,11,0,advance,OC[C@@H](Nc1ncnc2[nH]c(-c3ccccc3)cc12)c1ccccc1
COC[C@@H](Nc1ncnc2[nH]c(-c3ccncc3OC)cc12)c1ccccc1,8.960966430129554,0.1889647340991247,0.5106489983913339,375.43200000000013,3.8281000000000027,84.95,2,6,4,7,0.19047619047619047,0,0.0,3.0195466666666677,False,,0,,0,,0,,0.8275862068965517,0.712153125032645,1.0,0.23333333333333334,Gefitinib,0.1724137931034483,0.7666666666666666,0.7329662936630013,0.6147205388588234,1.0,0.9416666666666667,0.6147205388588234,0.8223383747971229,1.0,0.3852794611411766,0.6147205388588234,-0.11916277484549542,8.677519328980868,0.07676461743895287,-0.0,0.5575862068965517,9.311870153316372,0.0,0.0,0.13344710114868705,0.10659932642647078,0.0,0.3525464275751578,0.15,low,uncertain_prediction,8.959323725741214,True,pass,False,,0.8120380147835269,0.5501583949313622,0.3600844772967265,0.12724392819429778,0.8780359028511088,0.880675818373812,0.5047518479408659,0.4530095036958817,0.554910242872228,0.6238648363252376,9.977762444763046,178,0.0,9.482961529331499,0,220,42,0,advance,COc1cnccc1-c1cc2c(N[C@H](CO)c3ccccc3)ncnc2[nH]1
CCOc1ccccc1-c1cc2c(N[C@H](CO)c3ccccc3C)ncnc2[nH]1,8.5170721738733,0.06700976022145232,0.43482098927761076,388.47100000000006,4.477520000000003,83.06,3,5,4,7,0.21739130434782608,0,0.0,3.106473333333334,False,,0,,0,,0,,0.7894736842105263,0.6870100113672158,0.9763818388494833,0.20987654320987653,Afatinib,0.21052631578947367,0.7901234567901234,0.7073612113133085,0.5696718005129424,1.0,0.9298172433346433,0.5696718005129424,0.8017125637902236,1.0,0.4303281994870576,0.5696718005129424,-0.1258018033025533,8.416557533541122,-0.009410880287606713,-0.0,0.575869338854671,8.983015992108186,0.0,0.0,0.0,0.16291024935882198,0.0,0.16291024935882198,0.0,low,,8.820105742749364,True,pass,False,,0.6494192185850053,0.23389651531151004,0.25343189017951423,0.2856388595564942,0.721752903907075,0.6589229144667371,0.8247096092925026,0.8901795142555439,0.4341605068637803,0.5488648363252377,9.504008600344722,310,0.0,9.478743546339649,0,221,0,89,advance,CCOc1ccccc1-c1cc2c(N[C@H](CO)c3ccccc3)ncnc2[nH]1
COc1ccccc1-c1cc2c(N[C@H](CO)c3ccccc3F)ncnc2[nH]1,8.384065715297783,0.07129118442879703,0.47369454718191295,378.40700000000004,3.9181000000000017,83.06,3,5,4,6,0.14285714285714285,0,0.0,2.9393800000000003,False,,0,,0,,0,,0.7586206896551724,0.6698623438111758,0.945204261474865,0.2692307692307692,Afatinib,0.24137931034482762,0.7307692307692308,0.6711125997242879,0.5974789240269752,1.0,0.8915955037984564,0.5974789240269752,0.7900467568874299,1.0,0.4025210759730248,0.5974789240269752,-0.15857887621752254,8.277128938654588,0.047073261467627185,-0.0,0.5641525242546579,8.888354724376873,0.0,0.0,0.0,0.128151344966281,0.0,0.128151344966281,0.0,low,,8.760203379410592,True,pass,False,,0.5997888067581837,0.40971488912354803,0.43400211193241817,0.4350580781414995,0.6362196409714889,0.8046462513199577,0.8247096092925026,0.8743400211193242,0.5039598732840549,0.5985744456177402,9.493106572317739,315,0.0,9.47849271415188,0,222,0,93,advance,COc1ccccc1-c1cc2c(N[C@H](CO)c3ccccc3)ncnc2[nH]1
COCCOc1cnccc1-c1[nH]c2c(c1Nc1cccc(Cl)c1C)C(=O)NCC2,8.967665771458856,0.1912869160152878,0.4950022523207182,426.90400000000017,4.093220000000002,88.27000000000001,3,5,4,7,0.2727272727272727,0,0.0,3.0126933333333348,False,,0,,0,,0,,0.8235294117647058,0.7562091503267974,1.0,0.1792452830188679,Erlotinib,0.17647058823529416,0.8207547169811321,0.7330156016540126,0.6063784182635745,1.0,0.9551886792452831,0.6063784182635745,0.8236456747907175,1.0,0.3936215817364255,0.6063784182635745,-0.12084009751560665,8.680735397435924,0.07037097959344528,-0.0,0.575638179800222,9.326744556829592,0.0,0.0,0.13693037402293168,0.11702697717053186,0.0,0.3664573511934635,0.15,low,uncertain_prediction,8.960287205636128,True,pass,False,,0.8183738120380147,0.5026399155227033,0.36642027455121434,0.1457233368532207,0.8780359028511088,0.8426610348468849,0.5047518479408659,0.44139387539598735,0.5529039070749736,0.6167370644139387,9.99022924531956,174,0.0,9.475371682932854,0,223,49,0,advance,COCCOc1cnccc1-c1[nH]c2c(c1Nc1cccc(F)c1C)C(=O)NCC2
Cc1ccc(Nc2ncnc3cnc(NCCN4CCOCC4)cc23)cc1C,8.129842800942516,0.09919026985148602,0.6824211096620202,378.4800000000002,3.129340000000002,75.2,2,7,4,6,0.38095238095238093,0,0.0,2.5898666666666683,False,,0,,0,,0,,0.7833333333333333,0.6969984115347019,0.9945425664267306,0.44871794871794873,Dacomitinib,0.21666666666666667,0.5512820512820513,0.5880275113395887,0.7257213539038547,1.0,0.8837274376405608,0.5880275113395887,0.799369075721001,1.0,0.41197248866041125,0.5880275113395887,-0.28178875250854973,7.981057396165287,0.3320363477572581,-0.0,0.511520256991298,8.824614000913844,0.0,0.0,0.0,0.13996561082551406,0.0,0.13996561082551406,0.0,low,,8.684648390088329,True,pass,False,,0.49947201689545934,0.9049630411826821,0.6937697993664202,0.3220696937697994,0.7497360084477297,0.7560718057022175,0.8247096092925026,0.7740232312565998,0.574234424498416,0.6589229144667371,9.513695310311943,307,0.0,9.475355887448414,0,224,0,83,advance,Cc1cccc(Nc2ncnc3cnc(NCCN4CCOCC4)cc23)c1
OCc1ccc(-c2cc3c(N[C@H](CO)c4ccccc4)ncnc3[nH]2)c(Cl)c1,9.377560200792772,0.2604140130685962,0.39745874990788893,394.8620000000001,3.916100000000002,94.06,4,5,4,6,0.14285714285714285,0,0.0,3.049080000000001,False,,0,,0,,0,,0.75,0.6913523361884018,0.984276974888003,0.20481927710843373,Sunvozertinib,0.25,0.7951807228915663,0.7871002410501756,0.5513300047570312,1.0,0.9370029118888938,0.5513300047570312,0.8188582894240252,1.0,0.4486699952429688,0.5513300047570312,-0.04234406449846606,8.986939181189877,-0.04561753580639689,-0.0,0.5971234605894706,9.53844510597295,0.0,0.0,0.24062101960289428,0.18583749405371103,0.0,0.5389585136566053,0.15,low,uncertain_prediction,8.999486592316345,True,pass,False,,0.9809926082365364,0.09609292502639916,0.30623020063357975,0.47729672650475186,0.7360084477296727,0.5844772967265047,0.5047518479408659,0.26610348468849,0.6020591341077086,0.5828933474128828,10.260916066902201,83,0.0,9.473958609211804,0,225,142,0,advance,OCc1ccc(-c2cc3c(N[C@H](CO)c4ccccc4)ncnc3[nH]2)cc1
[2H]C([2H])([2H])Oc1ccccc1-c1cc2c(N[C@H](CO)c3ccccc3F)ncnc2[nH]1,8.396396491663573,0.057647919303511326,0.4715375210917332,381.42530533400003,3.9181000000000017,83.06,3,5,4,6,0.14285714285714285,0,0.0,2.9595020355600004,False,,0,,0,,0,,0.7666666666666667,0.644691564914886,0.8994392089361563,0.2625,Afatinib,0.23333333333333328,0.7375,0.6837455794034354,0.595518635232761,1.0,0.8589544067021171,0.595518635232761,0.7845546553345784,1.0,0.40448136476723895,0.595518635232761,-0.13441210124152392,8.309924612708306,0.04189793004344743,-0.0,0.551109802234039,8.902932344985793,0.0,0.0,0.0,0.1306017059590487,0.0,0.1306017059590487,0.0,low,,8.772330639026745,True,pass,False,,0.604012671594509,0.38595564941921856,0.4028511087645195,0.4007391763463569,0.510559662090813,0.7866948257655755,0.8247096092925026,0.9155227032734953,0.4895723336853221,0.5774287222808869,9.490419145408179,316,0.0,9.46524510576381,0,226,0,90,advance,[2H]C([2H])([2H])Oc1ccccc1-c1cc2c(N[C@H](CO)c3ccccc3)ncnc2[nH]1
COC(C)(C)COc1cnccc1-c1[nH]c2c(c1Nc1cccc(Br)c1C)C(=O)NCC2,9.204122879317964,0.18228963421764127,0.42692930152046776,499.4090000000002,4.980920000000003,88.27000000000001,3,5,4,7,0.3333333333333333,0,0.0,3.4960600000000017,False,,0,,0,,0,,0.8309859154929577,0.7520905471185378,1.0,0.13793103448275862,Lazertinib,0.16901408450704225,0.8620689655172413,0.7984279758771422,0.5503472696824111,1.0,0.9655172413793103,0.5503472696824111,0.8285731217347159,1.0,0.4496527303175889,0.5503472696824111,-0.04019352781009833,8.930688427991502,-0.06414636514619915,-0.0,0.5846770276833414,9.451219090528644,0.0,0.0,0.1234344513264619,0.18706591289698615,0.0,0.42300036422344806,0.15,low,uncertain_prediction,9.028218726305196,True,pass,False,,0.9324181626187962,0.19957761351636746,0.048574445617740235,0.11087645195353749,0.8780359028511088,0.5786694825765576,0.5047518479408659,0.4720168954593453,0.4889651531151003,0.5453537486800423,10.037977274266765,155,0.0,9.457643224721247,0,227,72,0,advance,COC(C)(C)COc1cnccc1-c1[nH]c2c(c1Nc1cccc(F)c1C)C(=O)NCC2
COc1ccccc1[C@@H](CO)Nc1ncnc2[nH]c(-c3ccccc3)cc12,8.31835183821389,0.10896518924542578,0.48735811692842296,360.4170000000001,3.7790000000000017,83.06,3,5,4,6,0.14285714285714285,0,0.0,2.8194466666666673,False,,0,,0,,0,,0.7115384615384616,0.6614474772539289,0.9299045040980525,0.2261904761904762,Osimertinib,0.28846153846153844,0.7738095238095238,0.6283123270816743,0.6096067079003762,1.0,0.8908807590259202,0.6096067079003762,0.7821999485019926,1.0,0.3903932920996238,0.6096067079003762,-0.20518349522709123,8.154904054345751,0.07872683121413715,-0.0,0.5944266754750626,8.828057561034951,0.0,0.0,0.013447783868138663,0.11299161512452978,0.0,0.12643939899266843,0.0,low,,8.701618162042283,True,pass,False,,0.573389651531151,0.455649419218585,0.5300950369588173,0.6906019007391764,0.5976768743400211,0.8542766631467793,0.8247096092925026,0.7307286166842661,0.5667898627243928,0.6266367476240762,9.508205396304223,308,0.0,9.453582259191174,0,228,0,80,advance,OC[C@@H](Nc1ncnc2[nH]c(-c3ccccc3)cc12)c1ccccc1
CN(CCF)c1cc2c(Nc3cccc(Br)c3)ncnc2cn1,8.45924969643306,0.1609645003407059,0.7312883832113126,376.23300000000006,3.936600000000003,53.94,1,5,3,5,0.1875,0,0.0,2.274886666666667,False,,0,,0,,0,,0.8269230769230769,0.7598137375796702,1.0,0.36231884057971014,Afatinib,0.17307692307692313,0.6376811594202898,0.6271372738697709,0.764712969740581,1.0,0.9094202898550725,0.6271372738697709,0.8253176333663561,1.0,0.3728627261302291,0.6271372738697709,-0.26424047932878036,8.217802945922001,0.40880538321131255,-0.0,0.5191889632107023,9.145797292344016,0.0,0.0,0.09144675051105883,0.09107840766278637,0.0,0.29502515817384517,0.15,low,uncertain_prediction,8.850772134170171,True,pass,False,,0.6346356916578669,0.9376979936642027,0.8859556494192186,0.133051742344245,0.8780359028511088,0.9091869060190074,0.5047518479408659,0.5417106652587117,0.6326293558606125,0.6892291446673707,9.904952519376751,198,0.0,9.452847107771015,0,229,31,0,advance,CN(CC(O)CO)c1cc2c(Nc3cccc(Br)c3)ncnc2cn1
COc1c(F)cc(F)cc1Nc1c(-c2c(C)cncc2OCC(C)(C)OC)[nH]c2c1C(=O)NCC2,8.55233023227821,0.03914838282772411,0.4337192158783446,486.51900000000035,4.505220000000004,97.5,3,6,4,8,0.36,0,0.0,3.510126666666669,False,,0,,0,,0,,0.7866666666666666,0.6556909281207939,0.919438051128716,0.16822429906542055,Gefitinib,0.21333333333333337,0.8317757009345794,0.7356786900901457,0.5535406969382177,1.0,0.897522463580182,0.5535406969382177,0.7966854626521362,1.0,0.4464593030617823,0.5535406969382177,-0.08134236341598755,8.493607658036625,-0.056799784121655685,-0.0,0.5753922230625529,9.012200096977521,0.0,0.0,0.0,0.18307412882722784,0.0,0.18307412882722784,0.0,low,,8.829125968150294,True,pass,False,,0.665258711721225,0.2238648363252376,0.04382259767687434,0.3041182682154171,0.5665258711721225,0.5950369588173179,0.8247096092925026,0.9651531151003168,0.4115364308342133,0.5148363252375925,9.506043813978577,309,0.0,9.446929558435405,0,230,0,79,advance,COc1c(F)cc(F)cc1Nc1c(-c2ccncc2OCC(C)(C)OC)[nH]c2c1C(=O)NCC2
OCc1ccc(-c2cc3c(N[C@H](CO)c4ccc(F)cc4)ncnc3[nH]2)cc1,8.605773754595763,0.11674644995289507,0.4125713732623113,378.40700000000004,3.4018000000000006,94.06,4,5,4,6,0.14285714285714285,0,0.0,2.9393800000000003,False,,0,,0,,0,,0.8076923076923077,0.6859066974464278,0.9743758135389596,0.189873417721519,Afatinib,0.1923076923076923,0.810126582278481,0.6947209236819142,0.5638611783711943,1.0,0.93331350572384,0.5638611783711943,0.7979739019442371,1.0,0.4361388216288057,0.5638611783711943,-0.13767063768309717,8.43065407966642,-0.01404991245197446,-0.0,0.5731703896067457,8.98977455682119,0.0,0.0,0.025119674929342597,0.17017352703600713,0.0,0.19529320196534972,0.0,low,,8.79448135485584,True,pass,False,,0.6789862724392819,0.15786694825765576,0.43400211193241817,0.2096092925026399,0.7170010559662091,0.6261879619852164,0.8247096092925026,0.7032734952481521,0.44413938753959875,0.5436906019007393,9.52274182186871,300,0.0,9.446910077136728,0,231,0,69,advance,OCc1ccc(-c2cc3c(N[C@H](CO)c4ccccc4)ncnc3[nH]2)cc1
OC[C@@H](Nc1ncnc2[nH]c(-c3ccccc3Cl)cc12)c1ccccc1,9.103837606405463,0.2893599108476373,0.489660803919654,364.8360000000001,4.423800000000003,73.83,3,4,4,5,0.1,0,0.0,2.7489066666666675,False,,0,,0,,0,,0.7454545454545455,0.7199333687754741,1.0,0.21794871794871795,Sunvozertinib,0.2545454545454545,0.782051282051282,0.6984074640080197,0.6135862626686301,1.0,0.9455128205128205,0.6135862626686301,0.8143766367973675,1.0,0.38641373733136986,0.6135862626686301,-0.1546255637191306,8.669797740134007,0.08732480391965391,-0.0,0.5991608391608392,9.3562833832145,0.0,0.0,0.28403986627145594,0.10801717166421233,0.0,0.5045570379356683,0.15,low,uncertain_prediction,8.85172634527883,True,pass,False,,0.877507919746568,0.4767687434002112,0.5654699049630412,0.513727560718057,0.8780359028511088,0.8711721224920802,0.5047518479408659,0.21752903907074975,0.6777983104540655,0.6789598732840549,10.169641355759378,109,0.0,9.441478193219696,0,232,123,0,advance,OC[C@@H](Nc1ncnc2[nH]c(-c3ccccc3)cc12)c1ccccc1
[2H]C([2H])([2H])Oc1ccccc1-c1cc2c(N[C@H](CO)c3ccc(F)cc3)ncnc2[nH]1,8.557476446945005,0.13695835429737135,0.4715375210917332,381.42530533400003,3.9181000000000017,83.06,3,5,4,6,0.14285714285714285,0,0.0,2.9595020355600004,False,,0,,0,,0,,0.875,0.727659516853977,1.0,0.2345679012345679,Afatinib,0.125,0.7654320987654322,0.6684982637280913,0.595518635232761,1.0,0.941358024691358,0.595518635232761,0.8013437309130526,1.0,0.40448136476723895,0.595518635232761,-0.1771272895799485,8.352038915498948,0.04189793004344743,-0.0,0.5358796296296297,8.929816475172025,0.0,0.0,0.05543753144605702,0.1306017059590487,0.0,0.1860392374051057,0.0,low,,8.743777237766919,True,pass,False,,0.6663146779303062,0.38595564941921856,0.4028511087645195,0.014783526927138331,0.8780359028511088,0.7866948257655755,0.8247096092925026,0.6335797254487856,0.4404171066525871,0.5801742344244983,9.45831700315513,330,0.0,9.439986319076317,0,233,0,97,advance,[2H]C([2H])([2H])Oc1ccccc1-c1cc2c(N[C@H](CO)c3ccccc3)ncnc2[nH]1
C[C@@H](Nc1ncnc2[nH]c(-c3ccc(CO)cc3)cc12)c1cccc(Cl)c1,8.39418642199241,0.07907000936373201,0.45935398202683175,378.86300000000006,4.943700000000003,73.83,3,4,4,5,0.14285714285714285,0,0.0,2.84242,False,,0,,0,,0,,0.8113207547169812,0.6750946491644017,0.9547175439352756,0.2073170731707317,Sunvozertinib,0.18867924528301883,0.7926829268292683,0.6681975989434902,0.5933208439609113,1.0,0.9142088896587739,0.5933208439609113,0.7939318331407939,1.0,0.40667915603908866,0.5933208439609113,-0.16764564559640482,8.275581407946813,0.047276696312546045,-0.0,0.5613899244099578,8.884248028669317,0.0,0.0,0.0,0.13334894504886086,0.0,0.13334894504886086,0.0,low,,8.750899083620457,True,pass,False,,0.6029567053854277,0.353220696937698,0.5205913410770855,0.1900739176346357,0.6668426610348469,0.7708553326293559,0.8247096092925026,0.8447729672650475,0.458078141499472,0.5734160506863781,9.433941798468684,339,0.0,9.43899834444411,0,234,0,105,advance,C[C@@H](Nc1ncnc2[nH]c(-c3ccc(CO)cc3)cc12)c1ccccc1
C[C@@H](Nc1ncnc2[nH]c(-c3ccc(CO)cc3N)cc12)c1ccccc1,9.437885563891513,0.314518334205081,0.40537554986873847,359.4330000000001,3.8725000000000014,99.85,4,5,4,5,0.14285714285714285,0,0.0,2.7128866666666673,False,,1,aniline,0,,0,,0.7454545454545455,0.6393260188087775,0.8896836705614135,0.2,Afatinib,0.2545454545454545,0.8,0.7643085570293214,0.5686147575560112,0.88,0.8672627529210601,0.5686147575560112,0.7700465168765982,0.88,0.3113852424439888,0.6886147575560112,-0.007650613129702499,8.966108062583892,0.012728264154452657,-0.2,0.5769663721858078,9.355802698924153,0.0,0.0,0.3217775013076215,0.01423155305498601,0.0,0.4485090543626075,0.15,low,uncertain_prediction,8.907293644561545,True,pass,False,,0.9873284054910243,0.11826821541710665,0.5908130939809926,0.513727560718057,0.48310454065469904,0.9746568109820486,0.5047518479408659,0.1816261879619852,0.6593189017951425,0.6297254487856389,10.146985381078323,119,0.0,9.437964183104311,0,235,116,0,advance,C[C@@H](Nc1ncnc2[nH]c(-c3ccc(CO)cc3)cc12)c1ccccc1
[2H]C([2H])([2H])Oc1ccc(N)cc1-c1cc2c(N[C@H](CO)c3ccccc3)ncnc2[nH]1,9.288763401373375,0.1918077812741873,0.3831487512444499,378.45030533400006,3.3612,109.08000000000001,4,6,4,6,0.14285714285714285,0,0.0,2.939668702226667,False,,1,aniline,0,,0,,0.8275862068965517,0.708127963990033,1.0,0.2222222222222222,Osimertinib,0.1724137931034483,0.7777777777777778,0.8129254034514126,0.5476676323295757,0.88,0.9444444444444444,0.5476676323295757,0.7962593700563583,0.9444444444444444,0.3967768121148687,0.6032231878851313,0.0222213778600725,9.001051729462095,-0.043515839803835894,-0.2,0.560919540229885,9.318455429888143,0.0,0.0,0.13771167191128092,0.1209710151435859,0.0,0.3711826870548668,0.15,low,uncertain_prediction,8.947272742833276,True,pass,False,,0.9588173178458289,0.06335797254487856,0.42027455121436114,0.12724392819429778,0.8780359028511088,0.8336853220696938,0.5047518479408659,0.4350580781414995,0.5326293558606124,0.5953009503695882,9.957610656920878,184,0.0,9.436633883276782,0,236,52,0,advance,[2H]C([2H])([2H])Oc1ccccc1-c1cc2c(N[C@H](CO)c3ccccc3)ncnc2[nH]1
COc1cnccc1-c1cc2c(N[C@H](CO)c3cccc(F)c3)ncnc2[nH]1,8.937120088697304,0.15919611546097961,0.4756596282649301,379.39500000000004,3.3131000000000004,95.94999999999999,3,6,4,6,0.15,0,0.0,2.945966666666667,False,,0,,0,,0,,0.819672131147541,0.6629797871274905,0.9326905220499826,0.24175824175824176,Osimertinib,0.180327868852459,0.7582417582417582,0.7478427413516402,0.5983063852893014,1.0,0.8890783310979264,0.5983063852893014,0.808806864434717,1.0,0.40169361471069864,0.5983063852893014,-0.0812854974441024,8.698325915505835,0.04876462826493004,-0.0,0.5417926989686297,9.288883242739395,0.0,0.0,0.08879417319146941,0.1271170183883733,0.0,0.3284111915798427,0.15,low,uncertain_prediction,8.960472051159552,True,pass,False,,0.8035902851108765,0.4208025343189018,0.4118268215417107,0.16156282998944033,0.6029567053854277,0.8115100316789863,0.5047518479408659,0.5522703273495249,0.5398627243928193,0.5810718057022176,9.936718512010778,191,0.0,9.432758218002213,0,237,46,0,advance,COc1cnccc1-c1cc2c(N[C@H](CO)c3ccccc3)ncnc2[nH]1
COc1cnccc1-c1cc2c(N[C@H](CO)c3ccc(F)cc3)ncnc2[nH]1,8.417558108786432,0.09310741899180576,0.4756596282649301,379.39500000000004,3.3131000000000004,95.94999999999999,3,6,4,6,0.15,0,0.0,2.945966666666667,False,,0,,0,,0,,0.8305084745762712,0.6816892050317588,0.9667076455122886,0.25,Osimertinib,0.1694915254237288,0.75,0.664214333902344,0.5983063852893014,1.0,0.9125307341342165,0.5983063852893014,0.7937628633314654,1.0,0.40169361471069864,0.5983063852893014,-0.17273137257216198,8.277896980298724,0.04876462826493004,-0.0,0.5429480978187501,8.869609706382404,0.0,0.0,0.0,0.1271170183883733,0.0,0.1271170183883733,0.0,low,,8.74249268799403,True,pass,False,,0.6114044350580782,0.4208025343189018,0.4118268215417107,0.11615628299894404,0.6990496304118268,0.8115100316789863,0.8247096092925026,0.7940865892291447,0.4442977824709609,0.572571277719113,9.402767045347558,352,0.0,9.429578221256966,0,238,0,114,advance,COc1cnccc1-c1cc2c(N[C@H](CO)c3ccccc3)ncnc2[nH]1
Nc1cc(-c2cc3c(N[C@H](CO)c4ccccc4)ncnc3[nH]2)ccc1CO,9.189980644956092,0.08579445468321542,0.3306000523812286,375.43200000000013,2.8449000000000013,120.08,5,6,4,6,0.14285714285714285,0,0.0,2.9195466666666676,False,,1,aniline,0,,0,,0.8035714285714286,0.7562337662337663,1.0,0.18518518518518517,Afatinib,0.1964285714285714,0.8148148148148149,0.8624390429607723,0.5195397723994193,0.88,0.9537037037037037,0.5195397723994193,0.8039206297659738,0.9537037037037037,0.43416393130428443,0.5658360686957156,0.07802455092639793,9.06128896293127,-0.09304623333305728,-0.2,0.5828373015873016,9.351080031185516,0.0,0.0,0.0,0.16770491413035554,0.0,0.31770491413035556,0.2,low,potency_dominates_drug_likeness,9.03337511705516,True,pass,False,,0.928194297782471,0.011087645195353749,0.46673706441393875,0.22280887011615627,0.8780359028511088,0.6335797254487856,0.32787750791974657,0.8173178458289335,0.5344772967265048,0.5738912354804646,9.992452787257323,172,0.0,9.422044599631716,0,239,67,0,advance,OCc1ccc(-c2cc3c(N[C@H](CO)c4ccccc4)ncnc3[nH]2)cc1
COC(C)(C)COc1cnccc1-c1[nH]c2c(c1Nc1ccc(N)c(F)c1C)C(=O)NCC2,9.304870382498443,0.2041235711998964,0.40308540713916713,453.51800000000026,3.939720000000001,114.28999999999999,4,6,4,7,0.3333333333333333,0,0.0,3.190120000000002,False,,1,aniline,0,,0,,0.7945205479452054,0.7376440363289678,1.0,0.14150943396226415,Osimertinib,0.20547945205479456,0.8584905660377359,0.8083310957846832,0.5490000508496189,0.88,0.964622641509434,0.5490000508496189,0.800488447035934,0.964622641509434,0.4156225906598151,0.5843774093401849,0.010456864998332205,8.998685025698599,-0.042099259527499815,-0.2,0.6000129232359783,9.356598689407077,0.0,0.0,0.1561853567998446,0.1445282383247689,0.0,0.4132135951246135,0.15,low,uncertain_prediction,8.943385094282464,True,pass,False,,0.9630411826821542,0.11298838437170011,0.1536430834213305,0.264519535374868,0.8780359028511088,0.7455121436114044,0.5047518479408659,0.40549102428722283,0.5319165786694826,0.5807814149947202,9.994898583810457,171,0.0,9.415322792276129,0,240,69,0,advance,COC(C)(C)COc1cnccc1-c1[nH]c2c(c1Nc1cccc(F)c1C)C(=O)NCC2
COc1cncc(OC)c1-c1cc2c(N[C@H](CO)c3ccccc3)ncnc2[nH]1,9.018076009012816,0.17226027349128367,0.4442596553343351,391.43100000000004,3.1826000000000008,105.18,3,7,4,7,0.19047619047619047,0,0.0,3.126206666666667,False,,0,,0,,0,,0.7931034482758621,0.7171792441106347,1.0,0.24705882352941178,Osimertinib,0.2068965517241379,0.7529411764705882,0.7589368108093054,0.5741040924851664,1.0,0.9382352941176471,0.5741040924851664,0.8178190493530297,1.0,0.42589590751483364,0.5741040924851664,-0.07850965139163246,8.75968559877589,-0.005623725618045902,-0.0,0.5689858012170386,9.323047674374884,0.0,0.0,0.1083904102369255,0.15736988439354205,0.0,0.37826029463046756,0.15,low,uncertain_prediction,8.944787379744417,True,pass,False,,0.8468848996832101,0.26504751847940866,0.21541710665258712,0.26874340021119325,0.8780359028511088,0.6768743400211193,0.5047518479408659,0.5047518479408659,0.520168954593453,0.5734424498416051,9.947250419887027,188,0.0,9.407918319554344,0,241,53,0,advance,COc1cnccc1-c1cc2c(N[C@H](CO)c3ccccc3)ncnc2[nH]1
C=CC(=O)Cc1ncc2ncnc(Nc3cccc(Br)c3)c2c1OC,8.099707501997928,0.09562824779150364,0.6351545093338238,399.2480000000001,3.837100000000002,77.0,1,6,3,6,0.1111111111111111,0,0.0,2.528320000000001,False,,0,,0,,0,,0.6349206349206349,0.5691278644995335,0.7620506627264244,0.34146341463414637,Osimertinib,0.3650793650793651,0.6585365853658536,0.5829871020454295,0.7020919032105262,1.0,0.7361721433862818,0.5829871020454295,0.7553127871605594,1.0,0.4170128979545705,0.5829871020454295,-0.2297675801535065,7.956265130310673,0.2670176204449348,-0.0,0.5523593555770765,8.775642106332684,0.0,0.0,0.0,0.1462661224432132,0.0,0.1462661224432132,0.0,low,,8.62937598388947,True,pass,False,,0.4836325237592397,0.8120380147835269,0.7740232312565998,0.9598732840549102,0.11298838437170011,0.7423442449841605,0.8247096092925026,0.7845828933474129,0.6881203801478353,0.647518479408659,9.601386562510086,281,0.0,9.406398159179862,0,242,0,39,advance,C=CC(=O)Cc1cc2c(Nc3cccc(Br)c3)ncnc2cn1
COc1ccccc1-c1cc2c(N[C@H](CO)c3ccccc3C)ncnc2[nH]1,8.3118460881321,0.08593349506132987,0.4734806263536626,374.4440000000001,4.087420000000002,83.06,3,5,4,6,0.18181818181818182,0,0.0,2.9129600000000004,False,,0,,0,,0,,0.7719298245614035,0.6807959586071105,0.9650835611038372,0.2159090909090909,Osimertinib,0.22807017543859653,0.7840909090909091,0.6428080754900941,0.5983774214175914,1.0,0.9198353981006052,0.5983774214175914,0.7902552237520727,1.0,0.4016225785824086,0.5983774214175914,-0.19659619768263803,8.182945845540106,0.05471844453548075,-0.0,0.5791297419506004,8.816794032026188,0.0,0.0,0.0,0.12702822322801072,0.0,0.12702822322801072,0.0,low,,8.689765808798176,True,pass,False,,0.5702217529039071,0.3954593453009504,0.5047518479408659,0.3790918690601901,0.691129883843717,0.8173178458289335,0.8247096092925026,0.8152059134107709,0.48722280887011626,0.5928458289334742,9.401461402670327,353,0.0,9.401180803518345,0,243,0,110,advance,COc1ccccc1-c1cc2c(N[C@H](CO)c3ccccc3)ncnc2[nH]1
COc1cncc(OCC(C)(C)OC)c1-c1[nH]c2c(c1Nc1cccc(F)c1C)C(=O)NCC2,8.625166508249757,0.1409159549409637,0.45439277832119024,468.5290000000002,4.366120000000002,97.5,3,6,4,8,0.36,0,0.0,3.390193333333335,False,,0,,0,,0,,0.8055555555555556,0.6996384171384171,0.9993425766153038,0.18085106382978725,Afatinib,0.19444444444444442,0.8191489361702128,0.6826504586037647,0.5695239767946032,1.0,0.954294166504031,0.5695239767946032,0.8016171504755998,1.0,0.4304760232053968,0.5695239767946032,-0.15862225582911338,8.413792575838311,-0.018136221678809995,-0.0,0.5830803250048898,8.97873667916439,0.0,0.0,0.06137393241144555,0.163095029006746,0.0,0.22446896141819156,0.0,low,,8.754267717746199,True,pass,False,,0.6842661034846885,0.3321013727560718,0.07444561774023231,0.21858500527983105,0.7539598732840549,0.6430834213305174,0.8247096092925026,0.614572333685322,0.42922386483632524,0.5373020063357973,9.49380531696798,314,0.0,9.399030125349155,0,244,0,70,advance,COC(C)(C)COc1cnccc1-c1[nH]c2c(c1Nc1cccc(F)c1C)C(=O)NCC2
COc1ccc(F)c(C)c1Nc1c(-c2ccncc2OCC(C)(C)OC)[nH]c2c1C(=O)NCC2,8.96198261085704,0.1520368586403077,0.45439277832119024,468.52900000000034,4.366120000000003,97.5,3,6,4,8,0.36,0,0.0,3.390193333333335,False,,0,,0,,0,,0.7916666666666666,0.7431934566145093,1.0,0.18446601941747573,Gefitinib,0.20833333333333337,0.8155339805825242,0.7590698516660447,0.5695239767946032,1.0,0.9538834951456311,0.5695239767946032,0.8206193309015697,1.0,0.4304760232053968,0.5695239767946032,-0.08206597231403334,8.733927322896578,-0.018136221678809995,-0.0,0.5884101941747573,9.304201295392525,0.0,0.0,0.07805528796046153,0.163095029006746,0.0,0.3536503169672075,0.15,low,uncertain_prediction,8.950550978425317,True,pass,False,,0.8141499472016895,0.3321013727560718,0.07444561774023231,0.27666314677930304,0.8780359028511088,0.6430834213305174,0.5047518479408659,0.573389651531151,0.49928722280887017,0.560427666314678,9.90334596276317,199,0.0,9.398064178002931,0,245,46,0,advance,COC(C)(C)COc1cnccc1-c1[nH]c2c(c1Nc1cccc(F)c1C)C(=O)NCC2
C=CC(=O)Cc1cc2c(Nc3cccc(Cl)c3)ncnc2cn1,8.082592241173264,0.11815988550351811,0.7243767391930778,324.771,3.719400000000002,67.77000000000001,1,5,3,5,0.058823529411764705,0,0.0,2.1,False,,0,,0,,0,,0.7777777777777778,0.6584097966761734,0.9243814485021333,0.44776119402985076,Sunvozertinib,0.2222222222222222,0.5522388059701493,0.5629361404408535,0.767637975786962,1.0,0.8313457878691373,0.5629361404408535,0.7904799760242381,1.0,0.4370638595591465,0.5629361404408535,-0.30339178077784623,7.9053524129179875,0.4152590921342542,-0.0,0.49676700391657813,8.817378508968819,0.0,0.0,0.027239828255277154,0.17132982444893313,0.0,0.1985696527042103,0.0,low,,8.618808856264609,True,pass,False,,0.4751847940865892,0.9292502639915523,0.9186906019007391,0.34107708553326294,0.5712777191129884,0.6219640971488912,0.8247096092925026,0.6990496304118268,0.6057022175290391,0.6446673706441394,9.544221170003667,297,0.0,9.392409701037575,0,246,0,51,advance,C=CC(=O)Cc1cc2c(Nc3cccc(Br)c3)ncnc2cn1
CCOc1ccccc1-c1cc2c(N[C@H](CO)c3ccc(Cl)cc3)ncnc2[nH]1,8.652298577528617,0.10685782155648775,0.40794403699732057,408.88900000000007,4.8225000000000025,83.06,3,5,4,7,0.18181818181818182,0,0.0,3.242593333333334,False,,0,,0,,0,,0.8571428571428571,0.7321601067714235,1.0,0.2247191011235955,Osimertinib,0.1428571428571429,0.7752808988764045,0.7132741692926128,0.5496540921433981,1.0,0.9438202247191011,0.5496540921433981,0.8016871215387781,1.0,0.4503459078566019,0.5496540921433981,-0.11788393632822036,8.492011845193886,-0.060263144820861314,-0.0,0.5468699839486356,8.97861868432166,0.0,0.0,0.010286732334731617,0.18793238482075236,0.0,0.198219117155484,0.0,low,,8.780399567166176,True,pass,False,,0.6969376979936642,0.13199577613516367,0.10718057022175291,0.03748680042238648,0.8780359028511088,0.573389651531151,0.8247096092925026,0.7391763463569165,0.3635955649419219,0.5079197465681098,9.414933362251967,345,0.0,9.389903263047907,0,247,0,98,advance,CCOc1ccccc1-c1cc2c(N[C@H](CO)c3ccccc3)ncnc2[nH]1
CNc1ncc2ncnc(Nc3cc(N)cc(Br)c3)c2n1,8.012518527542385,0.07773686071880255,0.6265576274927883,346.192,2.5498000000000003,101.64,3,7,3,3,0.07692307692307693,0,0.0,1.9000000000000001,False,,1,aniline,0,,0,,0.7083333333333334,0.5904102885016528,0.8007459790939141,0.2328767123287671,Sunvozertinib,0.29166666666666663,0.7671232876712328,0.5737138293824344,0.7215297720441105,0.88,0.7923403062382438,0.5737138293824344,0.7418959769161972,0.88,0.3062861706175656,0.6937138293824344,-0.22424286337835042,7.895913236464181,0.34924993518509595,-0.2,0.5615734810748483,8.606736652724127,0.0,0.0,0.0,0.007857713271956987,0.0,0.007857713271956987,0.0,low,,8.59887893945217,True,pass,False,,0.4139387539598733,0.7903907074973601,0.9767687434002112,0.7043294614572334,0.24076029567053855,0.9778247096092925,0.8247096092925026,0.8500527983104541,0.6317317845828934,0.6576821541710666,9.3648147942236,363,0.0,9.38809752445745,0,248,0,115,advance,CNc1ncc2ncnc(Nc3cccc(Br)c3)c2n1
[2H]C([2H])([2H])Oc1ccccc1-c1cc2c(N[C@H](CO)c3ccccc3C)ncnc2[nH]1,8.337262908835013,0.08091643915268033,0.47140332812841834,377.46230533400006,4.0874200000000025,83.06,3,5,4,6,0.18181818181818182,0,0.0,2.9330820355600005,False,,0,,0,,0,,0.7796610169491526,0.6549196443820499,0.9180357170582724,0.20481927710843373,Afatinib,0.22033898305084743,0.7951807228915663,0.6526742198018771,0.5964609829490917,1.0,0.8873219685165958,0.5964609829490917,0.7841142928168912,1.0,0.40353901705090833,0.5964609829490917,-0.1752534306866853,8.215888250105992,0.04962284097623648,-0.0,0.5672156885049193,8.832726779587148,0.0,0.0,0.0,0.12942377131363542,0.0,0.12942377131363542,0.0,low,,8.703303008273512,True,pass,False,,0.5850052798310454,0.3775079197465681,0.44508975712777193,0.33368532206969376,0.5591341077085533,0.7977824709609292,0.8247096092925026,0.8373812038014784,0.47225448785638857,0.570036958817318,9.399432165014813,355,0.0,9.387347358854294,0,249,0,106,advance,[2H]C([2H])([2H])Oc1ccccc1-c1cc2c(N[C@H](CO)c3ccccc3)ncnc2[nH]1
COC(C)(C)COc1cnccc1-c1[nH]c2c(c1Nc1ccc(Cl)c(F)c1C)C(=O)NCC2,9.136035149145584,0.0877880505683672,0.44952373159382286,472.94800000000026,5.010920000000003,88.27000000000001,3,5,4,7,0.3333333333333333,1,0.45,3.3196533333333353,False,,0,,0,,0,,0.7945205479452054,0.7376440363289678,1.0,0.17475728155339806,Osimertinib,0.20547945205479456,0.8252427184466019,0.8475571518885391,0.5195590780176282,1.0,0.9563106796116505,0.5195590780176282,0.8308567273794545,1.0,0.48044092198237176,0.5195590780176282,0.022267232678779503,9.004353073293034,-0.7150909350728442,-0.0,0.590038568958638,8.879300707178828,0.0,0.0,0.0,0.2255511524779647,0.0,0.2255511524779647,0.0,low,,8.653749554700864,True,pass,False,,0.8965153115100317,0.31414994720168954,0.08025343189017951,0.264519535374868,0.8780359028511088,0.49366420274551215,0.8247096092925026,0.808870116156283,0.5312038014783528,0.6106388595564942,9.516745268952851,305,0.0,9.386516186168658,0,250,0,55,advance,COC(C)(C)COc1cnccc1-c1[nH]c2c(c1Nc1cccc(F)c1C)C(=O)NCC2
COc1cnccc1-c1cc2c(N[C@H](CO)c3cccc(C)c3)ncnc2[nH]1,8.872507118634973,0.16013721565983108,0.47744401018345334,375.4320000000001,3.482420000000001,95.94999999999999,3,6,4,6,0.19047619047619047,0,0.0,2.919546666666667,False,,0,,0,,0,,0.8333333333333334,0.6731600116747701,0.9512000212268547,0.21739130434782608,Osimertinib,0.16666666666666663,0.782608695652174,0.7310307286968614,0.600303949190643,1.0,0.9090521898331845,0.600303949190643,0.8100967169301723,1.0,0.399696050809357,0.600303949190643,-0.10542131764441443,8.632301295145226,0.058559629231072344,-0.0,0.5475826140023659,9.238443538378663,0.0,0.0,0.09020582348974661,0.12462006351169626,0.0,0.32732588700144283,0.15,low,uncertain_prediction,8.91111765137722,True,pass,False,,0.7793030623020063,0.426610348468849,0.47571277719112987,0.10190073917634636,0.6504751847940866,0.8257655755015839,0.5047518479408659,0.545934530095037,0.5277455121436114,0.5809398099260824,9.871738152950996,214,0.0,9.38324542328852,0,251,37,0,advance,COc1cnccc1-c1cc2c(N[C@H](CO)c3ccccc3)ncnc2[nH]1
C/C=C/C(=O)Cc1cc2c(Nc3cccc(Br)c3)ncnc2cc1F,8.67771705351525,0.22357243822032605,0.6153130938824319,400.25100000000003,4.9627000000000026,54.88,1,4,3,5,0.10526315789473684,0,0.0,2.435006666666667,False,,0,,0,,0,,0.7166666666666667,0.6517460317460317,0.9122655122655121,0.38461538461538464,Osimertinib,0.2833333333333333,0.6153846153846154,0.6379285566245844,0.694768099071235,1.0,0.8380452880452879,0.6379285566245844,0.7926854859352768,1.0,0.36207144337541564,0.6379285566245844,-0.20634257241425658,8.34235839618476,0.26058840967190555,-0.0,0.5401817626817627,9.14312856853843,0.0,0.0,0.18535865733048906,0.07758930421926956,0.0,0.3754479615497586,0.15,low,uncertain_prediction,8.767680606988671,True,pass,False,,0.7159450897571278,0.7808870116156283,0.8051742344244984,0.6631467793030623,0.5332629355860612,0.9324181626187962,0.5047518479408659,0.3474128827877508,0.7317581837381204,0.6931626187961986,10.021238389024173,164,0.0,9.37447574954411,0,252,88,0,advance,C/C=C/C(=O)Cc1ccc2ncnc(Nc3cccc(Br)c3)c2c1
COCCOc1cnc(F)cc1-c1[nH]c2c(c1Nc1cccc(F)c1C)C(=O)NCC2,8.664562154989556,0.14465104141810112,0.39441086177666607,428.4390000000002,3.718020000000002,88.27000000000001,3,5,4,7,0.2727272727272727,0,0.0,3.0229266666666685,False,,0,,0,,0,,0.8115942028985508,0.6992539055147751,0.9986434645723182,0.2111111111111111,Afatinib,0.18840579710144922,0.7888888888888889,0.6898848097547181,0.5506595637207561,1.0,0.9462048206514608,0.5506595637207561,0.7966872985317338,1.0,0.4493404362792439,0.5506595637207561,-0.14240331836935427,8.447585592862405,-0.031755410950606924,-0.0,0.5711101415053984,8.986940323417196,0.0,0.0,0.06697656212715167,0.1866755453490549,0.0,0.2536521074762066,0.0,low,,8.73328821594099,True,pass,False,,0.7106652587117213,0.09028511087645195,0.3468848996832101,0.1853220696937698,0.752375923970433,0.5818373812038015,0.8247096092925026,0.5976768743400211,0.4269535374868004,0.5257391763463569,9.499284568401356,312,0.0,9.364175227556618,0,253,0,59,advance,COCCOc1cnccc1-c1[nH]c2c(c1Nc1cccc(F)c1C)C(=O)NCC2
Cc1ccccc1[C@@H](CO)Nc1ncnc2[nH]c(-c3ccc(CO)cc3)cc12,8.435069283127968,0.09413228690947975,0.41391200859578564,374.44400000000013,3.5711200000000014,94.06,4,5,4,6,0.18181818181818182,0,0.0,2.912960000000001,False,,0,,0,,0,,0.7454545454545455,0.647790499973434,0.9050736363153343,0.2,Afatinib,0.2545454545454545,0.8,0.6678747199453561,0.565614681650759,1.0,0.8788052272365008,0.565614681650759,0.7780736572081539,1.0,0.434385318349241,0.565614681650759,-0.14693191635039715,8.293870852763748,-0.004850173222396285,-0.0,0.5808138636242881,8.86983454316564,0.0,0.0,0.0,0.16798164793655124,0.0,0.16798164793655124,0.0,low,,8.701852895229088,True,pass,False,,0.6219640971488912,0.1631467793030623,0.4952481520591341,0.513727560718057,0.5195353748680043,0.6309398099260823,0.8247096092925026,0.791974656810982,0.489545934530095,0.5490760295670538,9.457289664601754,331,0.0,9.360744130709552,0,254,0,77,advance,OCc1ccc(-c2cc3c(N[C@H](CO)c4ccccc4)ncnc3[nH]2)cc1
OC[C@@H](Nc1ncnc2[nH]c(-c3ccccc3)cc12)c1ccc(Cl)cc1,8.386829872669873,0.1448176378399666,0.489660803919654,364.8360000000001,4.423800000000003,73.83,3,4,4,5,0.1,0,0.0,2.7489066666666675,False,,0,,0,,0,,0.851063829787234,0.7515084514040756,1.0,0.20253164556962025,Sunvozertinib,0.14893617021276595,0.7974683544303798,0.6203351216794917,0.6135862626686301,1.0,0.9493670886075949,0.6135862626686301,0.7958221182389291,1.0,0.38641373733136986,0.6135862626686301,-0.23398266207925011,8.169603415909924,0.08732480391965391,-0.0,0.5562617829248586,8.813190002754435,0.0,0.0,0.06722645675994988,0.10801717166421233,0.0,0.17524362842416222,0.0,low,,8.637946374330273,True,pass,False,,0.600844772967265,0.4767687434002112,0.5654699049630412,0.046462513199577615,0.8780359028511088,0.8711721224920802,0.8247096092925026,0.5966209081309398,0.45984688489968323,0.6001847940865893,9.365006264634054,362,0.0,9.35816812723418,0,255,0,107,advance,OC[C@@H](Nc1ncnc2[nH]c(-c3ccccc3)cc12)c1ccccc1
C=CC(=O)NC1=NC=C2N=CN=C(Nc3cc(C)cc(Cl)c3)C21,8.723602908051257,0.21325440242530563,0.8190700626355097,327.775,2.672620000000001,78.21000000000001,2,5,3,2,0.125,0,0.0,2.1500000000000004,False,,0,,0,,1,acrylamide_like,0.7272727272727273,0.6127944469323781,0.84144444896796,0.2875,Osimertinib,0.2727272727272727,0.7125,0.6566226453151003,0.8177962267572227,0.92,0.80920833672597,0.6566226453151003,0.8009068021995733,0.92,0.26337735468489976,0.7366226453151002,-0.19237887584596403,8.403721304413299,0.5090700626355097,-0.0,0.5468383849692627,9.459629752018072,0.0,0.0,0.16988160363795846,0.0,0.1,0.4948816036379584,0.3,medium,uncertain_prediction;reactive_warhead_could_inflate_proxy_score,8.964748148380114,True,pass,False,,0.7286166842661035,0.984688489968321,0.9044350580781415,0.614572333685322,0.3505807814149947,0.9873284054910243,0.293558606124604,0.3801478352692714,0.7833949313621964,0.7003431890179515,10.399703669652707,38,0.0,9.355159975201657,0,256,218,0,review,C=CC(=O)NC1=NC=C2N=CN=C(Nc3cccc(C)c3)C21
COc1cnccc1-c1cc2c(N[C@H](CO)c3ccccc3F)ncnc2[nH]1,8.32176784761234,0.07314667602634048,0.4756596282649301,379.39500000000004,3.3131000000000004,95.94999999999999,3,6,4,6,0.15,0,0.0,2.945966666666667,False,,0,,0,,0,,0.7741935483870968,0.6258847735879334,0.8652450428871514,0.25609756097560976,Afatinib,0.22580645161290325,0.7439024390243902,0.6542392886846469,0.5983063852893014,1.0,0.8349093919214612,0.5983063852893014,0.7718637664738524,1.0,0.40169361471069864,0.5983063852893014,-0.15683263705227402,8.21204783357283,0.04876462826493004,-0.0,0.5410948956549114,8.801907357492672,0.0,0.0,0.0,0.1271170183883733,0.0,0.1271170183883733,0.0,low,,8.674790339104298,True,pass,False,,0.5765575501583949,0.4208025343189018,0.4118268215417107,0.368532206969377,0.41657866948257655,0.8115100316789863,0.8247096092925026,0.8648363252375924,0.47909186906019,0.5626451953537487,9.3768176003649,360,0.0,9.349964573528796,0,257,0,103,advance,COc1cnccc1-c1cc2c(N[C@H](CO)c3ccccc3)ncnc2[nH]1
C[C@@H](Nc1ncnc2[nH]c(-c3ccc(CO)cc3)cc12)c1ccc(F)cc1,8.19757007610053,0.07888069098850257,0.4909886981612095,362.4080000000001,4.429400000000003,73.83,3,4,4,5,0.14285714285714285,0,0.0,2.7327200000000005,False,,0,,0,,0,,0.8333333333333334,0.786840832123851,1.0,0.20512820512820512,Afatinib,0.16666666666666663,0.7948717948717949,0.6191760353331806,0.6149391686040498,1.0,0.9487179487179487,0.6149391686040498,0.7957082881637947,1.0,0.38506083139595015,0.6149391686040498,-0.23537633710748562,8.079249039617775,0.09536641244692373,-0.0,0.5634615384615385,8.738076990526237,0.0,0.0,0.0,0.1063260392449377,0.0,0.1063260392449377,0.0,low,,8.6317509512813,True,pass,False,,0.5227032734952481,0.48627243928194297,0.5755015839493136,0.10190073917634636,0.8780359028511088,0.883843717001056,0.8247096092925026,0.8458289334741288,0.43917634635691655,0.5984424498416051,9.265088606154537,402,0.0,9.349881891091226,0,258,0,144,advance,C[C@@H](Nc1ncnc2[nH]c(-c3ccc(CO)cc3)cc12)c1ccccc1
Cc1c(CC(=O)/C=C\Cl)ncc2ncnc(Nc3cccc(Br)c3)c12,8.088400628079825,0.09998482998101321,0.6092838055589443,417.6940000000001,4.703420000000002,67.77,1,5,3,5,0.1111111111111111,0,0.0,2.5512933333333336,False,,0,,0,,0,,0.6721311475409836,0.5940278778598451,0.8073234142906274,0.2911392405063291,Sunvozertinib,0.3278688524590164,0.7088607594936709,0.5771107760332469,0.6869794263907527,1.0,0.7827077505913882,0.5771107760332469,0.761699488253847,1.0,0.4228892239667531,0.5771107760332469,-0.24611828296080007,7.938423383108304,0.2377009166700554,-0.0,0.5620300650273156,8.738154364805675,0.0,0.0,0.0,0.1536115299584414,0.0,0.1536115299584414,0.0,low,,8.584542834847234,True,pass,False,,0.47940865892291445,0.7513199577613516,0.7412882787750792,0.877507919746568,0.2608236536430834,0.6969376979936642,0.8247096092925026,0.7708553326293559,0.6526927138331573,0.6351900739176347,9.521385621405464,301,0.0,9.346770923548396,0,259,0,42,advance,O=C(/C=C\Cl)Cc1cc2c(Nc3cccc(Br)c3)ncnc2cn1
Fc1cc(Br)cc(Nc2ncnc3cnc(NCCN4CCOCC4)cc23)c1,8.272165218432521,0.12907447102501982,0.6000676648570857,447.31200000000035,3.414100000000002,75.2,2,7,4,6,0.3157894736842105,0,0.0,3.0487466666666694,False,,0,,0,,0,,0.7580645161290323,0.6685826001955034,0.9428774549009152,0.4024390243902439,Dacomitinib,0.24193548387096775,0.5975609756097561,0.6026891748906165,0.6627777284919099,1.0,0.8565483350781254,0.6026891748906165,0.7805038096151629,1.0,0.39731082510938354,0.6026891748906165,-0.2370861796327287,8.078553511894992,0.1743346122255064,-0.0,0.5238586241500911,8.776746748270588,0.0,0.0,0.043611706537529715,0.12163853138672943,0.0,0.16525023792425914,0.0,low,,8.61149651034633,True,pass,False,,0.5543822597676874,0.7170010559662091,0.3199577613516367,0.44350580781414994,0.6314677930306231,0.8321013727560718,0.8247096092925026,0.6610348468848997,0.5295670538542767,0.6120908130939811,9.41222721289572,346,0.0,9.346005486059108,0,260,0,86,advance,Brc1cccc(Nc2ncnc3cnc(NCCN4CCOCC4)cc23)c1
COCCOc1cnc(C)cc1-c1[nH]c2c(c1Nc1cccc(F)c1Br)C(=O)NCC2,8.627180896517443,0.12797481332635058,0.4301239908832108,489.3450000000002,4.341420000000002,88.27000000000001,3,5,4,7,0.2727272727272727,0,0.0,3.4289666666666685,False,,0,,0,,0,,0.8028169014084507,0.6867374293924481,0.9758862352589964,0.20652173913043478,Afatinib,0.19718309859154926,0.7934782608695652,0.6922128548009152,0.5546848616524325,1.0,0.9302842416616386,0.5546848616524325,0.7942954895287466,1.0,0.44531513834756753,0.5546848616524325,-0.13611017963710847,8.435218676527917,-0.05694828184406221,-0.0,0.5707474314418158,8.94901782612567,0.0,0.0,0.04196221998952586,0.1816439229344594,0.0,0.22360614292398528,0.0,low,,8.725411683201685,True,pass,False,,0.6863780359028511,0.2085533262935586,0.06705385427666315,0.2275607180570222,0.720168954593453,0.6071805702217529,0.8247096092925026,0.6663146779303062,0.4061510031678986,0.5151795142555439,9.436399029927149,337,0.0,9.343627100308337,0,261,0,76,advance,COCCOc1cnccc1-c1[nH]c2c(c1Nc1cccc(F)c1Br)C(=O)NCC2
C/C=C/C(=O)Cc1cc2c(Nc3cccc(Br)c3)ncnc2cc1OC,8.541103641264172,0.1671319330780071,0.5878031137339145,412.2870000000001,4.832200000000004,64.11,1,5,3,6,0.15,0,0.0,2.615246666666667,False,,0,,0,,0,,0.6935483870967742,0.6485553916520546,0.9064643484582809,0.41025641025641024,Osimertinib,0.30645161290322576,0.5897435897435898,0.643283557161438,0.6727053022972427,1.0,0.8272841587796081,0.643283557161438,0.7858182545595722,1.0,0.35671644283856196,0.643283557161438,-0.19004626319751217,8.290405741647161,0.21051611373391443,-0.0,0.5414423898440988,9.042364245225174,0.0,0.0,0.10069789961701066,0.07089555354820247,0.0,0.2840934531652131,0.15,low,uncertain_prediction,8.758270792059962,True,pass,False,,0.6578669482576558,0.6995776135163675,0.67740232312566,0.7803590285110876,0.5237592397043295,0.941921858500528,0.5047518479408659,0.5237592397043295,0.6936378035902852,0.6713041182682155,9.874729609533517,211,0.0,9.33883573398182,0,262,51,0,advance,C/C=C/C(=O)Cc1ccc2ncnc(Nc3cccc(Br)c3)c2c1
CNc1ncc2ncnc(Nc3cc(Br)cc(OC)c3)c2n1,7.877252306246279,0.06822373215014176,0.7389979395132379,361.2030000000001,2.9762000000000013,84.85000000000001,2,7,3,4,0.14285714285714285,0,0.0,2.0746866666666675,False,,0,,0,,0,,0.6666666666666666,0.5628253968253969,0.7505916305916306,0.25316455696202533,Osimertinib,0.33333333333333337,0.7468354430379747,0.5465564640564706,0.7766532257066399,1.0,0.7496525837032166,0.5465564640564706,0.7682155683665818,1.0,0.4534435359435294,0.5465564640564706,-0.2955454724134815,7.774916708021067,0.44208065379895206,-0.0,0.5616985405593,8.778695902379319,0.0,0.0,0.0,0.19180441992941172,0.0,0.19180441992941172,0.0,low,,8.586891482449907,True,pass,False,,0.35163674762407604,0.9445617740232313,0.9255543822597677,0.8938753959873285,0.09503695881731784,0.5543822597676874,0.8247096092925026,0.8817317845828934,0.6647571277719113,0.6206177402323125,9.576404455705612,288,0.0,9.331632770728682,0,263,0,25,advance,CNc1ncc2ncnc(Nc3cccc(Br)c3)c2n1
CCOc1c(F)cc(F)cc1Nc1c(-c2ccncc2OCC(C)(C)OC)[nH]c2c1C(=O)NCC2,9.276927000280045,0.211964093304595,0.40951231101206825,486.51900000000035,4.5869000000000035,97.5,3,6,4,9,0.36,0,0.0,3.610126666666669,False,,0,,0,,0,,0.8888888888888888,0.7808733488733488,1.0,0.1651376146788991,Gefitinib,0.11111111111111116,0.8348623853211009,0.7958568847567947,0.5363807454156118,1.0,0.9587155963302753,0.5363807454156118,0.8227383066256704,1.0,0.46361925458438824,0.5363807454156118,-0.03584189582516761,8.958980860323152,-0.09600668898793205,-0.0,0.5504587155963303,9.413432886931549,0.0,0.0,0.1679461399568925,0.2045240682304853,0.0,0.4849702081873778,0.15,low,uncertain_prediction,8.928462678744172,True,pass,False,,0.9524815205913411,0.14994720168954592,0.021119324181626188,0.010559662090813094,0.8780359028511088,0.5300950369588173,0.5047518479408659,0.382259767687434,0.4638859556494192,0.5218057022175291,9.970096033710853,182,0.0,9.329629521405208,0,264,82,0,advance,COc1c(F)cc(F)cc1Nc1c(-c2ccncc2OCC(C)(C)OC)[nH]c2c1C(=O)NCC2
COc1c(CC(=O)/C=C\Cl)ncc2ncnc(Nc3cccc(Br)c3)c12,8.127156107971961,0.0964637056236614,0.5805333048727502,433.69300000000004,4.403600000000003,77.0,1,6,3,6,0.1111111111111111,0,0.0,2.757953333333334,False,,0,,0,,0,,0.640625,0.5725596892986051,0.768290344179282,0.3058823529411765,Osimertinib,0.359375,0.6941176470588235,0.5892644330564274,0.6632181894748845,1.0,0.7497471698991673,0.5892644330564274,0.7505574481076198,1.0,0.4107355669435726,0.5892644330564274,-0.21505735340158993,7.982460549536469,0.17795141598386124,-0.0,0.5620266301624676,8.722438595682798,0.0,0.0,0.0,0.13841945867946576,0.0,0.13841945867946576,0.0,low,,8.584019137003333,True,pass,False,,0.49736008447729674,0.6916578669482577,0.5522703273495249,0.9545934530095037,0.133051742344245,0.7592397043294614,0.8247096092925026,0.7835269271383316,0.6359028511087645,0.614519535374868,9.485522017013315,320,0.0,9.321442579453175,0,265,0,55,advance,O=C(/C=C\Cl)Cc1cc2c(Nc3cccc(Br)c3)ncnc2cn1
COc1ccc(N)cc1-c1cc2c(N[C@H](CO)c3ccccc3)ncnc2[nH]1,9.26362707645985,0.22863984282705885,0.3848535059673296,375.432,3.3612,109.08000000000001,4,6,4,6,0.14285714285714285,0,0.0,2.9195466666666667,False,,1,aniline,0,,0,,0.8214285714285714,0.7421161933430575,1.0,0.2558139534883721,Osimertinib,0.1785714285714286,0.7441860465116279,0.7808588791360213,0.5493791718717749,0.88,0.936046511627907,0.5493791718717749,0.7865711406589257,0.936046511627907,0.3866673397561321,0.6133326602438679,-0.007616348697206066,8.920667312219262,-0.038792779746956114,-0.2,0.5536129568106313,9.235487489282939,0.0,0.0,0.19295976424058825,0.10833417469516514,0.0,0.4137939389357534,0.15,low,uncertain_prediction,8.821693550347184,True,pass,False,,0.9503695881731784,0.07761351636747624,0.48521647307286164,0.15575501583949314,0.8780359028511088,0.8674762407602957,0.5047518479408659,0.337909186906019,0.5471224920802534,0.6027719112988384,9.892034479779243,203,0.0,9.320019843905792,0,266,63,0,advance,COc1ccccc1-c1cc2c(N[C@H](CO)c3ccccc3)ncnc2[nH]1
Nc1ccccc1[C@@H](CO)Nc1ncnc2[nH]c(-c3ccccc3)cc12,8.314034824473511,0.05550053440234617,0.41570695632838517,345.40600000000006,3.3526000000000016,99.85,4,5,4,5,0.1,0,0.0,2.65,False,,1,aniline,0,,0,,0.7551020408163265,0.6736540935774868,0.9520983519590669,0.19736842105263158,Afatinib,0.24489795918367352,0.8026315789473684,0.6646583320367355,0.576715749057535,0.88,0.9147316587061423,0.576715749057535,0.7590264349501031,0.9147316587061423,0.3380159096486073,0.6619840903513927,-0.1258241372178236,8.230784022869992,0.028206956328385206,-0.2,0.5890181433066304,8.648009122505007,0.0,0.0,0.0,0.04751988706075912,0.0,0.04751988706075912,0.0,low,,8.600489235444249,True,pass,False,,0.5723336853220697,0.17159450897571277,0.6325237592397043,0.44825765575501586,0.6568109820485745,0.9588173178458289,0.8247096092925026,0.9218585005279831,0.47639915522703274,0.5956441393875397,9.219688108777447,427,0.0,9.315262202709295,0,267,0,160,advance,OC[C@@H](Nc1ncnc2[nH]c(-c3ccccc3)cc12)c1ccccc1
COc1c(Cl)cccc1-c1cc2c(N[C@H](CO)c3ccccc3)ncnc2[nH]1,9.140961843779131,0.27000784885588114,0.45022819028764105,394.8620000000001,4.432400000000003,83.06,3,5,4,6,0.14285714285714285,0,0.0,3.049080000000001,False,,0,,0,,0,,0.7457627118644068,0.6900287830676705,0.9818705146684916,0.25287356321839083,Osimertinib,0.2542372881355932,0.7471264367816092,0.7212349667456659,0.5803531969658948,1.0,0.923184495196771,0.5803531969658948,0.8061931647270829,1.0,0.4196468030341052,0.5803531969658948,-0.11327759730855613,8.73595007049531,0.007151904573355234,-0.0,0.5840123393626226,9.327114314431288,0.0,0.0,0.2550117732838217,0.14955850379263147,0.0,0.5170702770764531,0.15,low,uncertain_prediction,8.810044037354835,True,pass,False,,0.9007391763463569,0.32101372756071805,0.30623020063357975,0.503167898627244,0.7280887011615629,0.7228088701161562,0.5047518479408659,0.2502639915522703,0.6161034846884901,0.6073917634635693,10.066438496057476,146,0.0,9.313914153511119,0,268,122,0,advance,COc1ccccc1-c1cc2c(N[C@H](CO)c3ccccc3)ncnc2[nH]1
C[C@@H](Nc1ncnc2[nH]c(-c3ccc(CO)cc3Cl)cc12)c1ccccc1,9.173657569793775,0.30377161701461103,0.4593539820268317,378.86300000000006,4.943700000000004,73.83,3,4,4,5,0.14285714285714285,0,0.0,2.84242,False,,0,,0,,0,,0.7321428571428571,0.6342192140433982,0.8803985709879967,0.20652173913043478,Dacomitinib,0.2678571428571429,0.7934782608695652,0.7057742605382161,0.5933208439609112,1.0,0.8586684934583888,0.5933208439609112,0.7894408994893791,1.0,0.4066791560390888,0.5933208439609112,-0.11155551860155044,8.718000144271858,0.04727669631254599,-0.0,0.578678835293583,9.343955675877988,0.0,0.0,0.30565742552191655,0.13334894504886097,0.0,0.5515063705707774,0.15,low,uncertain_prediction,8.79244930530721,True,pass,False,,0.9165786694825766,0.35005279831045405,0.5205913410770855,0.5776135163674763,0.4625131995776135,0.7692713833157339,0.5047518479408659,0.19852164730728616,0.6760823653643083,0.620881731784583,10.155254514315157,115,0.0,9.31250738344871,0,269,154,0,advance,C[C@@H](Nc1ncnc2[nH]c(-c3ccc(CO)cc3)cc12)c1ccccc1
Cc1ccccc1[C@@H](C)Nc1ncnc2[nH]c(-c3ccc(CO)cc3)cc12,8.150926324571373,0.07524376096495684,0.4874071109884959,358.4450000000001,4.598720000000003,73.83,3,4,4,5,0.18181818181818182,0,0.0,2.7063000000000006,False,,0,,0,,0,,0.7924528301886793,0.6866856869330321,0.9757921580600583,0.20253164556962025,Afatinib,0.2075471698113207,0.7974683544303798,0.6100609484673734,0.6139854495052112,1.0,0.9312112071526386,0.6100609484673734,0.7888144012813059,1.0,0.38993905153262665,0.6100609484673734,-0.2383379370852432,8.038060683123938,0.099643929170314,-0.0,0.5765847722592228,8.714289384553474,0.0,0.0,0.0,0.11242381441578332,0.0,0.11242381441578332,0.0,low,,8.601865570137692,True,pass,False,,0.5058078141499472,0.4672650475184794,0.5987328405491025,0.2713833157338965,0.7191129883843717,0.8574445617740233,0.8247096092925026,0.8574445617740233,0.4651531151003168,0.591842661034847,9.272473122673855,398,0.0,9.312076763379508,0,270,0,128,advance,C[C@@H](Nc1ncnc2[nH]c(-c3ccc(CO)cc3)cc12)c1ccccc1
[2H]C([2H])([2H])Oc1ccccc1-c1cc2c(N[C@H](CO)c3cccc(N)c3)ncnc2[nH]1,9.09653581621767,0.1577755050815295,0.3831487512444499,378.45030533400006,3.3612,109.07999999999998,4,6,4,6,0.14285714285714285,0,0.0,2.939668702226667,False,,1,aniline,0,,0,,0.8448275862068966,0.70437599984238,1.0,0.20652173913043478,Osimertinib,0.15517241379310343,0.7934782608695652,0.788691100497347,0.5476676323295757,0.88,0.9483695652173914,0.5476676323295757,0.7911820745110785,0.9483695652173914,0.40070193288781564,0.5992980671121844,-0.003321298684975438,8.859872558595377,-0.043515839803835894,-0.2,0.557871064467766,9.174227783259308,0.0,0.0,0.08666325762229422,0.12587741610976955,0.0,0.32504067373206375,0.15,low,uncertain_prediction,8.849187109527245,True,pass,False,,0.8732840549102429,0.06335797254487856,0.42027455121436114,0.06546990496304118,0.8780359028511088,0.82259767687434,0.5047518479408659,0.5575501583949314,0.4817845828933474,0.5684794086589229,9.752369282731324,239,0.0,9.306362399917953,0,271,32,0,advance,[2H]C([2H])([2H])Oc1ccccc1-c1cc2c(N[C@H](CO)c3ccccc3)ncnc2[nH]1
COc1ccccc1[C@@H](CO)Nc1ncnc2[nH]c(-c3ccc(CO)cc3)cc12,8.402062417548793,0.034228111451022766,0.38618377078597177,390.44300000000015,3.271300000000001,103.29,4,6,4,7,0.18181818181818182,0,0.0,3.1196200000000016,False,,0,,0,,0,,0.7192982456140351,0.6482724225747907,0.905949859226892,0.2159090909090909,Osimertinib,0.2807017543859649,0.7840909090909091,0.7015559263714822,0.5424156893168999,1.0,0.8754851216928963,0.5424156893168999,0.7798641843453196,1.0,0.4575843106831001,0.5424156893168999,-0.10441101063178315,8.350720250372259,-0.06357741103221026,-0.0,0.5880305270076799,8.87517336634773,0.0,0.0,0.0,0.19698038835387516,0.0,0.19698038835387516,0.0,low,,8.678192977993854,True,pass,False,,0.6071805702217529,0.08078141499472016,0.21805702217529038,0.6499472016895459,0.5216473072861668,0.5475184794086589,0.8247096092925026,0.9778247096092925,0.45208553326293566,0.5193505807814149,9.417676006263251,344,0.0,9.301413674931553,0,272,0,72,advance,OCc1ccc(-c2cc3c(N[C@H](CO)c4ccccc4)ncnc3[nH]2)cc1
COc1c(F)cc(F)cc1Nc1c(-c2cc(N)ncc2OCC(C)(C)OC)[nH]c2c1C(=O)NCC2,8.73702729556931,0.12182982440546175,0.38129279985477393,487.50700000000035,3.7790000000000017,123.52000000000001,4,7,4,8,0.3333333333333333,0,0.0,3.5167133333333354,False,,1,aniline,0,,0,,0.8,0.6643601324902139,0.9352002408912978,0.16666666666666666,Gefitinib,0.19999999999999996,0.8333333333333334,0.7239759468085044,0.5244528347919204,0.88,0.9097335140018067,0.5244528347919204,0.7595405739005578,0.9097335140018067,0.3852806792098863,0.6147193207901137,-0.047419502789404655,8.554282558961118,-0.11288086681189302,-0.2,0.5738000602228244,8.81520175237205,0.0,0.0,0.03274473660819262,0.10660084901235788,0.0,0.1393455856205505,0.0,low,,8.6758561667515,True,pass,False,,0.7307286166842661,0.05279831045406547,0.03801478352692714,0.2365364308342133,0.6098204857444561,0.8796198521647307,0.8247096092925026,0.6821541710665259,0.39239704329461456,0.520116156282999,9.286078204325587,394,0.0,9.299995554291097,0,273,0,121,advance,COc1c(F)cc(F)cc1Nc1c(-c2ccncc2OCC(C)(C)OC)[nH]c2c1C(=O)NCC2
COc1ccccc1[C@@H](C)Nc1ncnc2[nH]c(-c3ccc(CO)cc3)cc12,8.189356038542924,0.04862220473778478,0.46866074009969094,374.44400000000013,4.298900000000002,83.06,3,5,4,6,0.18181818181818182,0,0.0,2.912960000000001,False,,0,,0,,0,,0.7321428571428571,0.6344067135050742,0.8807394791001347,0.21839080459770116,Osimertinib,0.2678571428571429,0.7816091954022988,0.6383034663192816,0.5957264839779068,1.0,0.8559569081756757,0.5957264839779068,0.772496714618216,1.0,0.40427351602209316,0.5957264839779068,-0.17892433106524597,8.116422731436247,0.04989855828150902,-0.0,0.5752033426814376,8.741524632399193,0.0,0.0,0.0,0.13034189502761645,0.0,0.13034189502761645,0.0,low,,8.611182737371577,True,pass,False,,0.518479408658923,0.36747624076029567,0.4952481520591341,0.5776135163674763,0.4635691657866948,0.791974656810982,0.8247096092925026,0.9450897571277719,0.49662090813093984,0.5732312565997889,9.337469722156321,370,0.0,9.299060245291324,0,274,0,96,advance,C[C@@H](Nc1ncnc2[nH]c(-c3ccc(CO)cc3)cc12)c1ccccc1
COCCOc1cnccc1-c1[nH]c2c(c1Nc1c(N)ccc(F)c1C)C(=O)NCC2,8.661177511569877,0.1131441650563941,0.341548044325826,425.4640000000002,3.1611200000000013,114.28999999999999,4,6,4,7,0.2727272727272727,0,0.0,3.003093333333335,False,,1,aniline,0,,0,,0.7714285714285715,0.7165768831879612,1.0,0.18811881188118812,Gefitinib,0.22857142857142854,0.8118811881188119,0.7110934623529933,0.5223478346356145,0.88,0.9529702970297029,0.5223478346356145,0.7666028985045776,0.9529702970297029,0.4306224623940884,0.5693775376059116,-0.07401258153544577,8.491461263985286,-0.08164322840144696,-0.2,0.5964214992927864,8.806239534876626,0.0,0.0,0.019716247584591146,0.16327807799261052,0.0,0.18299432557720166,0.0,low,,8.623245209299425,True,pass,False,,0.7043294614572334,0.021119324181626188,0.38595564941921856,0.38542766631467795,0.8780359028511088,0.6399155227032735,0.8247096092925026,0.7148891235480465,0.45615100316789864,0.5616156282998943,9.353620738678105,366,0.0,9.297183963259299,0,275,0,91,advance,COCCOc1cnccc1-c1[nH]c2c(c1Nc1cccc(F)c1C)C(=O)NCC2
COc1cc(C(N)=O)c(C)cc1-c1cc2c(N[C@H](C)c3ccccc3)ncnc2[nH]1,8.920884726663836,0.16887625865020153,0.4486198580311708,401.4700000000001,4.2139200000000026,105.91999999999999,3,5,4,6,0.17391304347826086,0,0.0,3.093133333333334,False,,0,,0,,0,,0.7741935483870968,0.6569570193668866,0.9217400352125209,0.24719101123595505,Osimertinib,0.22580645161290325,0.752808988764045,0.7370078006108178,0.5777742552504772,1.0,0.8795072736004019,0.5777742552504772,0.7985723323654244,1.0,0.4222257447495228,0.5777742552504772,-0.08208604233947525,8.667570338688533,0.0020411623789968088,-0.0,0.5578906086581501,9.22750210972568,0.0,0.0,0.10331438797530229,0.1527821809369035,0.0,0.36859656891220577,0.15,low,uncertain_prediction,8.858905540813474,True,pass,False,,0.7972544878563886,0.30147835269271384,0.27771911298838436,0.368532206969377,0.5691657866948258,0.7032734952481521,0.5047518479408659,0.5163674762407603,0.5344244984160508,0.5525607180570222,9.868811507824942,216,0.0,9.296978402481901,0,276,60,0,advance,COc1cc(C(N)=O)ccc1-c1cc2c(N[C@H](C)c3ccccc3)ncnc2[nH]1
[2H]C([2H])([2H])Oc1c(Cl)cccc1-c1cc2c(N[C@H](CO)c3ccccc3)ncnc2[nH]1,9.13779617532311,0.25563614122389466,0.44791007508758707,397.88030533400007,4.432400000000003,83.06,3,5,4,6,0.14285714285714285,0,0.0,3.069202035560001,False,,0,,0,,0,,0.7704918032786885,0.665105608593932,0.9365556519889671,0.23076923076923078,Osimertinib,0.2295081967213115,0.7692307692307692,0.7305037449740513,0.5783043091612499,1.0,0.8947244312994176,0.5783043091612499,0.8008831213586797,1.0,0.42169569083875014,0.5783043091612499,-0.09383916851283769,8.754341963487269,0.0018154840393012576,-0.0,0.5681868322910627,9.324344279817634,0.0,0.0,0.23345421183584197,0.15211961354843767,0.0,0.49807382538427963,0.15,low,uncertain_prediction,8.826270454433354,True,pass,False,,0.8975712777191129,0.29039070749736007,0.2866948257655755,0.38965153115100315,0.6151003167898628,0.7106652587117213,0.5047518479408659,0.2713833157338965,0.5829197465681097,0.5770855332629357,10.023847975699365,162,0.0,9.293773094348877,0,277,115,0,advance,[2H]C([2H])([2H])Oc1ccccc1-c1cc2c(N[C@H](CO)c3ccccc3)ncnc2[nH]1
COc1c(F)cc(F)cc1Nc1c(-c2c(F)cncc2OCC(C)(C)OC)[nH]c2c1C(=O)NCC2,8.52421246434031,0.10351827103182598,0.43488295424086665,490.48200000000037,4.335900000000003,97.5,3,6,4,8,0.3333333333333333,0,0.0,3.536546666666669,False,,0,,0,,0,,0.8082191780821918,0.6686318067376296,0.9429669213411446,0.17142857142857143,Gefitinib,0.1917808219178082,0.8285714285714285,0.6835903263627995,0.5531645991914509,1.0,0.9143680481487155,0.5531645991914509,0.7877807434257416,1.0,0.4468354008085491,0.5531645991914509,-0.13892055608392273,8.368935057792571,-0.06226571242580036,-0.0,0.5706145287697284,8.877283874136499,0.0,0.0,0.005277406547738964,0.1835442510106864,0.0,0.18882165755842534,0.0,low,,8.688462216578074,True,pass,False,,0.6525871172122492,0.2365364308342133,0.03009503695881732,0.20538542766631468,0.6335797254487856,0.5923970432946146,0.8247096092925026,0.7539598732840549,0.38656282998944036,0.49757127771911297,9.341159270123827,368,0.0,9.28554774984101,0,278,0,90,advance,COc1c(F)cc(F)cc1Nc1c(-c2ccncc2OCC(C)(C)OC)[nH]c2c1C(=O)NCC2
COCc1ccc(-c2cc3c(N[C@H](C)c4ccccc4)ncnc3[nH]2)cc1,8.58557696845988,0.16152608476066613,0.5121139367605774,358.44500000000005,4.9444000000000035,62.83,2,4,4,6,0.18181818181818182,0,0.0,2.8063000000000002,False,,0,,0,,0,,0.7735849056603774,0.7424528301886792,1.0,0.22077922077922077,Afatinib,0.2264150943396226,0.7792207792207793,0.6583259827825039,0.6237280498337021,1.0,0.9448051948051948,0.6237280498337021,0.8067148068553502,1.0,0.3762719501662979,0.6237280498337021,-0.1978517654304618,8.343287841318881,0.10935075494239554,-0.0,0.5856530262190639,9.03829162248034,0.0,0.0,0.09228912714099918,0.09533993770787237,0.0,0.30012906484887153,0.15,low,uncertain_prediction,8.738162557631469,True,pass,False,,0.6705385427666315,0.5586061246040127,0.5374868004223865,0.37328405491024286,0.8780359028511088,0.8954593453009504,0.5047518479408659,0.5374868004223865,0.5687434002111933,0.6307286166842662,9.720783702733772,249,0.0,9.270036897652588,0,279,30,0,advance,C[C@@H](Nc1ncnc2[nH]c(-c3ccc(CO)cc3)cc12)c1ccccc1
CCOc1ccccc1-c1cc2c(N[C@H](CO)c3ccccc3OC)ncnc2[nH]1,8.471552411415901,0.08661359346463787,0.40805553222987834,404.4700000000001,4.1777000000000015,92.28999999999999,3,6,4,8,0.21739130434782608,0,0.0,3.313133333333334,False,,0,,0,,0,,0.8035714285714286,0.7215544313687804,1.0,0.21839080459770116,Osimertinib,0.1964285714285714,0.7816091954022988,0.6822585874287288,0.547002337598228,1.0,0.9454022988505747,0.547002337598228,0.7936658059693829,1.0,0.45299766240177197,0.547002337598228,-0.14854295805420537,8.341632021218944,-0.06717533733533913,-0.0,0.5728756157635467,8.847332299647151,0.0,0.0,0.0,0.19124707800221497,0.0,0.19124707800221497,0.0,low,,8.656085221644936,True,pass,False,,0.6399155227032735,0.14149947201689547,0.08922914466737064,0.22280887011615627,0.8780359028511088,0.5596620908130939,0.8247096092925026,0.8130939809926082,0.374208025343189,0.51129883843717,9.296381930058978,384,0.0,9.26964382776954,0,280,0,104,advance,CCOc1ccccc1-c1cc2c(N[C@H](CO)c3ccccc3)ncnc2[nH]1
COC(=O)CCNc1c(Br)cccc1Nc1ncnc2ccncc12,8.518946167088979,0.18534964813370433,0.6103071143711624,402.2520000000001,3.5059000000000005,89.03,2,7,3,6,0.17647058823529413,0,0.0,2.5483466666666676,False,,0,,0,,0,,0.8070175438596491,0.7471097234611953,1.0,0.3026315789473684,Afatinib,0.19298245614035092,0.6973684210526316,0.6249917880786516,0.6876555795708059,1.0,0.924342105263158,0.6249917880786516,0.8092473682281539,1.0,0.37500821192134837,0.6249917880786516,-0.245674106866003,8.240921694888423,0.24570217319469162,-0.0,0.5460526315789473,9.032676499662061,0.0,0.0,0.1280244722005565,0.09376026490168547,0.0,0.33428473710224194,0.15,low,uncertain_prediction,8.698391762559819,True,pass,False,,0.6504751847940866,0.7676874340021119,0.7571277719112989,0.21436114044350582,0.8780359028511088,0.9017951425554382,0.5047518479408659,0.4625131995776135,0.6026927138331574,0.6590285110876454,9.75590775626185,238,0.0,9.264225975864994,0,281,43,0,advance,O=C(O)CCNc1c(Br)cccc1Nc1ncnc2ccncc12
[2H]C([2H])([2H])Oc1ccccc1-c1cc2c(N[C@H](CO)c3ccccc3OC)ncnc2[nH]1,8.334472893018024,0.07687974405958803,0.44244447474168586,393.4613053340001,3.787600000000002,92.28999999999999,3,6,4,7,0.18181818181818182,0,0.0,3.1397420355600008,False,,0,,0,,0,,0.8070175438596491,0.7044945493462533,1.0,0.2159090909090909,Osimertinib,0.19298245614035092,0.7840909090909091,0.6548024024127943,0.5725851520479273,1.0,0.9460227272727273,0.5725851520479273,0.7933525704333622,1.0,0.42741484795207274,0.5725851520479273,-0.18473355736075725,8.219153276928642,-0.010335012410496062,-0.0,0.5720693779904307,8.780887642508578,0.0,0.0,0.0,0.15926855994009093,0.0,0.15926855994009093,0.0,low,,8.621619082568486,True,pass,False,,0.5828933474128828,0.25237592397043296,0.18743400211193242,0.21436114044350582,0.8780359028511088,0.6694825765575502,0.8247096092925026,0.8511087645195353,0.3837645195353749,0.5326821541710666,9.241405065951028,415,0.0,9.260837667573766,0,282,0,133,advance,[2H]C([2H])([2H])Oc1ccccc1-c1cc2c(N[C@H](CO)c3ccccc3)ncnc2[nH]1
OC[C@@H](Nc1ncnc2[nH]c(-c3ccccc3)cc12)c1ccccc1Cl,8.269116446664254,0.1405696099074376,0.48966080391965405,364.8360000000001,4.423800000000002,73.83,3,4,4,5,0.1,0,0.0,2.7489066666666675,False,,0,,0,,0,,0.74,0.6612480801446319,0.9295419638993305,0.20253164556962025,Sunvozertinib,0.26,0.7974683544303798,0.5938803847308572,0.6135862626686303,1.0,0.8965235615320928,0.5938803847308572,0.775997552232895,1.0,0.40611961526914275,0.5938803847308572,-0.24282289000271695,8.058262031803098,0.08732480391965397,-0.0,0.5886259973039465,8.734212833026698,0.0,0.0,0.060854414861156406,0.13264951908642847,0.0,0.19350393394758486,0.0,low,,8.540708899079112,True,pass,False,,0.5533262935586061,0.47940865892291445,0.5654699049630412,0.544350580781415,0.5923970432946146,0.7719112988384371,0.8247096092925026,0.6156282998944034,0.5385691657866948,0.5985744456177403,9.380495831970732,359,0.0,9.2589982338204,0,283,0,76,advance,OC[C@@H](Nc1ncnc2[nH]c(-c3ccccc3)cc12)c1ccccc1
COC(C)(C)COc1cnccc1-c1[nH]c2c(c1Nc1c(C)ccc(F)c1C)C(=O)NCC2,8.79075571593051,0.17722526667129487,0.4850605147304438,452.53000000000026,4.665940000000003,88.27000000000001,3,5,4,7,0.36,0,0.0,3.183533333333335,False,,0,,0,,0,,0.8028169014084507,0.740455272173582,1.0,0.17475728155339806,Gefitinib,0.19718309859154926,0.8252427184466019,0.6986312423127212,0.5943396933581543,1.0,0.9563106796116505,0.5943396933581543,0.8123204038206315,1.0,0.4056603066418457,0.5943396933581543,-0.15158554867721363,8.524917815923567,0.04353051473044358,-0.0,0.5863052099001778,9.15475354055419,0.0,0.0,0.1158379000069423,0.13207538330230717,0.0,0.3604132833092495,0.15,low,uncertain_prediction,8.79434025724494,True,pass,False,,0.750791974656811,0.44931362196409713,0.162090813093981,0.2275607180570222,0.8780359028511088,0.7761351636747624,0.5047518479408659,0.48785638859556496,0.497544878563886,0.5718848996832101,9.751807394830852,241,0.0,9.255602136864793,0,284,43,0,advance,COC(C)(C)COc1cnccc1-c1[nH]c2c(c1Nc1cccc(F)c1C)C(=O)NCC2
COc1cnccc1-c1cc2c(N[C@H](CO)c3ccccc3C)ncnc2[nH]1,8.253141490812508,0.10389967408600444,0.47744401018345334,375.4320000000001,3.482420000000001,95.94999999999999,3,6,4,6,0.19047619047619047,0,0.0,2.919546666666667,False,,0,,0,,0,,0.7868852459016393,0.6354664216911752,0.882666221256682,0.20652173913043478,Osimertinib,0.21311475409836067,0.7934782608695652,0.6155556008429239,0.600303949190643,1.0,0.8603692311599029,0.600303949190643,0.7690571952983676,1.0,0.399696050809357,0.600303949190643,-0.204668792607258,8.0972919796835,0.058559629231072344,-0.0,0.5546116729193024,8.710463281833874,0.0,0.0,0.005849511129006647,0.12462006351169626,0.0,0.1304695746407029,0.0,low,,8.579993707193172,True,pass,False,,0.5469904963041182,0.426610348468849,0.47571277719112987,0.3004223864836325,0.4672650475184794,0.8257655755015839,0.8247096092925026,0.7529039070749736,0.462909186906019,0.5551214361140444,9.265954306121097,400,0.0,9.246139430530025,0,285,0,115,advance,COc1cnccc1-c1cc2c(N[C@H](CO)c3ccccc3)ncnc2[nH]1
COCCOc1cnc(C)cc1-c1[nH]c2c(c1Nc1cccc(F)c1C)C(=O)NCC2,8.715729523280055,0.17712317317417772,0.5010771966005143,424.4760000000002,3.887340000000002,88.27000000000001,3,5,4,7,0.30434782608695654,0,0.0,2.9965066666666687,False,,0,,0,,0,,0.8115942028985508,0.6992539055147751,0.9986434645723182,0.2111111111111111,Afatinib,0.18840579710144922,0.7888888888888889,0.6799461595980895,0.6103422017200264,1.0,0.9462048206514608,0.6103422017200264,0.8091232954923941,1.0,0.3896577982799736,0.6103422017200264,-0.17223618119240625,8.45004476351879,0.0820359792092097,-0.0,0.5711101415053984,9.103190884233397,0.0,0.0,0.11568475976126658,0.11207224784996701,0.0,0.34025700761123356,0.15,low,uncertain_prediction,8.762933876622164,True,pass,False,,0.7265047518479408,0.5195353748680043,0.39334741288278774,0.1853220696937698,0.752375923970433,0.8611404435058078,0.5047518479408659,0.48996832101372756,0.5269007391763464,0.5900739176346357,9.735471771245013,246,0.0,9.246022577783727,0,286,40,0,advance,COCCOc1cnccc1-c1[nH]c2c(c1Nc1cccc(F)c1C)C(=O)NCC2
CCOc1ccccc1-c1cc2c(N[C@H](CO)c3ccc(N)cc3)ncnc2[nH]1,8.684969436570542,0.10777692616652747,0.35850834186981706,389.45900000000006,3.7513000000000005,109.07999999999998,4,6,4,7,0.18181818181818182,0,0.0,3.1130600000000004,False,,1,aniline,0,,0,,0.8727272727272727,0.7446251063005717,1.0,0.2073170731707317,Afatinib,0.12727272727272732,0.7926829268292683,0.7207985108260663,0.5274465111053225,0.88,0.9481707317073171,0.5274465111053225,0.7691039384096765,0.9481707317073171,0.42072422060199466,0.5792757793980053,-0.06440723677814697,8.523304047320751,-0.09026883994836477,-0.2,0.5450776053215078,8.778112812693895,0.0,0.0,0.011665389249791193,0.15090527575249335,0.0,0.16257066500228454,0.0,low,,8.61554214769161,True,pass,False,,0.7180570221752904,0.030623020063357972,0.24656810982048574,0.01795142555438226,0.8780359028511088,0.7180570221752904,0.8247096092925026,0.7360084477296727,0.3698257655755016,0.5253431890179515,9.221903731384497,424,0.0,9.245953974513151,0,287,0,137,advance,CCOc1ccccc1-c1cc2c(N[C@H](CO)c3ccccc3)ncnc2[nH]1
COCCOc1cnccc1-c1[nH]c2c(c1Nc1ccc(OC)c(F)c1C)C(=O)NCC2,8.813228410898871,0.16803532245762867,0.46341515758014057,440.47500000000025,3.5875200000000023,97.5,3,6,4,8,0.30434782608695654,0,0.0,3.203166666666668,False,,0,,0,,0,,0.7971014492753623,0.7619320251427949,1.0,0.18811881188118812,Gefitinib,0.2028985507246377,0.8118811881188119,0.7106823770043776,0.5816796187203593,1.0,0.9529702970297029,0.5816796187203593,0.8113330731886099,1.0,0.41832038127964066,0.5816796187203593,-0.13420092824564311,8.561175427212428,0.013374940188836018,-0.0,0.5848687042617305,9.159419071662994,0.0,0.0,0.102052983686443,0.14790047659955086,0.0,0.36245346028599384,0.15,low,uncertain_prediction,8.796965611376999,True,pass,False,,0.7592397043294614,0.36061246040126715,0.14625131995776136,0.25131995776135163,0.8780359028511088,0.7360084477296727,0.5047518479408659,0.518479408658923,0.48598204857444566,0.5594244984160507,9.742597529952329,244,0.0,9.24327500947626,0,288,44,0,advance,COCCOc1cnccc1-c1[nH]c2c(c1Nc1cccc(F)c1C)C(=O)NCC2
CN(CCC(=O)O)c1c(Br)cccc1Nc1ncnc2ccncc12,8.143409426317767,0.14189522563848508,0.6527613863455735,402.2520000000001,3.4418000000000015,91.24000000000001,2,6,3,6,0.17647058823529413,0,0.0,2.5483466666666676,False,,0,,0,,0,,0.8545454545454545,0.7703979891076665,1.0,0.3424657534246575,Afatinib,0.1454545454545455,0.6575342465753424,0.5615256986325022,0.711005429156732,1.0,0.9143835616438356,0.5615256986325022,0.7967286723582674,1.0,0.43847430136749777,0.5615256986325022,-0.31360396496768705,7.9305665878600395,0.2881564451691027,-0.0,0.5127148194271482,8.731437852456292,0.0,0.0,0.06284283845772762,0.17309287670937223,0.0,0.23593571516709985,0.0,low,,8.495502137289192,True,pass,False,,0.5036958817317846,0.8595564941921858,0.7571277719112989,0.04065469904963041,0.8780359028511088,0.6187961985216474,0.8247096092925026,0.6114044350580782,0.5202745512143612,0.622544878563886,9.355767313913525,365,0.0,9.242555991565855,0,289,0,76,advance,O=C(O)CCNc1c(Br)cccc1Nc1ncnc2ccncc12
C=CC(=O)NC1=NC=C2N=CN=C(Nc3cc(C)cc(N)c3)C21,8.622016171371929,0.15465691748668664,0.5706541048634345,308.345,1.60142,104.23,3,6,3,2,0.125,0,0.0,2.1500000000000004,False,,1,aniline,0,,1,acrylamide_like,0.7407407407407407,0.582835055169021,0.7869728275800381,0.25925925925925924,Osimertinib,0.2592592592592593,0.7407407407407407,0.6722442006023015,0.6811674499825813,0.8,0.7754148058702137,0.6722442006023015,0.7322066141137742,0.8,0.12775579939769854,0.8722442006023015,-0.0799498846819634,8.390030795141898,0.26065410486343443,-0.2,0.5356320957838985,8.986316995789231,0.0,0.0,0.08198537623002995,0.0,0.1,0.29448537623002996,0.15,low,uncertain_prediction,8.691831619559201,True,pass,False,,0.6810982048574445,0.6636747624076029,0.9044350580781415,0.5406546990496304,0.191129883843717,0.9989440337909187,0.5047518479408659,0.5670538542766631,0.6830253431890179,0.6462249208025344,9.805947407616053,228,0.0,9.242301524522242,0,290,62,0,advance,C=CC(=O)NC1=NC=C2N=CN=C(Nc3cccc(C)c3)C21
COc1c(F)cc(F)c(F)c1Nc1c(-c2ccncc2OCC(C)(C)OC)[nH]c2c1C(=O)NCC2,9.059368467706802,0.18134513507161654,0.406815765076796,490.48200000000037,4.335900000000003,97.5,3,6,4,8,0.3333333333333333,0,0.0,3.536546666666669,False,,0,,0,,0,,0.8082191780821918,0.7635550585802929,1.0,0.16981132075471697,Gefitinib,0.1917808219178082,0.8301886792452831,0.762900522376569,0.5377276451512121,1.0,0.9575471698113207,0.5377276451512121,0.8145438343347755,1.0,0.4622723548487879,0.5377276451512121,-0.06885774927760857,8.787350765099378,-0.090332901589871,-0.0,0.5853579736365986,9.282375837146105,0.0,0.0,0.1220177026074248,0.2028404435609849,0.0,0.4373581461684097,0.15,low,uncertain_prediction,8.845017690977695,True,pass,False,,0.8616684266103485,0.12249208025343189,0.03009503695881732,0.20538542766631468,0.8780359028511088,0.5359028511087646,0.5047518479408659,0.47729672650475186,0.4578405491024288,0.516156282998944,9.83178449606902,223,0.0,9.239405230576429,0,291,68,0,advance,COc1c(F)cc(F)cc1Nc1c(-c2ccncc2OCC(C)(C)OC)[nH]c2c1C(=O)NCC2
COCCOc1cnccc1-c1[nH]c2c(c1Nc1c(N)ccc(F)c1Br)C(=O)NCC2,8.691631395617803,0.053711237184590366,0.2973497709671796,490.3330000000002,3.6152000000000006,114.28999999999999,4,6,4,7,0.23809523809523808,0,0.0,3.435553333333335,False,,1,aniline,0,,0,,0.7638888888888888,0.7015446009389671,1.0,0.18446601941747573,Gefitinib,0.23611111111111116,0.8155339805825242,0.7603099828752374,0.48140570736528204,0.88,0.9538834951456311,0.48140570736528204,0.7688997963465376,0.9538834951456311,0.47247778778034905,0.527522212219651,-0.011453084628400334,8.611064539840918,-0.19417370522329672,-0.2,0.6009101941747572,8.81780102879238,0.0,0.0,0.0,0.21559723472543632,0.0,0.21559723472543632,0.0,low,,8.602203794066943,True,pass,False,,0.7191129883843717,0.0021119324181626186,0.05966209081309398,0.4044350580781415,0.8780359028511088,0.5079197465681098,0.8247096092925026,0.9271383315733897,0.41385955649419215,0.5298838437170011,9.31443249658541,377,0.0,9.238064406527345,0,292,0,85,advance,COCCOc1cnccc1-c1[nH]c2c(c1Nc1cccc(F)c1Br)C(=O)NCC2
Cc1cc(Br)cc(Nc2ncnc3cnc(NCCN4CCOCC4)cc23)c1,8.15283735347889,0.12573751863683091,0.6033492810887929,443.3490000000004,3.583420000000001,75.2,2,7,4,6,0.35,0,0.0,3.0223266666666695,False,,0,,0,,0,,0.7580645161290323,0.706256109481916,1.0,0.3855421686746988,Dacomitinib,0.24193548387096775,0.6144578313253012,0.5751930753239409,0.6655987712655027,1.0,0.9036144578313253,0.5751930753239409,0.7861015761051923,1.0,0.4248069246760591,0.5751930753239409,-0.2812113343750018,7.964231075523644,0.18500028108879255,-0.0,0.5432083171395259,8.692439673751961,0.0,0.0,0.03860627795524636,0.15600865584507384,0.0,0.1946149338003202,0.0,low,,8.497824739951641,True,pass,False,,0.5068637803590285,0.7275607180570222,0.35163674762407604,0.44350580781414994,0.8780359028511088,0.6884899683210137,0.8247096092925026,0.672650475184794,0.5150475184794087,0.6134635691657867,9.310496695927252,378,0.0,9.233981022950585,0,293,0,85,advance,Brc1cccc(Nc2ncnc3cnc(NCCN4CCOCC4)cc23)c1
COc1c(-c2cc3c(N[C@H](C)c4ccccc4)ncnc3[nH]2)ccc(C(N)=O)c1F,8.800491484624859,0.15548525554191805,0.4488194178263118,405.43300000000016,4.044600000000002,105.91999999999999,3,5,4,6,0.13636363636363635,0,0.0,3.119553333333335,False,,0,,0,,0,,0.6818181818181818,0.6021206584040303,0.8220375607346004,0.24444444444444444,Osimertinib,0.31818181818181823,0.7555555555555555,0.716283192276872,0.576867859291651,1.0,0.8054170594398392,0.576867859291651,0.7746420277520905,1.0,0.42313214070834904,0.576867859291651,-0.07781178063362482,8.567263601311982,-0.005477218537324779,-0.0,0.575357875032135,9.137144257806792,0.0,0.0,0.08322788331287707,0.1539151758854363,0.0,0.34964305919831334,0.15,low,uncertain_prediction,8.787501198608478,True,pass,False,,0.7560718057022175,0.3051742344244984,0.23336853220696938,0.8384371700105596,0.30359028511087643,0.6932418162618796,0.5047518479408659,0.5638859556494192,0.603959873284055,0.5581309398099261,9.861896105747658,217,0.0,9.23225832638039,0,294,77,0,advance,COc1cc(C(N)=O)ccc1-c1cc2c(N[C@H](C)c3ccccc3)ncnc2[nH]1
COc1ccccc1-c1cc2c(N[C@H](CO)c3ccccc3OC)ncnc2[nH]1,8.319708269362462,0.08163094038772471,0.44466944173762346,390.4430000000001,3.7876000000000003,92.28999999999999,3,6,4,7,0.18181818181818182,0,0.0,3.1196200000000007,False,,0,,0,,0,,0.8301886792452831,0.7283587021993586,1.0,0.2261904761904762,Osimertinib,0.16981132075471694,0.7738095238095238,0.6477854090692081,0.5745828083403083,1.0,0.9434523809523809,0.5745828083403083,0.7914551495904744,1.0,0.4254171916596917,0.5745828083403083,-0.19155965402835495,8.197261858780875,-0.0050917400805584635,-0.0,0.5585579514824798,8.750728070182795,0.0,0.0,0.0,0.15677148957461468,0.0,0.15677148957461468,0.0,low,,8.59395658060818,True,pass,False,,0.5755015839493136,0.27560718057022177,0.22650475184794086,0.11932418162618796,0.8780359028511088,0.6853220696937699,0.8247096092925026,0.8331573389651531,0.3719376979936642,0.529039070749736,9.197053307775192,437,0.0,9.228803465507864,0,295,0,142,advance,COc1ccccc1-c1cc2c(N[C@H](CO)c3ccccc3)ncnc2[nH]1
C=CC(=O)Cc1cc2c(Nc3ccc(F)c(Br)c3)ncnc2cn1,8.433491255047048,0.18325249770278043,0.6714894018025248,387.212,3.9676000000000027,67.77000000000001,1,5,3,5,0.058823529411764705,0,0.0,2.34808,False,,0,,0,,0,,0.7192982456140351,0.6470882330753828,0.9037967874097868,0.47761194029850745,Sunvozertinib,0.2807017543859649,0.5223880597014925,0.6050960653698159,0.7290084017606195,1.0,0.8084446054827131,0.6050960653698159,0.7856372681532872,1.0,0.39490393463018414,0.6050960653698159,-0.24072160371129503,8.158612508492878,0.3251597547437013,-0.0,0.5089814042365786,8.992753667473158,0.0,0.0,0.12487874655417064,0.11862991828773019,0.0,0.3560086648419008,0.15,low,uncertain_prediction,8.636745002631256,True,pass,False,,0.6198521647307286,0.8864836325237593,0.8674762407602957,0.6499472016895459,0.5174234424498416,0.8416050686378036,0.5047518479408659,0.4699049630411827,0.7163410770855332,0.680543822597677,9.852362959975798,220,0.0,9.22839758974847,0,296,76,0,advance,C=CC(=O)Cc1cc2c(Nc3cccc(Br)c3)ncnc2cn1
Nc1ccc([C@@H](CO)Nc2ncnc3[nH]c(-c4ccccc4)cc23)cc1,8.439041052614096,0.11518175950160185,0.41570695632838517,345.40600000000006,3.3526000000000016,99.85,4,5,4,5,0.1,0,0.0,2.65,False,,1,aniline,0,,0,,0.8695652173913043,0.7663967036089798,1.0,0.19736842105263158,Afatinib,0.13043478260869568,0.8026315789473684,0.6541330315024027,0.576715749057535,0.88,0.950657894736842,0.576715749057535,0.7653766688241949,0.950657894736842,0.37394214567930706,0.6260578543206929,-0.1483248497623897,8.266268413361693,0.028206956328385206,-0.2,0.5494851258581235,8.643960495548201,0.0,0.0,0.02277263925240277,0.09242768209913384,0.0,0.1152003213515366,0.0,low,,8.528760174196664,True,pass,False,,0.6240760295670539,0.17159450897571277,0.6325237592397043,0.02481520591341077,0.8780359028511088,0.9039070749736009,0.8247096092925026,0.7074973600844773,0.4149947201689546,0.5747360084477298,9.141954159750947,458,0.0,9.21844338433394,0,297,0,161,advance,OC[C@@H](Nc1ncnc2[nH]c(-c3ccccc3)cc12)c1ccccc1
Cc1cc(Nc2ncnc3cnc(NCCN4CCOCC4)cc23)ccc1Cl,8.027619255206998,0.10228135334415402,0.6579305522159852,398.89800000000014,3.4743200000000023,75.2,2,7,4,6,0.35,0,0.0,2.725986666666668,False,,0,,0,,0,,0.746031746031746,0.6654745067464081,0.93722637590256,0.4875,Erlotinib,0.25396825396825395,0.5125,0.5603078664608417,0.7070161626931508,1.0,0.83104478192692,0.5603078664608417,0.7745922027702281,1.0,0.43969213353915826,0.5603078664608417,-0.2857124484125152,7.874197225190767,0.284032552215985,-0.0,0.5023423082613543,8.660572085668107,0.0,0.0,0.003422030016231016,0.17461516692394785,0.0,0.17803719694017886,0.0,low,,8.482534888727928,True,pass,False,,0.42555438225976766,0.870116156282999,0.5860612460401268,0.49208025343189016,0.6172122492080253,0.617740232312566,0.8247096092925026,0.7592397043294614,0.5518479408658923,0.6099260823653644,9.322789614707178,375,0.0,9.214446187566365,0,298,0,77,advance,Cc1cccc(Nc2ncnc3cnc(NCCN4CCOCC4)cc23)c1
OCc1ccc(-c2cc3c(N[C@H](CO)c4ccccc4Cl)ncnc3[nH]2)cc1,8.389192295282934,0.08492907306854333,0.39745874990788893,394.862,3.916100000000003,94.06,4,5,4,6,0.14285714285714285,0,0.0,3.0490800000000005,False,,0,,0,,0,,0.7454545454545455,0.6334226838814799,0.8789503343299634,0.1927710843373494,Sunvozertinib,0.2545454545454545,0.8072289156626506,0.662847722672753,0.5513300047570313,1.0,0.8610199796631353,0.5513300047570313,0.7687994267732299,1.0,0.4486699952429687,0.5513300047570313,-0.14126893880063585,8.26179868568012,-0.04561753580639683,-0.0,0.5764517128267406,8.792632862700463,0.0,0.0,0.0,0.18583749405371086,0.0,0.18583749405371086,0.0,low,,8.606795368646752,True,pass,False,,0.6019007391763463,0.09609292502639916,0.3146779303062302,0.513727560718057,0.45617740232312565,0.587117212249208,0.8247096092925026,0.8183738120380147,0.44002111932418164,0.5055438225976769,9.320658205889481,376,0.0,9.213447955763964,0,299,0,77,advance,OCc1ccc(-c2cc3c(N[C@H](CO)c4ccccc4)ncnc3[nH]2)cc1
COc1cc(C(N)=O)cc(OC)c1-c1cc2c(N[C@H](C)c3ccccc3)ncnc2[nH]1,8.9350331960771,0.16566815057386355,0.4198591331256397,417.4690000000001,3.914100000000002,115.15,3,6,4,7,0.17391304347826086,0,0.0,3.299793333333334,False,,0,,0,,0,,0.7966101694915254,0.7167619503037387,1.0,0.25882352941176473,Osimertinib,0.2033898305084746,0.7411764705882353,0.7427905936175705,0.5540073950139737,1.0,0.9352941176470588,0.5540073950139737,0.8080230265696509,1.0,0.44599260498602633,0.5540073950139737,-0.0869765772694403,8.686530970216305,-0.0577185625265343,-0.0,0.5638783649052841,9.192690772595054,0.0,0.0,0.09850222586079532,0.1824907562325329,0.0,0.3934929820933282,0.15,low,uncertain_prediction,8.799197790501726,True,pass,False,,0.8014783526927138,0.18321013727560717,0.10137275607180571,0.2550158394931362,0.8780359028511088,0.6019007391763463,0.5047518479408659,0.5258711721224921,0.46351636747624075,0.5283262935586062,9.748910413566543,242,0.0,9.208189342772053,0,300,58,0,advance,COc1cc(C(N)=O)ccc1-c1cc2c(N[C@H](C)c3ccccc3)ncnc2[nH]1
Nc1ccccc1[C@@H](CO)Nc1ncnc2[nH]c(-c3ccc(CO)cc3)cc12,8.426592155010836,0.06300254833241556,0.3306000523812286,375.43200000000013,2.844900000000001,120.08,5,6,4,6,0.14285714285714285,0,0.0,2.9195466666666676,False,,1,aniline,0,,0,,0.7592592592592593,0.6446530994317762,0.8993692716941384,0.1875,Afatinib,0.2407407407407407,0.8125,0.687546254920018,0.5195397723994193,0.88,0.8776519537706038,0.5195397723994193,0.7411844952725102,0.88,0.3604602276005807,0.6395397723994193,-0.07151765380332298,8.332088332512212,-0.09304623333305728,-0.2,0.5769256512568679,8.615967750436024,0.0,0.0,0.0,0.07557528450072591,0.0,0.07557528450072591,0.0,low,,8.540392465935298,True,pass,False,,0.6156282998944034,0.011087645195353749,0.46673706441393875,0.428194297782471,0.5089757127771911,0.9345300950369588,0.8247096092925026,0.9007391763463569,0.4348996832101373,0.5477032734952482,9.137847370288188,463,0.0,9.197636394129596,0,301,0,162,advance,OCc1ccc(-c2cc3c(N[C@H](CO)c4ccccc4)ncnc3[nH]2)cc1
COC(C)(C)COc1cncc(F)c1-c1[nH]c2c(c1Nc1cccc(F)c1C)C(=O)NCC2,8.751433445113873,0.17820162012439095,0.48741695697455645,456.4930000000002,4.496620000000003,88.27000000000001,3,5,4,7,0.3333333333333333,0,0.0,3.2099533333333348,False,,0,,0,,0,,0.8169014084507042,0.7044611195731106,1.0,0.1827956989247312,Afatinib,0.18309859154929575,0.8172043010752688,0.6881172271913947,0.5946195827462624,1.0,0.9543010752688172,0.5946195827462624,0.8092594713016186,1.0,0.40538041725373763,0.5946195827462624,-0.1615229921469652,8.484131014927287,0.03925729030788961,-0.0,0.5775556565197637,9.10094396175494,0.0,0.0,0.11730243018658641,0.13172552156717204,0.0,0.36152795175375846,0.15,low,uncertain_prediction,8.73941601000118,True,pass,False,,0.7328405491024287,0.47254487856388594,0.13885955649419218,0.1689545934530095,0.8780359028511088,0.7808870116156283,0.5047518479408659,0.48680042238648363,0.47890707497360085,0.5622228088701162,9.67563245172326,260,0.0,9.18908338064532,0,302,42,0,advance,COC(C)(C)COc1cnccc1-c1[nH]c2c(c1Nc1cccc(F)c1C)C(=O)NCC2
COc1cnccc1-c1cc2c(N[C@H](CO)c3ccccc3OC)ncnc2[nH]1,8.292568212389414,0.06934719598039707,0.44425965533433504,391.4310000000001,3.1826000000000008,105.18,3,7,4,7,0.19047619047619047,0,0.0,3.126206666666668,False,,0,,0,,0,,0.8275862068965517,0.6817437926058616,0.9668068956470209,0.21348314606741572,Osimertinib,0.1724137931034483,0.7865168539325843,0.6495990159110755,0.5741040924851664,1.0,0.9217343852184118,0.5741040924851664,0.7863593734036634,1.0,0.42589590751483364,0.5741040924851664,-0.18234714332345048,8.188547418418818,-0.005623725618046069,-0.0,0.5552429869880823,8.738166679788854,0.0,0.0,0.0,0.15736988439354205,0.0,0.15736988439354205,0.0,low,,8.580796795395312,True,pass,False,,0.5617740232312566,0.26135163674762407,0.21119324181626187,0.12724392819429778,0.7001055966209081,0.6768743400211193,0.8247096092925026,0.8764519535374868,0.3621964097148891,0.5055702217529039,9.172802371446721,442,0.0,9.187481061498797,0,303,0,139,advance,COc1cnccc1-c1cc2c(N[C@H](CO)c3ccccc3)ncnc2[nH]1
Clc1cc(Br)cc(Nc2ncnc3cnc(NCCN4CCOCC4)cc23)c1,8.205787555418782,0.12324919229992055,0.5735272498432332,463.7670000000004,3.9284000000000026,75.2,2,7,4,6,0.3157894736842105,0,0.0,3.1584466666666695,False,,0,,0,,0,,0.7580645161290323,0.6657254573383605,0.9376826497061099,0.41975308641975306,Dacomitinib,0.24193548387096775,0.5802469135802469,0.5901724542447511,0.6439612694650603,1.0,0.8483237156746442,0.5901724542447511,0.7706143598461138,1.0,0.40982754575524893,0.5901724542447511,-0.24058920746848378,8.020913766968901,0.13133919721165388,-0.0,0.517365704242537,8.669618668423091,0.0,0.0,0.03487378844988082,0.13728443219406117,0.0,0.17215822064394198,0.0,low,,8.497460447779149,True,pass,False,,0.5269271383315733,0.6678986272439282,0.16737064413938754,0.44350580781414994,0.6209081309398099,0.7602956705385427,0.8247096092925026,0.6800422386483632,0.48450369588173176,0.5739440337909187,9.251023103481169,411,0.0,9.186193288328251,0,304,0,107,advance,Brc1cccc(Nc2ncnc3cnc(NCCN4CCOCC4)cc23)c1
Nc1cccc([C@@H](CO)Nc2ncnc3[nH]c(-c4ccc(CO)cc4)cc23)c1,9.009826052166453,0.10583163424356959,0.3306000523812286,375.43200000000013,2.844900000000001,120.08,5,6,4,6,0.14285714285714285,0,0.0,2.9195466666666676,False,,1,aniline,0,,0,,0.8113207547169812,0.6805025227968959,0.9645500414489016,0.17857142857142858,Sunvozertinib,0.18867924528301883,0.8214285714285714,0.8033743690711145,0.5195397723994193,0.88,0.9287696739438189,0.5195397723994193,0.7829209538535882,0.9287696739438189,0.40922990154439964,0.5907700984556004,0.027271220290035036,8.851078600801099,-0.09304623333305728,-0.2,0.5724717421681553,9.130504109636197,0.0,0.0,0.008747451365354375,0.13653737693049955,0.0,0.29528482829585395,0.2,low,potency_dominates_drug_likeness,8.835219281340343,True,pass,False,,0.8405491024287223,0.011087645195353749,0.46673706441393875,0.1900739176346357,0.6884899683210137,0.7655755015839493,0.32787750791974657,0.7434002111932418,0.48848996832101366,0.5348732840549102,9.716692071621413,251,0.0,9.177067222206235,0,305,54,0,advance,OCc1ccc(-c2cc3c(N[C@H](CO)c4ccccc4)ncnc3[nH]2)cc1
COc1c(F)cc(F)cc1Nc1c(-c2ccncc2OCC(C)(C)OC)[nH]c2c1C(=O)N(C)CC2,8.209297872240711,0.051263227427700564,0.4861747897979849,486.5190000000004,4.539000000000004,88.71,2,6,4,8,0.36,0,0.0,3.510126666666669,False,,0,,0,,0,,0.7922077922077922,0.6602998790101141,0.927817961836571,0.205607476635514,Gefitinib,0.20779220779220775,0.794392523364486,0.6414402088607873,0.5823912625940197,1.0,0.8944616022185496,0.5823912625940197,0.7795732684183392,1.0,0.41760873740598026,0.5823912625940197,-0.18417741274340238,8.13240303109916,-0.004344210202015399,-0.0,0.5637787409749819,8.691837561872127,0.0,0.0,0.0,0.14701092175747532,0.0,0.14701092175747532,0.0,low,,8.544826640114652,True,pass,False,,0.5279831045406547,0.45406546990496305,0.04382259767687434,0.27243928194297784,0.5850052798310454,0.7391763463569165,0.8247096092925026,0.9355860612460402,0.3894667370644139,0.5197993664202746,9.159197646349424,450,0.0,9.16858587981898,0,306,0,144,advance,COc1c(F)cc(F)cc1Nc1c(-c2ccncc2OCC(C)(C)OC)[nH]c2c1C(=O)NCC2
CNc1cc2c(Nc3cccc(C(F)(F)F)c3F)ncnc2cn1,7.858081969876573,0.11485429832115746,0.70831126021967,337.28000000000003,3.9680000000000017,62.730000000000004,2,5,3,3,0.13333333333333333,0,0.0,1.9000000000000001,False,,0,,0,,0,,0.6296296296296297,0.5834897999603882,0.7881632726552511,0.3787878787878788,Afatinib,0.37037037037037035,0.6212121212121212,0.5091224836443331,0.7664942700438955,1.0,0.7464254847944686,0.5091224836443331,0.7555105596206743,1.0,0.4908775163556669,0.5091224836443331,-0.3285174346351215,7.685800522394837,0.4366445935530032,-0.0,0.5500711211941158,8.672516237141956,0.0,0.0,0.022281447481736175,0.23859689544458362,0.0,0.2608783429263198,0.0,low,,8.411637894215636,True,pass,False,,0.3474128827877508,0.9229144667370645,0.9767687434002112,0.9704329461457233,0.19640971488912354,0.4836325237592397,0.8247096092925026,0.7085533262935586,0.6815205913410771,0.623284054910243,9.490340946751248,317,0.0,9.159578760107927,0,307,0,10,advance,CNc1cc2c(Nc3cccc(C(F)(F)F)c3)ncnc2cn1
COC(C)(C)COc1cnc(F)cc1-c1[nH]c2c(c1Nc1cccc(F)c1C)C(=O)NCC2,8.760850025467242,0.1627413489703466,0.45595924220378287,456.4930000000002,4.496620000000003,88.27000000000001,3,5,4,7,0.3333333333333333,0,0.0,3.2099533333333348,False,,0,,0,,0,,0.8194444444444444,0.7082794982794983,1.0,0.19148936170212766,Afatinib,0.18055555555555558,0.8085106382978724,0.7012935620875679,0.577317839622337,1.0,0.9521276595744681,0.577317839622337,0.8076847653210932,1.0,0.42268216037766304,0.577317839622337,-0.14185493764470036,8.516738002011722,0.007799575537116028,-0.0,0.5738031914893618,9.098340769038199,0.0,0.0,0.09411202345551987,0.15335270047207883,0.0,0.3599647239275987,0.15,low,uncertain_prediction,8.7383760451106,True,pass,False,,0.7349524815205913,0.336325237592397,0.13885955649419218,0.16420274551214362,0.8780359028511088,0.6979936642027456,0.5047518479408659,0.5332629355860612,0.4516631467793031,0.5359820485744456,9.640336545173362,268,0.0,9.156554503399935,0,308,40,0,advance,COC(C)(C)COc1cnccc1-c1[nH]c2c(c1Nc1cccc(F)c1C)C(=O)NCC2
CCOc1ccccc1-c1cc2c(N[C@H](CO)c3ccccc3N)ncnc2[nH]1,8.485733396056284,0.08232730297508666,0.35850834186981706,389.45900000000006,3.7513000000000005,109.07999999999998,4,6,4,7,0.18181818181818182,0,0.0,3.1130600000000004,False,,1,aniline,0,,0,,0.7894736842105263,0.6870100113672158,0.9763818388494833,0.20987654320987653,Afatinib,0.21052631578947367,0.7901234567901234,0.6888042369315105,0.5274465111053225,0.88,0.9298172433346433,0.5274465111053225,0.7565169978428691,0.9298172433346433,0.40237073222932085,0.5976292677706792,-0.09028368121514474,8.362242441593654,-0.09026883994836477,-0.2,0.575869338854671,8.647842940499961,0.0,0.0,0.0,0.12796341528665106,0.0,0.12796341528665106,0.0,low,,8.51987952521331,True,pass,False,,0.6430834213305174,0.030623020063357972,0.24656810982048574,0.2856388595564942,0.721752903907075,0.808870116156283,0.8247096092925026,0.8310454065469906,0.3896251319957762,0.5278247096092925,9.115393098894893,472,0.0,9.153269176744462,0,309,0,163,advance,CCOc1ccccc1-c1cc2c(N[C@H](CO)c3ccccc3)ncnc2[nH]1
Nc1cc(Br)cc(Nc2ncnc3cnc(NCCN4CCOCC4)cc23)c1,8.097593614223575,0.0402896240924632,0.4993953657519882,444.3370000000004,2.8572000000000006,101.22,3,8,4,6,0.3157894736842105,0,0.0,3.028913333333336,False,,1,aniline,0,,0,,0.7704918032786885,0.6760158634428057,0.9563924789869194,0.37349397590361444,Dacomitinib,0.2295081967213115,0.6265060240963856,0.6211956666911695,0.6081707844969269,0.88,0.8739208652642858,0.6081707844969269,0.7458218291130956,0.88,0.27182921550307315,0.7281707844969268,-0.16616821656256786,8.037159178084881,0.0766373131204089,-0.2,0.5303286155002357,8.444125106705526,0.0,0.0,0.0,0.0,0.0,0.0,0.0,low,,8.444125106705526,True,pass,False,,0.4825765575501584,0.5079197465681098,0.3368532206969377,0.38965153115100315,0.672650475184794,0.986272439281943,0.8247096092925026,0.9630411826821542,0.44720168954593453,0.5901267159450897,8.980767134160647,532,0.0,9.152277165839633,0,310,0,222,advance,Brc1cccc(Nc2ncnc3cnc(NCCN4CCOCC4)cc23)c1
[2H]C([2H])([2H])Oc1ccccc1-c1cc2c(N[C@H](CO)c3ccccc3Cl)ncnc2[nH]1,8.327766422982721,0.12325845155792894,0.4479100750875871,397.88030533400007,4.432400000000002,83.06,3,5,4,6,0.14285714285714285,0,0.0,3.069202035560001,False,,0,,0,,0,,0.7666666666666667,0.644691564914886,0.8994392089361563,0.2222222222222222,Osimertinib,0.23333333333333328,0.7777777777777778,0.6206606896551301,0.5783043091612499,1.0,0.8690238511465616,0.5783043091612499,0.7669972124907354,1.0,0.42169569083875014,0.5783043091612499,-0.19511536378080696,8.142878745645827,0.001815484039301313,-0.0,0.5631931355673724,8.707887365252502,0.0,0.0,0.03488767733689341,0.15211961354843767,0.0,0.18700729088533108,0.0,low,,8.52088007436717,True,pass,False,,0.5786694825765576,0.2946145723336853,0.2866948257655755,0.4007391763463569,0.510559662090813,0.7106652587117213,0.8247096092925026,0.6789862724392819,0.44247624076029574,0.5250791974656811,9.238858854164857,416,0.0,9.150975111325987,0,311,0,105,advance,[2H]C([2H])([2H])Oc1ccccc1-c1cc2c(N[C@H](CO)c3ccccc3)ncnc2[nH]1
COc1ccccc1-c1cc2c(N[C@H](CO)c3ccc(Cl)cc3)ncnc2[nH]1,8.379884438635692,0.1395597380681615,0.4502281902876411,394.862,4.432400000000002,83.06,3,5,4,6,0.14285714285714285,0,0.0,3.0490800000000005,False,,0,,0,,0,,0.8545454545454545,0.7484028206772876,1.0,0.27058823529411763,Osimertinib,0.1454545454545455,0.7294117647058824,0.62227929301121,0.5803531969658949,1.0,0.9323529411764706,0.5803531969658949,0.7837463577883939,1.0,0.41964680303410506,0.5803531969658949,-0.21528941970291193,8.17054483153345,0.007151904573355345,-0.0,0.5342780748663102,8.711974810973116,0.0,0.0,0.05933960710224223,0.14955850379263136,0.0,0.2088981108948736,0.0,low,,8.503076700078243,True,pass,False,,0.5976768743400211,0.324181626187962,0.3146779303062302,0.04065469904963041,0.8780359028511088,0.7265047518479408,0.8247096092925026,0.6219640971488912,0.38912354804646254,0.5374868004223864,9.17892306862887,440,0.0,9.148060860585106,0,312,0,128,advance,COc1ccccc1-c1cc2c(N[C@H](CO)c3ccccc3)ncnc2[nH]1
CCOc1ccccc1-c1cc2c(N[C@H](CO)c3ccccc3Cl)ncnc2[nH]1,8.452658756714124,0.12934142218481526,0.40794403699732057,408.88900000000007,4.8225000000000025,83.06,3,5,4,7,0.18181818181818182,0,0.0,3.242593333333334,False,,0,,0,,0,,0.7758620689655172,0.6757832017359908,0.9559694577018014,0.21348314606741572,Osimertinib,0.22413793103448276,0.7865168539325843,0.6476256936491602,0.5496540921433981,1.0,0.9136063067594972,0.5496540921433981,0.7777215231380138,1.0,0.4503459078566019,0.5496540921433981,-0.1734611059851382,8.258646623436901,-0.060263144820861314,-0.0,0.5758094895707428,8.774192968186782,0.0,0.0,0.04401213327722288,0.18793238482075236,0.0,0.23194451809797523,0.0,low,,8.542248450088806,True,pass,False,,0.6304118268215417,0.13199577613516367,0.10718057022175291,0.3558606124604013,0.6710665258711721,0.573389651531151,0.8247096092925026,0.6589229144667371,0.3973336853220697,0.4950897571277719,9.250993390573266,412,0.0,9.136356158642132,0,313,0,99,advance,CCOc1ccccc1-c1cc2c(N[C@H](CO)c3ccccc3)ncnc2[nH]1
COc1ccccc1-c1cc2c(N[C@H](CO)c3cccc(N)c3)ncnc2[nH]1,9.053412557928795,0.20377475953080687,0.38485350596732953,375.4320000000001,3.3612,109.07999999999998,4,6,4,6,0.14285714285714285,0,0.0,2.919546666666667,False,,1,aniline,0,,0,,0.8392857142857143,0.7360232890970596,1.0,0.23863636363636365,Osimertinib,0.1607142857142857,0.7613636363636364,0.7457108078106338,0.5493791718717749,0.88,0.9403409090909091,0.5493791718717749,0.7788577221933295,0.9403409090909091,0.3909617372191342,0.6090382627808658,-0.04419588584359424,8.747750418632585,-0.038792779746956225,-0.2,0.5507305194805194,9.059688158366148,0.0,0.0,0.1556621392962103,0.11370217152391775,0.0,0.38186431082012806,0.15,low,uncertain_prediction,8.67782384754602,True,pass,False,,0.8595564941921858,0.07391763463569166,0.47571277719112987,0.0839493136219641,0.8780359028511088,0.8500527983104541,0.5047518479408659,0.4065469904963041,0.4897307286166843,0.568532206969377,9.647365032706169,266,0.0,9.135062495909272,0,314,48,0,advance,COc1ccccc1-c1cc2c(N[C@H](CO)c3ccccc3)ncnc2[nH]1
COC[C@@H](Nc1ncnc2[nH]c(-c3ccccc3)cc12)c1ccccc1,8.631425738300655,0.23704518855389736,0.5432369378341189,344.4180000000001,4.424500000000003,62.83,2,4,4,6,0.14285714285714285,0,0.0,2.75,False,,0,,0,,0,,0.7346938775510204,0.6951327899580886,0.9911505271965245,0.25,Afatinib,0.26530612244897955,0.75,0.6169248025874354,0.6430110850395346,1.0,0.9308628953973934,0.6169248025874354,0.7976996957560909,1.0,0.38307519741256457,0.6169248025874354,-0.24103319089154052,8.275857955469808,0.14502265211983317,-0.0,0.5921753869011719,9.013055994490813,0.0,0.0,0.20556778283084604,0.10384399676570573,0.0,0.42191177959655174,0.15,low,uncertain_prediction,8.59114421489426,True,pass,False,,0.6874340021119324,0.604012671594509,0.5617740232312566,0.5644139387539598,0.7412882787750792,0.8891235480464625,0.5047518479408659,0.31890179514255546,0.6272967265047519,0.6389123548046463,9.765812066296515,236,0.0,9.132839040659837,0,315,79,0,advance,OC[C@@H](Nc1ncnc2[nH]c(-c3ccccc3)cc12)c1ccccc1
C=CC(=O)Cc1ncc2ncnc(Nc3cccc(Br)c3)c2c1Cl,8.081800198943641,0.14966128089669342,0.6361068818426235,403.66700000000003,4.481900000000002,67.77,1,5,3,5,0.058823529411764705,0,0.0,2.4577800000000005,False,,0,,0,,0,,0.6666666666666666,0.5762987261494724,0.7750885929990406,0.36486486486486486,Sunvozertinib,0.33333333333333337,0.6351351351351351,0.540687153108225,0.7053287850134429,1.0,0.7401002285330642,0.540687153108225,0.746529041663683,1.0,0.459312846891775,0.540687153108225,-0.27445585140727724,7.857308277598602,0.2733222347837999,-0.0,0.5343126887903007,8.664943201172703,0.0,0.0,0.07449192134504012,0.19914105861471876,0.0,0.2736329799597589,0.0,low,,8.391310221212944,True,pass,False,,0.47412882787750793,0.8257655755015839,0.7824709609292503,0.8938753959873285,0.14994720168954592,0.5406546990496304,0.8247096092925026,0.5818373812038015,0.6746568109820485,0.6143611404435058,9.47453137435116,326,0.0,9.128543589745151,0,316,0,10,advance,C=CC(=O)Cc1cc2c(Nc3cccc(Br)c3)ncnc2cn1
[2H]C([2H])([2H])Oc1ccccc1-c1cc2c(N[C@H](CO)c3ccccc3N)ncnc2[nH]1,8.328920025173664,0.08080272952803257,0.3831487512444499,378.45030533400006,3.361200000000001,109.07999999999998,4,6,4,6,0.14285714285714285,0,0.0,2.939668702226667,False,,1,aniline,0,,0,,0.7796610169491526,0.6549196443820499,0.9180357170582724,0.20481927710843373,Afatinib,0.22033898305084743,0.7951807228915663,0.6506680956237932,0.5476676323295757,0.88,0.8873219685165958,0.5476676323295757,0.7414144241174911,0.8873219685165958,0.3396543361870201,0.6603456638129799,-0.12099510465826402,8.207715930881616,-0.043515839803835894,-0.2,0.5672156885049193,8.531415779582698,0.0,0.0,0.0,0.04956792023377517,0.0,0.04956792023377517,0.0,low,,8.481847859348923,True,pass,False,,0.5797254487856388,0.06335797254487856,0.42027455121436114,0.33368532206969376,0.5591341077085533,0.9567053854276664,0.8247096092925026,0.8384371700105596,0.40332629355860616,0.5347940865892291,9.015407331853025,514,0.0,9.123600763255999,0,317,0,197,advance,[2H]C([2H])([2H])Oc1ccccc1-c1cc2c(N[C@H](CO)c3ccccc3)ncnc2[nH]1
COc1cc(C(N)=O)cc(N)c1-c1cc2c(N[C@H](C)c3ccccc3)ncnc2[nH]1,8.903628490240537,0.157231536534598,0.36507645702813607,402.4580000000001,3.487700000000002,131.94,4,6,4,6,0.13636363636363635,0,0.0,3.0997200000000005,False,,1,aniline,0,,0,,0.746031746031746,0.6700656041986688,0.9455738258157613,0.24719101123595505,Osimertinib,0.25396825396825395,0.752808988764045,0.7408450469859158,0.5315720513654749,0.88,0.8973826165528322,0.5315720513654749,0.7624499287260558,0.8973826165528322,0.36581056518735733,0.6341894348126427,-0.02880650898685333,8.66778118543864,-0.08624517933550033,-0.2,0.5765218673688681,8.958057873472008,0.0,0.0,0.085847304801897,0.08226320648419667,0.0,0.28061051128609366,0.15,low,uncertain_prediction,8.677447362185914,True,pass,False,,0.7888067581837381,0.03801478352692714,0.26874340021119325,0.49208025343189016,0.6378035902851109,0.9260823653643083,0.5047518479408659,0.5586061246040127,0.5012935586061247,0.553220696937698,9.559610143799357,292,0.0,9.116312198511151,0,318,26,0,advance,COc1cc(C(N)=O)ccc1-c1cc2c(N[C@H](C)c3ccccc3)ncnc2[nH]1
C=CC(=O)Cc1cc2c(Nc3cccc(Br)c3)ncnc2c(C)n1,7.851314062676853,0.08154525756058083,0.6711836604087291,383.2490000000001,4.136920000000003,67.77000000000001,1,5,3,5,0.1111111111111111,0,0.0,2.3216600000000005,False,,0,,0,,0,,0.6949152542372882,0.5878408597052666,0.7960742903732119,0.3116883116883117,Sunvozertinib,0.30508474576271183,0.6883116883116883,0.5307468353768068,0.7298563978401855,1.0,0.769133639857831,0.5307468353768068,0.7574342182687057,1.0,0.4692531646231932,0.5307468353768068,-0.3022498438558653,7.728996176335982,0.33404577151984016,-0.0,0.5428002146800297,8.605842162535852,0.0,0.0,0.0,0.21156645577899152,0.0,0.21156645577899152,0.0,low,,8.394275706756861,True,pass,False,,0.34635691657866946,0.8796198521647307,0.8801478352692714,0.7729672650475184,0.2212249208025343,0.5174234424498416,0.8247096092925026,0.8342133051742344,0.6184002111932418,0.599208025343189,9.347922415967743,367,0.0,9.113325337168687,0,319,0,48,advance,C=CC(=O)Cc1cc2c(Nc3cccc(Br)c3)ncnc2cn1
COCCOc1cnccc1-c1[nH]c2c(c1Nc1cccc(Cl)c1Br)C(=O)NCC2,8.956101291130656,0.19436102996446086,0.42217463384139536,491.77300000000014,4.5473000000000035,88.27000000000001,3,5,4,7,0.23809523809523808,0,0.0,3.4451533333333346,False,,0,,0,,0,,0.8260869565217391,0.7503987161670307,1.0,0.17757009345794392,Erlotinib,0.17391304347826086,0.822429906542056,0.7279726018075414,0.5496901511768699,1.0,0.955607476635514,0.5496901511768699,0.8083175574049812,1.0,0.4503098488231301,0.5496901511768699,-0.1071266074632532,8.664559746183965,-0.07078884234908098,-0.0,0.5749898415278343,9.168760745362718,0.0,0.0,0.1415415449466913,0.1878873110289126,0.0,0.4419288559756039,0.15,low,uncertain_prediction,8.726831889387114,True,pass,False,,0.8099260823653643,0.1890179514255544,0.0559662090813094,0.1351636747624076,0.8780359028511088,0.5776135163674763,0.5047518479408659,0.4276663146779303,0.4376979936642028,0.5078669482576558,9.693998337759762,256,0.0,9.1112722272963,0,320,64,0,advance,COCCOc1cnccc1-c1[nH]c2c(c1Nc1cccc(F)c1Br)C(=O)NCC2
C/C=C/C(=O)Cc1cc2c(Nc3cc(N)cc(Br)c3)ncnc2cn1,7.937412450945286,0.02200485395803956,0.5016795814655813,398.264,3.8008000000000015,93.79,2,6,3,5,0.1111111111111111,0,0.0,2.42176,False,,1,aniline,0,,0,,0.7543859649122807,0.6275583442877205,0.8682878987049463,0.2857142857142857,Sunvozertinib,0.24561403508771928,0.7142857142857143,0.5939497149656937,0.6327791544214544,0.88,0.8297873526001383,0.5939497149656937,0.7341290554968216,0.88,0.2860502850343063,0.7139497149656937,-0.1869057873748371,7.904405170008227,0.14952669257669246,-0.2,0.5418840047514245,8.395815867336344,0.0,0.0,0.0,0.0,0.0,0.0,0.0,low,,8.395815867336344,True,pass,False,,0.3812038014783527,0.5263991552270327,0.8220696937697993,0.455649419218585,0.42133051742344246,0.9841605068637803,0.8247096092925026,0.989440337909187,0.49126187961985224,0.5935850052798309,8.985330122880166,530,0.0,9.10811787367214,0,321,0,209,advance,C/C=C/C(=O)Cc1cc2c(Nc3cccc(Br)c3)ncnc2cn1
COc1cc(Br)cc(Nc2ncnc3cnc(NCCN4CCOCC4)cc23)c1,7.962405240456326,0.01996355199646803,0.557233208530415,459.34800000000035,3.2836000000000016,84.42999999999999,2,8,4,7,0.35,0,0.0,3.2289866666666693,False,,0,,0,,0,,0.7230769230769231,0.6457662797560496,0.9013932359200901,0.42168674698795183,Dacomitinib,0.27692307692307694,0.5783132530120482,0.601626823716554,0.6322864698199333,1.0,0.8206232401930796,0.601626823716554,0.7636341334323917,1.0,0.39837317628344604,0.601626823716554,-0.2160097462877837,7.932459912461624,0.10788520853041464,-0.0,0.5234576694990216,8.56380279049106,0.0,0.0,0.0,0.12296647035430756,0.0,0.12296647035430756,0.0,low,,8.440836320136752,True,pass,False,,0.38965153115100315,0.619324181626188,0.12249208025343189,0.6367476240760296,0.5142555438225976,0.8310454065469906,0.8247096092925026,0.9904963041182682,0.4449313621964097,0.5522439281942978,9.097720425126752,479,0.0,9.10352903396991,0,322,0,157,advance,Brc1cccc(Nc2ncnc3cnc(NCCN4CCOCC4)cc23)c1
COc1ccccc1-c1cc2c(N[C@H](CO)c3ccc(N)cc3)ncnc2[nH]1,8.427907558436326,0.10570855491489457,0.38485350596732953,375.4320000000001,3.3612,109.07999999999998,4,6,4,6,0.14285714285714285,0,0.0,2.919546666666667,False,,1,aniline,0,,0,,0.8703703703703703,0.7612069786845193,1.0,0.2441860465116279,Osimertinib,0.12962962962962965,0.7558139534883721,0.6579809011686553,0.5493791718717749,0.88,0.938953488372093,0.5493791718717749,0.7565783903531308,0.938953488372093,0.38957431650031815,0.6104256834996818,-0.13146331891263408,8.269344726063984,-0.038792779746956225,-0.2,0.5350775193798449,8.565629465696874,0.0,0.0,0.008562832372341851,0.1119678956253977,0.0,0.12053072799773956,0.0,low,,8.445098737699135,True,pass,False,,0.6166842661034847,0.07391763463569166,0.47571277719112987,0.02164730728616684,0.8780359028511088,0.8637803590285111,0.8247096092925026,0.7444561774023232,0.3679778247096093,0.5397043294614573,9.007202855348405,518,0.0,9.092743933052883,0,323,0,195,advance,COc1ccccc1-c1cc2c(N[C@H](CO)c3ccccc3)ncnc2[nH]1
COCCOc1cnc(F)cc1-c1[nH]c2c(c1Nc1cccc(F)c1Br)C(=O)NCC2,8.577138711113395,0.12036252014113293,0.3398762777334237,493.30800000000016,4.172100000000001,88.27000000000001,3,5,4,7,0.23809523809523808,0,0.0,3.455386666666668,False,,0,,0,,0,,0.8142857142857143,0.6913368999421631,0.9842489089857509,0.2087912087912088,Afatinib,0.18571428571428572,0.7912087912087912,0.6850309136795558,0.5040324655738959,1.0,0.935988879541511,0.5040324655738959,0.7812630646987406,1.0,0.4959675344261041,0.5040324655738959,-0.1283095346922466,8.396594930901696,-0.1546221984570527,-0.0,0.5669962931805037,8.808969025625146,0.0,0.0,0.03054378021169938,0.2449594180326301,0.0,0.2755031982443295,0.0,low,,8.533465827380816,True,pass,False,,0.6694825765575502,0.016367476240760296,0.05227032734952482,0.17740232312565998,0.7349524815205913,0.47043294614572334,0.8247096092925026,0.6906019007391764,0.34786166842661037,0.4638067581837381,9.226403027737078,421,0.0,9.090033937201301,0,324,0,97,advance,COCCOc1cnccc1-c1[nH]c2c(c1Nc1cccc(F)c1Br)C(=O)NCC2
COc1cc(C(N)=O)ccc1-c1cc2c(N[C@H](C)c3ccc(F)cc3)ncnc2[nH]1,8.224679435183452,0.06269271289644013,0.4488194178263119,405.43300000000005,4.044600000000002,105.91999999999999,3,5,4,6,0.13636363636363635,0,0.0,3.119553333333334,False,,0,,0,,0,,0.8333333333333334,0.6530855419090713,0.9147009852892205,0.26136363636363635,Osimertinib,0.16666666666666663,0.7386363636363636,0.637284959768355,0.576867859291651,1.0,0.8706848298760063,0.576867859291651,0.7712094122340031,1.0,0.42313214070834904,0.576867859291651,-0.17856593662086406,8.130640365838792,-0.005477218537324557,-0.0,0.5252661554132142,8.650429302714683,0.0,0.0,0.0,0.1539151758854363,0.0,0.1539151758854363,0.0,low,,8.496514126829247,True,pass,False,,0.5364308342133052,0.308870116156283,0.2375923970432946,0.10190073917634636,0.542766631467793,0.6932418162618796,0.8247096092925026,0.9028511087645196,0.3591869060190074,0.4924234424498416,9.08145358993749,488,0.0,9.087422257769056,0,325,0,163,advance,COc1cc(C(N)=O)ccc1-c1cc2c(N[C@H](C)c3ccccc3)ncnc2[nH]1
COc1cccc([C@@H](C)Nc2ncnc3[nH]c(-c4ccc(CO)cc4)cc23)c1,8.576934188155933,0.15952185759493617,0.46866074009969094,374.44400000000013,4.298900000000002,83.06,3,5,4,6,0.18181818181818182,0,0.0,2.912960000000001,False,,0,,0,,0,,0.7678571428571429,0.6593081927848244,0.9260148959724079,0.2073170731707317,Afatinib,0.2321428571428571,0.7926829268292683,0.657568246722528,0.5957264839779068,1.0,0.8926819036866231,0.5957264839779068,0.7864941585967644,1.0,0.40427351602209316,0.5957264839779068,-0.17190121583231532,8.337651401763528,0.04989855828150902,-0.0,0.5737728877561681,8.961322847801206,0.0,0.0,0.08928278639240425,0.13034189502761645,0.0,0.3321246814200207,0.15,low,uncertain_prediction,8.629198166381185,True,pass,False,,0.6684266103484688,0.36747624076029567,0.4952481520591341,0.395987328405491,0.5786694825765576,0.791974656810982,0.5047518479408659,0.5491024287222809,0.5277719112988385,0.5597676874340021,9.594649141359813,284,0.0,9.075919391301987,0,326,42,0,advance,C[C@@H](Nc1ncnc2[nH]c(-c3ccc(CO)cc3)cc12)c1ccccc1
COc1c(Nc2c(-c3ccncc3OCC(C)(C)OC)[nH]c3c2C(=O)NCC3)cc(F)c(N)c1F,9.089576495787481,0.16172081571392158,0.35668429994448647,487.50700000000023,3.779000000000001,123.52,4,7,4,8,0.3333333333333333,0,0.0,3.5167133333333345,False,,1,aniline,0,,0,,0.8356164383561644,0.779079828792331,1.0,0.17142857142857143,Osimertinib,0.1643835616438356,0.8285714285714285,0.7841895529471252,0.5109181598412624,0.88,0.9571428571428571,0.5109181598412624,0.7830626424828111,0.9571428571428571,0.44622469730159464,0.5537753026984054,0.0015025472857520539,8.8469952722166,-0.13748936672218037,-0.2,0.5725440313111546,9.082049936805575,0.0,0.0,0.09258122357088236,0.1827808716269933,0.0,0.3878620951978757,0.15,low,uncertain_prediction,8.694187841607699,True,pass,False,,0.8722280887011615,0.026399155227032733,0.04012671594508976,0.09398099260823653,0.8780359028511088,0.5976768743400211,0.5047518479408659,0.5364308342133052,0.42259767687434,0.5039070749736008,9.589167149054783,286,0.0,9.07387633157602,0,327,41,0,advance,COc1c(F)cc(F)cc1Nc1c(-c2ccncc2OCC(C)(C)OC)[nH]c2c1C(=O)NCC2
C[C@@H](Nc1ncnc2[nH]c(-c3ccc(CO)cc3)cc12)c1ccccc1N,8.107064345632779,0.027651643635259675,0.40537554986873847,359.4330000000001,3.8725000000000014,99.85,4,5,4,5,0.14285714285714285,0,0.0,2.7128866666666673,False,,1,aniline,0,,0,,0.7735849056603774,0.6673760396492041,0.9406837084530982,0.20512820512820512,Afatinib,0.2264150943396226,0.7948717948717949,0.6324099358635129,0.5686147575560112,0.88,0.9042307300577723,0.5686147575560112,0.7463138558693241,0.9042307300577723,0.3356159725017611,0.6643840274982389,-0.15187189334108153,8.06558688017989,0.012728264154452657,-0.2,0.5755192580276433,8.453834402361984,0.0,0.0,0.0,0.04451996562720141,0.0,0.04451996562720141,0.0,low,,8.409314436734784,True,pass,False,,0.48891235480464623,0.11826821541710665,0.5908130939809926,0.37328405491024286,0.6230200633579726,0.9630411826821542,0.8247096092925026,0.9852164730728616,0.4069429778247096,0.5511615628299894,8.942165975751635,548,0.0,9.07070831213077,0,328,0,220,advance,C[C@@H](Nc1ncnc2[nH]c(-c3ccc(CO)cc3)cc12)c1ccccc1
O=C(O)CCNc1c(Br)cc(Cl)cc1Nc1ncnc2ccncc12,8.004943482190248,0.09197042423383021,0.5503062816290119,422.67000000000013,4.070900000000001,100.03,3,6,3,6,0.125,0,0.0,2.6844666666666677,False,,0,,0,,0,,0.7457627118644068,0.631371040720412,0.8752200740371125,0.3076923076923077,Sunvozertinib,0.2542372881355932,0.6923076923076923,0.5618565735838807,0.6494197369472385,1.0,0.8294919786047574,0.5618565735838807,0.7601920722839692,1.0,0.43814342641611925,0.5618565735838807,-0.2644473316001179,7.866987845839502,0.16013628162901172,-0.0,0.5409041058626027,8.568028233331118,0.0,0.0,0.0,0.17267928302014907,0.0,0.17267928302014907,0.0,low,,8.39534895031097,True,pass,False,,0.41077085533262936,0.6129883843717001,0.6129883843717001,0.503167898627244,0.441921858500528,0.6198521647307286,0.8247096092925026,0.7983104540654699,0.5000263991552271,0.5553590285110876,9.168059912317391,443,0.0,9.061779784524274,0,329,0,114,advance,O=C(O)CCNc1c(Br)cccc1Nc1ncnc2ccncc12
COc1ccccc1-c1cc2c(N[C@H](CO)c3ccccc3N)ncnc2[nH]1,8.309344405590652,0.1032178212061711,0.38485350596732953,375.4320000000001,3.3612,109.07999999999998,4,6,4,6,0.14285714285714285,0,0.0,2.919546666666667,False,,1,aniline,0,,0,,0.7719298245614035,0.6807959586071105,0.9650835611038372,0.22988505747126436,Osimertinib,0.22807017543859653,0.7701149425287357,0.6300836265533433,0.5493791718717749,0.88,0.9163414064600619,0.5493791718717749,0.743951051221295,0.9163414064600619,0.36696223458828703,0.633037765411713,-0.1518232328906023,8.154517673781395,-0.038792779746956225,-0.2,0.5749369519819485,8.490661846016387,0.0,0.0,0.004826731809256635,0.0837027932353588,0.0,0.08852952504461543,0.0,low,,8.402132320971772,True,pass,False,,0.5681098204857444,0.07391763463569166,0.47571277719112987,0.3790918690601901,0.691129883843717,0.9239704329461457,0.8247096092925026,0.7550158394931362,0.4176082365364309,0.5487328405491024,8.991791729860104,528,0.0,9.060611729630695,0,330,0,198,advance,COc1ccccc1-c1cc2c(N[C@H](CO)c3ccccc3)ncnc2[nH]1
CNc1cc2c(Nc3cccc(C(F)(F)F)c3C)ncnc2cn1,7.6993831703566515,0.0921016238357844,0.7542240902317288,333.317,4.1373200000000026,62.730000000000004,2,5,3,3,0.1875,0,0.0,1.9000000000000001,False,,0,,0,,0,,0.6296296296296297,0.5748143663792942,0.7723897570532621,0.3582089552238806,Afatinib,0.37037037037037035,0.6417910447761195,0.4853746559041138,0.7917463265505278,1.0,0.7397400789839763,0.4853746559041138,0.7542152653596546,1.0,0.5146253440958861,0.4853746559041139,-0.35845414594072084,7.561230734602975,0.4879740902317287,-0.0,0.552301419362818,8.601506244197521,0.0,0.0,0.0,0.26828168011985765,0.0,0.26828168011985765,0.0,low,,8.333224564077664,True,pass,False,,0.2819429778247096,0.9609292502639916,0.9767687434002112,0.9704329461457233,0.1457233368532207,0.440337909186906,0.8247096092925026,0.7972544878563886,0.659662090813094,0.6043822597676874,9.393100753173234,357,0.0,9.058483275798888,0,331,0,26,advance,CNc1cc2c(Nc3cccc(C(F)(F)F)c3)ncnc2cn1
COc1c(F)cc(F)c(Cl)c1Nc1c(-c2ccncc2OCC(C)(C)OC)[nH]c2c1C(=O)NCC2,9.031288034043287,0.038341602763455954,0.3778291212787754,506.93700000000035,4.850200000000003,97.5,3,6,4,8,0.3333333333333333,1,0.5,3.646246666666669,False,,0,,0,,0,,0.7763157894736842,0.7389878542510122,1.0,0.2,Gefitinib,0.22368421052631582,0.8,0.8559828865764026,0.46756576029307,1.0,0.95,0.46756576029307,0.8183871617173681,1.0,0.5324342397069299,0.46756576029307007,0.05012763314537927,8.973775629898103,-0.8857745453878917,-0.0,0.5906578947368422,8.678658979247054,0.0,0.0,0.0,0.2905427996336624,0.0,0.2905427996336624,0.0,low,,8.388116179613391,True,pass,False,,0.8521647307286166,0.04963041182682154,0.011087645195353749,0.3484688489968321,0.8780359028511088,0.3928194297782471,0.8247096092925026,0.9704329461457233,0.4647571277719113,0.5571277719112989,9.236367532573347,417,0.0,9.05666950590695,0,332,0,85,advance,COc1c(F)cc(F)cc1Nc1c(-c2ccncc2OCC(C)(C)OC)[nH]c2c1C(=O)NCC2
COCCOc1cnc(OC)cc1-c1[nH]c2c(c1Nc1cccc(F)c1C)C(=O)NCC2,8.665957766459995,0.16982375109653458,0.46341515758014057,440.4750000000002,3.5875200000000023,97.5,3,6,4,8,0.30434782608695654,0,0.0,3.203166666666668,False,,0,,0,,0,,0.7887323943661971,0.6852839647051956,0.9732435721912646,0.20652173913043478,Afatinib,0.21126760563380287,0.7934782608695652,0.6726128158474245,0.5816796187203593,1.0,0.9283022443608397,0.5816796187203593,0.7956486697321559,1.0,0.41832038127964066,0.5816796187203593,-0.1640478051796419,8.411222139815193,0.013374940188836018,-0.0,0.576424793843897,9.001021873847925,0.0,0.0,0.10473562664480186,0.14790047659955086,0.0,0.3651361032443527,0.15,low,uncertain_prediction,8.635885770603572,True,pass,False,,0.7117212249208026,0.36061246040126715,0.14625131995776136,0.29408658922914466,0.7127771911298838,0.7360084477296727,0.5047518479408659,0.5131995776135164,0.47315205913410774,0.5326557550158395,9.568804344808855,289,0.0,9.05007267662258,0,333,44,0,advance,COCCOc1cnccc1-c1[nH]c2c(c1Nc1cccc(F)c1C)C(=O)NCC2
COc1cnccc1-c1cc2c(N[C@H](CO)c3cccc(N)c3)ncnc2[nH]1,8.927106560204287,0.18763814462880715,0.3816892061689245,376.4200000000001,2.7561999999999998,121.97,4,7,4,6,0.15,0,0.0,2.926133333333334,False,,1,aniline,0,,0,,0.8333333333333334,0.6731600116747701,0.9512000212268547,0.23076923076923078,Osimertinib,0.16666666666666663,0.7692307692307692,0.7254299388109067,0.5473854736493187,0.88,0.9057077082278333,0.5473854736493187,0.7646307801720147,0.9057077082278333,0.35832223457851464,0.6416777654214854,-0.052267788481477284,8.645649343261075,-0.0422307938310756,-0.2,0.5435692360759443,8.946987785505945,0.0,0.0,0.13145721694321072,0.07290279322314332,0.0,0.316860010166354,0.15,low,uncertain_prediction,8.630127775339592,True,pass,False,,0.7983104540654699,0.057022175290390706,0.457233368532207,0.10190073917634636,0.6504751847940866,0.9376979936642027,0.5047518479408659,0.457233368532207,0.4596092925026399,0.5361140443505807,9.498518936509113,313,0.0,9.04846462856029,0,334,21,0,advance,COc1cnccc1-c1cc2c(N[C@H](CO)c3ccccc3)ncnc2[nH]1
C=CC(=O)Cc1cc2c(Nc3cc(N)cc(Br)c3)ncnc2cn1,7.962779876537581,0.08183713087462426,0.5173220354211839,384.237,3.4107000000000003,93.79,2,6,3,5,0.058823529411764705,0,0.0,2.328246666666667,False,,1,aniline,0,,0,,0.7454545454545455,0.616944484506621,0.8489899718302198,0.3472222222222222,Sunvozertinib,0.2545454545454545,0.6527777777777778,0.5584089775221581,0.6449791707637025,0.88,0.7999369233171093,0.5584089775221581,0.7208312679007425,0.88,0.3215910224778419,0.6784089775221581,-0.21656305383811236,7.840024180225644,0.1739673883623604,-0.2,0.5226262808363429,8.336617849424346,0.0,0.0,0.0,0.026988778097302366,0.0,0.026988778097302366,0.0,low,,8.309629071327045,True,pass,False,,0.3917634635691658,0.5665258711721225,0.8748680042238648,0.513727560718057,0.36958817317845827,0.9725448785638859,0.8247096092925026,0.8321013727560718,0.5235744456177402,0.5996568109820486,8.964907184165634,537,0.0,9.029217244505503,0,335,0,202,advance,C=CC(=O)Cc1cc2c(Nc3cccc(Br)c3)ncnc2cn1
COC(C)(C)COc1cnccc1-c1[nH]c2c(c1Nc1c(F)ccc(F)c1C)C(=O)NCC2,8.97653090469155,0.31130469523464255,0.48741695697455645,456.4930000000002,4.496620000000003,88.27000000000001,3,5,4,7,0.3333333333333333,0,0.0,3.2099533333333348,False,,0,,0,,0,,0.8260869565217391,0.7611078022632519,1.0,0.16666666666666666,Gefitinib,0.17391304347826086,0.8333333333333334,0.6512194395086378,0.5946195827462624,1.0,0.9583333333333334,0.5946195827462624,0.8010430888970584,1.0,0.40538041725373763,0.5946195827462624,-0.19976486585122744,8.509573861839586,0.03925729030788961,-0.0,0.5782608695652174,9.127092021712691,0.0,0.0,0.3169570428519638,0.13172552156717204,0.0,0.5611825644191358,0.15,low,uncertain_prediction,8.565909457293555,True,pass,False,,0.82259767687434,0.47254487856388594,0.13885955649419218,0.1351636747624076,0.8780359028511088,0.7808870116156283,0.5047518479408659,0.18690601900739176,0.5125395987328405,0.5707761351636748,9.7421395401921,245,0.0,9.025840819489966,0,336,91,0,advance,COC(C)(C)COc1cnccc1-c1[nH]c2c(c1Nc1cccc(F)c1C)C(=O)NCC2
COC(C)(C)COc1cncc(C)c1-c1[nH]c2c(c1Nc1cccc(F)c1C)C(=O)NCC2,8.776360417456088,0.23867167420389437,0.4850605147304438,452.5300000000002,4.665940000000003,88.27000000000001,3,5,4,7,0.36,0,0.0,3.183533333333335,False,,0,,0,,0,,0.8055555555555556,0.6952761127761128,0.9914111141383868,0.18085106382978725,Afatinib,0.19444444444444442,0.8191489361702128,0.6520199324212959,0.5943396933581543,1.0,0.9483455696463432,0.5943396933581543,0.7986762988564483,1.0,0.4056603066418457,0.5943396933581543,-0.19554182191353664,8.418352906150247,0.04353051473044358,-0.0,0.5810974593856606,9.04298088026635,0.0,0.0,0.20800751130584155,0.13207538330230717,0.0,0.4525828946081487,0.15,low,uncertain_prediction,8.590397985658202,True,pass,False,,0.7402323125659979,0.44931362196409713,0.162090813093981,0.21858500527983105,0.7434002111932418,0.7761351636747624,0.5047518479408659,0.3167898627243928,0.4909978880675818,0.5458025343189019,9.632178345947448,271,0.0,9.020361026840884,0,337,66,0,advance,COC(C)(C)COc1cnccc1-c1[nH]c2c(c1Nc1cccc(F)c1C)C(=O)NCC2
C=CC(=O)NC1=NC=C2N=CN=C(Nc3cc(C)ccc3C)C21,8.35078697052359,0.25524360913705435,0.8225305541972523,307.357,2.3276400000000006,78.21000000000001,2,5,3,2,0.17647058823529413,0,0.0,2.1500000000000004,False,,0,,0,,1,acrylamide_like,0.7090909090909091,0.5569716511412877,0.7399484566205229,0.25925925925925924,Osimertinib,0.2909090909090909,0.7407407407407407,0.5340262162349594,0.8196994971161811,0.92,0.7401465276505774,0.5340262162349594,0.7534680602504296,0.92,0.38597378376504066,0.6140262162349593,-0.2925891253539602,7.967921556818008,0.5176776130207817,-0.0,0.5381184272864439,9.023717597125234,0.0,0.0,0.2328654137055815,0.10746722970630083,0.1,0.5528326434118824,0.15,low,uncertain_prediction,8.470884953713352,True,pass,False,,0.587117212249208,0.9915522703273495,0.9044350580781415,0.6985216473072862,0.0791974656810982,0.8785638859556494,0.5047518479408659,0.27243928194297784,0.737882787750792,0.6450369588173179,9.909176942426184,197,0.0,9.019929304294134,0,338,141,0,advance,C=CC(=O)NC1=NC=C2N=CN=C(Nc3cccc(C)c3)C21
COc1cnccc1-c1cc2c(N[C@H](CO)c3ccccc3Cl)ncnc2[nH]1,8.26178597460564,0.14224425585440229,0.45890941697138776,395.8500000000001,3.8274000000000017,95.94999999999999,3,6,4,6,0.15,0,0.0,3.055666666666667,False,,0,,0,,0,,0.7741935483870968,0.6258847735879334,0.8652450428871514,0.24444444444444444,Osimertinib,0.22580645161290325,0.7555555555555555,0.5908755145533285,0.5848745383086222,1.0,0.8378226710542525,0.5848745383086222,0.7533931809790508,1.0,0.41512546169137776,0.5848745383086222,-0.2166902219009631,8.048419590824038,0.015559416971387727,-0.0,0.544590830614261,8.608569838409686,0.0,0.0,0.06336638378160342,0.1439068271142222,0.0,0.20727321089582562,0.0,low,,8.40129662751386,True,pass,False,,0.5491024287222809,0.3437170010559662,0.2967265047518479,0.368532206969377,0.41657866948257655,0.747624076029567,0.8247096092925026,0.6082365364308342,0.4340549102428722,0.512117212249208,9.129435730701132,464,0.0,9.01583728221291,0,339,0,125,advance,COc1cnccc1-c1cc2c(N[C@H](CO)c3ccccc3)ncnc2[nH]1
C=CC(=O)Cc1ncc2ncnc(Nc3cccc(Br)c3)c2c1N,8.330509587927715,0.19128925179279624,0.6551470899586137,384.2370000000001,3.4107000000000003,93.78999999999999,2,6,3,5,0.058823529411764705,0,0.0,2.3282466666666672,False,,1,aniline,0,,0,,0.6666666666666666,0.5729921819474059,0.7690766944498287,0.32894736842105265,Sunvozertinib,0.33333333333333337,0.6710526315789473,0.5737249207269713,0.7207829507592889,0.88,0.7445706787321084,0.5737249207269713,0.7297696375545921,0.88,0.30627507927302866,0.6937249207269713,-0.20805962243682763,8.043575710238521,0.3117924428997901,-0.2,0.5435849630861415,8.698953116224454,0.0,0.0,0.13693387768919435,0.00784384909128584,0.0,0.25727772678048016,0.15,low,uncertain_prediction,8.441675389443974,True,pass,False,,0.5818373812038015,0.8643083421330517,0.8711721224920802,0.8938753959873285,0.1351636747624076,0.9788806758183738,0.5047518479408659,0.440337909186906,0.7441393875395987,0.6645987328405492,9.591920381271972,285,0.0,9.014193868852633,0,340,55,0,advance,C=CC(=O)Cc1cc2c(Nc3cccc(Br)c3)ncnc2cn1
COCCOc1cnccc1-c1[nH]c2c(c1Nc1c(C)ccc(F)c1C)C(=O)NCC2,8.51403884151158,0.18961616676684923,0.5010771966005143,424.4760000000002,3.887340000000002,88.27000000000001,3,5,4,7,0.30434782608695654,0,0.0,2.9965066666666687,False,,0,,0,,0,,0.7941176470588235,0.7373114749368319,1.0,0.20408163265306123,Gefitinib,0.20588235294117652,0.7959183673469388,0.6207783936411004,0.6103422017200264,1.0,0.9489795918367347,0.6103422017200264,0.7950250467994654,1.0,0.3896577982799736,0.6103422017200264,-0.23232887087782006,8.229614591361306,0.0820359792092097,-0.0,0.581422569027611,8.893073139598126,0.0,0.0,0.13442425015027382,0.11207224784996701,0.0,0.3589964980002408,0.15,low,uncertain_prediction,8.534076641597885,True,pass,False,,0.648363252375924,0.5195353748680043,0.39334741288278774,0.26610348468849,0.8780359028511088,0.8611404435058078,0.5047518479408659,0.44878563885955647,0.5078933474128828,0.5852164730728617,9.502545156493586,311,0.0,9.011336409285319,0,341,30,0,advance,COCCOc1cnccc1-c1[nH]c2c(c1Nc1cccc(F)c1C)C(=O)NCC2
COc1c(F)cc(F)cc1Nc1c(-c2c(N)cncc2OCC(C)(C)OC)[nH]c2c1C(=O)NCC2,8.404882906921783,0.1087025467632624,0.38129279985477393,487.50700000000035,3.7790000000000017,123.52000000000001,4,7,4,8,0.3333333333333333,0,0.0,3.5167133333333354,False,,1,aniline,0,,0,,0.7763157894736842,0.6438510948489942,0.8979110815436256,0.16666666666666666,Gefitinib,0.22368421052631582,0.8333333333333334,0.6501289439961621,0.5244528347919204,0.88,0.8817666444910526,0.5244528347919204,0.7340871058197838,0.8817666444910526,0.3573138096991322,0.6426861903008678,-0.11194421576482905,8.241829086776889,-0.11288086681189302,-0.2,0.5751356651227485,8.504083885087745,0.0,0.0,0.013053820144893584,0.07164226212391524,0.0,0.08469608226880881,0.0,low,,8.419387802818935,True,pass,False,,0.6082365364308342,0.05279831045406547,0.03801478352692714,0.3484688489968321,0.503167898627244,0.9403379091869061,0.8247096092925026,0.7317845828933475,0.35966209081309397,0.49244984160506866,8.935678394063459,552,0.0,9.010327612745018,0,342,0,210,advance,COc1c(F)cc(F)cc1Nc1c(-c2ccncc2OCC(C)(C)OC)[nH]c2c1C(=O)NCC2
Nc1cc(Br)cc(Nc2ncnc3cnc(CC(=O)/C=C\Cl)cc23)c1,7.895626523432424,0.009855491885672743,0.4807171605700608,418.6820000000002,3.9772000000000016,93.78999999999999,2,6,3,5,0.058823529411764705,0,0.0,2.5578800000000013,False,,1,aniline,0,,0,,0.75,0.6320078714545928,0.8763779480992595,0.30666666666666664,Sunvozertinib,0.25,0.6933333333333334,0.592007786538135,0.6160144383135335,0.88,0.830616794407778,0.592007786538135,0.7296597548148616,0.88,0.287992213461865,0.712007786538135,-0.18353595770230213,7.880843285603914,0.1029175135112371,-0.2,0.5395944870248148,8.323355286139966,0.0,0.0,0.0,0.0,0.0,0.0,0.0,low,,8.323355286139966,True,pass,False,,0.3590285110876452,0.4392819429778247,0.7138331573389651,0.47729672650475186,0.44931362196409713,0.9831045406546991,0.8247096092925026,0.9978880675818373,0.45195353748680045,0.5683210137275607,8.865699531124127,597,0.0,9.00534050261304,0,343,0,254,advance,O=C(/C=C\Cl)Cc1cc2c(Nc3cccc(Br)c3)ncnc2cn1
C/C=C/C(=O)Cc1ncc2ncnc(Nc3cccc(Br)c3)c2c1N,8.396935481437305,0.2155363195447179,0.6353371698563681,398.2640000000001,3.8008000000000015,93.78999999999999,2,6,3,5,0.1111111111111111,0,0.0,2.421760000000001,False,,1,aniline,0,,0,,0.6774193548387096,0.5967745368236252,0.8123173396793185,0.2716049382716049,Sunvozertinib,0.32258064516129037,0.7283950617283951,0.5733584466780237,0.7062908280363871,0.88,0.7913367701915877,0.5733584466780237,0.7377465112264996,0.88,0.3066415533219763,0.6933584466780237,-0.21918408606463446,8.073631002120228,0.28318428096747916,-0.2,0.5667591437609288,8.723574426848637,0.0,0.0,0.17330447931707688,0.008301941652470377,0.0,0.29410642096954726,0.15,low,uncertain_prediction,8.429468005879091,True,pass,False,,0.6050686378035903,0.8167898627243928,0.8146779303062301,0.8574445617740233,0.2719112988384372,0.9767687434002112,0.5047518479408659,0.3727560718057022,0.7293294614572334,0.6652323125659979,9.598769780597317,282,0.0,9.002746780958288,0,344,62,0,advance,C/C=C/C(=O)Cc1cc2c(Nc3cccc(Br)c3)ncnc2cn1
C[C@@H](Nc1ncnc2[nH]c(-c3ccc(CO)c(Cl)c3)cc12)c1ccccc1,8.662726709469238,0.22756553126746987,0.4593539820268317,378.86300000000006,4.943700000000004,73.83,3,4,4,5,0.14285714285714285,0,0.0,2.84242,False,,0,,0,,0,,0.7321428571428571,0.6706055392719086,0.9465555259489246,0.20481927710843373,Sunvozertinib,0.2678571428571429,0.7951807228915663,0.6313858054800806,0.5933208439609112,1.0,0.908711825184585,0.5933208439609112,0.7833546186563942,1.0,0.4066791560390888,0.5933208439609112,-0.20262508423508474,8.321378412568034,0.04727669631254599,-0.0,0.5957288126404153,8.964383921520994,0.0,0.0,0.1913482969012048,0.13334894504886097,0.0,0.43719724195006576,0.15,low,uncertain_prediction,8.527186679570928,True,pass,False,,0.7074973600844773,0.35005279831045405,0.5205913410770855,0.5776135163674763,0.6399155227032735,0.7692713833157339,0.5047518479408659,0.3400211193241816,0.5819957761351636,0.5829725448785639,9.662778852883191,263,0.0,9.001753733425206,0,345,82,0,advance,C[C@@H](Nc1ncnc2[nH]c(-c3ccc(CO)cc3)cc12)c1ccccc1
COC(C)(C)COc1cnc(N)cc1-c1[nH]c2c(c1Nc1cccc(F)c1C)C(=O)NCC2,8.78799095348657,0.1724380410291672,0.43089523001885754,453.5180000000002,3.939720000000001,114.28999999999999,4,6,4,7,0.3333333333333333,0,0.0,3.190120000000001,False,,1,aniline,0,,0,,0.7972972972972973,0.6902807005832632,0.9823285465150239,0.1875,Afatinib,0.20270270270270274,0.8125,0.7012911096512255,0.5642954534334486,0.88,0.9398714098862679,0.5642954534334486,0.7713644932427355,0.9398714098862679,0.3755759564528194,0.6244240435471806,-0.09343117812201329,8.52933389194282,-0.014289436647809288,-0.2,0.5805483528449722,8.895592808139984,0.0,0.0,0.10865706154375081,0.09446994556602424,0.0,0.31562700710977504,0.15,low,uncertain_prediction,8.579965801030209,True,pass,False,,0.747624076029567,0.21436114044350582,0.15681098204857444,0.24656810982048574,0.7302006335797254,0.8975712777191129,0.5047518479408659,0.5036958817317846,0.4521383315733897,0.5352164730728618,9.438158806028051,335,0.0,8.997225568717644,0,346,11,0,advance,COC(C)(C)COc1cnccc1-c1[nH]c2c(c1Nc1cccc(F)c1C)C(=O)NCC2
[2H]C([2H])([2H])Oc1ccccc1-c1cc2c(N[C@H](CO)c3ccc(N)cc3)ncnc2[nH]1,8.477308322904896,0.1462977902228751,0.3831487512444499,378.45030533400006,3.3612,109.07999999999998,4,6,4,6,0.14285714285714285,0,0.0,2.939668702226667,False,,1,aniline,0,,0,,0.875,0.727659516853977,1.0,0.2111111111111111,Osimertinib,0.125,0.7888888888888889,0.6419186275702116,0.5476676323295757,0.88,0.9472222222222222,0.5476676323295757,0.7542021205305023,0.9472222222222222,0.3995545898926465,0.6004454101073535,-0.14971132394705433,8.257861637570583,-0.043515839803835894,-0.2,0.5429166666666667,8.557262464433414,0.0,0.0,0.06944668533431263,0.1244432373658081,0.0,0.19388992270012073,0.0,low,,8.363372541733293,True,pass,False,,0.6409714889123548,0.06335797254487856,0.42027455121436114,0.014783526927138331,0.8780359028511088,0.8289334741288279,0.8247096092925026,0.590285110876452,0.3671066525871173,0.5279831045406547,8.997790447537955,523,0.0,8.996952267182078,0,347,0,176,advance,[2H]C([2H])([2H])Oc1ccccc1-c1cc2c(N[C@H](CO)c3ccccc3)ncnc2[nH]1
CCOc1ccccc1-c1cc2c(N[C@H](CO)c3ccc(C)cc3)ncnc2[nH]1,8.662281942784661,0.15377553821088666,0.43482098927761076,388.47100000000006,4.477520000000003,83.06,3,5,4,7,0.21739130434782608,0,0.0,3.106473333333334,False,,0,,0,,0,,0.8727272727272727,0.7446251063005717,1.0,0.2073170731707317,Afatinib,0.12727272727272732,0.7926829268292683,0.6829276089485447,0.5696718005129424,1.0,0.9481707317073171,0.5696718005129424,0.800192535292201,1.0,0.4303281994870576,0.5696718005129424,-0.1563532351248753,8.43161863546833,-0.009410880287606713,-0.0,0.5450776053215078,8.967285360502231,0.0,0.0,0.08066330731632998,0.16291024935882198,0.0,0.35607355667515195,0.15,low,uncertain_prediction,8.611211803827079,True,pass,False,,0.706441393875396,0.23389651531151004,0.25343189017951423,0.01795142555438226,0.8780359028511088,0.6589229144667371,0.5047518479408659,0.5691657866948258,0.40628299894403375,0.5067845828933474,9.454824959235072,333,0.0,8.994353303299096,0,348,15,0,advance,CCOc1ccccc1-c1cc2c(N[C@H](CO)c3ccccc3)ncnc2[nH]1
Cc1cc2ncnc(Nc3cccc(Br)c3NCCC(=O)O)c2cn1,8.023867728499928,0.13818059340563763,0.5778289525438194,402.25200000000024,3.7259200000000003,100.03,3,6,3,6,0.17647058823529413,0,0.0,2.5483466666666685,False,,0,,0,,0,,0.7288135593220338,0.6170542160591368,0.8491894837438849,0.2948717948717949,Sunvozertinib,0.27118644067796616,0.7051282051282051,0.5342405167410357,0.6697925905657673,1.0,0.813174164089965,0.5342405167410357,0.754301817849192,1.0,0.4657594832589643,0.5342405167410357,-0.2934150681442085,7.8165968383914715,0.21322401136734853,-0.0,0.5458697307795175,8.575690580538339,0.0,0.0,0.05727089010845643,0.20719935407370543,0.0,0.26447024418216186,0.0,low,,8.311220336356177,True,pass,False,,0.42133051742344246,0.6795142555438226,0.7518479408658922,0.6024287222808871,0.37117212249208026,0.5248152059134108,0.8247096092925026,0.6282998944033791,0.5587645195353749,0.5672386483632524,9.246208003980788,413,0.0,8.99190671439208,0,349,0,64,advance,O=C(O)CCNc1c(Br)cccc1Nc1ncnc2ccncc12
COc1cc(C(N)=O)ccc1-c1cc2c(N[C@H](C)c3ccccc3F)ncnc2[nH]1,8.093931362947709,0.04618094776865188,0.4488194178263119,405.43300000000005,4.044600000000002,105.91999999999999,3,5,4,6,0.13636363636363635,0,0.0,3.119553333333334,False,,0,,0,,0,,0.7777777777777778,0.6254832775783622,0.8645150501424766,0.2696629213483146,Osimertinib,0.2222222222222222,0.7303370786516854,0.6161561772988708,0.576867859291651,1.0,0.8309705572697788,0.576867859291651,0.7559986484650751,1.0,0.42313214070834904,0.576867859291651,-0.1864566282216057,8.02465994129473,-0.005477218537324557,-0.0,0.5352298861311248,8.554412608888532,0.0,0.0,0.0,0.1539151758854363,0.0,0.1539151758854363,0.0,low,,8.400497433003096,True,pass,False,,0.4815205913410771,0.308870116156283,0.2375923970432946,0.34107708553326294,0.4149947201689546,0.6932418162618796,0.8247096092925026,0.9524815205913411,0.3823125659978881,0.48957233368532216,9.013187688085997,515,0.0,8.987984233425482,0,350,0,165,advance,COc1cc(C(N)=O)ccc1-c1cc2c(N[C@H](C)c3ccccc3)ncnc2[nH]1
Fc1ccc(Nc2ncnc3cnc(NCCN4CCOCC4)cc23)cc1Br,8.676331809414952,0.2757076990414074,0.6000676648570861,447.31200000000024,3.414100000000002,75.2,2,7,4,6,0.3157894736842105,0,0.0,3.0487466666666685,False,,0,,0,,0,,0.746031746031746,0.6911995252546019,0.9839991368265488,0.48717948717948717,Dacomitinib,0.25396825396825395,0.5128205128205128,0.6010875630247529,0.6627777284919101,1.0,0.8662044808250398,0.6010875630247529,0.7825174430854256,1.0,0.39891243697524714,0.6010875630247529,-0.24190650674756364,8.262770260852841,0.17433461222550684,-0.0,0.5141316523385053,8.951236525416855,0.0,0.0,0.2635615485621111,0.12364054621905894,0.0,0.49970209478117006,0.15,low,uncertain_prediction,8.451534430635684,True,pass,False,,0.7148891235480465,0.7191129883843717,0.32259767687434004,0.49208025343189016,0.73389651531151,0.8299894403379092,0.5047518479408659,0.24181626187961985,0.6123284054910243,0.6227560718057022,9.686030612006084,258,0.0,8.973841716802527,0,351,93,0,advance,Brc1cccc(Nc2ncnc3cnc(NCCN4CCOCC4)cc23)c1
CNc1cc2c(Nc3ccc(N)c(C(F)(F)F)c3)ncnc2cn1,8.319669583873408,0.22007524611045284,0.6362139674734034,334.305,3.4111000000000002,88.75,3,6,3,3,0.13333333333333333,0,0.0,1.9000000000000001,False,,1,aniline,0,,0,,0.660377358490566,0.5986862334032146,0.8157931516422082,0.34285714285714286,Sunvozertinib,0.339622641509434,0.6571428571428571,0.5508647236910349,0.7268407590334487,0.88,0.7761305780173704,0.5508647236910349,0.7334590151854634,0.88,0.3291352763089651,0.6708647236910349,-0.24345905532590473,7.989556714707728,0.3645473008067367,-0.2,0.5539213337326545,8.70802534924712,0.0,0.0,0.18011286916567926,0.0364190953862064,0.0,0.32903196455188566,0.15,low,uncertain_prediction,8.378993384695233,True,pass,False,,0.5744456177402323,0.8305174234424498,0.9767687434002112,0.9181626187961985,0.2787750791974657,0.9683210137275607,0.5047518479408659,0.3590285110876452,0.7547518479408659,0.6795406546990497,9.61372756677616,276,0.0,8.969442170334093,0,352,76,0,advance,CNc1cc2c(Nc3cccc(C(F)(F)F)c3)ncnc2cn1
COc1cnccc1-c1cc2c(N[C@H](CO)c3ccccc3N)ncnc2[nH]1,8.240504434392946,0.1008799035344912,0.3816892061689245,376.4200000000001,2.756199999999999,121.97,4,7,4,6,0.15,0,0.0,2.926133333333334,False,,1,aniline,0,,0,,0.7868852459016393,0.6354664216911752,0.882666221256682,0.21978021978021978,Osimertinib,0.21311475409836067,0.7802197802197802,0.6145101761240928,0.5473854736493187,0.88,0.8570546109974566,0.5473854736493187,0.724737565192717,0.88,0.33261452635068134,0.6673854736493187,-0.14696985209149893,8.08918457909121,-0.0422307938310756,-0.2,0.5506341287243669,8.397587913984502,0.0,0.0,0.0013198553017367831,0.04076815793835169,0.0,0.04208801324008847,0.0,low,,8.355499900744414,True,pass,False,,0.542766631467793,0.057022175290390706,0.457233368532207,0.3004223864836325,0.4672650475184794,0.9672650475184794,0.8247096092925026,0.7666314677930306,0.3843189017951425,0.5114044350580781,8.858770596138672,600,0.0,8.969185222814108,0,353,0,247,advance,COc1cnccc1-c1cc2c(N[C@H](CO)c3ccccc3)ncnc2[nH]1
COc1c(F)cc(F)c(OC)c1Nc1c(-c2ccncc2OCC(C)(C)OC)[nH]c2c1C(=O)NCC2,9.096661358413973,0.12393567547353096,0.402570886528414,502.51800000000037,4.205400000000003,106.72999999999999,3,7,4,9,0.36,1,0.5,3.716786666666669,False,,0,,0,,0,,0.8309859154929577,0.7767550011906562,1.0,0.17475728155339806,Gefitinib,0.16901408450704225,0.8252427184466019,0.8124103667720216,0.47846065425729434,1.0,0.9563106796116505,0.47846065425729434,0.8117954251602417,1.0,0.5215393457427057,0.47846065425729434,0.000819922149040142,8.910757845203676,-0.8689471134715863,-0.0,0.5736291535621496,8.61543988529424,0.0,0.0,0.03590351321029643,0.2769241821783821,0.0,0.31282769538867855,0.0,low,,8.302612189905561,True,pass,False,,0.8743400211193242,0.10823653643083421,0.005807814149947202,0.11087645195353749,0.8780359028511088,0.4197465681098205,0.8247096092925026,0.6768743400211193,0.4381467793030623,0.5362988384371701,9.141216020457914,459,0.0,8.946170796030165,0,354,0,105,advance,COc1c(F)cc(F)cc1Nc1c(-c2ccncc2OCC(C)(C)OC)[nH]c2c1C(=O)NCC2
COC(C)(C)COc1cnccc1-c1[nH]c2c(c1Nc1cc(N)cc(F)c1C)C(=O)NCC2,9.084894616223567,0.2741214772780805,0.40308540713916713,453.51800000000026,3.939720000000001,114.28999999999999,4,6,4,7,0.3333333333333333,0,0.0,3.190120000000002,False,,1,aniline,0,,0,,0.7972972972972973,0.7363825363825364,1.0,0.17142857142857143,Osimertinib,0.20270270270270274,0.8285714285714285,0.7043386199612354,0.5490000508496189,0.88,0.9571428571428571,0.5490000508496189,0.7726203819884279,0.9571428571428571,0.4081428062932382,0.5918571937067618,-0.0910423493695901,8.673712400306446,-0.042099259527499815,-0.2,0.5897876447876448,9.021400785566591,0.0,0.0,0.26118221591712076,0.13517850786654773,0.0,0.5088607237836684,0.15,low,uncertain_prediction,8.512540061782923,True,pass,False,,0.8711721224920802,0.11298838437170011,0.1536430834213305,0.24656810982048574,0.8780359028511088,0.7676874340021119,0.5047518479408659,0.24392819429778248,0.48698521647307286,0.5455649419218586,9.60578304533428,280,0.0,8.942217992089153,0,355,75,0,advance,COC(C)(C)COc1cnccc1-c1[nH]c2c(c1Nc1cccc(F)c1C)C(=O)NCC2
Cc1ccc(Nc2ncnc3cnc(NCCN4CCOCC4)cc23)cc1Br,8.358970335876315,0.1762982991881488,0.6033492810887933,443.34900000000016,3.583420000000002,75.2,2,7,4,6,0.35,0,0.0,3.0223266666666677,False,,0,,0,,0,,0.746031746031746,0.6954276237858328,0.991686588701514,0.43209876543209874,Dacomitinib,0.25396825396825395,0.5679012345679013,0.5913337745373745,0.6655987712655029,1.0,0.8857402501681109,0.5913337745373745,0.7856681989927471,1.0,0.40866622546262554,0.5913337745373745,-0.2591125659404967,8.094522887094092,0.18500028108879316,-0.0,0.5325777318314632,8.812100900014348,0.0,0.0,0.11444744878222318,0.13583278182828196,0.0,0.36278023061050513,0.15,low,uncertain_prediction,8.449320669403843,True,pass,False,,0.5881731784582893,0.7312565997888067,0.3563885955649419,0.49208025343189016,0.7455121436114044,0.7666314677930306,0.5047518479408659,0.4941921858500528,0.562803590285111,0.5973864836325238,9.48746520835648,319,0.0,8.941184449762872,0,356,37,0,advance,Brc1cccc(Nc2ncnc3cnc(NCCN4CCOCC4)cc23)c1
C=CC(=O)NC1=NC=C2N=CN=C(Nc3cccc(C)c3Cl)C21,8.249367349698433,0.24761974833983763,0.8190700626355096,327.7750000000001,2.672620000000001,78.21000000000001,2,5,3,2,0.125,0,0.0,2.1500000000000004,False,,0,,0,,1,acrylamide_like,0.6551724137931034,0.5412923028954731,0.711440550719042,0.2682926829268293,Osimertinib,0.3448275862068966,0.7317073170731707,0.514008013586722,0.8177962267572227,0.92,0.7165072423075742,0.514008013586722,0.7420778706628797,0.92,0.40599198641327805,0.594008013586722,-0.3040931427682104,7.877937727188677,0.5090700626355096,-0.0,0.5525447465948152,8.939552536419,0.0,0.0,0.22142962250975645,0.1324899830165976,0.1,0.566419605526354,0.15,low,uncertain_prediction,8.373132930892647,True,pass,False,,0.5448785638859557,0.9825765575501584,0.9044350580781415,0.9318901795142556,0.03801478352692714,0.7729672650475184,0.5047518479408659,0.2925026399155227,0.7637539598732841,0.6406810982048574,9.85605728826694,218,0.0,8.916950248738475,0,357,139,0,advance,C=CC(=O)NC1=NC=C2N=CN=C(Nc3cccc(C)c3)C21
CNc1cc2c(Nc3cc(N)cc(C(F)(F)F)c3)ncnc2cn1,7.829234288643028,0.13095655573459744,0.6362139674734034,334.305,3.4111000000000002,88.75,3,6,3,3,0.13333333333333333,0,0.0,1.9000000000000001,False,,1,aniline,0,,0,,0.72,0.5866161240177413,0.7938474982140751,0.29577464788732394,Sunvozertinib,0.28,0.704225352112676,0.49063898314653887,0.7268407590334487,0.88,0.7714419616887254,0.49063898314653887,0.7172304259671782,0.88,0.38936101685346114,0.6106389831465389,-0.30212192376085245,7.632799455041132,0.3645473008067367,-0.2,0.5357294801873216,8.33307623603519,0.0,0.0,0.04643483360189615,0.11170127106682644,0.0,0.15813610466872258,0.0,low,,8.174940131366467,True,pass,False,,0.33051742344244983,0.8305174234424498,0.9767687434002112,0.6457233368532207,0.2122492080253432,0.8648363252375924,0.8247096092925026,0.6546990496304118,0.5904963041182683,0.60889651531151,9.041671800977111,504,0.0,8.90561594974028,0,358,0,146,advance,CNc1cc2c(Nc3cccc(C(F)(F)F)c3)ncnc2cn1
COCCOc1cnccc1-c1[nH]c2c(c1Nc1cc(C)cc(F)c1Br)C(=O)NCC2,8.869970781458093,0.24409937992167438,0.4301239908832108,489.3450000000002,4.341420000000002,88.27000000000001,3,5,4,7,0.2727272727272727,0,0.0,3.4289666666666685,False,,0,,0,,0,,0.8028169014084507,0.7355085857611422,1.0,0.18269230769230768,Gefitinib,0.19718309859154926,0.8173076923076923,0.6716231294193513,0.5546848616524325,1.0,0.9543269230769231,0.5546848616524325,0.7951587285371768,1.0,0.44531513834756753,0.5546848616524325,-0.1647141321571005,8.503821711575581,-0.05694828184406221,-0.0,0.5839247020585048,9.030798131790023,0.0,0.0,0.21614906988251156,0.1816439229344594,0.0,0.510292992816971,0.15,low,uncertain_prediction,8.520505138973052,True,pass,False,,0.778247096092925,0.2085533262935586,0.06705385427666315,0.2275607180570222,0.8780359028511088,0.6071805702217529,0.5047518479408659,0.29989440337909185,0.44749208025343185,0.5082101372756072,9.567788628094142,290,0.0,8.90535730370378,0,359,69,0,advance,COCCOc1cnccc1-c1[nH]c2c(c1Nc1cccc(F)c1Br)C(=O)NCC2
COCCOc1cnccc1-c1[nH]c2c(c1Nc1c(C)ccc(F)c1Br)C(=O)NCC2,8.65423313849605,0.17658399482820847,0.4301239908832108,489.3450000000002,4.341420000000002,88.27000000000001,3,5,4,7,0.2727272727272727,0,0.0,3.4289666666666685,False,,0,,0,,0,,0.7746478873239436,0.7159237989953791,1.0,0.18627450980392157,Gefitinib,0.22535211267605637,0.8137254901960784,0.6649494882442666,0.5546848616524325,1.0,0.9534313725490196,0.5546848616524325,0.7932664306114297,1.0,0.44531513834756753,0.5546848616524325,-0.17108925648955087,8.389357146253737,-0.05694828184406221,-0.0,0.5955260977630489,8.927934962172722,0.0,0.0,0.1148759922423127,0.1816439229344594,0.0,0.4090199151767721,0.15,low,uncertain_prediction,8.51891504699595,True,pass,False,,0.6990496304118268,0.2085533262935586,0.06705385427666315,0.36272439281942975,0.8780359028511088,0.6071805702217529,0.5047518479408659,0.4931362196409715,0.43888595564941923,0.5076293558606124,9.454598108952025,334,0.0,8.903070274028686,0,360,26,0,advance,COCCOc1cnccc1-c1[nH]c2c(c1Nc1cccc(F)c1Br)C(=O)NCC2
COc1cc(C(N)=O)ccc1-c1cc2c(N[C@H](C)c3ccccc3C)ncnc2[nH]1,8.02526762366241,0.05527999113488608,0.4486198580311708,401.4700000000001,4.213920000000002,105.91999999999999,3,5,4,6,0.17391304347826086,0,0.0,3.093133333333334,False,,0,,0,,0,,0.7903225806451613,0.631840583004309,0.8760737872805617,0.23076923076923078,Osimertinib,0.20967741935483875,0.7692307692307692,0.5926209121211823,0.5777742552504772,1.0,0.8493630327681136,0.5777742552504772,0.7549395500349434,1.0,0.4222257447495228,0.5777742552504772,-0.21642485055168137,7.942347636960081,0.0020411623789968088,-0.0,0.5441425162990485,8.488531315638125,0.0,0.0,0.0,0.1527821809369035,0.0,0.1527821809369035,0.0,low,,8.335749134701222,True,pass,False,,0.42238648363252373,0.30147835269271384,0.27771911298838436,0.2808870116156283,0.4477296726504752,0.7032734952481521,0.8247096092925026,0.9229144667370645,0.3482048574445618,0.47151531151003173,8.9063771445716,574,0.0,8.90156750851326,0,361,0,213,advance,COc1cc(C(N)=O)ccc1-c1cc2c(N[C@H](C)c3ccccc3)ncnc2[nH]1
C=CC(=O)Cc1ncc2ncnc(Nc3cccc(Br)c3)c2c1C,8.107290349472766,0.15033729589126524,0.6711836604087291,383.2490000000001,4.136920000000003,67.77,1,5,3,5,0.1111111111111111,0,0.0,2.3216600000000005,False,,0,,0,,0,,0.6666666666666666,0.5823092330555018,0.7860167873736394,0.32894736842105265,Sunvozertinib,0.33333333333333337,0.6710526315789473,0.5465864802443059,0.7298563978401855,1.0,0.7572757484249665,0.5465864802443059,0.7584296566273645,1.0,0.4534135197556941,0.5465864802443059,-0.28245756851074477,7.881784405635869,0.33404577151984016,-0.0,0.547819986317094,8.763650163472803,0.0,0.0,0.07550594383689785,0.19176689969461763,0.0,0.37977284353151547,0.15,low,uncertain_prediction,8.383877319941288,True,pass,False,,0.48996832101372756,0.8796198521647307,0.8801478352692714,0.8938753959873285,0.1890179514255544,0.5554382259767687,0.5047518479408659,0.5797254487856388,0.70720696937698,0.6102428722280888,9.61229852672518,277,0.0,8.891168766614994,0,362,85,0,advance,C=CC(=O)Cc1cc2c(Nc3cccc(Br)c3)ncnc2cn1
COC(C)(C)COc1cncc(N)c1-c1[nH]c2c(c1Nc1cccc(F)c1C)C(=O)NCC2,8.634823368688952,0.16018376519174696,0.43089523001885754,453.5180000000002,3.939720000000001,114.28999999999999,4,6,4,7,0.3333333333333333,0,0.0,3.190120000000001,False,,1,aniline,0,,0,,0.7837837837837838,0.6776073279206962,0.9592860507649021,0.17708333333333334,Afatinib,0.21621621621621623,0.8229166666666666,0.6715772065380152,0.5642954534334486,0.88,0.9251937047403432,0.5642954534334486,0.7602665911779517,0.9251937047403432,0.3608982513068947,0.6391017486931053,-0.11825251285324867,8.394547720901333,-0.014289436647809288,-0.2,0.5839938099885228,8.764252094242046,0.0,0.0,0.09027564778762043,0.07612281413361836,0.0,0.2788984619212388,0.15,low,uncertain_prediction,8.485353632320807,True,pass,False,,0.6884899683210137,0.21436114044350582,0.15681098204857444,0.3194297782470961,0.6752903907074974,0.9334741288278775,0.5047518479408659,0.5448785638859557,0.4401003167898628,0.5249208025343189,9.292372474389882,387,0.0,8.89025859536199,0,363,0,24,advance,COC(C)(C)COc1cnccc1-c1[nH]c2c(c1Nc1cccc(F)c1C)C(=O)NCC2
C=CC(=O)Cc1cc2c(Nc3cccc(Br)c3)ncnc2c(OC)n1,7.783005802381684,0.09027703888780512,0.6351545093338238,399.2480000000001,3.837100000000003,77.0,1,6,3,6,0.1111111111111111,0,0.0,2.528320000000001,False,,0,,0,,0,,0.6612903225806451,0.5620269071921873,0.7491398312585222,0.34146341463414637,Osimertinib,0.33870967741935487,0.6585365853658536,0.5075575233739574,0.7020919032105262,1.0,0.7264890197853551,0.5075575233739574,0.7340346115924596,1.0,0.49244247662604257,0.5075575233739574,-0.301969450958003,7.647590244049976,0.2670176204449348,-0.0,0.5372652882630964,8.451873152758006,0.0,0.0,0.0,0.24055309578255324,0.0,0.24055309578255324,0.0,low,,8.211320056975453,True,pass,False,,0.31890179514255546,0.8120380147835269,0.7740232312565998,0.9086589229144667,0.0908130939809926,0.47940865892291445,0.8247096092925026,0.8025343189017952,0.6037486800422387,0.565364308342133,9.176371568808692,441,0.0,8.889757226986012,0,364,0,77,advance,C=CC(=O)Cc1cc2c(Nc3cccc(Br)c3)ncnc2cn1
CNc1cc2c(Nc3cc(C(F)(F)F)ccc3F)ncnc2cn1,7.718680793133206,0.11382783742733797,0.70831126021967,337.28000000000003,3.9680000000000017,62.730000000000004,2,5,3,3,0.13333333333333333,0,0.0,1.9000000000000001,False,,0,,0,,0,,0.6730769230769231,0.5516920334567393,0.730349151739526,0.38461538461538464,Afatinib,0.32692307692307687,0.6153846153846154,0.474990712084165,0.7664942700438955,1.0,0.7016080176507983,0.474990712084165,0.7357732499447147,1.0,0.525009287915835,0.474990712084165,-0.347710050480733,7.547939036992199,0.4366445935530032,-0.0,0.5143180571656507,8.498901687710854,0.0,0.0,0.02074175614100695,0.28126160989479376,0.0,0.3020033660358007,0.0,low,,8.196898321675054,True,pass,False,,0.29039070749736007,0.9229144667370645,0.9767687434002112,0.8695881731784583,0.06441393875395987,0.4065469904963041,0.8247096092925026,0.7117212249208026,0.6356916578669483,0.5753431890179515,9.261731677151191,405,0.0,8.887310148496596,0,365,0,40,advance,CNc1cc2c(Nc3cccc(C(F)(F)F)c3)ncnc2cn1
C=CC(=O)NC1=NC=C2N=CN=C(Nc3cccc(C)c3OC)C21,8.051485832245806,0.18157459637266046,0.8343748096079896,323.3560000000001,2.02782,87.44000000000001,2,6,3,3,0.17647058823529413,0,0.0,2.25,False,,0,,0,,1,acrylamide_like,0.6333333333333333,0.5072370766488413,0.6495219575433477,0.27710843373493976,Osimertinib,0.3666666666666667,0.7228915662650602,0.5107692406005893,0.8223676837459328,0.92,0.6678643597237759,0.5107692406005893,0.7302503210175745,0.92,0.4092307593994108,0.5907692406005892,-0.2926414405559804,7.7791239376868155,0.514521868431519,-0.0,0.5442479592653551,8.83789376538369,0.0,0.0,0.12236189455899069,0.1365384492492635,0.1,0.4714003438082542,0.15,low,uncertain_prediction,8.366493421575436,True,pass,False,,0.44561774023231254,0.9963041182682154,0.8885955649419218,0.9640971488912354,0.008447729672650475,0.764519535374868,0.5047518479408659,0.4751847940865892,0.725897571277719,0.6199313621964098,9.708970850916952,253,0.0,8.885411056211128,0,366,113,0,advance,C=CC(=O)NC1=NC=C2N=CN=C(Nc3cccc(C)c3)C21
COCCOc1cncc(F)c1-c1[nH]c2c(c1Nc1cccc(F)c1C)C(=O)NCC2,8.659690578438898,0.2658066784133164,0.49948989342909916,428.4390000000002,3.718020000000002,88.27000000000001,3,5,4,7,0.2727272727272727,0,0.0,3.0229266666666685,False,,0,,0,,0,,0.8088235294117647,0.6951928708894654,0.9912597652535733,0.20224719101123595,Afatinib,0.19117647058823528,0.797752808988764,0.6038579697204031,0.6084530311295943,1.0,0.942883026187371,0.6038579697204031,0.788798506759342,1.0,0.39614203027959694,0.6038579697204031,-0.24658738271858538,8.260980560818924,0.07332362070182617,-0.0,0.5731701957747284,8.907474377295479,0.0,0.0,0.24871001761997458,0.12017753784949618,0.0,0.48138755546947076,0.15,low,uncertain_prediction,8.426086821826008,True,pass,False,,0.7011615628299894,0.5126715945089757,0.3468848996832101,0.20221752903907075,0.7423442449841605,0.8363252375923971,0.5047518479408659,0.2565997888067582,0.5105332629355861,0.5633315733896516,9.520114292818182,303,0.0,8.87708470989359,0,367,64,0,advance,COCCOc1cnccc1-c1[nH]c2c(c1Nc1cccc(F)c1C)C(=O)NCC2
Nc1cc(Br)c(NCCC(=O)O)c(Nc2ncnc3ccncc23)c1,7.913841556019019,0.07307717821995156,0.46304171965359014,403.24000000000007,2.9997000000000007,126.05,4,7,3,6,0.125,0,0.0,2.554933333333334,False,,1,aniline,0,,0,,0.7457627118644068,0.631371040720412,0.8752200740371125,0.275,Sunvozertinib,0.2542372881355932,0.725,0.5523063642507886,0.606406279142808,0.88,0.8376650555278344,0.5523063642507886,0.7190944247303577,0.88,0.3276936357492114,0.6723063642507886,-0.2223840806394255,7.804225788689092,0.09230171965359006,-0.2,0.5507117981702951,8.247239306512977,0.0,0.0,0.0,0.03461704468651426,0.0,0.03461704468651426,0.0,low,,8.212622261826462,True,pass,False,,0.36747624076029567,0.3558606124604013,0.7265047518479408,0.503167898627244,0.441921858500528,0.9704329461457233,0.8247096092925026,0.8658922914466737,0.44614572333685326,0.5535902851108765,8.782614174517201,629,0.0,8.876930603959515,0,368,0,261,advance,O=C(O)CCNc1c(Br)cccc1Nc1ncnc2ccncc12
Cc1cc(C)cc(Nc2ncnc3cnc(NCCN4CCOCC4)cc23)c1,7.714033496006915,0.0683548477501791,0.6824211096620202,378.4800000000002,3.129340000000002,75.2,2,7,4,6,0.38095238095238093,0,0.0,2.5898666666666683,False,,0,,0,,0,,0.8392857142857143,0.7174404761904762,1.0,0.4155844155844156,Dacomitinib,0.1607142857142857,0.5844155844155844,0.5056599805766034,0.7257213539038547,1.0,0.8961038961038961,0.5056599805766034,0.7818713076460886,1.0,0.49434001942339656,0.5056599805766034,-0.3682817694259801,7.611501224381646,0.3320363477572581,-0.0,0.49764610389610386,8.441183676035008,0.0,0.0,0.0,0.24292502427924573,0.0,0.24292502427924573,0.0,low,,8.198258651755763,True,pass,False,,0.28722280887011614,0.9049630411826821,0.6937697993664202,0.0839493136219641,0.8780359028511088,0.4751847940865892,0.8247096092925026,0.880675818373812,0.4310982048574445,0.5615100316789864,8.95850152186394,541,0.0,8.872070689770547,0,369,0,172,advance,Cc1cccc(Nc2ncnc3cnc(NCCN4CCOCC4)cc23)c1
C=CC(=O)Cc1cc2c(Nc3cc(Br)cc(OC)c3)ncnc2cn1,7.75951497854399,0.08260248479801982,0.6351545093338238,399.2480000000001,3.837100000000003,77.0,1,6,3,6,0.1111111111111111,0,0.0,2.528320000000001,False,,0,,0,,0,,0.6949152542372882,0.5878408597052666,0.7960742903732119,0.3717948717948718,Osimertinib,0.30508474576271183,0.6282051282051282,0.5070570052773836,0.7020919032105262,1.0,0.754106999831191,0.5070570052773836,0.7408139770797751,1.0,0.4929429947226164,0.5070570052773836,-0.31167596240318873,7.63561125134696,0.2670176204449348,-0.0,0.5247682466480618,8.427397118439956,0.0,0.0,0.0,0.2411787434032705,0.0,0.2411787434032705,0.0,low,,8.186218375036685,True,pass,False,,0.3093980992608237,0.8120380147835269,0.7740232312565998,0.7729672650475184,0.2212249208025343,0.4783526927138332,0.8247096092925026,0.8289334741288279,0.5723336853220697,0.5631995776135164,9.114197540826439,473,0.0,8.862057868172904,0,370,0,103,advance,C=CC(=O)Cc1cc2c(Nc3cccc(Br)c3)ncnc2cn1
C[C@@H](Nc1ncnc2[nH]c(-c3ccc(CO)cc3)cc12)c1cccc(N)c1,8.652373933716634,0.1894978575351007,0.40537554986873847,359.4330000000001,3.8725000000000014,99.85,4,5,4,5,0.14285714285714285,0,0.0,2.7128866666666673,False,,1,aniline,0,,0,,0.8113207547169812,0.6750946491644017,0.9547175439352756,0.18518518518518517,Afatinib,0.18867924528301883,0.8148148148148149,0.6554449831545879,0.5686147575560112,0.88,0.9197418616551605,0.5686147575560112,0.7559504005914399,0.9197418616551605,0.35112710409914927,0.6488728959008507,-0.13400722324913594,8.368127147413983,0.012728264154452657,-0.2,0.5680294908056218,8.748884902374057,0.0,0.0,0.13424678630265105,0.0639088801239366,0.0,0.31065566642658765,0.15,low,uncertain_prediction,8.43822923594747,True,pass,False,,0.6979936642027456,0.11826821541710665,0.5908130939809926,0.1900739176346357,0.6668426610348469,0.9472016895459345,0.5047518479408659,0.4508975712777191,0.4643875395987329,0.5396515311510033,9.306149949892536,380,0.0,8.860811073328673,0,371,0,9,advance,C[C@@H](Nc1ncnc2[nH]c(-c3ccc(CO)cc3)cc12)c1ccccc1
COc1cc(C(N)=O)ccc1-c1cc2c(N[C@H](C)c3ccc(N)cc3)ncnc2[nH]1,8.150783735543856,0.02597234172837061,0.36507645702813607,402.4580000000001,3.4877000000000002,131.94,4,6,4,6,0.13636363636363635,0,0.0,3.0997200000000005,False,,1,aniline,0,,0,,0.847457627118644,0.6585533204856862,0.9246424008830656,0.25,Osimertinib,0.15254237288135597,0.75,0.6445152946761045,0.5315720513654749,0.88,0.8809818006622991,0.5315720513654749,0.7342672866759696,0.8809818006622991,0.3494097492968242,0.6505902507031758,-0.119669322666487,8.1118252229513,-0.08624517933550033,-0.2,0.5248046680173766,8.350384711633176,0.0,0.0,0.0,0.06176218662103029,0.0,0.06176218662103029,0.0,low,,8.288622525012146,True,pass,False,,0.5047518479408659,0.03801478352692714,0.26874340021119325,0.056494192185850056,0.5728616684266103,0.9493136219640972,0.8247096092925026,0.986272439281943,0.2863516367476241,0.4736536430834214,8.694006675730325,662,0.0,8.857006896712251,0,372,0,290,advance,COc1cc(C(N)=O)ccc1-c1cc2c(N[C@H](C)c3ccccc3)ncnc2[nH]1
COCCOc1cnc(Cl)cc1-c1[nH]c2c(c1Nc1cccc(F)c1C)C(=O)NCC2,8.660317168905092,0.15967420806955615,0.37463361055595684,444.8940000000002,4.232320000000002,88.27000000000001,3,5,4,7,0.2727272727272727,0,0.0,3.132626666666668,False,,0,,0,,0,,0.7887323943661971,0.6809093919095701,0.9652898034719456,0.20652173913043478,Afatinib,0.21126760563380287,0.7934782608695652,0.6783073465775836,0.5355628447801353,1.0,0.9223369178213505,0.5355628447801353,0.7840517772947674,1.0,0.46443715521986473,0.5355628447801353,-0.14099257428957834,8.420805856800758,-0.06798766217131604,-0.0,0.5744363516640673,8.92725454629351,0.0,0.0,0.08951131210433422,0.2055464440248309,0.0,0.4075577561291651,0.15,low,uncertain_prediction,8.519696790164344,True,pass,False,,0.7022175290390708,0.04276663146779303,0.20485744456177402,0.29408658922914466,0.694297782470961,0.5279831045406547,0.5047518479408659,0.5480464625131996,0.41409714889123544,0.4670802534318902,9.424171124962992,342,0.0,8.855193094282614,0,373,31,0,advance,COCCOc1cnccc1-c1[nH]c2c(c1Nc1cccc(F)c1C)C(=O)NCC2
COc1c(-c2cc3c(N[C@H](C)c4ccccc4)ncnc3[nH]2)ccc(C(N)=O)c1C,8.708668733726418,0.249011648651005,0.44861985803117077,401.4700000000002,4.213920000000002,105.91999999999999,3,5,4,6,0.17391304347826086,0,0.0,3.093133333333335,False,,0,,0,,0,,0.6923076923076923,0.6112862137862137,0.8387022068840249,0.21978021978021978,Osimertinib,0.3076923076923077,0.7802197802197802,0.627859029375901,0.5777742552504772,1.0,0.8240816002179636,0.5777742552504772,0.7574287212110855,1.0,0.4222257447495228,0.5777742552504772,-0.17275958911357925,8.33515126074991,0.0020411623789966422,-0.0,0.5822030242484788,8.919395447377385,0.0,0.0,0.22351747297650748,0.1527821809369035,0.0,0.48879965391341096,0.15,low,uncertain_prediction,8.430595793463974,True,pass,False,,0.723336853220697,0.2972544878563886,0.27243928194297784,0.7903907074973601,0.3384371700105597,0.7032734952481521,0.5047518479408659,0.28511087645195354,0.5838965153115101,0.5367740232312566,9.620071265751196,272,0.0,8.849724621341482,0,374,102,0,advance,COc1cc(C(N)=O)ccc1-c1cc2c(N[C@H](C)c3ccccc3)ncnc2[nH]1
COc1c(F)cc(F)cc1Nc1c(-c2cc(F)ncc2OCC(C)(C)OC)[nH]c2c1C(=O)NCC2,8.702842947266946,0.16320923273961632,0.406815765076796,490.48200000000037,4.335900000000003,97.5,3,6,4,8,0.3333333333333333,0,0.0,3.536546666666669,False,,0,,0,,0,,0.821917808219178,0.6814063052889936,0.9661932823436246,0.16981132075471697,Gefitinib,0.17808219178082196,0.8301886792452831,0.6864642738990051,0.5377276451512121,1.0,0.9321921315690391,0.5377276451512121,0.7890960126548141,1.0,0.4622723548487879,0.5377276451512121,-0.13684231834107863,8.458029098157521,-0.090332901589871,-0.0,0.5707419106608609,8.93843810722851,0.0,0.0,0.09481384910942448,0.2028404435609849,0.0,0.41015429267040937,0.15,low,uncertain_prediction,8.528283814558101,True,pass,False,,0.7222808870116156,0.12249208025343189,0.03009503695881732,0.15100316789862725,0.6969376979936642,0.5359028511087646,0.5047518479408659,0.53220696937698,0.3842397043294615,0.45353748680042244,9.399525752423864,354,0.0,8.847528798718608,0,375,21,0,advance,COc1c(F)cc(F)cc1Nc1c(-c2ccncc2OCC(C)(C)OC)[nH]c2c1C(=O)NCC2
Nc1c(NCCN2CCOCC2)ncc2ncnc(Nc3cccc(Br)c3)c12,8.018476131104615,0.1459724103874626,0.5338498422041863,444.3370000000001,2.8572000000000006,101.22,3,8,4,6,0.3157894736842105,0,0.0,3.028913333333334,False,,1,aniline,0,,0,,0.6923076923076923,0.6556533321750713,0.9193696948637659,0.3488372093023256,Dacomitinib,0.3076923076923077,0.6511627906976745,0.52743834550493,0.6271207465456359,0.88,0.8523179688222431,0.52743834550493,0.7217192652182022,0.88,0.35256165449507004,0.64743834550493,-0.2590412262843631,7.799517515523421,0.11109178957260725,-0.2,0.5636527993867823,8.27426210448281,0.0,0.0,0.06895861558119387,0.06570206811883757,0.0,0.13466068370003142,0.0,low,,8.139601420782778,True,pass,False,,0.4192185850052798,0.585533262935586,0.3416050686378036,0.7903907074973601,0.5633579725448785,0.9440337909186906,0.8247096092925026,0.5923970432946146,0.5150739176346357,0.589625131995776,8.892350805644373,586,0.0,8.847151579177709,0,376,0,210,advance,Brc1cccc(Nc2ncnc3cnc(NCCN4CCOCC4)cc23)c1
C[C@@H](Nc1ncnc2[nH]c(-c3ccc(CO)cc3)cc12)c1ccc(Cl)cc1,7.829979611370902,0.016597792795584473,0.4593539820268317,378.86300000000006,4.943700000000004,73.83,3,4,4,5,0.14285714285714285,0,0.0,2.84242,False,,0,,0,,0,,0.8076923076923077,0.6748169407553718,0.9542126195552213,0.19767441860465115,Osimertinib,0.1923076923076923,0.8023255813953488,0.5708764478858164,0.5933208439609112,1.0,0.9162408600152532,0.5708764478858164,0.7701095379654952,1.0,0.4291235521141836,0.5708764478858164,-0.2656441201062384,7.805082922177525,0.04727669631254599,-0.0,0.5657892908458715,8.418148909335944,0.0,0.0,0.0,0.16140444014272953,0.0,0.16140444014272953,0.0,low,,8.256744469193213,True,pass,False,,0.33157338965153116,0.35005279831045405,0.5205913410770855,0.2096092925026399,0.6631467793030623,0.6631467793030623,0.8247096092925026,0.9936642027455121,0.33922914466737064,0.4897835269271383,8.825223882936788,615,0.0,8.84448470150578,0,377,0,238,advance,C[C@@H](Nc1ncnc2[nH]c(-c3ccc(CO)cc3)cc12)c1ccccc1
COc1cc(C(N)=O)ccc1-c1cc2c(N[C@H](C)c3ccc(C)cc3)ncnc2[nH]1,7.990916549022979,0.0510822816600861,0.4486198580311708,401.4700000000001,4.213920000000002,105.91999999999999,3,5,4,6,0.17391304347826086,0,0.0,3.093133333333334,False,,0,,0,,0,,0.847457627118644,0.6585533204856862,0.9246424008830656,0.23595505617977527,Osimertinib,0.15254237288135597,0.7640449438202247,0.5869715400936846,0.5777742552504772,1.0,0.8844930366173553,0.5777742552504772,0.7623097079903793,1.0,0.4222257447495228,0.5777742552504772,-0.23378422386225972,7.914293126532851,0.0020411623789968088,-0.0,0.529018151163444,8.445352440075292,0.0,0.0,0.0,0.1527821809369035,0.0,0.1527821809369035,0.0,low,,8.292570259138389,True,pass,False,,0.40760295670538543,0.30147835269271384,0.27771911298838436,0.056494192185850056,0.5728616684266103,0.7032734952481521,0.8247096092925026,0.938753959873284,0.29667370644139385,0.45794614572333686,8.801360887804965,624,0.0,8.842105634006392,0,378,0,246,advance,COc1cc(C(N)=O)ccc1-c1cc2c(N[C@H](C)c3ccccc3)ncnc2[nH]1
C/C=C/C(=O)Cc1cc2c(Nc3cc(Br)cc(OC)c3)ncnc2cn1,7.761422686490067,0.07447437039320651,0.609966539144996,413.2750000000001,4.227200000000003,77.0,1,6,3,6,0.15789473684210525,0,0.0,2.6218333333333343,False,,0,,0,,0,,0.7166666666666667,0.6032229040220891,0.8240416436765255,0.3170731707317073,Osimertinib,0.2833333333333333,0.6829268292682926,0.5132236123472722,0.6846418529400042,1.0,0.7887629400744673,0.5132236123472722,0.746657101340436,1.0,0.4867763876527278,0.5132236123472722,-0.3112446519908849,7.649711130900258,0.23248101282920636,-0.0,0.5383884596996192,8.420580603429084,0.0,0.0,0.0,0.23347048456590974,0.0,0.23347048456590974,0.0,low,,8.187110118863174,True,pass,False,,0.31045406546990495,0.7565997888067582,0.6552270327349525,0.6631467793030623,0.31045406546990495,0.48891235480464623,0.8247096092925026,0.8595564941921858,0.5219376979936643,0.5438489968321014,9.04690584102148,501,0.0,8.839728915061695,0,379,0,122,advance,C/C=C/C(=O)Cc1cc2c(Nc3cccc(Br)c3)ncnc2cn1
COc1cc(C(N)=O)ccc1-c1cc2c(N[C@H](C)c3ccccc3OC)ncnc2[nH]1,8.055319440562656,0.01967582225570489,0.4198591331256397,417.4690000000001,3.914100000000002,115.15,3,6,4,7,0.17391304347826086,0,0.0,3.299793333333334,False,,0,,0,,0,,0.8305084745762712,0.6534928997249374,0.9154416358635225,0.23863636363636365,Osimertinib,0.1694915254237288,0.7613636363636364,0.6250567845616705,0.5540073950139737,1.0,0.876922135988551,0.5540073950139737,0.7639965788910488,1.0,0.44599260498602633,0.5540073950139737,-0.18525305910583767,8.025805707179098,-0.0577185625265343,-0.0,0.5335406863156495,8.501627830968213,0.0,0.0,0.0,0.1824907562325329,0.0,0.1824907562325329,0.0,low,,8.31913707473568,True,pass,False,,0.4508975712777191,0.18321013727560717,0.10137275607180571,0.11615628299894404,0.545934530095037,0.6019007391763463,0.8247096092925026,0.9915522703273495,0.2779831045406547,0.4313357972544879,8.835207556416998,613,0.0,8.836740031441066,0,380,0,233,advance,COc1cc(C(N)=O)ccc1-c1cc2c(N[C@H](C)c3ccccc3)ncnc2[nH]1
CNc1ncc2ncnc(Nc3cc(Br)ccc3F)c2n1,7.699201354659233,0.1369674560537724,0.7568683410750366,349.16700000000003,3.106700000000001,75.62,2,6,3,3,0.07692307692307693,0,0.0,1.9000000000000001,False,,0,,0,,0,,0.6470588235294118,0.5427008459949636,0.714001538172661,0.3484848484848485,Afatinib,0.3529411764705882,0.6515151515151515,0.45392311942716757,0.793200664514347,1.0,0.6983799415082836,0.45392311942716757,0.7363759313624496,1.0,0.5460768805728324,0.45392311942716757,-0.37660374924704265,7.493750170578575,0.4795606487673443,-0.0,0.5327784594094753,8.506089278755393,0.0,0.0,0.05545118408065858,0.30759610071604054,0.0,0.3630472847966991,0.0,low,,8.143041993958693,True,pass,False,,0.2808870116156283,0.9667370644139388,0.9767687434002112,0.9461457233368532,0.04329461457233368,0.3611404435058078,0.8247096092925026,0.6325237592397043,0.6554910242872228,0.5761087645195354,9.29267850790006,386,0.0,8.834372511382135,0,381,0,5,advance,CNc1ncc2ncnc(Nc3cccc(Br)c3)c2n1
C=CC(=O)NC1=NC=C2N=CN=C(Nc3cccc(C)c3C)C21,8.199391568566853,0.24847573883690427,0.8225305541972524,307.3570000000001,2.3276400000000006,78.21000000000001,2,5,3,2,0.17647058823529413,0,0.0,2.1500000000000004,False,,0,,0,,1,acrylamide_like,0.6785714285714286,0.5401794185416102,0.7094171246211094,0.24390243902439024,Osimertinib,0.3214285714285714,0.7560975609756098,0.5009148749558802,0.8196994971161811,0.92,0.7210872337097345,0.5009148749558802,0.7404254014454489,0.92,0.4190851250441199,0.5809148749558801,-0.31934736865275837,7.826677960311496,0.5176776130207817,-0.0,0.5488264065908174,8.893181979923096,0.0,0.0,0.2227136082553564,0.14885640630514985,0.1,0.5840700145605062,0.15,low,uncertain_prediction,8.30911196536259,True,pass,False,,0.5237592397043295,0.9936642027455121,0.9044350580781415,0.8479408658922915,0.03590285110876452,0.7286166842661035,0.5047518479408659,0.28827877507919747,0.7396779303062302,0.6227560718057022,9.780795496290573,233,0.0,8.831419251529432,0,382,149,0,advance,C=CC(=O)NC1=NC=C2N=CN=C(Nc3cccc(C)c3)C21
COC(C)(C)COc1cnccc1-c1[nH]c2c(c1Nc1cc(Cl)cc(F)c1C)C(=O)NCC2,9.189171120663337,0.1603450374834168,0.44952373159382286,472.94800000000026,5.010920000000003,88.27000000000001,3,5,4,7,0.3333333333333333,1,0.45,3.3196533333333353,False,,0,,0,,0,,0.8194444444444444,0.7606257309941521,1.0,0.19801980198019803,Osimertinib,0.18055555555555558,0.801980198019802,0.8100512539274425,0.5195590780176282,1.0,0.9504950495049505,0.5195590780176282,0.8200263453625053,1.0,0.48044092198237176,0.5195590780176282,-0.013300121913417007,8.948653564438212,-0.7150909350728442,-0.0,0.5718440594059406,8.805406688771308,0.0,0.0,0.0905175562251252,0.2255511524779647,0.0,0.4285687087030899,0.15,low,uncertain_prediction,8.376837980068219,True,pass,False,,0.9271383315733897,0.31414994720168954,0.08025343189017951,0.16420274551214362,0.8780359028511088,0.49366420274551215,0.5047518479408659,0.5438225976768744,0.5249208025343189,0.564545934530095,9.43531165181249,338,0.0,8.829293101504334,0,383,45,0,advance,COC(C)(C)COc1cnccc1-c1[nH]c2c(c1Nc1cccc(F)c1C)C(=O)NCC2
COCCOc1cnccc1-c1[nH]c2c(c1Nc1ccc(N)c(F)c1C)C(=O)NCC2,8.937591358659452,0.23495325356287095,0.341548044325826,425.4640000000002,3.1611200000000013,114.28999999999999,4,6,4,7,0.2727272727272727,0,0.0,3.003093333333335,False,,1,aniline,0,,0,,0.7857142857142857,0.7293735385284681,1.0,0.16346153846153846,Gefitinib,0.2142857142857143,0.8365384615384616,0.6949305621708532,0.5223478346356145,0.88,0.9591346153846154,0.5223478346356145,0.7641032530477708,0.9591346153846154,0.4367867807490009,0.5632132192509991,-0.09223025450255673,8.585161478315145,-0.08164322840144696,-0.2,0.5973901098901099,8.90090835980381,0.0,0.0,0.20242988034430642,0.17098347593625113,0.0,0.48591335628055754,0.15,low,uncertain_prediction,8.414995003523252,True,pass,False,,0.8046462513199577,0.021119324181626188,0.38595564941921856,0.31203801478352694,0.8780359028511088,0.6230200633579726,0.5047518479408659,0.324181626187962,0.4866156282998944,0.5311510031678986,9.484847113763683,321,0.0,8.82737620732473,0,384,63,0,advance,COCCOc1cnccc1-c1[nH]c2c(c1Nc1cccc(F)c1C)C(=O)NCC2
Cc1cc(Br)cc(Nc2ncnc3cnc(CC(=O)/C=C\Cl)cc23)c1,7.8819461963089426,0.1349147007684741,0.6092838055589442,417.69400000000024,4.703420000000001,67.77000000000001,1,5,3,5,0.1111111111111111,0,0.0,2.551293333333335,False,,0,,0,,0,,0.7368421052631579,0.6321224716468461,0.8765863120851746,0.3026315789473684,Sunvozertinib,0.26315789473684215,0.6973684210526316,0.5010462585393037,0.6869794263907527,1.0,0.8317818393270389,0.5010462585393037,0.7549518810642738,1.0,0.49895374146069627,0.5010462585393037,-0.3385408300332934,7.679574145156232,0.23770091667005508,-0.0,0.546778156968662,8.464053218794948,0.0,0.0,0.052372051152711124,0.24869217682587036,0.0,0.30106422797858146,0.0,low,,8.162988990816366,True,pass,False,,0.35480464625131997,0.7486800422386484,0.7286166842661035,0.5575501583949314,0.4508975712777191,0.4635691657866948,0.8247096092925026,0.6420274551214361,0.5302006335797255,0.5533790918690602,9.100293979090619,478,0.0,8.827043901059238,0,385,0,93,advance,O=C(/C=C\Cl)Cc1cc2c(Nc3cccc(Br)c3)ncnc2cn1
Nc1cc(CO)ccc1-c1cc2c(N[C@H](CO)c3ccccc3)ncnc2[nH]1,9.609400730194535,0.3181032447536074,0.33060005238122864,375.432,2.8449,120.08000000000001,5,6,4,6,0.14285714285714285,0,0.0,2.9195466666666667,False,,1,aniline,0,,0,,0.7627118644067796,0.6999203190093021,0.9998551254714582,0.18518518518518517,Afatinib,0.23728813559322037,0.8148148148148149,0.8046779112211085,0.5195397723994193,0.88,0.9535950478072973,0.5195397723994193,0.7894531828569562,0.9535950478072973,0.434055275407878,0.565944724592122,0.020299637818869676,9.132245863064124,-0.09304623333305706,-0.2,0.6011878868292582,9.440387516560326,0.0,0.0,0.3271548671304111,0.16756909425984756,0.0,0.7572239613902586,0.35,medium,potency_dominates_drug_likeness;uncertain_prediction,8.683163555170069,True,pass,False,,0.9978880675818373,0.013727560718057022,0.48521647307286164,0.4123548046462513,0.7550158394931362,0.6346356916578669,0.14889123548046462,0.17212249208025343,0.6070485744456178,0.5536430834213304,10.168845805895067,111,0.0,8.822535255275664,0,386,275,0,review,OCc1ccc(-c2cc3c(N[C@H](CO)c4ccccc4)ncnc3[nH]2)cc1
Nc1c(CC(=O)/C=C\Cl)ncc2ncnc(Nc3cccc(Br)c3)c12,8.307348866949157,0.2083481658177325,0.608789936010034,418.6820000000001,3.9772000000000016,93.79,2,6,3,5,0.058823529411764705,0,0.0,2.557880000000001,False,,1,aniline,0,,0,,0.6721311475409836,0.5866209710411735,0.7938563109839517,0.2911392405063291,Sunvozertinib,0.3278688524590164,0.7088607594936709,0.5559935006648765,0.6864544648055186,0.88,0.7726074231113815,0.5559935006648765,0.7237638471454442,0.88,0.3240064993351235,0.6759935006648765,-0.2236937953074235,7.994826618222558,0.2309902889512103,-0.2,0.5586632892006466,8.584480196374416,0.0,0.0,0.16252224872659873,0.030008124168904374,0.0,0.3050303728955031,0.15,low,uncertain_prediction,8.279449823478913,True,pass,False,,0.5670538542766631,0.7434002111932418,0.7170010559662091,0.877507919746568,0.21383315733896516,0.9714889123548046,0.5047518479408659,0.3917634635691658,0.6869060190073917,0.6296726504751848,9.408767419183286,348,0.0,8.810057004049135,0,387,39,0,advance,O=C(/C=C\Cl)Cc1cc2c(Nc3cccc(Br)c3)ncnc2cn1
COCCOc1cnccc1-c1[nH]c2c(c1Nc1c(Cl)ccc(F)c1C)C(=O)NCC2,8.590383432685895,0.24730393019714286,0.474443582432354,444.8940000000002,4.232320000000002,88.27000000000001,3,5,4,7,0.2727272727272727,0,0.0,3.132626666666668,False,,0,,0,,0,,0.7714285714285715,0.7165768831879612,1.0,0.22448979591836735,Gefitinib,0.22857142857142854,0.7755102040816326,0.5994831070334738,0.5904583293121537,1.0,0.9438775510204082,0.5904583293121537,0.7834547468415088,1.0,0.4095416706878463,0.5904583293121537,-0.24529551974404684,8.219427537390182,0.03182230970508114,-0.0,0.5855102040816327,8.836760051176896,0.0,0.0,0.2209558952957143,0.13692708835980788,0.0,0.47038298365552217,0.15,low,uncertain_prediction,8.366377067521373,True,pass,False,,0.6715945089757128,0.4155227032734953,0.20485744456177402,0.38542766631467795,0.8780359028511088,0.7624076029567054,0.5047518479408659,0.293558606124604,0.4931362196409716,0.5520327349524815,9.428523514746061,341,0.0,8.803816349464352,0,388,47,0,advance,COCCOc1cnccc1-c1[nH]c2c(c1Nc1cccc(F)c1C)C(=O)NCC2
COc1c(Nc2c(-c3ccncc3OCC(C)(C)OC)[nH]c3c2C(=O)NCC3)cc(F)c(F)c1F,9.097430380655394,0.3232056925844969,0.40681576507679607,490.4820000000002,4.335900000000002,97.5,3,6,4,8,0.3333333333333333,0,0.0,3.536546666666668,False,,0,,0,,0,,0.8472222222222222,0.7895494587816145,1.0,0.17307692307692307,Osimertinib,0.1527777777777778,0.8269230769230769,0.6731136103547009,0.5377276451512121,1.0,0.9567307692307692,0.5377276451512121,0.7918930061841705,1.0,0.4622723548487879,0.5377276451512121,-0.15837252777262611,8.61262184177865,-0.09033290158987084,-0.0,0.5668269230769231,9.0891158632657,0.0,0.0,0.33480853887674533,0.2028404435609849,0.0,0.6501489824377302,0.15,low,uncertain_prediction,8.43896688082797,True,pass,False,,0.8753959873284055,0.1246040126715945,0.03273495248152059,0.05966209081309398,0.8780359028511088,0.5359028511087646,0.5047518479408659,0.16261879619852165,0.43569165786694825,0.49054910242872224,9.611945852706038,278,0.0,8.802625803742437,0,389,111,0,advance,COc1c(F)cc(F)cc1Nc1c(-c2ccncc2OCC(C)(C)OC)[nH]c2c1C(=O)NCC2
C=CC(=O)NC1=NC=C2N=CN=C(Nc3cc(C)ccc3Cl)C21,8.401082360744903,0.3256325511634234,0.8190700626355097,327.775,2.672620000000001,78.21000000000001,2,5,3,2,0.125,0,0.0,2.1500000000000004,False,,0,,0,,1,acrylamide_like,0.6842105263157895,0.5626336603084443,0.7502430187426259,0.3,Osimertinib,0.3157894736842105,0.7,0.49732780437182944,0.8177962267572227,0.92,0.7376822640569694,0.49732780437182944,0.7432015737965054,0.92,0.4226721956281706,0.5773278043718294,-0.32783169256623446,7.9126335339997675,0.5090700626355097,-0.0,0.5396660178435512,8.961369614478828,0.0,0.0,0.33844882674513505,0.15334024453521328,0.1,0.7042890712803482,0.15,low,uncertain_prediction,8.25708054319848,True,pass,False,,0.6061246040126715,0.984688489968321,0.9044350580781415,0.8215417106652587,0.09398099260823653,0.6990496304118268,0.5047518479408659,0.15522703273495247,0.7696673706441395,0.6396779303062302,9.884970459251795,204,0.0,8.799694059565956,0,390,186,0,advance,C=CC(=O)NC1=NC=C2N=CN=C(Nc3cccc(C)c3)C21
COCCOc1cnccc1-c1[nH]c2c(c1Nc1cc(N)cc(F)c1C)C(=O)NCC2,8.796358681686293,0.19398473659642487,0.341548044325826,425.4640000000002,3.1611200000000013,114.28999999999999,4,6,4,7,0.2727272727272727,0,0.0,3.003093333333335,False,,1,aniline,0,,0,,0.7887323943661971,0.7260798122065728,1.0,0.1941747572815534,Gefitinib,0.21126760563380287,0.8058252427184466,0.6883003548040758,0.5223478346356145,0.88,0.9514563106796117,0.5223478346356145,0.7605261250298255,0.9514563106796117,0.42910847604399716,0.5708915239560028,-0.09630102696766629,8.505381576791656,-0.08164322840144696,-0.2,0.5868179953507453,8.810556343740956,0.0,0.0,0.1409771048946373,0.16138559505499644,0.0,0.4148626999496337,0.15,low,uncertain_prediction,8.395693643791322,True,pass,False,,0.7539598732840549,0.021119324181626188,0.38595564941921856,0.29408658922914466,0.8780359028511088,0.6642027455121436,0.5047518479408659,0.4297782470960929,0.4602164730728617,0.5235480464625132,9.36281611142839,364,0.0,8.798951299546339,0,391,27,0,advance,COCCOc1cnccc1-c1[nH]c2c(c1Nc1cccc(F)c1C)C(=O)NCC2
C/C=C/C(=O)Cc1cc2c(Nc3cccc(Br)c3)ncnc2cc1C,8.760305391532293,0.22008083563739433,0.6076838341050834,396.28800000000007,5.132020000000003,54.88,1,4,3,5,0.15,1,0.45,2.4085866666666673,False,,0,,0,,0,,0.7288135593220338,0.6624931656642974,0.9318057557532679,0.32098765432098764,Osimertinib,0.27118644067796616,0.6790123456790124,0.6610197629368973,0.6415881600398472,1.0,0.868607403234704,0.6415881600398472,0.792803831552862,1.0,0.3584118399601528,0.6415881600398472,-0.17571209148795297,8.430184138076202,-0.4386041658949167,-0.0,0.5586890409471055,8.55026901312839,0.0,0.0,0.18012125345609148,0.07301479995019101,0.0,0.36563605340628247,0.15,low,uncertain_prediction,8.184632959722107,True,pass,False,,0.73389651531151,0.7386483632523759,0.8542766631467793,0.6024287222808871,0.5987328405491025,0.9366420274551215,0.5047518479408659,0.3579725448785639,0.7266103484688491,0.6985480464625133,9.422201431291008,343,0.0,8.797890615477122,0,392,49,0,advance,C/C=C/C(=O)Cc1ccc2ncnc(Nc3cccc(Br)c3)c2c1
CCOc1ccccc1-c1cc2c(N[C@H](CO)c3ccc(OC)cc3)ncnc2[nH]1,8.663970369813578,0.17838183710579494,0.40805553222987834,404.4700000000001,4.1777000000000015,92.28999999999999,3,6,4,8,0.21739130434782608,0,0.0,3.313133333333334,False,,0,,0,,0,,0.8421052631578947,0.7403678920141756,1.0,0.23170731707317074,Afatinib,0.1578947368421053,0.7682926829268293,0.666125306479338,0.547002337598228,1.0,0.9420731707317074,0.547002337598228,0.7888002037023183,1.0,0.45299766240177197,0.547002337598228,-0.16356652963064044,8.396397614154886,-0.06717533733533913,-0.0,0.5515404364569961,8.880762713276543,0.0,0.0,0.11757275565869241,0.19124707800221497,0.0,0.42131983366090736,0.15,low,uncertain_prediction,8.459442879615635,True,pass,False,,0.7096092925026399,0.14149947201689547,0.08922914466737064,0.07602956705385427,0.8780359028511088,0.5596620908130939,0.5047518479408659,0.4857444561774023,0.37621436114044354,0.4691657866948258,9.332219946645075,372,0.0,8.797441823649425,0,393,21,0,advance,CCOc1ccccc1-c1cc2c(N[C@H](CO)c3ccccc3)ncnc2[nH]1
COCCOc1cnccc1-c1[nH]c2c(c1Nc1cccc(Br)c1Br)C(=O)NCC2,8.90604884465653,0.062137189715890745,0.3829635557361036,536.2239999999999,4.656400000000003,88.27000000000001,3,5,4,7,0.23809523809523808,1,0.5,3.7414933333333327,False,,0,,0,,0,,0.8507462686567164,0.7723661371212349,1.0,0.15053763440860216,Afatinib,0.14925373134328357,0.8494623655913979,0.8080161783630089,0.46672636591126726,1.0,0.9623655913978495,0.46672636591126726,0.8092770339180314,1.0,0.5332736340887327,0.46672636591126726,-0.0016811407400301182,8.812843060082693,-0.9044509204543724,-0.0,0.572002888781897,8.480395028410218,0.0,0.0,0.0,0.2915920426109159,0.0,0.2915920426109159,0.0,low,,8.188802985799303,True,pass,False,,0.791974656810982,0.059134107708553325,0.0031678986272439284,0.051214361140443504,0.8780359028511088,0.3864836325237592,0.8247096092925026,0.9060190073917634,0.37893347412882783,0.5061246040126716,8.93511519736481,553,0.0,8.796152510614508,0,394,0,159,advance,COCCOc1cnccc1-c1[nH]c2c(c1Nc1cccc(F)c1Br)C(=O)NCC2
COc1ccccc1-c1cc2c(N[C@H](CO)c3ccc(C)cc3)ncnc2[nH]1,8.373797499972397,0.16768800803807254,0.4734806263536626,374.4440000000001,4.087420000000002,83.06,3,5,4,6,0.18181818181818182,0,0.0,2.9129600000000004,False,,0,,0,,0,,0.8703703703703703,0.7612069786845193,1.0,0.22988505747126436,Osimertinib,0.12962962962962965,0.7701149425287357,0.6010677693664486,0.5983774214175914,1.0,0.9425287356321839,0.5983774214175914,0.785493481604056,1.0,0.4016225785824086,0.5983774214175914,-0.2459009496501433,8.12226548791529,0.05471844453548075,-0.0,0.539367816091954,8.716351748542724,0.0,0.0,0.10153201205710881,0.12702822322801072,0.0,0.34106023528511953,0.15,low,uncertain_prediction,8.375291513257604,True,pass,False,,0.5945089757127772,0.3954593453009504,0.5047518479408659,0.02164730728616684,0.8780359028511088,0.8173178458289335,0.5047518479408659,0.5216473072861668,0.42666314677930306,0.5364044350580781,9.228347524677888,418,0.0,8.793976835327298,0,395,0,23,advance,COc1ccccc1-c1cc2c(N[C@H](CO)c3ccccc3)ncnc2[nH]1
CNc1cc2c(Nc3cc(Cl)cc(C(F)(F)F)c3)ncnc2cn1,8.026007192805066,0.1679477529474203,0.7264465867289771,353.735,4.482300000000001,62.730000000000004,2,5,3,3,0.13333333333333333,0,0.0,1.9249000000000003,False,,0,,0,,0,,0.7058823529411765,0.5994501881560705,0.8171821602837646,0.34782608695652173,Sunvozertinib,0.2941176470588235,0.6521739130434783,0.5139383711380723,0.775511007316322,1.0,0.775930098473693,0.5139383711380723,0.7663448692320218,1.0,0.4860616288619277,0.5139383711380723,-0.33654199745859936,7.774085563383935,0.4510449200623104,-0.0,0.5323006551604552,8.757431138606702,0.0,0.0,0.10192162942113042,0.23257703607740965,0.0,0.44699866549854006,0.15,low,uncertain_prediction,8.310432473108161,True,pass,False,,0.42344244984160506,0.9324181626187962,0.9503695881731784,0.7296726504751848,0.28722280887011614,0.48996832101372756,0.5047518479408659,0.5205913410770855,0.6655227032734953,0.5891235480464625,9.556058382534896,293,0.0,8.792380730763917,0,396,103,0,advance,CNc1cc2c(Nc3cccc(C(F)(F)F)c3)ncnc2cn1
COc1ccc([C@@H](C)Nc2ncnc3[nH]c(-c4ccc(CO)cc4)cc23)cc1,7.921157883808356,0.09753374878633003,0.46866074009969094,374.44400000000013,4.298900000000002,83.06,3,5,4,6,0.18181818181818182,0,0.0,2.912960000000001,False,,0,,0,,0,,0.7777777777777778,0.6808519640197022,0.9651853891267311,0.21518987341772153,Afatinib,0.2222222222222222,0.7848101265822784,0.537015846801658,0.5957264839779068,1.0,0.9200915734906179,0.537015846801658,0.7632084760675457,1.0,0.46298415319834196,0.537015846801658,-0.3015901723545168,7.7748572606288615,0.04989855828150902,-0.0,0.5767393852563663,8.401495204166736,0.0,0.0,0.0,0.20373019149792748,0.0,0.20373019149792748,0.0,low,,8.197765012668809,True,pass,False,,0.3706441393875396,0.36747624076029567,0.4952481520591341,0.34107708553326294,0.6927138331573389,0.5332629355860612,0.8247096092925026,0.7803590285110876,0.3827877507919747,0.4940337909186906,8.860840505117105,599,0.0,8.790605561771237,0,397,0,202,advance,C[C@@H](Nc1ncnc2[nH]c(-c3ccc(CO)cc3)cc12)c1ccccc1
COCCOc1cnc(N)cc1-c1[nH]c2c(c1Nc1cccc(F)c1C)C(=O)NCC2,8.661736156992868,0.22015102831571912,0.4325433521093688,425.4640000000002,3.1611200000000013,114.28999999999999,4,6,4,7,0.2727272727272727,0,0.0,3.003093333333335,False,,1,aniline,0,,0,,0.7887323943661971,0.6809093919095701,0.9652898034719456,0.20652173913043478,Afatinib,0.21126760563380287,0.7934782608695652,0.6363283194272136,0.5723952539165631,0.88,0.9223369178213505,0.5723952539165631,0.7527651227912818,0.9223369178213505,0.3499416639047874,0.6500583360952126,-0.15524907115209097,8.33150961451929,0.009352079382095858,-0.2,0.5744363516640673,8.715298045565453,0.0,0.0,0.18022654247357867,0.062427079880984296,0.0,0.35515362235456294,0.15,low,uncertain_prediction,8.36014442321089,True,pass,False,,0.7053854276663146,0.21752903907074975,0.38595564941921856,0.29408658922914466,0.694297782470961,0.9482576557550159,0.5047518479408659,0.35691657866948256,0.4776399155227033,0.5448257655755016,9.288465944192696,391,0.0,8.788935341901492,0,398,7,0,advance,COCCOc1cnccc1-c1[nH]c2c(c1Nc1cccc(F)c1C)C(=O)NCC2
C[C@@H](Nc1ncnc2[nH]c(-c3ccc(CO)cc3)cc12)c1ccccc1Cl,8.053684965801272,0.14775865727539417,0.45935398202683175,378.86300000000006,4.943700000000003,73.83,3,4,4,5,0.14285714285714285,0,0.0,2.84242,False,,0,,0,,0,,0.7454545454545455,0.6445831754611971,0.8992421372021765,0.2,Afatinib,0.2545454545454545,0.8,0.5349901813575422,0.5933208439609113,1.0,0.8744316029016324,0.5349901813575422,0.7506856570550215,1.0,0.46500981864245783,0.5349901813575422,-0.2875939675966389,7.832046979888181,0.047276696312546045,-0.0,0.5793559888459986,8.458679665046727,0.0,0.0,0.07163798591309124,0.20626227330307229,0.0,0.2779002592161635,0.0,low,,8.180779405830563,True,pass,False,,0.44667370644139387,0.353220696937698,0.5205913410770855,0.513727560718057,0.5079197465681098,0.5258711721224921,0.8247096092925026,0.5839493136219641,0.45248152059134106,0.5054646251319957,9.001657489756337,522,0.0,8.787336955988959,0,399,0,123,advance,C[C@@H](Nc1ncnc2[nH]c(-c3ccc(CO)cc3)cc12)c1ccccc1
COCCOc1cnccc1-c1[nH]c2c(c1Nc1ccc(OC)c(F)c1Br)C(=O)NCC2,8.743332534311714,0.029942652707076398,0.4002111000054047,505.3440000000002,4.041600000000002,97.5,3,6,4,8,0.2727272727272727,1,0.5,3.635626666666668,False,,0,,0,,0,,0.7887323943661971,0.7436722617990223,1.0,0.19607843137254902,Gefitinib,0.21126760563380287,0.803921568627451,0.7898732766829749,0.48028431013117767,1.0,0.9509803921568627,0.48028431013117767,0.8052844947427538,1.0,0.5197156898688223,0.48028431013117767,-0.02054829074637199,8.698418555251099,-0.8678601727218682,-0.0,0.5862468931234466,8.416805275652678,0.0,0.0,0.0,0.27464461233602794,0.0,0.27464461233602794,0.0,low,,8.14216066331665,True,pass,False,,0.7317845828933475,0.10190073917634636,0.017423442449841606,0.29408658922914466,0.8780359028511088,0.42872228088701164,0.8247096092925026,0.9809926082365364,0.4111140443505808,0.5281678986272439,8.910142128873375,571,0.0,8.775962141669343,0,400,0,171,advance,COCCOc1cnccc1-c1[nH]c2c(c1Nc1cccc(F)c1Br)C(=O)NCC2
C/C=C/C(=O)Cc1ncc2ncnc(Nc3cccc(Br)c3)c2c1F,8.221072595052467,0.20743011322171617,0.6439694066478064,401.2390000000001,4.357700000000002,67.77,1,5,3,5,0.1111111111111111,0,0.0,2.441593333333334,False,,0,,0,,0,,0.6774193548387096,0.5967745368236252,0.8123173396793185,0.3037974683544304,Sunvozertinib,0.32258064516129037,0.6962025316455696,0.5350670695079155,0.7102757377588578,1.0,0.7832886376708812,0.5350670695079155,0.7571578612344136,1.0,0.4649329304920845,0.5350670695079155,-0.29612105563533087,7.909927425219893,0.2888415177589175,-0.0,0.5571013847360812,8.755870327714891,0.0,0.0,0.16114516983257426,0.20616616311510566,0.0,0.4798113329476799,0.15,low,uncertain_prediction,8.276058994767212,True,pass,False,,0.5353748680042238,0.851636747624076,0.7872228088701162,0.8574445617740233,0.2719112988384372,0.5269271383315733,0.5047518479408659,0.39493136219640973,0.700818373812038,0.6029303062302006,9.596852376289338,283,0.0,8.774575362243453,0,401,118,0,advance,C/C=C/C(=O)Cc1cc2c(Nc3cccc(Br)c3)ncnc2cn1
Cc1cc(Cl)cc(Nc2ncnc3cnc(NCCN4CCOCC4)cc23)c1,7.727070750475896,0.09050839006401043,0.6579305522159848,398.89800000000037,3.4743200000000014,75.2,2,7,4,6,0.35,0,0.0,2.7259866666666692,False,,0,,0,,0,,0.7580645161290323,0.6525652841781874,0.9137550621421587,0.4375,Dacomitinib,0.24193548387096775,0.5625,0.4934118145741667,0.7070161626931506,1.0,0.8259412966066191,0.4934118145741667,0.7565923184684841,1.0,0.5065881854258333,0.4934118145741667,-0.3509073385257564,7.59130816537988,0.28403255221598445,-0.0,0.5060597332774751,8.38140045087334,0.0,0.0,0.0,0.25823523178229163,0.0,0.25823523178229163,0.0,low,,8.123165219091048,True,pass,False,,0.293558606124604,0.8664202745512144,0.5813093980992609,0.44350580781414994,0.5369588173178458,0.44878563885955647,0.8247096092925026,0.8014783526927138,0.4812829989440338,0.5416314677930305,8.95894004960618,540,0.0,8.773122980442684,0,402,0,138,advance,Cc1cccc(Nc2ncnc3cnc(NCCN4CCOCC4)cc23)c1
C/C=C/C(=O)Cc1cc2c(Nc3ccc(F)c(Br)c3)ncnc2cn1,8.373162489515302,0.24820747062415185,0.6439694066478064,401.23900000000003,4.357700000000003,67.77000000000001,1,5,3,5,0.1111111111111111,0,0.0,2.4415933333333335,False,,0,,0,,0,,0.7288135593220338,0.6156169041066587,0.8465761892848339,0.4027777777777778,Sunvozertinib,0.27118644067796616,0.5972222222222222,0.5445453929419192,0.7102757377588578,1.0,0.784237697519181,0.5445453929419192,0.7597647070549896,1.0,0.45545460705808083,0.5445453929419192,-0.28695908548409377,8.000851283579074,0.28884151775891753,-0.0,0.51284461229296,8.802537413630953,0.0,0.0,0.22231120593622777,0.19431825882260106,0.0,0.5291294647588288,0.15,low,uncertain_prediction,8.273407948872125,True,pass,False,,0.5934530095036958,0.851636747624076,0.7946145723336854,0.6024287222808871,0.36430834213305174,0.5512143611404435,0.5047518479408659,0.29039070749736007,0.6770591341077086,0.6020327349524817,9.615008374560203,273,0.0,8.770847230815104,0,403,130,0,advance,C/C=C/C(=O)Cc1cc2c(Nc3cccc(Br)c3)ncnc2cn1
C=CC(=O)Cc1ncc2ncnc(Nc3cccc(Br)c3)c2c1F,8.115759726325342,0.1746839697075069,0.6714894018025248,387.21200000000005,3.967600000000002,67.77,1,5,3,5,0.058823529411764705,0,0.0,2.3480800000000004,False,,0,,0,,0,,0.6666666666666666,0.5746204044711507,0.7720370990384557,0.36486486486486486,Sunvozertinib,0.33333333333333337,0.6351351351351351,0.5316611527860806,0.7290084017606193,1.0,0.7378116080626256,0.5316611527860806,0.7496202906523315,1.0,0.4683388472139194,0.5316611527860806,-0.29061218382166765,7.853733771764081,0.32515975474370123,-0.0,0.5335498153001544,8.712443341807937,0.0,0.0,0.11202595456126035,0.21042355901739923,0.0,0.4349495135786596,0.15,low,uncertain_prediction,8.277493828229277,True,pass,False,,0.4931362196409715,0.8864836325237593,0.8637803590285111,0.8938753959873285,0.14255543822597677,0.518479408658923,0.5047518479408659,0.498416050686378,0.7075501583949314,0.5981784582893348,9.561503531881854,291,0.0,8.77030797817648,0,404,113,0,advance,C=CC(=O)Cc1cc2c(Nc3cccc(Br)c3)ncnc2cn1
COCCOc1cnccc1-c1[nH]c2c(c1Nc1c(F)ccc(F)c1C)C(=O)NCC2,8.667440178529946,0.2969841104869504,0.49948989342909916,428.4390000000002,3.718020000000002,88.27000000000001,3,5,4,7,0.2727272727272727,0,0.0,3.0229266666666685,False,,0,,0,,0,,0.8181818181818182,0.7592827462392681,1.0,0.1958762886597938,Gefitinib,0.18181818181818177,0.8041237113402062,0.5839711672916211,0.6084530311295943,1.0,0.9510309278350515,0.5839711672916211,0.7858637815640668,1.0,0.41602883270837887,0.5839711672916211,-0.2691901523632607,8.22196401279952,0.07332362070182617,-0.0,0.5730552952202437,8.868342928721589,0.0,0.0,0.29547616573042557,0.14503604088547362,0.0,0.5530122066158991,0.15,low,uncertain_prediction,8.31533072210569,True,pass,False,,0.7127771911298838,0.5126715945089757,0.3468848996832101,0.16737064413938754,0.8780359028511088,0.7444561774023232,0.5047518479408659,0.20591341077085534,0.5087909186906019,0.5651795142555438,9.47889203115031,325,0.0,8.768546139212344,0,405,80,0,advance,COCCOc1cnccc1-c1[nH]c2c(c1Nc1cccc(F)c1C)C(=O)NCC2
CNc1ncc2ncnc(Nc3cc(C)cc(Br)c3)c2n1,8.072168379382243,0.21139309286863095,0.758824450581554,345.20400000000006,3.276020000000001,75.62,2,6,3,3,0.14285714285714285,0,0.0,1.9000000000000001,False,,0,,0,,0,,0.7083333333333334,0.598999493414387,0.8163627152988853,0.2328767123287671,Sunvozertinib,0.29166666666666663,0.7671232876712328,0.495066929837519,0.7942765247429315,1.0,0.8040528583919722,0.495066929837519,0.7733490782431056,1.0,0.504933070162481,0.495066929837519,-0.3710428645407823,7.755078740079296,0.48811016486726827,-0.0,0.5654776651260911,8.808666570072655,0.0,0.0,0.1670896393029464,0.25616633770310127,0.0,0.5357559770060476,0.15,low,uncertain_prediction,8.272910593066607,True,pass,False,,0.4656810982048574,0.9720168954593453,0.9767687434002112,0.7043294614572334,0.28299894403379094,0.4551214361140444,0.5047518479408659,0.3864836325237592,0.6913410770855333,0.5972280887011617,9.638275862575295,269,0.0,8.764584299508002,0,406,137,0,advance,CNc1ncc2ncnc(Nc3cccc(Br)c3)c2n1
COc1c(Nc2c(-c3ccncc3OCC(C)(C)OC)[nH]c3c2C(=O)NCC3)cc(F)c(Cl)c1F,8.971988224408468,0.1190800863422083,0.3778291212787756,506.93700000000024,4.850200000000004,97.5,3,6,4,8,0.3333333333333333,1,0.5,3.646246666666668,False,,0,,0,,0,,0.8378378378378378,0.7727607720978807,1.0,0.19047619047619047,Osimertinib,0.16216216216216217,0.8095238095238095,0.7846409956625713,0.4675657602930702,1.0,0.9523809523809523,0.4675657602930702,0.8011469270841485,1.0,0.5324342397069298,0.4675657602930702,-0.022007908562102885,8.793368094895156,-0.8857745453878912,-0.0,0.5658301158301158,8.47342366533738,0.0,0.0,0.02862012951331245,0.2905427996336623,0.0,0.31916292914697475,0.0,low,,8.154260736190405,True,pass,False,,0.8204857444561774,0.050686378035902854,0.013727560718057022,0.08870116156282999,0.8780359028511088,0.3938753959873284,0.8247096092925026,0.6969376979936642,0.3991552270327349,0.5085005279831045,8.952409937776663,545,0.0,8.764461369770132,0,407,0,138,advance,COc1c(F)cc(F)cc1Nc1c(-c2ccncc2OCC(C)(C)OC)[nH]c2c1C(=O)NCC2
COc1ccc([C@@H](CO)Nc2ncnc3[nH]c(-c4ccccc4)cc23)cc1,8.405513353374266,0.2111839991196404,0.487358116928423,360.41700000000003,3.7790000000000017,83.06,3,5,4,6,0.14285714285714285,0,0.0,2.819446666666667,False,,0,,0,,0,,0.8,0.7147492163009405,1.0,0.25,Afatinib,0.19999999999999996,0.75,0.5785495389598182,0.6096067079003762,1.0,0.9375,0.5785495389598182,0.7814140617150486,1.0,0.4214504610401818,0.5785495389598182,-0.27048603034030716,8.088737354694805,0.07872683121413726,-0.0,0.565,8.732464185908942,0.0,0.0,0.16677599867946058,0.15181307630022728,0.0,0.43108907497968785,0.15,low,uncertain_prediction,8.301375110929254,True,pass,False,,0.6092925026399155,0.45987328405491024,0.5343189017951425,0.2365364308342133,0.8780359028511088,0.7159450897571278,0.5047518479408659,0.38753959873284055,0.4936114044350581,0.558104540654699,9.324797871231011,373,0.0,8.746100559714893,0,408,35,0,advance,OC[C@@H](Nc1ncnc2[nH]c(-c3ccccc3)cc12)c1ccccc1
Cc1ccc([C@@H](CO)Nc2ncnc3[nH]c(-c4ccccc4)cc23)cc1,8.310503179434207,0.18585027436472448,0.509941198085486,344.41800000000006,4.078820000000002,73.83,3,4,4,5,0.14285714285714285,0,0.0,2.65,False,,0,,0,,0,,0.851063829787234,0.7515084514040756,1.0,0.21052631578947367,Afatinib,0.14893617021276595,0.7894736842105263,0.5725306028032446,0.6285445820239404,1.0,0.9473684210526316,0.5725306028032446,0.7871109014699542,1.0,0.42746939719675536,0.5725306028032446,-0.286107064888946,8.03172776788712,0.12672691237120032,-0.0,0.5538633818589025,8.712318062117223,0.0,0.0,0.12877541154708672,0.1593367464959442,0.0,0.4006121580430309,0.15,low,uncertain_prediction,8.311705904074191,True,pass,False,,0.5691657866948258,0.544350580781415,0.6325237592397043,0.046462513199577615,0.8780359028511088,0.665258711721225,0.5047518479408659,0.4614572333685322,0.4691657866948258,0.5481784582893348,9.275317006151013,397,0.0,8.744520054021393,0,409,12,0,advance,OC[C@@H](Nc1ncnc2[nH]c(-c3ccccc3)cc12)c1ccccc1
C=CC(=O)Cc1cc2c(Nc3cccc(Br)c3)ncnc2c(Cl)n1,7.868957338126164,0.1140577615534398,0.5022873670720821,403.6670000000001,4.481900000000002,67.77000000000001,1,5,3,5,0.058823529411764705,0,0.0,2.4577800000000005,False,,0,,0,,0,,0.7068965517241379,0.5927819354974527,0.8050580645408231,0.35135135135135137,Sunvozertinib,0.2931034482758621,0.6486486486486487,0.5123989014441332,0.6317280518896452,1.0,0.7659557105677794,0.5123989014441332,0.7275206659753894,1.0,0.48760109855586675,0.5123989014441332,-0.2868290193750084,7.697870695796005,0.1395027200132585,-0.0,0.5277556624539383,8.365129078263202,0.0,0.0,0.021086642330159694,0.23450137319483344,0.0,0.2555880155249931,0.0,low,,8.10954106273821,True,pass,False,,0.3495248152059134,0.5316789862724393,0.7824709609292503,0.7265047518479408,0.2555438225976769,0.4857444561774023,0.8247096092925026,0.7106652587117213,0.5262935586061246,0.5276399155227032,8.99668134859055,525,0.0,8.742708961365453,0,410,0,115,advance,C=CC(=O)Cc1cc2c(Nc3cccc(Br)c3)ncnc2cn1
O=C(/C=C\Cl)Cc1cc2c(Nc3ccc(F)c(Br)c3)ncnc2cn1,8.334792014964465,0.2258562177292894,0.612925776663183,421.65700000000004,4.534100000000002,67.77000000000001,1,5,3,5,0.058823529411764705,0,0.0,2.5777133333333335,False,,0,,0,,0,,0.7241379310344828,0.6201177440776996,0.8547595346867264,0.42857142857142855,Sunvozertinib,0.27586206896551724,0.5714285714285714,0.5505986513306138,0.6879663566519302,1.0,0.7839267938721877,0.5505986513306138,0.7556229504636829,1.0,0.4494013486693862,0.5505986513306138,-0.27336573217742544,7.996007688370531,0.2321511296043595,-0.0,0.5092563861347358,8.737415204109626,0.0,0.0,0.1887843265939341,0.18675168583673274,0.0,0.4880360124306668,0.15,low,uncertain_prediction,8.249379191678958,True,pass,False,,0.5839493136219641,0.7745512143611405,0.7016895459345301,0.6282998944033791,0.3917634635691658,0.5807814149947201,0.5047518479408659,0.34318901795142553,0.6486008447729673,0.5892555438225978,9.515736217837187,306,0.0,8.731485844266077,0,411,105,0,advance,O=C(/C=C\Cl)Cc1cc2c(Nc3cccc(Br)c3)ncnc2cn1
COc1cc(Br)cc(Nc2ncnc3cnc(CC(=O)/C=C\Cl)cc23)c1,7.716730943225548,0.06621264591005402,0.58053330487275,433.69300000000015,4.403600000000002,77.0,1,6,3,6,0.1111111111111111,0,0.0,2.7579533333333344,False,,0,,0,,0,,0.7,0.6030145706887557,0.8236628557977376,0.3333333333333333,Osimertinib,0.30000000000000004,0.6666666666666667,0.5078338836693493,0.6632181894748843,1.0,0.7844138085149699,0.5078338836693493,0.7388664704148009,1.0,0.49216611633065066,0.5078338836693493,-0.30804344899393543,7.617411974360468,0.17795141598386097,-0.0,0.5409157139494345,8.336279104293762,0.0,0.0,0.0,0.24020764541331335,0.0,0.24020764541331335,0.0,low,,8.096071458880449,True,pass,False,,0.28827877507919747,0.6879619852164731,0.5485744456177403,0.7550158394931362,0.3093980992608237,0.4815205913410771,0.8247096092925026,0.8922914466737064,0.5006071805702218,0.5262143611404435,8.937007720978029,550,0.0,8.727528692248981,0,412,0,138,advance,O=C(/C=C\Cl)Cc1cc2c(Nc3cccc(Br)c3)ncnc2cn1
COC(C)(C)COc1cnc(Cl)cc1-c1[nH]c2c(c1Nc1cccc(F)c1C)C(=O)NCC2,8.710752519804531,0.11543042357402146,0.4205116319349462,472.94800000000026,5.010920000000003,88.27000000000001,3,5,4,7,0.3333333333333333,1,0.45,3.3196533333333353,False,,0,,0,,0,,0.7972972972972973,0.6902807005832632,0.9823285465150239,0.1875,Afatinib,0.20270270270270274,0.8125,0.7218868334493178,0.5036024232052461,1.0,0.9398714098862679,0.5036024232052461,0.791340166635208,1.0,0.49639757679475394,0.5036024232052461,-0.09260444424785352,8.537606884443498,-0.7441030347317208,-0.0,0.5805483528449722,8.37405220255675,0.0,0.0,0.02314563536103218,0.24549697099344242,0.0,0.2686426063544746,0.0,low,,8.105409596202277,True,pass,False,,0.7243928194297783,0.18690601900739176,0.08025343189017951,0.24656810982048574,0.7302006335797254,0.4672650475184794,0.8247096092925026,0.706441393875396,0.42470960929250273,0.5155755015839494,8.883703733707755,589,0.0,8.724100198103017,0,413,0,176,advance,COC(C)(C)COc1cnccc1-c1[nH]c2c(c1Nc1cccc(F)c1C)C(=O)NCC2
C=C(C)C(=O)Cc1cc2c(Nc3cc(N)cc(Br)c3)ncnc2cn1,7.893534530484126,0.11783823395376385,0.5016795814655813,398.264,3.8008000000000015,93.79,2,6,3,5,0.1111111111111111,0,0.0,2.42176,False,,1,aniline,0,,0,,0.7543859649122807,0.5836709964012596,0.7884927207295629,0.32,Sunvozertinib,0.24561403508771928,0.6799999999999999,0.5158968688533968,0.6327791544214544,0.88,0.7613695405471721,0.5158968688533968,0.6975113909555059,0.88,0.3641031311466032,0.6358968688533968,-0.24215269613614532,7.71677717955348,0.14952669257669246,-0.2,0.5116494959718644,8.177953368102036,0.0,0.0,0.02675735093064576,0.08012891393325401,0.0,0.10688626486389977,0.0,low,,8.071067103238137,True,pass,False,,0.3579725448785639,0.5263991552270327,0.8220696937697993,0.455649419218585,0.19852164730728616,0.9271383315733897,0.8247096092925026,0.7001055966209081,0.4808078141499472,0.5441657866948257,8.754922745081974,642,0.0,8.72406604727193,0,414,0,228,advance,C=C(C)C(=O)Cc1cc2c(Nc3cccc(Br)c3)ncnc2cn1
C/C=C/C(=O)Cc1ccc2ncnc(Nc3cccc(Br)c3)c2c1OC,7.746334206771269,0.11464566003134508,0.5878031137339144,412.28700000000015,4.832200000000004,64.11,1,5,3,6,0.15,0,0.0,2.615246666666668,False,,0,,0,,0,,0.640625,0.5956352035281836,0.8102458245966973,0.29411764705882354,Osimertinib,0.359375,0.7058823529411764,0.48133158967087564,0.6727053022972427,1.0,0.784154956682817,0.48133158967087564,0.7345479621627339,1.0,0.5186684103291244,0.48133158967087564,-0.33762182998914414,7.574365716724251,0.21051611373391416,-0.0,0.5760449120315272,8.360926742489692,0.0,0.0,0.021968490047017605,0.27333551291140545,0.0,0.2953040029584231,0.0,low,,8.06562273953127,True,pass,False,,0.3051742344244984,0.6964097148891235,0.6731784582893348,0.9545934530095037,0.26610348468849,0.43294614572333684,0.8247096092925026,0.7096092925026399,0.56850580781415,0.5466473072861668,9.043133711866671,503,0.0,8.72159950827467,0,415,0,88,advance,C/C=C/C(=O)Cc1ccc2ncnc(Nc3cccc(Br)c3)c2c1
CNc1nc(Cl)c2ncnc(Nc3cccc(Br)c3)c2n1,7.4849006359060875,0.06518418748854034,0.6904877876280088,365.62200000000007,3.6210000000000013,75.62,2,6,3,3,0.07692307692307693,0,0.0,2.004146666666667,False,,0,,0,,0,,0.66,0.5797914242620126,0.7814389532036591,0.2465753424657534,Sunvozertinib,0.33999999999999997,0.7534246575342466,0.4505962277345436,0.7526857190928407,1.0,0.7744353792863059,0.4505962277345436,0.7444293315284225,1.0,0.5494037722654563,0.45059622773454366,-0.391777471725172,7.3871243546732765,0.3975580953203164,-0.0,0.5743871355611887,8.359069585554781,0.0,0.0,0.0,0.3117547153318204,0.0,0.3117547153318204,0.0,low,,8.04731487022296,True,pass,False,,0.19640971488912354,0.9118268215417107,0.9329461457233369,0.9234424498416051,0.1805702217529039,0.3495248152059134,0.8247096092925026,0.8933474128827877,0.5953801478352693,0.5614836325237592,9.073525762957104,490,0.0,8.721095229251471,0,416,0,74,advance,CNc1ncc2ncnc(Nc3cccc(Br)c3)c2n1
C/C=C/C(=O)Cc1cc2c(Nc3cc(F)cc(Br)c3)ncnc2cn1,8.200806573579547,0.20242137957138803,0.6439694066478066,401.23900000000003,4.357700000000002,67.77000000000001,1,5,3,5,0.1111111111111111,0,0.0,2.4415933333333335,False,,0,,0,,0,,0.7413793103448276,0.6176369816577891,0.8502490575596164,0.3157894736842105,Sunvozertinib,0.2586206896551724,0.6842105263157895,0.533506677694915,0.7102757377588578,1.0,0.8087394247486597,0.533506677694915,0.7631304600506081,1.0,0.466493322305085,0.533506677694915,-0.3061650431409241,7.897174504222464,0.28884151775891764,-0.0,0.5342047326294685,8.720220754610851,0.0,0.0,0.15363206935708204,0.20811665288135628,0.0,0.47424872223843834,0.15,low,uncertain_prediction,8.245972032372412,True,pass,False,,0.5248152059134108,0.8569165786694826,0.7946145723336854,0.5316789862724393,0.37697993664202745,0.5227032734952481,0.5047518479408659,0.40760295670538543,0.633078141499472,0.5794350580781417,9.479914524410217,323,0.0,8.716294102066183,0,417,94,0,advance,C/C=C/C(=O)Cc1cc2c(Nc3cccc(Br)c3)ncnc2cn1
COc1ccc([C@@H](CO)Nc2ncnc3[nH]c(-c4ccccc4OC)cc23)cc1,8.42841687617602,0.1610601578556815,0.4446694417376234,390.4430000000001,3.787600000000002,92.29,3,6,4,7,0.18181818181818182,0,0.0,3.1196200000000007,False,,0,,0,,0,,0.8703703703703703,0.7612069786845193,1.0,0.24050632911392406,Afatinib,0.12962962962962965,0.759493670886076,0.6193621085450277,0.5745828083403082,1.0,0.939873417721519,0.5745828083403082,0.7834545836517137,1.0,0.42541719165969183,0.5745828083403082,-0.2187899668089146,8.186826639392496,-0.005091740080558519,-0.0,0.5361814345991561,8.717916333911093,0.0,0.0,0.09159023678352225,0.1567714895746148,0.0,0.360861726358137,0.15,low,uncertain_prediction,8.357054607552957,True,pass,False,,0.617740232312566,0.27243928194297784,0.22650475184794086,0.02164730728616684,0.8780359028511088,0.6821541710665259,0.5047518479408659,0.5406546990496304,0.3707761351636748,0.48453009503695876,9.162847696107503,446,0.0,8.713490721597308,0,418,0,28,advance,COc1ccccc1-c1cc2c(N[C@H](CO)c3ccccc3)ncnc2[nH]1
Cc1cccc([C@@H](C)Nc2ncnc3[nH]c(-c4ccc(CO)cc4)cc23)c1,8.329681128331236,0.19948798403877804,0.4874071109884959,358.4450000000001,4.598720000000004,73.83,3,4,4,5,0.18181818181818182,0,0.0,2.7063000000000006,False,,0,,0,,0,,0.8113207547169812,0.705540349101627,1.0,0.18518518518518517,Afatinib,0.18867924528301883,0.8148148148148149,0.5677786932556644,0.6139854495052112,1.0,0.9537037037037037,0.5677786932556644,0.7838669616161448,1.0,0.43222130674433556,0.5677786932556644,-0.28811769114730723,8.03044915227307,0.099643929170314,-0.0,0.5793501048218029,8.709443186265187,0.0,0.0,0.14923197605816707,0.16527663343041948,0.0,0.42700860948858654,0.15,low,uncertain_prediction,8.2824345767766,True,pass,False,,0.5807814149947201,0.4672650475184794,0.5987328405491025,0.1900739176346357,0.8780359028511088,0.6356916578669483,0.5047518479408659,0.41288278775079196,0.4826293558606125,0.5456969376979937,9.288598413297922,390,0.0,8.712270902014193,0,419,29,0,advance,C[C@@H](Nc1ncnc2[nH]c(-c3ccc(CO)cc3)cc12)c1ccccc1
COCCOc1cncc(C)c1-c1[nH]c2c(c1Nc1cccc(F)c1C)C(=O)NCC2,8.70277804706172,0.3239355704772839,0.5010771966005143,424.4760000000002,3.887340000000002,88.27000000000001,3,5,4,7,0.30434782608695654,0,0.0,2.9965066666666687,False,,0,,0,,0,,0.7971014492753623,0.6858272162619988,0.9742313022945432,0.2,Afatinib,0.2028985507246377,0.8,0.5739396124313314,0.6103422017200264,1.0,0.9306734767209075,0.5739396124313314,0.7787388227180663,1.0,0.4260603875686686,0.5739396124313314,-0.2730656137156465,8.216874691345794,0.0820359792092097,-0.0,0.5748621733997228,8.873772843954725,0.0,0.0,0.33590335571592583,0.15757548446083575,0.0,0.6059788401767616,0.15,low,uncertain_prediction,8.267794003777963,True,pass,False,,0.7212249208025343,0.5195353748680043,0.39334741288278774,0.25131995776135163,0.7159450897571278,0.6737064413938754,0.5047518479408659,0.16050686378035903,0.5377243928194297,0.5562302006335798,9.519042115338042,304,0.0,8.71027024453826,0,420,116,0,advance,COCCOc1cnccc1-c1[nH]c2c(c1Nc1cccc(F)c1C)C(=O)NCC2
C/C=C/C(=O)Cc1ccc2ncnc(Nc3cc(N)cc(Br)c3)c2c1,7.711667474562785,0.050537019402963505,0.4926227266436487,397.27600000000007,4.405800000000003,80.9,2,5,3,5,0.10526315789473684,0,0.0,2.4151733333333336,False,,1,aniline,0,,0,,0.7719298245614035,0.6486276596643269,0.9065957448442306,0.2926829268292683,Osimertinib,0.22807017543859653,0.7073170731707317,0.5175409550586217,0.6280512176027248,0.88,0.8567760769258559,0.5175409550586217,0.7205920623968006,0.88,0.36245904494137826,0.6375409550586217,-0.2707348097842385,7.635861945458339,0.14087304243312235,-0.2,0.5414756371096456,8.118210625001106,0.0,0.0,0.0,0.07807380617672284,0.0,0.07807380617672284,0.0,low,,8.040136818824383,True,pass,False,,0.28616684266103487,0.4931362196409715,0.8389651531151003,0.3790918690601901,0.5258711721224921,0.9313621964097148,0.8247096092925026,0.9398099260823654,0.4290654699049631,0.5568109820485744,8.633089188887062,677,0.0,8.708309997282672,0,421,0,256,advance,C/C=C/C(=O)Cc1ccc2ncnc(Nc3cccc(Br)c3)c2c1
COc1ccccc1-c1cc2c(N[C@H](CO)c3ccccc3Cl)ncnc2[nH]1,8.313012763361021,0.15425263752602703,0.4502281902876411,394.862,4.432400000000002,83.06,3,5,4,6,0.14285714285714285,0,0.0,3.0490800000000005,False,,0,,0,,0,,0.7586206896551724,0.6698623438111758,0.945204261474865,0.2558139534883721,Osimertinib,0.24137931034482762,0.7441860465116279,0.5952763445720364,0.5803531969658949,1.0,0.8949497077340557,0.5803531969658949,0.7676448123179967,1.0,0.41964680303410506,0.5803531969658949,-0.22982462366128054,8.08163380707198,0.007151904573355345,-0.0,0.5681775689773771,8.656963280622714,0.0,0.0,0.08137895628904053,0.14955850379263136,0.0,0.34343746008167186,0.15,low,uncertain_prediction,8.313525820541042,True,pass,False,,0.5712777191129884,0.324181626187962,0.3146779303062302,0.4350580781414995,0.6362196409714889,0.7265047518479408,0.5047518479408659,0.5681098204857444,0.45612460401267163,0.5101372756071805,9.204312805437919,434,0.0,8.700690551269659,0,422,0,12,advance,COc1ccccc1-c1cc2c(N[C@H](CO)c3ccccc3)ncnc2[nH]1
CNc1ncc2ncnc(Nc3cc(F)cc(Br)c3)c2n1,8.21244633798296,0.269541898092294,0.7568683410750366,349.16700000000003,3.106700000000001,75.62,2,6,3,3,0.07692307692307693,0,0.0,1.9000000000000001,False,,0,,0,,0,,0.6938775510204082,0.5680909567649983,0.7601653759363605,0.2638888888888889,Sunvozertinib,0.30612244897959184,0.7361111111111112,0.48943225583113437,0.793200664514347,1.0,0.7541518097300481,0.48943225583113437,0.7591961825188823,1.0,0.5105677441688656,0.48943225583113437,-0.35968523558366394,7.8081334908445195,0.4795606487673443,-0.0,0.5486297793582398,8.836323918970104,0.0,0.0,0.254312847138441,0.26320968021108204,0.0,0.630022527349523,0.15,low,uncertain_prediction,8.206301391620581,True,pass,False,,0.5300950369588173,0.9667370644139388,0.9767687434002112,0.7771911298838438,0.10982048574445617,0.44456177402323127,0.5047518479408659,0.25237592397043296,0.7338437170010561,0.5979672650475186,9.71693637937137,250,0.0,8.698862109677604,0,423,173,0,advance,CNc1ncc2ncnc(Nc3cccc(Br)c3)c2n1
C=CC(=O)NC1=NC=C2N=CN=C(Nc3cccc(C)c3F)C21,8.232584387937978,0.2944032856683156,0.8209958025565295,311.32000000000005,2.15832,78.21000000000001,2,5,3,2,0.125,0,0.0,2.1500000000000004,False,,0,,0,,1,acrylamide_like,0.6551724137931034,0.548408411802379,0.7243789305497799,0.2682926829268293,Osimertinib,0.3448275862068966,0.7317073170731707,0.47706379701667356,0.8188553837137835,0.92,0.7262110271806275,0.47706379701667356,0.7355325519777711,0.92,0.4429362029833265,0.5570637970166735,-0.3446250066147968,7.790979459435505,0.5109958025565294,-0.0,0.5557793415524996,8.857754603544533,0.0,0.0,0.2916049285024734,0.17867025372915812,0.1,0.6827751822316315,0.15,low,uncertain_prediction,8.174979421312901,True,pass,False,,0.5406546990496304,0.9878563885955649,0.9044350580781415,0.9318901795142556,0.05807814149947202,0.6103484688489969,0.5047518479408659,0.21119324181626187,0.7629091869060189,0.6218848996832101,9.773245627831756,234,0.0,8.696241300932753,0,424,190,0,advance,C=CC(=O)NC1=NC=C2N=CN=C(Nc3cccc(C)c3)C21
Cc1cccc(Nc2ncnc3cnc(N(C)CCN4CCOCC4)cc23)c1,7.998944446469452,0.15998336556221862,0.7073666555550857,378.48000000000025,2.845220000000001,66.41000000000001,1,7,4,6,0.38095238095238093,0,0.0,2.5898666666666683,False,,0,,0,,0,,0.6923076923076923,0.6425379498083773,0.8955235451061404,0.4146341463414634,Dacomitinib,0.3076923076923077,0.5853658536585367,0.51274775572381,0.7394414041450408,1.0,0.8179841222442394,0.51274775572381,0.7675433205282727,1.0,0.48725224427618996,0.51274775572381,-0.33972741973928333,7.7589693981261245,0.3569818936503236,-0.0,0.5379521808356346,8.653903472612082,0.0,0.0,0.08997504834332792,0.23406530534523745,0.0,0.43654035368856536,0.15,low,uncertain_prediction,8.217363118923517,True,pass,False,,0.40865892291446676,0.9160506863780359,0.6937697993664202,0.7903907074973601,0.4931362196409715,0.48680042238648363,0.5047518479408659,0.5469904963041182,0.6292502639915523,0.5842397043294616,9.409003789401945,347,0.0,8.693450764118872,0,425,78,0,advance,Cc1cccc(Nc2ncnc3cnc(NCCN4CCOCC4)cc23)c1
COCCOc1cncc(OC)c1-c1[nH]c2c(c1Nc1cccc(F)c1C)C(=O)NCC2,8.538972264355158,0.23577256129425922,0.46341515758014057,440.4750000000002,3.5875200000000023,97.5,3,6,4,8,0.30434782608695654,0,0.0,3.203166666666668,False,,0,,0,,0,,0.7971014492753623,0.6903317207665033,0.9824213104845513,0.2,Gefitinib,0.2028985507246377,0.8,0.594702273182808,0.5816796187203593,1.0,0.9368159828634135,0.5816796187203593,0.7782994686916452,1.0,0.41832038127964066,0.5816796187203593,-0.24479626067844962,8.185313422413769,0.013374940188836018,-0.0,0.5769096754472248,8.775598038049829,0.0,0.0,0.20365884194138884,0.14790047659955086,0.0,0.4640593185409397,0.15,low,uncertain_prediction,8.311538719508889,True,pass,False,,0.6568109820485745,0.36061246040126715,0.14625131995776136,0.25131995776135163,0.7317845828933475,0.7360084477296727,0.5047518479408659,0.3220696937697994,0.4398891235480465,0.5042502639915523,9.303464986307484,382,0.0,8.691639036298751,0,426,44,0,advance,COCCOc1cnccc1-c1[nH]c2c(c1Nc1cccc(F)c1C)C(=O)NCC2
[2H]C([2H])([2H])Oc1ccccc1-c1cc2c(N[C@H](CO)c3ccc(Cl)cc3)ncnc2[nH]1,8.421835633583774,0.1766801766234289,0.4479100750875871,397.88030533400007,4.432400000000002,83.06,3,5,4,6,0.14285714285714285,0,0.0,3.069202035560001,False,,0,,0,,0,,0.8596491228070176,0.7158277364631997,1.0,0.23595505617977527,Osimertinib,0.14035087719298245,0.7640449438202247,0.6067827847595432,0.5783043091612499,1.0,0.9410112359550562,0.5783043091612499,0.7815245824689623,1.0,0.42169569083875014,0.5783043091612499,-0.2329890636125589,8.15681536864863,0.001815484039301313,-0.0,0.5423713778829096,8.701002230570841,0.0,0.0,0.11502026493514332,0.15211961354843767,0.0,0.379639878483581,0.15,low,uncertain_prediction,8.321362352087261,True,pass,False,,0.6124604012671595,0.2946145723336853,0.2866948257655755,0.03537486800422387,0.8780359028511088,0.7106652587117213,0.5047518479408659,0.49208025343189016,0.3846092925026399,0.4940865892291446,9.16253338157401,447,0.0,8.689266259162235,0,427,0,20,advance,[2H]C([2H])([2H])Oc1ccccc1-c1cc2c(N[C@H](CO)c3ccccc3)ncnc2[nH]1
Cc1cccc(Nc2ncnc3c(Cl)nc(NCCN4CCOCC4)cc23)c1,7.578820933872906,0.03556715987951297,0.6154679514499873,398.89800000000037,3.4743200000000014,75.2,2,7,4,6,0.35,0,0.0,2.7259866666666692,False,,0,,0,,0,,0.7076923076923077,0.6292455737771109,0.871355588685656,0.39285714285714285,Dacomitinib,0.29230769230769227,0.6071428571428572,0.4948082215525673,0.6836617322718519,1.0,0.8053024057999563,0.4948082215525673,0.7459430899060939,1.0,0.5051917784474327,0.4948082215525673,-0.33484649113803544,7.525470194053636,0.24156995144998697,-0.0,0.5315202158527327,8.298560361356357,0.0,0.0,0.0,0.25648972305929085,0.0,0.25648972305929085,0.0,low,,8.042070638297066,True,pass,False,,0.23970432946145723,0.7851108764519535,0.5813093980992609,0.7148891235480465,0.426610348468849,0.45406546990496305,0.8247096092925026,0.9757127771911299,0.4950633579725449,0.5386219640971489,8.89263639092341,584,0.0,8.688416995213645,0,428,0,156,advance,Cc1cccc(Nc2ncnc3cnc(NCCN4CCOCC4)cc23)c1
COc1cc(C(N)=O)ccc1-c1cc2c(N[C@H](C)c3ccc(Cl)cc3)ncnc2[nH]1,8.037722108434552,0.09846935981815183,0.42286258411497757,421.8880000000001,4.558900000000002,105.91999999999999,3,5,4,6,0.13636363636363635,0,0.0,3.229253333333334,False,,0,,0,,0,,0.8333333333333334,0.6485784996555501,0.906506363010091,0.27586206896551724,Osimertinib,0.16666666666666663,0.7241379310344828,0.5655019752359318,0.5583723699811864,1.0,0.8609142550161889,0.5583723699811864,0.7461971500583268,1.0,0.44162763001881356,0.5583723699811864,-0.24092689976319326,7.890018068707325,-0.047889052248658893,-0.0,0.5188679700628676,8.360996986521533,0.0,0.0,0.0,0.17703453752351694,0.0,0.17703453752351694,0.0,low,,8.183962448998017,True,pass,False,,0.4350580781414995,0.19376979936642028,0.11615628299894404,0.10190073917634636,0.5248152059134108,0.614572333685322,0.8247096092925026,0.778247096092925,0.2723336853220697,0.4167106652587117,8.687797408908017,665,0.0,8.684015247308471,0,429,0,236,advance,COc1cc(C(N)=O)ccc1-c1cc2c(N[C@H](C)c3ccccc3)ncnc2[nH]1
Cc1cccc(Nc2ncnc3c(C)nc(NCCN4CCOCC4)cc23)c1,7.579209629258741,0.08350580885273952,0.6824211096620202,378.48000000000025,3.129340000000002,75.2,2,7,4,6,0.38095238095238093,0,0.0,2.5898666666666683,False,,0,,0,,0,,0.7301587301587301,0.6481458557898608,0.9057197377997469,0.36904761904761907,Dacomitinib,0.2698412698412699,0.6309523809523809,0.4613483411177675,0.7257213539038547,1.0,0.8370278985879054,0.4613483411177675,0.7560243984023819,1.0,0.5386516588822325,0.46134834111776746,-0.3929014097128192,7.4539509159796316,0.3320363477572581,-0.0,0.5371442201642225,8.323131483901111,0.0,0.0,0.0,0.2983145736027907,0.0,0.2983145736027907,0.0,low,,8.02481691029832,True,pass,False,,0.24076029567053855,0.9049630411826821,0.6937697993664202,0.5860612460401268,0.5205913410770855,0.3738120380147835,0.8247096092925026,0.8247096092925026,0.5106124604012672,0.549102428722281,8.935866436382632,551,0.0,8.683739824765057,0,430,0,121,advance,Cc1cccc(Nc2ncnc3cnc(NCCN4CCOCC4)cc23)c1
[2H]C([2H])([2H])Oc1ccccc1-c1cc2c(N[C@H](CO)c3ccc(C)cc3)ncnc2[nH]1,8.422469472517227,0.21068000190268688,0.47140332812841834,377.46230533400006,4.0874200000000025,83.06,3,5,4,6,0.18181818181818182,0,0.0,2.9330820355600005,False,,0,,0,,0,,0.875,0.727659516853977,1.0,0.20481927710843373,Afatinib,0.125,0.7951807228915663,0.5831413667974259,0.5964609829490917,1.0,0.9487951807228916,0.5831413667974259,0.7820993826173523,1.0,0.4168586332025741,0.5831413667974259,-0.2652773544265685,8.106449469663197,0.04962284097623648,-0.0,0.5448042168674698,8.700876527506903,0.0,0.0,0.1660200028540303,0.14607329150321763,0.0,0.4245932943572479,0.15,low,uncertain_prediction,8.276283233149655,True,pass,False,,0.6135163674762407,0.3775079197465681,0.44508975712777193,0.014783526927138331,0.8780359028511088,0.7434002111932418,0.5047518479408659,0.3885955649419219,0.42130411826821546,0.5187170010559662,9.206441469428762,433,0.0,8.673743634416816,0,431,0,2,advance,[2H]C([2H])([2H])Oc1ccccc1-c1cc2c(N[C@H](CO)c3ccccc3)ncnc2[nH]1
Fc1c(NCCN2CCOCC2)ncc2ncnc(Nc3cccc(Br)c3)c12,7.813293831581503,0.13206652496255825,0.6000676648570863,447.31200000000007,3.4141000000000012,75.2,2,7,4,6,0.3157894736842105,0,0.0,3.0487466666666676,False,,0,,0,,0,,0.6923076923076923,0.6556533321750713,0.9193696948637659,0.38095238095238093,Dacomitinib,0.3076923076923077,0.6190476190476191,0.485876890421585,0.6627777284919103,1.0,0.8442891759097292,0.485876890421585,0.7482359487058061,1.0,0.514123109578415,0.485876890421585,-0.34981207771229483,7.615194044137666,0.17433461222550722,-0.0,0.5540182478917657,8.34354690425494,0.0,0.0,0.04809978744383736,0.2676538869730188,0.0,0.31575367441685614,0.0,low,,8.027793229838084,True,pass,False,,0.3262935586061246,0.720168954593453,0.324181626187962,0.7903907074973601,0.5633579725448785,0.4424498416050686,0.8247096092925026,0.6494192185850053,0.49757127771911297,0.5328933474128829,8.940632437517875,549,0.0,8.667265246733542,0,432,0,117,advance,Brc1cccc(Nc2ncnc3cnc(NCCN4CCOCC4)cc23)c1
CNc1ncc2ncnc(Nc3cccc(Cl)c3)c2n1,8.273178540544054,0.3155313378860092,0.770944226967623,286.72600000000006,2.8585000000000003,75.62,2,6,3,3,0.07692307692307693,0,0.0,1.9000000000000001,False,,0,,0,,0,,0.7608695652173914,0.6905646287107896,0.9828447794741628,0.3235294117647059,Sunvozertinib,0.23913043478260865,0.6764705882352942,0.472422698615807,0.8009424017552695,1.0,0.9062512316644458,0.472422698615807,0.7949040830088805,1.0,0.527577301384193,0.472422698615807,-0.42997517919076467,7.79988153371504,0.4936365346599306,-0.0,0.5562610669913028,8.849779135366273,0.0,0.0,0.32329700682901374,0.2844716267302413,0.0,0.720268633559255,0.15,low,uncertain_prediction,8.129510501807017,True,pass,False,,0.5554382259767687,0.9767687434002112,0.9767687434002112,0.4229144667370644,0.7328405491024287,0.40549102428722283,0.5047518479408659,0.17740232312565998,0.6763991552270328,0.6262935586061248,9.661458121638711,264,0.0,8.656062772134367,0,433,169,0,advance,CNc1ncc2ncnc(Nc3cccc(Br)c3)c2n1
CNc1ncc2ncnc(Nc3cccc(F)c3)c2n1,8.10131755465397,0.2460947814371801,0.7604970618651007,270.271,2.3442,75.62,2,6,3,3,0.07692307692307693,0,0.0,1.9000000000000001,False,,0,,0,,0,,0.7608695652173914,0.6625902697364306,0.931982308611692,0.30434782608695654,Sunvozertinib,0.23913043478260865,0.6956521739130435,0.4780630416574666,0.7951964609488824,1.0,0.8728997749370299,0.4780630416574666,0.7865398193858447,1.0,0.5219369583425334,0.4780630416574666,-0.41130237030450423,7.7321753824982,0.4831893695574083,-0.0,0.5492999249790099,8.764664677034618,0.0,0.0,0.21914217215577014,0.2774211979281668,0.0,0.609063370083937,0.15,low,uncertain_prediction,8.15560130695068,True,pass,False,,0.4857444561774023,0.9757127771911299,0.9767687434002112,0.4229144667370644,0.600844772967265,0.4160506863780359,0.5047518479408659,0.29567053854276665,0.6448257655755016,0.5989968321013728,9.538455595725221,298,0.0,8.649397505472328,0,434,136,0,advance,CNc1ncc2ncnc(Nc3cccc(Br)c3)c2n1
C=CC(=O)NC1=NC=C2N=CN=C(N(C)c3cccc(C)c3)C21,7.886667030937015,0.18040506965088657,0.8495236394869418,307.357,2.04352,69.42,1,5,3,2,0.17647058823529413,0,0.0,2.1500000000000004,False,,0,,0,,1,acrylamide_like,0.6610169491525424,0.4998907387426761,0.6361649795321382,0.21839080459770116,Osimertinib,0.3389830508474576,0.7816091954022988,0.4703832089786331,0.8345456940255103,0.92,0.6725260334996783,0.4703832089786331,0.7243637341259554,0.92,0.4496167910213669,0.5503832089786331,-0.3386407001964296,7.616059426460685,0.5446706983104711,-0.0,0.5460663763850802,8.706796501156237,0.0,0.0,0.12060760447632984,0.18702098877670867,0.1,0.5201285932530384,0.15,low,uncertain_prediction,8.1866679079032,True,pass,False,,0.3558606124604013,0.9989440337909187,0.9044350580781415,0.9139387539598732,0.007391763463569166,0.5797254487856388,0.5047518479408659,0.4804646251319958,0.6783790918690602,0.5716473072861669,9.520851411399109,302,0.0,8.6476446766466,0,435,133,0,advance,C=CC(=O)NC1=NC=C2N=CN=C(Nc3cccc(C)c3)C21
C=CC(=O)Cc1cc2c(Nc3cc(F)cc(Br)c3)ncnc2cn1,8.166092487730362,0.2164794185952621,0.6714894018025248,387.212,3.967600000000002,67.77000000000001,1,5,3,5,0.058823529411764705,0,0.0,2.34808,False,,0,,0,,0,,0.7321428571428571,0.6117639528929851,0.839570823441791,0.38028169014084506,Sunvozertinib,0.2678571428571429,0.619718309859155,0.5149875289159069,0.7290084017606195,1.0,0.784607695046132,0.5149875289159069,0.7571509064306646,1.0,0.48501247108409307,0.5149875289159069,-0.32288450335301033,7.841373359837469,0.3251597547437013,-0.0,0.5163439131039086,8.682877027685079,0.0,0.0,0.17471912789289312,0.23126558885511633,0.0,0.5184847167480094,0.15,low,uncertain_prediction,8.16439231093707,True,pass,False,,0.5131995776135164,0.8864836325237593,0.8674762407602957,0.5776135163674763,0.3474128827877508,0.4910242872228089,0.5047518479408659,0.3717001055966209,0.6538806758183738,0.5843453009503697,9.467533838667126,328,0.0,8.640606672077514,0,436,108,0,advance,C=CC(=O)Cc1cc2c(Nc3cccc(Br)c3)ncnc2cn1
COCCOc1cncc(F)c1-c1[nH]c2c(c1Nc1cccc(F)c1Br)C(=O)NCC2,8.608069637636758,0.21845431775411242,0.43042619308054325,493.30800000000016,4.172100000000001,88.27000000000001,3,5,4,7,0.23809523809523808,0,0.0,3.455386666666668,False,,0,,0,,0,,0.8115942028985508,0.6872397173993211,0.9767994861805837,0.2,Afatinib,0.18840579710144922,0.8,0.6240993869813108,0.5538349190148115,1.0,0.9325996146354378,0.5538349190148115,0.77763348015789,1.0,0.4461650809851885,0.5538349190148115,-0.20471212423543894,8.28038816100559,-0.06407228310993315,-0.0,0.568982480240798,8.785298358136455,0.0,0.0,0.17768147663116862,0.1827063512314856,0.0,0.4728878278626542,0.15,low,uncertain_prediction,8.3124105302738,True,pass,False,,0.6800422386483632,0.2122492080253432,0.05227032734952482,0.1853220696937698,0.723336853220697,0.5987328405491025,0.5047518479408659,0.36430834213305174,0.3933738120380148,0.460506863780359,9.257346932582072,409,0.0,8.64001876681023,0,437,28,0,advance,COCCOc1cnccc1-c1[nH]c2c(c1Nc1cccc(F)c1Br)C(=O)NCC2
C=C(C)C(=O)Cc1cc2c(Nc3ccc(F)c(Br)c3)ncnc2cn1,8.292173831360353,0.24149131070611637,0.6439694066478064,401.23900000000003,4.357700000000003,67.77000000000001,1,5,3,5,0.1111111111111111,0,0.0,2.4415933333333335,False,,0,,0,,0,,0.7413793103448276,0.5990349260336746,0.8164271382430446,0.42857142857142855,Sunvozertinib,0.2586206896551724,0.5714285714285714,0.5289995403458068,0.7102757377588578,1.0,0.7551774965394262,0.5289995403458068,0.7486131936610227,1.0,0.47100045965419324,0.5289995403458068,-0.29281820442028794,7.929936865301179,0.28884151775891753,-0.0,0.49191466633416014,8.710693049394257,0.0,0.0,0.21223696605917455,0.21375057456774155,0.0,0.5384875406269161,0.15,low,uncertain_prediction,8.172205508767341,True,pass,False,,0.5607180570221753,0.851636747624076,0.7946145723336854,0.5316789862724393,0.28511087645195354,0.5110876451953538,0.5047518479408659,0.30834213305174235,0.6481784582893347,0.5741024287222809,9.48850719934146,318,0.0,8.636128423234078,0,438,120,0,advance,C=C(C)C(=O)Cc1cc2c(Nc3cccc(Br)c3)ncnc2cn1
CNc1cc2c(Nc3ccc(OC)c(C(F)(F)F)c3)ncnc2cn1,8.076533650330829,0.2352300953004514,0.7456970005963534,349.31600000000003,3.837500000000002,71.96000000000001,2,6,3,4,0.1875,0,0.0,2.0,False,,0,,0,,0,,0.6363636363636364,0.5768131868131868,0.776023976023976,0.3783783783783784,Osimertinib,0.36363636363636365,0.6216216216216216,0.4794723458723912,0.7832102734049173,1.0,0.7374233874233874,0.4794723458723912,0.7500265016751739,1.0,0.5205276541276088,0.4794723458723912,-0.36073887440371033,7.723688507380151,0.46444700059635335,-0.0,0.5441288441288441,8.732264352105348,0.0,0.0,0.20284514295067707,0.27565956765951105,0.0,0.5910047106101881,0.15,low,uncertain_prediction,8.14125964149516,True,pass,False,,0.470960929250264,0.9535374868004224,0.9408658922914467,0.9577613516367476,0.1583949313621964,0.4244984160506864,0.5047518479408659,0.32312565997888065,0.7353220696937699,0.5991024287222809,9.614650835737873,275,0.0,8.635182555961899,0,439,164,0,advance,CNc1cc2c(Nc3cccc(C(F)(F)F)c3)ncnc2cn1
COc1cc(C(N)=O)ccc1-c1cc2c(N[C@H](C)c3ccccc3N)ncnc2[nH]1,7.982999120856078,0.05127413767480049,0.36507645702813607,402.4580000000001,3.4877000000000002,131.94,4,6,4,6,0.13636363636363635,0,0.0,3.0997200000000005,False,,1,aniline,0,,0,,0.8032786885245902,0.6338775501110903,0.8797773638383458,0.23333333333333334,Osimertinib,0.19672131147540983,0.7666666666666666,0.5848578838416593,0.5315720513654749,0.88,0.851499689545426,0.5315720513654749,0.71198240618814,0.88,0.3484279486345251,0.6515720513654749,-0.1694993631286411,7.906087914343877,-0.08624517933550033,-0.2,0.5384689311235209,8.158311666131898,0.0,0.0,0.0,0.06053493579315637,0.0,0.06053493579315637,0.0,low,,8.097776730338742,True,pass,False,,0.4033790918690602,0.03801478352692714,0.26874340021119325,0.2249208025343189,0.4604012671594509,0.9519535374868004,0.8247096092925026,0.9345300950369588,0.2744192185850053,0.44651531151003165,8.487614728433904,724,0.0,8.63359510415078,0,440,0,284,advance,COc1cc(C(N)=O)ccc1-c1cc2c(N[C@H](C)c3ccccc3)ncnc2[nH]1
COc1cc(C(N)=O)ccc1-c1cc2c(N[C@H](C)c3ccccc3Cl)ncnc2[nH]1,8.017569069923772,0.11057715681454472,0.42286258411497757,421.8880000000001,4.558900000000002,105.91999999999999,3,5,4,6,0.13636363636363635,0,0.0,3.229253333333334,False,,0,,0,,0,,0.7777777777777778,0.615409567504652,0.8461992136448218,0.2696629213483146,Osimertinib,0.2222222222222222,0.7303370786516854,0.5519882577107615,0.5583723699811864,1.0,0.8172336798965376,0.5519882577107615,0.7318985768971215,1.0,0.44801174228923846,0.5519882577107615,-0.2398804255818131,7.851703334701955,-0.047889052248658893,-0.0,0.530650927006711,8.334465209460006,0.0,0.0,0.01586573522181707,0.18501467786154807,0.0,0.20088041308336513,0.0,low,,8.133584796376642,True,pass,False,,0.41816261879619854,0.19376979936642028,0.11615628299894404,0.34107708553326294,0.3632523759239704,0.5892291446673706,0.8247096092925026,0.7243928194297783,0.3125659978880676,0.4141763463569166,8.709544406925687,658,0.0,8.630596412004941,0,441,0,217,advance,COc1cc(C(N)=O)ccc1-c1cc2c(N[C@H](C)c3ccccc3)ncnc2[nH]1
CNc1cc2c(Nc3cccc(C(F)(F)F)c3)ncnc2c(N)n1,7.437187092289146,0.0741093651212451,0.6801078853271744,334.30500000000006,3.411100000000001,88.75,3,6,3,3,0.13333333333333333,0,0.0,1.9000000000000001,False,,1,aniline,0,,0,,0.6481481481481481,0.5794075072376959,0.780740922250356,0.25,Sunvozertinib,0.35185185185185186,0.75,0.4324202174874149,0.7509824138530228,0.88,0.773055691687767,0.4324202174874149,0.7091145807570511,0.88,0.4475797825125851,0.5524202174874149,-0.3689258176928484,7.326023044607278,0.40844121866050764,-0.2,0.5785185638959223,8.112982827163707,0.0,0.0,0.0,0.1844747281407314,0.0,0.1844747281407314,0.0,low,,7.9285080990229755,True,pass,False,,0.17634635691657866,0.8986272439281943,0.9767687434002112,0.9429778247096093,0.17317845828933473,0.590285110876452,0.8247096092925026,0.8616684266103485,0.5941921858500528,0.5815733896515313,8.82601345018377,614,0.0,8.626396166604813,0,442,0,172,advance,CNc1cc2c(Nc3cccc(C(F)(F)F)c3)ncnc2cn1
CNc1cc2c(Nc3cc(C)cc(C(F)(F)F)c3)ncnc2cn1,7.891879988044934,0.1688505183189312,0.7542240902317288,333.317,4.1373200000000026,62.730000000000004,2,5,3,3,0.1875,0,0.0,1.9000000000000001,False,,0,,0,,0,,0.7346938775510204,0.6172522782697984,0.8495495968541789,0.3,Sunvozertinib,0.26530612244897955,0.7,0.4797746341879817,0.7917463265505278,1.0,0.8121621976406341,0.4797746341879817,0.7709207895947858,1.0,0.5202253658120183,0.4797746341879817,-0.38819487387573903,7.6386042105665375,0.4879740902317287,-0.0,0.5417751543155855,8.668353455113852,0.0,0.0,0.10327577747839678,0.2752817072650229,0.0,0.49105748474341965,0.15,low,uncertain_prediction,8.177295970370432,True,pass,False,,0.35691657866948256,0.9609292502639916,0.9767687434002112,0.5644139387539598,0.3727560718057022,0.42555438225976766,0.5047518479408659,0.5174234424498416,0.6121964097148892,0.5615100316789864,9.40298914677172,351,0.0,8.626108008385216,0,443,92,0,advance,CNc1cc2c(Nc3cccc(C(F)(F)F)c3)ncnc2cn1
[2H]C([2H])([2H])Oc1ccccc1-c1cc2c(N[C@H](CO)c3ccc(OC)cc3)ncnc2[nH]1,8.465816386331134,0.20022762796565766,0.44244447474168586,393.4613053340001,3.787600000000002,92.28999999999999,3,6,4,7,0.18181818181818182,0,0.0,3.1397420355600008,False,,0,,0,,0,,0.8596491228070176,0.7318709142466534,1.0,0.23170731707317074,Afatinib,0.14035087719298245,0.7682926829268293,0.6012947570068232,0.5725851520479273,1.0,0.9420731707317074,0.5725851520479273,0.7789882699466144,1.0,0.42741484795207274,0.5725851520479273,-0.23692468391972177,8.165474944382648,-0.010335012410496062,-0.0,0.5436456996148908,8.698785631587043,0.0,0.0,0.15034144194848648,0.15926855994009093,0.0,0.4221100018885774,0.15,low,uncertain_prediction,8.276675629698465,True,pass,False,,0.6367476240760296,0.25237592397043296,0.18743400211193242,0.03537486800422387,0.8780359028511088,0.6694825765575502,0.5047518479408659,0.41077085533262936,0.3722016895459345,0.4769271383315734,9.145427659042165,455,0.0,8.623988195696354,0,444,0,11,advance,[2H]C([2H])([2H])Oc1ccccc1-c1cc2c(N[C@H](CO)c3ccccc3)ncnc2[nH]1
C=C(C)C(=O)Cc1cc2c(Nc3cccc(Cl)c3)ncnc2cn1,7.9569031138929125,0.15076374650115715,0.7089430774282438,338.79800000000006,4.109500000000002,67.77000000000001,1,5,3,5,0.1111111111111111,0,0.0,2.1,False,,0,,0,,0,,0.7857142857142857,0.6176327916565608,0.8502414393755651,0.4142857142857143,Sunvozertinib,0.2142857142857143,0.5857142857142856,0.5086911559224181,0.7591494618163033,1.0,0.7841096509602452,0.5086911559224181,0.7629875671747416,1.0,0.4913088440775819,0.5086911559224181,-0.3390618816697647,7.7307574941411765,0.40505418853935493,-0.0,0.4847032169867484,8.62051489966728,0.0,0.0,0.07614561975173571,0.23913605509697738,0.0,0.4277816748487131,0.15,low,uncertain_prediction,8.192733224818566,True,pass,False,,0.38542766631467795,0.9255543822597677,0.9186906019007391,0.31203801478352694,0.3759239704329461,0.4825765575501584,0.5047518479408659,0.5786694825765576,0.5587645195353749,0.5427930306230201,9.291032323109729,388,0.0,8.61908486156619,0,445,57,0,advance,C=C(C)C(=O)Cc1cc2c(Nc3cccc(Br)c3)ncnc2cn1
O=C(/C=C\Cl)Cc1cc2c(Nc3cc(F)cc(Br)c3)ncnc2cn1,8.131739050720268,0.18215108411958933,0.612925776663183,421.65700000000004,4.534100000000002,67.77000000000001,1,5,3,5,0.058823529411764705,0,0.0,2.5777133333333335,False,,0,,0,,0,,0.7368421052631579,0.6217511753950633,0.8577294098092059,0.33783783783783783,Sunvozertinib,0.26315789473684215,0.6621621621621622,0.5304290037963546,0.6879663566519302,1.0,0.8088375978974449,0.5304290037963546,0.7568082395864324,1.0,0.4695709962036454,0.5304290037963546,-0.3018389810534371,7.858512424540884,0.2321511296043595,-0.0,0.531502053732529,8.622165607877774,0.0,0.0,0.12322662617938399,0.21196374525455675,0.0,0.4476903714339407,0.15,low,uncertain_prediction,8.174475236443833,True,pass,False,,0.5005279831045406,0.7745512143611405,0.7016895459345301,0.5575501583949314,0.3986272439281943,0.5163674762407603,0.5047518479408659,0.4730728616684266,0.5969112988384372,0.5578933474128828,9.338459166483899,369,0.0,8.618947253339293,0,446,77,0,advance,O=C(/C=C\Cl)Cc1cc2c(Nc3cccc(Br)c3)ncnc2cn1
O=C(/C=C\Cl)Cc1ncc2ncnc(Nc3cccc(Br)c3)c2c1F,8.116121282942004,0.18444781731104412,0.6129257766631829,421.6570000000001,4.534100000000001,67.77,1,5,3,5,0.058823529411764705,0,0.0,2.577713333333334,False,,0,,0,,0,,0.6721311475409836,0.5866209710411735,0.7938563109839517,0.3246753246753247,Sunvozertinib,0.3278688524590164,0.6753246753246753,0.52491684861777,0.6879663566519301,1.0,0.7642234020691325,0.52491684861777,0.7442766518347081,1.0,0.47508315138223,0.52491684861777,-0.29247973762258417,7.839449556975437,0.23215112960435932,-0.0,0.5486024639499479,8.620203150529745,0.0,0.0,0.12667172596656617,0.2188539392277875,0.0,0.45802566519435367,0.15,low,uncertain_prediction,8.162177485335391,True,pass,False,,0.4941921858500528,0.7719112988384371,0.6979936642027456,0.877507919746568,0.21383315733896516,0.5036958817317846,0.5047518479408659,0.4656810982048574,0.6569693769799366,0.5671066525871172,9.408566402905668,350,0.0,8.617705468439933,0,447,97,0,advance,O=C(/C=C\Cl)Cc1cc2c(Nc3cccc(Br)c3)ncnc2cn1
COCCOc1cnccc1-c1[nH]c2c(c1Nc1c(OC)ccc(F)c1Br)C(=O)NCC2,8.622646809452801,0.05503473757143927,0.4002111000054047,505.3440000000002,4.041600000000002,97.5,3,6,4,8,0.2727272727272727,1,0.5,3.635626666666668,False,,0,,0,,0,,0.7746478873239436,0.7223657383024544,1.0,0.21,Gefitinib,0.22535211267605637,0.79,0.7421373860631928,0.48028431013117767,1.0,0.9475,0.48028431013117767,0.7924804240485925,1.0,0.5197156898688223,0.48028431013117767,-0.06712405064719973,8.540094703095642,-0.8678601727218682,-0.0,0.5884084507042253,8.260642981078,0.0,0.0,0.0,0.27464461233602794,0.0,0.27464461233602794,0.0,low,,7.985998368741972,True,pass,False,,0.6821541710665259,0.10190073917634636,0.017423442449841606,0.36272439281942975,0.8780359028511088,0.42872228088701164,0.8247096092925026,0.925026399155227,0.40250791974656813,0.5173442449841605,8.743652484773882,646,0.0,8.606811462722964,0,448,0,198,advance,COCCOc1cnccc1-c1[nH]c2c(c1Nc1cccc(F)c1Br)C(=O)NCC2
CNc1ncc2ncnc(Nc3ccc(C)c(Br)c3)c2n1,8.034800800613986,0.23602895608685748,0.758824450581554,345.20400000000006,3.276020000000001,75.62,2,6,3,3,0.14285714285714285,0,0.0,1.9000000000000001,False,,0,,0,,0,,0.6938775510204082,0.5942264600661552,0.8076844728475548,0.28169014084507044,Sunvozertinib,0.30612244897959184,0.7183098591549295,0.46847993089269635,0.7942765247429315,1.0,0.7853408194243985,0.46847993089269635,0.7620243187650066,1.0,0.5315200691073036,0.46847993089269635,-0.3913925171630803,7.6807573664837,0.48811016486726827,-0.0,0.5551691779991839,8.724036709350154,0.0,0.0,0.2040434341302862,0.28940008638412956,0.0,0.6059435205144157,0.15,low,uncertain_prediction,8.118093188835738,True,pass,False,,0.43400211193241817,0.9720168954593453,0.9767687434002112,0.7771911298838438,0.26399155227032733,0.39704329461457233,0.5047518479408659,0.32101372756071805,0.6916578669482578,0.5840285110876452,9.554026149688063,294,0.0,8.593927402140913,0,449,155,0,advance,CNc1ncc2ncnc(Nc3cccc(Br)c3)c2n1
Cc1cccc(Nc2ncnc3cnc(NCCN4CCOCC4)c(Cl)c23)c1,7.6064015816069945,0.10704630289991336,0.657930552215985,398.8980000000003,3.4743200000000023,75.2,2,7,4,6,0.35,0,0.0,2.725986666666669,False,,0,,0,,0,,0.6923076923076923,0.6293220109141726,0.8714945652984956,0.39759036144578314,Dacomitinib,0.3076923076923077,0.6024096385542168,0.4516679833718093,0.7070161626931506,1.0,0.8042233336124259,0.4516679833718093,0.7407268699193466,1.0,0.5483320166281906,0.45166798337180936,-0.38541184873004947,7.445832127257124,0.2840325522159846,-0.0,0.5370580713524273,8.266922750825536,0.0,0.0,0.010569454349870035,0.3104150207852383,0.0,0.32098447513510836,0.0,low,,7.945938275690428,True,pass,False,,0.2481520591341077,0.8685322069693769,0.5844772967265047,0.7903907074973601,0.4297782470960929,0.35163674762407604,0.8247096092925026,0.7381203801478353,0.5311246040126716,0.5397307286166843,8.904272275640743,575,0.0,8.593615150030448,0,450,0,125,advance,Cc1cccc(Nc2ncnc3cnc(NCCN4CCOCC4)cc23)c1
COc1cc(-c2[nH]c3c(c2Nc2cc(F)cc(F)c2OC)C(=O)NCC3)c(OCC(C)(C)OC)cn1,8.68293325580065,0.06704248373114734,0.402570886528414,502.51800000000037,4.205400000000004,106.73,3,7,4,9,0.36,1,0.5,3.716786666666669,False,,0,,0,,0,,0.8108108108108109,0.6727750826674368,0.9505001503044305,0.16822429906542055,Gefitinib,0.18918918918918914,0.8317757009345794,0.7488035753383594,0.47846065425729434,1.0,0.9208190379619676,0.47846065425729434,0.7870208168894053,1.0,0.5215393457427057,0.47846065425729434,-0.05095632206806122,8.582369530203929,-0.8689471134715863,-0.0,0.5722928829916165,8.28571529972396,0.0,0.0,0.0,0.2769241821783821,0.0,0.2769241821783821,0.0,low,,8.008791117545577,True,pass,False,,0.7170010559662091,0.10823653643083421,0.005807814149947202,0.19376979936642028,0.648363252375924,0.4197465681098205,0.8247096092925026,0.8891235480464625,0.38392291446673715,0.4850316789862724,8.746422797084044,645,0.0,8.590829132329104,0,451,0,194,advance,COc1c(F)cc(F)cc1Nc1c(-c2ccncc2OCC(C)(C)OC)[nH]c2c1C(=O)NCC2
C/C=C/C(=O)Cc1ccc2ncnc(Nc3ccc(F)c(Br)c3)c2c1,8.059164931103039,0.17063488266217477,0.6153130938824318,400.2510000000001,4.962700000000003,54.88,1,4,3,5,0.10526315789473684,0,0.0,2.435006666666667,False,,0,,0,,0,,0.7288135593220338,0.6239243687559024,0.861680670465277,0.38961038961038963,Osimertinib,0.27118644067796616,0.6103896103896104,0.5203468149122374,0.694768099071235,1.0,0.7988579054463604,0.5203468149122374,0.7534932048574583,1.0,0.47965318508776256,0.5203468149122374,-0.31086185326029436,7.803212607109777,0.26058840967190544,-0.0,0.5205709490382872,8.584371965819969,0.0,0.0,0.10595232399326215,0.2245664813597032,0.0,0.44301880535296534,0.15,low,uncertain_prediction,8.141353160467004,True,pass,False,,0.45617740232312565,0.7771911298838438,0.8051742344244984,0.6024287222808871,0.40760295670538543,0.498416050686378,0.5047518479408659,0.5089757127771911,0.6019799366420274,0.5607180570221754,9.306747889790401,379,0.0,8.589214828893615,0,452,73,0,advance,C/C=C/C(=O)Cc1ccc2ncnc(Nc3cccc(Br)c3)c2c1
COCCOc1cnccc1-c1[nH]c2c(c1Nc1ccc(N)c(F)c1Br)C(=O)NCC2,8.834247134887015,0.21186702873487628,0.2973497709671796,490.3330000000002,3.6152000000000006,114.28999999999999,4,6,4,7,0.23809523809523808,0,0.0,3.435553333333335,False,,1,aniline,0,,0,,0.7777777777777778,0.7141407709078942,1.0,0.18269230769230768,Gefitinib,0.2222222222222222,0.8173076923076923,0.6852548636073403,0.48140570736528204,0.88,0.9543269230769231,0.48140570736528204,0.7502468735123864,0.9543269230769231,0.4729212157116411,0.5270787842883589,-0.08665601320672811,8.5164465917847,-0.19417370522329672,-0.2,0.5951923076923077,8.717465194253712,0.0,0.0,0.1678005431023144,0.21615151963955137,0.0,0.49645206274186576,0.15,low,uncertain_prediction,8.221013131511846,True,pass,False,,0.7655755015839493,0.0021119324181626186,0.05966209081309398,0.34107708553326294,0.8780359028511088,0.5068637803590285,0.5047518479408659,0.3833157338965153,0.42209609292502637,0.47819429778247097,9.223980505763745,422,0.0,8.569846288850812,0,453,31,0,advance,COCCOc1cnccc1-c1[nH]c2c(c1Nc1cccc(F)c1Br)C(=O)NCC2
C/C=C/C(=O)Cc1cc(OC)c2ncnc(Nc3cccc(Br)c3)c2c1,7.739038437691467,0.13893190244326176,0.5878031137339146,412.28700000000003,4.832200000000004,64.11,1,5,3,6,0.15,0,0.0,2.615246666666667,False,,0,,0,,0,,0.7049180327868853,0.6165583192010552,0.8482878530928275,0.32926829268292684,Osimertinib,0.29508196721311475,0.6707317073170731,0.4625072777125835,0.6727053022972427,1.0,0.803898816648889,0.4625072777125835,0.7347778491646788,1.0,0.5374927222874165,0.4625072777125835,-0.3630274286027937,7.530640584026575,0.21051611373391454,-0.0,0.5460783607142304,8.28723505847472,0.0,0.0,0.05839785366489263,0.29686590285927067,0.0,0.3552637565241633,0.0,low,,7.931971301950556,True,pass,False,,0.29778247096092925,0.7027455121436114,0.67740232312566,0.7349524815205913,0.36747624076029567,0.37697993664202745,0.8247096092925026,0.6251319957761352,0.5231520591341078,0.524155227032735,8.915017529435648,566,0.0,8.560957574389837,0,454,0,112,advance,C/C=C/C(=O)Cc1ccc2ncnc(Nc3cccc(Br)c3)c2c1
COCCOc1cnccc1-c1[nH]c2c(c1Nc1cc(F)cc(F)c1Br)C(=O)NCC2,9.041071580117336,0.1836433048919417,0.3398762777334237,493.30800000000016,4.172100000000002,88.27000000000001,3,5,4,7,0.23809523809523808,0,0.0,3.455386666666668,False,,0,,0,,0,,0.8285714285714286,0.7706433396725237,1.0,0.19607843137254902,Gefitinib,0.17142857142857137,0.803921568627451,0.7567175816049748,0.5040324655738959,1.0,0.9509803921568627,0.5040324655738959,0.8029326098339333,1.0,0.4959675344261041,0.5040324655738959,-0.06162003763861135,8.765606622779423,-0.1546221984570527,-0.0,0.5683193277310924,9.179303752053462,0.0,0.0,0.12546495733791252,0.2449594180326301,0.0,0.6329243753705426,0.35,medium,potency_dominates_drug_likeness;uncertain_prediction,8.54637937668292,True,pass,False,,0.8553326293558606,0.016367476240760296,0.05227032734952482,0.12090813093980993,0.8780359028511088,0.47043294614572334,0.14889123548046462,0.4677930306230201,0.42019535374868006,0.44949841605068636,9.683538176551878,259,0.0,8.560777475943743,0,455,196,0,review,COCCOc1cnccc1-c1[nH]c2c(c1Nc1cccc(F)c1Br)C(=O)NCC2
C/C=C/C(=O)Cc1ccc2ncnc(Nc3cc(Br)cc(OC)c3)c2c1,7.526325535541023,0.03483777060060779,0.5878031137339145,412.2870000000001,4.832200000000004,64.11,1,5,3,6,0.15,0,0.0,2.615246666666667,False,,0,,0,,0,,0.7333333333333333,0.6232900518066758,0.8605273669212287,0.32926829268292684,Osimertinib,0.2666666666666667,0.6707317073170731,0.4821949444648303,0.6727053022972427,1.0,0.8130784520201897,0.4821949444648303,0.7419946746955657,1.0,0.5178050555351696,0.48219494446483036,-0.3463996403076471,7.474068879640111,0.21051611373391443,-0.0,0.5363513539254291,8.220936347299455,0.0,0.0,0.0,0.27225631941896206,0.0,0.27225631941896206,0.0,low,,7.948680027880493,True,pass,False,,0.2122492080253432,0.6995776135163675,0.67740232312566,0.571805702217529,0.40549102428722283,0.4371700105596621,0.8247096092925026,0.9767687434002112,0.4513991552270327,0.5091077085533263,8.762615333571894,638,0.0,8.559609278144485,0,456,0,182,advance,C/C=C/C(=O)Cc1ccc2ncnc(Nc3cccc(Br)c3)c2c1
Cc1cccc(Nc2ncnc3cnc(NCCN4CCOCC4)c(F)c23)c1,7.419838964232013,0.03864858110970033,0.678805126458449,382.44300000000027,2.960020000000001,75.2,2,7,4,6,0.35,0,0.0,2.6162866666666686,False,,0,,0,,0,,0.6923076923076923,0.6293220109141726,0.8714945652984956,0.39759036144578314,Dacomitinib,0.3076923076923077,0.6024096385542168,0.452905734281213,0.7227164092957366,1.0,0.8042233336124259,0.452905734281213,0.7449613692973439,1.0,0.5470942657187869,0.45290573428121306,-0.3894075133548412,7.361866092567462,0.32136212645844875,-0.0,0.5370580713524273,8.220286290378338,0.0,0.0,0.0,0.3088678321484837,0.0,0.3088678321484837,0.0,low,,7.911418458229854,True,pass,False,,0.17106652587117213,0.8917634635691658,0.6668426610348469,0.7903907074973601,0.4297782470960929,0.35480464625131997,0.8247096092925026,0.9683210137275607,0.5134371700105598,0.5401531151003168,8.83641089439101,611,0.0,8.559602196350234,0,457,0,154,advance,Cc1cccc(Nc2ncnc3cnc(NCCN4CCOCC4)cc23)c1
COCCOc1cncc(N)c1-c1[nH]c2c(c1Nc1cccc(F)c1C)C(=O)NCC2,8.528689779815602,0.2550819451746375,0.4325433521093688,425.4640000000002,3.1611200000000013,114.28999999999999,4,6,4,7,0.2727272727272727,0,0.0,3.003093333333335,False,,1,aniline,0,,0,,0.7746478873239436,0.6678343941670738,0.9415170803037705,0.1956521739130435,Afatinib,0.22535211267605637,0.8043478260869565,0.5786150833316543,0.5723952539165631,0.88,0.907224766749567,0.5723952539165631,0.7345587759994461,0.907224766749567,0.3348295128330039,0.6651704871669961,-0.2079249235570556,8.146066862053646,0.009352079382095858,-0.2,0.578092068606255,8.533511010041996,0.0,0.0,0.23262291776195626,0.04353689104125487,0.0,0.3886598088032111,0.15,low,uncertain_prediction,8.144851201238785,True,pass,False,,0.6536430834213305,0.21752903907074975,0.38595564941921856,0.36272439281942975,0.6246040126715945,0.9640971488912354,0.5047518479408659,0.2734952481520591,0.46808342133051745,0.5266103484688489,9.095211115638618,481,0.0,8.551783619401403,0,458,0,23,advance,COCCOc1cnccc1-c1[nH]c2c(c1Nc1cccc(F)c1C)C(=O)NCC2
CNc1cc2c(Nc3cccc(C(F)(F)F)c3Cl)ncnc2cn1,7.8665889710837895,0.1747530210713833,0.7264465867289771,353.735,4.482300000000001,62.730000000000004,2,5,3,3,0.13333333333333333,0,0.0,1.9249000000000003,False,,0,,0,,0,,0.6181818181818182,0.5699271099271099,0.7635038362311088,0.35294117647058826,Afatinib,0.38181818181818183,0.6470588235294117,0.4693201280209791,0.775511007316322,1.0,0.7343925830556846,0.4693201280209791,0.7448059295982463,1.0,0.5306798719790209,0.4693201280209791,-0.36731440210302313,7.604459439476715,0.4510449200623104,-0.0,0.5568117879347826,8.612316147473807,0.0,0.0,0.11212953160707494,0.2883498399737761,0.0,0.512979371580851,0.15,low,uncertain_prediction,8.099336775892956,True,pass,False,,0.3484688489968321,0.9324181626187962,0.9503695881731784,0.9825765575501584,0.11510031678986272,0.3991552270327349,0.5047518479408659,0.49736008447729674,0.682365364308342,0.5644667370644139,9.431154584643817,340,0.0,8.551696860370253,0,459,119,0,advance,CNc1cc2c(Nc3cccc(C(F)(F)F)c3)ncnc2cn1
COc1cc(C(N)=O)ccc1-c1[nH]c2ncnc(N[C@H](C)c3ccccc3)c2c1F,7.764042443092279,0.05295883841714149,0.4488194178263119,405.4330000000001,4.044600000000002,105.92,3,5,4,6,0.13636363636363635,0,0.0,3.119553333333334,False,,0,,0,,0,,0.7076923076923077,0.5941351285554768,0.8075184155554123,0.25842696629213485,Osimertinib,0.29230769230769227,0.7415730337078652,0.5289394238810707,0.576867859291651,1.0,0.7910320700935255,0.5289394238810707,0.7242098383165618,1.0,0.47106057611892926,0.5289394238810707,-0.2603605525806547,7.684604185466567,-0.005477218537324557,-0.0,0.5558899755396741,8.235016942468917,0.0,0.0,0.0,0.21382572014866158,0.0,0.21382572014866158,0.0,low,,8.021191222320255,True,pass,False,,0.3115100316789863,0.308870116156283,0.2375923970432946,0.7148891235480465,0.26293558606124606,0.5100316789862724,0.8247096092925026,0.9303062302006336,0.3805702217529039,0.44131467793030627,8.691701208572402,663,0.0,8.550768835836623,0,460,0,203,advance,COc1cc(C(N)=O)ccc1-c1cc2c(N[C@H](C)c3ccccc3)ncnc2[nH]1
COc1ccc([C@@H](C)Nc2ncnc3[nH]c(-c4ccc(C(N)=O)cc4OC)cc23)cc1,8.062787692602164,0.14206998457335304,0.41985913312563966,417.4690000000002,3.914100000000002,115.14999999999999,3,6,4,7,0.17391304347826086,0,0.0,3.299793333333335,False,,0,,0,,0,,0.847457627118644,0.6588707808031464,0.9252196014602662,0.23595505617977527,Osimertinib,0.15254237288135597,0.7640449438202247,0.5412479339491939,0.5540073950139737,1.0,0.8849259370502558,0.5412479339491939,0.7450453165033559,1.0,0.4587520660508061,0.5412479339491939,-0.2717298434055493,7.8496827157421345,-0.05771856252653447,-0.0,0.5291624513077441,8.321126604523345,0.0,0.0,0.06310497686002955,0.19844008256350765,0.0,0.26154505942353723,0.0,low,,8.059581545099807,True,pass,False,,0.4593453009503696,0.17898627243928195,0.09714889123548047,0.056494192185850056,0.5744456177402323,0.542766631467793,0.8247096092925026,0.6103484688489969,0.26837381203801475,0.4047254487856388,8.643175178968962,675,0.0,8.545252083642573,0,461,0,214,advance,COc1cc(C(N)=O)ccc1-c1cc2c(N[C@H](C)c3ccccc3)ncnc2[nH]1
CNc1ncc2ncnc(Nc3cccc(C(F)(F)F)c3)c2c1N,7.532156067431586,0.14633131430854518,0.6801078853271744,334.30500000000006,3.4111000000000002,88.75,3,6,3,3,0.13333333333333333,0,0.0,1.9000000000000001,False,,1,aniline,0,,0,,0.6296296296296297,0.6033255633255633,0.8242282969555695,0.2638888888888889,Afatinib,0.37037037037037035,0.7361111111111112,0.4056070968419149,0.7509824138530228,0.88,0.8021990004944549,0.4056070968419149,0.7096971277973482,0.88,0.4743929031580851,0.5256070968419149,-0.40545337460724434,7.312659095968768,0.40844121866050764,-0.2,0.5935570742388924,8.114657388868167,0.0,0.0,0.06949697146281776,0.21799112894760636,0.0,0.2874881004104241,0.0,low,,7.8271692884577435,True,pass,False,,0.21858500527983105,0.8986272439281943,0.9767687434002112,0.9704329461457233,0.3115100316789863,0.5047518479408659,0.8247096092925026,0.5892291446673706,0.6186906019007392,0.588648363252376,8.857086111149055,602,0.0,8.533547324360594,0,462,0,140,advance,CNc1cc2c(Nc3cccc(C(F)(F)F)c3)ncnc2cn1
CNc1ncc2ncnc(Nc3cccc(Br)c3N)c2n1,7.484183612790212,0.10271594986667752,0.6265576274927883,346.19200000000006,2.5497999999999994,101.64,3,7,3,3,0.07692307692307693,0,0.0,1.9000000000000001,False,,1,aniline,0,,0,,0.6153846153846154,0.5569429223068038,0.7398962223760067,0.2714285714285714,Afatinib,0.3846153846153846,0.7285714285714286,0.4241447382908788,0.7215297720441105,0.88,0.7370650239248622,0.4241447382908788,0.6906848835649628,0.88,0.4558552617091212,0.5441447382908788,-0.3553868603654456,7.330109687990196,0.34924993518509595,-0.2,0.5766224072423534,8.055982030417645,0.0,0.0,0.004073924800016275,0.19481907713640154,0.0,0.19889300193641782,0.0,low,,7.857089028481227,True,pass,False,,0.19535374868004224,0.7903907074973601,0.9767687434002112,0.9857444561774024,0.0781414994720169,0.5501583949313622,0.8247096092925026,0.7571277719112989,0.5896515311510032,0.5565733896515312,8.76356386779885,637,0.0,8.524977096063065,0,463,0,174,advance,CNc1ncc2ncnc(Nc3cccc(Br)c3)c2n1
C=C(C)C(=O)Cc1cc2c(Nc3cccc(Br)c3)ncnc2c(OC)n1,7.536812650483733,0.06719455425401506,0.609966539144996,413.2750000000001,4.227200000000003,77.0,1,6,3,6,0.15789473684210525,0,0.0,2.6218333333333343,False,,0,,0,,0,,0.6666666666666666,0.5568020907578998,0.7396401650143631,0.30952380952380953,Osimertinib,0.33333333333333337,0.6904761904761905,0.4621669746431227,0.6846418529400042,1.0,0.7273491713798199,0.4621669746431227,0.7185394997407367,1.0,0.5378330253568773,0.46216697464312273,-0.34183003346348534,7.43602081910271,0.23248101282920636,-0.0,0.5420528983964479,8.210554730328365,0.0,0.0,0.0,0.2972912816960966,0.0,0.2972912816960966,0.0,low,,7.913263448632269,True,pass,False,,0.22069693769799367,0.7565997888067582,0.6552270327349525,0.8938753959873285,0.07602956705385427,0.3759239704329461,0.8247096092925026,0.8870116156282999,0.5276927138331574,0.5066261879619852,8.843785986928154,607,0.0,8.52121487418665,0,464,0,143,advance,C=C(C)C(=O)Cc1cc2c(Nc3cccc(Br)c3)ncnc2cn1
COCCOc1cnc(N)cc1-c1[nH]c2c(c1Nc1cccc(F)c1Br)C(=O)NCC2,8.624118883788883,0.20768311251652855,0.3765697646929014,490.3330000000002,3.6152000000000006,114.28999999999999,4,6,4,7,0.23809523809523808,0,0.0,3.435553333333335,False,,1,aniline,0,,0,,0.7916666666666666,0.6734603404725356,0.9517460735864282,0.20430107526881722,Afatinib,0.20833333333333337,0.7956989247311828,0.6356515421856508,0.5249767039144291,0.88,0.9127342863726169,0.5249767039144291,0.7383406331181741,0.9127342863726169,0.3877575824581878,0.6122424175418122,-0.1369187879100312,8.31259421501409,-0.11495371149757497,-0.2,0.5703961958159619,8.568036699332477,0.0,0.0,0.16152466877479282,0.10969697807273478,0.0,0.3837216468475276,0.15,low,uncertain_prediction,8.18431505248495,True,pass,False,,0.6832101372756072,0.0454065469904963,0.05966209081309398,0.27666314677930304,0.6531151003167899,0.8658922914466737,0.5047518479408659,0.3928194297782471,0.38080781414994724,0.46742344244984163,9.025006076312414,508,0.0,8.52022318342476,0,465,0,43,advance,COCCOc1cnccc1-c1[nH]c2c(c1Nc1cccc(F)c1Br)C(=O)NCC2
Clc1ccc(Nc2ncnc3cnc(NCCN4CCOCC4)cc23)cc1Br,8.40936556485604,0.2654819130090076,0.5735272498432332,463.7670000000002,3.9284000000000026,75.2,2,7,4,6,0.3157894736842105,0,0.0,3.1584466666666686,False,,0,,0,,0,,0.746031746031746,0.6749921359914871,0.9545311563481582,0.4691358024691358,Erlotinib,0.25396825396825395,0.5308641975308642,0.5415040521077048,0.6439612694650603,1.0,0.8486144166438347,0.5415040521077048,0.75851993455415,1.0,0.4584959478922952,0.5415040521077048,-0.2893545099285936,8.01114269534253,0.131339197211654,-0.0,0.5121777626320131,8.654659655186197,0.0,0.0,0.24822286951351136,0.198119934865369,0.0,0.5588428043788803,0.15,low,uncertain_prediction,8.095816850807317,True,pass,False,,0.6103484688489969,0.6678986272439282,0.17106652587117213,0.49208025343189016,0.6647307286166843,0.5438225976768744,0.5047518479408659,0.25976768743400214,0.5323125659978881,0.5339229144667371,9.293434734383663,385,0.0,8.511524348167402,0,466,81,0,advance,Brc1cccc(Nc2ncnc3cnc(NCCN4CCOCC4)cc23)c1
C=CC(=O)Cc1cc2c(Nc3cccc(Br)c3)ncnc2c(N)n1,7.971494725728934,0.17712022325061585,0.6551470899586136,384.2370000000001,3.410700000000001,93.79,2,6,3,5,0.058823529411764705,0,0.0,2.3282466666666672,False,,1,aniline,0,,0,,0.6949152542372882,0.5786100904744973,0.7792910735899949,0.3116883116883117,Sunvozertinib,0.30508474576271183,0.6883116883116883,0.49388952515680234,0.7207829507592887,0.88,0.7565462272704182,0.49388952515680234,0.7128046757966273,0.88,0.38611047484319766,0.6138895251568024,-0.2918868675197666,7.70581439085301,0.31179244289978997,-0.2,0.5386044104842256,8.356211244237024,0.0,0.0,0.11568033487592377,0.10763809355399709,0.0,0.3358184284299208,0.15,low,uncertain_prediction,8.020392815807103,True,pass,False,,0.39809926082365366,0.8627243928194298,0.8711721224920802,0.7729672650475184,0.16684266103484688,0.8753959873284055,0.5047518479408659,0.4910242872228089,0.6369588173178459,0.5925026399155229,9.120561825018438,469,0.0,8.506395983705731,0,467,0,2,advance,C=CC(=O)Cc1cc2c(Nc3cccc(Br)c3)ncnc2cn1
C/C=C/C(=O)Cc1cc2c(Nc3cc(C)cc(Br)c3)ncnc2cn1,7.96103152437333,0.16759091849152402,0.6412175592087311,397.27600000000007,4.527020000000003,67.77000000000001,1,5,3,5,0.15789473684210525,0,0.0,2.4151733333333336,False,,0,,0,,0,,0.7543859649122807,0.6323525550520805,0.8770046455492373,0.2857142857142857,Sunvozertinib,0.24561403508771928,0.7142857142857143,0.49794423814926564,0.7097783755135201,1.0,0.8363249127333565,0.49794423814926564,0.7610118815990357,1.0,0.5020557618507344,0.4979442381492656,-0.3507568579330265,7.709645146636044,0.2947310328929416,-0.0,0.5440631914624973,8.548439370991483,0.0,0.0,0.10138637773728602,0.252569702313418,0.0,0.46645608005070405,0.15,low,uncertain_prediction,8.081983290940778,True,pass,False,,0.38753959873284055,0.8410770855332629,0.8389651531151003,0.455649419218585,0.45195353748680045,0.4593453009503696,0.5047518479408659,0.5227032734952481,0.5595828933474128,0.5396251319957761,9.219938843008379,426,0.0,8.50453344933571,0,468,42,0,advance,C/C=C/C(=O)Cc1cc2c(Nc3cccc(Br)c3)ncnc2cn1
OCc1ccc(-c2cc3c(N[C@H](CO)c4ccc(Cl)cc4)ncnc3[nH]2)cc1,8.372117559010627,0.1821431054845104,0.39745874990788893,394.862,3.916100000000003,94.06,4,5,4,6,0.14285714285714285,0,0.0,3.0490800000000005,False,,0,,0,,0,,0.8076923076923077,0.6745079053170688,0.953650736940125,0.19767441860465115,Osimertinib,0.1923076923076923,0.8023255813953488,0.5905292159134996,0.5513300047570313,1.0,0.915819448053931,0.5513300047570313,0.7644196671811154,1.0,0.4486699952429687,0.5513300047570313,-0.23185393502348772,8.098902900783862,-0.04561753580639683,-0.0,0.5656488201920974,8.618934185169563,0.0,0.0,0.1232146582267656,0.18583749405371086,0.0,0.42155215228047643,0.15,low,uncertain_prediction,8.197382032889086,True,pass,False,,0.5913410770855333,0.09609292502639916,0.3146779303062302,0.2096092925026399,0.6589229144667371,0.587117212249208,0.5047518479408659,0.47412882787750793,0.37444561774023233,0.4430306230200634,9.068268926457842,492,0.0,8.504018780513162,0,469,0,23,advance,OCc1ccc(-c2cc3c(N[C@H](CO)c4ccccc4)ncnc3[nH]2)cc1
CN(c1ncnc2[nH]c(-c3ccc(CO)cc3)cc12)[C@H](CO)c1ccccc1,7.842022494665909,0.05667867366908613,0.4822093248099072,374.4440000000001,3.2870000000000017,85.27000000000001,3,5,4,6,0.18181818181818182,0,0.0,2.9129600000000004,False,,0,,0,,0,,1.0,0.8237871042955789,1.0,0.21794871794871795,Afatinib,0.0,0.782051282051282,0.545830552098117,0.603178205568526,1.0,0.9455128205128205,0.545830552098117,0.7736303945448659,1.0,0.45416944790188296,0.545830552098117,-0.3037331232623318,7.75700448416228,0.06344714299172532,-0.0,0.2846153846153846,8.10506701176939,0.0,0.0,0.0,0.1927118098773537,0.0,0.1927118098773537,0.0,low,,7.912355201892037,True,pass,False,,0.337909186906019,0.44350580781414994,0.5047518479408659,0.004751847940865892,0.8780359028511088,0.5522703273495249,0.8247096092925026,0.9176346356916578,0.3174234424498416,0.49023231256599786,8.4859751427092,725,0.0,8.500633976971235,0,470,0,255,advance,OCc1ccc(-c2cc3c(N[C@H](CO)c4ccccc4)ncnc3[nH]2)cc1
Cc1cc(Nc2ncnc3cnc(NCCN4CCOCC4)cc23)ccc1F,8.300299815329792,0.2935028749267499,0.6788051264584491,382.44300000000015,2.960020000000001,75.2,2,7,4,6,0.35,0,0.0,2.6162866666666678,False,,0,,0,,0,,0.746031746031746,0.6654745067464081,0.93722637590256,0.5064935064935064,Dacomitinib,0.25396825396825395,0.49350649350649356,0.4946229413837231,0.7227164092957368,1.0,0.8262964053035433,0.4946229413837231,0.7609089389957507,1.0,0.5053770586162769,0.4946229413837231,-0.3550479968160368,7.860045502939667,0.32136212645844897,-0.0,0.49664425631330233,8.678051885711419,0.0,0.0,0.2902543123901249,0.25672132327034614,0.0,0.659475635660471,0.15,low,uncertain_prediction,8.018576250050948,True,pass,False,,0.5649419218585006,0.8944033790918691,0.6705385427666315,0.49208025343189016,0.6172122492080253,0.4530095036958817,0.5047518479408659,0.2133051742344245,0.6321013727560718,0.5880675818373812,9.436573533018706,336,0.0,8.499257348255806,0,471,135,0,advance,Cc1cccc(Nc2ncnc3cnc(NCCN4CCOCC4)cc23)c1
C[C@@H](Nc1ncnc2[nH]c(-c3ccc(CO)cc3)cc12)c1ccc(N)cc1,7.970949156808085,0.14032169446399592,0.40537554986873847,359.4330000000001,3.8725000000000014,99.85,4,5,4,5,0.14285714285714285,0,0.0,2.7128866666666673,False,,1,aniline,0,,0,,0.8235294117647058,0.6873732150202738,0.9770422091277705,0.17721518987341772,Afatinib,0.17647058823529416,0.8227848101265822,0.5195121030772241,0.5686147575560112,0.88,0.9384778593774734,0.5195121030772241,0.7266511800026771,0.9384778593774734,0.41896575630024935,0.5810342436997507,-0.2761854359006042,7.760466615112091,0.012728264154452657,-0.2,0.5705077600257997,8.143702639292343,0.0,0.0,0.060482541695993874,0.14870719537531168,0.0,0.20918973707130556,0.0,low,,7.934512902221037,True,pass,False,,0.395987328405491,0.11826821541710665,0.5908130939809926,0.1457233368532207,0.7243928194297783,0.7296726504751848,0.8247096092925026,0.6187961985216474,0.3196145723336853,0.46900739176346357,8.527240126092765,712,0.0,8.497321772337193,0,472,0,240,advance,C[C@@H](Nc1ncnc2[nH]c(-c3ccc(CO)cc3)cc12)c1ccccc1
CN(CC(O)CO)c1cc2c(Nc3cc(N)cc(Br)c3)ncnc2cn1,7.920631530492088,0.1362589604644774,0.44750292954261817,419.283,1.9024999999999996,120.42,4,8,3,6,0.23529411764705882,0,0.0,3.0118866666666673,False,,1,aniline,0,,0,,0.7627118644067796,0.6115383889425894,0.8391607071683442,0.2727272727272727,Afatinib,0.23728813559322037,0.7272727272727273,0.5097766102978878,0.5802848163766452,0.88,0.8111887121944401,0.5097766102978878,0.6953125347172433,0.88,0.3702233897021122,0.6297766102978878,-0.24738123255914057,7.7162430897953715,0.019249341307324003,-0.2,0.5347516559908534,8.070244087093549,0.0,0.0,0.05438844069671611,0.08777923712764028,0.0,0.1421676778243564,0.0,low,,7.928076409269193,True,pass,False,,0.36958817317845827,0.2856388595564942,0.37117212249208026,0.4123548046462513,0.3447729672650475,0.9229144667370645,0.8247096092925026,0.6378035902851109,0.36158922914466735,0.4732048574445618,8.50415116206715,718,0.0,8.495922238202667,0,473,0,245,advance,CN(CC(O)CO)c1cc2c(Nc3cccc(Br)c3)ncnc2cn1
O=C(O)CCNc1c(Cl)cccc1Nc1ncnc2ccncc12,7.9713876267005075,0.17717833657968904,0.6308892210030722,343.7740000000001,3.3084000000000016,100.03,3,6,3,6,0.125,0,0.0,2.2,False,,0,,0,,0,,0.7857142857142857,0.6637005649717513,0.9340010272213659,0.3026315789473684,Sunvozertinib,0.2142857142857143,0.6973684210526316,0.49382207106934456,0.7123736869363051,1.0,0.8748428756791824,0.49382207106934456,0.770259658421208,1.0,0.5061779289306554,0.4938220710693446,-0.36858344980248453,7.705620121830974,0.3133892210030722,-0.0,0.5391393545497024,8.558148697383748,0.0,0.0,0.11576750486953355,0.25772241116331923,0.0,0.48598991603285274,0.15,low,uncertain_prediction,8.072158781350895,True,pass,False,,0.39704329461457233,0.7983104540654699,0.8928194297782471,0.31203801478352694,0.6045406546990496,0.4498416050686378,0.5047518479408659,0.48891235480464623,0.5346620908130939,0.5397043294614572,9.19974320635946,436,0.0,8.494803976704643,0,474,38,0,advance,O=C(O)CCNc1c(Br)cccc1Nc1ncnc2ccncc12
Nc1nc(NCCN2CCOCC2)cc2c(Nc3cccc(Br)c3)ncnc12,7.539073618346966,0.02806328347475845,0.5338498422041863,444.33700000000005,2.8572000000000006,101.22,3,8,4,6,0.3157894736842105,0,0.0,3.028913333333334,False,,1,aniline,0,,0,,0.7076923076923077,0.652933153802719,0.9144239160049435,0.3448275862068966,Dacomitinib,0.29230769230769227,0.6551724137931034,0.49012410615441054,0.6271207465456359,0.88,0.8496110404519834,0.49012410615441054,0.7117139732880075,0.88,0.38987589384558946,0.6101241061544105,-0.29545315617812923,7.496978693134828,0.11109178957260725,-0.2,0.5566961646776284,7.964766647385064,0.0,0.0,0.0,0.11234486730698684,0.0,0.11234486730698684,0.0,low,,7.852421780078077,True,pass,False,,0.2238648363252376,0.585533262935586,0.3416050686378036,0.7148891235480465,0.5406546990496304,0.8585005279831045,0.8247096092925026,0.9841605068637803,0.412064413938754,0.5322333685322069,8.459243944111568,730,0.0,8.491101822316725,0,475,0,255,advance,Brc1cccc(Nc2ncnc3cnc(NCCN4CCOCC4)cc23)c1
C=C(C)C(=O)Cc1ncc2ncnc(Nc3cccc(Br)c3)c2c1OC,8.04863038729854,0.19142568968508553,0.609966539144996,413.27500000000015,4.227200000000003,77.0,1,6,3,6,0.15789473684210525,0,0.0,2.6218333333333343,False,,0,,0,,0,,0.640625,0.5813941381800675,0.7843529785092135,0.30952380952380953,Osimertinib,0.359375,0.6904761904761905,0.5031596140450749,0.6846418529400042,1.0,0.7608837815009577,0.5031596140450749,0.7371713121215093,1.0,0.4968403859549251,0.5031596140450749,-0.31201559743524576,7.761491852770911,0.23248101282920636,-0.0,0.5649498517701604,8.558922717370278,0.0,0.0,0.13713853452762828,0.24605048244365635,0.0,0.4956890169712846,0.15,low,uncertain_prediction,8.063233700398992,True,pass,False,,0.4392819429778247,0.7565997888067582,0.6552270327349525,0.9545934530095037,0.18796198521647306,0.4656810982048574,0.5047518479408659,0.4382259767687434,0.6381995776135164,0.5440073917634636,9.324762210506497,374,0.0,8.49104257051515,0,476,102,0,advance,C=C(C)C(=O)Cc1cc2c(Nc3cccc(Br)c3)ncnc2cn1
C=CC(=O)Cc1cc2c(Nc3cccc(F)c3)ncnc2cn1,7.950877840623638,0.19212613681197277,0.7330706326904601,308.31600000000003,3.2051000000000007,67.77000000000001,1,5,3,5,0.058823529411764705,0,0.0,2.1,False,,0,,0,,0,,0.7777777777777778,0.6493806921675774,0.9079648948501406,0.4264705882352941,Sunvozertinib,0.2222222222222222,0.5735294117647058,0.47823116438752844,0.7724196172105224,1.0,0.824356024078782,0.47823116438752844,0.7687517014192082,1.0,0.5217688356124716,0.47823116438752844,-0.38736071604223965,7.6626886354056785,0.4239529856316366,-0.0,0.4990500472419469,8.585691668279262,0.0,0.0,0.13818920521795913,0.2772110445155895,0.0,0.5279002497335485,0.15,low,uncertain_prediction,8.057791418545714,True,pass,False,,0.3833157338965153,0.938753959873284,0.9186906019007391,0.34107708553326294,0.5269271383315733,0.4171066525871172,0.5047518479408659,0.43400211193241817,0.5662618796198522,0.548363252375924,9.265205923823084,401,0.0,8.490827321396823,0,477,76,0,advance,C=CC(=O)Cc1cc2c(Nc3cccc(Br)c3)ncnc2cn1
O=C(/C=C\Cl)Cc1cc2c(Nc3cccc(F)c3)ncnc2cn1,7.961328123180464,0.1965815039586308,0.7147299888374377,342.761,3.771600000000002,67.77000000000001,1,5,3,5,0.058823529411764705,0,0.0,2.1,False,,0,,0,,0,,0.7818181818181819,0.6593129451193968,0.9260235365807212,0.38028169014084506,Sunvozertinib,0.21818181818181814,0.619718309859155,0.47772497802407443,0.76233226309136,1.0,0.8494472299003297,0.47772497802407443,0.772376117753941,1.0,0.5222750219759256,0.47772497802407443,-0.3928681863064888,7.666455867242518,0.4056123417786141,-0.0,0.515603195284745,8.587671404305878,0.0,0.0,0.1448722559379462,0.27784377746990696,0.0,0.5352160334078531,0.15,low,uncertain_prediction,8.052455370898025,True,pass,False,,0.3885955649419219,0.9271383315733897,0.9186906019007391,0.32682154171066524,0.5797254487856388,0.4149947201689546,0.5047518479408659,0.4244984160506864,0.5634635691657867,0.5513727560718057,9.263827687304822,404,0.0,8.489102678184192,0,478,74,0,advance,O=C(/C=C\Cl)Cc1cc2c(Nc3cccc(Br)c3)ncnc2cn1
COCCOc1cnccc1-c1[nH]c2c(c1Nc1c(F)ccc(F)c1Br)C(=O)NCC2,8.641605281067063,0.22350716297935438,0.3398762777334237,493.30800000000016,4.172100000000001,88.27000000000001,3,5,4,7,0.23809523809523808,0,0.0,3.455386666666668,False,,0,,0,,0,,0.8088235294117647,0.7422479565717395,1.0,0.1919191919191919,Gefitinib,0.19117647058823528,0.8080808080808081,0.6289463061812177,0.5040324655738959,1.0,0.952020202020202,0.5040324655738959,0.7712497434438289,1.0,0.4959675344261041,0.5040324655738959,-0.18973791635014825,8.306344536598031,-0.1546221984570527,-0.0,0.5784536541889482,8.730175992329926,0.0,0.0,0.18526074446903157,0.2449594180326301,0.0,0.5427201625016617,0.15,low,uncertain_prediction,8.187455829828265,True,pass,False,,0.6906019007391764,0.016367476240760296,0.05227032734952482,0.20221752903907075,0.8780359028511088,0.47043294614572334,0.5047518479408659,0.3484688489968321,0.3623284054910243,0.4378299894403379,9.164970078919154,445,0.0,8.48785181715667,0,479,34,0,advance,COCCOc1cnccc1-c1[nH]c2c(c1Nc1cccc(F)c1Br)C(=O)NCC2
C=CC(=O)N(C)C1=NC=C2N=CN=C(Nc3cccc(C)c3)C21,7.90559936151094,0.23045047186113155,0.8521575392211461,307.3570000000001,2.36142,69.42,1,5,3,2,0.17647058823529413,0,0.0,2.1500000000000004,False,,0,,0,,1,acrylamide_like,0.6724137931034483,0.5280416923908977,0.6873485316198139,0.20689655172413793,Osimertinib,0.3275862068965517,0.7931034482758621,0.44008451007494287,0.8359943388793227,0.92,0.7137872607838259,0.44008451007494287,0.7274665274345229,0.92,0.47991548992505717,0.5200845100749428,-0.38317602314610666,7.559923653719243,0.5473045980446755,-0.0,0.5571819604911604,8.664410212255078,0.0,0.0,0.1956757077916973,0.2248943624063215,0.1,0.6330700701980188,0.15,low,uncertain_prediction,8.03134014205706,True,pass,False,,0.3632523759239704,1.0,0.9044350580781415,0.8727560718057022,0.01900739176346357,0.49736008447729674,0.5047518479408659,0.3347412882787751,0.6736800422386484,0.5555438225976769,9.472826262941457,327,0.0,8.472992729174273,0,480,153,0,advance,C=CC(=O)NC1=NC=C2N=CN=C(Nc3cccc(C)c3)C21
COC(C)(C)COc1cnccc1-c1[nH]c2c(c1Nc1cccc(F)c1C)C(=O)N(C)CC2,8.426341159802519,0.2840856776797836,0.54329251446029,452.53000000000026,4.699720000000004,79.48,2,5,4,7,0.36,0,0.0,3.183533333333335,False,,0,,0,,0,,0.7866666666666666,0.6816204819277109,0.9665826944140196,0.17592592592592593,Gefitinib,0.21333333333333337,0.8240740740740741,0.5327253155747811,0.6263672932095697,1.0,0.9309555393290332,0.5327253155747811,0.772512037028346,1.0,0.4672746844252189,0.5327253155747811,-0.3197156286047531,8.000212643282843,0.1017625144602898,-0.0,0.5848678958257271,8.686843053568861,0.0,0.0,0.2761285165196754,0.20909335553152364,0.0,0.597721872051199,0.15,low,uncertain_prediction,8.089121181517662,True,pass,False,,0.614572333685322,0.6050686378035903,0.162090813093981,0.3041182682154171,0.6979936642027456,0.5195353748680043,0.5047518479408659,0.2238648363252376,0.4827085533262936,0.5051742344244984,9.266093317560413,399,0.0,8.47033026282706,0,481,82,0,advance,COC(C)(C)COc1cnccc1-c1[nH]c2c(c1Nc1cccc(F)c1C)C(=O)NCC2
Nc1ccc([C@@H](CO)Nc2ncnc3[nH]c(-c4ccc(CO)cc4)cc23)cc1,8.432112862108335,0.15927574077599438,0.3306000523812286,375.43200000000013,2.844900000000001,120.08,5,6,4,6,0.14285714285714285,0,0.0,2.9195466666666676,False,,1,aniline,0,,0,,0.8235294117647058,0.6813879721929258,0.9661599494416832,0.1724137931034483,Osimertinib,0.17647058823529416,0.8275862068965517,0.6215351969838877,0.5195397723994193,0.88,0.9315165138054002,0.5195397723994193,0.7381478707971768,0.9315165138054002,0.41197674140598095,0.588023258594019,-0.15548356508438554,8.193199250944343,-0.09304623333305728,-0.2,0.5692276141352687,8.469380631746555,0.0,0.0,0.08891361116399156,0.1399709267574762,0.0,0.3413845379214677,0.15,low,uncertain_prediction,8.127996093825088,True,pass,False,,0.6187961985216474,0.011087645195353749,0.46673706441393875,0.1457233368532207,0.6958817317845829,0.7550158394931362,0.5047518479408659,0.5501583949313622,0.379831045406547,0.4716209081309398,8.925177886234412,560,0.0,8.468941183582215,0,482,0,78,advance,OCc1ccc(-c2cc3c(N[C@H](CO)c4ccccc4)ncnc3[nH]2)cc1
O=C(/C=C\Cl)Cc1cc2c(Nc3cccc(Cl)c3)ncnc2cn1,7.932610192796425,0.18105317808830704,0.6887518175102791,359.21600000000007,4.285900000000002,67.77000000000001,1,5,3,5,0.058823529411764705,0,0.0,2.1614400000000007,False,,0,,0,,0,,0.7962962962962963,0.6705616819752467,0.9464757854095392,0.38571428571428573,Sunvozertinib,0.20370370370370372,0.6142857142857143,0.48141532353729144,0.7456811919383459,1.0,0.863428267628583,0.48141532353729144,0.7726311957760551,1.0,0.5185846764627086,0.48141532353729144,-0.38828782965168496,7.661030425663965,0.3704181704514555,-0.0,0.5125713273047657,8.544019923420185,0.0,0.0,0.12157976713246055,0.27323084557838573,0.0,0.5073106127108462,0.15,low,uncertain_prediction,8.03670931070934,True,pass,False,,0.3790918690601901,0.9102428722280888,0.8944033790918691,0.26029567053854274,0.6388595564941922,0.43400211193241817,0.5047518479408659,0.4783526927138332,0.5388595564941923,0.5474128827877508,9.190651391213216,438,0.0,8.468604770054641,0,483,45,0,advance,O=C(/C=C\Cl)Cc1cc2c(Nc3cccc(Br)c3)ncnc2cn1
COc1c(Br)cc(F)cc1Nc1c(-c2ccncc2OCC(C)(C)OC)[nH]c2c1C(=O)NCC2,9.31035020941483,0.2053621610749503,0.3844029036472634,533.3980000000001,4.8202000000000025,97.5,3,6,4,8,0.3333333333333333,1,0.5,3.822653333333334,False,,0,,0,,0,,0.863013698630137,0.7559527230760108,1.0,0.1651376146788991,Gefitinib,0.136986301369863,0.8348623853211009,0.8088340396012423,0.4643964688008667,1.0,0.9587155963302753,0.4643964688008667,0.8079865261830961,1.0,0.5356035311991333,0.4643964688008667,0.0011300178908616454,9.002306967802404,-0.9056617630194034,-0.0,0.5621025512127686,8.65874775599577,0.0,0.0,0.15804324161242544,0.29450441399891664,0.0,0.5650476556113421,0.15,low,uncertain_prediction,8.093700100384428,True,pass,False,,0.9651531151003168,0.07022175290390707,0.0015839493136219642,0.029567053854276663,0.8780359028511088,0.3796198521647307,0.5047518479408659,0.40021119324181625,0.4545142555438226,0.49944561774023233,9.204164862648359,435,0.0,8.468034841672708,0,484,49,0,advance,COc1c(F)cc(F)cc1Nc1c(-c2ccncc2OCC(C)(C)OC)[nH]c2c1C(=O)NCC2
C/C=C/C(=O)Cc1ncc2ncnc(Nc3cccc(Br)c3)c2c1Cl,8.19427911415179,0.25054747596015586,0.5997362677398425,417.6940000000001,4.8720000000000026,67.77,1,5,3,5,0.1111111111111111,0,0.0,2.5512933333333336,False,,0,,0,,0,,0.6774193548387096,0.6015764016254901,0.8210480029554365,0.3037974683544304,Sunvozertinib,0.32258064516129037,0.6962025316455696,0.4981865453658384,0.6817282805902467,1.0,0.7898366351279698,0.4981865453658384,0.7424378652710137,1.0,0.5018134546341616,0.4981865453658384,-0.32566842654023387,7.818457900211556,0.22815337885095352,-0.0,0.5592840505551107,8.60589532961762,0.0,0.0,0.2258212139402338,0.25226681829270203,0.0,0.5905880322329358,0.15,low,uncertain_prediction,8.015307297384684,True,pass,False,,0.5195353748680043,0.7111932418162619,0.7412882787750792,0.8574445617740233,0.2967265047518479,0.4604012671594509,0.5047518479408659,0.2819429778247096,0.6587117212249208,0.5626979936642028,9.396349395087526,356,0.0,8.465544889781727,0,485,129,0,advance,C/C=C/C(=O)Cc1cc2c(Nc3cccc(Br)c3)ncnc2cn1
C/C=C/C(=O)Cc1ccc2ncnc(Nc3cccc(Br)c3)c2c1C,8.014963916048663,0.12333392727438339,0.6076838341050832,396.2880000000001,5.132020000000003,54.88,1,4,3,5,0.15,1,0.45,2.4085866666666673,False,,0,,0,,0,,0.6721311475409836,0.600579699693925,0.819235817625318,0.2625,Sunvozertinib,0.3278688524590164,0.7375,0.5424072299200973,0.6415881600398471,1.0,0.7988018632189886,0.5424072299200973,0.7456993132947332,1.0,0.45759277007990273,0.5424072299200973,-0.2710561111661812,7.829963025137087,-0.4386041658949169,-0.0,0.5735999380128869,7.964958797255057,0.0,0.0,0.03500089091157507,0.19699096259987842,0.0,0.2319918535114535,0.0,low,,7.7329669437436035,True,pass,False,,0.4149947201689546,0.7344244984160507,0.8542766631467793,0.877507919746568,0.2925026399155227,0.5448785638859557,0.8247096092925026,0.6779303062302007,0.6372756071805702,0.6079461457233368,8.729689525871741,651,0.0,8.462502318611607,0,486,0,165,advance,C/C=C/C(=O)Cc1ccc2ncnc(Nc3cccc(Br)c3)c2c1
CN(c1ncnc2[nH]c(-c3ccccc3)cc12)[C@H](CO)c1ccccc1,7.530757001776601,0.06764928715178536,0.5779625816195181,344.41800000000006,3.7947000000000024,65.04,2,4,4,5,0.14285714285714285,0,0.0,2.65,False,,0,,0,,0,,0.86,0.7056409711146554,1.0,0.2328767123287671,Afatinib,0.14,0.7671232876712328,0.46033474943790037,0.665956342967658,1.0,0.9417808219178082,0.46033474943790037,0.7670179785808416,1.0,0.5396652505620996,0.4603347494379004,-0.4089109721905884,7.429283071048922,0.1947482959052324,-0.0,0.5431369863013699,8.167168353255525,0.0,0.0,0.0,0.29958156320262447,0.0,0.29958156320262447,0.0,low,,7.8675867900529,True,pass,False,,0.21647307286166842,0.6842661034846885,0.6325237592397043,0.0337909186906019,0.8780359028511088,0.3727560718057022,0.8247096092925026,0.8848996832101372,0.3359028511087645,0.48600844772967267,8.570251774586042,702,0.0,8.450796927328508,0,487,0,215,advance,OC[C@@H](Nc1ncnc2[nH]c(-c3ccccc3)cc12)c1ccccc1
O=C(O)CCNc1c(Br)cccc1Nc1ncnc2ccnc(F)c12,7.598906482335082,0.09886741220163106,0.5385745315815226,406.2150000000001,3.5566000000000013,100.03,3,6,3,6,0.125,0,0.0,2.5747666666666675,False,,0,,0,,0,,0.6833333333333333,0.5741711087420043,0.771220197712735,0.27631578947368424,Afatinib,0.31666666666666665,0.7236842105263157,0.4555194320426287,0.6471865051903503,1.0,0.7593362009161302,0.4555194320426287,0.7155105345372773,1.0,0.5444805679573713,0.4555194320426287,-0.34665480332619825,7.450605364032635,0.16485953158152244,-0.0,0.5524103125860784,8.167875208200236,0.0,0.0,0.0,0.3056007099467142,0.0,0.3056007099467142,0.0,low,,7.862274498253522,True,pass,False,,0.24498416050686378,0.6019007391763463,0.7085533262935586,0.8284054910242872,0.13938753959873285,0.36219640971488914,0.8247096092925026,0.7750791974656811,0.5025871172122492,0.4888595564941922,8.770979748854936,633,0.0,8.448905966046553,0,488,0,145,advance,O=C(O)CCNc1c(Br)cccc1Nc1ncnc2ccncc12
COc1c(F)cc(F)cc1Nc1c(-c2cc(Cl)ncc2OCC(C)(C)OC)[nH]c2c1C(=O)NCC2,8.637732114210749,0.08959170167696984,0.3778291212787753,506.93700000000035,4.850200000000004,97.5,3,6,4,8,0.3333333333333333,1,0.5,3.646246666666669,False,,0,,0,,0,,0.8,0.6643601324902139,0.9352002408912978,0.18867924528301888,Gefitinib,0.19999999999999996,0.8113207547169812,0.7217188373788084,0.46756576029306995,1.0,0.9042303693477186,0.46756576029306995,0.7733787417548993,1.0,0.53243423970693,0.46756576029306995,-0.06887987250145444,8.503344561695295,-0.8857745453878917,-0.0,0.5671962866379188,8.184766302945322,0.0,0.0,0.0,0.2905427996336626,0.0,0.2905427996336626,0.0,low,,7.894223503311659,True,pass,False,,0.689545934530095,0.04804646251319958,0.011087645195353749,0.2365364308342133,0.6098204857444561,0.39123548046462514,0.8247096092925026,0.8046462513199577,0.36887539598732844,0.4616420274551214,8.627416778130115,681,0.0,8.448193936257805,0,489,0,192,advance,COc1c(F)cc(F)cc1Nc1c(-c2ccncc2OCC(C)(C)OC)[nH]c2c1C(=O)NCC2
Cc1ccc([C@@H](C)Nc2ncnc3[nH]c(-c4ccc(CO)cc4)cc23)cc1,7.658268581680351,0.10550950392912972,0.4874071109884959,358.4450000000001,4.598720000000003,73.83,3,4,4,5,0.18181818181818182,0,0.0,2.7063000000000006,False,,0,,0,,0,,0.8235294117647058,0.7133268692092222,1.0,0.17721518987341772,Afatinib,0.17647058823529416,0.8227848101265822,0.4657104926696969,0.6139854495052112,1.0,0.9556962025316456,0.4657104926696969,0.7588480361766383,1.0,0.5342895073303031,0.4657104926696969,-0.3908500580092553,7.500004325786656,0.099643929170314,-0.0,0.5762472077438571,8.175895462700828,0.0,0.0,0.008264255893694575,0.2928618841628789,0.0,0.30112614005657345,0.0,low,,7.874769322644254,True,pass,False,,0.26293558606124606,0.4672650475184794,0.5987328405491025,0.1457233368532207,0.8780359028511088,0.3843717001055966,0.8247096092925026,0.7455121436114044,0.3307286166842661,0.4694033790918691,8.572769802721947,701,0.0,8.438053377554496,0,490,0,211,advance,C[C@@H](Nc1ncnc2[nH]c(-c3ccc(CO)cc3)cc12)c1ccccc1
COCCOc1cncc(C)c1-c1[nH]c2c(c1Nc1cccc(F)c1Br)C(=O)NCC2,8.649410213934942,0.30581257229469794,0.4301239908832108,489.3450000000002,4.341420000000002,88.27000000000001,3,5,4,7,0.2727272727272727,0,0.0,3.4289666666666685,False,,0,,0,,0,,0.7887323943661971,0.6736556773478387,0.9521012315415248,0.1956521739130435,Afatinib,0.21126760563380287,0.8043478260869565,0.573283752877447,0.5546848616524325,1.0,0.9151628801778827,0.5546848616524325,0.7607828736769405,1.0,0.44531513834756753,0.5546848616524325,-0.24999882773265802,8.190691355492895,-0.05694828184406221,-0.0,0.5744000782466795,8.708143151895511,0.0,0.0,0.3087188584420469,0.1816439229344594,0.0,0.6028627813765063,0.15,low,uncertain_prediction,8.105280370519004,True,pass,False,,0.6948257655755016,0.2085533262935586,0.06705385427666315,0.29408658922914466,0.6578669482576558,0.6071805702217529,0.5047518479408659,0.19429778247096094,0.42325765575501584,0.4625395987328406,9.21605233880153,429,0.0,8.435327888998414,0,491,62,0,advance,COCCOc1cnccc1-c1[nH]c2c(c1Nc1cccc(F)c1Br)C(=O)NCC2
COc1nccc(-c2[nH]c3c(c2Nc2cccc(F)c2C)C(=O)NCC3)c1OCC(C)(C)OC,8.544230062559889,0.29961507308246926,0.45439277832119024,468.52900000000034,4.366120000000003,97.5,3,6,4,8,0.36,0,0.0,3.390193333333335,False,,0,,0,,0,,0.76,0.6725626913612917,0.9501139842932574,0.17708333333333334,Afatinib,0.24,0.8229166666666666,0.5513269644822436,0.5695239767946032,1.0,0.9183146548866097,0.5513269644822436,0.759791399040864,1.0,0.4486730355177564,0.5513269644822436,-0.2779525794114941,8.094807452936184,-0.018136221678809995,-0.0,0.5924034960733143,8.669074727330688,0.0,0.0,0.2994226096237039,0.1858412943971955,0.0,0.5977639040208993,0.15,low,uncertain_prediction,8.071310823309789,True,pass,False,,0.6610348468848997,0.3321013727560718,0.07444561774023231,0.42555438225976766,0.6473072861668426,0.5828933474128828,0.5047518479408659,0.20485744456177402,0.4601636747624076,0.48186378035902844,9.221271137045578,425,0.0,8.424547359740624,0,492,67,0,advance,COC(C)(C)COc1cnccc1-c1[nH]c2c(c1Nc1cccc(F)c1C)C(=O)NCC2
COC(C)(C)COc1c(-c2[nH]c3c(c2Nc2cccc(F)c2C)C(=O)NCC3)ccnc1F,8.625359533560175,0.332849906384076,0.45595924220378287,456.4930000000002,4.496620000000003,88.27,3,5,4,7,0.3333333333333333,0,0.0,3.2099533333333348,False,,0,,0,,0,,0.7916666666666666,0.6943704170497419,0.9897643946358943,0.1956521739130435,Afatinib,0.20833333333333337,0.8043478260869565,0.5483449489211906,0.577317839622337,1.0,0.9434102524986598,0.5483449489211906,0.7672682602605468,1.0,0.45165505107880943,0.5483449489211906,-0.29189774845247496,8.12608467398406,0.007799575537116028,-0.0,0.5824954464850605,8.716379696006236,0.0,0.0,0.34927485957611404,0.18956881384851182,0.0,0.6513436734246258,0.15,low,uncertain_prediction,8.06503602258161,True,pass,False,,0.6853220696937699,0.336325237592397,0.13885955649419218,0.27666314677930304,0.7391763463569165,0.5659978880675819,0.5047518479408659,0.146779303062302,0.45182154171066524,0.48592925026399153,9.258565546059033,407,0.0,8.423151122898402,0,493,86,0,advance,COC(C)(C)COc1cnccc1-c1[nH]c2c(c1Nc1cccc(F)c1C)C(=O)NCC2
Cc1cc(N)cc(Nc2ncnc3cnc(NCCN4CCOCC4)cc23)c1,7.576406932981481,0.09791332813215936,0.5614388525311587,379.46800000000025,2.4031200000000004,101.22,3,8,4,6,0.35,0,0.0,2.596453333333335,False,,1,aniline,0,,0,,0.7704918032786885,0.6625487508452583,0.9319068197186514,0.3902439024390244,Dacomitinib,0.2295081967213115,0.6097560975609756,0.4505624035528587,0.6589277791485475,0.88,0.8513691391792325,0.4505624035528587,0.7102148304701597,0.88,0.4294375964471413,0.5705624035528587,-0.3462032358897347,7.429536940783242,0.2069708525311584,-0.2,0.5191822227225457,7.955690016036947,0.0,0.0,0.0,0.16179699555892663,0.0,0.16179699555892663,0.0,low,,7.79389302047802,True,pass,False,,0.23864836325237593,0.6393875395987328,0.6847940865892291,0.38965153115100315,0.5997888067581837,0.662090813093981,0.8247096092925026,0.7793030623020063,0.4159186906019008,0.5225712777191129,8.454792444759228,731,0.0,8.420978553740955,0,494,0,237,advance,Cc1cccc(Nc2ncnc3cnc(NCCN4CCOCC4)cc23)c1
C/C=C/C(=O)Cc1cc2c(Nc3cccc(Br)c3)ncnc2c(C)n1,8.015712488150724,0.21741077022309327,0.6412175592087311,397.27600000000007,4.527020000000003,67.77000000000001,1,5,3,5,0.15789473684210525,0,0.0,2.4151733333333336,False,,0,,0,,0,,0.7166666666666667,0.6184423251238631,0.8517133184070237,0.25925925925925924,Sunvozertinib,0.2833333333333333,0.7407407407407407,0.4767405828815157,0.7097783755135201,1.0,0.823970173990453,0.4767405828815157,0.7526222830963722,1.0,0.5232594171184843,0.47674058288151566,-0.367842266953142,7.689596332816084,0.2947310328929416,-0.0,0.5626505518239782,8.546977917533003,0.0,0.0,0.1761161553346399,0.2790742713981054,0.0,0.5676904267327454,0.15,low,uncertain_prediction,7.979287490800257,True,pass,False,,0.4160506863780359,0.8410770855332629,0.8389651531151003,0.6631467793030623,0.3790918690601901,0.4118268215417107,0.5047518479408659,0.368532206969377,0.6139123548046463,0.549181626187962,9.283672743298578,395,0.0,8.413305442225811,0,495,100,0,advance,C/C=C/C(=O)Cc1cc2c(Nc3cccc(Br)c3)ncnc2cn1
COc1c(F)cc(Br)cc1Nc1c(-c2ccncc2OCC(C)(C)OC)[nH]c2c1C(=O)NCC2,9.259705582590426,0.20458944264933132,0.3844029036472634,533.3980000000001,4.820200000000003,97.5,3,6,4,8,0.3333333333333333,1,0.5,3.822653333333334,False,,0,,0,,0,,0.863013698630137,0.7739556412105079,1.0,0.16981132075471697,Osimertinib,0.136986301369863,0.8301886792452831,0.7967137857930746,0.4643964688008667,1.0,0.9575471698113207,0.4643964688008667,0.8046643561013156,1.0,0.5356035311991333,0.4643964688008667,-0.010600760410988008,8.952821418616429,-0.9056617630194034,-0.0,0.5607004393900232,8.60786009498705,0.0,0.0,0.15688416397399696,0.29450441399891664,0.0,0.5638885779729136,0.15,low,uncertain_prediction,8.043971517014135,True,pass,False,,0.9482576557550159,0.07022175290390707,0.0015839493136219642,0.029567053854276663,0.8780359028511088,0.3796198521647307,0.5047518479408659,0.40232312565997885,0.44691129883843717,0.4944825765575502,9.144153653593175,456,0.0,8.412350608883196,0,496,40,0,advance,COc1c(F)cc(F)cc1Nc1c(-c2ccncc2OCC(C)(C)OC)[nH]c2c1C(=O)NCC2
Cc1cc(Br)c(NCCC(=O)O)c(Nc2ncnc3ccncc23)c1,7.980903118528222,0.17208398399753558,0.5778289525438195,402.25200000000007,3.7259200000000012,100.03,3,6,3,6,0.17647058823529413,0,0.0,2.548346666666667,False,,0,,0,,0,,0.7457627118644068,0.631371040720412,0.8752200740371125,0.2692307692307692,Afatinib,0.2542372881355932,0.7307692307692308,0.49976699083378073,0.6697925905657673,1.0,0.8391073632201421,0.49976699083378073,0.7521667361549226,1.0,0.5002330091662193,0.49976699083378073,-0.33653299376152235,7.722777142531919,0.2132240113673488,-0.0,0.5524425674010643,8.488443721300333,0.0,0.0,0.10812597599630336,0.2502912614577741,0.0,0.47091723745407743,0.15,low,uncertain_prediction,8.017526483846256,True,pass,False,,0.40232312565997885,0.6832101372756072,0.7608236536430835,0.503167898627244,0.441921858500528,0.4625131995776135,0.5047518479408659,0.5058078141499472,0.5324445617740233,0.5157866948257656,9.127377195429162,466,0.0,8.411470517637175,0,497,31,0,advance,O=C(O)CCNc1c(Br)cccc1Nc1ncnc2ccncc12
Cc1ccc([C@@H](CO)Nc2ncnc3[nH]c(-c4ccc(CO)cc4)cc23)cc1,8.286177242492121,0.21153930697777112,0.41391200859578564,374.44400000000013,3.5711200000000014,94.06,4,5,4,6,0.18181818181818182,0,0.0,2.912960000000001,False,,0,,0,,0,,0.8076923076923077,0.6781180329538543,0.9602146053706441,0.175,Afatinib,0.1923076923076923,0.825,0.5484667957385905,0.565614681650759,1.0,0.926410954027983,0.5484667957385905,0.7601231078543331,1.0,0.4515332042614095,0.5484667957385905,-0.28220841615432357,7.968868282025464,-0.004850173222396285,-0.0,0.5740921128811225,8.538110221684189,0.0,0.0,0.16730896046665666,0.1894165053267619,0.0,0.46922546579341856,0.15,low,uncertain_prediction,8.068884755890771,True,pass,False,,0.5586061246040127,0.1631467793030623,0.4952481520591341,0.2096092925026399,0.6779303062302007,0.5670538542766631,0.5047518479408659,0.38542766631467795,0.40021119324181625,0.45678458289334745,9.018363653574369,511,0.0,8.392026255362788,0,498,0,13,advance,OCc1ccc(-c2cc3c(N[C@H](CO)c4ccccc4)ncnc3[nH]2)cc1
C=CC(=O)Cc1cc2c(Nc3cc(C)cc(Br)c3)ncnc2cn1,7.983662571681684,0.21292137541719708,0.6711836604087291,383.249,4.136920000000003,67.77000000000001,1,5,3,5,0.1111111111111111,0,0.0,2.3216600000000005,False,,0,,0,,0,,0.7321428571428571,0.6168330773169484,0.8487874133035423,0.3424657534246575,Sunvozertinib,0.2678571428571429,0.6575342465753424,0.47187068012838307,0.7298563978401855,1.0,0.8009741216214924,0.47187068012838307,0.7506752998975152,1.0,0.5281293198716169,0.47187068012838307,-0.37173949302550957,7.664280508555889,0.33404577151984016,-0.0,0.5299928415842027,8.528319121659932,0.0,0.0,0.16938206312579562,0.2851616498395212,0.0,0.5670437129653167,0.15,low,uncertain_prediction,7.961275408694615,True,pass,False,,0.4044350580781415,0.8796198521647307,0.8801478352692714,0.5776135163674763,0.368532206969377,0.4033790918690602,0.5047518479408659,0.3812038014783527,0.6054646251319958,0.5457761351636748,9.254876671818327,410,0.0,8.391206770891024,0,499,89,0,advance,C=CC(=O)Cc1cc2c(Nc3cccc(Br)c3)ncnc2cn1
COc1c(N(C)CC(O)CO)ncc2ncnc(Nc3cccc(Br)c3)c12,8.050187287950095,0.15615188183050369,0.5208816811194628,434.29400000000004,2.3289,103.63000000000001,3,8,3,7,0.2777777777777778,0,0.0,3.211960000000001,False,,0,,0,,0,,0.6515151515151515,0.5785357536724843,0.7791559157681532,0.25609756097560976,Afatinib,0.3484848484848485,0.7439024390243902,0.5282405047061712,0.6129480015387814,1.0,0.7703425465822125,0.5282405047061712,0.7278827632067912,1.0,0.47175949529382877,0.5282405047061712,-0.2661896780008266,7.815959465204339,0.06686545889724042,-0.0,0.5747778924675372,8.457602816569116,0.0,0.0,0.08422782274575552,0.214699369117286,0.0,0.4114271918630415,0.15,low,uncertain_prediction,8.046175624706075,True,pass,False,,0.44350580781414994,0.5776135163674763,0.1341077085533263,0.9345300950369588,0.16578669482576558,0.5089757127771911,0.5047518479408659,0.5617740232312566,0.5221224920802534,0.47259767687434,9.08414980706542,486,0.0,8.388292836955284,0,500,14,0,advance,CN(CC(O)CO)c1cc2c(Nc3cccc(Br)c3)ncnc2cn1
COCCOc1cncc(Cl)c1-c1[nH]c2c(c1Nc1cccc(F)c1C)C(=O)NCC2,8.605388487157251,0.3425421243667066,0.474443582432354,444.8940000000002,4.232320000000002,88.27000000000001,3,5,4,7,0.2727272727272727,0,0.0,3.132626666666668,False,,0,,0,,0,,0.7746478873239436,0.6678343941670738,0.9415170803037705,0.2079207920792079,Gefitinib,0.22535211267605637,0.7920792079207921,0.5365676347326181,0.5904583293121537,1.0,0.9041576122080259,0.5365676347326181,0.7577958940631995,1.0,0.46343236526738185,0.5365676347326181,-0.29497101244077506,8.091575300607191,0.03182230970508114,-0.0,0.5744114831564056,8.697809093468678,0.0,0.0,0.3638131865500599,0.20429045658422734,0.0,0.6806036431342872,0.15,low,uncertain_prediction,8.01720545033439,True,pass,False,,0.6779303062302007,0.4155227032734953,0.20485744456177402,0.36272439281942975,0.6246040126715945,0.53220696937698,0.5047518479408659,0.13938753959873285,0.4914466737064415,0.4955913410770855,9.287545101916407,393,0.0,8.386915059626894,0,501,108,0,advance,COCCOc1cnccc1-c1[nH]c2c(c1Nc1cccc(F)c1C)C(=O)NCC2
C=C(C)C(=O)Cc1cc2c(Nc3cccc(F)c3)ncnc2cn1,7.924920291276919,0.1987397974961407,0.7270384852039005,322.343,3.595200000000001,67.77000000000001,1,5,3,5,0.1111111111111111,0,0.0,2.1,False,,0,,0,,0,,0.8,0.6195586445401358,0.853742990072974,0.38028169014084506,Sunvozertinib,0.19999999999999996,0.619718309859155,0.4671122145719313,0.7691019360929146,1.0,0.7952368200195192,0.4671122145719313,0.7578627426710913,1.0,0.5328877854280687,0.4671122145719313,-0.3876673707988799,7.626810595032708,0.4231495963150116,-0.0,0.48935124047599,8.53931143182371,0.0,0.0,0.14810969624421105,0.29110973178508587,0.0,0.551719428029297,0.15,low,uncertain_prediction,7.987592003794414,True,pass,False,,0.3738120380147835,0.9361140443505808,0.9186906019007391,0.2365364308342133,0.38965153115100315,0.38965153115100315,0.5047518479408659,0.4171066525871172,0.5405491024287223,0.5173442449841604,9.187970354738177,439,0.0,8.383405097775407,0,502,63,0,advance,C=C(C)C(=O)Cc1cc2c(Nc3cccc(Br)c3)ncnc2cn1
COC(C)(C)COc1cnccc1-c1[nH]c2c(c1Nc1c(Cl)ccc(F)c1C)C(=O)NCC2,8.882440099814792,0.2017680249098463,0.44952373159382286,472.94800000000026,5.010920000000003,88.27000000000001,3,5,4,7,0.3333333333333333,1,0.45,3.3196533333333353,False,,0,,0,,0,,0.7808219178082192,0.7208943903969138,1.0,0.1941747572815534,Gefitinib,0.2191780821917808,0.8058252427184466,0.7043724075168056,0.5195590780176282,1.0,0.9514563106796117,0.5195590780176282,0.7938469490535114,1.0,0.48044092198237176,0.5195590780176282,-0.11929938871560775,8.579788062450023,-0.7150909350728442,-0.0,0.5903777098018353,8.455074837179014,0.0,0.0,0.15265203736476946,0.2255511524779647,0.0,0.49070318984273414,0.15,low,uncertain_prediction,7.96437164733628,True,pass,False,,0.7835269271383316,0.31414994720168954,0.08025343189017951,0.32946145723336856,0.8780359028511088,0.49366420274551215,0.5047518479408659,0.40971488912354803,0.49334741288278783,0.5312829989440337,9.047091732638359,500,0.0,8.37691124606912,0,503,3,0,advance,COC(C)(C)COc1cnccc1-c1[nH]c2c(c1Nc1cccc(F)c1C)C(=O)NCC2
O=C(O)CCNc1c(Br)cccc1Nc1ncnc2cc(F)ncc12,8.040881590674474,0.18346836453464102,0.5385745315815226,406.2150000000001,3.5566000000000013,100.03,3,6,3,6,0.125,0,0.0,2.5747666666666675,False,,0,,0,,0,,0.7288135593220338,0.6170542160591368,0.8491894837438849,0.32894736842105265,Sunvozertinib,0.27118644067796616,0.6710526315789473,0.5067925424943697,0.6471865051903503,1.0,0.8046552707026505,0.5067925424943697,0.7396585795968426,1.0,0.49320745750563033,0.5067925424943697,-0.310488049469964,7.765679043872512,0.16485953158152244,-0.0,0.5356470587147402,8.466185634168776,0.0,0.0,0.12520254680196152,0.24150932188203794,0.0,0.47921186868399945,0.15,low,uncertain_prediction,7.986973765484776,True,pass,False,,0.4371700105596621,0.6019007391763463,0.7085533262935586,0.6024287222808871,0.37117212249208026,0.47729672650475186,0.5047518479408659,0.46884899683210135,0.5438753959873285,0.51129883843717,9.11883610935357,470,0.0,8.37553237160938,0,504,34,0,advance,O=C(O)CCNc1c(Br)cccc1Nc1ncnc2ccncc12
C=C(C)C(=O)Cc1ncc2ncnc(Nc3cccc(Br)c3)c2c1C,7.999952533127195,0.21869417696015137,0.6412175592087311,397.2760000000001,4.527020000000003,67.77,1,5,3,5,0.15789473684210525,0,0.0,2.4151733333333345,False,,0,,0,,0,,0.6721311475409836,0.5803783687667876,0.7825061250305229,0.3116883116883117,Sunvozertinib,0.3278688524590164,0.6883116883116883,0.47190220940969285,0.7097783755135201,1.0,0.7589575158508142,0.47190220940969285,0.7351595251935068,1.0,0.5280977905903071,0.47190220940969285,-0.3510097543784185,7.671911267686968,0.2947310328929415,-0.0,0.5496610213576946,8.516303321937604,0.0,0.0,0.17804126544022703,0.28512223823788396,0.0,0.575663503678111,0.15,low,uncertain_prediction,7.940639818259493,True,pass,False,,0.40971488912354803,0.8410770855332629,0.8262935586061246,0.877507919746568,0.18215417106652587,0.4044350580781415,0.5047518479408659,0.3632523759239704,0.6520327349524815,0.546752903907075,9.298742603880582,383,0.0,8.371743302947984,0,505,122,0,advance,C=C(C)C(=O)Cc1cc2c(Nc3cccc(Br)c3)ncnc2cn1
Cc1ccc(Nc2ncnc3ccncc23)c(NCCC(=O)O)c1Br,8.08073384414808,0.22332590392771481,0.5778289525438194,402.2520000000001,3.7259200000000012,100.03000000000002,3,6,3,6,0.17647058823529413,0,0.0,2.5483466666666676,False,,0,,0,,0,,0.7288135593220338,0.6153758943808152,0.8461379897833002,0.2564102564102564,Afatinib,0.27118644067796616,0.7435897435897436,0.4888553282876196,0.6697925905657673,1.0,0.820500928234911,0.4888553282876196,0.7447872117720745,1.0,0.5111446717123804,0.4888553282876196,-0.3412425113126065,7.745744988256508,0.21322401136734864,-0.0,0.556645318827833,8.51561431845169,0.0,0.0,0.1849888558915722,0.26393083964047553,0.0,0.5614196955320477,0.15,low,uncertain_prediction,7.954194622919641,True,pass,False,,0.4730728616684266,0.6795142555438226,0.7571277719112989,0.6024287222808871,0.36061246040126715,0.44350580781414994,0.5047518479408659,0.3495248152059134,0.5828405491024288,0.528167898627244,9.215022977374604,430,0.0,8.362996101272335,0,506,76,0,advance,O=C(O)CCNc1c(Br)cccc1Nc1ncnc2ccncc12
C/C=C/C(=O)Cc1ccc2ncnc(Nc3cccc(Br)c3)c2c1F,8.075525120710642,0.24588484763967455,0.6153130938824319,400.2510000000001,4.9627000000000026,54.88,1,4,3,5,0.10526315789473684,0,0.0,2.435006666666667,False,,0,,0,,0,,0.6612903225806451,0.5912284142327474,0.802233480423177,0.2911392405063291,Sunvozertinib,0.33870967741935487,0.7088607594936709,0.4717618868298884,0.694768099071235,1.0,0.7788903001908005,0.4717618868298884,0.736355071522981,1.0,0.5282381131701116,0.4717618868298884,-0.35279091292412335,7.70669784925113,0.26058840967190555,-0.0,0.5656359527926051,8.53292221171564,0.0,0.0,0.2188272714595118,0.28529764146263953,0.0,0.6166249129221513,0.15,low,uncertain_prediction,7.916297298793489,True,pass,False,,0.4699049630411827,0.7808870116156283,0.8051742344244984,0.9086589229144667,0.24604012671594508,0.40232312565997885,0.5047518479408659,0.2967265047518479,0.670142555438226,0.559635691657867,9.337093278241511,371,0.0,8.362860128782929,0,507,136,0,advance,C/C=C/C(=O)Cc1ccc2ncnc(Nc3cccc(Br)c3)c2c1
Nc1ccc(Nc2ncnc3ccncc23)c(NCCC(=O)O)c1Br,8.082671809517269,0.18401498422997142,0.46304171965359014,403.2400000000001,2.9997000000000007,126.05,4,7,3,6,0.125,0,0.0,2.5549333333333344,False,,1,aniline,0,,0,,0.7288135593220338,0.6153758943808152,0.8461379897833002,0.24691358024691357,Sunvozertinib,0.27118644067796616,0.7530864197530864,0.5168574634183372,0.6064062791428079,0.88,0.8228750972757468,0.5168574634183372,0.706534709959223,0.88,0.36314253658166284,0.6368574634183372,-0.25290299538784766,7.806649333172311,0.09230171965359,-0.2,0.5594943216768358,8.258445374502736,0.0,0.0,0.1260224763449571,0.07892817072707857,0.0,0.3174506470720357,0.15,low,uncertain_prediction,7.9409947274307005,True,pass,False,,0.47624076029567053,0.3558606124604013,0.7243928194297783,0.6024287222808871,0.36061246040126715,0.9303062302006336,0.5047518479408659,0.46673706441393875,0.5146251319957762,0.5318373812038015,8.875995532897669,595,0.0,8.354199584875262,0,508,0,87,advance,O=C(O)CCNc1c(Br)cccc1Nc1ncnc2ccncc12
Cc1cccc(Nc2ncnc3cnc(NCCN4CCOCC4)cc23)c1F,8.033236220538937,0.23772223763443814,0.678805126458449,382.44300000000027,2.960020000000001,75.2,2,7,4,6,0.35,0,0.0,2.6162866666666686,False,,0,,0,,0,,0.7076923076923077,0.6314038924975668,0.8752798045410304,0.40963855421686746,Dacomitinib,0.29230769230769227,0.5903614457831325,0.46690348879062754,0.7227164092957366,1.0,0.804050214851556,0.46690348879062754,0.74841752823448,1.0,0.5330965112093724,0.4669034887906276,-0.3753520525918032,7.67665286408728,0.32136212645844875,-0.0,0.5274668464086589,8.525481836954388,0.0,0.0,0.2065833564516572,0.2913706390117155,0.0,0.6104539954633728,0.15,low,uncertain_prediction,7.915027841491015,True,pass,False,,0.43189017951425557,0.8917634635691658,0.6668426610348469,0.7148891235480465,0.44561774023231254,0.3885955649419219,0.5047518479408659,0.31784582893347413,0.6157074973600845,0.5512935586061246,9.26433083378649,403,0.0,8.351580111818365,0,509,106,0,advance,Cc1cccc(Nc2ncnc3cnc(NCCN4CCOCC4)cc23)c1
C/C=C/C(=O)Cc1cc(F)c2ncnc(Nc3cccc(Br)c3)c2c1,8.031353238911977,0.22548139513797033,0.6153130938824319,400.25100000000003,4.9627000000000026,54.88,1,4,3,5,0.10526315789473684,0,0.0,2.435006666666667,False,,0,,0,,0,,0.7166666666666667,0.6236584476882985,0.8611971776150881,0.3076923076923077,Sunvozertinib,0.2833333333333333,0.6923076923076923,0.4750013331314151,0.694768099071235,1.0,0.8189748062882392,0.4750013331314151,0.7471860596227223,1.0,0.5249986668685849,0.4750013331314151,-0.3629129686550763,7.6931311462050225,0.26058840967190555,-0.0,0.5504916020960797,8.504211157973007,0.0,0.0,0.1882220927069555,0.2812483335857311,0.0,0.5819704262926866,0.15,low,uncertain_prediction,7.92224073168032,True,pass,False,,0.4297782470960929,0.7808870116156283,0.8051742344244984,0.6631467793030623,0.4065469904963041,0.40760295670538543,0.5047518479408659,0.34424498416050686,0.6029831045406547,0.5420010559662092,9.227790883421793,419,0.0,8.347641998839771,0,510,91,0,advance,C/C=C/C(=O)Cc1ccc2ncnc(Nc3cccc(Br)c3)c2c1
COCCOc1cncc(N)c1-c1[nH]c2c(c1Nc1cccc(F)c1Br)C(=O)NCC2,8.499878117290733,0.22803450593989924,0.3765697646929014,490.3330000000002,3.6152000000000006,114.28999999999999,4,6,4,7,0.23809523809523808,0,0.0,3.435553333333335,False,,1,aniline,0,,0,,0.7777777777777778,0.6605820331430088,0.928330969350925,0.1935483870967742,Afatinib,0.2222222222222222,0.8064516129032258,0.5903453751647536,0.5249767039144291,0.88,0.8978611302390003,0.5249767039144291,0.7232958023295457,0.8978611302390003,0.3728844263245712,0.6271155736754288,-0.17726723621972285,8.157826358380884,-0.11495371149757497,-0.2,0.574018226208699,8.416890873092008,0.0,0.0,0.19205175890984885,0.091105532905714,0.0,0.39565729181556286,0.15,low,uncertain_prediction,8.021233581276444,True,pass,False,,0.6451953537486801,0.0454065469904963,0.05966209081309398,0.34107708553326294,0.5876451953537487,0.9081309398099261,0.5047518479408659,0.33896515311510034,0.376583949313622,0.45744456177402326,8.868791612268355,596,0.0,8.345167055405273,0,511,0,85,advance,COCCOc1cnccc1-c1[nH]c2c(c1Nc1cccc(F)c1Br)C(=O)NCC2
COCCOc1cnccc1-c1[nH]c2c(c1Nc1cc(N)cc(F)c1Br)C(=O)NCC2,8.693673851744176,0.23008844638689901,0.2973497709671796,490.3330000000002,3.6152000000000006,114.28999999999999,4,6,4,7,0.23809523809523808,0,0.0,3.435553333333335,False,,1,aniline,0,,0,,0.7916666666666666,0.7209716414323479,1.0,0.19230769230769232,Gefitinib,0.20833333333333337,0.8076923076923077,0.6373565504652148,0.48140570736528204,0.88,0.9519230769230769,0.48140570736528204,0.7376713336883933,0.9519230769230769,0.47051736955779483,0.5294826304422051,-0.1337530442975715,8.348541182163828,-0.19417370522329672,-0.2,0.5860576923076923,8.540425169248223,0.0,0.0,0.19513266958034853,0.21314671194724355,0.0,0.5207793815275921,0.15,low,uncertain_prediction,8.01964578772063,True,pass,False,,0.720168954593453,0.0021119324181626186,0.05966209081309398,0.27666314677930304,0.8780359028511088,0.5142555438225976,0.5047518479408659,0.3357972544878564,0.38878035902851105,0.45649419218585,9.006961600082438,519,0.0,8.34243881834365,0,512,0,7,advance,COCCOc1cnccc1-c1[nH]c2c(c1Nc1cccc(F)c1Br)C(=O)NCC2
Clc1c(Br)cccc1Nc1ncnc2cnc(NCCN3CCOCC3)cc12,8.021887611554584,0.1727312285892322,0.5735272498432332,463.7670000000004,3.9284000000000026,75.2,2,7,4,6,0.3157894736842105,0,0.0,3.1584466666666695,False,,0,,0,,0,,0.7076923076923077,0.6421571074393917,0.8948311044352575,0.3764705882352941,Dacomitinib,0.29230769230769227,0.6235294117647059,0.5095600428761835,0.6439612694650603,1.0,0.8270056812676195,0.5095600428761835,0.7451317484022159,1.0,0.4904399571238165,0.5095600428761835,-0.3140956073680431,7.762790768670736,0.13133919721165388,-0.0,0.5423050611766876,8.436435027059078,0.0,0.0,0.1090968428838483,0.23804994640477062,0.0,0.4596467892886189,0.15,low,uncertain_prediction,7.976788237770459,True,pass,False,,0.42027455121436114,0.6678986272439282,0.16737064413938754,0.7148891235480465,0.4910242872228089,0.48468848996832103,0.5047518479408659,0.5015839493136219,0.4907866948257656,0.48761879619852166,9.025379060849996,507,0.0,8.336930793208685,0,513,6,0,advance,Brc1cccc(Nc2ncnc3cnc(NCCN4CCOCC4)cc23)c1
Cc1cc(Nc2ncnc3cnc(NCCN4CCOCC4)cc23)ccc1N,8.178076041266076,0.2599305256440081,0.5614388525311588,379.4680000000002,2.40312,101.22,3,8,4,6,0.35,0,0.0,2.5964533333333346,False,,1,aniline,0,,0,,0.746031746031746,0.6802258838858928,0.9640470616107141,0.43209876543209874,Dacomitinib,0.25396825396825395,0.5679012345679013,0.48756764236571326,0.6589277791485476,0.88,0.8650106048500108,0.48756764236571326,0.722876506591068,0.88,0.39243235763428674,0.6075676423657133,-0.31374515230047284,7.788180252800064,0.20697085253115857,-0.2,0.5256678500587632,8.320818955389985,0.0,0.0,0.23989578846601212,0.11554044704285844,0.0,0.46793623550887053,0.15,low,uncertain_prediction,7.852882719881114,True,pass,False,,0.5142555438225976,0.6409714889123548,0.6874340021119324,0.49208025343189016,0.6863780359028511,0.8447729672650475,0.5047518479408659,0.2682154171066526,0.5611404435058078,0.5853748680042239,8.994187487596955,527,0.0,8.330332561486182,0,514,0,13,advance,Cc1cccc(Nc2ncnc3cnc(NCCN4CCOCC4)cc23)c1
Cc1cccc(Nc2ncnc3cnc(NCCN4CCOCC4)cc23)c1C,7.911185479451806,0.2045071010905285,0.6824211096620202,378.4800000000003,3.129340000000002,75.2,2,7,4,6,0.38095238095238093,0,0.0,2.5898666666666688,False,,0,,0,,0,,0.7301587301587301,0.6504408044187409,0.9098923716704378,0.36904761904761907,Dacomitinib,0.2698412698412699,0.6309523809523809,0.45964139909958157,0.7257213539038545,1.0,0.8401573739909236,0.45964139909958157,0.7563800317485899,1.0,0.5403586009004184,0.45964139909958157,-0.3956515101986777,7.604424827816013,0.332036347757258,-0.0,0.5381873786318951,8.474648554205165,0.0,0.0,0.15676065163579272,0.30044825112552304,0.0,0.5697089027613158,0.15,low,uncertain_prediction,7.90493965144385,True,pass,False,,0.36642027455121434,0.9049630411826821,0.6890179514255543,0.5860612460401268,0.5311510031678986,0.36958817317845827,0.5047518479408659,0.4033790918690602,0.5664466737064414,0.5338965153115101,9.154384562652895,451,0.0,8.320615469817662,0,515,64,0,advance,Cc1cccc(Nc2ncnc3cnc(NCCN4CCOCC4)cc23)c1
C/C=C/C(=O)Cc1cc2c(Nc3cccc(Br)c3)ncnc2c(OC)n1,7.8808648637041365,0.1667582818571939,0.609966539144996,413.2750000000001,4.227200000000003,77.0,1,6,3,6,0.15789473684210525,0,0.0,2.6218333333333343,False,,0,,0,,0,,0.6825396825396826,0.590835433223493,0.8015189694972599,0.29069767441860467,Osimertinib,0.31746031746031744,0.7093023255813953,0.4784854186259984,0.6846418529400042,1.0,0.7784648085182937,0.4784854186259984,0.7353980200210741,1.0,0.5215145813740016,0.47848541862599836,-0.3425501351934342,7.630727440918346,0.23248101282920636,-0.0,0.5560275829058764,8.419236036653428,0.0,0.0,0.10013742278579085,0.27689322671750205,0.0,0.4895306495032929,0.15,low,uncertain_prediction,7.929705387150135,True,pass,False,,0.35374868004223864,0.7565997888067582,0.6552270327349525,0.8352692713833157,0.24287222808870115,0.42344244984160506,0.5047518479408659,0.5248152059134108,0.5758447729672651,0.5120116156282999,9.110249764214146,475,0.0,8.319119325904095,0,516,41,0,advance,C/C=C/C(=O)Cc1cc2c(Nc3cccc(Br)c3)ncnc2cn1
Cc1cccc(Nc2ncnc3cnc(NCCN4CCOCC4)c(N)c23)c1,7.493407566092074,0.11709885651187106,0.6001738569995231,379.4680000000003,2.4031199999999995,101.22,3,8,4,6,0.35,0,0.0,2.5964533333333355,False,,1,aniline,0,,0,,0.6923076923076923,0.6293220109141726,0.8714945652984956,0.36470588235294116,Dacomitinib,0.3076923076923077,0.6352941176470588,0.4163826919647088,0.6802320316061479,0.88,0.8124444533856364,0.4163826919647088,0.6972647942391232,0.88,0.4636173080352912,0.5363826919647088,-0.3745094696992193,7.317759281324268,0.24570585699952277,-0.2,0.54692341508028,7.91038855340407,0.0,0.0,0.025648284767806583,0.20452163504411403,0.0,0.23016991981192061,0.0,low,,7.680218633592149,True,pass,False,,0.19957761351636746,0.7222808870116156,0.6816261879619853,0.7903907074973601,0.4297782470960929,0.5311510031678986,0.8247096092925026,0.7022175290390708,0.4945881731784583,0.5290918690601901,8.50389436121822,719,0.0,8.315128876464378,0,517,0,202,advance,Cc1cccc(Nc2ncnc3cnc(NCCN4CCOCC4)cc23)c1
Clc1c(NCCN2CCOCC2)ncc2ncnc(Nc3cccc(Br)c3)c12,7.929915360751555,0.15158984891062802,0.5735272498432334,463.76700000000005,3.9284000000000026,75.2,2,7,4,6,0.3157894736842105,0,0.0,3.158446666666667,False,,0,,0,,0,,0.6923076923076923,0.6556533321750713,0.9193696948637659,0.38095238095238093,Dacomitinib,0.3076923076923077,0.6190476190476191,0.5013659459504491,0.6439612694650605,1.0,0.8442891759097292,0.5013659459504491,0.7474040978313097,1.0,0.49863405404955086,0.5013659459504491,-0.3280508691744808,7.702530587385613,0.1313391972116545,-0.0,0.5540182478917657,8.387888032489034,0.0,0.0,0.07738477336594202,0.24829256756193857,0.0,0.4381773409278806,0.15,low,uncertain_prediction,7.949710691561154,True,pass,False,,0.3759239704329461,0.6705385427666315,0.1726504751847941,0.7903907074973601,0.5633579725448785,0.46462513199577615,0.5047518479408659,0.5765575501583949,0.4872492080253432,0.4917634635691657,8.972587082119446,534,0.0,8.314826847844152,0,518,0,16,advance,Brc1cccc(Nc2ncnc3cnc(NCCN4CCOCC4)cc23)c1
Fc1c(Br)cccc1Nc1ncnc2cnc(NCCN3CCOCC3)cc12,8.32311793631631,0.3066890496561434,0.6000676648570857,447.31200000000035,3.4141000000000012,75.2,2,7,4,6,0.3157894736842105,0,0.0,3.0487466666666694,False,,0,,0,,0,,0.7076923076923077,0.6421571074393917,0.8948311044352575,0.39285714285714285,Dacomitinib,0.29230769230769227,0.6071428571428572,0.49109714931977705,0.6627777284919099,1.0,0.8229090426121574,0.49109714931977705,0.7441959801059611,1.0,0.5089028506802229,0.4910971493197771,-0.33746510771491195,7.863084361832095,0.1743346122255064,-0.0,0.537389094790133,8.574808068847734,0.0,0.0,0.3100335744842151,0.2611285633502786,0.0,0.6836621378344938,0.15,low,uncertain_prediction,7.89114593101324,True,pass,False,,0.5776135163674763,0.7170010559662091,0.3199577613516367,0.7148891235480465,0.4910242872228089,0.44667370644139387,0.5047518479408659,0.1932418162618796,0.594297782470961,0.5382259767687434,9.287965407812887,392,0.0,8.312017103135732,0,519,127,0,advance,Brc1cccc(Nc2ncnc3cnc(NCCN4CCOCC4)cc23)c1
COc1c(F)cc(Nc2c(-c3ccncc3OCC(C)(C)OC)[nH]c3c2C(=O)NCC3)c(OC)c1F,9.135953869450416,0.21408910480685206,0.402570886528414,502.5180000000003,4.205400000000003,106.73,3,7,4,9,0.36,1,0.5,3.716786666666669,False,,0,,0,,0,,0.8611111111111112,0.7946483933326038,1.0,0.17307692307692307,Osimertinib,0.13888888888888884,0.8269230769230769,0.7591260939978076,0.47846065425729434,1.0,0.9567307692307692,0.47846065425729434,0.7985793793714677,1.0,0.5215393457427057,0.47846065425729434,-0.05260438049821348,8.814820212240138,-0.8689471134715863,-0.0,0.5605769230769231,8.506450021845474,0.0,0.0,0.17113365721027807,0.2769241821783821,0.0,0.5605578393886601,0.15,low,uncertain_prediction,7.945892182456814,True,pass,False,,0.8954593453009504,0.10823653643083421,0.005807814149947202,0.03273495248152059,0.8780359028511088,0.4197465681098205,0.5047518479408659,0.3759239704329461,0.4320221752903908,0.4877771911298839,9.024876632193942,509,0.0,8.306224811812674,0,520,11,0,advance,COc1c(F)cc(F)cc1Nc1c(-c2ccncc2OCC(C)(C)OC)[nH]c2c1C(=O)NCC2
COc1c(F)cc(F)cc1Nc1c(-c2ccnc(F)c2OCC(C)(C)OC)[nH]c2c1C(=O)NCC2,8.439880664040842,0.23967951493435247,0.406815765076796,490.48200000000037,4.335900000000003,97.5,3,6,4,8,0.3333333333333333,0,0.0,3.536546666666669,False,,0,,0,,0,,0.8082191780821918,0.6686318067376296,0.9429669213411446,0.17142857142857143,Gefitinib,0.1917808219178082,0.8285714285714285,0.5671945055561639,0.5377276451512121,1.0,0.9143680481487155,0.5377276451512121,0.7548225497140229,1.0,0.4622723548487879,0.5377276451512121,-0.2501707255438119,8.080361391639313,-0.090332901589871,-0.0,0.5706145287697284,8.560643018819171,0.0,0.0,0.20951927240152868,0.2028404435609849,0.0,0.5248597159625136,0.15,low,uncertain_prediction,8.035783302856657,True,pass,False,,0.6251319957761352,0.12249208025343189,0.03009503695881732,0.20538542766631468,0.6335797254487856,0.5359028511087646,0.5047518479408659,0.3146779303062302,0.3513991552270328,0.4126187961985216,8.98232200509161,531,0.0,8.305925858294884,0,521,0,10,advance,COc1c(F)cc(F)cc1Nc1c(-c2ccncc2OCC(C)(C)OC)[nH]c2c1C(=O)NCC2
CN(CC(O)CO)c1ncc2ncnc(Nc3cccc(Br)c3)c2c1N,8.009402115802901,0.15327238615640662,0.4783772231496453,419.28300000000013,1.9024999999999992,120.42,4,8,3,6,0.23529411764705882,0,0.0,3.0118866666666677,False,,1,aniline,0,,0,,0.671875,0.5794715521636606,0.780857367570292,0.2625,Afatinib,0.328125,0.7375,0.5200598586412407,0.5972656778605101,0.88,0.7700180256777189,0.5200598586412407,0.6918358905448674,0.88,0.3599401413587593,0.6400598586412407,-0.2290347092048356,7.779493536568292,0.05012363491435104,-0.2,0.564120591892573,8.193737763375216,0.0,0.0,0.07990857923460992,0.07492517669844913,0.0,0.267333755933059,0.15,low,uncertain_prediction,7.926404007442157,True,pass,False,,0.4118268215417107,0.43294614572333684,0.36747624076029567,0.8827877507919747,0.17529039070749736,0.9355860612460402,0.5047518479408659,0.5702217529039071,0.5035902851108766,0.5035902851108766,8.798046105508268,625,0.0,8.30571234957521,0,522,0,103,advance,CN(CC(O)CO)c1cc2c(Nc3cccc(Br)c3)ncnc2cn1
Nc1ccc(Nc2ncnc3cnc(NCCN4CCOCC4)cc23)cc1Br,8.46371205297117,0.3250875717950357,0.4993953657519884,444.3370000000002,2.8572000000000006,101.22,3,8,4,6,0.3157894736842105,0,0.0,3.028913333333335,False,,1,aniline,0,,0,,0.746031746031746,0.6749921359914871,0.9545311563481582,0.4146341463414634,Dacomitinib,0.25396825396825395,0.5853658536585367,0.5133667129862675,0.6081707844969269,0.88,0.8622398306757528,0.5133667129862675,0.7159443320397367,0.88,0.36663328701373255,0.6333667129862675,-0.27010349207129236,7.9760806952786165,0.07663731312040924,-0.2,0.5285282594703149,8.38124626786934,0.0,0.0,0.3376313576925536,0.0832916087671657,0.0,0.5334229664597192,0.15,low,uncertain_prediction,7.847823301409621,True,pass,False,,0.6356916578669483,0.5100316789862724,0.33949313621964095,0.49208025343189016,0.6647307286166843,0.925026399155227,0.5047518479408659,0.1562829989440338,0.5374076029567054,0.5676346356916578,9.026135391417387,506,0.0,8.303984864239611,0,523,17,0,advance,Brc1cccc(Nc2ncnc3cnc(NCCN4CCOCC4)cc23)c1
C[C@@H](Nc1ncnc2[nH]c(-c3ccc(CF)cc3)cc12)c1ccccc1,8.602916957419596,0.23123454077696146,0.517623356806783,346.40900000000005,5.267500000000004,53.6,2,3,4,5,0.14285714285714285,1,0.45,2.65,False,,0,,0,,0,,0.803921568627451,0.759921568627451,1.0,0.22666666666666666,Afatinib,0.196078431372549,0.7733333333333333,0.6138650608110261,0.5827697693206537,1.0,0.9433333333333334,0.5827697693206537,0.7849920408662533,1.0,0.4172302306793463,0.5827697693206537,-0.2281693067403029,8.256065146254155,-0.5655909289075027,-0.0,0.5702352941176471,8.2607095114643,0.0,0.0,0.19685181116544218,0.14653778834918285,0.0,0.455889599514625,0.15,low,uncertain_prediction,7.804819911949676,True,pass,False,,0.6768743400211193,0.5691657866948258,0.6325237592397043,0.22069693769799367,0.8780359028511088,0.7402323125659979,0.5047518479408659,0.3326293558606125,0.5574445617740232,0.6026927138331574,8.929642985593128,556,0.0,8.303051168549466,0,524,0,32,advance,C[C@@H](Nc1ncnc2[nH]c(-c3ccc(CO)cc3)cc12)c1ccccc1
COCCOc1cnc(OC)cc1-c1[nH]c2c(c1Nc1cccc(F)c1Br)C(=O)NCC2,8.590563771014109,0.14635615027810503,0.4002111000054047,505.34400000000016,4.041600000000002,97.5,3,6,4,8,0.2727272727272727,1,0.5,3.635626666666668,False,,0,,0,,0,,0.7916666666666666,0.6777560447682399,0.9595564450331634,0.20430107526881722,Afatinib,0.20833333333333337,0.7956989247311828,0.6701916375588537,0.48028431013117767,1.0,0.9185920649576682,0.48028431013117767,0.7672670031619249,1.0,0.5197156898688223,0.48028431013117767,-0.12943382080409493,8.37102954559695,-0.8678601727218682,-0.0,0.5723487886776457,8.07551816155273,0.0,0.0,0.06953422541715754,0.27464461233602794,0.0,0.3441788377531855,0.0,low,,7.731339323799544,True,pass,False,,0.6737064413938754,0.10190073917634636,0.017423442449841606,0.27666314677930304,0.6768743400211193,0.42872228088701164,0.8247096092925026,0.5881731784582893,0.38149419218585,0.4692449841605068,8.533311192175749,711,0.0,8.294433304792152,0,525,0,186,advance,COCCOc1cnccc1-c1[nH]c2c(c1Nc1cccc(F)c1Br)C(=O)NCC2
Clc1nc(NCCN2CCOCC2)cc2c(Nc3cccc(Br)c3)ncnc12,7.525928544524654,0.07638761990285622,0.5365120077990869,463.76700000000005,3.9284000000000026,75.2,2,7,4,6,0.3157894736842105,0,0.0,3.158446666666667,False,,0,,0,,0,,0.7076923076923077,0.652933153802719,0.9144239160049435,0.3764705882352941,Dacomitinib,0.29230769230769227,0.6235294117647059,0.4530108021991642,0.6236028863407799,1.0,0.8417002899448841,0.4530108021991642,0.729578494621207,1.0,0.5469891978008359,0.4530108021991641,-0.3687569232293904,7.41134711467037,0.09432395516750798,-0.0,0.5472032640691091,8.052874333906987,0.0,0.0,0.0,0.30873649725104485,0.0,0.30873649725104485,0.0,low,,7.744137836655942,True,pass,False,,0.21119324181626187,0.5966209081309398,0.1726504751847941,0.7148891235480465,0.5406546990496304,0.3558606124604013,0.8247096092925026,0.8521647307286166,0.3832365364308342,0.4563357972544878,8.512758177623988,716,0.0,8.291740793361328,0,526,0,190,advance,Brc1cccc(Nc2ncnc3cnc(NCCN4CCOCC4)cc23)c1
C/C=C/C(=O)Cc1ccc2ncnc(Nc3cc(F)cc(Br)c3)c2c1,8.04953490049814,0.24178226998208555,0.6153130938824319,400.2510000000001,4.9627000000000026,54.88,1,4,3,5,0.10526315789473684,0,0.0,2.435006666666667,False,,0,,0,,0,,0.7586206896551724,0.6432417706251378,0.8968032193184322,0.32098765432098764,Osimertinib,0.24137931034482762,0.6790123456790124,0.46813613613707505,0.694768099071235,1.0,0.8423555009085772,0.46813613613707505,0.7513149340292218,1.0,0.531863863862925,0.46813613613707505,-0.3775717305228624,7.686861495525012,0.26058840967190555,-0.0,0.5365251981884842,8.4839751033854,0.0,0.0,0.2126734049731283,0.2898298298286562,0.0,0.6150032348017844,0.15,low,uncertain_prediction,7.868971868583616,True,pass,False,,0.4424498416050686,0.7808870116156283,0.8051742344244984,0.4350580781414995,0.498416050686378,0.39493136219640973,0.5047518479408659,0.307286166842661,0.5630675818373811,0.5290654699049631,9.159656201590257,449,0.0,8.278850432469572,0,527,78,0,advance,C/C=C/C(=O)Cc1ccc2ncnc(Nc3cccc(Br)c3)c2c1
C=C(C)C(=O)Cc1ncc2ncnc(Nc3cccc(Br)c3)c2c1N,8.213168567655686,0.3150870474832012,0.6353371698563681,398.2640000000001,3.8008000000000015,93.78999999999999,2,6,3,5,0.1111111111111111,0,0.0,2.421760000000001,False,,1,aniline,0,,0,,0.6612903225806451,0.5715620373794239,0.7664764315989524,0.3076923076923077,Sunvozertinib,0.33870967741935487,0.6923076923076923,0.45773120867568057,0.7062908280363871,0.88,0.7479342467761374,0.45773120867568057,0.6979890708720513,0.88,0.42226879132431944,0.5777312086756805,-0.32034381626182745,7.740537996430884,0.28318428096747916,-0.2,0.5517307704307555,8.375453047829119,0.0,0.0,0.3226305712248018,0.1528359891553993,0.0,0.5879665603802011,0.15,low,uncertain_prediction,7.787486487448918,True,pass,False,,0.5311510031678986,0.8167898627243928,0.8146779303062301,0.9086589229144667,0.12671594508975711,0.7001055966209081,0.5047518479408659,0.1795142555438226,0.706309398099261,0.5963305174234425,9.223024325548232,423,0.0,8.27808310835705,0,528,105,0,advance,C=C(C)C(=O)Cc1cc2c(Nc3cccc(Br)c3)ncnc2cn1
Nc1c(Br)cccc1Nc1ncnc2cnc(NCCN3CCOCC3)cc12,8.02625084982935,0.17841427877995278,0.4993953657519882,444.3370000000004,2.8572000000000006,101.22,3,8,4,6,0.3157894736842105,0,0.0,3.028913333333336,False,,1,aniline,0,,0,,0.7076923076923077,0.6421571074393917,0.8948311044352575,0.3448275862068966,Dacomitinib,0.29230769230769227,0.6551724137931034,0.5066727173113703,0.6081707844969269,0.88,0.8349164317747189,0.5066727173113703,0.707439983395754,0.88,0.3733272826886297,0.6266727173113703,-0.2676896881125116,7.75862943165942,0.0766373131204089,-0.2,0.5517979617852069,8.187064706565035,0.0,0.0,0.11762141816992916,0.09165910336078713,0.0,0.3217805215307163,0.15,low,uncertain_prediction,7.865284185034319,True,pass,False,,0.4244984160506864,0.5079197465681098,0.3368532206969377,0.7148891235480465,0.4910242872228089,0.9070749736008448,0.5047518479408659,0.48468848996832103,0.4861140443505808,0.5232312565997888,8.770401559785732,635,0.0,8.268161692954067,0,529,0,106,advance,Brc1cccc(Nc2ncnc3cnc(NCCN4CCOCC4)cc23)c1
COc1nc(CC(=O)/C=C\Cl)cc2c(Nc3cccc(Br)c3)ncnc12,7.931564585637585,0.1786265135269498,0.5805333048727502,433.6930000000001,4.403600000000003,77.0,1,6,3,6,0.1111111111111111,0,0.0,2.7579533333333344,False,,0,,0,,0,,0.6825396825396826,0.5910875368296011,0.8019773396901838,0.3023255813953488,Osimertinib,0.31746031746031744,0.6976744186046512,0.48285258694053146,0.6632181894748845,1.0,0.7759016094188006,0.48285258694053146,0.7304930964585541,1.0,0.5171474130594685,0.48285258694053146,-0.3301873460240303,7.663624815347161,0.1779514159838612,-0.0,0.5526538033610842,8.394230034692105,0.0,0.0,0.1179397702904247,0.2714342663243357,0.0,0.5018740366147604,0.15,low,uncertain_prediction,7.8923559980773454,True,pass,False,,0.37697993664202745,0.6916578669482577,0.5485744456177403,0.8352692713833157,0.24392819429778248,0.4382259767687434,0.5047518479408659,0.4836325237592397,0.5573125659978881,0.49809926082365374,9.063005113889572,494,0.0,8.26507511106573,0,530,36,0,advance,O=C(/C=C\Cl)Cc1cc2c(Nc3cccc(Br)c3)ncnc2cn1
COc1ccc(Nc2ncnc3cnc(NCCN4CCOCC4)cc23)cc1Br,8.197378994105968,0.23999760291072314,0.5572332085304152,459.34800000000024,3.2836000000000016,84.42999999999999,2,8,4,7,0.35,0,0.0,3.2289866666666684,False,,0,,0,,0,,0.7230769230769231,0.6647960734917258,0.9359928608940468,0.5128205128205128,Dacomitinib,0.27692307692307694,0.4871794871794872,0.5063464264889858,0.6322864698199335,1.0,0.8237895174654069,0.5063464264889858,0.7406056034435815,1.0,0.49365357351101424,0.5063464264889858,-0.31234556927279433,7.837382589739883,0.10788520853041503,-0.0,0.5047674459927425,8.450035244263042,0.0,0.0,0.2099964043660847,0.24206696688876783,0.0,0.5645633712548526,0.15,low,uncertain_prediction,7.885471873008189,True,pass,False,,0.5216473072861668,0.6230200633579726,0.12565997888067582,0.6367476240760296,0.6114044350580782,0.47624076029567053,0.5047518479408659,0.3125659978880676,0.5055438225976769,0.5010559662090812,9.056687831380254,496,0.0,8.261739032459086,0,531,35,0,advance,Brc1cccc(Nc2ncnc3cnc(NCCN4CCOCC4)cc23)c1
O=C(O)CCNc1c(Br)cc(F)cc1Nc1ncnc2ccncc12,8.218669831293996,0.2917302619192782,0.575732072056867,406.2150000000001,3.5566000000000013,100.03,3,6,3,6,0.125,0,0.0,2.5747666666666675,False,,0,,0,,0,,0.7457627118644068,0.631371040720412,0.8752200740371125,0.2911392405063291,Sunvozertinib,0.2542372881355932,0.7088607594936709,0.47545627448000416,0.6676231524517897,1.0,0.8336302454012521,0.47545627448000416,0.7441774180832615,1.0,0.5245437255199958,0.47545627448000416,-0.3582948581376765,7.781074438415079,0.20201707205686692,-0.0,0.5458700260183964,8.528961536490343,0.0,0.0,0.2875953928789173,0.2806796568999948,0.0,0.680775049778912,0.15,low,uncertain_prediction,7.84818648671143,True,pass,False,,0.5332629355860612,0.6742344244984161,0.7085533262935586,0.503167898627244,0.441921858500528,0.40971488912354803,0.5047518479408659,0.21541710665258712,0.5817317845828934,0.5286958817317846,9.227039677989815,420,0.0,8.257621544789572,0,532,112,0,advance,O=C(O)CCNc1c(Br)cccc1Nc1ncnc2ccncc12
C=C(C)C(=O)Cc1ncc2ncnc(Nc3cccc(Br)c3)c2c1F,8.068250269721277,0.2699099601223445,0.6439694066478064,401.2390000000001,4.357700000000002,67.77,1,5,3,5,0.1111111111111111,0,0.0,2.441593333333334,False,,0,,0,,0,,0.6721311475409836,0.5803783687667876,0.7825061250305229,0.32894736842105265,Sunvozertinib,0.3278688524590164,0.6710526315789473,0.4531255953446781,0.7102757377588578,1.0,0.754642751667629,0.4531255953446781,0.7295110211927912,1.0,0.5468744046553219,0.4531255953446781,-0.3685139011308175,7.6633853295377605,0.2888415177589175,-0.0,0.5444833043378723,8.49671015163455,0.0,0.0,0.2548649401835168,0.3085930058191524,0.0,0.6759579460026692,0.15,low,uncertain_prediction,7.820752205631881,True,pass,False,,0.4635691657866948,0.851636747624076,0.7872228088701162,0.877507919746568,0.18215417106652587,0.3579725448785639,0.5047518479408659,0.25131995776135163,0.6725184794086589,0.5503431890179513,9.30373232692494,381,0.0,8.256164032453423,0,533,152,0,advance,C=C(C)C(=O)Cc1cc2c(Nc3cccc(Br)c3)ncnc2cn1
Cc1cccc(Nc2ncnc3c(N)nc(NCCN4CCOCC4)cc23)c1,7.4447756415344175,0.11019312406273751,0.6001738569995231,379.46800000000025,2.4031200000000004,101.22,3,8,4,6,0.35,0,0.0,2.596453333333335,False,,1,aniline,0,,0,,0.7076923076923077,0.6292455737771109,0.871355588685656,0.36046511627906974,Dacomitinib,0.29230769230769227,0.6395348837209303,0.40905872353968814,0.6802320316061479,0.88,0.8134004124444745,0.40905872353968814,0.6956727918975776,0.88,0.47094127646031186,0.5290587235396882,-0.3821520911438528,7.279485955440311,0.24570585699952283,-0.2,0.5412378238261546,7.8664296362659885,0.0,0.0,0.015289686094106261,0.21367659557538984,0.0,0.22896628166949612,0.0,low,,7.637463354596492,True,pass,False,,0.17845828933474128,0.7222808870116156,0.6847940865892291,0.7148891235480465,0.426610348468849,0.5121436114044351,0.8247096092925026,0.7265047518479408,0.4704593453009504,0.514519535374868,8.43098085062713,736,0.0,8.254886797046334,0,534,0,202,advance,Cc1cccc(Nc2ncnc3cnc(NCCN4CCOCC4)cc23)c1
Cc1c(Br)cccc1Nc1ncnc2cnc(NCCN3CCOCC3)cc12,8.073887443515693,0.24043398109816766,0.6033492810887929,443.3490000000004,3.583420000000001,75.2,2,7,4,6,0.35,0,0.0,3.0223266666666695,False,,0,,0,,0,,0.7076923076923077,0.6598885172798216,0.9270700314178573,0.36046511627906974,Dacomitinib,0.29230769230769227,0.6395348837209303,0.4751680741102058,0.6655987712655027,1.0,0.8551862444936256,0.4751680741102058,0.7489882724673335,1.0,0.5248319258897942,0.4751680741102058,-0.3650935978095037,7.713236471868441,0.18500028108879255,-0.0,0.5551664345092049,8.453403187466439,0.0,0.0,0.2106509716472515,0.28103990736224277,0.0,0.6041908790094943,0.15,low,uncertain_prediction,7.849212308456944,True,pass,False,,0.46884899683210135,0.7275607180570222,0.35163674762407604,0.7148891235480465,0.5828933474128828,0.40865892291446676,0.5047518479408659,0.3115100316789863,0.5522175290390707,0.5216473072861668,9.116064222313323,471,0.0,8.250189077200345,0,535,64,0,advance,Brc1cccc(Nc2ncnc3cnc(NCCN4CCOCC4)cc23)c1
Cc1nc(CC(=O)/C=C\Cl)cc2c(Nc3cccc(Br)c3)ncnc12,8.031736174560908,0.24067934344836817,0.6092838055589442,417.6940000000001,4.703420000000003,67.77000000000001,1,5,3,5,0.1111111111111111,0,0.0,2.5512933333333336,False,,0,,0,,0,,0.7166666666666667,0.6182977058441806,0.8514503742621465,0.2875,Sunvozertinib,0.2833333333333333,0.7125,0.4644585032263694,0.6869794263907527,1.0,0.8167127806966099,0.4644585032263694,0.742037677578433,1.0,0.5355414967736306,0.4644585032263694,-0.37010556580275145,7.6707171593883565,0.2377009166700553,-0.0,0.5541125935655367,8.462530669623948,0.0,0.0,0.21101901517255223,0.2944268709670383,0.0,0.6179458861395906,0.15,low,uncertain_prediction,7.844584783484358,True,pass,False,,0.43083421330517424,0.7486800422386484,0.7412882787750792,0.6631467793030623,0.3780359028511088,0.3812038014783527,0.5047518479408659,0.31045406546990495,0.5874340021119324,0.5239176346356916,9.167451472158268,444,0.0,8.248285945047188,0,536,92,0,advance,O=C(/C=C\Cl)Cc1cc2c(Nc3cccc(Br)c3)ncnc2cn1
C/C=C/C(=O)Cc1cc2c(Nc3cc(Br)ccc3F)ncnc2cn1,7.851098299903922,0.18297125084240268,0.6439694066478064,401.23900000000003,4.357700000000003,67.77000000000001,1,5,3,5,0.1111111111111111,0,0.0,2.4415933333333335,False,,0,,0,,0,,0.711864406779661,0.5925470996677236,0.8046310903049518,0.36619718309859156,Afatinib,0.288135593220339,0.6338028169014085,0.45969469938629853,0.7102757377588578,1.0,0.761924021954066,0.45969469938629853,0.7329736147748056,1.0,0.5403053006137015,0.4596946993862985,-0.3643718871846761,7.576641423640318,0.28884151775891753,-0.0,0.520959634595813,8.386442575995048,0.0,0.0,0.12445687626360401,0.3003816257671269,0.0,0.5373385020307309,0.15,low,uncertain_prediction,7.849104073964317,True,pass,False,,0.3453009503695882,0.851636747624076,0.7946145723336854,0.6847940865892291,0.2518479408658923,0.3706441393875396,0.5047518479408659,0.470960929250264,0.5818637803590285,0.5155491024287223,9.084679112425881,483,0.0,8.242762996878785,0,537,54,0,advance,C/C=C/C(=O)Cc1cc2c(Nc3cccc(Br)c3)ncnc2cn1
O=C(O)CCNc1c(Br)cccc1Nc1ncnc2cc(Cl)ncc12,7.970125696526847,0.17415331445185345,0.5147897125061324,422.6700000000001,4.070900000000002,100.03,3,6,3,6,0.125,0,0.0,2.6844666666666672,False,,0,,0,,0,,0.7413793103448276,0.6271428636554277,0.8675324793735049,0.3333333333333333,Sunvozertinib,0.2586206896551724,0.6666666666666667,0.4956241040154144,0.6298856239296549,1.0,0.8173160261967953,0.4956241040154144,0.7357064385354661,1.0,0.5043758959845857,0.49562410401541435,-0.32010977936006896,7.708895724849067,0.12461971250613228,-0.0,0.5332624301882039,8.366777867543403,0.0,0.0,0.11122997167778016,0.25546986998073207,0.0,0.4791998416585122,0.15,low,uncertain_prediction,7.887578025884891,True,pass,False,,0.39493136219640973,0.5607180570221753,0.6166842661034847,0.5316789862724393,0.41816261879619854,0.45617740232312565,0.5047518479408659,0.49947201689545934,0.48870116156283006,0.48030623020063357,8.953219261418798,544,0.0,8.238945502125652,0,538,0,6,advance,O=C(O)CCNc1c(Br)cccc1Nc1ncnc2ccncc12
COc1ccc([C@@H](CO)Nc2ncnc3[nH]c(-c4ccc(CO)cc4)cc23)cc1,8.36198118016472,0.2524829366483989,0.3861837707859718,390.4430000000001,3.271300000000001,103.29,4,6,4,7,0.18181818181818182,0,0.0,3.1196200000000007,False,,0,,0,,0,,0.7636363636363637,0.6527570346320346,0.9141036993309719,0.2125,Afatinib,0.23636363636363633,0.7875,0.5387572393873009,0.5424156893168999,1.0,0.882452774498229,0.5387572393873009,0.7409064258006074,1.0,0.4612427606126991,0.5387572393873009,-0.2695322485510754,7.983256775192122,-0.0635774110322101,-0.0,0.5711395611963793,8.49081892535629,0.0,0.0,0.22872440497259833,0.2015534507658739,0.0,0.5427778557384721,0.15,low,uncertain_prediction,7.948041069617818,True,pass,False,,0.5892291446673706,0.0839493136219641,0.22650475184794086,0.4065469904963041,0.5385427666314678,0.5395987328405492,0.5047518479408659,0.27666314677930304,0.39722808870116155,0.4247888067581838,8.967492631797684,536,0.0,8.23278763772764,0,539,3,0,advance,OCc1ccc(-c2cc3c(N[C@H](CO)c4ccccc4)ncnc3[nH]2)cc1
COc1c(F)cc(F)cc1Nc1c(-c2ccnc(C)c2OCC(C)(C)OC)[nH]c2c1C(=O)NCC2,8.536529754539565,0.3184965853047739,0.4337192158783443,486.5190000000004,4.505220000000004,97.5,3,6,4,8,0.36,0,0.0,3.510126666666669,False,,0,,0,,0,,0.7866666666666666,0.6556909281207939,0.919438051128716,0.16822429906542055,Gefitinib,0.21333333333333337,0.8317757009345794,0.5361848289215495,0.5535406969382175,1.0,0.897522463580182,0.5361848289215495,0.7468119973599872,1.0,0.4638151710784505,0.5361848289215495,-0.2808362245845837,8.058784876582404,-0.05679978412165602,-0.0,0.5753922230625529,8.5773773155233,0.0,0.0,0.3277448779571609,0.20476896384806315,0.0,0.645013841805224,0.15,low,uncertain_prediction,7.932363473718076,True,pass,False,,0.6546990496304118,0.22175290390707497,0.04382259767687434,0.3041182682154171,0.5665258711721225,0.529039070749736,0.5047518479408659,0.1700105596620908,0.40636219640971494,0.4329989440337909,9.065011951214958,493,0.0,8.226962206558625,0,540,47,0,advance,COc1c(F)cc(F)cc1Nc1c(-c2ccncc2OCC(C)(C)OC)[nH]c2c1C(=O)NCC2
Cc1cc(F)cc(Nc2ncnc3cnc(NCCN4CCOCC4)cc23)c1,7.850480925227946,0.19373868054939988,0.678805126458449,382.44300000000027,2.960020000000001,75.2,2,7,4,6,0.35,0,0.0,2.6162866666666686,False,,0,,0,,0,,0.7580645161290323,0.6525652841781874,0.9137550621421587,0.41975308641975306,Dacomitinib,0.24193548387096775,0.5802469135802469,0.4520031549224066,0.7227164092957366,1.0,0.8303780250016808,0.4520031549224066,0.7512743973049559,1.0,0.5479968450775934,0.4520031549224066,-0.39902832317673254,7.559872904403846,0.32136212645844875,-0.0,0.5113838073515492,8.392618838213844,0.0,0.0,0.14060802082409982,0.30999605634699173,0.0,0.5631040771710916,0.15,low,uncertain_prediction,7.829514761042752,True,pass,False,,0.34424498416050686,0.8917634635691658,0.6668426610348469,0.44350580781414994,0.5369588173178458,0.35374868004223864,0.5047518479408659,0.43083421330517424,0.5219904963041183,0.5091605068637803,9.019007433778786,510,0.0,8.215507369279289,0,541,31,0,advance,Cc1cccc(Nc2ncnc3cnc(NCCN4CCOCC4)cc23)c1
C/C=C/C(=O)Cc1cc2c(Nc3cccc(Br)c3)ncnc2cc1Cl,8.662933293209425,0.3031664360745986,0.5597828023095782,416.706,5.477000000000003,54.88,1,4,3,5,0.10526315789473684,1,0.45,2.544706666666667,False,,0,,0,,0,,0.7288135593220338,0.6657189721159102,0.9376708583925639,0.3717948717948718,Osimertinib,0.27118644067796616,0.6282051282051282,0.5785168180501373,0.6100072079369347,1.0,0.860304425845705,0.5785168180501373,0.7622071129581943,1.0,0.4214831819498627,0.5785168180501373,-0.24492039321074266,8.208183639097527,-0.5113968819009481,-0.0,0.5449131513647643,8.241699908561342,0.0,0.0,0.30474965411189786,0.15185397743732837,0.0,0.5691036315492262,0.15,low,uncertain_prediction,7.672596277012116,True,pass,False,,0.7085533262935586,0.6346356916578669,0.7697993664202746,0.6024287222808871,0.6198521647307286,0.7148891235480465,0.5047518479408659,0.2016895459345301,0.6817317845828934,0.6390179514255543,9.059778050060814,495,0.0,8.214417818722781,0,542,47,0,advance,C/C=C/C(=O)Cc1ccc2ncnc(Nc3cccc(Br)c3)c2c1
C=CC(=O)Cc1cc2c(Nc3cc(Cl)cc(Br)c3)ncnc2cn1,8.030505611497526,0.24797487369307195,0.6361068818426235,403.66700000000003,4.481900000000002,67.77000000000001,1,5,3,5,0.058823529411764705,0,0.0,2.4577800000000005,False,,0,,0,,0,,0.7321428571428571,0.6120356817590424,0.8400648759255316,0.4,Sunvozertinib,0.2678571428571429,0.6,0.4590439912892312,0.7053287850134429,1.0,0.7800486569441487,0.4590439912892312,0.7361053583117056,1.0,0.5409560087107688,0.45904399128923123,-0.36941515602996605,7.658543300957918,0.2733222347837999,-0.0,0.5105519332670971,8.442417469008815,0.0,0.0,0.2219623105396079,0.30119501088846096,0.0,0.635657321428069,0.15,low,uncertain_prediction,7.8067601475807455,True,pass,False,,0.4276663146779303,0.8257655755015839,0.7824709609292503,0.5776135163674763,0.3495248152059134,0.36642027455121434,0.5047518479408659,0.2914466737064414,0.5904963041182683,0.5248152059134108,9.151013033950736,454,0.0,8.21153839467684,0,543,89,0,advance,C=CC(=O)Cc1cc2c(Nc3cccc(Br)c3)ncnc2cn1
COc1cncc(OCC(C)(C)OC)c1-c1[nH]c2c(c1Nc1cc(F)cc(F)c1OC)C(=O)NCC2,8.372914793406245,0.08391553588018152,0.40257088652841444,502.51800000000026,4.205400000000002,106.72999999999999,3,7,4,9,0.36,1,0.5,3.716786666666668,False,,0,,0,,0,,0.8082191780821918,0.6686318067376296,0.9429669213411446,0.18269230769230768,Gefitinib,0.1917808219178082,0.8173076923076923,0.6594878232354343,0.4784606542572946,1.0,0.9115521140827816,0.4784606542572946,0.7623751478938776,1.0,0.5215393457427053,0.47846065425729467,-0.13718309954459118,8.247041489585973,-0.8689471134715857,-0.0,0.5672354078906076,7.945329784004995,0.0,0.0,0.0,0.27692418217838166,0.0,0.27692418217838166,0.0,low,,7.668405601826613,True,pass,False,,0.5923970432946146,0.11087645195353749,0.008447729672650475,0.20538542766631468,0.6335797254487856,0.42238648363252373,0.8247096092925026,0.8204857444561774,0.33109820485744457,0.4448257655755016,8.342647629833928,758,0.0,8.202196520517216,0,544,0,214,advance,COc1c(F)cc(F)cc1Nc1c(-c2ccncc2OCC(C)(C)OC)[nH]c2c1C(=O)NCC2
C/C=C/C(=O)Cc1cc2c(Nc3cc(Cl)cc(Br)c3)ncnc2cn1,7.978555294798762,0.22138116005273714,0.5997362677398423,417.6940000000001,4.872000000000003,67.77000000000001,1,5,3,5,0.1111111111111111,0,0.0,2.5512933333333336,False,,0,,0,,0,,0.7413793103448276,0.6229251889555152,0.8598639799191184,0.3333333333333333,Sunvozertinib,0.2586206896551724,0.6666666666666667,0.4646720116627746,0.6817282805902467,1.0,0.8115646516060055,0.4646720116627746,0.7394912359647567,1.0,0.5353279883372254,0.4646720116627746,-0.3664256324026427,7.646483554719657,0.2281533788509534,-0.0,0.5313453053246072,8.405982238895216,0.0,0.0,0.1820717400791057,0.29415998542153177,0.0,0.5887317255006375,0.15,low,uncertain_prediction,7.817250513394579,True,pass,False,,0.4012671594508976,0.7059134107708553,0.7412882787750792,0.5316789862724393,0.4044350580781415,0.382259767687434,0.5047518479408659,0.35374868004223864,0.5392819429778247,0.5003959873284055,9.053120570468606,498,0.0,8.192725698188665,0,545,47,0,advance,C/C=C/C(=O)Cc1cc2c(Nc3cccc(Br)c3)ncnc2cn1
C/C=C/C(=O)Cc1ccc2ncnc(Nc3cccc(Br)c3)c2c1N,8.160769972598429,0.27992085545978646,0.4926227266436487,397.2760000000001,4.405800000000003,80.9,2,5,3,5,0.10526315789473684,0,0.0,2.4151733333333345,False,,1,aniline,0,,0,,0.6612903225806451,0.5912284142327474,0.802233480423177,0.25925925925925924,Sunvozertinib,0.33870967741935487,0.7407407407407407,0.46924789432775665,0.6280512176027246,0.88,0.7868602955025679,0.46924789432775665,0.6910398518582623,0.88,0.41075210567224335,0.5892478943277566,-0.2957226100406742,7.740888689408749,0.14087304243312224,-0.2,0.5751999471667262,8.256961679008597,0.0,0.0,0.2698812831896797,0.1384401320903042,0.0,0.5208214152799839,0.15,low,uncertain_prediction,7.736140263728613,True,pass,False,,0.5110876451953538,0.4931362196409715,0.8262935586061246,0.9086589229144667,0.24604012671594508,0.7581837381203802,0.5047518479408659,0.23125659978880675,0.6342925026399155,0.5632523759239706,9.018112682176495,512,0.0,8.187043114837378,0,546,34,0,advance,C/C=C/C(=O)Cc1ccc2ncnc(Nc3cccc(Br)c3)c2c1
C/C=C/C(=O)Cc1cc2c(Nc3cccc(Br)c3)ncnc2c(N)n1,8.050550590074671,0.28577339776766875,0.6353371698563682,398.26400000000007,3.8008000000000015,93.79,2,6,3,5,0.1111111111111111,0,0.0,2.421760000000001,False,,1,aniline,0,,0,,0.7049180327868853,0.6048163168990388,0.8269387579982522,0.25609756097560976,Sunvozertinib,0.29508196721311475,0.7439024390243902,0.43759626908129967,0.7062908280363871,0.88,0.8061796782547868,0.43759626908129967,0.7075166938431183,0.88,0.44240373091870033,0.5575962690812997,-0.3598938996824249,7.621890493423168,0.2831842809674793,-0.2,0.5626923064527818,8.267767080843429,0.0,0.0,0.2786600966515031,0.17800466364837542,0.0,0.5691647602998785,0.15,low,uncertain_prediction,7.69860232054355,True,pass,False,,0.44456177402323127,0.8199577613516368,0.8146779303062301,0.7349524815205913,0.3183738120380148,0.6114044350580782,0.5047518479408659,0.22069693769799367,0.6332365364308342,0.5658130939809927,9.02765092456043,505,0.0,8.152578033320742,0,547,42,0,advance,C/C=C/C(=O)Cc1cc2c(Nc3cccc(Br)c3)ncnc2cn1
COc1cnccc1-c1cc2c(N[C@H](CO)c3ccc(C)cc3)ncnc2[nH]1,8.2018828132394,0.2525353013932559,0.47744401018345334,375.4320000000001,3.482420000000001,95.94999999999999,3,6,4,6,0.19047619047619047,0,0.0,2.919546666666667,False,,0,,0,,0,,0.8448275862068966,0.6787592160585991,0.9613803928338165,0.2247191011235955,Osimertinib,0.15517241379310343,0.7752808988764045,0.498695992334571,0.600303949190643,1.0,0.9148555193444635,0.498695992334571,0.7534638652174195,1.0,0.5013040076654289,0.49869599233457107,-0.3396904971771311,7.823079861149517,0.058559629231072344,-0.0,0.542756954078272,8.42439644445886,0.0,0.0,0.22880295208988388,0.25163000958178616,0.0,0.5929329616716701,0.15,low,uncertain_prediction,7.831463482787191,True,pass,False,,0.5258711721224921,0.426610348468849,0.47571277719112987,0.06546990496304118,0.6800422386483632,0.4614572333685322,0.5047518479408659,0.27560718057022177,0.406414994720169,0.4542766631467794,8.912094438123063,568,0.0,8.151595478563326,0,548,0,20,advance,COc1cnccc1-c1cc2c(N[C@H](CO)c3ccccc3)ncnc2[nH]1
COCCOc1cnccc1-c1[nH]c2c(c1Nc1cccc(F)c1C)C(=O)N(C)CC2,8.268141867992002,0.3195833691684156,0.5622454529879874,424.4760000000002,3.921120000000003,79.48,2,5,4,7,0.30434782608695654,0,0.0,2.9965066666666687,False,,0,,0,,0,,0.7638888888888888,0.6591880341880343,0.9257964257964258,0.20588235294117646,Gefitinib,0.23611111111111116,0.7941176470588236,0.4683271085801095,0.6439847427331367,1.0,0.8928767311120254,0.4683271085801095,0.7512971456063179,1.0,0.5316728914198905,0.4683271085801095,-0.3772933827016113,7.788766814239378,0.14320423559668283,-0.0,0.5759344005667536,8.507905450402815,0.0,0.0,0.32937505375262344,0.2895911142748631,0.0,0.7314661680274865,0.15,low,uncertain_prediction,7.776439282375328,True,pass,False,,0.5512143611404435,0.6473072861668426,0.39334741288278774,0.4044350580781415,0.5765575501583949,0.395987328405491,0.5047518479408659,0.1678986272439282,0.5173970432946146,0.498363252375924,9.128781902356351,465,0.0,8.149475185226438,0,549,84,0,advance,COCCOc1cnccc1-c1[nH]c2c(c1Nc1cccc(F)c1C)C(=O)NCC2
COc1c(F)cc(F)cc1Nc1c(-c2ccnc(N)c2OCC(C)(C)OC)[nH]c2c1C(=O)NCC2,8.29817591194211,0.22619062497788883,0.38129279985477393,487.5070000000004,3.7790000000000017,123.52000000000001,4,7,4,8,0.3333333333333333,0,0.0,3.5167133333333362,False,,1,aniline,0,,0,,0.7763157894736842,0.6438510948489942,0.8979110815436256,0.16666666666666666,Gefitinib,0.22368421052631582,0.8333333333333334,0.5412105405010053,0.5244528347919204,0.88,0.8817666444910526,0.5244528347919204,0.7068575049459946,0.8817666444910526,0.3573138096991322,0.6426861903008678,-0.22086261925998585,7.958889974475277,-0.11288086681189313,-0.2,0.5751356651227485,8.221144772786133,0.0,0.0,0.18928593746683325,0.07164226212391524,0.0,0.37342819959074847,0.15,low,uncertain_prediction,7.847716573195385,True,pass,False,,0.5638859556494192,0.05279831045406547,0.03590285110876452,0.3484688489968321,0.503167898627244,0.9403379091869061,0.5047518479408659,0.34213305174234426,0.33938753959873286,0.427455121436114,8.628409820304611,680,0.0,8.135662718918722,0,550,0,130,advance,COc1c(F)cc(F)cc1Nc1c(-c2ccncc2OCC(C)(C)OC)[nH]c2c1C(=O)NCC2
O=C(/C=C\Cl)Cc1cc2c(Nc3cc(Br)ccc3F)ncnc2cn1,7.846492346736088,0.19082334009692387,0.612925776663183,421.65700000000004,4.534100000000002,67.77000000000001,1,5,3,5,0.058823529411764705,0,0.0,2.5777133333333335,False,,0,,0,,0,,0.7068965517241379,0.5959181048836222,0.8107601906974947,0.3561643835616438,Sunvozertinib,0.2931034482758621,0.6438356164383562,0.4530467486161754,0.6879663566519302,1.0,0.76902904713271,0.4530467486161754,0.7275105381002038,1.0,0.5469532513838247,0.45304674861617533,-0.3659517193120379,7.560257336590703,0.2321511296043595,-0.0,0.5277372843300185,8.32014575052508,0.0,0.0,0.1362350101453858,0.30869156422978083,0.0,0.5574265743751666,0.15,low,uncertain_prediction,7.762719176149914,True,pass,False,,0.34213305174234426,0.7745512143611405,0.7016895459345301,0.7265047518479408,0.2697993664202746,0.35691657866948256,0.5047518479408659,0.44561774023231254,0.5594244984160508,0.49706969376979937,8.991455148624341,529,0.0,8.134202808673674,0,551,22,0,advance,O=C(/C=C\Cl)Cc1cc2c(Nc3cccc(Br)c3)ncnc2cn1
COC(C)(C)COc1c(-c2[nH]c3c(c2Nc2cccc(F)c2C)C(=O)NCC3)ccnc1N,8.470448565596312,0.33000847819751367,0.43089523001885754,453.51800000000026,3.939720000000002,114.28999999999999,4,6,4,7,0.3333333333333333,0,0.0,3.190120000000002,False,,1,aniline,0,,0,,0.76,0.6683538306017981,0.9424615101850873,0.17708333333333334,Afatinib,0.24,0.8229166666666666,0.5116062066608185,0.5642954534334486,0.88,0.9125752993054821,0.5116062066608185,0.7171192398499373,0.9125752993054821,0.4009690926446636,0.5990309073553364,-0.2740173775854917,7.975435848300042,-0.014289436647809399,-0.2,0.5904903775462718,8.351636789198505,0.0,0.0,0.3450127172962705,0.12621136580582953,0.0,0.5837240831021,0.15,low,uncertain_prediction,7.767912706096405,True,pass,False,,0.6378035902851109,0.21436114044350582,0.1536430834213305,0.42555438225976766,0.6288278775079198,0.8215417106652587,0.5047518479408659,0.14994720168954592,0.4380411826821542,0.48442449841605073,8.87728620841709,593,0.0,8.124222104195667,0,552,0,41,advance,COC(C)(C)COc1cnccc1-c1[nH]c2c(c1Nc1cccc(F)c1C)C(=O)NCC2
CN(CC(O)CO)c1ncc2ncnc(Nc3cccc(Br)c3)c2c1F,8.057228140504954,0.24298056498940826,0.5620086822976457,422.2580000000001,2.4593999999999996,94.4,3,7,3,6,0.23529411764705882,0,0.0,3.031720000000001,False,,0,,0,,0,,0.671875,0.5794715521636606,0.780857367570292,0.27848101265822783,Afatinib,0.328125,0.7215189873417722,0.4692206396336527,0.6425001598790898,1.0,0.7660227725131621,0.4692206396336527,0.7194358930064761,1.0,0.5307793603663473,0.4692206396336527,-0.3336203378304313,7.692757293020842,0.13078009406235144,-0.0,0.5593262880951047,8.382863675178298,0.0,0.0,0.21447084748411238,0.28847420045793415,0.0,0.6154450479420466,0.15,low,uncertain_prediction,7.7674186272362515,True,pass,False,,0.45406546990496305,0.6420274551214361,0.32840549102428723,0.8827877507919747,0.17529039070749736,0.39809926082365366,0.5047518479408659,0.3041182682154171,0.5585533262935587,0.47666314677930305,9.053127666730568,497,0.0,8.114414403371416,0,553,56,0,advance,CN(CC(O)CO)c1cc2c(Nc3cccc(Br)c3)ncnc2cn1
Cc1ccc(Br)cc1Nc1ncnc2cnc(NCCN3CCOCC3)cc12,7.935462354088744,0.21356889031818566,0.6033492810887929,443.3490000000004,3.583420000000001,75.2,2,7,4,6,0.35,0,0.0,3.0223266666666695,False,,0,,0,,0,,0.7301587301587301,0.6598719097615918,0.9270398359301668,0.36904761904761907,Dacomitinib,0.2698412698412699,0.6309523809523809,0.4593673652994561,0.6655987712655027,1.0,0.8530179721857204,0.4593673652994561,0.7444960271876698,1.0,0.5406326347005439,0.4593673652994561,-0.38017154918428486,7.615109018611466,0.18500028108879255,-0.0,0.5424742446968274,8.342583544397085,0.0,0.0,0.1703533354772785,0.3007907933756799,0.0,0.5836441288529584,0.15,low,uncertain_prediction,7.758939415544127,True,pass,False,,0.3801478352692714,0.7275607180570222,0.35163674762407604,0.5860612460401268,0.5818373812038015,0.368532206969377,0.5047518479408659,0.3780359028511088,0.48653643083421333,0.4813621964097149,8.92642726139814,557,0.0,8.111574051235785,0,554,0,3,advance,Brc1cccc(Nc2ncnc3cnc(NCCN4CCOCC4)cc23)c1
COc1cnccc1-c1cc2c(N[C@H](CO)c3ccc(Cl)cc3)ncnc2[nH]1,8.194724190530756,0.2420796438797656,0.45890941697138776,395.8500000000001,3.8274000000000026,95.94999999999999,3,6,4,6,0.15,0,0.0,3.055666666666667,False,,0,,0,,0,,0.8305084745762712,0.6681708214234756,0.942128766224501,0.26436781609195403,Osimertinib,0.1694915254237288,0.735632183908046,0.5042252969168532,0.5848745383086222,1.0,0.8905046206453873,0.5042252969168532,0.7449011139677157,1.0,0.49577470308314675,0.5042252969168532,-0.3209010894011498,7.831604724711108,0.015559416971387727,-0.0,0.532493033169217,8.379657174851712,0.0,0.0,0.2131194658196484,0.24471837885393344,0.0,0.5703378446735818,0.15,low,uncertain_prediction,7.80931933017813,True,pass,False,,0.5205913410770855,0.3437170010559662,0.2967265047518479,0.11615628299894404,0.6272439281942978,0.4730728616684266,0.5047518479408659,0.30623020063357975,0.37074973600844774,0.4248416050686378,8.824556858061849,616,0.0,8.094129256260496,0,555,0,61,advance,COc1cnccc1-c1cc2c(N[C@H](CO)c3ccccc3)ncnc2[nH]1
COc1cnccc1-c1cc2c(N[C@H](CO)c3ccc(N)cc3)ncnc2[nH]1,8.23429070748574,0.22668065593023656,0.3816892061689245,376.4200000000001,2.7561999999999998,121.97,4,7,4,6,0.15,0,0.0,2.926133333333334,False,,1,aniline,0,,0,,0.8448275862068966,0.6787592160585991,0.9613803928338165,0.23863636363636365,Osimertinib,0.15517241379310343,0.7613636363636364,0.5248962177202696,0.5473854736493187,0.88,0.9113762037162715,0.5248962177202696,0.715914473771465,0.9113762037162715,0.38647998599600186,0.6135200140039981,-0.2546910080682604,7.894269723590386,-0.0422307938310756,-0.2,0.5385817753244415,8.190620705083752,0.0,0.0,0.19002098389535482,0.10809998249500234,0.0,0.41062096639035717,0.15,low,uncertain_prediction,7.7799997386933955,True,pass,False,,0.5417106652587117,0.057022175290390706,0.457233368532207,0.06546990496304118,0.6800422386483632,0.8690601900739177,0.5047518479408659,0.34107708553326294,0.3368532206969376,0.44577613516367476,8.594844569920078,695,0.0,8.089931100889805,0,556,0,139,advance,COc1cnccc1-c1cc2c(N[C@H](CO)c3ccccc3)ncnc2[nH]1
CNc1cc2c(Nc3cccc(C(F)(F)F)c3N)ncnc2cn1,7.692159359272509,0.19124830903808507,0.6362139674734034,334.305,3.4111000000000002,88.75,3,6,3,3,0.13333333333333333,0,0.0,1.9000000000000001,False,,1,aniline,0,,0,,0.6181818181818182,0.5641358641358641,0.7529742984288438,0.35294117647058826,Afatinib,0.38181818181818183,0.6470588235294117,0.4141660234914677,0.7268407590334487,0.88,0.7264954297039857,0.4141660234914677,0.6868755530572255,0.88,0.4658339765085323,0.5341660234914677,-0.36361270608767704,7.405286895715381,0.3645473008067367,-0.2,0.5541794034842163,8.124013600006334,0.0,0.0,0.1368724635571276,0.20729247063566542,0.0,0.456664934192793,0.15,low,uncertain_prediction,7.667348665813541,True,pass,False,,0.27771911298838436,0.8305174234424498,0.9767687434002112,0.9825765575501584,0.09820485744456177,0.5237592397043295,0.5047518479408659,0.4424498416050686,0.6341077085533263,0.5386219640971489,8.884942850270326,588,0.0,8.08869502273012,0,557,0,31,advance,CNc1cc2c(Nc3cccc(C(F)(F)F)c3)ncnc2cn1
Nc1nccc2ncnc(Nc3cccc(Br)c3NCCC(=O)O)c12,7.524279103214501,0.14348753965913177,0.494988071422727,403.2400000000002,2.9997,126.05,4,7,3,6,0.125,0,0.0,2.554933333333335,False,,1,aniline,0,,0,,0.6833333333333333,0.5741711087420043,0.771220197712735,0.22784810126582278,Afatinib,0.31666666666666665,0.7721518987341772,0.405628498042233,0.6239767726158332,0.88,0.7714531229680955,0.405628498042233,0.6702645984065404,0.88,0.474371501957767,0.525628498042233,-0.35284813381907654,7.309047793725803,0.1242480714227268,-0.2,0.5669506190484369,7.8002464841969665,0.0,0.0,0.06523130948869765,0.21796437744720876,0.0,0.2831956869359064,0.0,low,,7.51705079726106,True,pass,False,,0.21013727560718057,0.49947201689545934,0.7212249208025343,0.8284054910242872,0.13938753959873285,0.5058078141499472,0.8247096092925026,0.600844772967265,0.4683210137275607,0.46995776135163675,8.362231700670039,753,0.0,8.081000110883025,0,558,0,195,advance,O=C(O)CCNc1c(Br)cccc1Nc1ncnc2ccncc12
Nc1cncc2c(Nc3cccc(Br)c3NCCC(=O)O)ncnc12,8.054429657849647,0.2529169142434101,0.494988071422727,403.2400000000002,2.9997000000000007,126.05,4,7,3,6,0.125,0,0.0,2.554933333333335,False,,1,aniline,0,,0,,0.7,0.5899141198768064,0.7998438543214661,0.225,Afatinib,0.30000000000000004,0.775,0.4615655744920248,0.6239767726158332,0.88,0.7936328907410996,0.4615655744920248,0.6897938094622394,0.88,0.4184344255079752,0.5815655744920247,-0.30430431329361957,7.675054286484532,0.1242480714227268,-0.2,0.5674609635803666,8.166763321487625,0.0,0.0,0.22937537136511515,0.14804303188496903,0.0,0.4899184032500842,0.15,low,uncertain_prediction,7.676844918237541,True,pass,False,,0.4498416050686378,0.49947201689545934,0.7212249208025343,0.7550158394931362,0.23812038014783526,0.7328405491024287,0.5047518479408659,0.27455121436114044,0.5615100316789863,0.5187961985216474,8.84057535950241,608,0.0,8.074400356463519,0,559,0,49,advance,O=C(O)CCNc1c(Br)cccc1Nc1ncnc2ccncc12
C=C(C)C(=O)Cc1cc2c(Nc3cc(Br)cc(OC)c3)ncnc2cn1,7.766968563648809,0.16404302698084103,0.609966539144996,413.2750000000001,4.227200000000003,77.0,1,6,3,6,0.15789473684210525,0,0.0,2.6218333333333343,False,,0,,0,,0,,0.7166666666666667,0.5568127278048262,0.7396595050996838,0.3333333333333333,Osimertinib,0.2833333333333333,0.6666666666666667,0.4519120220256135,0.6846418529400042,1.0,0.7214112954914296,0.4519120220256135,0.7144912926142617,1.0,0.5480879779743866,0.4519120220256134,-0.35010569411819775,7.520904023177548,0.23248101282920636,-0.0,0.512414876274921,8.265799912281675,0.0,0.0,0.09606454047126153,0.3101099724679832,0.0,0.5186745129392447,0.15,low,uncertain_prediction,7.747125399342431,True,pass,False,,0.3125659978880676,0.7565997888067582,0.6552270327349525,0.6631467793030623,0.07708553326293559,0.3526927138331573,0.5047518479408659,0.5279831045406547,0.5228880675818375,0.45894931362196406,8.89326559337988,583,0.0,8.072864575688788,0,560,0,23,advance,C=C(C)C(=O)Cc1cc2c(Nc3cccc(Br)c3)ncnc2cn1
COc1ccc([C@@H](CO)Nc2ncnc3[nH]c(-c4ccncc4OC)cc23)cc1,8.248542829222403,0.2611162234882873,0.44425965533433504,391.4310000000001,3.1826000000000016,105.18,3,7,4,7,0.19047619047619047,0,0.0,3.126206666666668,False,,0,,0,,0,,0.8448275862068966,0.6787592160585991,0.9613803928338165,0.2247191011235955,Osimertinib,0.15517241379310343,0.7752808988764045,0.5043543508637998,0.5741040924851664,1.0,0.9148555193444635,0.5043543508637998,0.7483284906733574,1.0,0.49564564913620024,0.5043543508637998,-0.3252988530794102,7.856868493989972,-0.005623725618046069,-0.0,0.542756954078272,8.394001722450197,0.0,0.0,0.24167433523243093,0.2445570614202503,0.0,0.5987313966526813,0.15,low,uncertain_prediction,7.7952703257975156,True,pass,False,,0.5438225976768744,0.26135163674762407,0.21119324181626187,0.06546990496304118,0.6800422386483632,0.47412882787750793,0.5047518479408659,0.26504751847940866,0.34176346356916576,0.40916050686378036,8.804117878733196,622,0.0,8.061262934034053,0,561,0,61,advance,COc1cnccc1-c1cc2c(N[C@H](CO)c3ccccc3)ncnc2[nH]1
C=C(C)C(=O)Cc1cc2c(Nc3cccc(Br)c3)ncnc2c(N)n1,7.700594652271963,0.17261427560920636,0.6353371698563682,398.26400000000007,3.8008000000000015,93.79,2,6,3,5,0.1111111111111111,0,0.0,2.421760000000001,False,,1,aniline,0,,0,,0.6885245901639344,0.5677321974402838,0.7595130862550613,0.2911392405063291,Sunvozertinib,0.3114754098360656,0.7088607594936709,0.42931867014154634,0.7062908280363871,0.88,0.7468500045647137,0.42931867014154634,0.6906148756856618,0.88,0.45068132985845366,0.5493186701415463,-0.34839494072548727,7.4416732388581535,0.2831842809674793,-0.2,0.5427004338380961,8.067557953663728,0.0,0.0,0.10892141341380954,0.1883516623230671,0.0,0.40977307573687666,0.15,low,uncertain_prediction,7.657784877926852,True,pass,False,,0.28299894403379094,0.8199577613516368,0.8146779303062301,0.8062302006335798,0.10559662090813093,0.5691657866948258,0.5047518479408659,0.5026399155227033,0.5747888067581837,0.5130675818373812,8.757304521773548,641,0.0,8.048465976131709,0,562,0,79,advance,C=C(C)C(=O)Cc1cc2c(Nc3cccc(Br)c3)ncnc2cn1
C/C=C/C(=O)Cc1cc(N)c2ncnc(Nc3cccc(Br)c3)c2c1,8.220704009126665,0.3307079171474142,0.4926227266436487,397.27600000000007,4.405800000000003,80.9,2,5,3,5,0.10526315789473684,0,0.0,2.4151733333333336,False,,1,aniline,0,,0,,0.7166666666666667,0.6195212389949232,0.8536749799907692,0.25925925925925924,Sunvozertinib,0.2833333333333333,0.7407407407407407,0.4486804602784764,0.6280512176027248,0.88,0.825441420178262,0.4486804602784764,0.6955432745148658,0.88,0.4313195397215236,0.5686804602784764,-0.3291504189818525,7.724642133405544,0.14087304243312235,-0.2,0.5631409672199146,8.22865614305858,0.0,0.0,0.3460618757211213,0.16414942465190452,0.0,0.6227113003730258,0.15,low,uncertain_prediction,7.605944842685553,True,pass,False,,0.5343189017951425,0.4931362196409715,0.8389651531151003,0.6631467793030623,0.3885955649419219,0.6388595564941922,0.5047518479408659,0.14889123548046462,0.5975448785638859,0.545142555438226,8.945709997335243,547,0.0,8.035115909211425,0,563,16,0,advance,C/C=C/C(=O)Cc1ccc2ncnc(Nc3cccc(Br)c3)c2c1
COCCOc1cnccc1-c1[nH]c2c(c1Nc1cc(OC)cc(F)c1Br)C(=O)NCC2,8.786270590953356,0.19946133847209677,0.4002111000054047,505.3440000000002,4.041600000000002,97.5,3,6,4,8,0.2727272727272727,1,0.5,3.635626666666668,False,,0,,0,,0,,0.7916666666666666,0.7343333333333333,1.0,0.19230769230769232,Gefitinib,0.20833333333333337,0.8076923076923077,0.6819447108078711,0.48028431013117767,1.0,0.9519230769230769,0.48028431013117767,0.7785380244655313,1.0,0.5197156898688223,0.48028431013117767,-0.1287910848768804,8.48707858324521,-0.8678601727218682,-0.0,0.5860576923076923,8.205276102831036,0.0,0.0,0.14919200770814514,0.27464461233602794,0.0,0.536336620044173,0.15,low,uncertain_prediction,7.668939482786863,True,pass,False,,0.7465681098204857,0.10190073917634636,0.017423442449841606,0.27666314677930304,0.8780359028511088,0.42872228088701164,0.5047518479408659,0.4139387539598733,0.4142819429778247,0.4705121436114044,8.702414434404425,659,0.0,8.008554055120548,0,564,0,95,advance,COCCOc1cnccc1-c1[nH]c2c(c1Nc1cccc(F)c1Br)C(=O)NCC2
COCCOc1cnccc1-c1[nH]c2c(c1Nc1cccc(F)c1Br)C(=O)N(C)CC2,8.253600519650282,0.29504848818867896,0.48217449025556774,489.3450000000002,4.375200000000003,79.48,2,5,4,7,0.2727272727272727,0,0.0,3.4289666666666685,False,,0,,0,,0,,0.7671232876712328,0.6521507820546877,0.9130014219176139,0.20388349514563106,Gefitinib,0.23287671232876717,0.7961165048543689,0.4818661881804953,0.583312636307229,1.0,0.8837801926518026,0.4818661881804953,0.7372397542848818,1.0,0.5181338118195047,0.4818661881804953,-0.3404980881391819,7.811027787367264,-0.004897782471705258,-0.0,0.5718798274836594,8.378009832379218,0.0,0.0,0.29257273228301844,0.27266726477438086,0.0,0.6777399970573994,0.15,low,uncertain_prediction,7.700269835321819,True,pass,False,,0.5480464625131996,0.4424498416050686,0.06705385427666315,0.39809926082365366,0.5353748680042238,0.4350580781414995,0.5047518479408659,0.21013727560718057,0.4247888067581837,0.4353220696937698,8.887756400489039,587,0.0,7.997656318954343,0,565,0,22,advance,COCCOc1cnccc1-c1[nH]c2c(c1Nc1cccc(F)c1Br)C(=O)NCC2
Nc1nc(CC(=O)/C=C\Cl)cc2c(Nc3cccc(Br)c3)ncnc12,8.079316280981212,0.31272128200797267,0.608789936010034,418.6820000000001,3.9772000000000016,93.78999999999999,2,6,3,5,0.058823529411764705,0,0.0,2.557880000000001,False,,1,aniline,0,,0,,0.7166666666666667,0.6083032799801895,0.8332786908730717,0.2875,Sunvozertinib,0.2833333333333333,0.7125,0.42592417283972217,0.6864544648055186,0.88,0.8030840181548038,0.42592417283972217,0.698865663950011,0.88,0.45407582716027783,0.5459241728397222,-0.3639219881470521,7.610234357969253,0.2309902889512103,-0.2,0.549569672718268,8.19079431963873,0.0,0.0,0.319081923011959,0.1925947839503473,0.0,0.6241767069623063,0.15,low,uncertain_prediction,7.566617612676424,True,pass,False,,0.4720168954593453,0.7434002111932418,0.7170010559662091,0.6631467793030623,0.32576557550158397,0.5533262935586061,0.5047518479408659,0.18479408658922913,0.6012671594508976,0.5387539598732841,8.912314910979807,567,0.0,7.988122364524365,0,566,0,1,advance,O=C(/C=C\Cl)Cc1cc2c(Nc3cccc(Br)c3)ncnc2cn1
CNc1ncc2ncnc(Nc3cc(Br)ccc3N)c2n1,7.633334200726673,0.18847008931879955,0.6265576274927883,346.19200000000006,2.5497999999999994,101.64,3,7,3,3,0.07692307692307693,0,0.0,1.9000000000000001,False,,1,aniline,0,,0,,0.6470588235294118,0.5390644823586,0.7073899679247273,0.2714285714285714,Afatinib,0.3529411764705882,0.7285714285714286,0.4014044876585086,0.7215297720441105,0.88,0.7126853330864027,0.4014044876585086,0.6789048981972554,0.88,0.4785955123414914,0.5214044876585087,-0.3700005473849957,7.350629066748474,0.34924993518509595,-0.2,0.5542424499643751,8.054121451897945,0.0,0.0,0.13270513397819933,0.22324439042686425,0.0,0.46844952440506354,0.15,low,uncertain_prediction,7.585671927492881,True,pass,False,,0.2587117212249208,0.7903907074973601,0.9767687434002112,0.9461457233368532,0.030623020063357972,0.5015839493136219,0.5047518479408659,0.45406546990496305,0.6102428722280887,0.5148627243928194,8.786412898571651,628,0.0,7.978507196764264,0,567,0,61,advance,CNc1ncc2ncnc(Nc3cccc(Br)c3)c2n1
C/C=C/C(=O)Cc1cc2c(Nc3cccc(Br)c3)ncnc2c(Cl)n1,8.009408966829037,0.25201178394210727,0.4735681368327205,417.694,4.8720000000000026,67.77000000000001,1,5,3,5,0.1111111111111111,0,0.0,2.5512933333333336,False,,0,,0,,0,,0.7166666666666667,0.6193245258302327,0.8533173196913321,0.2911392405063291,Sunvozertinib,0.2833333333333333,0.7088607594936709,0.45094399294778414,0.6123358085913295,1.0,0.8172031796419168,0.45094399294778414,0.7201207452952576,1.0,0.5490560070522159,0.4509439929477841,-0.358902336463298,7.631391290915876,0.10198524794383156,-0.0,0.5534875577709343,8.286864096630643,0.0,0.0,0.2280176759131609,0.3113200088152699,0.0,0.6518376847284308,0.15,low,uncertain_prediction,7.635026411902212,True,pass,False,,0.41288278775079196,0.40179514255543824,0.7412882787750792,0.6631467793030623,0.38753959873284055,0.3505807814149947,0.5047518479408659,0.27771911298838436,0.5099788806758184,0.46275079197465685,8.898838753441625,579,0.0,7.9653273622718,0,568,0,11,advance,C/C=C/C(=O)Cc1cc2c(Nc3cccc(Br)c3)ncnc2cn1
Clc1ccc(Br)cc1Nc1ncnc2cnc(NCCN3CCOCC3)cc12,7.740693594876652,0.15193091085214888,0.5735272498432332,463.76700000000034,3.9284000000000026,75.2,2,7,4,6,0.3157894736842105,0,0.0,3.158446666666669,False,,0,,0,,0,,0.7301587301587301,0.6407973546085801,0.8923588265610547,0.40476190476190477,Erlotinib,0.2698412698412699,0.5952380952380952,0.4538217611226588,0.6439612694650603,1.0,0.8180786437303148,0.4538217611226588,0.7289654185795085,1.0,0.5461782388773412,0.4538217611226588,-0.3668582099424662,7.512797228598429,0.13133919721165394,-0.0,0.5230897066402638,8.167226132450347,0.0,0.0,0.07789636627822331,0.3077227985966765,0.0,0.4981191648748998,0.15,low,uncertain_prediction,7.6691069675754475,True,pass,False,,0.29989440337909185,0.6678986272439282,0.16948257655755017,0.5860612460401268,0.4857444561774023,0.3590285110876452,0.5047518479408659,0.5755015839493136,0.41116684266103487,0.4294350580781415,8.660626343643589,669,0.0,7.959429037269217,0,569,0,100,advance,Brc1cccc(Nc2ncnc3cnc(NCCN4CCOCC4)cc23)c1
CNc1nc(N)c2ncnc(Nc3cccc(Br)c3)c2n1,7.756870123802448,0.27484153414679696,0.6697853314381151,346.192,2.5498000000000003,101.64,3,7,3,3,0.07692307692307693,0,0.0,1.9000000000000001,False,,1,aniline,0,,0,,0.66,0.5846485671191554,0.7902701220348278,0.21333333333333335,Sunvozertinib,0.33999999999999997,0.7866666666666666,0.37182845704785406,0.7453050092140403,0.88,0.7893692581927875,0.37182845704785406,0.6966256811136704,0.88,0.508171542952146,0.49182845704785405,-0.43306296542108846,7.344607822582252,0.3924776391304228,-0.2,0.586567530508707,8.123652992221382,0.0,0.0,0.26226230122019545,0.26021442869018246,0.0,0.6349767299103779,0.15,low,uncertain_prediction,7.488676262311005,True,pass,False,,0.30834213305174235,0.8748680042238648,0.9767687434002112,0.9234424498416051,0.20591341077085534,0.4477296726504752,0.5047518479408659,0.24287222808870115,0.6449313621964098,0.5417370644139389,8.897570626857075,581,0.0,7.913760739607731,0,570,0,11,advance,CNc1ncc2ncnc(Nc3cccc(Br)c3)c2n1
COC(C)(C)COc1cncc(Cl)c1-c1[nH]c2c(c1Nc1cccc(F)c1C)C(=O)NCC2,8.651344166873145,0.26834173285195834,0.44952373159382286,472.94800000000026,5.010920000000003,88.27000000000001,3,5,4,7,0.3333333333333333,1,0.45,3.3196533333333353,False,,0,,0,,0,,0.7837837837837838,0.6776073279206962,0.9592860507649021,0.18446601941747573,Osimertinib,0.21621621621621623,0.8155339805825242,0.5999968287219153,0.5195590780176282,1.0,0.9233480332193077,0.5195590780176282,0.7607259849897128,1.0,0.48044092198237176,0.5195590780176282,-0.21430554169039673,8.248831567595207,-0.7150909350728442,-0.0,0.5817790041632801,8.115519636685644,0.0,0.0,0.2525125992779375,0.2255511524779647,0.0,0.5905637517559021,0.15,low,uncertain_prediction,7.524955884929741,True,pass,False,,0.6958817317845829,0.31414994720168954,0.08025343189017951,0.3194297782470961,0.6752903907074974,0.49366420274551215,0.5047518479408659,0.2555438225976769,0.45190073917634643,0.4760031678986273,8.65780052369726,673,0.0,7.8711596864080935,0,571,0,102,advance,COC(C)(C)COc1cnccc1-c1[nH]c2c(c1Nc1cccc(F)c1C)C(=O)NCC2
O=C(/C=C\Cl)Cc1ncc2ncnc(Nc3cccc(Br)c3)c2c1Cl,8.0670339284252,0.15536458233078962,0.5653993272818347,438.1120000000001,5.048400000000002,67.77,1,5,3,5,0.058823529411764705,1,0.45,2.687413333333334,False,,0,,0,,0,,0.6833333333333333,0.5958812166274854,0.8106931211408824,0.3116883116883117,Sunvozertinib,0.31666666666666665,0.6883116883116883,0.5330032744747473,0.6076075787229578,1.0,0.7800977629335839,0.5330032744747473,0.7301771540328222,1.0,0.46699672552525273,0.5330032744747473,-0.26289850607743326,7.833987054929016,-0.5318303197769889,-0.0,0.551666786778727,7.853823521930753,0.0,0.0,0.08304687349618442,0.20874590690656591,0.0,0.40429278040275035,0.15,low,uncertain_prediction,7.449530741528003,True,pass,False,,0.4614572333685322,0.6504751847940866,0.6061246040126715,0.8284054910242872,0.2682154171066526,0.5205913410770855,0.5047518479408659,0.5649419218585006,0.594350580781415,0.5370644139387539,8.567044218868451,704,0.0,7.869008038254508,0,572,0,132,advance,O=C(/C=C\Cl)Cc1cc2c(Nc3cccc(Br)c3)ncnc2cn1
C=CC(=O)Cc1cc2c(Nc3ccc(N)c(Br)c3)ncnc2cn1,8.03453873725024,0.31962452684683823,0.5173220354211839,384.237,3.4107000000000003,93.79,2,6,3,5,0.058823529411764705,0,0.0,2.328246666666667,False,,1,aniline,0,,0,,0.7192982456140351,0.5987703634085213,0.8159461152882205,0.39436619718309857,Sunvozertinib,0.2807017543859649,0.6056338028169015,0.4098975155197735,0.6449791707637025,0.88,0.7633680371703907,0.4098975155197735,0.6745611808634666,0.88,0.4701024844802265,0.5298975155197735,-0.35288488712492416,7.555101946979984,0.1739673883623604,-0.2,0.5119924591408098,8.041061794483154,0.0,0.0,0.32943679027025735,0.21262810560028317,0.0,0.6545648958705406,0.15,low,uncertain_prediction,7.386496898612613,True,pass,False,,0.43294614572333684,0.5665258711721225,0.8748680042238648,0.6499472016895459,0.2808870116156283,0.515311510031679,0.5047518479408659,0.16684266103484688,0.569350580781415,0.5057814149947201,8.724282491420851,653,0.0,7.768434596606277,0,573,0,80,advance,C=CC(=O)Cc1cc2c(Nc3cccc(Br)c3)ncnc2cn1
C/C=C/C(=O)Cc1cc2c(Nc3cc(Br)ccc3N)ncnc2cn1,7.709679591760033,0.19854255379184607,0.5016795814655813,398.26400000000007,3.8008000000000015,93.79,2,6,3,5,0.1111111111111111,0,0.0,2.421760000000001,False,,1,aniline,0,,0,,0.711864406779661,0.5925470996677236,0.8046310903049518,0.29333333333333333,Afatinib,0.288135593220339,0.7066666666666667,0.4134401102857161,0.6327791544214543,0.88,0.7801399843953806,0.4134401102857161,0.6765898122756377,0.88,0.4665598897142839,0.533440110285716,-0.35086626931989556,7.4118657610722645,0.14952669257669235,-0.2,0.5428187895253904,7.904211243174347,0.0,0.0,0.1478138306877691,0.2081998621428549,0.0,0.468513692830624,0.15,low,uncertain_prediction,7.435697550343724,True,pass,False,,0.2840549102428722,0.5263991552270327,0.8146779303062301,0.6847940865892291,0.2518479408658923,0.5216473072861668,0.5047518479408659,0.41816261879619854,0.49226504751847944,0.46285638859556494,8.494929300196523,721,0.0,7.766125216658402,0,574,0,147,advance,C/C=C/C(=O)Cc1cc2c(Nc3cccc(Br)c3)ncnc2cn1
C/C=C/C(=O)Cc1cc2c(Nc3ccc(N)c(Br)c3)ncnc2cn1,8.068014583780405,0.3437422956419021,0.5016795814655813,398.264,3.8008000000000015,93.79,2,6,3,5,0.1111111111111111,0,0.0,2.42176,False,,1,aniline,0,,0,,0.7288135593220338,0.6080254617326076,0.8327735667865592,0.32894736842105265,Sunvozertinib,0.27118644067796616,0.6710526315789473,0.4013840389957698,0.6327791544214544,0.88,0.7923433329846562,0.4013840389957698,0.6766266316004701,0.88,0.4786159610042302,0.5213840389957698,-0.3669901234729337,7.552401140317552,0.14952669257669246,-0.2,0.5315430794754088,8.033470912369653,0.0,0.0,0.3656134434628532,0.22326995125528776,0.0,0.7013833947181409,0.15,low,uncertain_prediction,7.332087517651512,True,pass,False,,0.4625131995776135,0.5263991552270327,0.8220696937697993,0.6024287222808871,0.324181626187962,0.5005279831045406,0.5047518479408659,0.13833157338965152,0.55720696937698,0.500026399155227,8.70211927562203,660,0.0,7.707119196637785,0,575,0,85,advance,C/C=C/C(=O)Cc1cc2c(Nc3cccc(Br)c3)ncnc2cn1
COc1c(F)cc(F)cc1Nc1c(-c2c(Cl)cncc2OCC(C)(C)OC)[nH]c2c1C(=O)NCC2,8.470619568042975,0.16934131793490187,0.40389645280567443,506.93700000000035,4.850200000000004,97.5,3,6,4,8,0.3333333333333333,1,0.5,3.646246666666669,False,,0,,0,,0,,0.7763157894736842,0.6438510948489942,0.8979110815436256,0.2,Gefitinib,0.22368421052631582,0.8,0.6241159694563125,0.4819027926328645,1.0,0.8734333111577193,0.4819027926328645,0.7448630183117242,1.0,0.5180972073671355,0.4819027926328645,-0.16099606514054865,8.216607591140622,-0.8597072138609926,-0.0,0.5651356651227485,7.922036042402379,0.0,0.0,0.1040119769023528,0.27262150920891937,0.0,0.48913348611127216,0.15,low,uncertain_prediction,7.432902556291107,True,pass,False,,0.6388595564941922,0.11510031678986272,0.011087645195353749,0.3484688489968321,0.503167898627244,0.43611404435058077,0.5047518479408659,0.5142555438225976,0.38186378035902857,0.41499472016895456,8.380272578833214,751,0.0,7.705896220493853,0,576,0,175,advance,COc1c(F)cc(F)cc1Nc1c(-c2ccncc2OCC(C)(C)OC)[nH]c2c1C(=O)NCC2
Nc1ccc(Nc2ncnc3cnc(CC(=O)/C=C\Cl)cc23)cc1Br,8.060467253434314,0.32974518114473517,0.48071716057006103,418.682,3.9772000000000016,93.78999999999999,2,6,3,5,0.058823529411764705,0,0.0,2.55788,False,,1,aniline,0,,0,,0.7241379310344828,0.6118228132021235,0.839677842185679,0.35135135135135137,Sunvozertinib,0.27586206896551724,0.6486486486486487,0.40929518655726405,0.6160144383135335,0.88,0.7919205438014214,0.40929518655726405,0.6743075421680548,0.88,0.47070481344273596,0.529295186557264,-0.35334980748105427,7.565849481717212,0.10291751351123754,-0.2,0.5286519861754971,7.997418981403946,0.0,0.0,0.3446177717171027,0.21338101680341998,0.0,0.6704987885205227,0.15,low,uncertain_prediction,7.326920192883423,True,pass,False,,0.4582893347412883,0.44139387539598735,0.7191129883843717,0.6282998944033791,0.3484688489968321,0.5131995776135164,0.5047518479408659,0.15100316789862725,0.5280359028511088,0.48262935586061245,8.631062064825278,679,0.0,7.681075419916159,0,577,0,102,advance,O=C(/C=C\Cl)Cc1cc2c(Nc3cccc(Br)c3)ncnc2cn1
COCCOc1cncc(OC)c1-c1[nH]c2c(c1Nc1cccc(F)c1Br)C(=O)NCC2,8.49437817541038,0.19298090283989755,0.4002111000054047,505.34400000000016,4.041600000000002,97.5,3,6,4,8,0.2727272727272727,1,0.5,3.635626666666668,False,,0,,0,,0,,0.8,0.6845654885654886,0.9719372519372519,0.19801980198019803,Gefitinib,0.19999999999999996,0.801980198019802,0.6135079118646669,0.48028431013117767,1.0,0.9294479884578895,0.48028431013117767,0.7558100526134335,1.0,0.5197156898688223,0.48028431013117767,-0.1897361876650222,8.204906821150534,-0.8678601727218682,-0.0,0.5735783723902536,7.910625020818919,0.0,0.0,0.1394713542598463,0.27464461233602794,0.0,0.5266159665958743,0.15,low,uncertain_prediction,7.3840090542230445,True,pass,False,,0.6441393875395988,0.10190073917634636,0.017423442449841606,0.2365364308342133,0.7106652587117213,0.42872228088701164,0.5047518479408659,0.43294614572333684,0.3601636747624076,0.4199841605068638,8.342821430533808,757,0.0,7.662990046831282,0,578,0,179,advance,COCCOc1cnccc1-c1[nH]c2c(c1Nc1cccc(F)c1Br)C(=O)NCC2
CNc1cc2c(Nc3cc(C(F)(F)F)ccc3N)ncnc2cn1,7.493556921610043,0.21923852033725907,0.6362139674734034,334.305,3.4111000000000002,88.75,3,6,3,3,0.13333333333333333,0,0.0,1.9000000000000001,False,,1,aniline,0,,0,,0.660377358490566,0.5432765513202454,0.7150482751277188,0.3188405797101449,Afatinib,0.339622641509434,0.6811594202898551,0.3449222661664295,0.7268407590334487,0.88,0.7065760614182529,0.3449222661664295,0.6645847716545328,0.88,0.5350777338335705,0.4649222661664295,-0.42621667398413765,7.164699141104155,0.3645473008067367,-0.2,0.5359400835481315,7.8651865254590225,0.0,0.0,0.1788577805058886,0.29384716729196314,0.0,0.5852049477978518,0.15,low,uncertain_prediction,7.279981577661171,True,pass,False,,0.2006335797254488,0.8305174234424498,0.9767687434002112,0.9181626187961985,0.044350580781414996,0.3833157338965153,0.5047518479408659,0.3600844772967265,0.5865364308342134,0.485506863780359,8.569030242460078,703,0.0,7.637589814197602,0,579,0,124,advance,CNc1cc2c(Nc3cccc(C(F)(F)F)c3)ncnc2cn1
COC(C)(C)COc1c(-c2[nH]c3c(c2Nc2cccc(F)c2C)C(=O)NCC3)ccnc1Cl,8.434269190260446,0.24693944079873692,0.4205116319349461,472.9480000000002,5.010920000000004,88.27,3,5,4,7,0.3333333333333333,1,0.45,3.319653333333335,False,,0,,0,,0,,0.76,0.6683538306017981,0.9424615101850873,0.18947368421052632,Afatinib,0.24,0.8105263157894737,0.5607096890059957,0.5036024232052461,1.0,0.9094777115861838,0.5036024232052461,0.7434474559493565,1.0,0.49639757679475394,0.5036024232052461,-0.24365035592448092,8.06386002906234,-0.7441030347317208,-0.0,0.5867732722831138,7.906530266613734,0.0,0.0,0.22040916119810539,0.24549697099344242,0.0,0.5784061321915478,0.15,low,uncertain_prediction,7.328124134422186,True,pass,False,,0.6209081309398099,0.18585005279831046,0.08342133051742344,0.42555438225976766,0.6288278775079198,0.4672650475184794,0.5047518479408659,0.2946145723336853,0.4142027455121436,0.4398627243928195,8.403573561228306,745,0.0,7.63095940369357,0,580,0,165,advance,COC(C)(C)COc1cnccc1-c1[nH]c2c(c1Nc1cccc(F)c1C)C(=O)NCC2
Cc1cccc(Nc2ncnc3cnc(NCCN4CCOCC4)cc23)c1N,7.906880844228731,0.3244931053396112,0.5614388525311585,379.4680000000003,2.40312,101.22,3,8,4,6,0.35,0,0.0,2.5964533333333355,False,,1,aniline,0,,0,,0.7076923076923077,0.6314038924975668,0.8752798045410304,0.36046511627906974,Dacomitinib,0.29230769230769227,0.6395348837209303,0.37457503731945485,0.6589277791485474,0.88,0.8163435743360055,0.37457503731945485,0.682461597701002,0.88,0.5054249626805452,0.49457503731945485,-0.4105154138420628,7.420141186219314,0.20697085253115824,-0.2,0.5422188777899981,7.96933091654047,0.0,0.0,0.33673965800941674,0.25678120335068144,0.0,0.7060208613600982,0.15,low,uncertain_prediction,7.263310055180372,True,pass,False,,0.36430834213305174,0.6378035902851109,0.6816261879619853,0.7148891235480465,0.44561774023231254,0.45195353748680045,0.5047518479408659,0.1583949313621964,0.5367212249208025,0.4927666314677931,8.613396386445434,685,0.0,7.629630012941724,0,581,0,104,advance,Cc1cccc(Nc2ncnc3cnc(NCCN4CCOCC4)cc23)c1
Nc1c(Br)cccc1Nc1ncnc2cnc(CC(=O)/C=C\Cl)cc12,7.685053548947127,0.2191160617435654,0.4807171605700608,418.6820000000002,3.9772000000000007,93.78999999999999,2,6,3,5,0.058823529411764705,0,0.0,2.5578800000000013,False,,1,aniline,0,,0,,0.6833333333333333,0.5774764188109227,0.7772298523834957,0.30666666666666664,Afatinib,0.31666666666666665,0.6933333333333334,0.39288214401628596,0.6160144383135335,0.88,0.7562557226209552,0.39288214401628596,0.6612880762376936,0.88,0.48711785598371404,0.512882144016286,-0.35787457629521036,7.356379456331779,0.1029175135112371,-0.2,0.5448074630958739,7.80410443293889,0.0,0.0,0.1786740926153481,0.23389731997964258,0.0,0.5250714125949907,0.15,low,uncertain_prediction,7.279033020343899,True,pass,False,,0.27455121436114044,0.4392819429778247,0.7138331573389651,0.8284054910242872,0.1610348468848997,0.48785638859556496,0.5047518479408659,0.3611404435058078,0.48416050686378037,0.4359028511087645,8.385097041175426,749,0.0,7.577116441674416,0,582,0,167,advance,O=C(/C=C\Cl)Cc1cc2c(Nc3cccc(Br)c3)ncnc2cn1
Nc1ccc(Br)cc1Nc1ncnc2cnc(CC(=O)/C=C\Cl)cc12,7.732547371708034,0.24354380884898755,0.4807171605700608,418.6820000000002,3.9772000000000007,93.78999999999999,2,6,3,5,0.058823529411764705,0,0.0,2.5578800000000013,False,,1,aniline,0,,0,,0.7068965517241379,0.5959181048836222,0.8107601906974947,0.2857142857142857,Sunvozertinib,0.2931034482758621,0.7142857142857143,0.38765617673271735,0.6160144383135335,0.88,0.7866415715945496,0.38765617673271735,0.6675780466602002,0.88,0.49234382326728265,0.5076561767327173,-0.3732291599033105,7.367231658434553,0.1029175135112371,-0.2,0.548872313684226,7.8190214856300155,0.0,0.0,0.2153157132734813,0.24042977908410335,0.0,0.5682454923575846,0.15,low,uncertain_prediction,7.2507759932724305,True,pass,False,,0.2946145723336853,0.4392819429778247,0.7138331573389651,0.7265047518479408,0.2697993664202746,0.4804646251319958,0.5047518479408659,0.30306230200633577,0.4728088701161563,0.43896515311510026,8.386392129769403,748,0.0,7.552534177010552,0,583,0,165,advance,O=C(/C=C\Cl)Cc1cc2c(Nc3cccc(Br)c3)ncnc2cn1
C[C@@H](Nc1ncnc2[nH]c(-c3ccc(CO)cc3)c(N)c12)c1ccccc1,7.0668303356288265,0.08256901254691257,0.43334337515325566,359.4330000000001,3.8725000000000014,99.85,4,5,4,5,0.14285714285714285,0,0.0,2.7128866666666673,False,,1,aniline,0,,0,,0.631578947368421,0.49758343257005544,0.6319698774001007,0.17721518987341772,Afatinib,0.368421052631579,0.8227848101265822,0.3339092751243678,0.5839970614624957,0.88,0.679673610581721,0.3339092751243678,0.6193949867921461,0.88,0.5460907248756321,0.45390927512436785,-0.3806476155570378,6.942976816808458,0.040696089438969844,-0.2,0.5706173860722104,7.354290292319638,0.0,0.0,0.0,0.3076134060945402,0.0,0.3076134060945402,0.0,low,,7.0466768862250975,True,pass,False,,0.12565997888067582,0.220168954593453,0.5908130939809926,0.9662090813093981,0.004751847940865892,0.3600844772967265,0.8247096092925026,0.8299894403379092,0.38244456177402325,0.38687961985216474,7.813223766448465,824,0.0,7.510932430047695,0,584,0,240,advance,C[C@@H](Nc1ncnc2[nH]c(-c3ccc(CO)cc3)cc12)c1ccccc1
COc1nccc(-c2[nH]c3c(c2Nc2cc(F)cc(F)c2OC)C(=O)NCC3)c1OCC(C)(C)OC,8.303393100978544,0.17006216360646859,0.402570886528414,502.51800000000037,4.205400000000004,106.73000000000002,3,7,4,9,0.36,1,0.5,3.716786666666669,False,,0,,0,,0,,0.7866666666666666,0.6519043532498816,0.9125533695452391,0.16822429906542055,Gefitinib,0.21333333333333337,0.8317757009345794,0.5818047607201081,0.47846065425729434,1.0,0.8923589523925741,0.47846065425729434,0.7381560918424941,1.0,0.5215393457427057,0.47846065425729434,-0.20846844149651456,8.04829985556884,-0.8689471134715863,-0.0,0.5736710526666836,7.753023794763938,0.0,0.0,0.10509324540970287,0.2769241821783821,0.0,0.494517427588085,0.15,low,uncertain_prediction,7.258506367175853,True,pass,False,,0.5659978880675819,0.10823653643083421,0.005807814149947202,0.3041182682154171,0.5343189017951425,0.4197465681098205,0.5047518479408659,0.5110876451953538,0.3380411826821542,0.3884635691657867,8.158673213982523,777,0.0,7.499662650174797,0,585,0,192,advance,COc1c(F)cc(F)cc1Nc1c(-c2ccncc2OCC(C)(C)OC)[nH]c2c1C(=O)NCC2
C=CC(=O)Cc1cc2c(Nc3cccc(Br)c3N)ncnc2cn1,7.664770415167733,0.2720375957489359,0.5173220354211839,384.2370000000001,3.4107000000000003,93.79,2,6,3,5,0.058823529411764705,0,0.0,2.3282466666666672,False,,1,aniline,0,,0,,0.6779661016949152,0.5665520919758208,0.7573674399560377,0.3157894736842105,Sunvozertinib,0.3220338983050848,0.6842105263157895,0.3507662867676781,0.6449791707637025,0.88,0.7390782115459756,0.3507662867676781,0.653705917269339,0.88,0.5292337132323219,0.47076628676767807,-0.4039195073355479,7.2567140215443295,0.17396738836236034,-0.2,0.5395202721210344,7.770201682027724,0.0,0.0,0.2580563936234038,0.2865421415404024,0.0,0.6570985351638063,0.15,low,uncertain_prediction,7.113103146863918,True,pass,False,,0.2682154171066526,0.5665258711721225,0.8711721224920802,0.8511087645195353,0.10242872228088701,0.4012671594508976,0.5047518479408659,0.2481520591341077,0.5348996832101373,0.45092397043294613,8.412081301879889,743,0.0,7.429211911383454,0,586,0,157,advance,C=CC(=O)Cc1cc2c(Nc3cccc(Br)c3)ncnc2cn1
O=C(/C=C\Cl)Cc1cc2c(Nc3cc(Cl)cc(Br)c3)ncnc2cn1,7.918926129052821,0.1970573926450081,0.5653993272818347,438.1120000000001,5.048400000000003,67.77000000000001,1,5,3,5,0.058823529411764705,1,0.45,2.687413333333334,False,,0,,0,,0,,0.75,0.6320078714545928,0.8763779480992595,0.3424657534246575,Sunvozertinib,0.25,0.6575342465753424,0.4667913574116995,0.6076075787229578,1.0,0.8216670227182803,0.4667913574116995,0.7240164897132344,1.0,0.5332086425883005,0.4667913574116995,-0.34296684306871317,7.623340040085308,-0.5318303197769889,-0.0,0.5288547609974177,7.620364481305737,0.0,0.0,0.14558608896751213,0.2915108032353756,0.0,0.5495968922028878,0.15,low,uncertain_prediction,7.070767589102849,True,pass,False,,0.368532206969377,0.6504751847940866,0.6061246040126715,0.47729672650475186,0.44931362196409713,0.38753959873284055,0.5047518479408659,0.42344244984160506,0.4823125659978881,0.47180570221752904,8.199139560503202,770,0.0,7.411934431763885,0,587,0,183,advance,O=C(/C=C\Cl)Cc1cc2c(Nc3cccc(Br)c3)ncnc2cn1
C=C(C)C(=O)Cc1cc2c(Nc3cccc(Br)c3N)ncnc2cn1,7.68108677467492,0.2686927641957606,0.5016795814655813,398.26400000000007,3.8008000000000015,93.79,2,6,3,5,0.1111111111111111,0,0.0,2.421760000000001,False,,1,aniline,0,,0,,0.6885245901639344,0.539387524246196,0.7079773168112653,0.33783783783783783,Afatinib,0.3114754098360656,0.6621621621621622,0.3571867587316977,0.6327791544214543,0.88,0.6965235281489895,0.3571867587316977,0.6416223603255353,0.88,0.5228132412683023,0.4771867587316977,-0.3792474687917836,7.278047628381279,0.14952669257669235,-0.2,0.5158069122776945,7.743381233235667,0.0,0.0,0.2530391462936409,0.2785165515853779,0.0,0.6440556978790188,0.15,low,uncertain_prediction,7.099325535356648,True,pass,False,,0.2734952481520591,0.5263991552270327,0.8146779303062301,0.8062302006335798,0.03167898627243928,0.4139387539598733,0.5047518479408659,0.25448785638859556,0.5118004223864836,0.43086061246040125,8.357541740099446,755,0.0,7.39135827030913,0,588,0,167,advance,C=C(C)C(=O)Cc1cc2c(Nc3cccc(Br)c3)ncnc2cn1
C=CC(=O)Cc1cc2c(Nc3cc(Br)ccc3N)ncnc2cn1,7.767998980209868,0.3181214365581248,0.5173220354211839,384.2370000000001,3.410700000000001,93.79,2,6,3,5,0.058823529411764705,0,0.0,2.3282466666666672,False,,1,aniline,0,,0,,0.7017543859649122,0.5810773729194783,0.7837770416717785,0.32432432432432434,Sunvozertinib,0.29824561403508776,0.6756756756756757,0.3443147394617797,0.6449791707637025,0.88,0.7567517001727528,0.3443147394617797,0.6565114025995588,0.88,0.5356852605382203,0.4643147394617797,-0.4162622175170386,7.290816825372681,0.17396738836236034,-0.2,0.5328574894364368,7.797641703171478,0.0,0.0,0.3271821548371872,0.2946065756727754,0.0,0.7342887305099626,0.15,low,uncertain_prediction,7.063352972661516,True,pass,False,,0.3146779303062302,0.5665258711721225,0.8711721224920802,0.7434002111932418,0.18690601900739176,0.3780359028511088,0.5047518479408659,0.17106652587117213,0.5342661034846885,0.45636219640971487,8.438761027353104,733,0.0,7.385987608353174,0,589,0,144,advance,C=CC(=O)Cc1cc2c(Nc3cccc(Br)c3)ncnc2cn1
CN(CC(O)CO)c1cc2c(Nc3cccc(Br)c3)ncnc2c(N)n1,7.58503758958584,0.21495645080264447,0.4783772231496454,419.2830000000001,1.9024999999999996,120.42,4,8,3,6,0.23529411764705882,0,0.0,3.0118866666666673,False,,1,aniline,0,,0,,0.6984126984126984,0.5884272875816994,0.7971405228758169,0.23170731707317074,Afatinib,0.3015873015873016,0.7682926829268293,0.370789881834609,0.5972656778605101,0.88,0.7899285628885699,0.370789881834609,0.6594960306459223,0.88,0.509210118165391,0.49078988183460903,-0.3849415317484178,7.2626029133818735,0.05012363491435126,-0.2,0.5654872213112887,7.678213769607513,0.0,0.0,0.17243467620396669,0.2615126477067387,0.0,0.5464473239107054,0.15,low,uncertain_prediction,7.131766445696808,True,pass,False,,0.24392819429778248,0.43453009503695883,0.37117212249208026,0.76610348468849,0.22914466737064415,0.44561774023231254,0.5047518479408659,0.37486800422386485,0.4055702217529039,0.3887803590285111,8.164898035710998,776,0.0,7.373302876531022,0,590,0,186,advance,CN(CC(O)CO)c1cc2c(Nc3cccc(Br)c3)ncnc2cn1
C/C=C/C(=O)Cc1cc2c(Nc3cccc(Br)c3N)ncnc2cn1,7.795994362949462,0.33543069238205847,0.5016795814655813,398.26400000000007,3.8008000000000015,93.79,2,6,3,5,0.1111111111111111,0,0.0,2.421760000000001,False,,1,aniline,0,,0,,0.6885245901639344,0.5746632316234264,0.7721149665880478,0.32,Afatinib,0.3114754098360656,0.6799999999999999,0.3391971060699246,0.6327791544214543,0.88,0.7490862249410357,0.3391971060699246,0.6502656213581036,0.88,0.5408028939300754,0.4591971060699246,-0.4147580203842388,7.292848324376374,0.14952669257669235,-0.2,0.5371926760732415,7.7795676930263085,0.0,0.0,0.3531460385730877,0.3010036174125943,0.0,0.7666496559856819,0.15,low,uncertain_prediction,7.0129180370406266,True,pass,False,,0.32101372756071805,0.5263991552270327,0.8146779303062301,0.8062302006335798,0.14413938753959873,0.36747624076029567,0.5047518479408659,0.1446673706441394,0.5331837381203801,0.4462249208025343,8.419388178770765,741,0.0,7.323387942003668,0,591,0,150,advance,C/C=C/C(=O)Cc1cc2c(Nc3cccc(Br)c3)ncnc2cn1
C/C=C/C(=O)Cc1ccc2ncnc(Nc3ccc(N)c(Br)c3)c2c1,7.635669735533291,0.27714744539240754,0.4926227266436487,397.27600000000007,4.405800000000003,80.9,2,5,3,5,0.10526315789473684,0,0.0,2.4151733333333336,False,,1,aniline,0,,0,,0.7288135593220338,0.6128640259461718,0.8415709562657668,0.32098765432098764,Osimertinib,0.27118644067796616,0.6790123456790124,0.33991422210863753,0.6280512176027248,0.88,0.8009313036190782,0.33991422210863753,0.6622241858326101,0.88,0.5400857778913625,0.4599142221086375,-0.42974661829863015,7.21994856744468,0.14087304243312235,-0.2,0.5361303410752302,7.696951950953032,0.0,0.0,0.2657211680886113,0.3001072223642031,0.0,0.6783283904528143,0.15,low,uncertain_prediction,7.018623560500218,True,pass,False,,0.25976768743400214,0.4931362196409715,0.8389651531151003,0.6024287222808871,0.3521647307286167,0.3717001055966209,0.5047518479408659,0.23864836325237593,0.46185322069693774,0.43083421330517424,8.251175815789358,768,0.0,7.310624616466427,0,592,0,176,advance,C/C=C/C(=O)Cc1ccc2ncnc(Nc3cccc(Br)c3)c2c1
COc1c(F)cc(F)cc1Nc1c(-c2ccnc(Cl)c2OCC(C)(C)OC)[nH]c2c1C(=O)NCC2,8.23241835593028,0.19364380125200778,0.3778291212787753,506.93700000000035,4.850200000000004,97.5,3,6,4,8,0.3333333333333333,1,0.5,3.646246666666669,False,,0,,0,,0,,0.7763157894736842,0.6438510948489942,0.8979110815436256,0.18867924528301888,Gefitinib,0.22368421052631582,0.8113207547169812,0.5475539281061645,0.46756576029306995,1.0,0.8762634998369645,0.46756576029306995,0.7228457970590497,1.0,0.53243423970693,0.46756576029306995,-0.2337224919371802,7.941952654052268,-0.8857745453878917,-0.0,0.5685318915378429,7.624710000202219,0.0,0.0,0.14046570187801166,0.2905427996336626,0.0,0.5435085015116743,0.15,low,uncertain_prediction,7.081201498690545,True,pass,False,,0.5395987328405492,0.04804646251319958,0.011087645195353749,0.3484688489968321,0.503167898627244,0.39123548046462514,0.5047518479408659,0.43189017951425557,0.3237856388595565,0.36655227032734955,8.013252766833688,796,0.0,7.2960642230833646,0,593,0,203,advance,COc1c(F)cc(F)cc1Nc1c(-c2ccncc2OCC(C)(C)OC)[nH]c2c1C(=O)NCC2
CN(CC(O)CO)c1cc2c(Nc3cccc(Br)c3N)ncnc2cn1,7.781317972813047,0.2800500152524756,0.44750292954261817,419.2830000000001,1.9024999999999996,120.42,4,8,3,6,0.23529411764705882,0,0.0,3.0118866666666673,False,,1,aniline,0,,0,,0.6984126984126984,0.5796737600512841,0.781225018275062,0.3466666666666667,Afatinib,0.3015873015873016,0.6533333333333333,0.37429448252652875,0.5802848163766452,0.88,0.7492520970396298,0.37429448252652875,0.645957848985701,0.88,0.5057055174734713,0.49429448252652874,-0.36221782194556296,7.361242949934333,0.019249341307324003,-0.2,0.5270205402830512,7.707512831524708,0.0,0.0,0.2700750228787134,0.25713189684183907,0.0,0.6397069197205525,0.15,low,uncertain_prediction,7.067805911804156,True,pass,False,,0.31784582893347413,0.2856388595564942,0.37117212249208026,0.76610348468849,0.17898627243928195,0.4508975712777191,0.5047518479408659,0.23020063357972545,0.40905491024287227,0.3769007391763464,8.198378723816155,771,0.0,7.295086798815771,0,594,0,177,advance,CN(CC(O)CO)c1cc2c(Nc3cccc(Br)c3)ncnc2cn1
C/C=C/C(=O)Cc1ccc2ncnc(Nc3cc(Br)ccc3N)c2c1,7.393238661505518,0.19609411449898909,0.4926227266436487,397.27600000000007,4.405800000000003,80.9,2,5,3,5,0.10526315789473684,0,0.0,2.4151733333333336,False,,1,aniline,0,,0,,0.711864406779661,0.597340570086194,0.8133464910658071,0.3108108108108108,Afatinib,0.288135593220339,0.6891891891891893,0.33604378522708717,0.6280512176027248,0.88,0.7823071655966527,0.33604378522708717,0.6566005421066161,0.88,0.5439562147729129,0.4560437852270871,-0.42740900917270536,7.0990974897570345,0.14087304243312235,-0.2,0.5397543964723611,7.579724928662517,0.0,0.0,0.14414117174848362,0.3049452684661411,0.0,0.5615864402146247,0.15,low,uncertain_prediction,7.018138488447892,True,pass,False,,0.16367476240760295,0.4931362196409715,0.8389651531151003,0.6847940865892291,0.2740232312565998,0.3632523759239704,0.5047518479408659,0.42555438225976766,0.4350844772967265,0.4109292502639915,8.101826301418589,786,0.0,7.286253588764683,0,595,0,191,advance,C/C=C/C(=O)Cc1ccc2ncnc(Nc3cccc(Br)c3)c2c1
COCCOc1cncc(Cl)c1-c1[nH]c2c(c1Nc1cccc(F)c1Br)C(=O)NCC2,8.504770725520606,0.3238210582169266,0.4024129695711318,509.76300000000015,4.686400000000003,88.27000000000001,3,5,4,7,0.23809523809523808,1,0.5,3.5650866666666676,False,,0,,0,,0,,0.7777777777777778,0.6605820331430088,0.928330969350925,0.20588235294117646,Gefitinib,0.2222222222222222,0.7941176470588236,0.5245179406283029,0.48420841531540454,1.0,0.8947776387778996,0.48420841531540454,0.7258759986804018,1.0,0.5157915846845955,0.4842084153154045,-0.26847741073613185,8.019039138195216,-0.8585405066193444,-0.0,0.5703180364553784,7.730816668031251,0.0,0.0,0.3357315873253899,0.2697394808557444,0.0,0.7179710681811342,0.15,low,uncertain_prediction,7.012845599850117,True,pass,False,,0.6462513199577613,0.10559662090813093,0.02481520591341077,0.34107708553326294,0.5876451953537487,0.4392819429778247,0.5047518479408659,0.16156282998944033,0.38387011615628297,0.40755015839493136,8.19146080741879,772,0.0,7.276905789924035,0,596,0,176,advance,COCCOc1cnccc1-c1[nH]c2c(c1Nc1cccc(F)c1Br)C(=O)NCC2
C=C(C)C(=O)Cc1cc2c(Nc3cc(Br)ccc3N)ncnc2cn1,7.733012489176595,0.31663331676337236,0.5016795814655813,398.26400000000007,3.8008000000000015,93.79,2,6,3,5,0.1111111111111111,0,0.0,2.421760000000001,False,,1,aniline,0,,0,,0.711864406779661,0.5500618309527339,0.7273851471867887,0.3108108108108108,Afatinib,0.288135593220339,0.6891891891891893,0.33660980055978806,0.6327791544214543,0.88,0.7178361576873888,0.33660980055978806,0.6418062781671579,0.88,0.5433901994402119,0.45660980055978806,-0.40692863680982627,7.258062514031536,0.14952669257669235,-0.2,0.5182640605026065,7.7258532671108355,0.0,0.0,0.3249499751450585,0.3042377493002649,0.0,0.7416877244453235,0.15,low,uncertain_prediction,6.984165542665512,True,pass,False,,0.29567053854276665,0.5263991552270327,0.8146779303062301,0.6847940865892291,0.061246040126715945,0.36430834213305174,0.5047518479408659,0.17317845828933473,0.49749208025343195,0.41929778247096094,8.322843763414953,760,0.0,7.262322881630665,0,597,0,163,advance,C=C(C)C(=O)Cc1cc2c(Nc3cccc(Br)c3)ncnc2cn1
COc1cc(C(N)=O)ccc1-c1[nH]c2ncnc(N[C@H](C)c3ccccc3)c2c1N,7.349078402752006,0.1720310099627113,0.39026395185598045,402.45800000000014,3.487700000000001,131.94,4,6,4,6,0.13636363636363635,0,0.0,3.0997200000000014,False,,1,aniline,0,,0,,0.6923076923076923,0.5839627705207707,0.7890232191286739,0.24719101123595505,Osimertinib,0.3076923076923077,0.752808988764045,0.3418478937141037,0.5454251735207892,0.88,0.7799696615375167,0.3418478937141037,0.6368106821931024,0.88,0.5381521062858963,0.46184789371410373,-0.3932837179719984,7.091031887807939,-0.06105768450765612,-0.2,0.5615600398729204,7.391534243173203,0.0,0.0,0.10804651494406696,0.29769013285737034,0.0,0.5182366478014373,0.15,low,uncertain_prediction,6.873297595371766,True,pass,False,,0.15522703273495247,0.08764519535374868,0.264519535374868,0.7903907074973601,0.20221752903907075,0.37486800422386485,0.5047518479408659,0.5068637803590285,0.2851372756071806,0.2987328405491024,7.73369897390182,835,0.0,7.006777004030689,0,598,0,237,advance,COc1cc(C(N)=O)ccc1-c1cc2c(N[C@H](C)c3ccccc3)ncnc2[nH]1
CNc1cc2c(Nc3cccc(C(F)(F)F)c3)ncnc2c(OC)n1,7.584149232947504,0.11551352377164821,0.7456970005963534,349.3160000000001,3.837500000000002,71.96000000000001,2,6,3,4,0.1875,0,0.0,2.0,False,,0,,0,,0,,0.625,0.549692295000825,0.7267132636378635,0.2716049382716049,Osimertinib,0.375,0.7283950617283951,0.44017784159672224,0.7832102734049173,1.0,0.7271337131604964,0.44017784159672224,0.737630457040534,1.0,0.5598221584032778,0.44017784159672224,-0.39660348725841565,7.410878947290032,0.46444700059635335,-0.0,0.5689468344279844,8.44427278231437,0.0,0.0,0.023270285657472307,0.3247776980040972,0.0,0.49804798366156955,0.2,low,agents_strongly_disagree,7.9462247986528,False,review,False,,0.24287222808870115,0.9535374868004224,0.9408658922914467,0.9778247096092925,0.06019007391763464,0.3262935586061246,0.32787750791974657,0.7053854276663146,0.6366948257655756,0.5144667370644139,9.20830657323306,432,0.75,7.513584883130095,1,599,167,0,review,CNc1cc2c(Nc3cccc(C(F)(F)F)c3)ncnc2cn1
CNc1ncc2ncnc(Nc3cc(Br)ccc3C)c2n1,7.487650819757806,0.07432258729878613,0.758824450581554,345.20400000000006,3.2760200000000017,75.62,2,6,3,3,0.14285714285714285,0,0.0,1.9000000000000001,False,,0,,0,,0,,0.66,0.544873889180897,0.7179525257834489,0.2753623188405797,Afatinib,0.33999999999999997,0.7246376811594203,0.4448868938303012,0.7942765247429315,1.0,0.7196238146274417,0.4448868938303012,0.7396968083001686,1.0,0.5551131061696988,0.4448868938303012,-0.3930798859598231,7.376166938809627,0.48811016486726827,-0.0,0.5498794357936883,8.414156539470584,0.0,0.0,0.0,0.3188913827121235,0.0,0.4688913827121235,0.2,low,agents_strongly_disagree,7.9452651567584605,False,review,False,,0.19746568109820486,0.9720168954593453,0.9767687434002112,0.9234424498416051,0.048574445617740235,0.3368532206969377,0.32787750791974657,0.8606124604012672,0.614466737064414,0.5094244984160506,9.151516623947881,452,0.75,7.506574554857721,1,600,148,0,review,CNc1ncc2ncnc(Nc3cccc(Br)c3)c2n1
CNc1cc2c(Nc3cc(OC)cc(C(F)(F)F)c3)ncnc2cn1,7.671291327547604,0.14343280980582876,0.7456970005963534,349.31600000000003,3.837500000000002,71.96000000000001,2,6,3,4,0.1875,0,0.0,2.0,False,,0,,0,,0,,0.6792452830188679,0.5616176689910553,0.7483957618019186,0.29577464788732394,Afatinib,0.3207547169811321,0.704225352112676,0.44241986502282094,0.7832102734049173,1.0,0.7373531593796079,0.44241986502282094,0.7407458244518366,1.0,0.5575801349771791,0.44241986502282094,-0.39776794590535414,7.456142112838861,0.46444700059635335,-0.0,0.5427061687257919,8.463295282161006,0.0,0.0,0.06514921470874313,0.32197516872147386,0.0,0.5371243834302171,0.2,low,agents_strongly_disagree,7.926170898730789,False,review,False,,0.2703273495248152,0.9535374868004224,0.9408658922914467,0.8468848996832101,0.0897571277719113,0.33051742344244983,0.32787750791974657,0.6019007391763463,0.6228616684266104,0.5078141499472016,9.210729284272938,431,0.75,7.485547878667431,1,601,170,0,review,CNc1cc2c(Nc3cccc(C(F)(F)F)c3)ncnc2cn1
CNc1cc2c(Nc3cc(C(F)(F)F)ccc3C)ncnc2cn1,7.427296425882982,0.048830959164875634,0.7542240902317288,333.317,4.1373200000000026,62.730000000000004,2,5,3,3,0.1875,0,0.0,1.9000000000000001,False,,0,,0,,0,,0.6730769230769231,0.5518267135914195,0.7305940247116718,0.3235294117647059,Afatinib,0.32692307692307687,0.6764705882352942,0.44764243505533263,0.7917463265505278,1.0,0.7170631655925774,0.44764243505533263,0.7391129817996095,1.0,0.5523575649446674,0.44764243505533263,-0.3886273956590358,7.354049987135669,0.4879740902317287,-0.0,0.5327050672638908,8.374729144631289,0.0,0.0,0.0,0.31544695618083424,0.0,0.46544695618083426,0.2,low,agents_strongly_disagree,7.9092821884504545,False,review,False,,0.17212249208025343,0.9609292502639916,0.9767687434002112,0.8695881731784583,0.06546990496304118,0.3453009503695882,0.32787750791974657,0.9440337909186906,0.5900739176346357,0.5014783526927139,9.082817845792851,487,0.75,7.46105621168171,1,602,115,0,review,CNc1cc2c(Nc3cccc(C(F)(F)F)c3)ncnc2cn1
CNc1cc2c(Nc3cccc(C(F)(F)F)c3)ncnc2c(Cl)n1,7.617540449488728,0.12178997628312198,0.6795619857840922,353.73500000000007,4.482300000000002,62.730000000000004,2,5,3,3,0.13333333333333333,0,0.0,1.9249000000000005,False,,0,,0,,0,,0.6481481481481481,0.5533493061794948,0.7333623748718087,0.28378378378378377,Sunvozertinib,0.35185185185185186,0.7162162162162162,0.4441321289739966,0.7497244767966353,1.0,0.7290758352079105,0.4441321289739966,0.7307331102446357,1.0,0.5558678710260034,0.44413212897399656,-0.3821346416941854,7.434855485064045,0.40416031911742545,-0.0,0.5565387919161504,8.39555459609762,0.0,0.0,0.03268496442468296,0.3198348387825043,0.0,0.5025198032071873,0.2,low,agents_strongly_disagree,7.8930347928904325,False,review,False,,0.25237592397043296,0.895987328405491,0.9466737064413939,0.9429778247096093,0.06969376979936642,0.33368532206969376,0.32787750791974657,0.6842661034846885,0.6233632523759239,0.5064149947201689,9.143590498948729,457,0.75,7.450732786554635,1,603,146,0,review,CNc1cc2c(Nc3cccc(C(F)(F)F)c3)ncnc2cn1
CNc1nc(OC)c2ncnc(Nc3cccc(Br)c3)c2n1,7.493925297463374,0.11321658948955084,0.738997939513238,361.2030000000001,2.9762000000000004,84.85000000000001,2,7,3,4,0.14285714285714285,0,0.0,2.0746866666666675,False,,0,,0,,0,,0.6346153846153846,0.580960890960891,0.7835652562925289,0.25316455696202533,Osimertinib,0.3653846153846154,0.7468354430379747,0.41922971172315787,0.7766532257066399,1.0,0.7743828029788904,0.41922971172315787,0.7425664351021721,1.0,0.5807702882768422,0.4192297117231578,-0.43111563117201884,7.324100413229048,0.4420806537989522,-0.0,0.5843650239076016,8.350546090935602,0.0,0.0,0.019824884234326247,0.35096286034605273,0.0,0.520787744580379,0.2,low,agents_strongly_disagree,7.829758346355223,False,review,False,,0.2016895459345301,0.9477296726504751,0.9255543822597677,0.9625131995776135,0.18585005279831046,0.2925026399155227,0.32787750791974657,0.7138331573389651,0.6116420274551215,0.5077877507919747,9.084516523881748,485,0.75,7.389103647305591,1,604,119,0,review,CNc1ncc2ncnc(Nc3cccc(Br)c3)c2n1
CNc1cc2c(Nc3cccc(C(F)(F)F)c3OC)ncnc2cn1,7.569086291375694,0.14033621184185738,0.7456970005963534,349.31600000000003,3.837500000000002,71.96000000000001,2,6,3,4,0.1875,0,0.0,2.0,False,,0,,0,,0,,0.5964912280701754,0.5476977885326343,0.7230868882411532,0.36231884057971014,Afatinib,0.4035087719298246,0.6376811594202898,0.4190362245546233,0.7832102734049173,1.0,0.7017354560359375,0.4190362245546233,0.7259954884988695,1.0,0.5809637754453767,0.4190362245546233,-0.4092790185923284,7.358581973612908,0.46444700059635335,-0.0,0.5536550172547963,8.376683991464057,0.0,0.0,0.06050431776278606,0.35120471930672087,0.0,0.5617090370695069,0.2,low,agents_strongly_disagree,7.81497495439455,False,review,False,,0.235480464625132,0.9535374868004224,0.9408658922914467,0.9936642027455121,0.05174234424498416,0.2914466737064414,0.32787750791974657,0.617740232312566,0.6365364308342134,0.5051214361140445,9.140527708465113,462,0.75,7.371120677731403,1,605,143,0,review,CNc1cc2c(Nc3cccc(C(F)(F)F)c3)ncnc2cn1
CNc1cc2c(Nc3cccc(C(F)(F)F)c3)ncnc2c(C)n1,7.529564318424243,0.1368591840602371,0.7542240902317288,333.31700000000006,4.1373200000000026,62.730000000000004,2,5,3,3,0.1875,0,0.0,1.9000000000000001,False,,0,,0,,0,,0.660377358490566,0.5693378389604804,0.7624324344736007,0.25333333333333335,Sunvozertinib,0.339622641509434,0.7466666666666666,0.4115896507638948,0.7917463265505278,1.0,0.7584909925218671,0.4115896507638948,0.7404567424590723,1.0,0.5884103492361052,0.41158965076389475,-0.43848945559357017,7.324275542333887,0.4879740902317287,-0.0,0.5674382972976455,8.379687929863262,0.0,0.0,0.055288776090355624,0.36051293654513156,0.0,0.5658017126354872,0.2,low,agents_strongly_disagree,7.813886217227775,False,review,False,,0.2133051742344245,0.9609292502639916,0.9767687434002112,0.9181626187961985,0.11404435058078141,0.28616684266103487,0.32787750791974657,0.6356916578669483,0.6183210137275608,0.5022175290390708,9.121673146336335,468,0.75,7.36654725207466,1,606,138,0,review,CNc1cc2c(Nc3cccc(C(F)(F)F)c3)ncnc2cn1
CNc1ncc2ncnc(Nc3cccc(Br)c3C)c2n1,7.447868296944908,0.1101157286692525,0.758824450581554,345.20400000000006,3.2760200000000017,75.62,2,6,3,3,0.14285714285714285,0,0.0,1.9000000000000001,False,,0,,0,,0,,0.6274509803921569,0.5415268084634983,0.7118669244790877,0.2753623188405797,Afatinib,0.37254901960784315,0.7246376811594203,0.40988606416775036,0.7942765247429315,1.0,0.7150596136491709,0.40988606416775036,0.7298055506399632,1.0,0.5901139358322496,0.4098860641677504,-0.4265593152962838,7.282694703941029,0.48811016486726827,-0.0,0.5630050942911274,8.333809963099425,0.0,0.0,0.015173593003878737,0.362642419790312,0.0,0.5278160127941907,0.2,low,agents_strongly_disagree,7.8059939503052345,False,review,False,,0.1795142555438226,0.9720168954593453,0.9767687434002112,0.9767687434002112,0.03907074973600845,0.27983104540654696,0.32787750791974657,0.7275607180570222,0.6170538542766633,0.49606652587117217,9.07427458823142,489,0.75,7.35127378135064,1,607,118,0,review,CNc1ncc2ncnc(Nc3cccc(Br)c3)c2n1
CNc1ncc2ncnc(Nc3cc(Br)ccc3OC)c2n1,7.4922902576886985,0.11227865418999969,0.738997939513238,361.2030000000001,2.9762000000000004,84.85000000000001,2,7,3,4,0.14285714285714285,0,0.0,2.0746866666666675,False,,0,,0,,0,,0.6346153846153846,0.5386727720164253,0.7066777673025914,0.3026315789473684,Osimertinib,0.3653846153846154,0.6973684210526316,0.41947750648917487,0.7766532257066399,1.0,0.7043504307401014,0.41947750648917487,0.7251202907339791,1.0,0.5805224935108251,0.4194775064891749,-0.40752371232640555,7.323872276403699,0.4420806537989522,-0.0,0.5503030450645142,8.316255975267165,0.0,0.0,0.018417981284999524,0.35065311688853135,0.0,0.5190710981735309,0.2,low,agents_strongly_disagree,7.797184877093634,False,review,False,,0.19852164730728616,0.9477296726504751,0.9255543822597677,0.9625131995776135,0.029567053854276663,0.293558606124604,0.32787750791974657,0.7191129883843717,0.6102164730728618,0.4915786694825766,9.0485157429546,499,0.75,7.337079280472725,1,608,109,0,review,CNc1ncc2ncnc(Nc3cccc(Br)c3)c2n1
CNc1cc2c(Nc3cc(C(F)(F)F)ccc3Cl)ncnc2cn1,7.302907125260583,0.04418707185482075,0.7264465867289771,353.735,4.482300000000001,62.730000000000004,2,5,3,3,0.13333333333333333,0,0.0,1.9249000000000003,False,,0,,0,,0,,0.660377358490566,0.5471043025164176,0.7220078227571228,0.323943661971831,Sunvozertinib,0.339622641509434,0.676056338028169,0.41979583101677115,0.775511007316322,1.0,0.7105199515748843,0.41979583101677115,0.7264566974769944,1.0,0.5802041689832289,0.4197958310167711,-0.4088811552802976,7.236626517478351,0.4510449200623104,-0.0,0.5361490457769768,8.223820483317638,0.0,0.0,0.0,0.35025521122903613,0.0,0.5002552112290362,0.2,low,agents_strongly_disagree,7.723565272088602,False,review,False,,0.15100316789862725,0.9324181626187962,0.9503695881731784,0.9181626187961985,0.050686378035902854,0.29567053854276665,0.32787750791974657,0.9567053854276664,0.580623020063358,0.48727560718057017,8.920568107393668,563,0.75,7.258296000705286,1,609,46,0,review,CNc1cc2c(Nc3cccc(C(F)(F)F)c3)ncnc2cn1
CNc1ncc2ncnc(Nc3cccc(C(F)(F)F)c3)c2c1C,7.2764990999832335,0.09465971858844845,0.7542240902317288,333.31700000000006,4.137320000000002,62.730000000000004,2,5,3,3,0.1875,0,0.0,1.9000000000000001,False,,0,,0,,0,,0.6415094339622641,0.5888541351360441,0.7979166093382619,0.2676056338028169,Afatinib,0.3584905660377359,0.7323943661971831,0.37786297198389446,0.7917463265505278,1.0,0.7815360485529922,0.37786297198389446,0.7377863367718537,1.0,0.6221370280161056,0.3778629719838944,-0.4798978197172789,7.1345095221005606,0.4879740902317287,-0.0,0.5805182169107016,8.203001829242991,0.0,0.0,0.0,0.402671285020132,0.0,0.5526712850201321,0.2,low,agents_strongly_disagree,7.650330544222859,False,review,False,,0.14783526927138332,0.9609292502639916,0.9767687434002112,0.9514255543822597,0.23442449841605068,0.23020063357972545,0.32787750791974657,0.7909186906019008,0.5955121436114045,0.5001055966209083,8.917616401576677,564,0.75,7.200457260167949,1,610,46,0,review,CNc1cc2c(Nc3cccc(C(F)(F)F)c3)ncnc2cn1
Cc1nccc2ncnc(Nc3cccc(Br)c3NCCC(=O)O)c12,7.608682634243723,0.11970982011233282,0.5778289525438194,402.2520000000002,3.7259200000000012,100.03000000000002,3,6,3,6,0.17647058823529413,0,0.0,2.548346666666668,False,,0,,0,,0,,0.6833333333333333,0.5787391774891775,0.7795257772530498,0.24358974358974358,Afatinib,0.31666666666666665,0.7564102564102564,0.44337378448229786,0.6697925905657673,1.0,0.7737468970423514,0.44337378448229786,0.7217283180226042,1.0,0.5566262155177022,0.4433737844822978,-0.3711393780537417,7.429117904075224,0.2132240113673486,-0.0,0.5643045212363393,8.206646436678913,0.0,0.0,0.02956473016849922,0.32078276939712774,0.0,0.500347499565627,0.2,low,agents_strongly_disagree,7.706298937113286,False,review,False,,0.249208025343189,0.6795142555438226,0.7534318901795143,0.8284054910242872,0.1678986272439282,0.33157338965153116,0.32787750791974657,0.6927138331573389,0.5267423442449841,0.45224392819429776,8.838737249772894,609,0.75,7.198991650946444,1,611,2,0,review,O=C(O)CCNc1c(Br)cccc1Nc1ncnc2ccncc12
COCCOc1cnccc1-c1[nH]c2c(c1Nc1ccc(Cl)c(F)c1Br)C(=O)NCC2,8.78515720291773,0.1312812482152213,0.31775627136124746,509.76300000000015,4.686400000000003,88.27000000000001,3,5,4,7,0.23809523809523808,1,0.5,3.5650866666666676,False,,0,,0,,0,,0.7777777777777778,0.7141407709078942,1.0,0.20588235294117646,Gefitinib,0.2222222222222222,0.7941176470588236,0.7293924269787777,0.43764723129996813,1.0,0.9485294117647058,0.43764723129996813,0.7788922675108629,1.0,0.5623527687000318,0.4376472312999682,-0.06599978737611367,8.588235330594898,-0.9431972048292289,-0.0,0.5882352941176471,8.233273419883316,0.0,0.0,0.046921872322831945,0.32794096087503977,0.0,0.5248628331978717,0.2,low,agents_strongly_disagree,7.708410586685444,False,review,False,,0.7455121436114044,0.006335797254487857,0.02481520591341077,0.34107708553326294,0.8780359028511088,0.31890179514255546,0.32787750791974657,0.6525871172122492,0.4086853220696937,0.44630411826821537,8.72369580636695,654,0.75,7.193975528607303,1,612,0,42,review,COCCOc1cnccc1-c1[nH]c2c(c1Nc1cccc(F)c1Br)C(=O)NCC2
CNc1cc2c(Nc3cc(F)cc(C(F)(F)F)c3)ncnc2cn1,8.27675264065174,0.3493543028525394,0.7083112602196698,337.28,3.9680000000000017,62.730000000000004,2,5,3,3,0.13333333333333333,0,0.0,1.9000000000000001,False,,0,,0,,0,,0.72,0.6209466083482256,0.8562665606331373,0.3142857142857143,Sunvozertinib,0.28,0.6857142857142857,0.4496401481661574,0.7664942700438953,1.0,0.8136284919034245,0.4496401481661574,0.7574407275283692,1.0,0.5503598518338426,0.4496401481661574,-0.41040077248294915,7.752721186372931,0.4366445935530031,-0.0,0.5457809258725701,8.735146705798504,0.0,0.0,0.3740314542788091,0.31294981479230327,0.0,0.9494812690711123,0.35,medium,uncertain_prediction;agents_strongly_disagree,7.785665436727392,False,review,False,,0.5564941921858501,0.9202745512143612,0.9767687434002112,0.6457233368532207,0.3938753959873284,0.3484688489968321,0.14889123548046462,0.13199577613516367,0.7101372756071805,0.5629619852164731,9.587311436527122,287,0.75,7.1862198189871584,1,613,326,0,review,CNc1cc2c(Nc3cccc(C(F)(F)F)c3)ncnc2cn1
C=C(C)C(=O)Cc1cc2c(Nc3cccc(Br)c3)ncnc2c(C)n1,7.612297566850369,0.14543938798171221,0.6412175592087311,397.27600000000007,4.527020000000003,67.77000000000001,1,5,3,5,0.15789473684210525,0,0.0,2.4151733333333336,False,,0,,0,,0,,0.7,0.5764824422888939,0.7754226223434434,0.2948717948717949,Sunvozertinib,0.30000000000000004,0.7051282051282051,0.42626682012539374,0.7097783755135201,1.0,0.7578490180396338,0.42626682012539374,0.7234735534196368,1.0,0.5737331798746063,0.42626682012539374,-0.3962756443923242,7.394138484877801,0.2947310328929416,-0.0,0.5403941171243224,8.229263634895064,0.0,0.0,0.06815908197256831,0.34216647484325785,0.0,0.5603255568158262,0.2,low,agents_strongly_disagree,7.668938078079238,False,review,False,,0.25131995776135163,0.8410770855332629,0.8389651531151003,0.7550158394931362,0.15205913410770855,0.3041182682154171,0.32787750791974657,0.5945089757127772,0.5581573389651531,0.46908658922914465,8.899052441653248,578,0.75,7.181841985154212,1,614,36,0,review,C=C(C)C(=O)Cc1cc2c(Nc3cccc(Br)c3)ncnc2cn1
CNc1cc2c(Nc3cc(C(F)(F)F)ccc3OC)ncnc2cn1,7.290132028112798,0.07545720201183202,0.7456970005963534,349.31600000000003,3.837500000000002,71.96000000000001,2,6,3,4,0.1875,0,0.0,2.0,False,,0,,0,,0,,0.6481481481481481,0.5369838968852768,0.7036070852459577,0.3333333333333333,Afatinib,0.35185185185185186,0.6666666666666667,0.39471296561991714,0.7832102734049173,1.0,0.694371980601135,0.39471296561991714,0.7180738049064923,1.0,0.6052870343800829,0.3947129656199171,-0.4311477857154337,7.17694622509505,0.46444700059635335,-0.0,0.5342351046448228,8.175628330336226,0.0,0.0,0.0,0.38160879297510364,0.0,0.5316087929751037,0.2,low,agents_strongly_disagree,7.644019537361122,False,review,False,,0.14994720168954592,0.9535374868004224,0.9408658922914467,0.9429778247096093,0.026399155227032733,0.2502639915522703,0.32787750791974657,0.8553326293558606,0.587909186906019,0.47961985216473074,8.881119354623449,590,0.75,7.1695633599588,1,615,25,0,review,CNc1cc2c(Nc3cccc(C(F)(F)F)c3)ncnc2cn1
Cc1ccc(Br)cc1Nc1ncnc2cnc(CC(=O)/C=C\Cl)cc12,7.466360754318799,0.07229058023569247,0.6092838055589441,417.69400000000024,4.703420000000002,67.77000000000001,1,5,3,5,0.1111111111111111,0,0.0,2.551293333333335,False,,0,,0,,0,,0.7068965517241379,0.606345231921245,0.8297186034931726,0.2972972972972973,Afatinib,0.2931034482758621,0.7027027027027026,0.4409867824147151,0.6869794263907525,1.0,0.7979646282955551,0.4409867824147151,0.7314827092752557,1.0,0.5590132175852849,0.4409867824147151,-0.3873279024807207,7.357924883965261,0.23770091667005497,-0.0,0.5501370134082418,8.145762814043557,0.0,0.0,0.0,0.3237665219816061,0.0,0.4737665219816061,0.2,low,agents_strongly_disagree,7.6719962920619516,False,review,False,,0.1900739176346357,0.7460401267159451,0.7286166842661035,0.7265047518479408,0.32101372756071805,0.32840549102428723,0.32787750791974657,0.870116156282999,0.4893347412882788,0.4556758183738121,8.732964503589493,650,0.75,7.168807274110526,1,616,0,34,review,O=C(/C=C\Cl)Cc1cc2c(Nc3cccc(Br)c3)ncnc2cn1
CNc1ncc2ncnc(Nc3cc(Cl)cc(Br)c3)c2n1,8.05419396469599,0.2721778141519531,0.7381261856806935,365.62200000000007,3.6210000000000013,75.62,2,6,3,3,0.07692307692307693,0,0.0,2.004146666666667,False,,0,,0,,0,,0.6938775510204082,0.5790144920182259,0.7800263491240469,0.28169014084507044,Sunvozertinib,0.30612244897959184,0.7183098591549295,0.4480240212676304,0.7788868380218175,1.0,0.7645972266317675,0.4480240212676304,0.7478770214803039,1.0,0.5519759787323696,0.4480240212676304,-0.39980400028356455,7.64592724346806,0.44519649337300116,-0.0,0.548254647068307,8.639378383909367,0.0,0.0,0.2582667212279296,0.314969973415462,0.0,0.8357366946433915,0.35,medium,uncertain_prediction;agents_strongly_disagree,7.803641689265976,False,review,False,,0.44878563885955647,0.9413938753959873,0.9329461457233369,0.7771911298838438,0.1689545934530095,0.3474128827877508,0.14889123548046462,0.2470960929250264,0.6856124604012672,0.5257391763463568,9.462113336390887,329,0.75,7.159528700881603,1,617,288,0,review,CNc1ncc2ncnc(Nc3cccc(Br)c3)c2n1
CNc1ncc2ncnc(Nc3cc(Br)ccc3Cl)c2n1,7.365417234633376,0.11192515455767724,0.7381261856806935,365.62200000000007,3.6210000000000013,75.62,2,6,3,3,0.07692307692307693,0,0.0,2.004146666666667,False,,0,,0,,0,,0.6470588235294118,0.5398581331522508,0.7088329693677287,0.2727272727272727,Osimertinib,0.3529411764705882,0.7272727272727273,0.38800670046796987,0.7788868380218175,1.0,0.7134429088439784,0.38800670046796987,0.7200841118334415,1.0,0.6119932995320301,0.3880067004679699,-0.44276988182062865,7.1975295027968595,0.44519649337300116,-0.0,0.554213589935515,8.196939586105376,0.0,0.0,0.017887731836515847,0.3899916244150376,0.0,0.5578793562515535,0.2,low,agents_strongly_disagree,7.639060229853823,False,review,False,,0.1573389651531151,0.9413938753959873,0.9329461457233369,0.9461457233368532,0.0337909186906019,0.24076029567053855,0.32787750791974657,0.7212249208025343,0.5882523759239704,0.4726240760295671,8.90284243721414,576,0.75,7.1562091210893035,1,618,42,0,review,CNc1ncc2ncnc(Nc3cccc(Br)c3)c2n1
COc1nc(NCCN2CCOCC2)cc2c(Nc3cccc(C)c3)ncnc12,7.462132289983415,0.07810884013021833,0.6328868372895197,394.4790000000001,2.8295200000000005,84.43,2,8,4,7,0.38095238095238093,0,0.0,2.7965266666666677,False,,0,,0,,0,,0.6865671641791045,0.611417340911367,0.838940619838849,0.4,Dacomitinib,0.31343283582089554,0.6,0.43585688440470083,0.690529042560518,1.0,0.7792054648791368,0.43585688440470083,0.7263978479610889,1.0,0.5641431155952992,0.43585688440470083,-0.38738795140851734,7.344969029788087,0.2515030753847576,-0.0,0.5307799310791153,8.12725203625196,0.0,0.0,0.0,0.33017889449412396,0.0,0.480178894494124,0.2,low,agents_strongly_disagree,7.647073141757836,False,review,False,,0.18796198521647306,0.8051742344244984,0.544350580781415,0.8167898627243928,0.34107708553326294,0.3115100316789863,0.32787750791974657,0.8479408658922915,0.4906282998944034,0.4537222808870116,8.716005996125244,657,0.75,7.141539878822251,1,619,0,38,review,Cc1cccc(Nc2ncnc3cnc(NCCN4CCOCC4)cc23)c1
C=CC(=O)Cc1cc2c(Nc3cc(Br)ccc3C)ncnc2cn1,7.511968184709964,0.13506156539988565,0.6711836604087291,383.2490000000001,4.1369200000000035,67.77000000000001,1,5,3,5,0.1111111111111111,0,0.0,2.3216600000000005,False,,0,,0,,0,,0.7017543859649122,0.5907477025898078,0.8013594592541959,0.3333333333333333,Osimertinib,0.29824561403508776,0.6666666666666667,0.4084489503975711,0.7298563978401855,1.0,0.7676862611073136,0.4084489503975711,0.7264979023362677,1.0,0.5915510496024289,0.4084489503975711,-0.4240652692515954,7.309375836610136,0.33404577151984016,-0.0,0.5345503911293386,8.177971999259315,0.0,0.0,0.05259234809982846,0.36443881200303613,0.0,0.5670311601028646,0.2,low,agents_strongly_disagree,7.61094083915645,False,review,False,,0.20485744456177402,0.8796198521647307,0.8801478352692714,0.7434002111932418,0.24181626187961985,0.27771911298838436,0.32787750791974657,0.6409714889123548,0.5488120380147836,0.472544878563886,8.836546444877055,610,0.75,7.127994693433114,1,620,10,0,review,C=CC(=O)Cc1cc2c(Nc3cccc(Br)c3)ncnc2cn1
CNc1ncc2ncnc(Nc3cccc(Br)c3Cl)c2n1,7.4073018309583505,0.14299688745665382,0.7381261856806935,365.62200000000007,3.6210000000000013,75.62,2,6,3,3,0.07692307692307693,0,0.0,2.004146666666667,False,,0,,0,,0,,0.6153846153846154,0.5352282582882668,0.7004150150695759,0.2714285714285714,Afatinib,0.3846153846153846,0.7285714285714286,0.37672763651992996,0.7788868380218175,1.0,0.7074541184450391,0.37672763651992996,0.7157671482466965,1.0,0.6232723634800701,0.3767276365199299,-0.45205268230235557,7.192806499773369,0.44519649337300116,-0.0,0.5667521054157456,8.204755098562117,0.0,0.0,0.06449533118498071,0.4040904543500876,0.0,0.6185857855350684,0.2,low,agents_strongly_disagree,7.586169313027049,False,review,False,,0.1678986272439282,0.9413938753959873,0.9329461457233369,0.9857444561774024,0.025343189017951427,0.22914466737064415,0.32787750791974657,0.604012671594509,0.6009239704329462,0.4718848996832102,8.925863863081652,558,0.75,7.102431192646901,1,621,63,0,review,CNc1ncc2ncnc(Nc3cccc(Br)c3)c2n1
Cc1nc(NCCN2CCOCC2)cc2c(Nc3cccc(Br)c3)ncnc12,7.460482027662096,0.07301898198758397,0.6033492810887935,443.34900000000005,3.583420000000002,75.2,2,7,4,6,0.35,0,0.0,3.022326666666667,False,,0,,0,,0,,0.7076923076923077,0.6605107935542718,0.9282014428259486,0.36046511627906974,Dacomitinib,0.29230769230769227,0.6395348837209303,0.4390072195242151,0.6655987712655032,1.0,0.856034803049694,0.4390072195242151,0.740160198459853,1.0,0.5609927804757848,0.4390072195242152,-0.40153730524751724,7.35095355468072,0.1850002810887935,-0.0,0.5554492873612278,8.09140312313074,0.0,0.0,0.0,0.32624097559473103,0.0,0.47624097559473105,0.2,low,agents_strongly_disagree,7.61516214753601,False,review,False,,0.18690601900739176,0.7328405491024287,0.35850052798310456,0.7148891235480465,0.5860612460401268,0.324181626187962,0.32787750791974657,0.866948257655755,0.42742872228088696,0.44049630411826823,8.604317589867804,690,0.75,7.093757712477932,1,622,0,68,review,Brc1cccc(Nc2ncnc3cnc(NCCN4CCOCC4)cc23)c1
C/C=C/C(=O)Cc1cc2c(Nc3cccc(Cl)c3)ncnc2cn1,8.066132440352412,0.277878259556885,0.7089430774282438,338.79800000000006,4.109500000000002,67.77000000000001,1,5,3,5,0.1111111111111111,0,0.0,2.1,False,,0,,0,,0,,0.7857142857142857,0.6597320767012,0.9267855940021817,0.375,Sunvozertinib,0.2142857142857143,0.625,0.4470183283982835,0.7591494618163033,1.0,0.8513391955016363,0.4470183283982835,0.7643767464290558,1.0,0.5529816716017165,0.4470183283982835,-0.4231445573743631,7.649315051017084,0.40505418853935493,-0.0,0.5156249699291169,8.569994209485557,0.0,0.0,0.2668173893353275,0.3162270895021457,0.0,0.8455444788374731,0.35,medium,uncertain_prediction;agents_strongly_disagree,7.724449730648084,False,review,False,,0.4604012671594509,0.9255543822597677,0.9186906019007391,0.31203801478352694,0.5807814149947201,0.34318901795142553,0.14889123548046462,0.235480464625132,0.5925026399155227,0.5190865892291446,9.280997377384184,396,0.75,7.072353637723058,1,623,227,0,review,C/C=C/C(=O)Cc1cc2c(Nc3cccc(Br)c3)ncnc2cn1
COc1c(NCCN2CCOCC2)ncc2ncnc(Nc3cccc(C)c3)c12,7.39821259122142,0.07537850313329941,0.6328868372895197,394.4790000000001,2.8295200000000005,84.43,2,8,4,7,0.38095238095238093,0,0.0,2.7965266666666677,False,,0,,0,,0,,0.6716417910447762,0.6113240416839659,0.838770984879938,0.40476190476190477,Dacomitinib,0.32835820895522383,0.5952380952380952,0.4217881956120455,0.690529042560518,1.0,0.7778877624694773,0.4217881956120455,0.7225512501605102,1.0,0.5782118043879545,0.4217881956120455,-0.40101740606461955,7.2851448365214715,0.2515030753847576,-0.0,0.5360253688212637,8.072673280727493,0.0,0.0,0.0,0.3477647554849431,0.0,0.49776475548494314,0.2,low,agents_strongly_disagree,7.57490852524255,False,review,False,,0.16578669482576558,0.8051742344244984,0.544350580781415,0.8848996832101372,0.3400211193241816,0.2988384371700106,0.32787750791974657,0.856388595564942,0.49427138331573395,0.4529303062302006,8.665798940706374,668,0.75,7.068424892718791,1,624,0,44,review,Cc1cccc(Nc2ncnc3cnc(NCCN4CCOCC4)cc23)c1
O=C(O)CCNc1c(Br)cccc1Nc1ncnc2ccnc(Cl)c12,7.619948901816019,0.13118971566460633,0.5147897125061323,422.67000000000013,4.070900000000002,100.03,3,6,3,6,0.125,0,0.0,2.6844666666666677,False,,0,,0,,0,,0.6833333333333333,0.5741711087420043,0.771220197712735,0.22784810126582278,Afatinib,0.31666666666666665,0.7721518987341772,0.4381544244887804,0.6298856239296549,1.0,0.7714531229680955,0.4381544244887804,0.7098732928466327,1.0,0.5618455755112196,0.4381544244887804,-0.36229182447713637,7.4231643283191096,0.12461971250613212,-0.0,0.5669506190484369,8.11473465987368,0.0,0.0,0.04678457349690948,0.32730696938902454,0.0,0.5240915428859341,0.2,low,agents_strongly_disagree,7.590643116987746,False,review,False,,0.25448785638859556,0.5596620908130939,0.6129883843717001,0.8284054910242872,0.13938753959873285,0.3220696937697994,0.32787750791974657,0.6536430834213305,0.48408130939809924,0.4160506863780359,8.695632231151398,661,0.75,7.039903940641389,1,625,0,36,review,O=C(O)CCNc1c(Br)cccc1Nc1ncnc2ccncc12
Cc1c(Br)cccc1Nc1ncnc2cnc(CC(=O)/C=C\Cl)cc12,7.540596718327213,0.14284579143303022,0.6092838055589441,417.69400000000024,4.703420000000002,67.77000000000001,1,5,3,5,0.1111111111111111,0,0.0,2.551293333333335,False,,0,,0,,0,,0.6833333333333333,0.5877314355333307,0.7958753373333285,0.32432432432432434,Afatinib,0.31666666666666665,0.6756756756756757,0.410157125578682,0.6869794263907525,1.0,0.7658254219189153,0.410157125578682,0.7157404934720875,1.0,0.589842874421318,0.410157125578682,-0.40744449052454057,7.326328031177668,0.23770091667005497,-0.0,0.5441715370360348,8.108200484883758,0.0,0.0,0.06426868714954533,0.3623035930266475,0.0,0.5765722801761928,0.2,low,agents_strongly_disagree,7.531628204707565,False,review,False,,0.22703273495248152,0.7460401267159451,0.7286166842661035,0.8284054910242872,0.2191129883843717,0.28299894403379094,0.32787750791974657,0.6050686378035903,0.5263463569165787,0.44897043294614575,8.739816113183652,647,0.75,7.02039272424294,1,626,0,21,review,O=C(/C=C\Cl)Cc1cc2c(Nc3cccc(Br)c3)ncnc2cn1
CNc1ncc2ncnc(Nc3cccc(Br)c3F)c2n1,7.718291492928196,0.20449091738954073,0.7568683410750366,349.16700000000003,3.106700000000001,75.62,2,6,3,3,0.07692307692307693,0,0.0,1.9000000000000001,False,,0,,0,,0,,0.6153846153846154,0.5623313934847486,0.7496934426995427,0.3088235294117647,Afatinib,0.3846153846153846,0.6911764705882353,0.41142923105937046,0.793200664514347,1.0,0.735064199671716,0.41142923105937046,0.7349235238113584,1.0,0.5885707689406295,0.41142923105937046,-0.4313257236693173,7.411555116843885,0.4795606487673443,-0.0,0.5678532249282793,8.458968990539509,0.0,0.0,0.15673637608431107,0.36071346117578695,0.0,0.7799498372600979,0.35,medium,uncertain_prediction;agents_strongly_disagree,7.679019153279411,False,review,False,,0.2893347412882788,0.9667370644139388,0.9767687434002112,0.9857444561774024,0.09186906019007392,0.28511087645195354,0.14889123548046462,0.4044350580781415,0.6672122492080255,0.5008711721224921,9.259623689589139,406,0.75,7.005064559826401,1,627,221,0,review,CNc1ncc2ncnc(Nc3cccc(Br)c3)c2n1
Cc1nc(N(C)CC(O)CO)cc2c(Nc3cccc(Br)c3)ncnc12,7.57339853549124,0.1292502076432151,0.5667005143084466,418.2950000000001,2.6287200000000004,94.4,3,7,3,6,0.2777777777777778,0,0.0,3.005300000000001,False,,0,,0,,0,,0.7096774193548387,0.5974137859423911,0.8134796108043474,0.2345679012345679,Afatinib,0.29032258064516125,0.7654320987654322,0.4278744885225594,0.6460968213311841,1.0,0.8014677327946185,0.4278744885225594,0.7188597606620905,1.0,0.5721255114774406,0.4278744885225594,-0.3879803628527081,7.379523224026417,0.14368329208622427,-0.0,0.5636446936210391,8.08685120973368,0.0,0.0,0.04387531146482264,0.3401568893468008,0.0,0.5340322008116234,0.2,low,agents_strongly_disagree,7.552819008922057,False,review,False,,0.2375923970432946,0.6583949313621964,0.3801478352692714,0.6937697993664202,0.27560718057022177,0.30623020063357975,0.32787750791974657,0.6599788806758183,0.43437170010559667,0.40139915522703273,8.608097249860396,688,0.75,6.984497995194496,1,628,0,60,review,CN(CC(O)CO)c1cc2c(Nc3cccc(Br)c3)ncnc2cn1
C/C=C/C(=O)Cc1cc2c(Nc3cc(Br)ccc3Cl)ncnc2cn1,7.410147467575339,0.10056849822151177,0.5997362677398425,417.6940000000001,4.8720000000000026,67.77000000000001,1,5,3,5,0.1111111111111111,0,0.0,2.5512933333333336,False,,0,,0,,0,,0.711864406779661,0.5976674273686964,0.8139407770339933,0.325,Osimertinib,0.288135593220339,0.675,0.40713891813877645,0.6817282805902467,1.0,0.7792055827754949,0.40713891813877645,0.7170181953761294,1.0,0.5928610818612235,0.40713891813877645,-0.41317236964980397,7.259294720243071,0.22815337885095352,-0.0,0.5356462112076509,8.023094310301675,0.0,0.0,0.0008527473322676518,0.36607635232652946,0.0,0.5169290996587972,0.2,low,agents_strongly_disagree,7.506165210642878,False,review,False,,0.1700105596620908,0.7111932418162619,0.7412882787750792,0.6847940865892291,0.27666314677930304,0.2713833157338965,0.32787750791974657,0.7676874340021119,0.46689545934530097,0.42626715945089755,8.583368861516036,699,0.75,6.967685801983955,1,629,0,70,review,C/C=C/C(=O)Cc1cc2c(Nc3cccc(Br)c3)ncnc2cn1
CN(CC(O)CO)c1cc2c(Nc3cccc(Br)c3)ncnc2c(Cl)n1,7.539801617305453,0.09117450655122887,0.5093372903070763,438.713,2.973700000000001,94.4,3,7,3,6,0.23529411764705882,0,0.0,3.1414200000000005,False,,0,,0,,0,,0.6984126984126984,0.5884272875816994,0.7971405228758169,0.23809523809523808,Sunvozertinib,0.3015873015873016,0.7619047619047619,0.44612824974050297,0.6093116635150458,1.0,0.7883315826330531,0.44612824974050297,0.7109428739721505,1.0,0.553871750259497,0.446128249740503,-0.3530861656421968,7.40303985747861,0.06165370207178214,-0.0,0.5635708450046685,8.02826440455506,0.0,0.0,0.0,0.3173396878243712,0.0,0.46733968782437124,0.2,low,agents_strongly_disagree,7.560924716730688,False,review,False,,0.2249208025343189,0.5390707497360084,0.18109820485744457,0.76610348468849,0.22914466737064415,0.3400211193241816,0.32787750791974657,0.7993664202745512,0.3894139387539599,0.3727296726504752,8.495561131059812,720,0.75,6.958200323911259,1,630,0,90,review,CN(CC(O)CO)c1cc2c(Nc3cccc(Br)c3)ncnc2cn1
C=C(C)C(=O)Cc1cc2c(Nc3cccc(Br)c3)ncnc2c(Cl)n1,7.609570742190418,0.12840106823861466,0.4735681368327205,417.694,4.8720000000000026,67.77000000000001,1,5,3,5,0.1111111111111111,0,0.0,2.5512933333333336,False,,0,,0,,0,,0.7,0.5764824422888939,0.7754226223434434,0.32894736842105265,Sunvozertinib,0.30000000000000004,0.6710526315789473,0.4375119377805743,0.6123358085913295,1.0,0.7493301246523194,0.4375119377805743,0.6997944677560557,1.0,0.5624880622194257,0.4375119377805743,-0.34971003996730865,7.416969139832496,0.10198524794383156,-0.0,0.530171445059545,8.049125832835873,0.0,0.0,0.042601602357921986,0.32811007777428214,0.0,0.5207116801322041,0.2,low,agents_strongly_disagree,7.528414152703669,False,review,False,,0.2502639915522703,0.40179514255543824,0.7412882787750792,0.7550158394931362,0.15205913410770855,0.31573389651531153,0.32787750791974657,0.6642027455121436,0.45517423442449845,0.3977560718057022,8.59533491414527,694,0.75,6.955721438870511,1,631,0,63,review,C=C(C)C(=O)Cc1cc2c(Nc3cccc(Br)c3)ncnc2cn1
COCCOc1cnc(Cl)cc1-c1[nH]c2c(c1Nc1cccc(F)c1Br)C(=O)NCC2,8.543729998941386,0.10790719303770126,0.31775627136124746,509.76300000000015,4.686400000000003,88.27000000000001,3,5,4,7,0.23809523809523808,1,0.5,3.5650866666666676,False,,0,,0,,0,,0.7916666666666666,0.6734603404725356,0.9517460735864282,0.20430107526881722,Afatinib,0.20833333333333337,0.7956989247311828,0.6853974646089556,0.43764723129996813,1.0,0.9127342863726169,0.43764723129996813,0.758944745570385,1.0,0.5623527687000318,0.4376472312999682,-0.09806304128190624,8.381869209384833,-0.9431972048292289,-0.0,0.5703961958159619,8.009068200371566,0.0,0.0,0.011860789556551878,0.32794096087503977,0.0,0.4898017504315917,0.2,low,agents_strongly_disagree,7.519266449939974,False,review,False,,0.6599788806758183,0.006335797254487857,0.02481520591341077,0.27666314677930304,0.6531151003167899,0.31890179514255546,0.32787750791974657,0.7349524815205913,0.3573125659978881,0.39582893347412884,8.437843279569032,734,0.75,6.944261170108929,1,632,0,102,review,COCCOc1cnccc1-c1[nH]c2c(c1Nc1cccc(F)c1Br)C(=O)NCC2
Cc1cccc(Nc2ncnc3cnc(NCCN4CCOCC4)cc23)c1Cl,7.932161810123041,0.2323939203325439,0.657930552215985,398.89800000000025,3.4743200000000023,75.2,2,7,4,6,0.35,0,0.0,2.725986666666669,False,,0,,0,,0,,0.7076923076923077,0.6314038924975668,0.8752798045410304,0.39285714285714285,Dacomitinib,0.29230769230769227,0.6071428571428572,0.4453647082979796,0.7070161626931506,1.0,0.8082455676914871,0.4453647082979796,0.7401566096706543,1.0,0.5546352917020204,0.4453647082979796,-0.39305586849689966,7.5835709296242255,0.2840325522159846,-0.0,0.5325012698165763,8.400104751656787,0.0,0.0,0.19859088049881585,0.31829411462752555,0.0,0.7793849951263414,0.35,medium,uncertain_prediction;agents_strongly_disagree,7.620719756530446,False,review,False,,0.3780359028511088,0.8685322069693769,0.5844772967265047,0.7148891235480465,0.44561774023231254,0.33896515311510034,0.14889123548046462,0.32946145723336856,0.5744720168954593,0.4834477296726505,9.089471171931338,482,0.75,6.9258570321376265,1,633,151,0,review,Cc1cccc(Nc2ncnc3cnc(NCCN4CCOCC4)cc23)c1
CNc1nc(C)c2ncnc(Nc3cccc(Br)c3)c2n1,7.619209592423846,0.190833866320576,0.758824450581554,345.20400000000006,3.276020000000001,75.62,2,6,3,3,0.14285714285714285,0,0.0,1.9000000000000001,False,,0,,0,,0,,0.673469387755102,0.5768961443925769,0.7761748079865033,0.21621621621621623,Sunvozertinib,0.326530612244898,0.7837837837837838,0.3962186916815582,0.7942765247429315,1.0,0.7780770519358234,0.3962186916815582,0.7421430670900783,1.0,0.6037813083184418,0.3962186916815582,-0.46123250054469345,7.332958792942982,0.48811016486726827,-0.0,0.576117612641965,8.397186570452215,0.0,0.0,0.136250799480864,0.37972663539805224,0.0,0.7784774348789162,0.35,medium,uncertain_prediction;agents_strongly_disagree,7.618709135573298,False,review,False,,0.25343189017951423,0.9720168954593453,0.9767687434002112,0.866948257655755,0.15945089757127773,0.2565997888067582,0.14889123548046462,0.44456177402323127,0.6283526927138332,0.48492608236536433,9.151209801708815,453,0.75,6.925620434411735,1,634,181,0,review,CNc1ncc2ncnc(Nc3cccc(Br)c3)c2n1
C=CC(=O)Cc1cc2c(Nc3cc(Br)ccc3Cl)ncnc2cn1,7.389084094422111,0.12146854640024754,0.6361068818426235,403.66700000000003,4.481900000000002,67.77000000000001,1,5,3,5,0.058823529411764705,0,0.0,2.4577800000000005,False,,0,,0,,0,,0.7017543859649122,0.5860952940664316,0.7929005346662391,0.38028169014084506,Sunvozertinib,0.29824561403508776,0.619718309859155,0.38724304112535435,0.7053287850134429,1.0,0.749604978464468,0.38724304112535435,0.7105442011508163,1.0,0.6127569588746457,0.38724304112535435,-0.4310682133672825,7.20688127482174,0.2733222347837999,-0.0,0.5183511529400958,7.998554662545636,0.0,0.0,0.0322028196003713,0.3909461985933071,0.0,0.5731490181936785,0.2,low,agents_strongly_disagree,7.425405644351957,False,review,False,,0.16261879619852165,0.8257655755015839,0.7824709609292503,0.7434002111932418,0.21013727560718057,0.23970432946145723,0.32787750791974657,0.6863780359028511,0.5043822597676875,0.4373284054910243,8.60381337426686,691,0.75,6.900199730941186,1,635,0,56,review,C=CC(=O)Cc1cc2c(Nc3cccc(Br)c3)ncnc2cn1
C/C=C/C(=O)Cc1cc2c(Nc3cccc(F)c3)ncnc2cn1,8.085485872634942,0.33891263079809997,0.7270384852039005,322.343,3.595200000000001,67.77000000000001,1,5,3,5,0.1111111111111111,0,0.0,2.1,False,,0,,0,,0,,0.7857142857142857,0.654138856362217,0.9166161024767581,0.3561643835616438,Sunvozertinib,0.2142857142857143,0.6438356164383562,0.40913262660006566,0.7691019360929146,1.0,0.8484209809671576,0.40913262660006566,0.7566638859150344,1.0,0.5908673733999343,0.40913262660006566,-0.4633750124199584,7.577116926437792,0.4231495963150116,-0.0,0.5187332819792678,8.518999804732072,0.0,0.0,0.35836894619714993,0.3635842167499179,0.0,0.9844531629470679,0.35,medium,uncertain_prediction;agents_strongly_disagree,7.534546641785004,False,review,False,,0.4783526927138332,0.9361140443505808,0.9186906019007391,0.31203801478352694,0.5512143611404435,0.2787750791974657,0.14889123548046462,0.14149947201689547,0.6026927138331573,0.5119588173178459,9.24223106133186,414,0.75,6.87389722256642,1,636,222,0,review,C/C=C/C(=O)Cc1cc2c(Nc3cccc(Br)c3)ncnc2cn1
O=C(O)CCNc1c(F)cccc1Nc1ncnc2ccncc12,7.87270283392165,0.23157863697095799,0.6398222153549276,327.3190000000001,2.7941000000000003,100.03,3,6,3,6,0.125,0,0.0,2.2,False,,0,,0,,0,,0.7857142857142857,0.6637005649717513,0.9340010272213659,0.352112676056338,Afatinib,0.2142857142857143,0.647887323943662,0.431070662600742,0.7172868338298255,1.0,0.8624726014019399,0.431070662600742,0.7527075244581269,1.0,0.568929337399258,0.431070662600742,-0.42884914914317984,7.525334878465213,0.32232221535492755,-0.0,0.5242950254170116,8.371952119237152,0.0,0.0,0.19736795545643698,0.3361616717490725,0.0,0.7960296272055094,0.35,medium,uncertain_prediction;agents_strongly_disagree,7.575922492031642,False,review,False,,0.3505807814149947,0.8331573389651531,0.8928194297782471,0.31203801478352694,0.6045406546990496,0.3093980992608237,0.14889123548046462,0.33157338965153116,0.5207233368532207,0.47349524815205907,8.996820123461017,524,0.75,6.869116789814113,1,637,113,0,review,O=C(O)CCNc1c(Br)cccc1Nc1ncnc2ccncc12
C=CC(=O)Cc1cc2c(Nc3cc(Br)ccc3F)ncnc2cn1,7.908819743405889,0.2504564787785646,0.6714894018025247,387.21200000000005,3.9676000000000027,67.77000000000001,1,5,3,5,0.058823529411764705,0,0.0,2.3480800000000004,False,,0,,0,,0,,0.7017543859649122,0.5858369883040936,0.7924308878256247,0.4,Sunvozertinib,0.29824561403508776,0.6,0.42688540070647707,0.7290084017606193,1.0,0.7443231658692185,0.42688540070647707,0.7250542420840786,1.0,0.5731145992935229,0.42688540070647707,-0.39755845517013555,7.5331350252380425,0.3251597547437011,-0.0,0.5123182482721956,8.37061302825394,0.0,0.0,0.22568471816784685,0.34139324911690366,0.0,0.8295779672847505,0.35,medium,uncertain_prediction;agents_strongly_disagree,7.54103506096919,False,review,False,,0.36536430834213307,0.883843717001056,0.8637803590285111,0.7434002111932418,0.20908130939809927,0.3051742344244984,0.14889123548046462,0.2840549102428722,0.6194297782470961,0.4834213305174235,9.113928762150456,474,0.75,6.846140657590098,1,638,164,0,review,C=CC(=O)Cc1cc2c(Nc3cccc(Br)c3)ncnc2cn1
COc1nc(NCCN2CCOCC2)cc2c(Nc3cccc(Br)c3)ncnc12,7.3851782451761485,0.07349172416343092,0.5572332085304152,459.34800000000007,3.2836000000000007,84.43,2,8,4,7,0.35,0,0.0,3.2289866666666676,False,,0,,0,,0,,0.6764705882352942,0.6279435121279006,0.86898820386891,0.3953488372093023,Dacomitinib,0.32352941176470584,0.6046511627906976,0.41985035437963547,0.6322864698199335,1.0,0.8029039435993568,0.41985035437963547,0.7137601919497314,1.0,0.5801496456203645,0.41985035437963547,-0.39187978342679464,7.274940658931002,0.10788520853041514,-0.0,0.5442306350985544,7.927056502559971,0.0,0.0,0.0,0.35018705702545566,0.0,0.5001870570254556,0.2,low,agents_strongly_disagree,7.426869445534515,False,review,False,,0.16050686378035903,0.6230200633579726,0.12724392819429778,0.8653643083421331,0.4244984160506864,0.2967265047518479,0.32787750791974657,0.8637803590285111,0.38899155227032733,0.3889651531151003,8.393846365284364,747,0.75,6.8436276292726355,1,639,0,108,review,Brc1cccc(Nc2ncnc3cnc(NCCN4CCOCC4)cc23)c1
COc1nc(N(C)CC(O)CO)cc2c(Nc3cccc(Br)c3)ncnc12,7.456475100071619,0.09474359317616889,0.5208816811194625,434.2940000000001,2.3289,103.63000000000001,3,8,3,7,0.2777777777777778,0,0.0,3.211960000000001,False,,0,,0,,0,,0.676923076923077,0.5756082806082806,0.773833237469601,0.24444444444444444,Osimertinib,0.32307692307692304,0.7555555555555555,0.42279825979458646,0.6129480015387814,1.0,0.7692638169910896,0.42279825979458646,0.7012525195811143,1.0,0.5772017402054135,0.4227982597945865,-0.37127234638203715,7.314359710307365,0.0668654588972402,-0.0,0.5655095914186823,7.946734760623288,0.0,0.0,0.0,0.34650217525676685,0.0,0.4965021752567669,0.2,low,agents_strongly_disagree,7.450232585366521,False,review,False,,0.18585005279831046,0.5723336853220697,0.1341077085533263,0.8627243928194298,0.14889123548046462,0.29989440337909185,0.32787750791974657,0.7898627243928195,0.3907602956705386,0.35844772967265043,8.415647115427934,742,0.75,6.830369860973702,1,640,0,102,review,CN(CC(O)CO)c1cc2c(Nc3cccc(Br)c3)ncnc2cn1
COc1cnccc1-c1cc2c(N(C)[C@H](CO)c3ccccc3)ncnc2[nH]1,7.453845255863345,0.1312945982953738,0.5381351855853095,375.432,3.1983000000000006,87.16,2,6,4,6,0.19047619047619047,0,0.0,2.9195466666666667,False,,0,,0,,0,,0.6615384615384615,0.5868201822351702,0.7942185131548548,0.22,Lazertinib,0.3384615384615385,0.78,0.3965550951590746,0.6336840956616638,1.0,0.7906638848661411,0.3965550951590746,0.70522576892172,1.0,0.6034449048409254,0.3965550951590746,-0.4115608983501936,7.256903358420284,0.11925080463292854,-0.0,0.584862320596406,7.961016483649618,0.0,0.0,0.04694189744306068,0.37930613105115674,0.0,0.5762480284942174,0.2,low,agents_strongly_disagree,7.384768455155401,False,review,False,,0.18373812038014783,0.5987328405491025,0.48521647307286164,0.9039070749736009,0.21647307286166842,0.2576557550158395,0.32787750791974657,0.6515311510031679,0.45599260823653653,0.39662090813093986,8.508207613533461,717,0.75,6.810713544912528,1,641,0,76,review,COc1cnccc1-c1cc2c(N[C@H](CO)c3ccccc3)ncnc2[nH]1
C=CC(=O)Cc1cc2c(Nc3ccc(C)c(Br)c3)ncnc2cn1,7.777412344979059,0.21769001635963858,0.6711836604087291,383.249,4.136920000000003,67.77000000000001,1,5,3,5,0.1111111111111111,0,0.0,2.3216600000000005,False,,0,,0,,0,,0.7192982456140351,0.6068556808688388,0.8306466924887976,0.39436619718309857,Sunvozertinib,0.2807017543859649,0.6056338028169015,0.4169700747930177,0.7298563978401855,1.0,0.7743934700708236,0.4169700747930177,0.7303049856760067,1.0,0.5830299252069824,0.4169700747930176,-0.4177798811773186,7.4508773204396,0.33404577151984016,-0.0,0.5156676034409541,8.300590695400395,0.0,0.0,0.17653502453945785,0.353787406508728,0.0,0.7928224310481857,0.35,medium,uncertain_prediction;agents_strongly_disagree,7.507768264352209,False,review,False,,0.31573389651531153,0.8796198521647307,0.8801478352692714,0.6499472016895459,0.32312565997888065,0.2893347412882788,0.14889123548046462,0.36642027455121434,0.5800158394931362,0.4741288278775079,8.996609702792158,526,0.75,6.801722857805219,1,642,116,0,review,C=CC(=O)Cc1cc2c(Nc3cccc(Br)c3)ncnc2cn1
O=C(O)CCNc1c(Nc2ncnc3ccncc23)ccc(F)c1Br,8.179960954727372,0.3288197347193312,0.575732072056867,406.2150000000001,3.556600000000002,100.03,3,6,3,6,0.125,0,0.0,2.5747666666666675,False,,0,,0,,0,,0.7288135593220338,0.6153758943808152,0.8461379897833002,0.3116883116883117,Sunvozertinib,0.27118644067796616,0.6883116883116883,0.43981642437831125,0.6676231524517897,1.0,0.8066814144153972,0.43981642437831125,0.7285302478113745,1.0,0.5601835756216887,0.43981642437831125,-0.38495176457741775,7.686731352648375,0.20201707205686692,-0.0,0.5400619022444163,8.428810326949659,0.0,0.0,0.3432296020789968,0.32522946952711096,0.0,0.9309590716061077,0.35,medium,uncertain_prediction;agents_strongly_disagree,7.4978512553435515,False,review,False,,0.515311510031679,0.6742344244984161,0.7085533262935586,0.6024287222808871,0.36061246040126715,0.3252375923970433,0.14889123548046462,0.15205913410770855,0.59350580781415,0.47790390707497366,9.14101729632664,461,0.75,6.796335943833519,1,643,182,0,review,O=C(O)CCNc1c(Br)cccc1Nc1ncnc2ccncc12
O=C(O)CCNc1c(Nc2ncnc3ccncc23)ccc(Cl)c1Br,8.158551416034475,0.3112575841329114,0.5503062816290117,422.67000000000013,4.070900000000002,100.03,3,6,3,6,0.125,0,0.0,2.6844666666666677,False,,0,,0,,0,,0.7288135593220338,0.6153758943808152,0.8461379897833002,0.2948717948717949,Sunvozertinib,0.27118644067796616,0.7051282051282051,0.4467575451155809,0.6494197369472385,1.0,0.8108855436195264,0.4467575451155809,0.7267657064205864,1.0,0.553242454884419,0.44675754511558097,-0.37334421507334076,7.691665039835108,0.1601362816290116,-0.0,0.5451068572893714,8.39690817875349,0.0,0.0,0.31688637619936705,0.3165530686055238,0.0,0.8959394448048907,0.35,medium,uncertain_prediction;agents_strongly_disagree,7.500968733948599,False,review,False,,0.5089757127771911,0.6114044350580782,0.6129883843717001,0.6024287222808871,0.36061246040126715,0.34107708553326294,0.14889123548046462,0.18796198521647306,0.5637539598732841,0.46040126715945084,9.073412930601432,491,0.75,6.7784502545399405,1,644,153,0,review,O=C(O)CCNc1c(Br)cccc1Nc1ncnc2ccncc12
CNc1ncc2ncnc(Nc3cccc(Br)c3OC)c2n1,7.516111298178409,0.17957925907458144,0.738997939513238,361.2030000000001,2.9762000000000004,84.85000000000001,2,7,3,4,0.14285714285714285,0,0.0,2.0746866666666675,False,,0,,0,,0,,0.5925925925925926,0.5526138084064305,0.7320251061935099,0.28169014084507044,Afatinib,0.40740740740740744,0.7183098591549295,0.37832234319239516,0.7766532257066399,1.0,0.7285962944338648,0.37832234319239516,0.7208929658332249,1.0,0.6216776568076048,0.3783223431923952,-0.45676083018777297,7.2467424095665365,0.4420806537989522,-0.0,0.5818325676281897,8.270655630993678,0.0,0.0,0.11936888861187216,0.402097071009506,0.0,0.783965959621378,0.35,medium,uncertain_prediction;agents_strongly_disagree,7.4866896713723,False,review,False,,0.20696937697993664,0.9477296726504751,0.9255543822597677,0.9957761351636748,0.06863780359028511,0.23125659978880675,0.14889123548046462,0.4815205913410771,0.6206705385427667,0.465337909186906,9.015460277244998,513,0.75,6.770095162396586,1,645,132,0,review,CNc1ncc2ncnc(Nc3cccc(Br)c3)c2n1
Fc1ccc(Br)cc1Nc1ncnc2cnc(NCCN3CCOCC3)cc12,8.180310766574857,0.31854342888306797,0.6000676648570857,447.31200000000035,3.414100000000002,75.2,2,7,4,6,0.3157894736842105,0,0.0,3.0487466666666694,False,,0,,0,,0,,0.7301587301587301,0.6407973546085801,0.8923588265610547,0.41975308641975306,Dacomitinib,0.2698412698412699,0.5802469135802469,0.44709729142556676,0.6627777284919099,1.0,0.8143308483158527,0.44709729142556676,0.7310514670583323,1.0,0.5529027085744332,0.44709729142556676,-0.3786055675103541,7.702495623250256,0.1743346122255064,-0.0,0.5185923521429092,8.395422587618672,0.0,0.0,0.32781514332460193,0.3161283857180416,0.0,0.9064435290426435,0.35,medium,uncertain_prediction;agents_strongly_disagree,7.488979058576028,False,review,False,,0.5163674762407603,0.7170010559662091,0.3199577613516367,0.5860612460401268,0.4857444561774023,0.34424498416050686,0.14889123548046462,0.1689545934530095,0.5409714889123549,0.4593980992608236,9.044588374313498,502,0.75,6.765256777689016,1,646,144,0,review,Brc1cccc(Nc2ncnc3cnc(NCCN4CCOCC4)cc23)c1
C[C@@H](Nc1ncnc2[nH]c(-c3ccc(CO)cc3)c(F)c12)c1ccccc1,7.269337757811951,0.050083504002943084,0.4909886981612095,362.4080000000001,4.429400000000003,73.83,3,4,4,5,0.14285714285714285,0,0.0,2.7327200000000005,False,,0,,0,,0,,0.6491228070175439,0.5284387115738126,0.6880703846796592,0.20512820512820512,Afatinib,0.3508771929824561,0.7948717948717949,0.4072759866509276,0.6149391686040498,1.0,0.714770737227693,0.4072759866509276,0.6842464731206677,1.0,0.5927240133490723,0.4072759866509277,-0.3692939819596534,7.194212501807536,0.09536641244692373,-0.0,0.5683738714735584,7.857952785728019,0.0,0.0,0.0,0.3659050166863404,0.0,0.5159050166863404,0.2,low,agents_strongly_disagree,7.342047769041678,False,review,False,,0.146779303062302,0.48627243928194297,0.5755015839493136,0.9403379091869061,0.02006335797254488,0.2734952481520591,0.32787750791974657,0.9408658922914467,0.4376979936642028,0.37774551214361146,8.383190378125063,750,0.75,6.7453423836140125,1,647,0,103,review,C[C@@H](Nc1ncnc2[nH]c(-c3ccc(CO)cc3)cc12)c1ccccc1
CNc1ncc2ncnc(Nc3cccc(C(F)(F)F)c3)c2c1OC,7.429857885295248,0.16106866680863383,0.7456970005963534,349.3160000000001,3.837500000000002,71.96000000000001,2,6,3,4,0.1875,0,0.0,2.0,False,,0,,0,,0,,0.6071428571428571,0.56072820941242,0.7467785625680362,0.275,Osimertinib,0.3928571428571429,0.725,0.36971640455776833,0.7832102734049173,1.0,0.7413339219260272,0.36971640455776833,0.7235651499721782,1.0,0.6302835954422317,0.36971640455776833,-0.4717983272192131,7.188254885082297,0.46444700059635335,-0.0,0.5809803549277234,8.233682240606374,0.0,0.0,0.09160300021295073,0.4128544943027896,0.0,0.7669574945157402,0.35,medium,uncertain_prediction;agents_strongly_disagree,7.466724746090634,False,review,False,,0.17423442449841606,0.9535374868004224,0.9408658922914467,0.9904963041182682,0.08658922914466737,0.21647307286166842,0.14889123548046462,0.5395987328405492,0.6083421330517423,0.4606124604012672,8.963692800268465,538,0.75,6.744459698572154,1,648,110,0,review,CNc1cc2c(Nc3cccc(C(F)(F)F)c3)ncnc2cn1
C=C(C)C(=O)Cc1ncc2ncnc(Nc3cccc(Br)c3)c2c1Cl,8.01605300937506,0.29058331932942244,0.5997362677398425,417.6940000000001,4.8720000000000026,67.77,1,5,3,5,0.1111111111111111,0,0.0,2.5512933333333336,False,,0,,0,,0,,0.6612903225806451,0.5713596594386194,0.7661084717065807,0.34210526315789475,Sunvozertinib,0.33870967741935487,0.6578947368421053,0.42560492881316936,0.6817282805902467,1.0,0.7390550379904619,0.42560492881316936,0.7115970618484695,1.0,0.5743950711868306,0.42560492881316936,-0.38132284404706684,7.580178030380926,0.22815337885095352,-0.0,0.5413148938179864,8.349646303049866,0.0,0.0,0.28587497899413367,0.3429938389835383,0.0,0.891368817977672,0.35,medium,uncertain_prediction;agents_strongly_disagree,7.458277485072194,False,review,False,,0.4171066525871172,0.7111932418162619,0.7412882787750792,0.9086589229144667,0.1246040126715945,0.30306230200633577,0.14889123548046462,0.21647307286166842,0.6228616684266104,0.46528511087645186,9.097080305161798,480,0.75,6.741619618123936,1,649,169,0,review,C=C(C)C(=O)Cc1cc2c(Nc3cccc(Br)c3)ncnc2cn1
Cc1c(N(C)CC(O)CO)ncc2ncnc(Nc3cccc(Br)c3)c12,7.924685573602171,0.2311908379201457,0.5667005143084466,418.29500000000013,2.6287200000000004,94.4,3,7,3,6,0.2777777777777778,0,0.0,3.005300000000001,False,,0,,0,,0,,0.6825396825396826,0.5882696635868278,0.7968539337942322,0.25,Afatinib,0.31746031746031744,0.75,0.44433780685644086,0.6460968213311841,1.0,0.7851404503456741,0.44433780685644086,0.7188937696333247,1.0,0.5556621931435591,0.44433780685644086,-0.3660746170358452,7.577899316721953,0.14368329208622427,-0.0,0.5670706263057008,8.288653235113877,0.0,0.0,0.19678625688021853,0.31957774142944895,0.0,0.7788639983096675,0.35,medium,uncertain_prediction;agents_strongly_disagree,7.50978923680421,False,review,False,,0.3717001055966209,0.6583949313621964,0.3801478352692714,0.8352692713833157,0.22597676874340022,0.3347412882787751,0.14889123548046462,0.33368532206969376,0.5230200633579726,0.4194561774023231,8.916277311143444,565,0.75,6.7381366496869965,1,650,85,0,review,CN(CC(O)CO)c1cc2c(Nc3cccc(Br)c3)ncnc2cn1
COc1nccc2ncnc(Nc3cccc(Br)c3NCCC(=O)O)c12,7.427329605409912,0.13633251735722696,0.5356891007155609,418.2510000000002,3.426100000000001,109.26,3,7,3,7,0.17647058823529413,0,0.0,2.7550066666666684,False,,0,,0,,0,,0.6612903225806451,0.556589674934696,0.7392539544267199,0.25316455696202533,Afatinib,0.33870967741935487,0.7468354430379747,0.3863996392024191,0.6386672105217637,1.0,0.7411493265795336,0.3863996392024191,0.6915540440759291,1.0,0.6136003607975808,0.38639963920241915,-0.4068725398313466,7.222830829374072,0.14008515953909,-0.0,0.5612834763567821,7.924199465269944,0.0,0.0,0.05449877603584043,0.39200045099697606,0.0,0.5964992270328164,0.2,low,agents_strongly_disagree,7.327700238237128,False,review,False,,0.17317845828933473,0.5913410770855333,0.5554382259767687,0.9086589229144667,0.07497360084477296,0.23864836325237593,0.32787750791974657,0.6367476240760296,0.46124604012671594,0.383051742344245,8.477694713422004,727,0.75,6.737362329050222,1,651,0,76,review,O=C(O)CCNc1c(Br)cccc1Nc1ncnc2ccncc12
Cc1cccc(Nc2ncnc3c(F)nc(NCCN4CCOCC4)cc23)c1,7.6944626012557285,0.19009497349953824,0.6349952881926387,382.44300000000027,2.960020000000001,75.2,2,7,4,6,0.35,0,0.0,2.6162866666666686,False,,0,,0,,0,,0.7076923076923077,0.6292455737771109,0.871355588685656,0.39285714285714285,Dacomitinib,0.29230769230769227,0.6071428571428572,0.41554916886425536,0.698620998249541,1.0,0.8053024057999563,0.41554916886425536,0.7298681432284382,1.0,0.5844508311357446,0.4155491688642554,-0.41909196581891045,7.409320141006421,0.27755228819263844,-0.0,0.5315202158527327,8.218392645051793,0.0,0.0,0.13514246024930737,0.35556353891968073,0.0,0.7532059991689881,0.35,medium,uncertain_prediction;agents_strongly_disagree,7.465186645882805,False,review,False,,0.27983104540654696,0.8072861668426611,0.6668426610348469,0.7148891235480465,0.426610348468849,0.28827877507919747,0.14889123548046462,0.44667370644139387,0.5303854276663147,0.4519271383315734,8.85485515825137,604,0.75,6.732499211880693,1,652,48,0,review,Cc1cccc(Nc2ncnc3cnc(NCCN4CCOCC4)cc23)c1
OCc1ccc(-c2[nH]c3ncnc(N[C@H](CO)c4ccccc4)c3c2F)cc1,7.344303945969583,0.03558158845579198,0.4125713732623113,378.40700000000004,3.4018000000000015,94.06,4,5,4,6,0.14285714285714285,0,0.0,2.9393800000000003,False,,0,,0,,0,,0.6491228070175439,0.5572072242387578,0.7403767713431959,0.189873417721519,Afatinib,0.3508771929824561,0.810126582278481,0.4361688745733413,0.5638611783711943,1.0,0.7578142240770172,0.4361688745733413,0.6894610692553882,1.0,0.5638311254266587,0.4361688745733413,-0.33772292624272926,7.290931563285895,-0.01404991245197446,-0.0,0.5860269043614486,7.862908555195369,0.0,0.0,0.0,0.3297889067833234,0.0,0.4797889067833234,0.2,low,agents_strongly_disagree,7.383119648412046,False,review,False,,0.15311510031678988,0.15786694825765576,0.43400211193241817,0.9403379091869061,0.08025343189017951,0.3125659978880676,0.32787750791974657,0.9746568109820486,0.35364308342133055,0.32785110876451956,8.287280255300965,763,0.75,6.726540978929469,1,653,0,110,review,OCc1ccc(-c2cc3c(N[C@H](CO)c4ccccc4)ncnc3[nH]2)cc1
[2H]C([2H])([2H])Oc1ccccc1-c1cc2c(N(C)[C@H](CO)c3ccccc3)ncnc2[nH]1,7.904231415649229,0.22927975779637572,0.5345442692088925,377.462305334,3.803300000000002,74.27000000000001,2,5,4,6,0.18181818181818182,0,0.0,2.93308203556,False,,0,,0,,0,,0.6666666666666666,0.6101070171658407,0.8365582130288012,0.21951219512195122,Afatinib,0.33333333333333337,0.7804878048780488,0.4405620234548443,0.6311885005433524,1.0,0.8225406109911131,0.4405620234548443,0.7235727837473274,1.0,0.5594379765451557,0.4405620234548443,-0.37734768038997746,7.560311778954666,0.11276378205671073,-0.0,0.593285894720615,8.266361455731992,0.0,0.0,0.19391963669456358,0.32429747068144466,0.0,0.7807171073760082,0.35,medium,uncertain_prediction;agents_strongly_disagree,7.485644348355985,False,review,False,,0.3611404435058078,0.587117212249208,0.4498416050686378,0.8938753959873285,0.3357972544878564,0.3273495248152059,0.14889123548046462,0.3368532206969377,0.5261879619852166,0.42882787750791973,8.897787010114252,580,0.75,6.725237801365488,1,654,74,0,review,[2H]C([2H])([2H])Oc1ccccc1-c1cc2c(N[C@H](CO)c3ccccc3)ncnc2[nH]1
COc1cc2ncnc(Nc3cccc(Br)c3NCCC(=O)O)c2cn1,7.836139631795807,0.19939575394397027,0.5356891007155609,418.2510000000002,3.426100000000001,109.26000000000002,3,7,3,7,0.17647058823529413,0,0.0,2.7550066666666684,False,,0,,0,,0,,0.6935483870967742,0.5892172343785247,0.7985767897791357,0.2948717948717949,Afatinib,0.30645161290322576,0.7051282051282051,0.44445788018817256,0.6386672105217637,1.0,0.7752146436164031,0.44445788018817256,0.7145849335815848,1.0,0.5555421198118274,0.44445788018817256,-0.3601694045245497,7.537046000879852,0.14008515953909,-0.0,0.549085884789697,8.226217045208639,0.0,0.0,0.1490936309159554,0.3194276497647843,0.0,0.7310212806807397,0.35,medium,uncertain_prediction;agents_strongly_disagree,7.4951957645278995,False,review,False,,0.3347412882787751,0.5913410770855333,0.5554382259767687,0.7803590285110876,0.235480464625132,0.3357972544878564,0.14889123548046462,0.4149947201689546,0.5082893347412883,0.41546990496304115,8.836164246898186,612,0.75,6.718759650483548,1,655,43,0,review,O=C(O)CCNc1c(Br)cccc1Nc1ncnc2ccncc12
CNc1nc(F)c2ncnc(Nc3cccc(Br)c3)c2n1,7.580405698283656,0.21169689672415898,0.7080203310666161,349.16700000000003,3.106700000000001,75.62,2,6,3,3,0.07692307692307693,0,0.0,1.9000000000000001,False,,0,,0,,0,,0.66,0.5719566664272546,0.7671939389586446,0.2465753424657534,Sunvozertinib,0.33999999999999997,0.7534246575342466,0.3719135968640026,0.7663342590097157,1.0,0.763751618602545,0.3719135968640026,0.7254998686190659,1.0,0.6280864031359974,0.3719135968640026,-0.47144836234008436,7.262860353197417,0.43071263875892374,-0.0,0.5708258819999351,8.264398873956276,0.0,0.0,0.16754534508623847,0.41010800391999674,0.0,0.8401533490062352,0.35,medium,uncertain_prediction;agents_strongly_disagree,7.424245524950041,False,review,False,,0.24181626187961985,0.9181626187961985,0.9767687434002112,0.9234424498416051,0.12882787750791974,0.22069693769799367,0.14889123548046462,0.3843717001055966,0.6236536430834213,0.46935058078141506,9.012783245656381,516,0.75,6.712466221887739,1,656,140,0,review,CNc1ncc2ncnc(Nc3cccc(Br)c3)c2n1
C/C=C/C(=O)Cc1cc2c(Nc3cc(Br)ccc3C)ncnc2cn1,7.531222707915422,0.15256389629352105,0.6412175592087311,397.27600000000007,4.527020000000004,67.77000000000001,1,5,3,5,0.15789473684210525,0,0.0,2.4151733333333336,False,,0,,0,,0,,0.7241379310344828,0.6065677013317011,0.8301230933303656,0.2972972972972973,Afatinib,0.27586206896551724,0.7027027027027026,0.4010109495733908,0.7097783755135201,1.0,0.7982679956734499,0.4010109495733908,0.7272643301900902,1.0,0.5989890504266092,0.4010109495733908,-0.4350045074889325,7.30237686347514,0.2947310328929416,-0.0,0.542479515177885,8.139587411545966,0.0,0.0,0.07884584444028156,0.37373631303326155,0.0,0.7150821574735431,0.35,medium,uncertain_prediction;agents_strongly_disagree,7.424505254072423,False,review,False,,0.21752903907074975,0.8410770855332629,0.8389651531151003,0.6282998944033791,0.3220696937697994,0.26504751847940866,0.14889123548046462,0.5712777191129884,0.5176082365364308,0.44031151003167895,8.760717295389682,640,0.75,6.677879066110437,1,657,17,0,review,C/C=C/C(=O)Cc1cc2c(Nc3cccc(Br)c3)ncnc2cn1
CN(c1cccc(Br)c1)c1ncnc2cnc(NCCN3CCOCC3)cc12,7.162311843236593,0.08352164676804319,0.6273053908991265,443.34900000000033,3.2993000000000015,66.41000000000001,1,7,4,6,0.35,0,0.0,3.022326666666669,False,,0,,0,,0,,0.6567164179104478,0.5918008233411921,0.8032742242567128,0.2857142857142857,Dacomitinib,0.34328358208955223,0.7142857142857143,0.35711280807151813,0.6787746316611862,1.0,0.7810270967639632,0.35711280807151813,0.7042286341241668,1.0,0.6428871919284819,0.35711280807151813,-0.4628211014035316,7.037029373084528,0.20895639089912618,-0.0,0.569581882290191,7.815567646273845,0.0,0.0,0.0,0.42860898991060237,0.0,0.5786089899106024,0.2,low,agents_strongly_disagree,7.236958656363242,False,review,False,,0.13093980992608237,0.795142555438226,0.35374868004223864,0.9260823653643083,0.2481520591341077,0.19852164730728616,0.32787750791974657,0.8236536430834214,0.4562302006335798,0.40517423442449846,8.36304388703414,752,0.75,6.673167737672641,1,658,0,94,review,Brc1cccc(Nc2ncnc3cnc(NCCN4CCOCC4)cc23)c1
Cc1ccc(Cl)c(Nc2ncnc3cnc(NCCN4CCOCC4)cc23)c1,7.260004328691722,0.132789350017443,0.6579305522159848,398.89800000000037,3.4743200000000014,75.2,2,7,4,6,0.35,0,0.0,2.7259866666666692,False,,0,,0,,0,,0.71875,0.6189133986928105,0.8525698158051098,0.4166666666666667,Erlotinib,0.28125,0.5833333333333333,0.3470485371607205,0.7070161626931506,1.0,0.7852606951871657,0.3470485371607205,0.7098313487602592,1.0,0.6529514628392795,0.3470485371607205,-0.48371041546605165,7.060820303665558,0.28403255221598445,-0.0,0.5147049539512774,7.85955780983282,0.0,0.0,0.04918402502616448,0.4411893285490994,0.0,0.6403733535752639,0.2,low,agents_strongly_disagree,7.2191844562575564,False,review,False,,0.1446673706441394,0.8664202745512144,0.5813093980992609,0.6546990496304118,0.3833157338965153,0.18373812038014783,0.32787750791974657,0.648363252375924,0.45652059134107714,0.4188753959873285,8.407382519442113,744,0.75,6.67183493144235,1,659,0,85,review,Cc1cccc(Nc2ncnc3cnc(NCCN4CCOCC4)cc23)c1
C=CC(=O)Cc1cc2c(Nc3ccc(Cl)c(Br)c3)ncnc2cn1,7.9740825256451044,0.2966902390213358,0.6361068818426235,403.66700000000003,4.481900000000002,67.77000000000001,1,5,3,5,0.058823529411764705,0,0.0,2.4577800000000005,False,,0,,0,,0,,0.7192982456140351,0.6038394878324844,0.8251627051499716,0.45588235294117646,Sunvozertinib,0.2807017543859649,0.5441176470588236,0.41083746409634103,0.7053287850134429,1.0,0.7549014406271846,0.41083746409634103,0.7177669224342422,1.0,0.589162535903659,0.41083746409634103,-0.40923927778386804,7.5290471671131005,0.2733222347837999,-0.0,0.4958417598788242,8.298211161775724,0.0,0.0,0.2950353585320037,0.3614531698795737,0.0,0.9189885284115773,0.35,medium,uncertain_prediction;agents_strongly_disagree,7.379222633364146,False,review,False,,0.40021119324181625,0.8257655755015839,0.7824709609292503,0.6499472016895459,0.3125659978880676,0.2840549102428722,0.14889123548046462,0.20802534318901794,0.5926082365364308,0.47212249208025336,9.00934104561944,517,0.75,6.670769623860451,1,660,143,0,review,C=CC(=O)Cc1cc2c(Nc3cccc(Br)c3)ncnc2cn1
CN(CC(O)CO)c1ncc2ncnc(Nc3cccc(Br)c3)c2c1Cl,8.053688182091586,0.2776486769152815,0.5444776838281217,438.7130000000001,2.973700000000001,94.4,3,7,3,6,0.23529411764705882,0,0.0,3.141420000000001,False,,0,,0,,0,,0.671875,0.5794715521636606,0.780857367570292,0.25301204819277107,Sunvozertinib,0.328125,0.7469879518072289,0.44406797168219936,0.6286388799516207,1.0,0.7723900136295262,0.44406797168219936,0.7112742163158365,1.0,0.5559320283178006,0.44406797168219936,-0.35627499284484965,7.637215166718663,0.09679409559282745,-0.0,0.5669669774347417,8.300976239746232,0.0,0.0,0.26647301537292223,0.3199150353972508,0.0,0.848888050770173,0.35,medium,uncertain_prediction;agents_strongly_disagree,7.4520881889760595,False,review,False,,0.4477296726504752,0.6082365364308342,0.17740232312565998,0.8827877507919747,0.17529039070749736,0.3326293558606125,0.14889123548046462,0.2375923970432946,0.5262935586061246,0.40913410770855335,8.932528510073581,554,0.75,6.668049118226323,1,661,107,0,review,CN(CC(O)CO)c1cc2c(Nc3cccc(Br)c3)ncnc2cn1
COCCOc1cnccc1-c1[nH]c2c(c1Nc1cc(Cl)cc(F)c1Br)C(=O)NCC2,8.782407437464146,0.17625066446048468,0.31775627136124746,509.76300000000015,4.686400000000003,88.27000000000001,3,5,4,7,0.23809523809523808,1,0.5,3.5650866666666676,False,,0,,0,,0,,0.8028169014084507,0.735419236137546,1.0,0.21782178217821782,Gefitinib,0.19718309859154926,0.7821782178217822,0.6972263942436971,0.43764723129996813,1.0,0.9455445544554455,0.43764723129996813,0.7701045449997778,1.0,0.5623527687000318,0.4376472312999682,-0.09717086767477412,8.518031440773418,-0.9431972048292289,-0.0,0.5733858597127318,8.14822009565692,0.0,0.0,0.11437599669072701,0.32794096087503977,0.0,0.7048169575657668,0.35,medium,uncertain_prediction;agents_strongly_disagree,7.4434031380911545,False,review,False,,0.7444561774023232,0.006335797254487857,0.02481520591341077,0.2275607180570222,0.8780359028511088,0.31890179514255546,0.14889123548046462,0.4952481520591341,0.38550686378035903,0.408870116156283,8.610828332193352,686,0.75,6.6590472774786935,1,662,0,24,review,COCCOc1cnccc1-c1[nH]c2c(c1Nc1cccc(F)c1Br)C(=O)NCC2
COc1ccc(Nc2ncnc3cnc(NCCN4CCOCC4)cc23)cc1C,7.905085998331271,0.2657541533732879,0.6328868372895194,394.47900000000027,2.8295200000000005,84.42999999999999,2,8,4,7,0.38095238095238093,0,0.0,2.7965266666666686,False,,0,,0,,0,,0.7230769230769231,0.6459982437428946,0.9018149886234447,0.5128205128205128,Dacomitinib,0.27692307692307694,0.4871794871794872,0.4152435922215162,0.6905290425605177,1.0,0.7981561132624553,0.4152435922215162,0.7259821870111223,1.0,0.5847564077784838,0.4152435922215162,-0.4143181263861415,7.506454768271339,0.25150307538475725,-0.0,0.49622297792509196,8.254180821581189,0.0,0.0,0.24863123005993182,0.3559455097231048,0.0,0.8670767397830366,0.35,medium,uncertain_prediction;agents_strongly_disagree,7.387104081798152,False,review,False,,0.36219640971488914,0.8014783526927138,0.5422386483632524,0.6367476240760296,0.515311510031679,0.28722280887011614,0.14889123548046462,0.2576557550158395,0.5319693769799367,0.45480464625131994,8.892544073957113,585,0.75,6.657869657299736,1,663,78,0,review,Cc1cccc(Nc2ncnc3cnc(NCCN4CCOCC4)cc23)c1
C=CC(=O)Cc1cc2c(Nc3cccc(Br)c3)ncnc2c(F)n1,7.962509145547599,0.2777375563152146,0.5302263711896812,387.21200000000005,3.967600000000002,67.77000000000001,1,5,3,5,0.058823529411764705,0,0.0,2.3480800000000004,False,,0,,0,,0,,0.6949152542372882,0.5830856149500218,0.7874283908182212,0.3466666666666667,Sunvozertinib,0.30508474576271183,0.6533333333333333,0.4212109969662495,0.6513137349235554,1.0,0.7539046264469993,0.4212109969662495,0.706607339584201,1.0,0.5787890030337506,0.4212109969662494,-0.3805284568239354,7.545902811074777,0.18389672413085764,-0.0,0.5301452332977756,8.25994476850341,0.0,0.0,0.26660633447282184,0.3484862537921882,0.0,0.87759258826501,0.35,medium,uncertain_prediction;agents_strongly_disagree,7.382352180238399,False,review,False,,0.3907074973600845,0.5823653643083422,0.8637803590285111,0.7729672650475184,0.1921858500527983,0.29778247096092925,0.14889123548046462,0.2365364308342133,0.5764519535374868,0.44395459345300947,8.951687112748393,546,0.75,6.64009769238201,1,664,118,0,review,C=CC(=O)Cc1cc2c(Nc3cccc(Br)c3)ncnc2cn1
COc1cc(Br)c(NCCC(=O)O)c(Nc2ncnc3ccncc23)c1,7.879714932126361,0.18145387944213207,0.5356891007155609,418.2510000000001,3.426100000000001,109.26,3,7,3,7,0.17647058823529413,0,0.0,2.7550066666666675,True,anil_di_alk_C(246),0,,0,,0,,0.7213114754098361,0.6117396706475781,0.8395266739046873,0.2948717948717949,Afatinib,0.2786885245901639,0.7051282051282051,0.4679110174220978,0.6386672105217637,0.75,0.8059270567105667,0.4679110174220978,0.6656263211636071,0.8059270567105667,0.33801603928846896,0.661983960711531,-0.26362040498867906,7.607534112963163,0.14008515953909018,-0.4,0.5468299660802071,7.894449238582459,0.0,0.0,0.12218081916319809,0.047520049110586216,0.0,0.4697008682737843,0.4,medium,unsafe_structure_can_game_single_score;uncertain_prediction,7.424748370308675,False,review,False,,0.3526927138331573,0.5913410770855333,0.5591341077085533,0.6420274551214361,0.34635691657866946,0.9577613516367476,0.003695881731784583,0.47624076029567053,0.48925554382259767,0.46921858500527985,8.481555891169577,726,0.75,6.637810672315011,1,665,0,61,review,O=C(O)CCNc1c(Br)cccc1Nc1ncnc2ccncc12
CCOc1ccccc1-c1cc2c(N(C)[C@H](CO)c3ccccc3)ncnc2[nH]1,7.73480478849331,0.17360217269852077,0.49646742053239434,388.471,4.193400000000002,74.27000000000001,2,5,4,7,0.21739130434782608,0,0.0,3.1064733333333336,False,,0,,0,,0,,0.6557377049180327,0.6306821787414066,0.8739675977116483,0.225,Afatinib,0.34426229508196726,0.775,0.43717967623436305,0.6035773377030733,1.0,0.8492256982837362,0.43717967623436305,0.7224956780552931,1.0,0.562820323765637,0.43717967623436305,-0.38042133576124004,7.4744015294455295,0.05223555096717693,-0.0,0.6059099322147974,8.132547012627505,0.0,0.0,0.11040325904778114,0.3285254047070462,0.0,0.7014286637548273,0.35,medium,uncertain_prediction;agents_strongly_disagree,7.431118348872678,False,review,False,,0.2967265047518479,0.5047518479408659,0.2587117212249208,0.9292502639915523,0.4350580781414995,0.3146779303062302,0.14889123548046462,0.5005279831045406,0.45913410770855334,0.39841605068637803,8.68350794187777,666,0.75,6.634217609696332,1,666,0,0,review,CCOc1ccccc1-c1cc2c(N[C@H](CO)c3ccccc3)ncnc2[nH]1
C/C=C/C(=O)Cc1ccc2ncnc(Nc3cc(Br)ccc3F)c2c1,7.6605000115454445,0.19430465108518247,0.6153130938824319,400.25100000000003,4.9627000000000026,54.88,1,4,3,5,0.10526315789473684,0,0.0,2.435006666666667,False,,0,,0,,0,,0.711864406779661,0.6020443240436792,0.8218987709885076,0.38571428571428573,Afatinib,0.288135593220339,0.6142857142857143,0.40411174712673337,0.694768099071235,1.0,0.7699955068128093,0.40411174712673337,0.7172188382526944,1.0,0.5958882528732666,0.40411174712673337,-0.41747612150128144,7.369043034917671,0.26058840967190555,-0.0,0.5194214239819938,8.14905286857157,0.0,0.0,0.14145697662777368,0.3698603160915833,0.0,0.773817292719357,0.35,medium,uncertain_prediction;agents_strongly_disagree,7.375235575852212,False,review,False,,0.26504751847940866,0.7808870116156283,0.8051742344244984,0.6847940865892291,0.29778247096092925,0.2682154171066526,0.14889123548046462,0.42872228088701164,0.5331837381203802,0.43856916578669486,8.788873354316026,627,0.75,6.626518574796245,1,667,40,0,review,C/C=C/C(=O)Cc1ccc2ncnc(Nc3cccc(Br)c3)c2c1
COc1c(C)cccc1Nc1ncnc2cnc(NCCN3CCOCC3)cc12,7.720755211910888,0.21661549460254698,0.6328868372895194,394.4790000000003,2.8295200000000005,84.42999999999999,2,8,4,7,0.38095238095238093,0,0.0,2.796526666666669,False,,0,,0,,0,,0.6865671641791045,0.6134508609382852,0.8426379289787002,0.4,Dacomitinib,0.31343283582089554,0.6,0.4035579567559392,0.6905290425605177,1.0,0.7819784467340252,0.4035579567559392,0.7190163615126206,1.0,0.5964420432440608,0.4035579567559392,-0.4206112063422418,7.395831970007068,0.25150307538475725,-0.0,0.531704258364078,8.179039303755903,0.0,0.0,0.17492324190382047,0.37055255405507603,0.0,0.8079757959588965,0.35,medium,uncertain_prediction;agents_strongly_disagree,7.3710635077970075,False,review,False,,0.2925026399155227,0.8014783526927138,0.5395987328405492,0.8167898627243928,0.35480464625131997,0.26715945089757126,0.14889123548046462,0.3706441393875396,0.5362196409714889,0.4392291446673706,8.82250287292169,617,0.75,6.623138481397852,1,668,51,0,review,Cc1cccc(Nc2ncnc3cnc(NCCN4CCOCC4)cc23)c1
COc1c(NCCN2CCOCC2)ncc2ncnc(Nc3cccc(Br)c3)c12,7.832950723408469,0.21379745617033113,0.5572332085304152,459.34800000000007,3.2836000000000007,84.43,2,8,4,7,0.35,0,0.0,3.2289866666666676,False,,0,,0,,0,,0.6617647058823529,0.6275766192917509,0.8683211259850016,0.4,Dacomitinib,0.3382352941176471,0.6,0.43357946153288557,0.6322864698199335,1.0,0.8012408444887512,0.43357946153288557,0.7167766939603927,1.0,0.5664205384671144,0.4335794615328856,-0.37759630990334264,7.5122545391529725,0.10788520853041514,-0.0,0.5492861638491916,8.16942591153258,0.0,0.0,0.1706961842554967,0.33302567308389297,0.0,0.7662218573393896,0.35,medium,uncertain_prediction;agents_strongly_disagree,7.40320405419319,False,review,False,,0.3326293558606125,0.6230200633579726,0.12724392819429778,0.9028511087645196,0.42238648363252373,0.31045406546990495,0.14889123548046462,0.37697993664202745,0.47394403379091876,0.4032734952481521,8.738158752081683,648,0.75,6.612132248490973,1,669,21,0,review,Brc1cccc(Nc2ncnc3cnc(NCCN4CCOCC4)cc23)c1
Cc1ccc(Nc2ncnc3cnc(CC(=O)/C=C\Cl)cc23)cc1Br,7.767516144111158,0.2349429834838475,0.6092838055589443,417.6940000000001,4.703420000000002,67.77000000000001,1,5,3,5,0.1111111111111111,0,0.0,2.5512933333333336,False,,0,,0,,0,,0.7241379310344828,0.6221116149690188,0.858384754489125,0.35135135135135137,Sunvozertinib,0.27586206896551724,0.6486486486486487,0.4024189475890963,0.6869794263907527,1.0,0.8059507280290059,0.4024189475890963,0.7238372755022138,1.0,0.5975810524109038,0.40241894758909624,-0.4285577705508233,7.415101668885387,0.2377009166700554,-0.0,0.5333287142513586,8.186131299806801,0.0,0.0,0.20241447522577127,0.3719763155136297,0.0,0.836890790739401,0.35,medium,uncertain_prediction;agents_strongly_disagree,7.3492405090674,False,review,False,,0.3136219640971489,0.7513199577613516,0.7412882787750792,0.6282998944033791,0.40021119324181625,0.26610348468849,0.14889123548046462,0.3252375923970433,0.5282470960929251,0.44152587117212244,8.820027815118312,619,0.75,6.604071554473947,1,670,51,0,review,O=C(/C=C\Cl)Cc1cc2c(Nc3cccc(Br)c3)ncnc2cn1
CNc1ncc2ncnc(Nc3cccc(C(F)(F)F)c3)c2c1F,7.473479417562259,0.20215263056004396,0.70831126021967,337.28000000000003,3.968000000000001,62.730000000000004,2,5,3,3,0.13333333333333333,0,0.0,1.9000000000000001,False,,0,,0,,0,,0.6415094339622641,0.5713203062814605,0.7660369205117462,0.273972602739726,Sunvozertinib,0.3584905660377359,0.726027397260274,0.35186301299853395,0.7664942700438955,1.0,0.7560345396988781,0.35186301299853395,0.7185979556853269,1.0,0.648136987001466,0.35186301299853395,-0.4889799235823906,7.170250471722193,0.4366445935530032,-0.0,0.5706382040229999,8.177533269298197,0.0,0.0,0.1532289458400659,0.4351712337518326,0.0,0.8509001795918985,0.35,medium,uncertain_prediction;agents_strongly_disagree,7.326633089706299,False,review,False,,0.1921858500527983,0.9229144667370645,0.9767687434002112,0.9514255543822597,0.1235480464625132,0.1890179514255544,0.14889123548046462,0.40865892291446676,0.6078669482576557,0.4554910242872228,8.906973607207384,573,0.75,6.598222318850967,1,671,98,0,review,CNc1cc2c(Nc3cccc(C(F)(F)F)c3)ncnc2cn1
C=C(C)C(=O)Cc1cc2c(Nc3cc(Br)ccc3F)ncnc2cn1,7.797900993529005,0.2516046360667491,0.6439694066478064,401.23900000000003,4.357700000000003,67.77000000000001,1,5,3,5,0.1111111111111111,0,0.0,2.4415933333333335,False,,0,,0,,0,,0.7241379310344828,0.5587232738525841,0.7431332251865165,0.37142857142857144,Afatinib,0.27586206896551724,0.6285714285714286,0.39835200313552693,0.7102757377588578,1.0,0.7144927760327445,0.39835200313552693,0.7057801292317823,1.0,0.601647996864473,0.398352003135527,-0.4099041681283406,7.420494039428881,0.28884151775891753,-0.0,0.4984926659025404,8.207828223090338,0.0,0.0,0.22740695410012363,0.37705999608059126,0.0,0.8669669501807149,0.35,medium,uncertain_prediction;agents_strongly_disagree,7.340861272909623,False,review,False,,0.3220696937697994,0.851636747624076,0.7946145723336854,0.6282998944033791,0.0850052798310454,0.26187961985216474,0.14889123548046462,0.27983104540654696,0.5601108764519536,0.4302270327349525,8.879961274832683,591,0.75,6.582133712191567,1,672,81,0,review,C=C(C)C(=O)Cc1cc2c(Nc3cccc(Br)c3)ncnc2cn1
C=CC(=O)Cc1cc2c(Nc3ccc(OC)c(Br)c3)ncnc2cn1,7.745116120824364,0.2362450925456386,0.6351545093338238,399.24800000000005,3.837100000000003,77.0,1,6,3,6,0.1111111111111111,0,0.0,2.528320000000001,False,,0,,0,,0,,0.6833333333333333,0.5834328358208956,0.7880597014925372,0.4594594594594595,Osimertinib,0.31666666666666665,0.5405405405405406,0.395907465424144,0.7020919032105262,1.0,0.726179911254538,0.395907465424144,0.706044819972302,1.0,0.604092534575856,0.395907465424144,-0.4135164727308773,7.390748482005907,0.2670176204449348,-0.0,0.5016770875352965,8.159443189986138,0.0,0.0,0.2043676388184579,0.38011566821982,0.0,0.8469833070382778,0.35,medium,uncertain_prediction;agents_strongly_disagree,7.31245988294786,False,review,False,,0.3041182682154171,0.8120380147835269,0.7740232312565998,0.8284054910242872,0.19535374868004224,0.25448785638859556,0.14889123548046462,0.3199577613516367,0.5810454065469906,0.4491552270327349,8.856697677842527,603,0.75,6.576446155387142,1,673,70,0,review,C=CC(=O)Cc1cc2c(Nc3cccc(Br)c3)ncnc2cn1
COc1cc(Br)cc(Nc2ncnc3cnc(N(C)CC(O)CO)cc23)c1,7.807236840952808,0.18793834237552226,0.5208816811194626,434.2940000000002,2.328899999999999,103.63000000000001,3,8,3,7,0.2777777777777778,0,0.0,3.2119600000000017,False,,0,,0,,0,,0.7258064516129032,0.5839920049969034,0.7890763727216424,0.2948717948717949,Afatinib,0.27419354838709675,0.7051282051282051,0.4452523705753365,0.6129480015387814,1.0,0.768089330823283,0.4452523705753365,0.7065724257343502,1.0,0.5547476294246635,0.4452523705753365,-0.34842674021201825,7.5253293273895245,0.0668654588972402,-0.0,0.5321946514930657,8.124389437779831,0.0,0.0,0.1319075135632834,0.3184345367808294,0.0,0.7128420503441127,0.35,medium,uncertain_prediction;agents_strongly_disagree,7.411547387435718,False,review,False,,0.324181626187962,0.5755015839493136,0.12988384371700107,0.617740232312566,0.20380147835269272,0.337909186906019,0.14889123548046462,0.45617740232312565,0.404012671594509,0.35021119324181627,8.609204643693241,687,0.75,6.556800819325897,1,674,0,13,review,CN(CC(O)CO)c1cc2c(Nc3cccc(Br)c3)ncnc2cn1
CNc1ncc2ncnc(Nc3cccc(C(F)(F)F)c3)c2c1Cl,7.549163103251355,0.2423646812629878,0.7264465867289771,353.735,4.482300000000001,62.730000000000004,2,5,3,3,0.13333333333333333,0,0.0,1.9249000000000003,False,,0,,0,,0,,0.6296296296296297,0.5608410108410109,0.7469836560745652,0.2876712328767123,Sunvozertinib,0.37037037037037035,0.7123287671232876,0.34263549892874734,0.775511007316322,1.0,0.7383199338367459,0.34263549892874734,0.7141166100204538,1.0,0.6573645010712527,0.34263549892874734,-0.4953081481222753,7.185616081356874,0.4510449200623104,-0.0,0.5671112108222942,8.203772212241478,0.0,0.0,0.2135470218944817,0.44670562633906585,0.0,0.9227526482335475,0.35,medium,uncertain_prediction;agents_strongly_disagree,7.281019564007931,False,review,False,,0.23020063357972545,0.9324181626187962,0.9503695881731784,0.9704329461457233,0.08764519535374868,0.1795142555438226,0.14889123548046462,0.3051742344244984,0.6267159450897571,0.4578669482576557,8.955831346349187,542,0.75,6.555459901917118,1,675,133,0,review,CNc1cc2c(Nc3cccc(C(F)(F)F)c3)ncnc2cn1
C=CC(=O)Cc1cc2c(Nc3cccc(Br)c3Cl)ncnc2cn1,7.662369808355732,0.2202903055983841,0.6361068818426235,403.66700000000003,4.481900000000002,67.77000000000001,1,5,3,5,0.058823529411764705,0,0.0,2.4577800000000005,False,,0,,0,,0,,0.6779661016949152,0.5677675758342341,0.7595774106076982,0.35135135135135137,Sunvozertinib,0.3220338983050848,0.6486486486486487,0.38638923817006404,0.7053287850134429,1.0,0.7318452201179358,0.38638923817006404,0.7058908108253606,1.0,0.613610761829936,0.386389238170064,-0.42600209687372886,7.331934349958155,0.2733222347837999,-0.0,0.5294042014838073,8.134660786225762,0.0,0.0,0.18043545839757616,0.39201345228742,0.0,0.8349489106849961,0.35,medium,uncertain_prediction;agents_strongly_disagree,7.2997118755407655,False,review,False,,0.26610348468849,0.8257655755015839,0.7824709609292503,0.8511087645195353,0.10665258711721225,0.2375923970432946,0.14889123548046462,0.3558606124604013,0.5724920802534319,0.4341605068637804,8.82165128252988,618,0.75,6.5457044837773015,1,676,58,0,review,C=CC(=O)Cc1cc2c(Nc3cccc(Br)c3)ncnc2cn1
Cc1c(NCCN2CCOCC2)ncc2ncnc(Nc3cccc(Br)c3)c12,7.823799434434434,0.2632733700551287,0.6033492810887933,443.3490000000001,3.583420000000002,75.2,2,7,4,6,0.35,0,0.0,3.0223266666666677,False,,0,,0,,0,,0.6923076923076923,0.6556533321750713,0.9193696948637659,0.36470588235294116,Dacomitinib,0.3076923076923077,0.6352941176470588,0.39665849957001853,0.6655987712655029,1.0,0.8483508005595891,0.39665849957001853,0.7276520178487776,1.0,0.6033415004299815,0.39665849957001853,-0.4413246910383455,7.428889379351741,0.18500028108879316,-0.0,0.5588921974715976,8.172781857912131,0.0,0.0,0.24491005508269303,0.37917687553747687,0.0,0.8865869306201699,0.35,medium,uncertain_prediction;agents_strongly_disagree,7.2861949272919615,False,review,False,,0.32840549102428723,0.7312565997888067,0.3563885955649419,0.7903907074973601,0.5633579725448785,0.2587117212249208,0.14889123548046462,0.26399155227032733,0.5055702217529039,0.43318373812038014,8.779466124015617,630,0.75,6.5310154130364175,1,677,47,0,review,Brc1cccc(Nc2ncnc3cnc(NCCN4CCOCC4)cc23)c1
[2H]C([2H])([2H])Oc1ccccc1-c1[nH]c2ncnc(N[C@H](CO)c3ccccc3)c2c1Cl,7.286777337896997,0.08368945557988297,0.44791007508758707,397.8803053340001,4.432400000000002,83.06,3,5,4,6,0.14285714285714285,0,0.0,3.069202035560001,False,,0,,0,,0,,0.6666666666666666,0.5679034690799397,0.7598244892362539,0.2111111111111111,Osimertinib,0.33333333333333337,0.7888888888888889,0.38811171556833124,0.5783043091612499,1.0,0.7670905891494126,0.38811171556833124,0.6833766534697485,1.0,0.6118882844316688,0.38811171556833124,-0.39368658386855626,7.161243154527173,0.0018154840393012576,-0.0,0.5766227889757302,7.739681427542205,0.0,0.0,0.0,0.389860355539586,0.0,0.539860355539586,0.2,low,agents_strongly_disagree,7.199821072002619,False,review,False,,0.14889123548046462,0.29039070749736007,0.2866948257655755,0.8938753959873285,0.10876451953537487,0.24181626187961985,0.32787750791974657,0.82259767687434,0.34685850052798317,0.31525871172122494,8.155911628175785,778,0.75,6.528131526068089,1,678,0,100,review,[2H]C([2H])([2H])Oc1ccccc1-c1cc2c(N[C@H](CO)c3ccccc3)ncnc2[nH]1
CNc1ncc2ncnc(N(C)c3cccc(Br)c3)c2n1,7.246364530991332,0.17068131737615172,0.7872334360852137,345.20400000000006,2.991900000000001,66.83000000000001,1,6,3,3,0.14285714285714285,0,0.0,1.9000000000000001,False,,0,,0,,0,,0.5849056603773585,0.490979765021473,0.6199632091299508,0.2191780821917808,Afatinib,0.41509433962264153,0.7808219178082192,0.3171142105845267,0.8099014667699445,1.0,0.6601778862995179,0.3171142105845267,0.6967983909134973,1.0,0.6828857894154733,0.3171142105845267,-0.5062455737719607,6.990342554927104,0.5165191503709279,-0.0,0.5760298304551421,8.082891535753173,0.0,0.0,0.10602197606422757,0.47860723676934164,0.0,0.8471292128335691,0.35,medium,uncertain_prediction;agents_strongly_disagree,7.235762322919604,False,review,False,,0.14255543822597677,0.9783526927138332,0.9767687434002112,0.9984160506863781,0.0010559662090813093,0.1573389651531151,0.14889123548046462,0.5079197465681098,0.6060190073917635,0.4431626187961985,8.81011434462329,620,0.75,6.492557465475043,1,679,59,0,review,CNc1ncc2ncnc(Nc3cccc(Br)c3)c2n1
C=C(C)C(=O)Cc1cc2c(Nc3cc(Cl)cc(Br)c3)ncnc2cn1,7.953131380331826,0.30806466808345656,0.5997362677398423,417.6940000000001,4.872000000000003,67.77000000000001,1,5,3,5,0.1111111111111111,0,0.0,2.5512933333333336,False,,0,,0,,0,,0.7413793103448276,0.579096083514187,0.7801746972985216,0.3698630136986301,Sunvozertinib,0.2586206896551724,0.6301369863013699,0.39763757742453704,0.6817282805902467,1.0,0.7426652695492337,0.39763757742453704,0.7055077818910044,1.0,0.6023624225754629,0.3976375774245371,-0.4104936059552898,7.491034378206642,0.2281533788509534,-0.0,0.500464080559869,8.219651837617464,0.0,0.0,0.3120970021251848,0.37795302821932864,0.0,0.9525500303445134,0.35,medium,uncertain_prediction;agents_strongly_disagree,7.267101807272951,False,review,False,,0.3843717001055966,0.7059134107708553,0.7412882787750792,0.5316789862724393,0.1700105596620908,0.2608236536430834,0.14889123548046462,0.1921858500527983,0.5316789862724393,0.41607708553326295,8.857666621144391,601,0.75,6.491394309912867,1,680,79,0,review,C=C(C)C(=O)Cc1cc2c(Nc3cccc(Br)c3)ncnc2cn1
C=CC(=O)Cc1cc2c(Nc3cccc(Br)c3C)ncnc2cn1,7.547132478330792,0.2176567831949452,0.6711836604087291,383.2490000000001,4.136920000000003,67.77000000000001,1,5,3,5,0.1111111111111111,0,0.0,2.3216600000000005,False,,0,,0,,0,,0.6779661016949152,0.5722365769823397,0.7677028672406174,0.3287671232876712,Afatinib,0.3220338983050848,0.6712328767123288,0.3594233713462365,0.7298563978401855,1.0,0.7435853696085453,0.3594233713462365,0.7082162846987419,1.0,0.6405766286537635,0.3594233713462365,-0.4650572178033404,7.2206473035383745,0.33404577151984016,-0.0,0.5382108340611411,8.092903909119356,0.0,0.0,0.17648517479241776,0.4257207858172044,0.0,0.8647059606096221,0.35,medium,uncertain_prediction;agents_strongly_disagree,7.228197948509734,False,review,False,,0.22808870116156282,0.8796198521647307,0.8801478352692714,0.8511087645195353,0.1304118268215417,0.20380147835269272,0.14889123548046462,0.36747624076029567,0.5808078141499472,0.4401795142555438,8.789873286099292,626,0.75,6.481413365616387,1,681,55,0,review,C=CC(=O)Cc1cc2c(Nc3cccc(Br)c3)ncnc2cn1
C=C(C)C(=O)Cc1cc2c(Nc3ccc(Cl)c(Br)c3)ncnc2cn1,8.048797741889189,0.3458475674144019,0.5997362677398425,417.6940000000001,4.8720000000000026,67.77000000000001,1,5,3,5,0.1111111111111111,0,0.0,2.5512933333333336,False,,0,,0,,0,,0.7288135593220338,0.5700538436182251,0.7637342611240455,0.4225352112676056,Sunvozertinib,0.27118644067796616,0.5774647887323944,0.39510613828221586,0.6817282805902467,1.0,0.7171668930261328,0.39510613828221586,0.6985003279746489,1.0,0.6048938617177841,0.39510613828221586,-0.4045255862565773,7.530026390767586,0.22815337885095352,-0.0,0.4862069002058145,8.244386669824353,0.0,0.0,0.36877135112160286,0.3811173271472302,0.0,1.012388678268833,0.35,medium,uncertain_prediction;agents_strongly_disagree,7.23199799155552,False,review,False,,0.440337909186906,0.7111932418162619,0.7412882787750792,0.6024287222808871,0.11721224920802534,0.25343189017951423,0.14889123548046462,0.1351636747624076,0.5720696937697994,0.43186378035902845,8.930870302348112,555,0.75,6.475234527986354,1,682,127,0,review,C=C(C)C(=O)Cc1cc2c(Nc3cccc(Br)c3)ncnc2cn1
C[C@H](c1ccccc1)N(C)c1ncnc2[nH]c(-c3ccc(CO)cc3)cc12,7.788477436334181,0.18684774323717615,0.5577311387960882,358.4450000000001,4.314600000000003,65.04,2,4,4,5,0.18181818181818182,0,0.0,2.7063000000000006,False,,0,,0,,0,,1.0,0.7935424419634945,1.0,0.20512820512820512,Afatinib,0.0,0.7948717948717949,0.44132593881752186,0.6526636647993869,1.0,0.9487179487179487,0.44132593881752186,0.7606768880837145,1.0,0.5586740611824781,0.4413259388175219,-0.42580126568825666,7.508205821478416,0.1699679569779063,-0.0,0.2884615384615385,7.966635316917861,0.0,0.0,0.13027161485576422,0.3233425764780976,0.0,0.7161141913338618,0.35,medium,uncertain_prediction;agents_strongly_disagree,7.250521125583999,False,review,False,,0.3199577613516367,0.6251319957761352,0.5987328405491025,0.004751847940865892,0.8780359028511088,0.32946145723336856,0.14889123548046462,0.4582893347412883,0.3597676874340021,0.4086589229144667,8.398356541838664,746,0.75,6.465911833081359,1,683,0,63,review,C[C@@H](Nc1ncnc2[nH]c(-c3ccc(CO)cc3)cc12)c1ccccc1
C/C=C/C(=O)Cc1cc2c(Nc3cc(Br)ccc3OC)ncnc2cn1,7.540360268468639,0.18097952319808813,0.609966539144996,413.2750000000001,4.227200000000003,77.0,1,6,3,6,0.15789473684210525,0,0.0,2.6218333333333343,False,,0,,0,,0,,0.7,0.5879397688666641,0.7962541252121165,0.35443037974683544,Osimertinib,0.30000000000000004,0.6455696202531646,0.3834044008784981,0.6846418529400042,1.0,0.7585829989723785,0.3834044008784981,0.7066573131977201,1.0,0.616595599121502,0.38340440087849803,-0.43100388309229615,7.268890983671507,0.23248101282920636,-0.0,0.5277344173789785,8.029106413879692,0.0,0.0,0.12146928479713219,0.39574449890187746,0.0,0.7797137836990096,0.35,medium,uncertain_prediction;agents_strongly_disagree,7.249392630180682,False,review,False,,0.22597676874340022,0.7565997888067582,0.6552270327349525,0.7550158394931362,0.22333685322069693,0.23442449841605068,0.14889123548046462,0.47940865892291445,0.5022967265047519,0.40694297782470956,8.631862485685394,678,0.75,6.462724203570334,1,684,6,0,review,C/C=C/C(=O)Cc1cc2c(Nc3cccc(Br)c3)ncnc2cn1
C/C=C/C(=O)Cc1cc2c(Nc3ccc(C)c(Br)c3)ncnc2cn1,7.844165633548549,0.31467124429204096,0.6412175592087311,397.27600000000007,4.527020000000003,67.77000000000001,1,5,3,5,0.15789473684210525,0,0.0,2.4151733333333336,False,,0,,0,,0,,0.7413793103448276,0.6223340843794748,0.8587892443263176,0.3333333333333333,Sunvozertinib,0.2586206896551724,0.6666666666666667,0.3657715373827086,0.7097783755135201,1.0,0.8107585999114049,0.3657715373827086,0.7215771282019083,1.0,0.6342284626172914,0.3657715373827086,-0.4744074544255996,7.372158767110488,0.2947310328929416,-0.0,0.531076621426407,8.197966421429836,0.0,0.0,0.3220068664380614,0.4177855782716142,0.0,1.0022924447096755,0.35,medium,uncertain_prediction;agents_strongly_disagree,7.19567397672016,False,review,False,,0.3400211193241816,0.8410770855332629,0.8389651531151003,0.5316789862724393,0.40232312565997885,0.21119324181626187,0.14889123548046462,0.1805702217529039,0.5534054910242872,0.4505015839493136,8.86205301065898,598,0.75,6.461275877459336,1,685,87,0,review,C/C=C/C(=O)Cc1cc2c(Nc3cccc(Br)c3)ncnc2cn1
CNc1cc2c(Nc3cccc(C(F)(F)F)c3)ncnc2c(F)n1,7.739055430882139,0.2789071328560854,0.5593019162639201,337.28000000000003,3.9680000000000017,62.730000000000004,2,5,3,3,0.13333333333333333,0,0.0,1.9000000000000001,False,,0,,0,,0,,0.660377358490566,0.5636139332365747,0.7520253331574085,0.2702702702702703,Sunvozertinib,0.339622641509434,0.7297297297297297,0.36452886472127505,0.6845391308682329,1.0,0.7464514323004888,0.36452886472127505,0.6988798569724991,1.0,0.635471135278725,0.364528864721275,-0.4458013230016323,7.320694731598011,0.2876352495972534,-0.0,0.5597554408875163,8.16808542208278,0.0,0.0,0.26836069928412815,0.41933891909840626,0.0,0.9501996183825343,0.35,medium,uncertain_prediction;agents_strongly_disagree,7.217885803700247,False,review,False,,0.2988384371700106,0.6267159450897571,0.9767687434002112,0.9181626187961985,0.09714889123548047,0.21013727560718057,0.14889123548046462,0.23336853220696938,0.5899683210137276,0.4304382259767688,8.876047407299254,594,0.75,6.459411674872369,1,686,92,0,review,CNc1cc2c(Nc3cccc(C(F)(F)F)c3)ncnc2cn1
COc1ccc(Nc2ncnc3ccncc23)c(NCCC(=O)O)c1Br,8.05603033135308,0.34517893179371795,0.5356891007155609,418.2510000000002,3.426100000000001,109.26,3,7,3,7,0.17647058823529413,0,0.0,2.7550066666666684,False,,0,,0,,0,,0.6935483870967742,0.5871134475622555,0.7947517228404644,0.29411764705882354,Osimertinib,0.30645161290322576,0.7058823529411764,0.3973823305826674,0.6386672105217637,1.0,0.7725343803656424,0.3973823305826674,0.7021459803675183,1.0,0.6026176694173326,0.39738233058266736,-0.4063515330464678,7.538261933662503,0.14008515953909,-0.0,0.5483558623989206,8.226702955600514,0.0,0.0,0.3677683976905769,0.3782720867716658,0.0,1.0085404844622428,0.35,medium,uncertain_prediction;agents_strongly_disagree,7.218162471138271,False,review,False,,0.4530095036958817,0.5913410770855333,0.5554382259767687,0.7803590285110876,0.21752903907074975,0.25976768743400214,0.14889123548046462,0.13621964097148892,0.5615100316789863,0.42761351636747624,8.900514993615298,577,0.75,6.456298690779242,1,687,110,0,review,O=C(O)CCNc1c(Br)cccc1Nc1ncnc2ccncc12
Cc1cc(Br)cc(Nc2ncnc3cnc(N(C)CC(O)CO)cc23)c1,7.959877932226363,0.2961205020924407,0.5667005143084464,418.29500000000024,2.6287199999999995,94.4,3,7,3,6,0.2777777777777778,0,0.0,3.005300000000002,False,,0,,0,,0,,0.7627118644067796,0.6115383889425894,0.8391607071683442,0.2727272727272727,Afatinib,0.23728813559322037,0.7272727272727273,0.40768513159188235,0.646096821331184,1.0,0.8111887121944401,0.40768513159188235,0.7162426662793766,1.0,0.5923148684081176,0.40768513159188235,-0.41141004624999244,7.515697179087702,0.14368329208622388,-0.0,0.5347516559908534,8.19413212716478,0.0,0.0,0.294180753138661,0.36539358551014706,0.0,0.922074338648808,0.35,medium,uncertain_prediction;agents_strongly_disagree,7.272057788515972,False,review,False,,0.3864836325237592,0.6546990496304118,0.3759239704329461,0.4123548046462513,0.3447729672650475,0.27560718057022177,0.14889123548046462,0.20908130939809927,0.4437170010559662,0.3803590285110876,8.72659252843194,652,0.75,6.453488622729276,1,688,36,0,review,CN(CC(O)CO)c1cc2c(Nc3cccc(Br)c3)ncnc2cn1
COc1ccc(Br)cc1Nc1ncnc2cnc(CC(=O)/C=C\Cl)cc12,7.523347265343827,0.16040530614212897,0.58053330487275,433.69300000000015,4.403600000000002,77.0,1,6,3,6,0.1111111111111111,0,0.0,2.7579533333333344,False,,0,,0,,0,,0.6833333333333333,0.5877314355333307,0.7958753373333285,0.3717948717948718,Osimertinib,0.31666666666666665,0.6282051282051282,0.39355310203646654,0.6632181894748843,1.0,0.7539577850512784,0.39355310203646654,0.7026822691406573,1.0,0.6064468979635335,0.39355310203646654,-0.41217222280558774,7.282739306130634,0.17795141598386097,-0.0,0.5299303727948705,7.990621094909366,0.0,0.0,0.09060795921319345,0.38305862245441685,0.0,0.7361665816676103,0.35,medium,uncertain_prediction;agents_strongly_disagree,7.254454513241756,False,review,False,,0.20908130939809927,0.6879619852164731,0.5485744456177403,0.8284054910242872,0.2191129883843717,0.249208025343189,0.14889123548046462,0.542766631467793,0.47964625131995775,0.3924762407602956,8.566196596493315,705,0.75,6.45042600215411,1,689,0,16,review,O=C(/C=C\Cl)Cc1cc2c(Nc3cccc(Br)c3)ncnc2cn1
COc1ccccc1-c1cc2c(N(C)[C@H](CO)c3ccccc3)ncnc2[nH]1,7.623749991862293,0.1988906346815139,0.5368998059552084,374.444,3.803300000000002,74.27000000000001,2,5,4,6,0.18181818181818182,0,0.0,2.91296,False,,0,,0,,0,,0.6666666666666666,0.614442279032443,0.8444405073317144,0.22784810126582278,Afatinib,0.33333333333333337,0.7721518987341772,0.3917140536885135,0.6332579701984415,1.0,0.8263683551823301,0.3917140536885135,0.7128350947673213,1.0,0.6082859463114865,0.39171405368851353,-0.42816138810507715,7.325414039840022,0.11813762413702655,-0.0,0.5927556964531818,8.03630736043023,0.0,0.0,0.14833595202227084,0.3853574328893581,0.0,0.7961933849116289,0.35,medium,uncertain_prediction;agents_strongly_disagree,7.240113975518602,False,review,False,,0.2565997888067582,0.5976768743400211,0.5121436114044351,0.8938753959873285,0.35691657866948256,0.24604012671594508,0.14889123548046462,0.4160506863780359,0.4906019007391764,0.40322069693769796,8.625029641317242,682,0.75,6.448978811843839,1,690,8,0,review,COc1ccccc1-c1cc2c(N[C@H](CO)c3ccccc3)ncnc2[nH]1
C=C(C)C(=O)Cc1cc2c(Nc3ccc(C)c(Br)c3)ncnc2cn1,7.847527382774612,0.30433976605266,0.6412175592087311,397.27600000000007,4.527020000000003,67.77000000000001,1,5,3,5,0.15789473684210525,0,0.0,2.4151733333333336,False,,0,,0,,0,,0.7413793103448276,0.5744340788521823,0.771698325185786,0.3698630136986301,Sunvozertinib,0.2586206896551724,0.6301369863013699,0.3738440094567911,0.7097783755135201,1.0,0.7363079904646819,0.3738440094567911,0.7049825938587483,1.0,0.6261559905432089,0.3738440094567911,-0.44151811253594286,7.391017733695622,0.2947310328929416,-0.0,0.4983449875316851,8.184093754120248,0.0,0.0,0.30650964907899,0.4076949881790112,0.0,0.976704637258001,0.35,medium,uncertain_prediction;agents_strongly_disagree,7.207389116862247,False,review,False,,0.34318901795142553,0.8410770855332629,0.8389651531151003,0.5316789862724393,0.14149947201689547,0.2238648363252376,0.14889123548046462,0.19746568109820486,0.5548310454065469,0.42748152059134104,8.849891008608104,606,0.75,6.445366941571857,1,691,85,0,review,C=C(C)C(=O)Cc1cc2c(Nc3cccc(Br)c3)ncnc2cn1
C=CC(=O)Cc1cc2c(Nc3cc(Br)ccc3OC)ncnc2cn1,7.537851479149249,0.19749725295870285,0.6351545093338238,399.2480000000001,3.837100000000003,77.0,1,6,3,6,0.1111111111111111,0,0.0,2.528320000000001,False,,0,,0,,0,,0.6779661016949152,0.5722365769823397,0.7677028672406174,0.41333333333333333,Osimertinib,0.3220338983050848,0.5866666666666667,0.37121479271622027,0.7020919032105262,1.0,0.7224438170971297,0.37121479271622027,0.6989376282559691,1.0,0.6287852072837797,0.37121479271622027,-0.436963780719665,7.241605599711194,0.2670176204449348,-0.0,0.5128409710474425,8.021464191203572,0.0,0.0,0.14624587943805428,0.4109815091047247,0.0,0.8197273885427789,0.35,medium,uncertain_prediction;agents_strongly_disagree,7.201736802660793,False,review,False,,0.22175290390707497,0.8120380147835269,0.7740232312565998,0.8511087645195353,0.1304118268215417,0.21858500527983105,0.14889123548046462,0.42238648363252373,0.5485216473072861,0.4217529039070749,8.679690167972316,667,0.75,6.432840287349283,1,692,25,0,review,C=CC(=O)Cc1cc2c(Nc3cccc(Br)c3)ncnc2cn1
Fc1nc(NCCN2CCOCC2)cc2c(Nc3cccc(Br)c3)ncnc12,7.632146576217077,0.19564889113351566,0.5613395139913303,447.312,3.4141000000000012,75.2,2,7,4,6,0.3157894736842105,0,0.0,3.0487466666666667,False,,0,,0,,0,,0.7076923076923077,0.652933153802719,0.9144239160049435,0.3764705882352941,Dacomitinib,0.29230769230769227,0.6235294117647059,0.39608242026080837,0.6414772455157445,1.0,0.8417002899448841,0.39608242026080837,0.7198149889303592,1.0,0.6039175797391916,0.3960824202608084,-0.4316434248927345,7.338673239516804,0.13560646135975135,-0.0,0.5472032640691091,8.021482964945664,0.0,0.0,0.14347333670027348,0.3798969746739895,0.0,0.7858703113742629,0.35,medium,uncertain_prediction;agents_strongly_disagree,7.235612653571401,False,review,False,,0.2576557550158395,0.6367476240760296,0.3252375923970433,0.7148891235480465,0.5406546990496304,0.2555438225976769,0.14889123548046462,0.426610348468849,0.4350580781414995,0.39266103484688486,8.543552658715463,708,0.75,6.431805895387663,1,693,0,15,review,Brc1cccc(Nc2ncnc3cnc(NCCN4CCOCC4)cc23)c1
COc1cc(C)cc(Nc2ncnc3cnc(NCCN4CCOCC4)cc23)c1,7.515750506262305,0.1846833240349322,0.6328868372895194,394.4790000000003,2.8295200000000005,84.42999999999999,2,8,4,7,0.38095238095238093,0,0.0,2.796526666666669,False,,0,,0,,0,,0.734375,0.6334763071895424,0.8790478312537133,0.4268292682926829,Dacomitinib,0.265625,0.5731707317073171,0.37465929974112366,0.6905290425605177,1.0,0.8025785563671143,0.37465929974112366,0.7169417246671889,1.0,0.6253407002588763,0.37465929974112366,-0.456376566568087,7.238725520209906,0.25150307538475725,-0.0,0.5112444273256235,8.001473022920287,0.0,0.0,0.12702498605239831,0.40667587532359545,0.0,0.7962008613759937,0.35,medium,uncertain_prediction;agents_strongly_disagree,7.205272161544293,False,review,False,,0.20591341077085534,0.8014783526927138,0.5395987328405492,0.5675818373812038,0.457233368532207,0.22597676874340022,0.14889123548046462,0.46462513199577615,0.4474128827877508,0.399155227032735,8.538368482265588,709,0.75,6.409258433983576,1,694,0,15,review,Cc1cccc(Nc2ncnc3cnc(NCCN4CCOCC4)cc23)c1
COc1ccc(Br)cc1Nc1ncnc2cnc(NCCN3CCOCC3)cc12,7.824839517354863,0.250952814223916,0.557233208530415,459.34800000000035,3.2836000000000016,84.42999999999999,2,8,4,7,0.35,0,0.0,3.2289866666666693,False,,0,,0,,0,,0.7076923076923077,0.6311733009814852,0.8748605472390638,0.4444444444444444,Dacomitinib,0.29230769230769227,0.5555555555555556,0.4055429093819745,0.6322864698199333,1.0,0.7950342993181867,0.4055429093819745,0.7082159196300235,1.0,0.5944570906180255,0.40554290938197446,-0.4035640136640655,7.448410296018989,0.10788520853041464,-0.0,0.5169202650148941,8.073215769564298,0.0,0.0,0.226429221335874,0.3680713632725319,0.0,0.8570005846084059,0.35,medium,uncertain_prediction;agents_strongly_disagree,7.216215184955892,False,review,False,,0.32946145723336856,0.619324181626188,0.12249208025343189,0.7148891235480465,0.4382259767687434,0.2703273495248152,0.14889123548046462,0.2808870116156283,0.4334741288278775,0.37526399155227036,8.593384724157751,696,0.75,6.3915319748186175,1,695,0,1,review,Brc1cccc(Nc2ncnc3cnc(NCCN4CCOCC4)cc23)c1
COCCOc1cnccc1-c1[nH]c2c(c1Nc1c(Cl)ccc(F)c1Br)C(=O)NCC2,8.452032354936627,0.1558562738226774,0.31775627136124746,509.76300000000015,4.686400000000003,88.27000000000001,3,5,4,7,0.23809523809523808,1,0.5,3.5650866666666676,False,,0,,0,,0,,0.7638888888888888,0.7015446009389671,1.0,0.22,Gefitinib,0.23611111111111116,0.78,0.6289086970582826,0.43764723129996813,1.0,0.9450000000000001,0.43764723129996813,0.7528889820895628,1.0,0.5623527687000318,0.4376472312999682,-0.16530704670837348,8.218247944202611,-0.9431972048292289,-0.0,0.5902499999999999,7.8653007393733825,0.0,0.0,0.08378441073401607,0.32794096087503977,0.0,0.6742253716090558,0.35,medium,uncertain_prediction;agents_strongly_disagree,7.191075367764327,False,review,False,,0.6293558606124604,0.006335797254487857,0.02481520591341077,0.4044350580781415,0.8780359028511088,0.31890179514255546,0.14889123548046462,0.5628299894403379,0.3690865892291446,0.39540654699049627,8.308204646448356,761,0.75,6.390563224152922,1,696,0,65,review,COCCOc1cnccc1-c1[nH]c2c(c1Nc1cccc(F)c1Br)C(=O)NCC2
C=C(C)C(=O)Cc1cc2c(Nc3cccc(Br)c3Cl)ncnc2cn1,7.719810891179812,0.2560565917321545,0.5997362677398425,417.6940000000001,4.8720000000000026,67.77000000000001,1,5,3,5,0.1111111111111111,0,0.0,2.5512933333333336,False,,0,,0,,0,,0.6885245901639344,0.5377481799839009,0.7049966908798198,0.33783783783783783,Afatinib,0.3114754098360656,0.6621621621621622,0.3757131085824448,0.6817282805902467,1.0,0.6942880587004054,0.3757131085824448,0.6879323619682742,1.0,0.6242868914175552,0.3757131085824448,-0.41629233784777264,7.33572600358158,0.22815337885095352,-0.0,0.5150617557948332,8.078941138227366,0.0,0.0,0.23408488759823176,0.40535861427194403,0.0,0.9019435018701758,0.35,medium,uncertain_prediction;agents_strongly_disagree,7.17699763635719,False,review,False,,0.2914466737064414,0.7111932418162619,0.7412882787750792,0.8062302006335798,0.027455121436114043,0.22808870116156282,0.14889123548046462,0.2703273495248152,0.5458289334741289,0.40282470960929245,8.73393585839632,649,0.75,6.38538728788834,1,697,48,0,review,C=C(C)C(=O)Cc1cc2c(Nc3cccc(Br)c3)ncnc2cn1
Cc1ccc(F)c(Nc2ncnc3cnc(NCCN4CCOCC4)cc23)c1,7.742888953610952,0.3051531760625433,0.678805126458449,382.44300000000027,2.960020000000001,75.2,2,7,4,6,0.35,0,0.0,2.6162866666666686,False,,0,,0,,0,,0.71875,0.6189133986928105,0.8525698158051098,0.43209876543209874,Dacomitinib,0.28125,0.5679012345679013,0.34711501515895765,0.7227164092957366,1.0,0.7814026704958077,0.34711501515895765,0.7128085237376255,1.0,0.6528849848410423,0.3471150151589577,-0.48759134477155713,7.285159189517136,0.32136212645844875,-0.0,0.5100753243216478,8.116596640297233,0.0,0.0,0.3077297640938149,0.44110623105130287,0.0,1.0113359951451177,0.35,medium,uncertain_prediction;agents_strongly_disagree,7.105260645152116,False,review,False,,0.3020063357972545,0.8917634635691658,0.6668426610348469,0.6546990496304118,0.3833157338965153,0.18479408658922913,0.14889123548046462,0.19640971488912354,0.5452217529039071,0.4380411826821541,8.770862743781922,634,0.75,6.3559100643707005,1,698,64,0,review,Cc1cccc(Nc2ncnc3cnc(NCCN4CCOCC4)cc23)c1
C=C(C)C(=O)Cc1cc2c(Nc3cc(Br)ccc3C)ncnc2cn1,7.530233717526649,0.21710605618772913,0.6412175592087311,397.27600000000007,4.527020000000004,67.77000000000001,1,5,3,5,0.15789473684210525,0,0.0,2.4151733333333336,False,,0,,0,,0,,0.7241379310344828,0.5587232738525841,0.7431332251865165,0.3150684931506849,Afatinib,0.27586206896551724,0.6849315068493151,0.35558419005025177,0.7097783755135201,1.0,0.7285827956022162,0.35558419005025177,0.6984863402914969,1.0,0.6444158099497482,0.35558419005025177,-0.457202866988327,7.204574633245055,0.2947310328929416,-0.0,0.5154006893859064,8.014706355523902,0.0,0.0,0.17565908428159369,0.4305197624371853,0.0,0.8686788467187789,0.35,medium,uncertain_prediction;agents_strongly_disagree,7.1460275088051235,False,review,False,,0.21436114044350582,0.8410770855332629,0.8389651531151003,0.6282998944033791,0.0850052798310454,0.19535374868004224,0.14889123548046462,0.36958817317845827,0.5161826821541711,0.3986008447729672,8.634125574108907,676,0.75,6.349348522532685,1,699,23,0,review,C=C(C)C(=O)Cc1cc2c(Nc3cccc(Br)c3)ncnc2cn1
COc1cc(C(N)=O)ccc1-c1[nH]c2ncnc(N[C@H](C)c3ccccc3)c2c1C,7.176509034597614,0.0949290842705402,0.44861985803117077,401.47000000000014,4.2139200000000026,105.92,3,5,4,6,0.17391304347826086,0,0.0,3.093133333333334,False,,0,,0,,0,,0.6923076923076923,0.5839627705207707,0.7890232191286739,0.23333333333333334,Osimertinib,0.3076923076923077,0.7666666666666666,0.35267689966002536,0.5777742552504772,1.0,0.7834340810131721,0.35267689966002536,0.6784713089809187,1.0,0.6473231003399746,0.35267689966002536,-0.43439254576119113,7.034115408191804,0.0020411623789967533,-0.0,0.5657173432437069,7.601873913814507,0.0,0.0,0.0,0.4341538754249683,0.0,0.5841538754249683,0.2,low,agents_strongly_disagree,7.017720038389538,False,review,False,,0.13199577613516367,0.2972544878563886,0.27771911298838436,0.7903907074973601,0.20221752903907075,0.1900739176346357,0.32787750791974657,0.7888067581837381,0.318585005279831,0.3024551214361141,7.984175920150304,800,0.75,6.330666184112875,1,700,0,100,review,COc1cc(C(N)=O)ccc1-c1cc2c(N[C@H](C)c3ccccc3)ncnc2[nH]1
C=C(C)C(=O)Cc1cc2c(Nc3cc(Br)ccc3Cl)ncnc2cn1,7.408960370694982,0.15689529005392608,0.5997362677398425,417.6940000000001,4.8720000000000026,67.77000000000001,1,5,3,5,0.1111111111111111,0,0.0,2.5512933333333336,False,,0,,0,,0,,0.711864406779661,0.5545414093453557,0.7355298351733739,0.35135135135135137,Sunvozertinib,0.288135593220339,0.6486486486486487,0.36741338963599723,0.6817282805902467,1.0,0.7138095385421926,0.36741338963599723,0.6907378021921091,1.0,0.6325866103640028,0.36741338963599723,-0.43109921674148255,7.1736174356140925,0.22815337885095352,-0.0,0.5081380703370906,7.909908884802136,0.0,0.0,0.08534293508088911,0.41573326295500346,0.0,0.7635761980358925,0.35,medium,uncertain_prediction;agents_strongly_disagree,7.146332686766244,False,review,False,,0.1689545934530095,0.7111932418162619,0.7412882787750792,0.6847940865892291,0.07180570221752904,0.21436114044350582,0.14889123548046462,0.5607180570221753,0.4664202745512144,0.37151531151003164,8.469613214263592,729,0.75,6.317151060578283,1,701,0,28,review,C=C(C)C(=O)Cc1cc2c(Nc3cccc(Br)c3)ncnc2cn1
Cc1cccc(Nc2ncnc3cnc(NCCN4CCOCC4)c(C)c23)c1,7.404657259317248,0.2096181327049583,0.6824211096620202,378.4800000000003,3.129340000000002,75.2,2,7,4,6,0.38095238095238093,0,0.0,2.5898666666666688,False,,0,,0,,0,,0.7142857142857143,0.6484132418379421,0.9062058942508038,0.37349397590361444,Dacomitinib,0.2857142857142857,0.6265060240963856,0.3294316219358412,0.7257213539038545,1.0,0.8362809267121991,0.3294316219358412,0.7228584756379737,1.0,0.6705683780641588,0.3294316219358412,-0.52456913826951,7.0902300602598105,0.332036347757258,-0.0,0.5430747093630452,7.965341117380114,0.0,0.0,0.16442719905743744,0.46321047258019854,0.0,0.8901376716376359,0.35,medium,uncertain_prediction;agents_strongly_disagree,7.075203445742478,False,review,False,,0.16684266103484688,0.9049630411826821,0.6890179514255543,0.6752903907074974,0.5227032734952481,0.17212249208025343,0.14889123548046462,0.38965153115100315,0.4944825765575501,0.42608236536430827,8.558720209249174,706,0.75,6.311502284179648,1,702,0,4,review,Cc1cccc(Nc2ncnc3cnc(NCCN4CCOCC4)cc23)c1
O=C(O)CCNc1c(Br)ccc(F)c1Nc1ncnc2ccncc12,7.558219676676475,0.217805952014434,0.575732072056867,406.2150000000001,3.5566000000000013,100.03,3,6,3,6,0.125,0,0.0,2.5747666666666675,False,,0,,0,,0,,0.7241379310344828,0.6091565940578505,0.8348301710142735,0.32,Sunvozertinib,0.27586206896551724,0.6799999999999999,0.362090752759015,0.6676231524517897,1.0,0.796122628260705,0.362090752759015,0.7064591333678774,1.0,0.6379092472409851,0.3620907527590149,-0.4591578408118167,7.2315107486548245,0.20201707205686692,-0.0,0.5368454737880511,7.970373294499742,0.0,0.0,0.176708928021651,0.42238655905123135,0.0,0.8615954870728824,0.35,medium,uncertain_prediction;agents_strongly_disagree,7.1087778074268595,False,review,False,,0.23442449841605068,0.6742344244984161,0.7085533262935586,0.6282998944033791,0.3321013727560718,0.20802534318901794,0.14889123548046462,0.36536430834213307,0.47228088701161564,0.3923178458289334,8.537110358913681,710,0.75,6.304559222421579,1,703,0,7,review,O=C(O)CCNc1c(Br)cccc1Nc1ncnc2ccncc12
Cc1ccc(C)c(Nc2ncnc3cnc(NCCN4CCOCC4)cc23)c1,7.537979558019106,0.25053704074052935,0.6824211096620202,378.48000000000025,3.129340000000002,75.2,2,7,4,6,0.38095238095238093,0,0.0,2.5898666666666683,False,,0,,0,,0,,0.7419354838709677,0.6375645859516827,0.8864810653666958,0.37349397590361444,Dacomitinib,0.25806451612903225,0.6265060240963856,0.33411896098640587,0.7257213539038547,1.0,0.8214873050491183,0.33411896098640587,0.7203319049848448,1.0,0.6658810390135941,0.3341189609864059,-0.5149505919979185,7.162173996908312,0.3320363477572581,-0.0,0.5257011058286541,8.019911450494224,0.0,0.0,0.22580556111079403,0.4573512987669926,0.0,0.9456568598777866,0.35,medium,uncertain_prediction;agents_strongly_disagree,7.074254590616437,False,review,False,,0.22280887011615627,0.9049630411826821,0.6937697993664202,0.5216473072861668,0.47412882787750793,0.17529039070749736,0.14889123548046462,0.28299894403379094,0.4896515311510031,0.4181098204857444,8.607493287875428,689,0.75,6.300986375199331,1,704,15,0,review,Cc1cccc(Nc2ncnc3cnc(NCCN4CCOCC4)cc23)c1
COc1cncc2c(Nc3cccc(Br)c3NCCC(=O)O)ncnc12,7.938707927114213,0.34659216932687115,0.5356891007155609,418.2510000000002,3.4261,109.26,3,7,3,7,0.17647058823529413,0,0.0,2.7550066666666684,False,,0,,0,,0,,0.6774193548387096,0.5718515612484757,0.7670028386335921,0.26744186046511625,Osimertinib,0.32258064516129037,0.7325581395348837,0.36706246324974345,0.6386672105217637,1.0,0.758391663858915,0.36706246324974345,0.6910303344076055,1.0,0.6329375367502565,0.36706246324974345,-0.431957161543816,7.418819673123906,0.14008515953909,-0.0,0.5566794418414438,8.11558427450444,0.0,0.0,0.3698882539903067,0.4161719209378207,0.0,1.0485601749281273,0.35,medium,uncertain_prediction;agents_strongly_disagree,7.067024099576313,False,review,False,,0.382259767687434,0.5913410770855333,0.5554382259767687,0.8574445617740233,0.12777191129883844,0.2122492080253432,0.14889123548046462,0.1341077085533263,0.545089757127772,0.4002639915522703,8.769691983057767,636,0.75,6.272340889439038,1,705,69,0,review,O=C(O)CCNc1c(Br)cccc1Nc1ncnc2ccncc12
C[C@@H](Nc1ncnc2[nH]c(-c3ccc(CO)cc3)c(Cl)c12)c1ccccc1,6.9742631449819354,0.05111836299459333,0.4593539820268317,378.86300000000006,4.943700000000004,73.83,3,4,4,5,0.14285714285714285,0,0.0,2.84242,False,,0,,0,,0,,0.6206896551724138,0.49429346098839977,0.6259881108879994,0.175,Afatinib,0.3793103448275862,0.825,0.3327829321492685,0.5933208439609112,1.0,0.6757410831659996,0.3327829321492685,0.6504612148190448,1.0,0.6672170678507314,0.3327829321492686,-0.4235710435597018,6.8975856004900455,0.04727669631254599,-0.0,0.5746866828944137,7.519548979697006,0.0,0.0,0.0,0.4590213348134143,0.0,0.6090213348134144,0.2,low,agents_strongly_disagree,6.910527644883591,False,review,False,,0.11615628299894404,0.35005279831045405,0.5205913410770855,0.9799366420274551,0.0031678986272439284,0.17423442449841606,0.32787750791974657,0.9376979936642027,0.3963569165786695,0.33482048574445616,7.995177279591409,798,0.75,6.262312227776938,1,706,0,92,review,C[C@@H](Nc1ncnc2[nH]c(-c3ccc(CO)cc3)cc12)c1ccccc1
Cc1cccc(N(C)c2ncnc3cnc(NCCN4CCOCC4)cc23)c1,6.720262759493593,0.08036061230474344,0.7073666555550857,378.48000000000025,2.845220000000001,66.41000000000001,1,7,4,6,0.38095238095238093,0,0.0,2.5898666666666683,False,,0,,0,,0,,0.6666666666666666,0.570041803331404,0.7637123696934617,0.28888888888888886,Dacomitinib,0.33333333333333337,0.7111111111111111,0.2488132612600779,0.7394414041450408,1.0,0.7505620550478741,0.2488132612600779,0.6847041801132482,1.0,0.751186738739922,0.24881326126007797,-0.581187891804227,6.599721841036478,0.3569818936503236,-0.0,0.5542614257566988,7.510965160443501,0.0,0.0,0.0,0.5639834234249026,0.0,0.7139834234249026,0.2,low,agents_strongly_disagree,6.796981737018598,False,review,False,,0.07391763463569166,0.9160506863780359,0.6937697993664202,0.8938753959873285,0.11615628299894404,0.1235480464625132,0.32787750791974657,0.8405491024287223,0.4993136219640972,0.4171330517423443,8.110141506800417,784,0.75,6.247541399109411,1,707,0,77,review,Cc1cccc(Nc2ncnc3cnc(NCCN4CCOCC4)cc23)c1
Cc1c(Br)cccc1Nc1ncnc2cnc(N(C)CC(O)CO)cc12,7.805993746329072,0.2929387080061708,0.5667005143084464,418.29500000000024,2.6287199999999995,94.4,3,7,3,6,0.2777777777777778,0,0.0,3.005300000000002,False,,0,,0,,0,,0.7096774193548387,0.5884774774603332,0.7972317772006057,0.35135135135135137,Afatinib,0.29032258064516125,0.6486486486486487,0.37144134097794856,0.646096821331184,1.0,0.7600859950626164,0.37144134097794856,0.6944060393429372,1.0,0.6285586590220514,0.37144134097794856,-0.43061959781998493,7.366585684319816,0.14368329208622388,-0.0,0.5245477001850686,8.034816676591108,0.0,0.0,0.2894080620092562,0.4106983237775643,0.0,0.9626063857868205,0.35,medium,uncertain_prediction;agents_strongly_disagree,7.072210290804287,False,review,False,,0.32312565997888065,0.6546990496304118,0.3759239704329461,0.6937697993664202,0.23125659978880675,0.21964097148891235,0.14889123548046462,0.21436114044350582,0.4714889123548046,0.37280887011615627,8.600603371416874,692,0.75,6.244580934943675,1,708,16,0,review,CN(CC(O)CO)c1cc2c(Nc3cccc(Br)c3)ncnc2cn1
COc1ccc(Br)c(NCCC(=O)O)c1Nc1ncnc2ccncc12,7.478560706507117,0.1884103886000094,0.5356891007155609,418.2510000000001,3.426100000000001,109.26,3,7,3,7,0.17647058823529413,0,0.0,2.7550066666666675,False,,0,,0,,0,,0.6885245901639344,0.580742248349529,0.7831677242718709,0.2857142857142857,Osimertinib,0.3114754098360656,0.7142857142857143,0.3627529046067726,0.6386672105217637,1.0,0.7659472217753318,0.3627529046067726,0.6918418342259671,1.0,0.6372470953932274,0.36275290460677256,-0.43878523949225917,7.195945123607102,0.14008515953909018,-0.0,0.5502415797799115,7.886271862926105,0.0,0.0,0.13261558290001407,0.4215588692415343,0.0,0.8166744521415483,0.35,medium,uncertain_prediction;agents_strongly_disagree,7.0695974107845565,False,review,False,,0.1932418162618796,0.5913410770855333,0.5591341077085533,0.8062302006335798,0.18479408658922913,0.20908130939809927,0.14889123548046462,0.4551214361140444,0.45034318901795145,0.36024287222808865,8.426683689747646,738,0.75,6.226888857458263,1,709,0,29,review,O=C(O)CCNc1c(Br)cccc1Nc1ncnc2ccncc12
C/C=C/C(=O)Cc1cc2c(Nc3cccc(Br)c3C)ncnc2cn1,7.69221963477149,0.327166184465542,0.6412175592087311,397.27600000000007,4.527020000000003,67.77000000000001,1,5,3,5,0.15789473684210525,0,0.0,2.4151733333333336,False,,0,,0,,0,,0.7,0.5879397688666641,0.7962541252121165,0.32432432432432434,Afatinib,0.30000000000000004,0.6756756756756757,0.3190385795669931,0.7097783755135201,1.0,0.7661095128280062,0.3190385795669931,0.6987316169771298,1.0,0.6809614204330069,0.3190385795669931,-0.5062573832135157,7.201470358073177,0.2947310328929416,-0.0,0.5367662340057319,8.03296762497185,0.0,0.0,0.340749276698313,0.47620177554125864,0.0,1.0794510522395715,0.35,medium,uncertain_prediction;agents_strongly_disagree,6.953516572732278,False,review,False,,0.2787750791974657,0.8410770855332629,0.8389651531151003,0.7550158394931362,0.22333685322069693,0.1583949313621964,0.14889123548046462,0.15417106652587118,0.5705121436114045,0.4299630411826821,8.717582197305536,656,0.75,6.1944722221514965,1,710,54,0,review,C/C=C/C(=O)Cc1cc2c(Nc3cccc(Br)c3)ncnc2cn1
C=C(C)C(=O)Cc1cc2c(Nc3cc(Br)ccc3OC)ncnc2cn1,7.530441017308381,0.23205227457649766,0.609966539144996,413.2750000000001,4.227200000000003,77.0,1,6,3,6,0.15789473684210525,0,0.0,2.6218333333333343,False,,0,,0,,0,,0.7,0.541665697486593,0.7121194499756235,0.3717948717948718,Osimertinib,0.30000000000000004,0.6282051282051282,0.34517366212354694,0.6846418529400042,1.0,0.6911408695329997,0.34517366212354694,0.6802390961491377,1.0,0.6548263378764531,0.34517366212354694,-0.44675391203412107,7.182362605443634,0.23248101282920636,-0.0,0.5014914009554443,7.916335019228285,0.0,0.0,0.19807841186474648,0.44353292234556635,0.0,0.9041113342103128,0.35,medium,uncertain_prediction;agents_strongly_disagree,7.012223685017972,False,review,False,,0.21541710665258712,0.7565997888067582,0.6552270327349525,0.7550158394931362,0.04065469904963041,0.18268215417106654,0.14889123548046462,0.33051742344244983,0.49754487856388596,0.37288806758183735,8.513388873504947,715,0.75,6.184689366116176,1,711,0,4,review,C=C(C)C(=O)Cc1cc2c(Nc3cccc(Br)c3)ncnc2cn1
CCOc1ccccc1-c1[nH]c2ncnc(N[C@H](CO)c3ccccc3)c2c1Cl,7.065488838618875,0.057758766553323675,0.40794403699732046,408.8890000000001,4.822500000000003,83.06,3,5,4,7,0.18181818181818182,0,0.0,3.2425933333333345,False,,0,,0,,0,,0.6451612903225806,0.5440041898494418,0.7163712542717122,0.20224719101123595,Osimertinib,0.3548387096774194,0.797752808988764,0.3509410730673922,0.5496540921433981,1.0,0.7367166429509752,0.3509410730673922,0.6593279520404414,1.0,0.6490589269326078,0.3509410730673922,-0.41118250529739886,6.9788506887888895,-0.060263144820861536,-0.0,0.578096075619396,7.496683619587424,0.0,0.0,0.0,0.4363236586657598,0.0,0.5863236586657599,0.2,low,agents_strongly_disagree,6.910359960921664,False,review,False,,0.1246040126715945,0.12777191129883844,0.10348468848996832,0.9487856388595565,0.046462513199577615,0.18690601900739176,0.32787750791974657,0.914466737064414,0.28690601900739177,0.26362196409714894,7.8409708423962945,819,0.75,6.176706317838242,1,712,0,107,review,CCOc1ccccc1-c1cc2c(N[C@H](CO)c3ccccc3)ncnc2[nH]1
COc1c(-c2ccccc2)[nH]c2ncnc(N[C@H](CO)c3ccccc3)c12,6.874106310600326,0.06469045652856235,0.487358116928423,360.4170000000001,3.779000000000001,83.06,3,5,4,6,0.14285714285714285,0,0.0,2.8194466666666673,False,,0,,0,,0,,0.5535714285714286,0.5188608138717488,0.6706560252213613,0.20238095238095238,Osimertinib,0.4464285714285714,0.7976190476190477,0.2982432580800879,0.6096067079003762,1.0,0.7023967808207829,0.2982432580800879,0.6525616867003118,1.0,0.7017567419199121,0.2982432580800879,-0.47242457149363193,6.777070625807482,0.0787268312141372,-0.0,0.6078425777339117,7.463640034755532,0.0,0.0,0.0,0.5021959273998902,0.0,0.6521959273998902,0.2,low,agents_strongly_disagree,6.8114441073556415,False,review,False,,0.1003167898627244,0.45987328405491024,0.5300950369588173,1.0,0.011615628299894404,0.14361140443505807,0.32787750791974657,0.8965153115100317,0.4166314677930306,0.34522175290390705,7.963597796107169,804,0.75,6.175710210840331,1,713,0,91,review,OC[C@@H](Nc1ncnc2[nH]c(-c3ccccc3)cc12)c1ccccc1
CN(CC(O)CO)c1cc2c(Nc3cccc(Br)c3Cl)ncnc2cn1,7.83512540899504,0.3025029467073052,0.5444776838281217,438.7130000000001,2.973700000000001,94.4,3,7,3,6,0.23529411764705882,0,0.0,3.141420000000001,False,,0,,0,,0,,0.6984126984126984,0.5796737600512841,0.781225018275062,0.3466666666666667,Afatinib,0.3015873015873016,0.6533333333333333,0.37202928955364645,0.6286388799516207,1.0,0.7492520970396298,0.37202928955364645,0.6874800666362243,1.0,0.6279707104463536,0.37202928955364645,-0.4206010361101037,7.381370988934083,0.09679409559282745,-0.0,0.5270205402830512,8.005185624809961,0.0,0.0,0.3037544200609578,0.40996338805794197,0.0,0.9762178081188997,0.35,medium,uncertain_prediction;agents_strongly_disagree,7.028967816691061,False,review,False,,0.33368532206969376,0.6082365364308342,0.17740232312565998,0.76610348468849,0.17898627243928195,0.22175290390707497,0.14889123548046462,0.20380147835269272,0.4516367476240761,0.3508447729672651,8.547149721958853,707,0.75,6.174981544251779,1,714,7,0,review,CN(CC(O)CO)c1cc2c(Nc3cccc(Br)c3)ncnc2cn1
O=C(/C=C\Cl)Cc1cc2c(Nc3cc(Br)ccc3Cl)ncnc2cn1,7.367351772557998,0.08127885108150174,0.5653993272818347,438.1120000000001,5.048400000000002,67.77000000000001,1,5,3,5,0.058823529411764705,1,0.45,2.687413333333334,False,,0,,0,,0,,0.7192982456140351,0.6055888674850899,0.8283433954274361,0.32432432432432434,Sunvozertinib,0.2807017543859649,0.6756756756756757,0.40994274738244835,0.6076075787229578,1.0,0.790176465489496,0.40994274738244835,0.7019316978987256,1.0,0.5900572526175516,0.4099427473824484,-0.3893186006883696,7.245433495935746,-0.5318303197769889,-0.0,0.5361043410332459,7.249707517192003,0.0,0.0,0.0,0.3625715657719395,0.0,0.5125715657719395,0.2,low,agents_strongly_disagree,6.737135951420063,False,review,False,,0.15945089757127773,0.6504751847940866,0.6061246040126715,0.6499472016895459,0.3199577613516367,0.2808870116156283,0.32787750791974657,0.8363252375923971,0.4227560718057022,0.40570221752903907,7.757014803358846,833,0.75,6.17397861245491,1,715,0,118,review,O=C(/C=C\Cl)Cc1cc2c(Nc3cccc(Br)c3)ncnc2cn1
COc1ccc(Nc2ncnc3cnc(CC(=O)/C=C\Cl)cc23)cc1Br,7.839659405910858,0.34398502892216176,0.5805333048727502,433.6930000000001,4.403600000000002,77.0,1,6,3,6,0.1111111111111111,0,0.0,2.7579533333333344,False,,0,,0,,0,,0.6885245901639344,0.593900265737086,0.8070913922492472,0.4155844155844156,Osimertinib,0.3114754098360656,0.5844155844155844,0.34412533123220124,0.6632181894748845,1.0,0.7514224402908315,0.34412533123220124,0.6896914902494794,1.0,0.6558746687677988,0.34412533123220124,-0.4607548786897041,7.323681862527615,0.1779514159838612,-0.0,0.5172614578132166,8.018894736324693,0.0,0.0,0.3659775433832426,0.44484333595974845,0.0,1.0733208793429911,0.35,medium,uncertain_prediction;agents_strongly_disagree,6.945573856981702,False,review,False,,0.3357972544878564,0.6916578669482577,0.5485744456177403,0.8062302006335798,0.2587117212249208,0.1805702217529039,0.14889123548046462,0.13727560718057022,0.5329725448785639,0.405649419218585,8.65846179017897,672,0.75,6.1573531600440035,1,716,44,0,review,O=C(/C=C\Cl)Cc1cc2c(Nc3cccc(Br)c3)ncnc2cn1
COc1ccccc1-c1[nH]c2ncnc(N[C@H](CO)c3ccccc3)c2c1Cl,6.998483327046363,0.08421973002716199,0.45022819028764105,394.8620000000001,4.432400000000003,83.06,3,5,4,6,0.14285714285714285,0,0.0,3.049080000000001,False,,0,,0,,0,,0.639344262295082,0.5740226986128626,0.7709503611142955,0.24705882352941178,Osimertinib,0.360655737704918,0.7529411764705882,0.3156670207425773,0.5803531969658948,1.0,0.7664480649533687,0.3156670207425773,0.6656170706654603,1.0,0.6843329792574226,0.31566702074257735,-0.46660006656384384,6.87215373200562,0.007151904573355234,-0.0,0.5809150251869634,7.460220661765939,0.0,0.0,0.0,0.4804162240717783,0.0,0.6304162240717783,0.2,low,agents_strongly_disagree,6.82980443769416,False,review,False,,0.11826821541710665,0.32101372756071805,0.30623020063357975,0.9567053854276664,0.13727560718057022,0.15522703273495247,0.32787750791974657,0.8194297782470961,0.3546990496304118,0.31293558606124605,7.885859521322432,814,0.75,6.155327140967656,1,717,0,97,review,COc1ccccc1-c1cc2c(N[C@H](CO)c3ccccc3)ncnc2[nH]1
C=C(C)C(=O)Cc1cc2c(Nc3cccc(Br)c3)ncnc2c(F)n1,7.754836014467188,0.31265903199559864,0.5084958313972823,401.23900000000003,4.357700000000002,67.77000000000001,1,5,3,5,0.1111111111111111,0,0.0,2.4415933333333335,False,,0,,0,,0,,0.7,0.5764824422888939,0.7754226223434434,0.3116883116883117,Sunvozertinib,0.30000000000000004,0.6883116883116883,0.3448476812198781,0.6357652713710694,1.0,0.7536448888355046,0.3448476812198781,0.683564460356613,1.0,0.6551523187801219,0.3448476812198781,-0.45162237218231327,7.285847466473791,0.15336794250839333,-0.0,0.5353491620793673,7.974564571061551,0.0,0.0,0.31898854799339793,0.44394039847515243,0.0,1.0254289464685504,0.35,medium,uncertain_prediction;agents_strongly_disagree,6.9491356245930005,False,review,False,,0.307286166842661,0.5359028511087646,0.7946145723336854,0.7550158394931362,0.15205913410770855,0.1816261879619852,0.14889123548046462,0.18585005279831046,0.5156546990496305,0.3850844772967265,8.593350209921107,697,0.75,6.136236997349073,1,718,21,0,review,C=C(C)C(=O)Cc1cc2c(Nc3cccc(Br)c3)ncnc2cn1
C=C(C)C(=O)Cc1cc2c(Nc3cccc(Br)c3C)ncnc2cn1,7.642519268470188,0.31371179833277807,0.6412175592087311,397.27600000000007,4.527020000000003,67.77000000000001,1,5,3,5,0.15789473684210525,0,0.0,2.4151733333333336,False,,0,,0,,0,,0.7,0.541665697486593,0.7121194499756235,0.3424657534246575,Afatinib,0.30000000000000004,0.6575342465753424,0.3160315582846025,0.7097783755135201,1.0,0.6984731491255532,0.3160315582846025,0.6810707707309189,1.0,0.6839684417153975,0.3160315582846025,-0.486718949928422,7.1719515709710215,0.2947310328929416,-0.0,0.5102901364665087,7.9769727403304715,0.0,0.0,0.3205676974991671,0.4799605521442469,0.0,1.063028249643414,0.35,medium,uncertain_prediction;agents_strongly_disagree,6.913944490687058,False,review,False,,0.2608236536430834,0.8410770855332629,0.8389651531151003,0.7550158394931362,0.04065469904963041,0.1562829989440338,0.14889123548046462,0.18373812038014783,0.5624340021119324,0.40757655755015837,8.65189354286479,674,0.75,6.128036359747249,1,719,45,0,review,C=C(C)C(=O)Cc1cc2c(Nc3cccc(Br)c3)ncnc2cn1
CN(CC(O)CO)c1cc2c(Nc3cccc(Br)c3)ncnc2c(F)n1,7.711411125361614,0.28269054362240703,0.5257368444523727,422.25800000000004,2.4594000000000005,94.4,3,7,3,6,0.23529411764705882,0,0.0,3.0317200000000004,False,,0,,0,,0,,0.6984126984126984,0.5884272875816994,0.7971405228758169,0.2625,Afatinib,0.3015873015873016,0.7375,0.3549694008047187,0.6225506490641897,1.0,0.7822303921568627,0.3549694008047187,0.6899376105064428,1.0,0.6450305991952813,0.3549694008047187,-0.44662427960229867,7.287375309928004,0.0945082562170785,-0.0,0.55624941643324,7.938132982578323,0.0,0.0,0.27403581543361055,0.4312882489941016,0.0,0.9678240644277121,0.35,medium,uncertain_prediction;agents_strongly_disagree,6.970308918150611,False,review,False,,0.28511087645195354,0.5791974656810982,0.3321013727560718,0.76610348468849,0.22914466737064415,0.19429778247096094,0.14889123548046462,0.2249208025343189,0.4471752903907075,0.35071277719112987,8.474743331047172,728,0.75,6.116164250779967,1,720,0,8,review,CN(CC(O)CO)c1cc2c(Nc3cccc(Br)c3)ncnc2cn1
COc1cnccc1-c1[nH]c2ncnc(N[C@H](CO)c3ccccc3)c2c1Cl,7.139183972397187,0.13990744790644083,0.45890941697138776,395.85000000000014,3.8274000000000017,95.95,3,6,4,6,0.15,0,0.0,3.055666666666668,False,,0,,0,,0,,0.676923076923077,0.5401686510849325,0.7093975474271499,0.23333333333333334,Osimertinib,0.32307692307692304,0.7666666666666666,0.31186077956478814,0.5848745383086222,1.0,0.7237148272370291,0.31186077956478814,0.6551125362776098,1.0,0.6881392204352119,0.3118607795647881,-0.4576690089504289,6.929322800537525,0.01555941697138756,-0.0,0.5527340022414028,7.497616219750316,0.0,0.0,0.059861171859661236,0.4851740255440149,0.0,0.6950351974036761,0.2,low,agents_strongly_disagree,6.802581022346639,False,review,False,,0.12988384371700107,0.3437170010559662,0.2925026399155227,0.8627243928194298,0.03484688489968321,0.15205913410770855,0.32787750791974657,0.6198521647307286,0.3436114044350581,0.28851636747624076,7.909949905072385,812,0.75,6.098800663318128,1,721,0,91,review,COc1cnccc1-c1cc2c(N[C@H](CO)c3ccccc3)ncnc2[nH]1
OCc1ccc(-c2[nH]c3ncnc(N[C@H](CO)c4ccccc4)c3c2Cl)cc1,7.031885451388793,0.08674491043039126,0.3974587499078889,394.8620000000001,3.916100000000003,94.06,4,5,4,6,0.14285714285714285,0,0.0,3.049080000000001,False,,0,,0,,0,,0.6206896551724138,0.5251213838381272,0.6820388797056858,0.17045454545454544,Osimertinib,0.3793103448275862,0.8295454545454546,0.32224992554592435,0.5513300047570311,1.0,0.718915523415628,0.32224992554592435,0.6481238634296459,1.0,0.6777500744540756,0.32224992554592435,-0.434498583844962,6.901768085743206,-0.04561753580639694,-0.0,0.5900630114624716,7.446213561399281,0.0,0.0,0.0,0.47218759306759456,0.0,0.6221875930675946,0.2,low,agents_strongly_disagree,6.824025968331687,False,review,False,,0.11932418162618796,0.09292502639915523,0.30623020063357975,0.9799366420274551,0.01795142555438226,0.16156282998944033,0.32787750791974657,0.8120380147835269,0.31420274551214367,0.26969376979936643,7.823256856013853,823,0.75,6.097658492090926,1,722,0,101,review,OCc1ccc(-c2cc3c(N[C@H](CO)c4ccccc4)ncnc3[nH]2)cc1
Cc1ccc(Br)cc1Nc1ncnc2cnc(N(C)CC(O)CO)cc12,7.686868315527602,0.28056253918114116,0.5667005143084464,418.29500000000024,2.6287199999999995,94.4,3,7,3,6,0.2777777777777778,0,0.0,3.005300000000002,False,,0,,0,,0,,0.7333333333333333,0.5866937291564157,0.7939885984662103,0.32432432432432434,Afatinib,0.2666666666666667,0.6756756756756757,0.35032330145510165,0.646096821331184,1.0,0.7644103677685765,0.35032330145510165,0.6902076226387155,1.0,0.6496766985448983,0.3503233014551017,-0.4531790949114853,7.26602450675589,0.14368329208622388,-0.0,0.5211998523192554,7.93090765116137,0.0,0.0,0.2708438087717117,0.43709587318112286,0.0,0.9704396819528345,0.35,medium,uncertain_prediction;agents_strongly_disagree,6.960467969208535,False,review,False,,0.27666314677930304,0.6546990496304118,0.3759239704329461,0.571805702217529,0.21541710665258712,0.18585005279831046,0.14889123548046462,0.22914466737064415,0.42618796198521647,0.34244984160506864,8.44233320554363,732,0.75,6.096407779134617,1,723,0,9,review,CN(CC(O)CO)c1cc2c(Nc3cccc(Br)c3)ncnc2cn1
COc1c(Br)cccc1Nc1ncnc2cnc(CC(=O)/C=C\Cl)cc12,7.686839937727711,0.3097147652558126,0.58053330487275,433.69300000000015,4.403600000000002,77.0,1,6,3,6,0.1111111111111111,0,0.0,2.7579533333333344,False,,0,,0,,0,,0.6507936507936508,0.5655756929637527,0.7555921690250047,0.32894736842105265,Afatinib,0.3492063492063492,0.6710526315789473,0.32990964875285883,0.6632181894748843,1.0,0.7344572846634904,0.32990964875285883,0.6818962807228084,1.0,0.6700903512471412,0.3299096487528588,-0.4693155092932661,7.2222677898439915,0.17795141598386097,-0.0,0.5473566888727925,7.947575894700645,0.0,0.0,0.3145721478837189,0.46261293905892653,0.0,1.0396850869426455,0.35,medium,uncertain_prediction;agents_strongly_disagree,6.907890807757999,False,review,False,,0.27560718057022177,0.6879619852164731,0.5485744456177403,0.9355860612460402,0.1003167898627244,0.17317845828933473,0.14889123548046462,0.1900739176346357,0.5310190073917636,0.3860348468848997,8.584798703570762,698,0.75,6.096132624019878,1,724,26,0,review,O=C(/C=C\Cl)Cc1cc2c(Nc3cccc(Br)c3)ncnc2cn1
C/C=C/C(=O)Cc1ccc2ncnc(Nc3cc(Br)ccc3OC)c2c1,7.237053342854531,0.157980374678268,0.5878031137339145,412.2870000000001,4.832200000000003,64.11,1,5,3,6,0.15,0,0.0,2.615246666666667,False,,0,,0,,0,,0.7,0.592636238441865,0.8047931608033908,0.35443037974683544,Osimertinib,0.30000000000000004,0.6455696202531646,0.3236770734388451,0.6727053022972427,1.0,0.7649872756658342,0.3236770734388451,0.6903424128504805,1.0,0.6763229265611549,0.3236770734388451,-0.48888711921551375,7.000082780837129,0.21051611373391443,-0.0,0.5298691762767971,7.740468070847841,0.0,0.0,0.086970562017402,0.47040365820144364,0.0,0.8198742202188456,0.35,medium,uncertain_prediction;agents_strongly_disagree,6.920593850628996,False,review,False,,0.14044350580781415,0.6995776135163675,0.67740232312566,0.7550158394931362,0.2539598732840549,0.16473072861668428,0.14889123548046462,0.5554382259767687,0.4557286166842661,0.3748416050686378,8.28734241086896,762,0.75,6.095403776711361,1,725,0,37,review,C/C=C/C(=O)Cc1ccc2ncnc(Nc3cccc(Br)c3)c2c1
C/C=C/C(=O)Cc1cc(C)c2ncnc(Nc3cccc(Br)c3)c2c1,8.055350259019049,0.31425623835655153,0.6076838341050834,396.28800000000007,5.132020000000003,54.88,1,4,3,5,0.15,1,0.45,2.4085866666666673,False,,0,,0,,0,,0.7288135593220338,0.6330670287524522,0.8783036886408222,0.2625,Sunvozertinib,0.27118644067796616,0.7375,0.4188581979051761,0.6415881600398472,1.0,0.8431027664806166,0.4188581979051761,0.7258872811064099,1.0,0.5811418020948239,0.4188581979051761,-0.4093721109349784,7.583965901484222,-0.4386041658949167,-0.0,0.5628598204652904,7.708221556054594,0.0,0.0,0.3213843575348273,0.3514272526185299,0.0,0.9353116101533572,0.35,medium,uncertain_prediction;agents_strongly_disagree,6.772909945901237,False,review,False,,0.45195353748680045,0.7386483632523759,0.8542766631467793,0.6024287222808871,0.4551214361140444,0.29039070749736007,0.14889123548046462,0.18268215417106654,0.5997360084477297,0.49062829989440343,8.42790476619187,737,0.75,6.08666390577452,1,726,0,11,review,C/C=C/C(=O)Cc1ccc2ncnc(Nc3cccc(Br)c3)c2c1
C/C=C/C(=O)Cc1ccc2ncnc(Nc3cc(C)cc(Br)c3)c2c1,7.680323948093775,0.17898898107965405,0.6076838341050834,396.28800000000007,5.132020000000003,54.88,1,4,3,5,0.15,1,0.45,2.4085866666666673,False,,0,,0,,0,,0.7719298245614035,0.6534670988321243,0.9153947251493167,0.2926829268292683,Osimertinib,0.22807017543859653,0.7073170731707317,0.41978870026768583,0.6415881600398472,1.0,0.8633753121546706,0.41978870026768583,0.7311880431155509,1.0,0.5802112997323141,0.4197887002676859,-0.41519912379715346,7.411840476474294,-0.4386041658949167,-0.0,0.5436753821859172,7.516911692765294,0.0,0.0,0.11848347161948107,0.35026412466539264,0.0,0.7312475962848737,0.35,medium,uncertain_prediction;agents_strongly_disagree,6.785664096480421,False,review,False,,0.27243928194297784,0.7386483632523759,0.8542766631467793,0.3790918690601901,0.5448785638859557,0.2946145723336853,0.14889123548046462,0.4825765575501584,0.47428722280887015,0.4388331573389652,8.086056360135938,787,0.75,6.03726388528718,1,727,0,60,review,C/C=C/C(=O)Cc1ccc2ncnc(Nc3cccc(Br)c3)c2c1
Cc1ccc(Br)c(NCCC(=O)O)c1Nc1ncnc2ccncc12,7.507482812481334,0.2765406315789956,0.5778289525438194,402.2520000000001,3.7259200000000003,100.03,3,6,3,6,0.17647058823529413,0,0.0,2.5483466666666676,False,,0,,0,,0,,0.7241379310344828,0.6091565940578505,0.8348301710142735,0.25316455696202533,Sunvozertinib,0.27586206896551724,0.7468354430379747,0.3082922610150366,0.6697925905657673,1.0,0.8128314890201987,0.3082922610150366,0.6977290851502507,1.0,0.6917077389849634,0.3082922610150366,-0.5192490988469521,7.092671865112841,0.21322401136734864,-0.0,0.5568961066994436,7.862791983179633,0.0,0.0,0.2648109473684934,0.4896346737312043,0.0,1.0169456210996977,0.35,medium,uncertain_prediction;agents_strongly_disagree,6.845846362079936,False,review,False,,0.20274551214361142,0.6795142555438226,0.7571277719112989,0.6282998944033791,0.3321013727560718,0.14783526927138332,0.14889123548046462,0.24076029567053855,0.46636747624076025,0.37621436114044354,8.422432954668546,740,0.75,6.022303595448468,1,728,0,12,review,O=C(O)CCNc1c(Br)cccc1Nc1ncnc2ccncc12
COc1cc(C(N)=O)ccc1-c1cc2c(N(C)[C@H](C)c3ccccc3)ncnc2[nH]1,7.64329960129816,0.2796979926070129,0.5101767625634207,401.4700000000001,3.929800000000002,97.13,2,5,4,6,0.17391304347826086,0,0.0,3.093133333333334,False,,0,,0,,0,,0.6923076923076923,0.5711121982062929,0.7656585421932597,0.23333333333333334,Osimertinib,0.3076923076923077,0.7666666666666666,0.3400363054996311,0.6116305527432147,1.0,0.7659105733116114,0.3400363054996311,0.6793943578886144,1.0,0.6599636945003688,0.34003630549963115,-0.4524774031853109,7.223752612387641,0.06359806691124668,-0.0,0.5598761740098533,7.847226853308742,0.0,0.0,0.2695469889105193,0.44995461812546106,0.0,0.9820016070359803,0.35,medium,uncertain_prediction;agents_strongly_disagree,6.865225246272762,False,review,False,,0.26187961985216474,0.5491024287222809,0.27771911298838436,0.7903907074973601,0.12249208025343189,0.17740232312565998,0.14889123548046462,0.23231256599788808,0.42740232312566,0.324234424498416,8.360109641059534,754,0.75,5.979306555670862,1,729,0,25,review,COc1cc(C(N)=O)ccc1-c1cc2c(N[C@H](C)c3ccccc3)ncnc2[nH]1
C/C=C/C(=O)Cc1ccc2ncnc(N(C)c3cccc(Br)c3)c2c1,6.558965953385036,0.0627596536560252,0.5788861139600215,396.28800000000007,4.8479000000000045,46.09,0,4,3,5,0.15,0,0.0,2.4085866666666673,False,,0,,0,,0,,0.6290322580645161,0.5456997508019771,0.7194540923672309,0.22784810126582278,Afatinib,0.3709677419354839,0.7721518987341772,0.22080973078704147,0.6757494139600632,1.0,0.7326285439589675,0.22080973078704147,0.657296922176518,1.0,0.7791902692129585,0.22080973078704147,-0.5819829218526356,6.464826472900999,0.23259811396002145,-0.0,0.5784445765830286,7.275869163444049,0.0,0.0,0.0,0.5989878365161981,0.0,0.7489878365161982,0.2,low,agents_strongly_disagree,6.5268813269278505,False,review,False,,0.03484688489968321,0.6853220696937699,0.8542766631467793,0.9746568109820486,0.04963041182682154,0.1119324181626188,0.32787750791974657,0.9017951425554382,0.47581837381203806,0.3901795142555438,7.846851212018494,817,0.75,5.945096744034503,1,730,0,87,review,C/C=C/C(=O)Cc1ccc2ncnc(Nc3cccc(Br)c3)c2c1
C/C=C/C(=O)Cc1ccc2ncnc(Nc3cc(Br)ccc3Cl)c2c1,7.177241975979296,0.08343575517497678,0.559782802309578,416.7060000000001,5.477000000000003,54.88,1,4,3,5,0.10526315789473684,1,0.45,2.5447066666666673,False,,0,,0,,0,,0.711864406779661,0.597340570086194,0.8133464910658071,0.325,Osimertinib,0.288135593220339,0.675,0.36090546537234025,0.6100072079369345,1.0,0.7787598682993553,0.36090546537234025,0.6874181354021576,1.0,0.6390945346276597,0.36090546537234025,-0.435350226706423,7.05208834321683,-0.5113968819009485,-0.0,0.5354976397156044,7.076189101031487,0.0,0.0,0.0,0.4238681682845747,0.0,0.5738681682845748,0.2,low,agents_strongly_disagree,6.502320932746912,False,review,False,,0.133051742344245,0.6309398099260823,0.7655755015839493,0.6847940865892291,0.2740232312565998,0.20696937697993664,0.32787750791974657,0.8257655755015839,0.43785638859556497,0.40176874340021124,7.601616767346164,855,0.75,5.934443424827165,1,731,0,124,review,C/C=C/C(=O)Cc1ccc2ncnc(Nc3cccc(Br)c3)c2c1
C/C=C/C(=O)Cc1ccc2ncnc(Nc3ccc(OC)c(Br)c3)c2c1,7.462926071368838,0.27386587693652,0.5878031137339145,412.2870000000001,4.832200000000004,64.11,1,5,3,6,0.15,0,0.0,2.615246666666667,False,,0,,0,,0,,0.7049180327868853,0.5987475817126565,0.8159046940230117,0.3974358974358974,Osimertinib,0.29508196721311475,0.6025641025641026,0.2990254039866456,0.6727053022972427,1.0,0.7625695461582844,0.2990254039866456,0.6835750631105432,1.0,0.7009745960133544,0.29902540398664557,-0.5127328788318632,7.052127255964058,0.21051611373391443,-0.0,0.5175322895208854,7.780175659218858,0.0,0.0,0.26079881540477995,0.5012182450166931,0.0,1.024517060421473,0.35,medium,uncertain_prediction;agents_strongly_disagree,6.755658598797385,False,review,False,,0.1890179514255544,0.6995776135163675,0.67740232312566,0.7349524815205913,0.27983104540654696,0.1446673706441394,0.14889123548046462,0.24498416050686378,0.4735744456177402,0.3724656810982049,8.348464993960146,756,0.75,5.927617416115231,1,732,0,24,review,C/C=C/C(=O)Cc1ccc2ncnc(Nc3cccc(Br)c3)c2c1
CN(CC(O)CO)c1cc2c(Nc3cc(Br)ccc3Cl)ncnc2cn1,7.454914075191724,0.22029496683607222,0.5444776838281217,438.7130000000001,2.973700000000001,94.4,3,7,3,6,0.23529411764705882,0,0.0,3.141420000000001,False,,0,,0,,0,,0.7213114754098361,0.57774945139431,0.7777262752623817,0.32,Afatinib,0.2786885245901639,0.6799999999999999,0.33452204201268054,0.6286388799516207,1.0,0.7532947064467863,0.33452204201268054,0.6791139071027719,1.0,0.6654779579873195,0.33452204201268054,-0.45945582012012187,7.124471624937616,0.09679409559282745,-0.0,0.5238414048811691,7.745107125411613,0.0,0.0,0.18044245025410832,0.45684744748414935,0.0,0.8997898977382577,0.35,medium,uncertain_prediction;agents_strongly_disagree,6.845317227673355,False,review,False,,0.18479408658922913,0.6082365364308342,0.17740232312565998,0.6420274551214361,0.16367476240760295,0.17634635691657866,0.14889123548046462,0.35480464625131997,0.35982048574445613,0.2952481520591341,8.17689170830496,775,0.75,5.924615010144317,1,733,0,42,review,CN(CC(O)CO)c1cc2c(Nc3cccc(Br)c3)ncnc2cn1
C/C=C/C(=O)Cc1cc2c(N(C)c3cccc(Br)c3)ncnc2cn1,6.558939489095298,0.09501351801278632,0.6030184867704428,397.27600000000007,4.242900000000003,58.980000000000004,0,5,3,5,0.15789473684210525,0,0.0,2.4151733333333336,False,,0,,0,,0,,0.6290322580645161,0.5322452053474316,0.6949912824498755,0.2125,Afatinib,0.3709677419354839,0.7875,0.19822540966487412,0.6887688856724615,1.0,0.7181184618374067,0.19822540966487412,0.6512781892936855,1.0,0.8017745903351259,0.19822540966487412,-0.6040703728384152,6.416419212076119,0.25653196045465326,-0.0,0.5769333044834366,7.249884477014209,0.0,0.0,0.0,0.6272182379189073,0.0,0.7772182379189073,0.2,low,agents_strongly_disagree,6.472666239095302,False,review,False,,0.0337909186906019,0.7249208025343189,0.8389651531151003,0.9746568109820486,0.023231256599788808,0.10454065469904963,0.32787750791974657,0.7877507919746568,0.4809662090813094,0.3851900739176346,7.827043927911781,822,0.75,5.884894327796464,1,734,0,88,review,C/C=C/C(=O)Cc1cc2c(Nc3cccc(Br)c3)ncnc2cn1
COc1cc(C(N)=O)ccc1-c1[nH]c2ncnc(N[C@H](C)c3ccccc3)c2c1OC,7.448660923450366,0.18956405613345786,0.4198591331256397,417.46900000000016,3.914100000000002,115.15,3,6,4,7,0.17391304347826086,0,0.0,3.299793333333335,False,,0,,0,,0,,0.6923076923076923,0.5887368540672328,0.7977033710313322,0.23333333333333334,Osimertinib,0.3076923076923077,0.7666666666666666,0.35447039156917104,0.5540073950139737,1.0,0.7899441949401658,0.35447039156917104,0.6746054953808276,1.0,0.645529608430829,0.35447039156917104,-0.42684680508220874,7.16431483925018,-0.057718562526534414,-0.0,0.5678873812193714,7.674483657943017,0.0,0.0,0.1343460842001868,0.43191201053853623,0.0,0.828758094738723,0.35,medium,uncertain_prediction;agents_strongly_disagree,6.845725563204294,False,review,False,,0.1805702217529039,0.18321013727560717,0.09714889123548047,0.7903907074973601,0.23336853220696938,0.1932418162618796,0.14889123548046462,0.4498416050686378,0.2905491024287223,0.2504487856388596,8.023142580857483,795,0.75,5.8712641059709245,1,735,0,60,review,COc1cc(C(N)=O)ccc1-c1cc2c(N[C@H](C)c3ccccc3)ncnc2[nH]1
COc1cc(C(N)=O)ccc1-c1[nH]c2ncnc(N[C@H](C)c3ccccc3)c2c1Cl,7.449701376369535,0.19164386602368602,0.42286258411497757,421.88800000000015,4.558900000000002,105.92,3,5,4,6,0.13636363636363635,0,0.0,3.229253333333334,False,,0,,0,,0,,0.6818181818181818,0.571480865393909,0.7663288461707435,0.25842696629213485,Osimertinib,0.31818181818181823,0.7415730337078652,0.3532746378758035,0.5583723699811864,1.0,0.7601398930550239,0.3532746378758035,0.6679467252280035,1.0,0.6467253621241965,0.3532746378758035,-0.4195627831362666,7.162235577334005,-0.047889052248658893,-0.0,0.5572359398368636,7.67158246492221,0.0,0.0,0.13746579903552902,0.43340670265524567,0.0,0.8333725016907747,0.35,medium,uncertain_prediction;agents_strongly_disagree,6.838209963231435,False,review,False,,0.1816261879619852,0.19376979936642028,0.11615628299894404,0.8384371700105596,0.12565997888067582,0.191129883843717,0.14889123548046462,0.4371700105596621,0.30559662090813094,0.24743928194297785,8.038298410011967,792,0.75,5.860137101563009,1,736,0,56,review,COc1cc(C(N)=O)ccc1-c1cc2c(N[C@H](C)c3ccccc3)ncnc2[nH]1
Nc1cc2ncnc(Nc3cccc(Br)c3NCCC(=O)O)c2cn1,7.603793661206876,0.3152605248477976,0.494988071422727,403.2400000000002,2.9997000000000007,126.05000000000001,4,7,3,6,0.125,0,0.0,2.554933333333335,False,,1,aniline,0,,0,,0.7288135593220338,0.6299213489262696,0.8725842707750355,0.2948717948717949,Sunvozertinib,0.27118644067796616,0.7051282051282051,0.3052660479082608,0.6239767726158332,0.88,0.8307202543633279,0.3052660479082608,0.6599907687218554,0.88,0.5747339520917392,0.42526604790826084,-0.4729662944181264,7.13090287393518,0.1242480714227268,-0.2,0.5517184275373052,7.606869372895212,0.0,0.0,0.3228907872716964,0.34341744011467396,0.0,0.9288082273863703,0.35,medium,uncertain_prediction;agents_strongly_disagree,6.678061145508842,False,review,False,,0.2470960929250264,0.49947201689545934,0.7212249208025343,0.6024287222808871,0.43189017951425557,0.3020063357972545,0.14889123548046462,0.17845828933474128,0.43975712777191134,0.3786166842661035,8.134577926221505,779,0.75,5.857401166628167,1,737,0,42,review,O=C(O)CCNc1c(Br)cccc1Nc1ncnc2ccncc12
CNc1cc2c(N(C)c3cccc(C(F)(F)F)c3)ncnc2cn1,6.453512871794824,0.14654620147387099,0.7888269776219573,333.317,3.853200000000003,53.94,1,5,3,3,0.1875,0,0.0,1.9000000000000001,False,,0,,0,,0,,0.6296296296296297,0.507295065261167,0.6496273913839399,0.2465753424657534,Afatinib,0.37037037037037035,0.7534246575342466,0.13579587691699627,0.8107779146151535,1.0,0.6755767079215166,0.13579587691699627,0.6555376248634166,1.0,0.8642041230830038,0.13579587691699624,-0.6929889972618938,6.233693569584017,0.5225769776219573,-0.0,0.5551009117729255,7.3113714589789005,0.0,0.0,0.06981930221080647,0.7052551538537546,0.0,0.9250744560645611,0.2,low,agents_strongly_disagree,6.38629700291434,False,review,False,,0.014783526927138331,0.9804646251319957,0.9767687434002112,0.9704329461457233,0.009503695881731784,0.0781414994720169,0.32787750791974657,0.5860612460401268,0.5433474128827878,0.41708025343189026,7.963388354438246,805,0.75,5.836793307032608,1,738,0,67,review,CNc1cc2c(Nc3cccc(C(F)(F)F)c3)ncnc2cn1
CCOc1ccccc1-c1[nH]c2ncnc(N[C@H](CO)c3ccccc3)c2c1OC,6.957809415929659,0.12246857577384887,0.40805553222987834,404.47000000000014,4.1777000000000015,92.29,3,6,4,8,0.21739130434782608,0,0.0,3.313133333333335,False,,0,,0,,0,,0.6349206349206349,0.5584773396538102,0.7426860720978367,0.2,Osimertinib,0.3650793650793651,0.8,0.2787243509407205,0.5470023375982279,1.0,0.7570145540733775,0.2787243509407205,0.6456853106530815,1.0,0.7212756490592795,0.27872435094072046,-0.48928127961648143,6.7741065522688855,-0.06717533733533924,-0.0,0.5899572323101735,7.29688844724372,0.0,0.0,0.0337028636607733,0.5265945613240994,0.0,0.7102974249848727,0.2,low,agents_strongly_disagree,6.5865910222588475,False,review,False,,0.11510031678986272,0.14149947201689547,0.08447729672650475,0.9598732840549102,0.08236536430834214,0.1341077085533263,0.32787750791974657,0.6810982048574445,0.2847412882787751,0.24868004223864837,7.6385779931782505,847,0.75,5.835007072945226,1,739,0,108,review,CCOc1ccccc1-c1cc2c(N[C@H](CO)c3ccccc3)ncnc2[nH]1
[2H]C([2H])([2H])Oc1ccccc1-c1[nH]c2ncnc(N[C@H](CO)c3ccccc3)c2c1OC,7.244230879037718,0.15779698578412618,0.44244447474168586,393.46130533400014,3.787600000000001,92.29,3,6,4,7,0.18181818181818182,0,0.0,3.139742035560001,False,,0,,0,,0,,0.6666666666666666,0.6006628787878788,0.8193870523415978,0.1978021978021978,Osimertinib,0.33333333333333337,0.8021978021978022,0.32559982971054124,0.5725851520479273,1.0,0.8150897398056489,0.32559982971054124,0.6783186803910293,1.0,0.6744001702894588,0.32559982971054124,-0.4702918009073176,7.007535400361529,-0.010335012410496117,-0.0,0.5955061037447402,7.592706491695773,0.0,0.0,0.08669547867618926,0.4680002128618235,0.0,0.8171956915380127,0.35,medium,uncertain_prediction;agents_strongly_disagree,6.77551080015776,False,review,False,,0.14149947201689547,0.25237592397043296,0.18268215417106654,0.8938753959873285,0.293558606124604,0.16684266103484688,0.14889123548046462,0.5564941921858501,0.32032734952481523,0.27671594508975716,7.977099311125551,801,0.75,5.832569934265468,1,740,0,61,review,[2H]C([2H])([2H])Oc1ccccc1-c1cc2c(N[C@H](CO)c3ccccc3)ncnc2[nH]1
COc1ccc(C)cc1Nc1ncnc2cnc(NCCN3CCOCC3)cc12,7.389003545367498,0.2807633137987146,0.6328868372895194,394.4790000000003,2.8295200000000005,84.42999999999999,2,8,4,7,0.38095238095238093,0,0.0,2.796526666666669,False,,0,,0,,0,,0.7076923076923077,0.6099919060490829,0.8363489200892416,0.4444444444444444,Dacomitinib,0.29230769230769227,0.5555555555555556,0.2757165666827742,0.6905290425605177,1.0,0.7661505789558201,0.2757165666827742,0.683099047049778,1.0,0.7242834333172258,0.2757165666827742,-0.5431766404893383,6.9678585746694255,0.25150307538475725,-0.0,0.5072923582274386,7.7266540082816215,0.0,0.0,0.2711449706980719,0.5303542916465322,0.0,1.0639992623446042,0.35,medium,uncertain_prediction;agents_strongly_disagree,6.662654745937017,False,review,False,,0.16156282998944033,0.8014783526927138,0.5395987328405492,0.7148891235480465,0.3347412882787751,0.13199577613516367,0.14889123548046462,0.22703273495248152,0.45691657866948254,0.36705385427666315,8.274953902685,764,0.75,5.828119371069013,1,741,0,23,review,Cc1cccc(Nc2ncnc3cnc(NCCN4CCOCC4)cc23)c1
O=C(/C=C\Cl)Cc1cc2c(Nc3cccc(Br)c3)ncnc2c(Cl)n1,8.030540078631892,0.28061688530902335,0.4464547508463847,438.112,5.048400000000003,67.77000000000001,1,5,3,5,0.058823529411764705,1,0.45,2.6874133333333337,False,,0,,0,,0,,0.7413793103448276,0.6277275215206249,0.8685954936738635,0.3116883116883117,Sunvozertinib,0.2586206896551724,0.6883116883116883,0.4362031999416568,0.5421880616834603,1.0,0.8235245423333196,0.4362031999416568,0.7004789509896092,1.0,0.5637968000583432,0.4362031999416568,-0.3523676680639365,7.609614750668357,-0.6507748962124389,-0.0,0.5400216902567999,7.498861544712718,0.0,0.0,0.270925327963535,0.32974600007292904,0.0,0.863171328036464,0.35,medium,uncertain_prediction;agents_strongly_disagree,6.635690216676254,False,review,False,,0.42872228088701164,0.2819429778247096,0.6098204857444561,0.5316789862724393,0.42344244984160506,0.3136219640971489,0.14889123548046462,0.22808870116156282,0.44712249208025345,0.38505807814149945,8.035408535209022,793,0.75,5.822759910446054,1,742,0,51,review,O=C(/C=C\Cl)Cc1cc2c(Nc3cccc(Br)c3)ncnc2cn1
Cc1nc(Nc2cccc(Br)c2)c2cc(NCCN3CCOCC3)ncc2n1,6.8846964882719215,0.10928692918667371,0.6033492810887932,443.3490000000003,3.583420000000002,75.2,2,7,4,6,0.35,0,0.0,3.0223266666666686,False,,0,,0,,0,,1.0,0.7574013051624991,1.0,0.32954545454545453,Dacomitinib,0.0,0.6704545454545454,0.2696732716373088,0.6655987712655029,1.0,0.9176136363636364,0.2696732716373088,0.713221419816612,1.0,0.7303267283626912,0.2696732716373088,-0.5913975309057377,6.7207660944919105,0.18500028108879288,-0.0,0.2511363636363636,7.156902739217067,0.0,0.0,0.013930393780010555,0.537908410453364,0.0,0.7018388042333746,0.2,low,agents_strongly_disagree,6.455063934983692,False,review,False,,0.10559662090813093,0.7296726504751848,0.35480464625131997,0.004751847940865892,0.8780359028511088,0.12988384371700107,0.32787750791974657,0.7296726504751848,0.24762407602956704,0.34714889123548043,7.454051630452547,873,0.75,5.821642604466269,1,743,0,130,review,Brc1cccc(Nc2ncnc3cnc(NCCN4CCOCC4)cc23)c1
O=C(/C=C\Cl)Cc1cc2c(Nc3ccc(Cl)c(Br)c3)ncnc2cn1,7.988843312394465,0.3055330023080089,0.5653993272818347,438.1120000000001,5.048400000000003,67.77000000000001,1,5,3,5,0.058823529411764705,1,0.45,2.687413333333334,False,,0,,0,,0,,0.7368421052631579,0.6217511753950633,0.8577294098092059,0.39436619718309857,Sunvozertinib,0.26315789473684215,0.6056338028169015,0.40833772648301003,0.6076075787229578,1.0,0.7947055080611297,0.40833772648301003,0.7026627033167744,1.0,0.59166227351699,0.40833772648301003,-0.39243330244501906,7.5305438089324515,-0.5318303197769889,-0.0,0.5145435459289509,7.513257035084413,0.0,0.0,0.30829950346201335,0.3645778418962375,0.0,0.9353773453582508,0.35,medium,uncertain_prediction;agents_strongly_disagree,6.577879689726162,False,review,False,,0.4065469904963041,0.6504751847940866,0.6061246040126715,0.5575501583949314,0.3986272439281943,0.27666314677930304,0.14889123548046462,0.19535374868004224,0.5154699049630412,0.42808870116156283,8.131820921040063,780,0.75,5.816586131120037,1,744,0,36,review,O=C(/C=C\Cl)Cc1cc2c(Nc3cccc(Br)c3)ncnc2cn1
COCCOc1cnccc1-c1[nH]c2c(c1N(C)c1cccc(F)c1C)C(=O)NCC2,7.54871931743477,0.2600193327796361,0.5667933067324908,424.4760000000002,3.603220000000002,79.48,2,5,4,7,0.30434782608695654,0,0.0,2.9965066666666687,True,dyes5A(27),0,,0,,0,,0.6891891891891891,0.6210648547233913,0.8564815540425296,0.17204301075268819,Afatinib,0.31081081081081086,0.8279569892473118,0.33016629641294726,0.6464860622926135,0.75,0.849350412843725,0.33016629641294726,0.6440006928873214,0.849350412843725,0.5191841164307778,0.4808158835692222,-0.41844586196583233,7.158690318265316,0.14775208934118622,-0.4,0.6023723501496908,7.508814757756193,0.0,0.0,0.2400289991694542,0.2739801455384722,0.0,0.8140091447079265,0.4,medium,unsafe_structure_can_game_single_score;uncertain_prediction,6.694805613048267,False,review,False,,0.22914466737064415,0.6610348468848997,0.39334741288278774,0.7993664202745512,0.395987328405491,0.43189017951425557,0.003695881731784583,0.26715945089757126,0.4541974656810982,0.38368532206969375,8.053851716573512,789,0.75,5.805227999531899,1,745,0,44,review,COCCOc1cnccc1-c1[nH]c2c(c1Nc1cccc(F)c1C)C(=O)NCC2
CCOc1ccccc1-c1[nH]c2ncnc(N[C@H](CO)c3ccccc3)c2c1F,7.262990306841478,0.16196410165792013,0.4365765311989034,392.4340000000001,4.308200000000002,83.06,3,5,4,7,0.18181818181818182,0,0.0,3.132893333333334,False,,0,,0,,0,,0.6721311475409836,0.5678096619961068,0.7596539309020123,0.20987654320987653,Afatinib,0.3278688524590164,0.7901234567901234,0.3273727055498254,0.5696211947234995,1.0,0.76727131237404,0.3273727055498254,0.6660663031618412,1.0,0.6726272944501746,0.32737270554982545,-0.4515914634826878,7.020044154354598,-0.015175650619278506,-0.0,0.5744915033690975,7.579360007104417,0.0,0.0,0.09294615248688019,0.4657841180627182,0.0,0.8212302705495983,0.35,medium,uncertain_prediction;agents_strongly_disagree,6.758129736554818,False,review,False,,0.1457233368532207,0.24445617740232312,0.19640971488912354,0.877507919746568,0.10770855332629356,0.17106652587117213,0.14889123548046462,0.5343189017951425,0.31942977824709606,0.257259767687434,7.962675741000933,806,0.75,5.791841457779739,1,746,0,60,review,CCOc1ccccc1-c1cc2c(N[C@H](CO)c3ccccc3)ncnc2[nH]1
O=C(/C=C\Cl)Cc1cc2c(Nc3cccc(Br)c3Cl)ncnc2cn1,7.673906756958203,0.20624442509504334,0.5653993272818347,438.1120000000001,5.048400000000002,67.77000000000001,1,5,3,5,0.058823529411764705,1,0.45,2.687413333333334,False,,0,,0,,0,,0.6949152542372882,0.5865520241626996,0.79373095302309,0.3108108108108108,Afatinib,0.30508474576271183,0.6891891891891893,0.3991055916730205,0.6076075787229578,1.0,0.767595512064615,0.3991055916730205,0.6935771706151483,1.0,0.6008944083269795,0.3991055916730205,-0.3926287719228372,7.364540119315638,-0.5318303197769889,-0.0,0.5424776306057497,7.375187430144399,0.0,0.0,0.159366637642565,0.3761180104087244,0.0,0.7979846480512893,0.35,medium,uncertain_prediction;agents_strongly_disagree,6.577202782093109,False,review,False,,0.2713833157338965,0.6504751847940866,0.6061246040126715,0.7729672650475184,0.21119324181626187,0.26399155227032733,0.14889123548046462,0.3991552270327349,0.4977296726504752,0.39926082365364307,7.972463037324969,802,0.75,5.78131577047748,1,747,0,55,review,O=C(/C=C\Cl)Cc1cc2c(Nc3cccc(Br)c3)ncnc2cn1
OC[C@@H](Nc1ncnc2[nH]c(-c3ccccc3)c(F)c12)c1ccccc1,7.045880281757538,0.16111055978041605,0.5111779610192174,348.3810000000001,3.909500000000002,73.83,3,4,4,5,0.1,0,0.0,2.65,False,,0,,0,,0,,0.6153846153846154,0.5610377148869568,0.7473412997944667,0.20270270270270271,Afatinib,0.3846153846153846,0.7972972972972973,0.2736926785930932,0.6292248016374926,1.0,0.7598302991701744,0.2736926785930932,0.6656869448501901,1.0,0.7263073214069068,0.2736926785930932,-0.5226590216761291,6.804214442086914,0.12367796101921746,-0.0,0.5991014372147289,7.52699384032086,0.0,0.0,0.09166583967062407,0.5328841517586335,0.0,0.8870499914292574,0.35,medium,uncertain_prediction;agents_strongly_disagree,6.639943848891603,False,review,False,,0.12143611404435058,0.5543822597676874,0.6325237592397043,0.9857444561774024,0.08870116156282999,0.13093980992608237,0.14889123548046462,0.5385427666314678,0.4575501583949314,0.34519535374868004,8.076054030394777,788,0.75,5.77917827339002,1,748,0,40,review,OC[C@@H](Nc1ncnc2[nH]c(-c3ccccc3)cc12)c1ccccc1
O=C(O)CCNc1c(Br)ccc(Cl)c1Nc1ncnc2ccncc12,7.394810460995109,0.27271023823889723,0.5503062816290119,422.67000000000013,4.070900000000001,100.03,3,6,3,6,0.125,0,0.0,2.6844666666666677,False,,0,,0,,0,,0.7241379310344828,0.6091565940578505,0.8348301710142735,0.3026315789473684,Sunvozertinib,0.27586206896551724,0.6973684210526316,0.2828054484815493,0.6494197369472385,1.0,0.800464733523863,0.2828054484815493,0.6831724797381626,1.0,0.7171945515184507,0.2828054484815493,-0.5338227083421512,6.985745103636764,0.16013628162901172,-0.0,0.5420560001038406,7.687937385369617,0.0,0.0,0.25906535735834585,0.5214931893980633,0.0,1.043058546756409,0.35,medium,uncertain_prediction;agents_strongly_disagree,6.644878838613208,False,review,False,,0.16473072861668428,0.6129883843717001,0.6129883843717001,0.6282998944033791,0.3321013727560718,0.13938753959873285,0.14889123548046462,0.24604012671594508,0.41433474128827874,0.33983632523759233,8.18513907491555,773,0.75,5.777682428898318,1,749,0,24,review,O=C(O)CCNc1c(Br)cccc1Nc1ncnc2ccncc12
C/C=C/C(=O)Cc1ccc2ncnc(Nc3cccc(Br)c3N)c2c1,7.55154377563965,0.3224934206945725,0.4926227266436487,397.2760000000001,4.405800000000003,80.9,2,5,3,5,0.10526315789473684,0,0.0,2.4151733333333345,False,,1,aniline,0,,0,,0.6885245901639344,0.5792662756382352,0.7804841375240639,0.33783783783783783,Afatinib,0.3114754098360656,0.6621621621621622,0.28714054942371176,0.6280512176027246,0.88,0.7509036436835885,0.28714054942371176,0.6365238526775063,0.88,0.5928594505762883,0.4071405494237117,-0.46584440433839275,7.067803644597792,0.14087304243312224,-0.2,0.5339336174558942,7.542610304486807,0.0,0.0,0.33374013104185873,0.3660743132203604,0.0,0.9623144442622191,0.35,medium,uncertain_prediction;agents_strongly_disagree,6.580295860224588,False,review,False,,0.23231256599788808,0.4931362196409715,0.8262935586061246,0.8062302006335798,0.17159450897571277,0.27243928194297784,0.14889123548046462,0.16473072861668428,0.48835797254487856,0.3744456177402323,8.128639871540662,781,0.75,5.754630601512867,1,750,0,31,review,C/C=C/C(=O)Cc1ccc2ncnc(Nc3cccc(Br)c3)c2c1
COc1cnccc1-c1[nH]c2ncnc(N[C@H](CO)c3ccccc3)c2c1F,7.347209925459087,0.21888489018759372,0.47565962826493,379.3950000000001,3.3131000000000013,95.95,3,6,4,6,0.15,0,0.0,2.9459666666666675,False,,0,,0,,0,,0.703125,0.5623551754140098,0.7497366825709268,0.23333333333333334,Osimertinib,0.296875,0.7666666666666666,0.30858305823345605,0.5983063852893012,1.0,0.7539691785948618,0.30858305823345605,0.6652146555294047,1.0,0.6914169417665439,0.3085830582334561,-0.47550879639459825,7.018882590177696,0.04876462826492993,-0.0,0.5510279206427318,7.618675139085358,0.0,0.0,0.17832733528139055,0.48927117720817986,0.0,0.9300985124895704,0.35,medium,uncertain_prediction;agents_strongly_disagree,6.688576626595788,False,review,False,,0.15417106652587118,0.41816261879619854,0.40760295670538543,0.7402323125659979,0.09292502639915523,0.14889123548046462,0.14889123548046462,0.36219640971488914,0.36219640971488914,0.28093980992608236,8.053310830743225,790,0.75,5.750704398507088,1,751,0,39,review,COc1cnccc1-c1cc2c(N[C@H](CO)c3ccccc3)ncnc2[nH]1
OC[C@@H](Nc1ncnc2[nH]c(-c3ccccc3)c(Cl)c12)c1ccccc1,6.69712383225287,0.12617574024482486,0.489660803919654,364.8360000000001,4.423800000000003,73.83,3,4,4,5,0.1,0,0.0,2.7489066666666675,False,,0,,0,,0,,0.6111111111111112,0.5550576451973569,0.7364684458133761,0.18072289156626506,Osimertinib,0.38888888888888884,0.8192771084337349,0.21095793989184003,0.6135862626686301,1.0,0.7571706114684659,0.21095793989184003,0.645428703507234,1.0,0.78904206010816,0.21095793989183997,-0.579294351487192,6.5078602218856325,0.08732480391965391,-0.0,0.6049002439834645,7.200085269788751,0.0,0.0,0.03926361036723729,0.6113025751352,0.0,0.8005661855024373,0.2,low,agents_strongly_disagree,6.399519084286314,False,review,False,,0.06863780359028511,0.4767687434002112,0.5654699049630412,0.989440337909187,0.07391763463569166,0.10665258711721225,0.32787750791974657,0.6694825765575502,0.40894931362196413,0.33191657866948265,7.690824446135108,841,0.75,5.747818978689693,1,752,0,89,review,OC[C@@H](Nc1ncnc2[nH]c(-c3ccccc3)cc12)c1ccccc1
COC(C)(C)COc1cnccc1-c1[nH]c2c(c1N(C)c1cccc(F)c1C)C(=O)NCC2,7.663361464314147,0.2968362771785477,0.5561795123575709,452.53000000000026,4.381820000000003,79.48,2,5,4,7,0.36,0,0.0,3.183533333333335,True,dyes5A(27),0,,0,,0,,0.7012987012987013,0.63599081269764,0.8836196594502544,0.15463917525773196,Afatinib,0.2987012987012987,0.845360824742268,0.3330549720535534,0.6334551420530743,0.75,0.8740549507732579,0.3330549720535534,0.6476412662199714,0.8740549507732579,0.5409999787197045,0.4590000212802955,-0.4194483922218907,7.218107048546326,0.11464951235757068,-0.4,0.6089287467008284,7.541685307604725,0.0,0.0,0.2952544157678216,0.30124997339963067,0.0,0.8965043891674522,0.4,medium,unsafe_structure_can_game_single_score;uncertain_prediction,6.645180918437273,False,review,False,,0.26715945089757126,0.6166842661034847,0.162090813093981,0.7465681098204857,0.4699049630411827,0.36536430834213307,0.003695881731784583,0.20696937697993664,0.4171858500527983,0.3577613516367476,8.042308327668083,791,0.75,5.72449454040137,1,753,0,38,review,COC(C)(C)COc1cnccc1-c1[nH]c2c(c1Nc1cccc(F)c1C)C(=O)NCC2
C=C(C)C(=O)Cc1cc2c(N(C)c3cccc(Br)c3)ncnc2cn1,6.515919590092966,0.11635252173644736,0.6030184867704428,397.27600000000007,4.242900000000003,58.980000000000004,0,5,3,5,0.15789473684210525,0,0.0,2.4151733333333336,False,,0,,0,,0,,0.6290322580645161,0.49874275656966854,0.6340777392175792,0.22784810126582278,Afatinib,0.3709677419354839,0.7721518987341772,0.17253313230772832,0.6887688856724615,1.0,0.6685962790967287,0.17253313230772832,0.6324745742692296,1.0,0.8274668676922716,0.17253313230772838,-0.6132552559486686,6.3413908074882945,0.25653196045465326,-0.0,0.5571004882956156,7.155023256238564,0.0,0.0,0.024528782604671034,0.6593335846153394,0.0,0.8338623672200105,0.2,low,agents_strongly_disagree,6.321160889018553,False,review,False,,0.021119324181626188,0.7249208025343189,0.8389651531151003,0.9746568109820486,0.006335797254487857,0.09292502639915523,0.32787750791974657,0.7043294614572334,0.4752639915522703,0.3743664202745513,7.725340046101288,837,0.75,5.720400593348015,1,754,0,83,review,C=C(C)C(=O)Cc1cc2c(Nc3cccc(Br)c3)ncnc2cn1
Nc1c(-c2ccccc2)[nH]c2ncnc(N[C@H](CO)c3ccccc3)c12,6.739631641711891,0.1256846407475782,0.4443875699665667,345.40600000000006,3.3526000000000016,99.85000000000001,4,5,4,5,0.1,0,0.0,2.65,False,,1,aniline,0,,0,,0.5961538461538461,0.5478705505021294,0.7234010009129624,0.17333333333333334,Afatinib,0.40384615384615385,0.8266666666666667,0.22192866190466798,0.5924900865585347,0.88,0.7492174173513885,0.22192866190466798,0.6109090414536478,0.88,0.658071338095332,0.341928661904668,-0.5186405060653063,6.551104680590524,0.056887569966566735,-0.2,0.6105810194590099,7.018573270016101,0.0,0.0,0.038526961121367304,0.44758917261916503,0.0,0.6361161337405323,0.2,low,agents_strongly_disagree,6.382457136275569,False,review,False,,0.0791974656810982,0.2676874340021119,0.6325237592397043,0.9947201689545935,0.05279831045406547,0.17845828933474128,0.32787750791974657,0.6747624076029567,0.382998944033791,0.3162882787750792,7.47817200285665,871,0.75,5.712003070805665,1,755,0,116,review,OC[C@@H](Nc1ncnc2[nH]c(-c3ccccc3)cc12)c1ccccc1
COc1ccc(Br)cc1Nc1ncnc2cnc(N(C)CC(O)CO)cc12,7.620160715268834,0.32828886066876234,0.5208816811194626,434.2940000000002,2.3289,103.63000000000001,3,8,3,7,0.2777777777777778,0,0.0,3.2119600000000017,False,,0,,0,,0,,0.7096774193548387,0.5690744923857063,0.7619536225194659,0.3333333333333333,Afatinib,0.29032258064516125,0.6666666666666667,0.3002379763490748,0.6129480015387814,1.0,0.738131883556266,0.3002379763490748,0.6628294653610305,1.0,0.6997620236509252,0.3002379763490748,-0.4834553186826077,7.12772742426569,0.0668654588972402,-0.0,0.5211335669201891,7.715726450083119,0.0,0.0,0.3424332910031435,0.4997025295636565,0.0,1.1046358205667999,0.35,medium,uncertain_prediction;agents_strongly_disagree,6.611090629516319,False,review,False,,0.2555438225976769,0.5755015839493136,0.12988384371700107,0.6937697993664202,0.11087645195353749,0.1457233368532207,0.14889123548046462,0.15311510031678988,0.3883315733896515,0.293558606124604,8.181724338150701,774,0.75,5.688360956865845,1,756,0,18,review,CN(CC(O)CO)c1cc2c(Nc3cccc(Br)c3)ncnc2cn1
[2H]C([2H])([2H])Oc1ccccc1-c1[nH]c2ncnc(N[C@H](CO)c3ccccc3)c2c1N,7.185276544368821,0.1586960261384323,0.4095830967205288,378.4503053340001,3.3612,109.08,4,6,4,6,0.14285714285714285,0,0.0,2.9396687022266677,False,,1,aniline,0,,0,,0.6774193548387096,0.5766219306692345,0.7756762375804263,0.2,Osimertinib,0.32258064516129037,0.8,0.3102319177953027,0.562206522341419,0.88,0.7817571781853196,0.3102319177953027,0.6335489045805103,0.88,0.5697680822046973,0.4302319177953027,-0.4310893157136102,6.947232505161173,-0.01708149432775708,-0.2,0.5790803497176873,7.309231360551102,0.0,0.0,0.08804403920764846,0.33721010275587165,0.0,0.68775414196352,0.35,medium,uncertain_prediction;agents_strongly_disagree,6.621477218587582,False,review,False,,0.1351636747624076,0.15100316789862725,0.4160506863780359,0.8574445617740233,0.15522703273495247,0.307286166842661,0.14889123548046462,0.5533262935586061,0.32492080253431893,0.27935586061246037,7.699136323592285,840,0.75,5.681704251322534,1,757,0,83,review,[2H]C([2H])([2H])Oc1ccccc1-c1cc2c(N[C@H](CO)c3ccccc3)ncnc2[nH]1
COc1ccccc1-c1[nH]c2ncnc(N[C@H](CO)c3ccccc3)c2c1F,7.181093515857172,0.19786439725401983,0.4736945471819129,378.4070000000001,3.9181000000000017,83.06,3,5,4,6,0.14285714285714285,0,0.0,2.9393800000000008,False,,0,,0,,0,,0.6666666666666666,0.5989583333333333,0.8162878787878786,0.24705882352941178,Osimertinib,0.33333333333333337,0.7529411764705882,0.2817683008864791,0.5974789240269751,1.0,0.800451203208556,0.2817683008864791,0.6699246070305025,1.0,0.7182316991135209,0.2817683008864791,-0.5175417415253646,6.884296919976142,0.047073261467627074,-0.0,0.5799543226381461,7.511324504081916,0.0,0.0,0.14679659588102972,0.5227896238919012,0.0,0.9320862197729309,0.35,medium,uncertain_prediction;agents_strongly_disagree,6.579238284308985,False,review,False,,0.1341077085533263,0.40549102428722283,0.42555438225976766,0.8938753959873285,0.2819429778247096,0.13833157338965152,0.14889123548046462,0.42027455121436114,0.38405491024287225,0.3109292502639916,7.972190396373363,803,0.75,5.677353384625775,1,758,0,45,review,COc1ccccc1-c1cc2c(N[C@H](CO)c3ccccc3)ncnc2[nH]1
CN(c1cccc(Br)c1NCCC(=O)O)c1ncnc2ccncc12,6.893419207247515,0.18913271478855148,0.6527613863455736,402.25200000000007,3.4418000000000015,91.24000000000001,2,6,3,6,0.17647058823529413,0,0.0,2.548346666666667,False,,0,,0,,0,,0.6349206349206349,0.5448506765890435,0.7179103210709881,0.2073170731707317,Afatinib,0.3650793650793651,0.7926829268292683,0.2159619014598927,0.711005429156732,1.0,0.7366034725105581,0.2159619014598927,0.6658927007817956,1.0,0.7840380985401073,0.2159619014598927,-0.5999077324292039,6.609720135064688,0.2881564451691029,-0.0,0.5815681726022418,7.479444752836033,0.0,0.0,0.13369907218282723,0.6050476231751342,0.0,1.0012466953579613,0.35,medium,uncertain_prediction;agents_strongly_disagree,6.478198057478071,False,review,False,,0.10770855332629356,0.8606124604012672,0.7608236536430835,0.9598732840549102,0.04751847940865892,0.10982048574445617,0.14889123548046462,0.45195353748680045,0.5266895459345301,0.3866948257655755,8.111472207957469,783,0.75,5.667231848396762,1,759,0,24,review,O=C(O)CCNc1c(Br)cccc1Nc1ncnc2ccncc12
COCCOc1c(-c2[nH]c3c(c2Nc2cccc(F)c2Br)C(=O)NCC3)ccnc1Cl,8.293341123483481,0.31632787548318597,0.31775627136124746,509.76300000000015,4.686400000000003,88.27,3,5,4,7,0.23809523809523808,1,0.5,3.5650866666666676,False,,0,,0,,0,,0.7397260273972602,0.638675349319352,0.8885006351260945,0.2087912087912088,Afatinib,0.26027397260273977,0.7912087912087912,0.47690576803264007,0.43764723129996813,1.0,0.8641776741467686,0.43764723129996813,0.6946826683698442,1.0,0.5623527687000318,0.4376472312999682,-0.29036920044960557,7.8188493102587024,-0.9431972048292289,-0.0,0.5766110838153938,7.452263189244867,0.0,0.0,0.32449181322477894,0.32794096087503977,0.0,0.9149327740998187,0.35,medium,uncertain_prediction;agents_strongly_disagree,6.537330415145049,False,review,False,,0.5628299894403379,0.006335797254487857,0.02481520591341077,0.5480464625131996,0.4788806758183738,0.31890179514255546,0.14889123548046462,0.17634635691657866,0.3678722280887011,0.3305702217529039,7.893709862951309,813,0.75,5.659014681248534,1,760,0,53,review,COCCOc1cnccc1-c1[nH]c2c(c1Nc1cccc(F)c1Br)C(=O)NCC2
CCOc1ccccc1-c1[nH]c2ncnc(N[C@H](CO)c3ccccc3)c2c1N,6.941908213440556,0.14988384202432853,0.38324268677962636,389.4590000000001,3.7513000000000005,109.08,4,6,4,7,0.18181818181818182,0,0.0,3.1130600000000013,False,,1,aniline,0,,0,,0.6557377049180327,0.5524083697071218,0.731651581285676,0.19101123595505617,Osimertinib,0.34426229508196726,0.8089887640449438,0.25555836394310893,0.5410504008057175,0.88,0.7509858769754929,0.25555836394310893,0.6068986604310798,0.88,0.6244416360568911,0.37555836394310893,-0.46845372865062795,6.717082450404063,-0.06553449503855563,-0.2,0.5805275573217874,7.032075512687294,0.0,0.0,0.07482576303649278,0.40555204507111386,0.0,0.6303778081076067,0.2,low,agents_strongly_disagree,6.4016977045796875,False,review,False,,0.11404435058078141,0.06810982048574446,0.24181626187961985,0.9292502639915523,0.06705385427666315,0.22703273495248152,0.32787750791974657,0.5807814149947201,0.287064413938754,0.25277191129883847,7.376552809413799,876,0.75,5.655023998138294,1,761,0,115,review,CCOc1ccccc1-c1cc2c(N[C@H](CO)c3ccccc3)ncnc2[nH]1
C/C=C/C(=O)Cc1ccc2ncnc(Nc3cc(Cl)cc(Br)c3)c2c1,7.740994902162182,0.26530025831615767,0.559782802309578,416.7060000000001,5.477000000000003,54.88,1,4,3,5,0.10526315789473684,1,0.45,2.5447066666666673,False,,0,,0,,0,,0.7586206896551724,0.6383466657300328,0.8879030286000597,0.3375,Osimertinib,0.24137931034482762,0.6625,0.37453854471923514,0.6100072079369345,1.0,0.8315522714500447,0.37453854471923514,0.7040245060265535,1.0,0.6254614552807649,0.3745385447192351,-0.4393146150764246,7.3430445146879455,-0.5113968819009485,-0.0,0.5293464468051874,7.360994079592185,0.0,0.0,0.24795038747423648,0.40682681910095614,0.0,0.9172772065751926,0.35,medium,uncertain_prediction;agents_strongly_disagree,6.443716873016992,False,review,False,,0.30095036958817317,0.6309398099260823,0.7655755015839493,0.4350580781414995,0.47624076029567053,0.2249208025343189,0.14889123548046462,0.2608236536430834,0.4634635691657866,0.4030359028511088,7.917150362591129,811,0.75,5.652359956438323,1,762,0,49,review,C/C=C/C(=O)Cc1ccc2ncnc(Nc3cccc(Br)c3)c2c1
[2H]C([2H])([2H])Oc1ccccc1-c1[nH]c2ncnc(N[C@H](CO)c3ccccc3)c2c1F,7.185354900282089,0.20630845953600505,0.4715375210917332,381.4253053340001,3.9181000000000017,83.06,3,5,4,6,0.14285714285714285,0,0.0,2.959502035560001,False,,0,,0,,0,,0.6774193548387096,0.5766219306692345,0.7756762375804263,0.21348314606741572,Osimertinib,0.32258064516129037,0.7865168539325843,0.2769228033953187,0.595518635232761,1.0,0.7783863916684658,0.2769228033953187,0.6627069575741364,1.0,0.7230771966046813,0.2769228033953187,-0.5143788722384235,6.875892210978082,0.04189793004344738,-0.0,0.5750354058974625,7.492825546918992,0.0,0.0,0.15946268930400756,0.5288464957558516,0.0,0.9508091850598591,0.35,medium,uncertain_prediction;agents_strongly_disagree,6.542016361859132,False,review,False,,0.13621964097148892,0.38595564941921856,0.39809926082365366,0.8574445617740233,0.15522703273495247,0.133051742344245,0.14889123548046462,0.39809926082365366,0.36969376979936647,0.28793558606124603,7.936458070678231,810,0.75,5.612539065132628,1,763,0,47,review,[2H]C([2H])([2H])Oc1ccccc1-c1cc2c(N[C@H](CO)c3ccccc3)ncnc2[nH]1
CN(CC(O)CO)c1cc2c(N(C)c3cccc(Br)c3)ncnc2cn1,6.539974536432484,0.1347827497170406,0.6357749083139214,418.2950000000001,2.3446,85.61,2,7,3,6,0.2777777777777778,0,0.0,3.005300000000001,False,,0,,0,,0,,0.6612903225806451,0.5438115107195648,0.7160209285810268,0.2125,Afatinib,0.33870967741935487,0.7875,0.16564570930619263,0.6840877380341952,1.0,0.7338906964357702,0.16564570930619263,0.6459060359440395,1.0,0.8343542906938074,0.1656457093061926,-0.6403471021837959,6.337800411856923,0.21275768609169904,-0.0,0.5676745869839663,7.118232684932589,0.0,0.0,0.05217412457556089,0.6679428633672593,0.0,0.8701169879428202,0.2,low,agents_strongly_disagree,6.248115696989768,False,review,False,,0.030623020063357972,0.82259767687434,0.3801478352692714,0.9086589229144667,0.0454065469904963,0.09186906019007392,0.32787750791974657,0.6430834213305174,0.4170538542766632,0.34012671594508975,7.618697310064585,851,0.75,5.606267756123876,1,764,0,87,review,CN(CC(O)CO)c1cc2c(Nc3cccc(Br)c3)ncnc2cn1
COCCOc1cnccc1-c1[nH]c2c(c1N(C)c1cccc(F)c1Br)C(=O)NCC2,7.511918399140281,0.2517186602844516,0.48990204993757813,489.3450000000002,4.057300000000002,79.48,2,5,4,7,0.2727272727272727,0,0.0,3.4289666666666685,True,dyes5A(27),0,,0,,0,,0.6933333333333334,0.6214252276877715,0.85713677761413,0.1702127659574468,Afatinib,0.30666666666666664,0.8297872340425532,0.32677653758595426,0.5875627941323346,0.75,0.8502993917212358,0.32677653758595426,0.6286596808598812,0.8502993917212358,0.5235228541352815,0.47647714586471845,-0.4025108576985693,7.134340408713604,0.0028297772103051295,-0.4,0.6012203646162985,7.338390550540208,0.0,0.0,0.22757799042667742,0.27940356766910196,0.0,0.8069815580957794,0.4,medium,unsafe_structure_can_game_single_score;uncertain_prediction,6.531408992444428,False,review,False,,0.20380147835269272,0.4825765575501584,0.06705385427666315,0.7824709609292503,0.39704329461457233,0.41077085533262936,0.003695881731784583,0.2787750791974657,0.35477824709609296,0.31356916578669486,7.7641244470555195,830,0.75,5.557691991388461,1,765,0,65,review,COCCOc1cnccc1-c1[nH]c2c(c1Nc1cccc(F)c1Br)C(=O)NCC2
CCOc1ccccc1-c1cc2c(N[C@H](CO)c3ccccc3)nc(F)nc2[nH]1,7.4415292593479,0.2692193891254791,0.4084000391882126,392.434,4.308200000000002,83.06,3,5,4,7,0.18181818181818182,0,0.0,3.132893333333334,False,,0,,0,,0,,0.7457627118644068,0.6385870661824052,0.8883401203316458,0.2,Osimertinib,0.2542372881355932,0.8,0.2969287424491396,0.5541241241176196,1.0,0.8662550902487343,0.2969287424491396,0.6793269892038734,1.0,0.7030712575508604,0.2969287424491396,-0.5098643290063116,7.037700175659681,-0.04335214262996928,-0.0,0.5764918097439284,7.57083984277364,0.0,0.0,0.25382908368821866,0.5038390719385756,0.0,1.020168155626794,0.35,medium,uncertain_prediction;agents_strongly_disagree,6.550671687146846,False,review,False,,0.17740232312565998,0.14889123548046462,0.19640971488912354,0.503167898627244,0.47729672650475186,0.14149947201689547,0.14889123548046462,0.25343189017951423,0.23970432946145726,0.23495248152059137,7.858485038127388,815,0.75,5.557614664971556,1,766,0,49,review,CCOc1ccccc1-c1cc2c(N[C@H](CO)c3ccccc3)ncnc2[nH]1
CCOc1ccccc1-c1cc2c(N[C@H](CO)c3ccccc3)nc(N)nc2[nH]1,7.522168972514649,0.27659169353942964,0.38324268677962636,389.45900000000006,3.7513000000000005,109.07999999999998,4,6,4,7,0.18181818181818182,0,0.0,3.1130600000000004,False,,1,aniline,0,,0,,0.7758620689655172,0.6599983226512703,0.9272696775477641,0.16470588235294117,Afatinib,0.22413793103448276,0.8352941176470589,0.3119280576510615,0.5410504008057175,0.88,0.9042757875725879,0.3119280576510615,0.6593135615073417,0.9042757875725879,0.5923477299215263,0.4076522700784737,-0.4631806718083736,7.107281432205505,-0.06553449503855546,-0.2,0.583267723646576,7.425014660813525,0.0,0.0,0.26488754030914446,0.36543466240190786,0.0,0.8928222027110523,0.35,medium,uncertain_prediction;agents_strongly_disagree,6.532192458102473,False,review,False,,0.20802534318901794,0.06810982048574446,0.24656810982048574,0.3558606124604013,0.5839493136219641,0.27455121436114044,0.14889123548046462,0.23970432946145723,0.2153907074973601,0.24559134107708558,7.683483509810357,843,0.75,5.551902067394975,1,767,0,76,review,CCOc1ccccc1-c1cc2c(N[C@H](CO)c3ccccc3)ncnc2[nH]1
CCOc1ccccc1-c1cc2c(N[C@H](CO)c3ccccc3)nc(C)nc2[nH]1,7.553939631671895,0.33438245719054777,0.43482098927761076,388.47100000000006,4.477520000000003,83.06,3,5,4,7,0.21739130434782608,0,0.0,3.106473333333334,False,,0,,0,,0,,0.7586206896551724,0.6438500339883821,0.8979091527061492,0.16666666666666666,Afatinib,0.24137931034482762,0.8333333333333334,0.27941718788459036,0.5696718005129424,1.0,0.8817651978629453,0.27941718788459036,0.6827135465651195,1.0,0.7205828121154096,0.27941718788459036,-0.5377284782407056,7.0523659458860735,-0.009410880287606713,-0.0,0.5830979778317098,7.626053043430177,0.0,0.0,0.35157368578582165,0.5257285151442621,0.0,1.1398022009300837,0.35,medium,uncertain_prediction;agents_strongly_disagree,6.486250842500094,False,review,False,,0.23336853220696938,0.23389651531151004,0.25343189017951423,0.4350580781414995,0.5005279831045406,0.13621964097148892,0.14889123548046462,0.1457233368532207,0.2768215417106653,0.25979408658922915,7.958238893482976,807,0.75,5.523003746407168,1,768,0,39,review,CCOc1ccccc1-c1cc2c(N[C@H](CO)c3ccccc3)ncnc2[nH]1
CCOc1ccccc1-c1cc2c(N[C@H](CO)c3ccccc3)nc(Cl)nc2[nH]1,7.483476561773746,0.2841664234121618,0.3816154758451703,408.889,4.8225000000000025,83.06,3,5,4,7,0.18181818181818182,0,0.0,3.2425933333333337,False,,0,,0,,0,,0.7457627118644068,0.6335870661824051,0.8792492112407365,0.18681318681318682,Osimertinib,0.2542372881355932,0.8131868131868132,0.2969526440549233,0.5351733835097154,1.0,0.8627336117272557,0.2969526440549233,0.6737149098229736,1.0,0.7030473559450767,0.2969526440549233,-0.5023496876907337,7.057226926655503,-0.08659170597301152,-0.0,0.578175126427245,7.548810347109736,0.0,0.0,0.2762496351182427,0.5038091949313459,0.0,1.0425588300495885,0.35,medium,uncertain_prediction;agents_strongly_disagree,6.506251517060147,False,review,False,,0.19429778247096094,0.054910242872228086,0.11140443505807814,0.503167898627244,0.4593453009503696,0.14255543822597677,0.14889123548046462,0.22280887011615627,0.21576029567053856,0.2142027455121436,7.807722701914383,825,0.75,5.48829481167472,1,769,0,56,review,CCOc1ccccc1-c1cc2c(N[C@H](CO)c3ccccc3)ncnc2[nH]1
COc1c(-c2ccc(CO)cc2)[nH]c2ncnc(N[C@H](C)c3ccccc3)c12,7.190665663001088,0.24404519935491853,0.468660740099691,374.4440000000001,4.298900000000002,83.06,3,5,4,6,0.18181818181818182,0,0.0,2.9129600000000004,False,,0,,0,,0,,0.6,0.49136683738796416,0.6206669770690256,0.18518518518518517,Afatinib,0.4,0.8148148148148149,0.25183477620182904,0.5957264839779071,1.0,0.6692039365054729,0.25183477620182904,0.6291912991713022,1.0,0.748165223798171,0.25183477620182904,-0.5031420306259644,6.82459786396871,0.04989855828150913,-0.0,0.5796111887117009,7.45410761096192,0.0,0.0,0.21606779903237777,0.5602065297477137,0.0,1.0387743287800915,0.35,medium,uncertain_prediction;agents_strongly_disagree,6.4153332821818285,False,review,False,,0.13727560718057022,0.37117212249208026,0.5047518479408659,0.9926082365364308,0.0021119324181626186,0.1246040126715945,0.14889123548046462,0.30095036958817317,0.4102428722280887,0.2892027455121436,7.9463990576356265,809,0.75,5.4873765767964,1,770,0,39,review,C[C@@H](Nc1ncnc2[nH]c(-c3ccc(CO)cc3)cc12)c1ccccc1
CNc1cc2c(Nc3cccc(C(F)(F)F)c3)nc(C)nc2cn1,6.738545813052112,0.2219169384065935,0.7542240902317288,333.31700000000006,4.1373200000000026,62.730000000000004,2,5,3,3,0.1875,0,0.0,1.9000000000000001,False,,0,,0,,0,,0.7254901960784313,0.5506152413118357,0.7283913478397012,0.23684210526315788,Sunvozertinib,0.27450980392156865,0.7631578947368421,0.15429459637841259,0.7917463265505278,1.0,0.7370829845639864,0.15429459637841259,0.6707809768732317,1.0,0.8457054036215874,0.15429459637841259,-0.6886485073264255,6.405670405442222,0.4879740902317287,-0.0,0.5345746171456838,7.428219112819635,0.0,0.0,0.18287540760989024,0.6821317545269843,0.0,1.1275071621368744,0.35,medium,uncertain_prediction;agents_strongly_disagree,6.300711950682761,False,review,False,,0.0781414994720169,0.9609292502639916,0.9767687434002112,0.6203801478352693,0.06230200633579725,0.08658922914466737,0.14889123548046462,0.3526927138331573,0.4979408658922915,0.37470960929250263,8.025748151890385,794,0.75,5.475363481833764,1,771,0,23,review,CNc1cc2c(Nc3cccc(C(F)(F)F)c3)ncnc2cn1
Cc1cccc(Nc2nc(C)nc3cnc(NCCN4CCOCC4)cc23)c1,6.876058198283913,0.23402415993391348,0.6824211096620202,378.48000000000025,3.129340000000002,75.2,2,7,4,6,0.38095238095238093,0,0.0,2.5898666666666683,False,,0,,0,,0,,0.8360655737704918,0.7179723480365401,1.0,0.3372093023255814,Dacomitinib,0.16393442622950816,0.6627906976744187,0.1801976376172389,0.7257213539038547,1.0,0.9156976744186047,0.1801976376172389,0.7054041664849247,1.0,0.819802362382761,0.18019763761723895,-0.700275371823581,6.525021958383043,0.3320363477572581,-0.0,0.5226077011056043,7.3796660072459055,0.0,0.0,0.20103623990087022,0.6497529529784513,0.0,1.1132891928793214,0.35,medium,uncertain_prediction;agents_strongly_disagree,6.266376814366584,False,review,False,,0.10137275607180571,0.9049630411826821,0.6937697993664202,0.09134107708553327,0.8780359028511088,0.09714889123548047,0.14889123548046462,0.3273495248152059,0.3489440337909187,0.3734424498416051,7.798398847795008,826,0.75,5.4395077541765104,1,772,0,54,review,Cc1cccc(Nc2ncnc3cnc(NCCN4CCOCC4)cc23)c1
Clc1nc(Nc2cccc(Br)c2)c2cc(NCCN3CCOCC3)ncc2n1,6.898038709875773,0.1639579065555372,0.5365120077990867,463.76700000000034,3.9284000000000017,75.2,2,7,4,6,0.3157894736842105,0,0.0,3.158446666666669,False,,0,,0,,0,,0.8095238095238095,0.7108199263423144,1.0,0.3448275862068966,Dacomitinib,0.19047619047619047,0.6551724137931034,0.2347391428800672,0.6236028863407796,1.0,0.9137931034482758,0.2347391428800672,0.6930337831672806,1.0,0.7652608571199329,0.23473914288006714,-0.6110595203829512,6.652101850042468,0.09432395516750743,-0.0,0.5322660098522167,7.278691815062191,0.0,0.0,0.09593685983330577,0.5815760713999161,0.0,0.9400129312332218,0.35,medium,uncertain_prediction;agents_strongly_disagree,6.33867888382897,False,review,False,,0.10982048574445617,0.5955649419218585,0.16948257655755017,0.19957761351636746,0.8780359028511088,0.11932418162618796,0.14889123548046462,0.529039070749736,0.233870116156283,0.30026399155227035,7.559335954449731,859,0.75,5.423995673691694,1,773,0,86,review,Brc1cccc(Nc2ncnc3cnc(NCCN4CCOCC4)cc23)c1
Nc1c(-c2ccc(CO)cc2)[nH]c2ncnc(N[C@H](CO)c3ccccc3)c12,7.052442370513105,0.16172268257918332,0.3534089378876297,375.43200000000013,2.844900000000001,120.08000000000001,5,6,4,6,0.14285714285714285,0,0.0,2.9195466666666676,False,,1,aniline,0,,0,,0.631578947368421,0.5222541242964004,0.6768256805389097,0.1625,Afatinib,0.368421052631579,0.8375,0.27490471482284784,0.5320846594279399,0.88,0.7169942604041822,0.27490471482284784,0.6009959086637425,0.88,0.6050952851771522,0.39490471482284784,-0.4347882584545263,6.809858346644329,-0.07023734782665614,-0.2,0.5862458938189379,7.125866892636611,0.0,0.0,0.09258402386877497,0.38136910647144023,0.0,0.7364531303402151,0.35,medium,uncertain_prediction;agents_strongly_disagree,6.389413762296396,False,review,False,,0.12249208025343189,0.02375923970432946,0.46673706441393875,0.9662090813093981,0.014783526927138331,0.25131995776135163,0.14889123548046462,0.5353748680042238,0.3231256599788807,0.25187434002111936,7.513617684611268,866,0.75,5.41666297032174,1,774,0,92,review,OCc1ccc(-c2cc3c(N[C@H](CO)c4ccccc4)ncnc3[nH]2)cc1
CNc1ncc2nc(C)nc(Nc3cccc(Br)c3)c2n1,6.729934536191711,0.24131207878805547,0.758824450581554,345.20400000000006,3.276020000000001,75.62,2,6,3,3,0.14285714285714285,0,0.0,1.9000000000000001,False,,0,,0,,0,,0.7291666666666666,0.5702157700687113,0.7640286728522022,0.19736842105263158,Sunvozertinib,0.27083333333333337,0.8026315789473684,0.13856517889628886,0.7942765247429315,1.0,0.7736793993759938,0.13856517889628886,0.6766302757538036,1.0,0.8614348211037112,0.13856517889628883,-0.717420129143353,6.367966418009628,0.48811016486726827,-0.0,0.553671641897261,7.409748224774157,0.0,0.0,0.2119681181820832,0.7017935263796391,0.0,1.1762616445617222,0.35,medium,uncertain_prediction;agents_strongly_disagree,6.233486580212435,False,review,False,,0.07602956705385427,0.9720168954593453,0.9767687434002112,0.5913410770855333,0.11932418162618796,0.0791974656810982,0.14889123548046462,0.3093980992608237,0.49340021119324184,0.3756335797254488,8.001828478206047,797,0.75,5.409246875882973,1,775,0,22,review,CNc1ncc2ncnc(Nc3cccc(Br)c3)c2n1
Cc1cccc(Nc2nc(F)nc3cnc(NCCN4CCOCC4)cc23)c1,6.802886384384448,0.20891984094210214,0.6349952881926387,382.44300000000027,2.960020000000001,75.2,2,7,4,6,0.35,0,0.0,2.6162866666666686,False,,0,,0,,0,,0.7619047619047619,0.6745891659713854,0.9537984835843369,0.36046511627906974,Dacomitinib,0.23809523809523814,0.6395348837209303,0.17947770743664046,0.698620998249541,1.0,0.8752325836184853,0.17947770743664046,0.6883328223261667,1.0,0.8205222925633595,0.1794777074366405,-0.6784734865193683,6.4895066229712945,0.27755228819263844,-0.0,0.5374529431552204,7.304511854319154,0.0,0.0,0.1633797614131532,0.6506528657041993,0.0,1.0765326271173525,0.35,medium,uncertain_prediction;agents_strongly_disagree,6.227979227201802,False,review,False,,0.0908130939809926,0.8072861668426611,0.6668426610348469,0.4197465681098205,0.6610348468848997,0.09609292502639916,0.14889123548046462,0.3907074973600845,0.38629883843717006,0.36713305174234423,7.768070460443758,829,0.75,5.393538889292614,1,776,0,53,review,Cc1cccc(Nc2ncnc3cnc(NCCN4CCOCC4)cc23)c1
COc1ccccc1-c1[nH]c2ncnc(N[C@H](CO)c3ccccc3)c2c1OC,6.908877192350626,0.15848744312487553,0.44466944173762335,390.44300000000015,3.787600000000002,92.29,3,6,4,7,0.18181818181818182,0,0.0,3.1196200000000016,False,,0,,0,,0,,0.65,0.5980059523809524,0.8145562770562771,0.22093023255813954,Osimertinib,0.35,0.7790697674418605,0.24127808790024352,0.5745828083403082,1.0,0.805684649652673,0.24127808790024352,0.6553863864733062,1.0,0.7587219120997565,0.24127808790024352,-0.5521443980974169,6.671146027663312,-0.005091740080558686,-0.0,0.5948599994966274,7.26091428707938,0.0,0.0,0.08773116468731329,0.5734023901246956,0.0,0.9236335548120089,0.35,medium,uncertain_prediction;agents_strongly_disagree,6.337280732267372,False,review,False,,0.11087645195353749,0.2697993664202746,0.21805702217529038,0.9376979936642027,0.27771911298838436,0.12038014783526928,0.14889123548046462,0.5543822597676874,0.3241024287222809,0.27172650475184795,7.649837201546117,846,0.75,5.38835253796959,1,777,0,69,review,COc1ccccc1-c1cc2c(N[C@H](CO)c3ccccc3)ncnc2[nH]1
C/C=C/C(=O)Cc1ccc2ncnc(Nc3cc(Br)ccc3C)c2c1,7.21690634681567,0.1749181243248877,0.6076838341050834,396.28800000000007,5.132020000000003,54.88,1,4,3,5,0.15,1,0.45,2.4085866666666673,False,,0,,0,,0,,0.7241379310344828,0.611461946871108,0.8390217215838326,0.3150684931506849,Afatinib,0.27586206896551724,0.6849315068493151,0.30678389967649616,0.6415881600398472,1.0,0.8004991679002033,0.30678389967649616,0.6872178069041367,1.0,0.6932161003235038,0.3067838996764962,-0.507245209636854,6.954529160328339,-0.4386041658949167,-0.0,0.5393728134852355,7.055297807918659,0.0,0.0,0.11237718648733155,0.4915201254043797,0.0,0.8663973118917112,0.35,medium,uncertain_prediction;agents_strongly_disagree,6.188900496026948,False,review,False,,0.13938753959873285,0.7386483632523759,0.8542766631467793,0.6282998944033791,0.34213305174234426,0.146779303062302,0.14889123548046462,0.4963041182682154,0.4642555438225977,0.3894667370644139,7.6124044605057755,852,0.75,5.381260580504245,1,778,0,74,review,C/C=C/C(=O)Cc1ccc2ncnc(Nc3cccc(Br)c3)c2c1
Cc1cccc(Nc2nc(Cl)nc3cnc(NCCN4CCOCC4)cc23)c1,6.847604160829339,0.21525277703418358,0.6154679514499873,398.89800000000037,3.4743200000000014,75.2,2,7,4,6,0.35,0,0.0,2.7259866666666692,False,,0,,0,,0,,0.7619047619047619,0.6745891659713854,0.9537984835843369,0.36046511627906974,Dacomitinib,0.23809523809523814,0.6395348837209303,0.1862240962834062,0.6836617322718519,1.0,0.8752325836184853,0.1862240962834062,0.6862796030434359,1.0,0.8137759037165938,0.1862240962834062,-0.6667406756800396,6.5247249952780635,0.24156995144998697,-0.0,0.5374529431552204,7.3037478898832715,0.0,0.0,0.17287916555127536,0.6422198796457423,0.0,1.0775990451970177,0.35,medium,uncertain_prediction;agents_strongly_disagree,6.226148844686254,False,review,False,,0.09609292502639916,0.7851108764519535,0.5813093980992609,0.4197465681098205,0.6610348468848997,0.09926082365364308,0.14889123548046462,0.3738120380147835,0.37140971488912355,0.3563093980992608,7.74943954775022,834,0.75,5.378720122405367,1,779,0,55,review,Cc1cccc(Nc2ncnc3cnc(NCCN4CCOCC4)cc23)c1
COc1cnccc1-c1[nH]c2ncnc(N[C@H](CO)c3ccccc3)c2c1OC,7.093383406532808,0.20667463834531902,0.444259655334335,391.43100000000015,3.1826000000000016,105.18,3,7,4,7,0.19047619047619047,0,0.0,3.126206666666668,False,,0,,0,,0,,0.6875,0.547983754934249,0.7236068271531799,0.2087912087912088,Osimertinib,0.3125,0.7912087912087912,0.2536736047914786,0.5741040924851664,1.0,0.7405073181670827,0.2536736047914786,0.6420712538609319,1.0,0.7463263952085214,0.2536736047914786,-0.5178635320926045,6.78337144901483,-0.005623725618046124,-0.0,0.5588893441509324,7.3366370675477155,0.0,0.0,0.16001195751797853,0.5579079940106517,0.0,0.9804199515286303,0.35,medium,uncertain_prediction;agents_strongly_disagree,6.356217116019085,False,review,False,,0.12671594508975711,0.2587117212249208,0.21119324181626187,0.8141499472016895,0.0559662090813094,0.12671594508975711,0.14889123548046462,0.39704329461457233,0.30327349524815206,0.23236536430834212,7.700565261845498,839,0.75,5.360055553189095,1,780,0,59,review,COc1cnccc1-c1cc2c(N[C@H](CO)c3ccccc3)ncnc2[nH]1
C=CC(=O)Cc1cc2c(N(C)c3cccc(Br)c3)ncnc2cn1,6.6501776784734306,0.18680917312798506,0.6266979756675161,383.249,3.852800000000003,58.980000000000004,0,5,3,5,0.1111111111111111,0,0.0,2.3216600000000005,False,,0,,0,,0,,0.6065573770491803,0.5204260719188165,0.6735019489433026,0.2375,Sunvozertinib,0.39344262295081966,0.7625,0.1567779984287681,0.7053892712325185,1.0,0.6957514617074769,0.1567779984287681,0.6394796828421909,1.0,0.843222001571232,0.15677799842876805,-0.6436022458845638,6.369963918781453,0.2895600867786271,-0.0,0.5741746675636945,7.233698673123774,0.0,0.0,0.13021375969197757,0.6790275019640399,0.0,1.0717412616560176,0.35,medium,uncertain_prediction;agents_strongly_disagree,6.161957411467757,False,review,False,,0.05807814149947202,0.7930306230200633,0.8801478352692714,0.9915522703273495,0.012671594508975714,0.0897571277719113,0.14889123548046462,0.4593453009503696,0.5150739176346357,0.3716473072861668,7.851787374285337,816,0.75,5.332934180211158,1,781,0,35,review,C=CC(=O)Cc1cc2c(Nc3cccc(Br)c3)ncnc2cn1
C/C=C/C(=O)Cc1ccc2ncnc(Nc3ccc(Cl)c(Br)c3)c2c1,7.658968603786182,0.32406371881513685,0.559782802309578,416.7060000000001,5.477000000000003,54.88,1,4,3,5,0.10526315789473684,1,0.45,2.5447066666666673,False,,0,,0,,0,,0.7288135593220338,0.6128640259461718,0.8415709562657668,0.3717948717948718,Osimertinib,0.27118644067796616,0.6282051282051282,0.3128975477759497,0.6100072079369345,1.0,0.7882294992506071,0.3128975477759497,0.6777835637408729,1.0,0.6871024522240503,0.3128975477759497,-0.48651468795323083,7.172873025563477,-0.5113968819009485,-0.0,0.5208881758330649,7.182364319495593,0.0,0.0,0.33609557822270525,0.4838780652800629,0.0,1.0824736435027682,0.35,medium,uncertain_prediction;agents_strongly_disagree,6.099890675992825,False,review,False,,0.26399155227032733,0.6309398099260823,0.7655755015839493,0.6024287222808871,0.3521647307286167,0.15311510031678988,0.14889123548046462,0.15945089757127773,0.48030623020063357,0.38402851108764524,7.758731795736353,832,0.75,5.285724889297999,1,782,0,50,review,C/C=C/C(=O)Cc1ccc2ncnc(Nc3cccc(Br)c3)c2c1
Fc1nc(Nc2cccc(Br)c2)c2cc(NCCN3CCOCC3)ncc2n1,6.823077865897382,0.19129883138139775,0.5613395139913301,447.3120000000003,3.414100000000002,75.2,2,7,4,6,0.3157894736842105,0,0.0,3.0487466666666685,False,,0,,0,,0,,0.8095238095238095,0.7108199263423144,1.0,0.3448275862068966,Dacomitinib,0.19047619047619047,0.6551724137931034,0.19686028450736706,0.6414772455157443,1.0,0.9137931034482758,0.19686028450736706,0.6880326583678468,1.0,0.803139715492633,0.19686028450736703,-0.6548964984806397,6.536129618825285,0.13560646135975085,-0.0,0.5322660098522167,7.204002090037252,0.0,0.0,0.13694824707209663,0.6289246443657912,0.0,1.0283728914378878,0.35,medium,uncertain_prediction;agents_strongly_disagree,6.175629198599364,False,review,False,,0.09398099260823653,0.6356916578669483,0.32259767687434004,0.19957761351636746,0.8780359028511088,0.10242872228088701,0.14889123548046462,0.4392819429778247,0.25773495248152056,0.3106652587117212,7.513284033015077,867,0.75,5.27342750905343,1,783,0,84,review,Brc1cccc(Nc2ncnc3cnc(NCCN4CCOCC4)cc23)c1
CNc1cc2c(Nc3cccc(C(F)(F)F)c3)nc(Cl)nc2cn1,6.682584770215034,0.24865893248343074,0.6795619857840922,353.73500000000007,4.482300000000001,62.730000000000004,2,5,3,3,0.13333333333333333,0,0.0,1.9249000000000005,False,,0,,0,,0,,0.7115384615384616,0.5407996117614993,0.7105447486572712,0.26666666666666666,Sunvozertinib,0.28846153846153844,0.7333333333333334,0.12158493981535706,0.7497244767966353,1.0,0.7162418948262868,0.12158493981535706,0.6468878278595698,1.0,0.878415060184643,0.12158493981535701,-0.700403850725617,6.309596371489889,0.40416031911742545,-0.0,0.5274438794720101,7.241200570079323,0.0,0.0,0.2229883987251461,0.7230188252308036,0.0,1.2085072239559498,0.35,medium,uncertain_prediction;agents_strongly_disagree,6.032693346123374,False,review,False,,0.0665258711721225,0.895987328405491,0.9466737064413939,0.6906019007391764,0.03695881731784583,0.07391763463569166,0.14889123548046462,0.28722280887011614,0.48925554382259767,0.35842133051742336,7.8283072226664405,821,0.75,5.187798942744282,1,784,0,37,review,CNc1cc2c(Nc3cccc(C(F)(F)F)c3)ncnc2cn1
Cc1nc(N[C@H](CO)c2ccccc2)c2cc(-c3ccc(CO)cc3)[nH]c2n1,7.131123614285525,0.2779426675874669,0.4139120085957857,374.4440000000001,3.5711200000000014,94.06000000000002,4,5,4,6,0.18181818181818182,0,0.0,2.9129600000000004,False,,0,,0,,0,,0.7090909090909091,0.592383658008658,0.8043339236521053,0.14634146341463414,Afatinib,0.2909090909090909,0.8536585365853658,0.21322103626015448,0.565614681650759,1.0,0.8166650768854204,0.21322103626015448,0.6488751986990835,1.0,0.7867789637398455,0.21322103626015454,-0.5808722165852387,6.714209612904325,-0.004850173222396174,-0.0,0.588090132797727,7.297449572479656,0.0,0.0,0.2669140013812003,0.6084737046748069,0.0,1.137887706056007,0.35,medium,uncertain_prediction;agents_strongly_disagree,6.159561866423649,False,review,False,,0.12882787750791974,0.16631467793030624,0.5047518479408659,0.6985216473072862,0.2502639915522703,0.10770855332629356,0.14889123548046462,0.23442449841605068,0.3066525871172122,0.24633051742344247,7.665432677020311,845,0.75,5.180158487331781,1,785,0,60,review,OCc1ccc(-c2cc3c(N[C@H](CO)c4ccccc4)ncnc3[nH]2)cc1
C=CC(=O)Cc1cc2c(Nc3cccc(Br)c3)nc(C)nc2cn1,6.886306903166505,0.3163609665232419,0.6711836604087291,383.2490000000001,4.136920000000003,67.77000000000001,1,5,3,5,0.1111111111111111,0,0.0,2.3216600000000005,False,,0,,0,,0,,0.7543859649122807,0.6441311612364243,0.898420293157135,0.27848101265822783,Sunvozertinib,0.24561403508771928,0.7215189873417722,0.12512404922535703,0.7298563978401855,1.0,0.8541949667032944,0.12512404922535703,0.6772938534422093,1.0,0.874875950774643,0.12512404922535703,-0.7362264056224697,6.411765453381642,0.33404577151984016,-0.0,0.5515870852812891,7.297398310182771,0.0,0.0,0.3245414497848629,0.7185949384683038,0.0,1.3056363882531665,0.35,medium,uncertain_prediction;agents_strongly_disagree,5.991761921929605,False,review,False,,0.10665258711721225,0.8796198521647307,0.8801478352692714,0.455649419218585,0.5058078141499472,0.07497360084477296,0.14889123548046462,0.17529039070749736,0.4470696937697994,0.3792502639915523,7.8338819427065305,820,0.75,5.171862238719468,1,786,0,34,review,C=CC(=O)Cc1cc2c(Nc3cccc(Br)c3)ncnc2cn1
Cc1nc(N[C@H](C)c2ccccc2)c2cc(-c3ccc(CO)cc3)[nH]c2n1,6.87783114009563,0.2346127946880898,0.4874071109884958,358.4450000000001,4.598720000000005,73.83000000000001,3,4,4,5,0.18181818181818182,0,0.0,2.7063000000000006,False,,0,,0,,0,,0.7222222222222222,0.5749587635560751,0.7726522973746819,0.14814814814814814,Afatinib,0.2777777777777778,0.8518518518518519,0.1802288287422446,0.6139854495052112,1.0,0.7924521859939744,0.1802288287422446,0.6466666160603576,1.0,0.8197711712577553,0.18022882874224466,-0.621917049757484,6.525911948063495,0.09964392917031395,-0.0,0.5737186298992261,7.199274507133035,0.0,0.0,0.20191919203213468,0.6497139640721941,0.0,1.1141331561043288,0.35,medium,uncertain_prediction;agents_strongly_disagree,6.085141351028707,False,review,False,,0.10242872228088701,0.4640971488912355,0.5987328405491025,0.6388595564941922,0.146779303062302,0.09820485744456177,0.14889123548046462,0.3262935586061246,0.3564941921858501,0.27980464625131996,7.627067537756055,850,0.75,5.145906926530291,1,787,0,63,review,C[C@@H](Nc1ncnc2[nH]c(-c3ccc(CO)cc3)cc12)c1ccccc1
COc1c(-c2ccc(CO)cc2)[nH]c2ncnc(N[C@H](CO)c3ccccc3)c12,7.1945723912303,0.28686575842173906,0.3861837707859718,390.4430000000001,3.271300000000001,103.29,4,6,4,7,0.18181818181818182,0,0.0,3.1196200000000007,False,,0,,0,,0,,0.5901639344262295,0.5160773664713588,0.6655952117661068,0.19101123595505617,Osimertinib,0.4098360655737705,0.8089887640449438,0.22283706691235758,0.5424156893168999,1.0,0.7014435998358161,0.22283706691235758,0.6166740890162684,1.0,0.7771629330876424,0.2228370669123576,-0.5251160294718811,6.764273753597691,-0.0635774110322101,-0.0,0.5935216616632066,7.2942180042286875,0.0,0.0,0.2802986376326086,0.596453666359553,0.0,1.1392523039921616,0.35,medium,uncertain_prediction;agents_strongly_disagree,6.1549657002365254,False,review,False,,0.13833157338965152,0.0839493136219641,0.22650475184794086,0.996832101372756,0.010559662090813094,0.11404435058078141,0.14889123548046462,0.21964097148891235,0.3123812038014784,0.2147571277719113,7.669075448790462,844,0.75,5.137674253562819,1,788,0,56,review,OCc1ccc(-c2cc3c(N[C@H](CO)c4ccccc4)ncnc3[nH]2)cc1
Cc1c(-c2ccc(CO)cc2)[nH]c2ncnc(N[C@H](C)c3ccccc3)c12,6.776271909638132,0.2069962501515816,0.4874071109884959,358.4450000000001,4.598720000000003,73.83,3,4,4,5,0.18181818181818182,0,0.0,2.7063000000000006,False,,0,,0,,0,,0.631578947368421,0.49758343257005544,0.6319698774001007,0.19230769230769232,Afatinib,0.368421052631579,0.8076923076923077,0.17417060230342596,0.6139854495052112,1.0,0.6759004849731525,0.17417060230342596,0.6160141341954475,1.0,0.825829397696574,0.17417060230342596,-0.589124709189362,6.46577753441076,0.099643929170314,-0.0,0.566089635341928,7.131511098923003,0.0,0.0,0.1604943752273724,0.6572867471207176,0.0,1.08028112234809,0.35,medium,uncertain_prediction;agents_strongly_disagree,6.051229976574913,False,review,False,,0.08553326293558607,0.4672650475184794,0.5987328405491025,0.9662090813093981,0.004751847940865892,0.09503695881731784,0.14889123548046462,0.395987328405491,0.4149947201689546,0.29691129883843714,7.629504763125748,849,0.75,5.132523535181038,1,789,0,60,review,C[C@@H](Nc1ncnc2[nH]c(-c3ccc(CO)cc3)cc12)c1ccccc1
COc1ccccc1-c1[nH]c2ncnc(N[C@H](CO)c3ccccc3)c2c1N,6.858329736039974,0.18994654979638517,0.4114054665345453,375.43200000000013,3.361200000000001,109.08,4,6,4,6,0.14285714285714285,0,0.0,2.9195466666666676,False,,1,aniline,0,,0,,0.65,0.583125,0.7874999999999999,0.23529411764705882,Osimertinib,0.35,0.7647058823529411,0.20661984915252393,0.5639827501837436,0.88,0.7818014705882352,0.20661984915252393,0.6081010174811257,0.88,0.673380150847476,0.32661984915252396,-0.5353082244381356,6.573409911345396,-0.012240819179740575,-0.2,0.5837867647058823,6.944955856871538,0.0,0.0,0.13491982469457775,0.4667251885593451,0.0,0.8641450132539228,0.35,medium,uncertain_prediction;agents_strongly_disagree,6.080810843617615,False,review,False,,0.09820485744456177,0.15311510031678988,0.46673706441393875,0.9376979936642027,0.19376979936642028,0.1689545934530095,0.14889123548046462,0.4477296726504752,0.3323653643083421,0.26642027455121436,7.343794294041549,881,0.75,5.125515173079073,1,790,0,91,review,COc1ccccc1-c1cc2c(N[C@H](CO)c3ccccc3)ncnc2[nH]1
C/C=C/C(=O)Cc1ccc2ncnc(Nc3cccc(Br)c3Cl)c2c1,7.602493015023324,0.3487701427956714,0.559782802309578,416.7060000000001,5.477000000000003,54.88,1,4,3,5,0.10526315789473684,1,0.45,2.5447066666666673,False,,0,,0,,0,,0.6885245901639344,0.5792662756382352,0.7804841375240639,0.33783783783783783,Afatinib,0.3114754098360656,0.6621621621621622,0.281484153798861,0.6100072079369345,1.0,0.7509036436835885,0.281484153798861,0.660598751354846,1.0,0.718515846201139,0.28148415379886105,-0.5054861300746467,7.0793378008298165,-0.5113968819009485,-0.0,0.5339336174558942,7.101874536384763,0.0,0.0,0.3731552141935071,0.5231448077514237,0.0,1.1588000219449308,0.35,medium,uncertain_prediction;agents_strongly_disagree,5.943074514439832,False,review,False,,0.24604012671594508,0.6309398099260823,0.7655755015839493,0.8062302006335798,0.17159450897571277,0.13727560718057022,0.14889123548046462,0.133051742344245,0.5129883843717001,0.3780623020063357,7.717460597630803,838,0.75,5.121749276847435,1,791,0,47,review,C/C=C/C(=O)Cc1ccc2ncnc(Nc3cccc(Br)c3)c2c1
CNc1ncc2nc(Cl)nc(Nc3cccc(Br)c3)c2n1,6.611378376639643,0.24832855970529183,0.6904877876280088,365.62200000000007,3.6210000000000013,75.62,2,6,3,3,0.07692307692307693,0,0.0,2.004146666666667,False,,0,,0,,0,,0.7142857142857143,0.5691066917296426,0.7620121667811682,0.22666666666666666,Sunvozertinib,0.2857142857142857,0.7733333333333333,0.10401460236620655,0.7526857190928407,1.0,0.7648424584192095,0.10401460236620655,0.6553856949695642,1.0,0.8959853976337935,0.10401460236620652,-0.7351614568044768,6.238885537081705,0.3975580953203164,-0.0,0.5510744702667206,7.187518102668742,0.0,0.0,0.22249283955793775,0.7449817470422417,0.0,1.2299745866001794,0.35,medium,uncertain_prediction;agents_strongly_disagree,5.957543516068562,False,review,False,,0.050686378035902854,0.9118268215417107,0.9329461457233369,0.6752903907074974,0.1119324181626188,0.06335797254487856,0.14889123548046462,0.2893347412882788,0.48017423442449847,0.359688489968321,7.76372718397814,831,0.75,5.114169704030548,1,792,0,39,review,CNc1ncc2ncnc(Nc3cccc(Br)c3)c2n1
Cc1c(-c2ccc(CO)cc2)[nH]c2ncnc(N[C@H](CO)c3ccccc3)c12,6.810379982313925,0.18620896919463026,0.41391200859578564,374.44400000000013,3.5711200000000014,94.06,4,5,4,6,0.18181818181818182,0,0.0,2.912960000000001,False,,0,,0,,0,,0.6206896551724138,0.5212152416711154,0.6749368030383917,0.189873417721519,Afatinib,0.3793103448275862,0.810126582278481,0.19724871714224,0.565614681650759,1.0,0.708734247848414,0.19724871714224,0.6178994116603532,1.0,0.80275128285776,0.19724871714224002,-0.5608675926908177,6.531066528521979,-0.004850173222396285,-0.0,0.582461830615556,7.108678185915139,0.0,0.0,0.12931345379194537,0.6284391035722001,0.0,1.0202525573641454,0.35,medium,uncertain_prediction;agents_strongly_disagree,6.0884256285509935,False,review,False,,0.09186906019007392,0.1631467793030623,0.4952481520591341,0.9799366420274551,0.013727560718057022,0.10348468848996832,0.14889123548046462,0.4604012671594509,0.34424498416050686,0.24918162618796202,7.521772166907747,863,0.75,5.1124435799765475,1,793,0,70,review,OCc1ccc(-c2cc3c(N[C@H](CO)c4ccccc4)ncnc3[nH]2)cc1
C/C=C/C(=O)Cc1ccc2ncnc(Nc3ccc(C)c(Br)c3)c2c1,7.365498170983251,0.2936249980554589,0.6076838341050834,396.28800000000007,5.132020000000003,54.88,1,4,3,5,0.15,1,0.45,2.4085866666666673,False,,0,,0,,0,,0.7413793103448276,0.627274806739552,0.8677723758900945,0.325,Osimertinib,0.2586206896551724,0.675,0.2608370441069916,0.6415881600398472,1.0,0.8195792819175709,0.2608370441069916,0.6805011215161024,1.0,0.7391629558930084,0.2608370441069916,-0.5595521032121477,6.925060673900063,-0.4386041658949167,-0.0,0.5358224043173512,7.022278912322497,0.0,0.0,0.29043749708318833,0.5489536948662606,0.0,1.101891191949449,0.35,medium,uncertain_prediction;agents_strongly_disagree,5.920387720373048,False,review,False,,0.1583949313621964,0.7386483632523759,0.8542766631467793,0.5316789862724393,0.42027455121436114,0.12882787750791974,0.14889123548046462,0.2122492080253432,0.45348468848996826,0.37732312565997894,7.566460538510459,858,0.75,5.098175471165023,1,794,0,64,review,C/C=C/C(=O)Cc1ccc2ncnc(Nc3cccc(Br)c3)c2c1
CNc1cc2c(Nc3cccc(C(F)(F)F)c3)nc(OC)nc2cn1,6.516503447606612,0.23903118964843856,0.7456970005963534,349.3160000000001,3.837500000000002,71.96000000000001,2,6,3,4,0.1875,0,0.0,2.0,False,,0,,0,,0,,0.6851851851851852,0.5237037037037038,0.6794612794612795,0.24096385542168675,Osimertinib,0.31481481481481477,0.7590361445783133,0.08680402914774613,0.7832102734049173,1.0,0.6993549957405379,0.08680402914774613,0.6423423245733003,1.0,0.9131959708522539,0.0868040291477461,-0.7407177272340724,6.157956663133954,0.46444700059635335,-0.0,0.5392428299054806,7.1616464936357875,0.0,0.0,0.20854678447265784,0.7664949635653173,0.0,1.2375417480379751,0.35,medium,uncertain_prediction;agents_strongly_disagree,5.924104745597813,False,review,False,,0.022175290390707498,0.9535374868004224,0.9408658922914467,0.8194297782470961,0.01689545934530095,0.06019007391763464,0.14889123548046462,0.31573389651531153,0.5057022175290391,0.36409714889123546,7.768489154670634,828,0.75,5.0860213242672945,1,795,0,33,review,CNc1cc2c(Nc3cccc(C(F)(F)F)c3)ncnc2cn1
CNc1ncc2nc(N)nc(Nc3cccc(Br)c3)c2n1,6.530856797471998,0.22238013288584524,0.6697853314381151,346.192,2.5498000000000003,101.64,3,7,3,3,0.07692307692307693,0,0.0,1.9000000000000001,False,,1,aniline,0,,0,,0.7142857142857143,0.5729218929218929,0.7689488962216233,0.19480519480519481,Sunvozertinib,0.2857142857142857,0.8051948051948052,0.10204810634790779,0.7453050092140403,0.88,0.7780103734649189,0.10204810634790779,0.6263408722567168,0.88,0.7779518936520922,0.22204810634790784,-0.6990570212117451,6.19728659814323,0.3924776391304228,-0.2,0.5623670941852759,6.952131331458928,0.0,0.0,0.18357019932876784,0.5974398670651152,0.0,1.043510066393883,0.35,medium,uncertain_prediction;agents_strongly_disagree,5.908621265065046,False,review,False,,0.027455121436114043,0.8748680042238648,0.9767687434002112,0.6752903907074974,0.1341077085533263,0.11298838437170011,0.14889123548046462,0.35163674762407604,0.4689017951425555,0.3618532206969377,7.514813485629995,865,0.75,5.067845129901372,1,796,0,69,review,CNc1ncc2ncnc(Nc3cccc(Br)c3)c2n1
COc1cnccc1-c1cc2c(N[C@H](CO)c3ccccc3)nc(C)nc2[nH]1,7.045337194751998,0.3035104306572646,0.47744401018345334,375.4320000000001,3.482420000000001,95.94999999999999,3,6,4,6,0.19047619047619047,0,0.0,2.919546666666667,False,,0,,0,,0,,0.7540983606557377,0.6028950131371151,0.8234454784311183,0.18478260869565216,Osimertinib,0.24590163934426235,0.8152173913043479,0.17387699722791422,0.600303949190643,1.0,0.8213884566494256,0.17387699722791422,0.6488923507669957,1.0,0.8261230027720858,0.17387699722791417,-0.6333538047187752,6.590071548766101,0.058559629231072344,-0.0,0.561082324704002,7.209713502701176,0.0,0.0,0.30526564598589684,0.6576537534651072,0.0,1.225419399451004,0.35,medium,uncertain_prediction;agents_strongly_disagree,5.984294103250171,False,review,False,,0.12038014783526928,0.426610348468849,0.47571277719112987,0.46462513199577615,0.30675818373812036,0.09398099260823653,0.14889123548046462,0.19957761351636746,0.3037750791974657,0.2590813093980993,7.574243597738135,857,0.75,5.02019167452789,1,797,0,60,review,COc1cnccc1-c1cc2c(N[C@H](CO)c3ccccc3)ncnc2[nH]1
COc1nc(Nc2cccc(C)c2)c2cc(NCCN3CCOCC3)ncc2n1,6.661007099960654,0.2441128712779416,0.6328868372895194,394.4790000000002,2.8295200000000014,84.43,2,8,4,7,0.38095238095238093,0,0.0,2.7965266666666686,False,,0,,0,,0,,0.7384615384615385,0.655011828682986,0.9182033248781563,0.367816091954023,Dacomitinib,0.2615384615384615,0.632183908045977,0.1193727650956043,0.6905290425605177,1.0,0.8466984706701114,0.1193727650956043,0.6641500695815583,1.0,0.8806272349043958,0.11937276509560424,-0.7263697393146054,6.294837793043741,0.25150307538475725,-0.0,0.5368983113256398,7.0832391797541385,0.0,0.0,0.21616930691691238,0.7257840436304946,0.0,1.204453350547407,0.35,medium,uncertain_prediction;agents_strongly_disagree,5.878785829206731,False,review,False,,0.061246040126715945,0.8014783526927138,0.5422386483632524,0.5501583949313622,0.5607180570221753,0.0675818373812038,0.14889123548046462,0.2988384371700106,0.3792238648363252,0.3404963041182682,7.538307817557729,861,0.75,5.012381394148653,1,798,0,63,review,Cc1cccc(Nc2ncnc3cnc(NCCN4CCOCC4)cc23)c1
CNc1ncc2nc(OC)nc(Nc3cccc(Br)c3)c2n1,6.5171409945263585,0.26465792752497047,0.738997939513238,361.20300000000003,2.9762000000000004,84.85000000000001,2,7,3,4,0.14285714285714285,0,0.0,2.074686666666667,False,,0,,0,,0,,0.6862745098039216,0.5632156371320458,0.7513011584219014,0.21951219512195122,Osimertinib,0.3137254901960784,0.7804878048780488,0.06902469936411032,0.7766532257066399,1.0,0.7585978200359382,0.06902469936411032,0.6510689362766722,1.0,0.9309753006358896,0.06902469936411038,-0.7760589825500825,6.120154103238903,0.44208065379895223,-0.0,0.5631481016571253,7.125382858694981,0.0,0.0,0.2469868912874557,0.788719125794862,0.0,1.2982060170823178,0.35,medium,uncertain_prediction;agents_strongly_disagree,5.827176841612664,False,review,False,,0.023231256599788808,0.9477296726504751,0.9287222808870116,0.8183738120380147,0.09609292502639916,0.05385427666314678,0.14889123548046462,0.26187961985216474,0.5029831045406546,0.3668162618796198,7.728962584143766,836,0.75,4.992356355868207,1,799,0,37,review,CNc1ncc2ncnc(Nc3cccc(Br)c3)c2n1
COc1ccccc1-c1cc2c(N[C@H](CO)c3ccccc3)nc(C)nc2[nH]1,6.92425524643811,0.2849501692799007,0.4734806263536626,374.4440000000001,4.087420000000002,83.06,3,5,4,6,0.18181818181818182,0,0.0,2.9129600000000004,False,,0,,0,,0,,0.7368421052631579,0.6429716071975284,0.8963120130864153,0.19318181818181818,Osimertinib,0.26315789473684215,0.8068181818181819,0.15659869311359714,0.5983774214175914,1.0,0.8739385552693568,0.15659869311359714,0.6572286674501364,1.0,0.8434013068864028,0.1565986931135972,-0.6675066324487189,6.4968299925182595,0.05471844453548075,-0.0,0.5845445104486373,7.1360929475023775,0.0,0.0,0.277425253919851,0.6792516336080034,0.0,1.2191768875278544,0.35,medium,uncertain_prediction;agents_strongly_disagree,5.916916059974524,False,review,False,,0.11298838437170011,0.3954593453009504,0.5047518479408659,0.5575501583949314,0.4968321013727561,0.08764519535374868,0.14889123548046462,0.22175290390707497,0.3171594508975713,0.283870116156283,7.516684288579463,864,0.75,4.982560199362064,1,800,0,64,review,COc1ccccc1-c1cc2c(N[C@H](CO)c3ccccc3)ncnc2[nH]1
C=CC(=O)Cc1cc2c(Nc3cccc(Br)c3)nc(N)nc2cn1,6.761678350182408,0.303048119130053,0.6551470899586137,384.2370000000001,3.4107000000000003,93.79,2,6,3,5,0.058823529411764705,0,0.0,2.3282466666666672,False,,1,aniline,0,,0,,0.7543859649122807,0.6340121136173767,0.8800220247588667,0.27848101265822783,Sunvozertinib,0.24561403508771928,0.7215189873417722,0.10328590415456498,0.7207829507592889,0.88,0.8403962654045931,0.10328590415456498,0.6361162800796117,0.88,0.776714095845435,0.22328590415456495,-0.7104405012333956,6.307106171487328,0.3117924428997901,-0.2,0.546987518181722,6.965886132568841,0.0,0.0,0.30457217869507947,0.5958926198067939,0.0,1.1629647985018732,0.35,medium,uncertain_prediction;agents_strongly_disagree,5.802921334066967,False,review,False,,0.08236536430834214,0.8643083421330517,0.8711721224920802,0.455649419218585,0.4614572333685322,0.11510031678986272,0.14889123548046462,0.20274551214361142,0.43173178458289335,0.3697201689545935,7.483964274068312,870,0.75,4.97158553681248,1,801,0,69,review,C=CC(=O)Cc1cc2c(Nc3cccc(Br)c3)ncnc2cn1
COc1cnccc1-c1[nH]c2ncnc(N[C@H](CO)c3ccccc3)c2c1N,6.985972380744336,0.2572175430002233,0.4080228541518261,376.42000000000013,2.7561999999999998,121.97,4,7,4,6,0.15,0,0.0,2.9261333333333344,False,,1,aniline,0,,0,,0.6875,0.547983754934249,0.7236068271531799,0.2222222222222222,Osimertinib,0.3125,0.7777777777777778,0.19144081508592767,0.5618689800399146,0.88,0.7371495648093294,0.19144081508592767,0.5926148399837929,0.88,0.6885591849140723,0.3114408150859277,-0.5348986998638203,6.600146066244001,-0.015897145848174046,-0.2,0.5548600401216284,6.939108960517455,0.0,0.0,0.23582631450033498,0.4856989811425904,0.0,0.9840252956429254,0.35,medium,uncertain_prediction;agents_strongly_disagree,5.95508366487453,False,review,False,,0.11721224920802534,0.1341077085533263,0.45406546990496305,0.8141499472016895,0.0559662090813094,0.15100316789862725,0.14889123548046462,0.2692713833157339,0.3105068637803591,0.23115100316789863,7.311717197053886,886,0.75,4.957464868676007,1,802,0,84,review,COc1cnccc1-c1cc2c(N[C@H](CO)c3ccccc3)ncnc2[nH]1
[2H]C([2H])([2H])Oc1ccccc1-c1[nH]c2ncnc(N[C@H](CO)c3ccccc3)c2c1C,7.054236633981726,0.33133602835861775,0.4714033281284183,377.4623053340001,4.0874200000000025,83.06,3,5,4,6,0.18181818181818182,0,0.0,2.933082035560001,False,,0,,0,,0,,0.6774193548387096,0.5766219306692345,0.7756762375804263,0.1927710843373494,Afatinib,0.32258064516129037,0.8072289156626506,0.15662393864439914,0.5964609829490917,1.0,0.7835644071009824,0.15662393864439914,0.6341623321736183,1.0,0.8433760613556008,0.15662393864439916,-0.6367178580389588,6.5572325914438,0.04962284097623637,-0.0,0.5812490244164824,7.188104456836519,0.0,0.0,0.3470040425379266,0.6792200766945011,0.0,1.2887241192324277,0.35,medium,uncertain_prediction;agents_strongly_disagree,5.899380337604091,False,review,False,,0.1235480464625132,0.3727560718057022,0.4424498416050686,0.8574445617740233,0.15522703273495247,0.08870116156282999,0.14889123548046462,0.14783526927138332,0.36800422386483633,0.26964097148891236,7.629709525474323,848,0.75,4.947949503390786,1,803,0,45,review,[2H]C([2H])([2H])Oc1ccccc1-c1cc2c(N[C@H](CO)c3ccccc3)ncnc2[nH]1
CNc1cc2c(Nc3cccc(C(F)(F)F)c3)nc(F)nc2cn1,6.568606996742891,0.2249255537607858,0.5593019162639201,337.28000000000003,3.9680000000000017,62.730000000000004,2,5,3,3,0.13333333333333333,0,0.0,1.9000000000000001,False,,0,,0,,0,,0.7254901960784313,0.5398348813209494,0.7087906933108169,0.2702702702702703,Sunvozertinib,0.27450980392156865,0.7297297297297297,0.10970386155317266,0.6845391308682329,1.0,0.7140254524155452,0.10970386155317266,0.6270671112092376,1.0,0.8902961384468273,0.10970386155317269,-0.6898176662080867,6.231218666101713,0.2876352495972534,-0.0,0.519646004011329,7.038499919710294,0.0,0.0,0.18738833064117869,0.7378701730585341,0.0,1.1877585036997127,0.35,medium,uncertain_prediction;agents_strongly_disagree,5.850741416010582,False,review,False,,0.03695881731784583,0.6267159450897571,0.9767687434002112,0.6203801478352693,0.03273495248152059,0.06441393875395987,0.14889123548046462,0.3453009503695882,0.41256599788806764,0.3066789862724393,7.533579117175975,862,0.75,4.943756199537509,1,804,0,58,review,CNc1cc2c(Nc3cccc(C(F)(F)F)c3)ncnc2cn1
CNc1ncc2nc(F)nc(Nc3cccc(Br)c3)c2n1,6.569506426449074,0.2890783148116257,0.7080203310666161,349.16700000000003,3.106700000000001,75.62,2,6,3,3,0.07692307692307693,0,0.0,1.9000000000000001,False,,0,,0,,0,,0.7142857142857143,0.5537220763450271,0.7340401388091401,0.24324324324324326,Sunvozertinib,0.2857142857142857,0.7567567567567568,0.06502178624413049,0.7663342590097157,1.0,0.7397192932960444,0.06502178624413049,0.6427688346374727,1.0,0.9349782137558695,0.06502178624413046,-0.7703293978577895,6.1358889542316355,0.43071263875892374,-0.0,0.5391084903007406,7.105710083291299,0.0,0.0,0.28361747221743855,0.7937227671948368,0.0,1.3398402394122753,0.35,medium,uncertain_prediction;agents_strongly_disagree,5.765869843879024,False,review,False,,0.03801478352692714,0.9181626187961985,0.9767687434002112,0.6752903907074974,0.07074973600844774,0.05174234424498416,0.14889123548046462,0.21858500527983105,0.4823125659978881,0.35240232312566,7.684485162488765,842,0.75,4.913752631629816,1,805,0,37,review,CNc1ncc2ncnc(Nc3cccc(Br)c3)c2n1
Cc1cccc(Nc2nc(N)nc3cnc(NCCN4CCOCC4)cc23)c1,6.61875534982429,0.24393027122913666,0.6001738569995231,379.46800000000025,2.4031199999999995,101.22,3,8,4,6,0.35,0,0.0,2.596453333333335,False,,1,aniline,0,,0,,0.7619047619047619,0.6745891659713854,0.9537984835843369,0.32954545454545453,Dacomitinib,0.23809523809523814,0.6704545454545454,0.10893764759567678,0.6802320316061479,0.88,0.8829624990518891,0.10893764759567678,0.6380330445634285,0.8829624990518891,0.7740248514562122,0.22597514854378775,-0.7054605292903355,6.252859942980585,0.24570585699952283,-0.2,0.546728841675305,6.845294641655413,0.0,0.0,0.21589540684370498,0.5925310643202654,0.0,1.0709264711639703,0.35,medium,uncertain_prediction;agents_strongly_disagree,5.774368170491443,False,review,False,,0.05174234424498416,0.7222808870116156,0.6847940865892291,0.4197465681098205,0.6610348468848997,0.11615628299894404,0.14889123548046462,0.3020063357972545,0.3544086589229145,0.3420274551214362,7.270585032362911,890,0.75,4.909801116637167,1,806,0,84,review,Cc1cccc(Nc2ncnc3cnc(NCCN4CCOCC4)cc23)c1
COc1nc(Nc2cccc(Br)c2)c2cc(NCCN3CCOCC3)ncc2n1,6.673699134576147,0.21325719894709588,0.557233208530415,459.3480000000003,3.2836000000000016,84.43,2,8,4,7,0.35,0,0.0,3.228986666666669,False,,0,,0,,0,,0.8,0.6884446600551929,0.9789902910094415,0.36363636363636365,Dacomitinib,0.19999999999999996,0.6363636363636364,0.14414474438106958,0.6322864698199333,1.0,0.8933336273479902,0.14414474438106958,0.6674412103872482,1.0,0.8558552556189304,0.1441447443810696,-0.6977286213415715,6.353813336155503,0.1078852085304147,-0.0,0.5256566636614513,6.987355208347369,0.0,0.0,0.16988579842064383,0.6948190695236631,0.0,1.127204867944307,0.35,medium,uncertain_prediction;agents_strongly_disagree,5.860150340403061,False,review,False,,0.06546990496304118,0.619324181626188,0.1246040126715945,0.2365364308342133,0.7254487856388595,0.08236536430834214,0.14889123548046462,0.3790918690601901,0.21932418162618797,0.2632787750791975,7.2505442262987945,891,0.75,4.901084870498098,1,807,0,84,review,Brc1cccc(Nc2ncnc3cnc(NCCN4CCOCC4)cc23)c1
Nc1nc(Nc2cccc(Br)c2)c2cc(NCCN3CCOCC3)ncc2n1,6.728970697164635,0.22276276359495253,0.5338498422041861,444.3370000000003,2.8572000000000006,101.22,3,8,4,6,0.3157894736842105,0,0.0,3.028913333333335,False,,1,aniline,0,,0,,0.8095238095238095,0.7108199263423144,1.0,0.3146067415730337,Dacomitinib,0.19047619047619047,0.6853932584269663,0.15130873977469195,0.6271207465456357,0.88,0.9213483146067416,0.15130873977469195,0.6449444502317673,0.9213483146067416,0.7700395748320497,0.22996042516795034,-0.6581809472761004,6.394826551772206,0.11109178957260692,-0.2,0.5413322632423756,6.847250604587188,0.0,0.0,0.1841441453924288,0.5875494685400621,0.0,1.0341936139324908,0.35,medium,uncertain_prediction;agents_strongly_disagree,5.813056990654697,False,review,False,,0.07497360084477296,0.5839493136219641,0.33949313621964095,0.19957761351636746,0.8780359028511088,0.11826821541710665,0.14889123548046462,0.3505807814149947,0.2413674762407603,0.29604012671594504,7.136891576076101,897,0.75,4.893305142713832,1,808,0,89,review,Brc1cccc(Nc2ncnc3cnc(NCCN4CCOCC4)cc23)c1
Cc1nc(N[C@H](CO)c2ccccc2)c2cc(-c3ccccc3)[nH]c2n1,6.880864957382474,0.3356115119130813,0.509941198085486,344.418,4.078820000000002,73.83000000000001,3,4,4,5,0.14285714285714285,0,0.0,2.65,False,,0,,0,,0,,0.68,0.600983579638752,0.8199701447977309,0.15584415584415584,Afatinib,0.31999999999999995,0.8441558441558441,0.11028818100646151,0.6285445820239404,1.0,0.8260165696372592,0.11028818100646151,0.6412123331669153,1.0,0.8897118189935385,0.11028818100646154,-0.7078988695472717,6.377447689512851,0.12672691237120032,-0.0,0.6022392894461859,7.106413891330238,0.0,0.0,0.35341726786962196,0.737139773741923,0.0,1.3530570416115448,0.35,medium,uncertain_prediction;agents_strongly_disagree,5.753356849718693,False,review,False,,0.10454065469904963,0.544350580781415,0.6325237592397043,0.8431890179514255,0.2946145723336853,0.06546990496304118,0.14889123548046462,0.14361140443505807,0.41942977824709615,0.3186642027455121,7.609729625226754,853,0.75,4.860753893013307,1,809,0,44,review,OC[C@@H](Nc1ncnc2[nH]c(-c3ccccc3)cc12)c1ccccc1
CCOc1ccccc1-c1[nH]c2ncnc(N[C@H](CO)c3ccccc3)c2c1C,6.7856289005150145,0.24884106405191125,0.43482098927761065,388.4710000000001,4.477520000000003,83.06,3,5,4,7,0.21739130434782608,0,0.0,3.106473333333334,False,,0,,0,,0,,0.6557377049180327,0.5524083697071218,0.731651581285676,0.19753086419753085,Afatinib,0.34426229508196726,0.8024691358024691,0.14721848029241577,0.5696718005129422,1.0,0.7493559699148743,0.14721848029241577,0.616561562680058,1.0,0.8527815197075842,0.1472184802924158,-0.6257907765168563,6.412367304437147,-0.009410880287606824,-0.0,0.578571668849045,6.981528092998585,0.0,0.0,0.2232615960778669,0.6909768996344803,0.0,1.176738495712347,0.35,medium,uncertain_prediction;agents_strongly_disagree,5.804789597286238,False,review,False,,0.08764519535374868,0.22703273495248152,0.25343189017951423,0.9292502639915523,0.06705385427666315,0.08447729672650475,0.14889123548046462,0.28616684266103487,0.3087117212249208,0.22296726504751851,7.3519821584684895,880,0.75,4.797350315343261,1,810,0,70,review,CCOc1ccccc1-c1cc2c(N[C@H](CO)c3ccccc3)ncnc2[nH]1
COc1cc(C(N)=O)ccc1-c1cc2c(N[C@H](C)c3ccccc3)nc(C)nc2[nH]1,6.894198921871891,0.2810288940961577,0.4486198580311708,401.4700000000001,4.2139200000000026,105.91999999999999,3,5,4,6,0.17391304347826086,0,0.0,3.093133333333334,False,,0,,0,,0,,0.7741935483870968,0.6046029835461708,0.8265508791748559,0.1935483870967742,Osimertinib,0.22580645161290325,0.8064516129032258,0.15182950460066238,0.5777742552504772,1.0,0.8215260626069485,0.15182950460066238,0.637782455614522,1.0,0.8481704953993376,0.15182950460066236,-0.6479372680184796,6.472655580727655,0.0020411623789968088,-0.0,0.5501861068904881,7.024882849997139,0.0,0.0,0.27154334114423656,0.6852131192491719,0.0,1.2192564603934084,0.35,medium,uncertain_prediction;agents_strongly_disagree,5.805626389603731,False,review,False,,0.10876451953537487,0.30147835269271384,0.27771911298838436,0.368532206969377,0.31626187961985214,0.08553326293558607,0.14889123548046462,0.22597676874340022,0.22460401267159452,0.20884371700105595,7.294407665203052,889,0.75,4.781238850004998,1,811,0,78,review,COc1cc(C(N)=O)ccc1-c1cc2c(N[C@H](C)c3ccccc3)ncnc2[nH]1
CNc1cc2c(Nc3cccc(C(F)(F)F)c3)nc(N)nc2cn1,6.4187308295350745,0.26550847377130427,0.6801078853271744,334.30500000000006,3.4111000000000002,88.75,3,6,3,3,0.13333333333333333,0,0.0,1.9000000000000001,False,,1,aniline,0,,0,,0.7115384615384616,0.5423703489492964,0.7134006344532661,0.23376623376623376,Sunvozertinib,0.28846153846153844,0.7662337662337663,0.04382677574385563,0.7509824138530228,0.88,0.7266089173983912,0.04382677574385563,0.6003545267488174,0.88,0.8361732242561444,0.16382677574385562,-0.7420370013399491,6.020468118878118,0.40844121866050764,-0.2,0.5380279807911387,6.766937318329764,0.0,0.0,0.24826271065695638,0.6702165303201804,0.0,1.1809792409771367,0.35,medium,uncertain_prediction;agents_strongly_disagree,5.585958077352627,False,review,False,,0.011615628299894404,0.8986272439281943,0.9767687434002112,0.6906019007391764,0.042238648363252376,0.0908130939809926,0.14889123548046462,0.2587117212249208,0.4695881731784583,0.3461457233368533,7.330443126143914,882,0.75,4.726332945356852,1,812,0,70,review,CNc1cc2c(Nc3cccc(C(F)(F)F)c3)ncnc2cn1
Cc1nc(Nc2cccc(Br)c2)c2cc(N(C)CC(O)CO)ncc2n1,6.7726298052204355,0.3163872999022163,0.5667005143084466,418.29500000000013,2.6287200000000004,94.4,3,7,3,6,0.2777777777777778,0,0.0,3.005300000000001,False,,0,,0,,0,,0.7666666666666667,0.6271786631423231,0.8675975693496782,0.21951219512195122,Afatinib,0.23333333333333328,0.7804878048780488,0.09668634137355747,0.6460968213311841,1.0,0.8458201282317708,0.09668634137355747,0.647150822734128,1.0,0.9033136586264425,0.09668634137355747,-0.7339526418140941,6.298048855367111,0.14368329208622427,-0.0,0.5560457338008342,6.997777881254169,0.0,0.0,0.3245809498533245,0.754142073283053,0.0,1.3412230231363775,0.35,medium,uncertain_prediction;agents_strongly_disagree,5.656554858117792,False,review,False,,0.08447729672650475,0.6583949313621964,0.3801478352692714,0.4007391763463569,0.4192185850052798,0.061246040126715945,0.14889123548046462,0.17423442449841606,0.3068637803590285,0.27383843717001055,7.366014417685004,877,0.75,4.7101609827218045,1,813,0,64,review,CN(CC(O)CO)c1cc2c(Nc3cccc(Br)c3)ncnc2cn1
CN(c1cccc(Br)c1)c1ncnc2cnc(CC(=O)/C=C\Cl)cc12,6.39560523215849,0.26408687692962346,0.5751988067741716,417.69400000000013,4.4193000000000024,58.980000000000004,0,5,3,5,0.1111111111111111,0,0.0,2.5512933333333345,False,,0,,0,,0,,0.6129032258064516,0.5320497019261217,0.6946358216838575,0.2125,Afatinib,0.3870967741935484,0.7875,0.03904049418888619,0.6682326770591277,1.0,0.7178518662628931,0.03904049418888619,0.6062812593777267,1.0,0.9609595058111138,0.03904049418888622,-0.7563210202517873,5.999474916764055,0.20361591788528252,-0.0,0.5841025038080612,6.787193338457399,0.0,0.0,0.2461303153944352,0.8261993822638922,0.0,1.3348296976583274,0.35,medium,uncertain_prediction;agents_strongly_disagree,5.452363640799072,False,review,False,,0.009503695881731784,0.6715945089757128,0.7312565997888067,0.9883843717001056,0.022175290390707498,0.0454065469904963,0.14889123548046462,0.26293558606124606,0.445960929250264,0.3103484688489968,7.322346453557716,885,0.75,4.5497818034178685,1,814,0,71,review,O=C(/C=C\Cl)Cc1cc2c(Nc3cccc(Br)c3)ncnc2cn1
COc1ccccc1-c1[nH]c2ncnc(N[C@H](CO)c3ccccc3)c2c1C,6.70482454177819,0.3227835100070913,0.47348062635366256,374.44400000000013,4.0874200000000025,83.06,3,5,4,6,0.18181818181818182,0,0.0,2.912960000000001,False,,0,,0,,0,,0.65,0.583125,0.7874999999999999,0.22093023255813954,Osimertinib,0.35,0.7790697674418605,0.07525767843958353,0.5983774214175914,1.0,0.7853924418604651,0.07525767843958353,0.61475688542941,1.0,0.9247423215604165,0.07525767843958353,-0.7193322759864353,6.220649276767553,0.05471844453548064,-0.0,0.5880959302325581,6.863463651535591,0.0,0.0,0.334175265010637,0.7809279019505205,0.0,1.3776031669611575,0.35,medium,uncertain_prediction;agents_strongly_disagree,5.485860484574434,False,review,False,,0.07074973600844774,0.3907074973600845,0.4952481520591341,0.9376979936642027,0.19376979936642028,0.057022175290390706,0.14889123548046462,0.16367476240760295,0.371805702217529,0.27127771911298837,7.309630494196626,887,0.75,4.5363937475100204,1,815,0,72,review,COc1ccccc1-c1cc2c(N[C@H](CO)c3ccccc3)ncnc2[nH]1
COc1nc(Nc2cccc(Br)c2)c2cc(N(C)CC(O)CO)ncc2n1,6.587693983177627,0.27094206364352547,0.5208816811194625,434.29400000000015,2.3289,103.63000000000001,3,8,3,7,0.2777777777777778,0,0.0,3.2119600000000013,False,,0,,0,,0,,0.7301587301587301,0.5992059247941601,0.816738045080291,0.2261904761904762,Afatinib,0.2698412698412699,0.7738095238095238,0.08226405124393896,0.6129480015387814,1.0,0.8060059147625992,0.08226405124393896,0.6253044918863299,1.0,0.917735948756061,0.08226405124393898,-0.7240539208565212,6.181280887712339,0.06686545889724015,-0.0,0.5577559398415013,6.805902286451081,0.0,0.0,0.2564130954652882,0.7721699359450762,0.0,1.2910830314103643,0.35,medium,uncertain_prediction;agents_strongly_disagree,5.514819255040717,False,review,False,,0.044350580781414996,0.5723336853220697,0.13199577613516367,0.5860612460401268,0.28616684266103487,0.059134107708553325,0.14889123548046462,0.249208025343189,0.27143611404435064,0.23284054910242874,7.131625623304302,898,0.75,4.519227913963631,1,816,0,82,review,CN(CC(O)CO)c1cc2c(Nc3cccc(Br)c3)ncnc2cn1
Cc1c(-c2ccccc2)[nH]c2ncnc(N[C@H](CO)c3ccccc3)c12,6.549011170748116,0.30346740223796775,0.509941198085486,344.41800000000006,4.078820000000001,73.83,3,4,4,5,0.14285714285714285,0,0.0,2.65,False,,0,,0,,0,,0.5849056603773585,0.5380985808698715,0.7056337833997662,0.20270270270270271,Afatinib,0.41509433962264153,0.7972972972972973,0.04982561112045164,0.6285445820239404,1.0,0.728549661874149,0.04982561112045164,0.6017299637546353,1.0,0.9501743888795484,0.049825611120451585,-0.7358724701789114,6.093810067391164,0.12672691237120032,-0.0,0.6023900878693194,6.822927067631684,0.0,0.0,0.3052011033569516,0.8127179860994355,0.0,1.380419089456387,0.35,medium,uncertain_prediction;agents_strongly_disagree,5.442507978175297,False,review,False,,0.03273495248152059,0.544350580781415,0.6325237592397043,0.9984160506863781,0.028511087645195353,0.04751847940865892,0.14889123548046462,0.2006335797254488,0.41816261879619854,0.28709081309398105,7.324722210187122,884,0.75,4.512016953888075,1,817,0,67,review,OC[C@@H](Nc1ncnc2[nH]c(-c3ccccc3)cc12)c1ccccc1
CN(CC(O)CO)c1cc2c(Nc3cccc(Br)c3)nc(F)nc2cn1,6.666595919145718,0.32106189808535884,0.5257368444523727,422.25800000000004,2.4593999999999996,94.4,3,7,3,6,0.23529411764705882,0,0.0,3.0317200000000004,False,,0,,0,,0,,0.7540983606557377,0.6221772915018267,0.8585041663669575,0.24691358024691357,Afatinib,0.24590163934426235,0.7530864197530864,0.06690565112667829,0.6225506490641897,1.0,0.8321497297134897,0.06690565112667829,0.6304015074760894,1.0,0.9330943488733217,0.06690565112667834,-0.7513278084658814,6.18500307201768,0.0945082562170785,-0.0,0.5512077052225833,6.830719033457342,0.0,0.0,0.33159284712803827,0.791367936091652,0.0,1.3854607832196904,0.35,medium,uncertain_prediction;agents_strongly_disagree,5.445258250237652,False,review,False,,0.06230200633579725,0.5791974656810982,0.3321013727560718,0.46462513199577615,0.4012671594508976,0.05279831045406547,0.14889123548046462,0.16578669482576558,0.2866156282998944,0.2538278775079198,7.174657787417216,895,0.75,4.474851703247156,1,818,0,77,review,CN(CC(O)CO)c1cc2c(Nc3cccc(Br)c3)ncnc2cn1
C=C(C)C(=O)Cc1cc2c(Nc3cccc(Br)c3)nc(OC)nc2cn1,6.491374960126194,0.31055720421644545,0.6099665391449961,413.2750000000001,4.2272000000000025,77.0,1,6,3,6,0.15789473684210525,0,0.0,2.6218333333333343,False,,0,,0,,0,,0.7333333333333333,0.5767023172905525,0.7758223950737319,0.2823529411764706,Osimertinib,0.2666666666666667,0.7176470588235294,0.03045369708003673,0.6846418529400042,1.0,0.7612785610111813,0.03045369708003673,0.6190935277578056,1.0,0.9695463029199632,0.030453697080036757,-0.7848531075703584,6.025539153801526,0.23248101282920647,-0.0,0.5292497164154918,6.787269883046224,0.0,0.0,0.3158358063246682,0.8369328786499541,0.0,1.4152686849746223,0.35,medium,uncertain_prediction;agents_strongly_disagree,5.372001198071602,False,review,False,,0.01795142555438226,0.7639915522703273,0.6552270327349525,0.571805702217529,0.1573389651531151,0.042238648363252376,0.14889123548046462,0.1890179514255544,0.3735216473072862,0.28698521647307285,7.235495859814967,892,0.75,4.44138345783929,1,819,0,73,review,C=C(C)C(=O)Cc1cc2c(Nc3cccc(Br)c3)ncnc2cn1
C=C(C)C(=O)Cc1cc2c(Nc3cccc(Br)c3)nc(N)nc2cn1,6.506862114297914,0.3250838369088402,0.6353371698563682,398.26400000000007,3.8008000000000015,93.79,2,6,3,5,0.1111111111111111,0,0.0,2.421760000000001,False,,1,aniline,0,,0,,0.7586206896551724,0.5950006530825496,0.8090920965137264,0.2625,Sunvozertinib,0.24137931034482762,0.7375,0.02415684273829044,0.7062908280363871,0.88,0.7911940723852948,0.02415684273829044,0.6004104357899931,0.88,0.8558431572617096,0.14415684273829044,-0.7683381240689369,6.019236358934654,0.2831842809674793,-0.2,0.532143713783604,6.634564353685737,0.0,0.0,0.3376257553632603,0.694803946577137,0.0,1.2949297019403971,0.35,medium,uncertain_prediction;agents_strongly_disagree,5.33963465174534,False,review,False,,0.02006335797254488,0.8199577613516368,0.8146779303062301,0.4350580781414995,0.26504751847940866,0.08342133051742344,0.14889123548046462,0.1573389651531151,0.38223336853220696,0.3115892291446674,7.093244395924385,900,0.75,4.43854172671894,1,820,0,80,review,C=C(C)C(=O)Cc1cc2c(Nc3cccc(Br)c3)ncnc2cn1
Nc1nc(Nc2cccc(Br)c2)c2cc(CC(=O)/C=C\Cl)ncc2n1,6.532450125043845,0.33863664855281234,0.608789936010034,418.6820000000001,3.9772000000000016,93.78999999999999,2,6,3,5,0.058823529411764705,0,0.0,2.557880000000001,False,,1,aniline,0,,0,,0.7586206896551724,0.6436322298391264,0.8975131451620478,0.24390243902439024,Sunvozertinib,0.24137931034482762,0.7560975609756098,0.02106687727399273,0.6864544648055186,0.88,0.8621592491154384,0.02106687727399273,0.6124201477987374,0.88,0.8589331227260073,0.1410668772739927,-0.7884710273663265,6.024495152214627,0.2309902889512103,-0.2,0.5598282442383673,6.615313685404203,0.0,0.0,0.3579549728292185,0.6986664034075091,0.0,1.3191213762367275,0.35,medium,uncertain_prediction;agents_strongly_disagree,5.296192309167475,False,review,False,,0.029567053854276663,0.7434002111932418,0.7170010559662091,0.4350580781414995,0.49947201689545934,0.08025343189017951,0.14889123548046462,0.14255543822597677,0.3565469904963041,0.31557550158394926,7.043170073999768,903,0.75,4.3998829110682145,1,821,0,82,review,O=C(/C=C\Cl)Cc1cc2c(Nc3cccc(Br)c3)ncnc2cn1
CN(CC(O)CO)c1cc2c(Nc3cccc(Br)c3)nc(Cl)nc2cn1,6.696117336121522,0.3394146164716191,0.5093372903070763,438.713,2.973700000000001,94.4,3,7,3,6,0.23529411764705882,0,0.0,3.1414200000000005,False,,0,,0,,0,,0.7540983606557377,0.6175679850926958,0.8501236092594469,0.21686746987951808,Afatinib,0.24590163934426235,0.7831325301204819,0.06143910250024712,0.6093116635150458,1.0,0.8333758394747056,0.06143910250024712,0.6260316513724996,1.0,0.9385608974997529,0.06143910250024709,-0.7527900651630034,6.1869954114140935,0.06165370207178214,-0.0,0.5581263990559243,6.806775512541799,0.0,0.0,0.3591219247074286,0.7982011218746912,0.0,1.4198230465821198,0.35,medium,uncertain_prediction;agents_strongly_disagree,5.38695246595968,False,review,False,,0.0675818373812038,0.5390707497360084,0.18109820485744457,0.46462513199577615,0.3743400211193242,0.050686378035902854,0.14889123548046462,0.14044350580781415,0.2583157338965153,0.23012143611404437,7.116754393217618,899,0.75,4.388098189296533,1,822,0,77,review,CN(CC(O)CO)c1cc2c(Nc3cccc(Br)c3)ncnc2cn1
CN(CC(O)CO)c1cc2c(Nc3cccc(Br)c3)nc(N)nc2cn1,6.631814555877604,0.30808381884210556,0.4783772231496454,419.2830000000001,1.9024999999999994,120.42,4,8,3,6,0.23529411764705882,0,0.0,3.0118866666666673,False,,1,aniline,0,,0,,0.7540983606557377,0.6175679850926958,0.8501236092594469,0.21686746987951808,Afatinib,0.24590163934426235,0.7831325301204819,0.06729496577992708,0.5972656778605101,0.88,0.8333758394747056,0.06729496577992708,0.5944841207787857,0.88,0.8127050342200729,0.1872949657799271,-0.7029188733318114,6.169688827614445,0.05012363491435126,-0.2,0.5581263990559243,6.5779388615847205,0.0,0.0,0.3121257282631583,0.6408812927750912,0.0,1.2155070210382495,0.35,medium,uncertain_prediction;agents_strongly_disagree,5.362431840546471,False,review,False,,0.05385427666314678,0.43453009503695883,0.37117212249208026,0.46462513199577615,0.3743400211193242,0.1003167898627244,0.14889123548046462,0.191129883843717,0.2597412882787751,0.23682682154171067,6.88962840751925,915,0.75,4.371624026396523,1,823,0,92,review,CN(CC(O)CO)c1cc2c(Nc3cccc(Br)c3)ncnc2cn1
COc1cc(C(N)=O)ccc1-c1cc2c(N[C@H](C)c3ccccc3)nc(Cl)nc2[nH]1,6.643305839646215,0.34960805708237996,0.39557118530749713,421.88800000000003,4.558900000000002,105.91999999999999,3,5,4,6,0.13636363636363635,0,0.0,3.2292533333333338,False,,0,,0,,0,,0.7619047619047619,0.5958284220498926,0.8105971309998047,0.21739130434782608,Osimertinib,0.23809523809523814,0.782608695652174,0.041100819953887674,0.5433621006370721,1.0,0.8036000221628969,0.041100819953887674,0.5970157356884642,1.0,0.9588991800461123,0.0411008199538877,-0.7412198876461019,6.118893754022645,-0.07518045105613927,-0.0,0.5445747485884606,6.588288051554966,0.0,0.0,0.3744120856235699,0.8236239750576404,0.0,1.4605360606812103,0.35,medium,uncertain_prediction;agents_strongly_disagree,5.127751990873755,False,review,False,,0.057022175290390706,0.09186906019007392,0.12038014783526928,0.4197465681098205,0.26715945089757126,0.046462513199577615,0.14889123548046462,0.13093980992608237,0.1460401267159451,0.13769799366420274,6.7635362036141,923,0.75,4.017989583270799,1,824,0,99,review,COc1cc(C(N)=O)ccc1-c1cc2c(N[C@H](C)c3ccccc3)ncnc2[nH]1
Cc1c(F)cccc1Nc1c(-c2ccncc2OCCF)[nH]c2c1C(=O)NCC2,9.368037103708383,0.4340240699318836,0.5884519630895001,398.4130000000001,3.902020000000002,79.04,3,4,4,6,0.23809523809523808,0,0.0,2.7227533333333342,False,,0,,0,,0,,0.8787878787878788,0.7711917423185028,1.0,0.2,Afatinib,0.12121212121212122,0.8,0.6631924269747773,0.668927297647943,1.0,0.95,0.6631924269747773,0.8205299311556802,1.0,0.3368075730252227,0.6631924269747773,-0.20978333890787038,8.717000998810558,0.20384848689902377,-0.0,0.5445454545454546,9.465394940255036,0.0,0.0,0.5010361048978254,0.04600946628152837,0.0,0.6595455711793536,0.15,low,uncertain_prediction,8.805849369075682,False,fail,True,high_model_uncertainty,0.9757127771911299,0.7043294614572334,0.587117212249208,0.012671594508975714,0.8780359028511088,0.9609292502639916,0.5047518479408659,0.05807814149947202,0.6705385427666315,0.6956177402323125,10.270041191574995,78,1.5,5.415590657354457,2,825,747,0,reject,COC(C)(C)COc1cnccc1-c1[nH]c2c(c1Nc1cccc(F)c1C)C(=O)NCC2
O=C1NCCc2[nH]c(-c3ccncc3OCCF)c(Nc3cccc(F)c3Br)c21,9.36090882712597,0.41166981648018464,0.50802796004967,463.2820000000001,4.356100000000003,79.04,3,4,4,6,0.2,0,0.0,3.155213333333334,False,,0,,0,,0,,0.8656716417910447,0.7337761279589127,1.0,0.18681318681318682,Afatinib,0.13432835820895528,0.8131868131868132,0.6770583352453632,0.6080610190529596,1.0,0.9532967032967032,0.6080610190529596,0.8096040143987566,1.0,0.3919389809470404,0.6080610190529596,-0.1767275722045244,8.743404102405693,0.0547459600496699,-0.0,0.5544038051500738,9.352553867605437,0.0,0.0,0.467504724720277,0.11492372618380049,0.0,0.6949284509040774,0.15,low,uncertain_prediction,8.657625416701359,False,fail,True,high_model_uncertainty,0.9736008447729673,0.5332629355860612,0.17423442449841606,0.026399155227032733,0.8780359028511088,0.8458289334741288,0.5047518479408659,0.07602956705385427,0.5761879619852165,0.6187961985216474,10.043979421987697,151,1.5,5.175180854927337,2,826,675,0,reject,COCCOc1cnccc1-c1[nH]c2c(c1Nc1cccc(F)c1Br)C(=O)NCC2
CNc1ncc2ncnc(Nc3ccc(F)c(Br)c3)c2n1,8.438710885111014,0.3557501526284819,0.7568683410750366,349.16700000000003,3.106700000000001,75.62,2,6,3,3,0.07692307692307693,0,0.0,1.9000000000000001,False,,0,,0,,0,,0.68,0.5996151960784314,0.817482174688057,0.35294117647058826,Sunvozertinib,0.31999999999999995,0.6470588235294117,0.4856526144378162,0.793200664514347,1.0,0.7748763368983956,0.4856526144378162,0.7634324039626398,1.0,0.5143473855621838,0.48565261443781615,-0.37037305269976467,7.905085656168291,0.4795606487673443,-0.0,0.5424881907308378,8.927134495666474,0.0,0.0,0.38362522894272283,0.2679342319527298,0.0,0.7640594608954527,0.15,low,uncertain_prediction,8.16307503477102,False,fail,True,high_model_uncertainty,0.6230200633579726,0.9667370644139388,0.9767687434002112,0.8431890179514255,0.28827877507919747,0.44139387539598735,0.5047518479408659,0.1235480464625132,0.7888595564941923,0.6435322069693771,9.873765963459505,212,1.5,4.710313683134274,2,827,615,0,reject,CNc1ncc2ncnc(Nc3cccc(Br)c3)c2n1
C=CC(=O)NC1=NC=C2N=CN=C(Nc3cc(C)ccc3F)C21,8.576162142311885,0.44432741612937965,0.8209958025565295,311.32,2.15832,78.21000000000001,2,5,3,2,0.125,0,0.0,2.1500000000000004,False,,0,,0,,1,acrylamide_like,0.6842105263157895,0.5854247090999991,0.7916812892727255,0.31645569620253167,Osimertinib,0.3157894736842105,0.6835443037974683,0.45801134428740553,0.8188553837137835,0.92,0.7646470429039113,0.45801134428740553,0.7403784427262751,0.92,0.4619886557125945,0.5380113442874055,-0.3764894645851593,7.909671018117816,0.5109958025565294,-0.0,0.5450888766153166,8.965755697289662,0.0,0.0,0.5164911241940695,0.20248581964074314,0.1,0.9314769438348125,0.15,low,uncertain_prediction,8.03427875345485,False,fail,True,high_model_uncertainty,0.6673706441393875,0.9878563885955649,0.9044350580781415,0.8215417106652587,0.20802534318901794,0.5385427666314678,0.5047518479408659,0.05279831045406547,0.7978616684266103,0.6487592397043295,9.923189699401595,195,1.5,4.5877898411000455,2,828,633,0,reject,C=CC(=O)NC1=NC=C2N=CN=C(Nc3cccc(C)c3)C21
COc1cc(C(N)=O)cc(C)c1-c1cc2c(N[C@H](C)c3ccccc3)ncnc2[nH]1,8.711300557196475,0.36255849596225775,0.4486198580311708,401.4700000000001,4.2139200000000026,105.91999999999999,3,5,4,6,0.17391304347826086,0,0.0,3.093133333333334,False,,0,,0,,0,,0.746031746031746,0.6650060803891449,0.9363746916166269,0.24719101123595505,Osimertinib,0.25396825396825395,0.752808988764045,0.5490341921255384,0.5777742552504772,1.0,0.8904832659034814,0.5490341921255384,0.7543229283198742,1.0,0.4509658078744616,0.5490341921255384,-0.27371831492578114,8.167462813253088,0.0020411623789968088,-0.0,0.5742220838190846,8.74372605945117,0.0,0.0,0.39383774394338666,0.188707259843077,0.0,0.6950450037864637,0.15,low,uncertain_prediction,8.048681055664707,False,fail,True,high_model_uncertainty,0.7254487856388595,0.30147835269271384,0.27771911298838436,0.49208025343189016,0.6135163674762407,0.5681098204857444,0.5047518479408659,0.11298838437170011,0.5268215417106653,0.5141235480464624,9.375911909503968,361,1.5,4.440629313320462,2,829,468,0,reject,COc1cc(C(N)=O)ccc1-c1cc2c(N[C@H](C)c3ccccc3)ncnc2[nH]1
C=CC(=O)NC1=NC=C2N=CN=C(Nc3cc(C)ccc3N)C21,8.444646392731277,0.4002521248713442,0.5706541048634345,308.345,1.6014199999999998,104.23,3,6,3,2,0.125,0,0.0,2.1500000000000004,False,,1,aniline,0,,1,acrylamide_like,0.6964285714285714,0.5479493087557603,0.7235441977377459,0.25609756097560976,Osimertinib,0.3035714285714286,0.7439024390243902,0.4559851107728784,0.6811674499825813,0.8,0.7286337580594071,0.4559851107728784,0.6664465797037167,0.8,0.34401488922712165,0.6559851107728784,-0.28061529190778445,7.844268205424261,0.26065410486343443,-0.2,0.5406639239988964,8.445586234286592,0.0,0.0,0.45037818730701634,0.05501861153390207,0.1,0.7178967988409184,0.15,low,uncertain_prediction,7.727689435445674,False,fail,True,high_model_uncertainty,0.6261879619852164,0.6636747624076029,0.9044350580781415,0.7697993664202746,0.05385427666314678,0.9545934530095037,0.5047518479408659,0.08025343189017951,0.7041446673706441,0.6101636747624077,9.290559835131365,389,1.5,4.234885845160564,2,830,441,0,reject,C=CC(=O)NC1=NC=C2N=CN=C(Nc3cccc(C)c3)C21
C=CC(=O)NC1=NC=C2N=CN=C(Nc3cc(C)ccc3OC)C21,8.137808057284659,0.38477082616661545,0.8343748096079896,323.35600000000005,2.02782,87.44000000000001,2,6,3,3,0.17647058823529413,0,0.0,2.25,False,,0,,0,,1,acrylamide_like,0.6610169491525424,0.5225624480693459,0.6773862692169925,0.34177215189873417,Osimertinib,0.3389830508474576,0.6582278481012658,0.3901124360045338,0.8223676837459328,0.92,0.6725966639380608,0.3901124360045338,0.7012691959221319,0.92,0.5298875639954662,0.4701124360045338,-0.41487567989013086,7.560651818034735,0.514521868431519,-0.0,0.5193572946159838,8.594530981082238,0.0,0.0,0.42715623924992313,0.2873594549943328,0.1,0.9270156942442558,0.15,low,uncertain_prediction,7.667515286837983,False,fail,True,high_model_uncertainty,0.5026399155227033,0.9963041182682154,0.8885955649419218,0.9139387539598732,0.01583949313621964,0.40021119324181625,0.5047518479408659,0.08658922914466737,0.7415258711721224,0.5769007391763464,9.484362026488785,322,1.5,4.134796173849599,2,831,509,0,reject,C=CC(=O)NC1=NC=C2N=CN=C(Nc3cccc(C)c3)C21
C=CC(=O)NC1=NC=C2N=CN=C(Nc3cccc(C)c3N)C21,8.25147665556968,0.36907952390427823,0.5706541048634345,308.3450000000001,1.6014199999999998,104.23,3,6,3,2,0.125,0,0.0,2.1500000000000004,False,,1,aniline,0,,1,acrylamide_like,0.6666666666666666,0.531547486330095,0.6937227024183544,0.24096385542168675,Osimertinib,0.33333333333333337,0.7590361445783133,0.4295134971594254,0.6811674499825813,0.8,0.7100510629583442,0.4295134971594254,0.6551830025250878,0.8,0.37048650284057466,0.6295134971594254,-0.3008926738208831,7.6978573697132635,0.26065410486343443,-0.2,0.5511415189780826,8.30965299355478,0.0,0.0,0.4036192858564174,0.08810812855071834,0.1,0.7042274144071357,0.15,low,uncertain_prediction,7.605425579147644,False,fail,True,high_model_uncertainty,0.545934530095037,0.6636747624076029,0.9044350580781415,0.8938753959873285,0.021119324181626188,0.9218585005279831,0.5047518479408659,0.10770855332629356,0.6928458289334741,0.5933210137275607,9.141067988274948,460,1.5,4.092410795620717,2,832,372,0,reject,C=CC(=O)NC1=NC=C2N=CN=C(Nc3cccc(C)c3)C21
COC(C)(C)COc1c(-c2[nH]c3c(c2Nc2cccc(F)c2C)C(=O)NCC3)ccnc1C,8.723478046451563,0.4701787996429061,0.4850605147304438,452.53000000000026,4.6659400000000035,88.27,3,5,4,7,0.36,0,0.0,3.183533333333335,False,,0,,0,,0,,0.7808219178082192,0.6854756817622597,0.9735921486586538,0.18085106382978725,Afatinib,0.2191780821917808,0.8191489361702128,0.4767443518628564,0.5943396933581543,1.0,0.9349813455365436,0.4767443518628564,0.7515163476893886,1.0,0.5232556481371435,0.47674435186285646,-0.3663626611020428,8.018209846987203,0.04353051473044358,-0.0,0.5877728550020287,8.649513216719676,0.0,0.0,0.5552681994643591,0.2790695601714294,0.0,0.9468377596357886,0.15,low,uncertain_prediction,7.702675457083887,False,fail,True,high_model_uncertainty,0.7275607180570222,0.44931362196409713,0.162090813093981,0.32946145723336856,0.7138331573389651,0.41288278775079196,0.5047518479408659,0.03590285110876452,0.5074709609292503,0.49976240760295665,9.258478369834776,408,1.5,4.0773903462074355,2,833,425,0,reject,COC(C)(C)COc1cnccc1-c1[nH]c2c(c1Nc1cccc(F)c1C)C(=O)NCC2
CNc1ncc2ncnc(Nc3ccc(N)c(Br)c3)c2n1,8.269020664806215,0.4166878930909399,0.6265576274927883,346.192,2.5497999999999994,101.64,3,7,3,3,0.07692307692307693,0,0.0,1.9000000000000001,False,,1,aniline,0,,0,,0.68,0.5883757179639533,0.7970467599344604,0.2777777777777778,Sunvozertinib,0.31999999999999995,0.7222222222222222,0.4005736410378958,0.7215297720441105,0.88,0.7783406255064009,0.4005736410378958,0.6951110096471018,0.88,0.4794263589621042,0.5205736410378958,-0.39271649147894144,7.643988825169805,0.34924993518509595,-0.2,0.5599283566502817,8.353167117005182,0.0,0.0,0.4750318396364099,0.2242829487026303,0.0,0.8118147883390401,0.15,low,uncertain_prediction,7.541352328666141,False,fail,True,high_model_uncertainty,0.5522703273495249,0.7903907074973601,0.9767687434002112,0.8431890179514255,0.22703273495248152,0.49947201689545934,0.5047518479408659,0.06969376979936642,0.721752903907075,0.5928458289334742,9.21927060169367,428,1.5,4.0277673233863105,2,834,406,0,reject,CNc1ncc2ncnc(Nc3cccc(Br)c3)c2n1
CNc1ncc2ncnc(Nc3ccc(Cl)c(Br)c3)c2n1,8.21104441635115,0.3527258447581244,0.7381261856806935,365.62200000000007,3.6210000000000013,75.62,2,6,3,3,0.07692307692307693,0,0.0,2.004146666666667,False,,0,,0,,0,,0.68,0.5886554382436735,0.7975553422612245,0.3333333333333333,Sunvozertinib,0.31999999999999995,0.6666666666666667,0.43085301275710053,0.7788868380218175,1.0,0.764833173362585,0.43085301275710053,0.7436432560353757,1.0,0.5691469872428995,0.43085301275710053,-0.41705365770436686,7.681955649213964,0.44519649337300116,-0.0,0.543388835565306,8.670540978152271,0.0,0.0,0.37908876713718664,0.33643373405362437,0.0,0.978022501190811,0.35,medium,uncertain_prediction;agents_strongly_disagree,7.69251847696146,False,fail,True,high_model_uncertainty,0.529039070749736,0.9413938753959873,0.9329461457233369,0.8431890179514255,0.23231256599788808,0.30834213305174235,0.14889123548046462,0.12882787750791974,0.7349260823653643,0.5529303062302006,9.552452276990708,295,1.5,3.831034844437701,2,835,540,0,reject,CNc1ncc2ncnc(Nc3cccc(Br)c3)c2n1
COCCOc1c(-c2[nH]c3c(c2Nc2cccc(F)c2C)C(=O)NCC3)ccnc1Cl,8.37798595215162,0.3625493896214501,0.37463361055595684,444.89400000000023,4.232320000000002,88.27,3,5,4,7,0.2727272727272727,0,0.0,3.1326266666666687,False,,0,,0,,0,,0.7361111111111112,0.6456731383946573,0.901223887990286,0.2111111111111111,Afatinib,0.26388888888888884,0.7888888888888889,0.46571191530289,0.5355628447801353,1.0,0.8731401382149366,0.46571191530289,0.7186037245744905,1.0,0.53428808469711,0.46571191530289,-0.3371890790288006,7.834161867719446,-0.06798766217131615,-0.0,0.5807226386642381,8.346896844212367,0.0,0.0,0.3938240844321752,0.2928601058713875,0.0,0.7991841903035628,0.15,low,uncertain_prediction,7.547712653908804,False,fail,True,high_model_uncertainty,0.5966209081309398,0.04276663146779303,0.2016895459345301,0.5617740232312566,0.5126715945089757,0.38542766631467795,0.5047518479408659,0.11404435058078141,0.4196409714889124,0.4077349524815206,8.850466009999062,605,1.5,3.8119945968866293,2,836,231,0,reject,COCCOc1cnccc1-c1[nH]c2c(c1Nc1cccc(F)c1C)C(=O)NCC2
CNc1ncc2ncnc(Nc3ccc(OC)c(Br)c3)c2n1,8.084134759208416,0.3720540515296248,0.7389979395132379,361.20300000000003,2.9762000000000013,84.85000000000001,2,7,3,4,0.14285714285714285,0,0.0,2.074686666666667,False,,0,,0,,0,,0.6538461538461539,0.5705371056450996,0.7646129193547265,0.3333333333333333,Osimertinib,0.34615384615384615,0.6666666666666667,0.3855958537313666,0.7766532257066399,1.0,0.7401263561827116,0.3855958537313666,0.7255938589051796,1.0,0.6144041462686334,0.3855958537313666,-0.45333067356508383,7.526053681913979,0.4420806537989521,-0.0,0.5469224606079124,8.515056796320843,0.0,0.0,0.4080810772944372,0.3930051828357917,0.0,1.0635862601302288,0.35,medium,uncertain_prediction;agents_strongly_disagree,7.451470536190614,False,fail,True,high_model_uncertainty,0.47729672650475186,0.9445617740232313,0.9287222808870116,0.9334741288278775,0.12143611404435058,0.2365364308342133,0.14889123548046462,0.10348468848996832,0.7296990496304119,0.5269535374868004,9.390695655877337,358,1.5,3.5588147811747746,2,837,479,0,reject,CNc1ncc2ncnc(Nc3cccc(Br)c3)c2n1
COCCOc1c(-c2[nH]c3c(c2Nc2cccc(F)c2C)C(=O)NCC3)ccnc1N,8.362697086105067,0.4483356202621147,0.4325433521093688,425.4640000000002,3.1611200000000013,114.28999999999999,4,6,4,7,0.2727272727272727,0,0.0,3.003093333333335,False,,1,aniline,0,,0,,0.7361111111111112,0.6456731383946573,0.901223887990286,0.1978021978021978,Afatinib,0.26388888888888884,0.8021978021978022,0.40183933734278643,0.5723952539165631,0.88,0.876467366542165,0.40183933734278643,0.6826754894503786,0.88,0.4781606626572136,0.5218393373427864,-0.3744482028101229,7.690193655711894,0.009352079382095858,-0.2,0.5847153126569121,8.084261047750903,0.0,0.0,0.5225034303931722,0.222700828321517,0.0,0.8577042587146892,0.15,low,uncertain_prediction,7.226556789036215,False,fail,True,high_model_uncertainty,0.590285110876452,0.21752903907074975,0.38595564941921856,0.5617740232312566,0.5126715945089757,0.5026399155227033,0.5047518479408659,0.04751847940865892,0.4793822597676874,0.4588701161562831,8.65951975947213,670,1.5,3.552200928423755,2,838,168,0,reject,COCCOc1cnccc1-c1[nH]c2c(c1Nc1cccc(F)c1C)C(=O)NCC2
C=C(C)C(=O)Cc1cc2c(Nc3ccc(N)c(Br)c3)ncnc2cn1,8.069622897660635,0.37931323710288223,0.5016795814655813,398.264,3.8008000000000015,93.79,2,6,3,5,0.1111111111111111,0,0.0,2.42176,False,,1,aniline,0,,0,,0.7288135593220338,0.5654857748710518,0.7554286815837304,0.36486486486486486,Sunvozertinib,0.27118644067796616,0.6351351351351351,0.3768864584431411,0.6327791544214544,0.88,0.7253552949715816,0.3768864584431411,0.6537552269590443,0.88,0.5031135415568588,0.49688645844314117,-0.3691583580212043,7.500653042006311,0.14952669257669246,-0.2,0.5014316092415579,7.9516113438245615,0.0,0.0,0.4189698556543234,0.25389192694607354,0.0,0.7853617826003969,0.15,low,uncertain_prediction,7.166249561224165,False,fail,True,high_model_uncertainty,0.46462513199577615,0.5263991552270327,0.8220696937697993,0.6024287222808871,0.09926082365364308,0.4582893347412883,0.5047518479408659,0.09503695881731784,0.5581573389651532,0.47177930306230204,8.621400150582746,683,1.5,3.5073847248989276,2,839,156,0,reject,C=C(C)C(=O)Cc1cc2c(Nc3cccc(Br)c3)ncnc2cn1
Nc1ccc(Br)cc1Nc1ncnc2cnc(NCCN3CCOCC3)cc12,8.07217240486021,0.38144418946710756,0.4993953657519882,444.3370000000004,2.8572000000000006,101.22,3,8,4,6,0.3157894736842105,0,0.0,3.028913333333336,False,,1,aniline,0,,0,,0.7301587301587301,0.6407973546085801,0.8923588265610547,0.35294117647058826,Dacomitinib,0.2698412698412699,0.6470588235294117,0.3760321685880771,0.6081707844969269,0.88,0.8310338258031439,0.3760321685880771,0.6738091947220369,0.88,0.5039678314119229,0.4960321685880771,-0.3970360348452797,7.500006120659548,0.0766373131204089,-0.2,0.5386359251276587,7.915279358907615,0.0,0.0,0.4221662842006614,0.25495978926490365,0.0,0.7896260734655651,0.15,low,uncertain_prediction,7.125653285442049,False,fail,True,high_model_uncertainty,0.46673706441393875,0.5079197465681098,0.3368532206969377,0.5860612460401268,0.4857444561774023,0.457233368532207,0.5047518479408659,0.09186906019007392,0.47935586061246044,0.4578669482576558,8.490506391642567,723,1.5,3.4500936233512363,2,840,117,0,reject,Brc1cccc(Nc2ncnc3cnc(NCCN4CCOCC4)cc23)c1
C=C(C)C(=O)Cc1cc2c(Nc3cc(F)cc(Br)c3)ncnc2cn1,8.129384634982092,0.35327351701828036,0.6439694066478066,401.23900000000003,4.357700000000002,67.77000000000001,1,5,3,5,0.1111111111111111,0,0.0,2.4415933333333335,False,,0,,0,,0,,0.7543859649122807,0.5836709964012596,0.7884927207295629,0.33783783783783783,Sunvozertinib,0.24561403508771928,0.6621621621621622,0.41005469683272666,0.7102757377588578,1.0,0.7569100810877127,0.41005469683272666,0.7193101289198243,1.0,0.5899453031672733,0.41005469683272666,-0.4123405761161303,7.599474359454671,0.28884151775891764,-0.0,0.506298144620513,8.394614021834101,0.0,0.0,0.37991027552742057,0.3624316289590917,0.0,1.0048419044865122,0.35,medium,uncertain_prediction;agents_strongly_disagree,7.389772117347589,False,fail,True,high_model_uncertainty,0.498416050686378,0.8569165786694826,0.7946145723336854,0.455649419218585,0.19852164730728616,0.2819429778247096,0.14889123548046462,0.12777191129883844,0.6059926082365364,0.47241288278775073,9.121805151717945,467,1.5,3.43166757669289,2,841,374,0,reject,C=C(C)C(=O)Cc1cc2c(Nc3cccc(Br)c3)ncnc2cn1
COCCOc1c(-c2[nH]c3c(c2Nc2cccc(F)c2Br)C(=O)NCC3)ccnc1N,8.374095707422368,0.45517812149676573,0.3765697646929014,490.3330000000002,3.6152000000000006,114.28999999999999,4,6,4,7,0.23809523809523808,0,0.0,3.435553333333335,False,,1,aniline,0,,0,,0.7397260273972602,0.638675349319352,0.8885006351260945,0.1956521739130435,Afatinib,0.26027397260273977,0.8043478260869565,0.3998992418078561,0.5249767039144291,0.88,0.86746243286631,0.3998992418078561,0.6680845946471488,0.88,0.48010075819214393,0.5198992418078561,-0.3575804704523903,7.691328525177219,-0.11495371149757497,-0.2,0.5805527942788434,7.956927607958487,0.0,0.0,0.5327671822451486,0.2251259477401799,0.0,0.8703931299853285,0.15,low,uncertain_prediction,7.086534477973159,False,fail,True,high_model_uncertainty,0.5955649419218585,0.0454065469904963,0.05966209081309398,0.5480464625131996,0.4788806758183738,0.4963041182682154,0.5047518479408659,0.04329461457233368,0.3956441393875396,0.3964097148891235,8.431700575223536,735,1.5,3.3372261358401074,2,842,107,0,reject,COCCOc1cnccc1-c1[nH]c2c(c1Nc1cccc(F)c1Br)C(=O)NCC2
COCCOc1c(-c2[nH]c3c(c2Nc2cccc(F)c2C)C(=O)NCC3)ccnc1OC,8.45651658153894,0.42876995071016016,0.46341515758014057,440.47500000000025,3.5875200000000023,97.5,3,6,4,8,0.30434782608695654,0,0.0,3.203166666666668,False,,0,,0,,0,,0.7361111111111112,0.6499793584903512,0.9090533790733656,0.1978021978021978,Afatinib,0.26388888888888884,0.8021978021978022,0.43899017988762296,0.5816796187203593,1.0,0.8823394848544748,0.43899017988762296,0.7257523208656143,1.0,0.561009820112377,0.438990179887623,-0.3823495213039884,7.8133616554737,0.013374940188836018,-0.0,0.586672685427682,8.413409281090217,0.0,0.0,0.4931549260652402,0.32626227514047124,0.0,1.0819172012057114,0.35,medium,uncertain_prediction;agents_strongly_disagree,7.331492079884506,False,fail,True,high_model_uncertainty,0.6335797254487856,0.36061246040126715,0.14625131995776136,0.5617740232312566,0.529039070749736,0.32312565997888065,0.14889123548046462,0.061246040126715945,0.4915258711721225,0.4181362196409715,9.003240326496764,520,1.5,3.3082555434536722,2,843,323,0,reject,COCCOc1cnccc1-c1[nH]c2c(c1Nc1cccc(F)c1C)C(=O)NCC2
O=C(/C=C\Cl)Cc1cc2c(Nc3cccc(Br)c3F)ncnc2cn1,8.132470085885648,0.3846712339837203,0.612925776663183,421.65700000000004,4.534100000000002,67.77000000000001,1,5,3,5,0.058823529411764705,0,0.0,2.5777133333333335,False,,0,,0,,0,,0.6833333333333333,0.5774764188109227,0.7772298523834957,0.3424657534246575,Afatinib,0.31666666666666665,0.6575342465753424,0.38884765768280793,0.6879663566519302,1.0,0.7473059509314575,0.38884765768280793,0.7060299913165489,1.0,0.6111523423171921,0.38884765768280793,-0.4229097781783212,7.555463234910068,0.2321511296043595,-0.0,0.5340677370684767,8.321682101582903,0.0,0.0,0.42700685097558044,0.3889404278964901,0.0,1.0784472788720705,0.35,medium,uncertain_prediction;agents_strongly_disagree,7.243234822710832,False,fail,True,high_model_uncertainty,0.5015839493136219,0.7745512143611405,0.7016895459345301,0.8284054910242872,0.1610348468848997,0.24392819429778248,0.14889123548046462,0.08764519535374868,0.6515575501583949,0.47943505807814146,9.103551161772977,476,1.5,3.2935568924046024,2,844,368,0,reject,O=C(/C=C\Cl)Cc1cc2c(Nc3cccc(Br)c3)ncnc2cn1
COCCOc1c(-c2[nH]c3c(c2Nc2cccc(F)c2C)C(=O)NCC3)ccnc1F,8.550515511178086,0.45118375835572894,0.39441086177666607,428.4390000000002,3.7180200000000028,88.27,3,5,4,7,0.2727272727272727,0,0.0,3.0229266666666685,False,,0,,0,,0,,0.7681159420289855,0.6719503576803347,0.9490006503278812,0.21839080459770116,Afatinib,0.23188405797101452,0.7816091954022988,0.4468002469455111,0.5506595637207561,1.0,0.9071527865964856,0.4468002469455111,0.7261531493156882,1.0,0.5531997530544889,0.4468002469455111,-0.3724705364935694,7.873739873644492,-0.031755410950606924,-0.0,0.5760807472896164,8.418065209983501,0.0,0.0,0.5267756375335934,0.3164996913181111,0.0,1.1057753288517045,0.35,medium,uncertain_prediction;agents_strongly_disagree,7.312289881131797,False,fail,True,high_model_uncertainty,0.6642027455121436,0.09028511087645195,0.3468848996832101,0.3938753959873284,0.6462513199577613,0.34213305174234426,0.14889123548046462,0.044350580781414996,0.4477560718057022,0.40282470960929245,8.955372496150344,543,1.5,3.270679532662948,2,845,302,0,reject,COCCOc1cnccc1-c1[nH]c2c(c1Nc1cccc(F)c1C)C(=O)NCC2
C/C=C/C(=O)Cc1cc2c(Nc3cccc(Br)c3)ncnc2c(F)n1,8.10644877217886,0.366495430022132,0.5084958313972823,401.23900000000003,4.357700000000002,67.77000000000001,1,5,3,5,0.1111111111111111,0,0.0,2.4415933333333335,False,,0,,0,,0,,0.7049180327868853,0.6048163168990388,0.8269387579982522,0.2875,Sunvozertinib,0.29508196721311475,0.7125,0.3950653920292226,0.6357652713710694,1.0,0.7983290684986891,0.3950653920292226,0.7072899329747453,1.0,0.6049346079707774,0.39506539202922264,-0.4162993879273636,7.556705627145662,0.15336794250839333,-0.0,0.5532715747454647,8.26334514439952,0.0,0.0,0.3997431450331979,0.3811682599634717,0.0,1.0434114049966696,0.35,medium,uncertain_prediction;agents_strongly_disagree,7.219933739402849,False,fail,True,high_model_uncertainty,0.48785638859556496,0.5359028511087646,0.7946145723336854,0.7349524815205913,0.3183738120380148,0.25237592397043296,0.14889123548046462,0.10876451953537487,0.5928986272439283,0.4571013727560718,8.974823497092233,533,1.5,3.243455386710135,2,846,313,0,reject,C/C=C/C(=O)Cc1cc2c(Nc3cccc(Br)c3)ncnc2cn1
C=CC(=O)Cc1cc2c(Nc3cccc(Br)c3F)ncnc2cn1,8.100903779759836,0.41857101450694323,0.6714894018025248,387.21200000000005,3.967600000000002,67.77000000000001,1,5,3,5,0.058823529411764705,0,0.0,2.3480800000000004,False,,0,,0,,0,,0.6779661016949152,0.5675279522737149,0.7591417314067542,0.35135135135135137,Sunvozertinib,0.3220338983050848,0.6486486486486487,0.35722623478509874,0.7290084017606193,1.0,0.7315184607172278,0.35722623478509874,0.7044382743157365,1.0,0.6427737652149013,0.35722623478509874,-0.46294938604085034,7.473047257999421,0.32515975474370123,-0.0,0.5292952816835713,8.327502294426694,0.0,0.0,0.4778565217604149,0.4284672065186266,0.0,1.1688237282790415,0.35,medium,uncertain_prediction;agents_strongly_disagree,7.158678566147652,False,fail,True,high_model_uncertainty,0.48468848996832103,0.8864836325237593,0.8637803590285111,0.8511087645195353,0.10454065469904963,0.19957761351636746,0.14889123548046462,0.06863780359028511,0.6951953537486801,0.4986008447729672,9.161736718925109,448,1.5,3.231999579875213,2,847,399,0,reject,C=CC(=O)Cc1cc2c(Nc3cccc(Br)c3)ncnc2cn1
CN(CC(O)CO)c1cc2c(Nc3cc(F)cc(Br)c3)ncnc2cn1,8.181696989862262,0.3787849428861602,0.5620086822976459,422.25800000000004,2.4593999999999996,94.4,3,7,3,6,0.23529411764705882,0,0.0,3.0317200000000004,False,,0,,0,,0,,0.75,0.6020712030506806,0.8219476419103283,0.3026315789473684,Afatinib,0.25,0.6973684210526316,0.40527478744525336,0.6425001598790898,1.0,0.7908028366959041,0.40527478744525336,0.7096444460050617,1.0,0.5947252125547466,0.40527478744525336,-0.40582621141307795,7.613519575533021,0.13078009406235172,-0.0,0.5271974367933716,8.271497106388745,0.0,0.0,0.41817741432924027,0.3684065156934333,0.0,1.0490839300226735,0.35,medium,uncertain_prediction;agents_strongly_disagree,7.2224131763660715,False,fail,True,high_model_uncertainty,0.5174234424498416,0.6446673706441394,0.3321013727560718,0.47729672650475186,0.3004223864836325,0.2692713833157339,0.14889123548046462,0.09609292502639916,0.5070485744456178,0.40953009503695875,8.879955395723487,592,1.5,3.188849290410422,2,848,256,0,reject,CN(CC(O)CO)c1cc2c(Nc3cccc(Br)c3)ncnc2cn1
C/C=C/C(=O)Cc1cc2c(Nc3ccc(Cl)c(Br)c3)ncnc2cn1,8.02907304021091,0.3620067860242529,0.5997362677398425,417.6940000000001,4.8720000000000026,67.77000000000001,1,5,3,5,0.1111111111111111,0,0.0,2.5512933333333336,False,,0,,0,,0,,0.7288135593220338,0.6131969927105902,0.8421763503828913,0.3835616438356164,Sunvozertinib,0.27118644067796616,0.6164383561643836,0.3788635098357506,0.6817282805902467,1.0,0.7857418518282644,0.3788635098357506,0.7115834105635654,1.0,0.6211364901642493,0.3788635098357507,-0.44362653430375315,7.486062861174531,0.22815337885095352,-0.0,0.5175094927501227,8.231725732775606,0.0,0.0,0.3930101790363793,0.40142061270531165,0.0,1.0569307917416908,0.35,medium,uncertain_prediction;agents_strongly_disagree,7.174794941033916,False,fail,True,high_model_uncertainty,0.426610348468849,0.7111932418162619,0.7412882787750792,0.6024287222808871,0.35374868004223864,0.23231256599788808,0.14889123548046462,0.11615628299894404,0.5658922914466737,0.4483368532206969,8.910796482511614,570,1.5,3.1877991648987525,2,849,279,0,reject,C/C=C/C(=O)Cc1cc2c(Nc3cccc(Br)c3)ncnc2cn1
C=C(C)C(=O)Cc1cc2c(Nc3cc(C)cc(Br)c3)ncnc2cn1,7.965013198814689,0.3558399544501496,0.6412175592087311,397.27600000000007,4.527020000000003,67.77000000000001,1,5,3,5,0.15789473684210525,0,0.0,2.4151733333333336,False,,0,,0,,0,,0.7543859649122807,0.5836709964012596,0.7884927207295629,0.32,Sunvozertinib,0.24561403508771928,0.6799999999999999,0.36716533158856757,0.7097783755135201,1.0,0.7613695405471721,0.36716533158856757,0.7095783119123149,1.0,0.6328346684114324,0.36716533158856757,-0.45655064043166327,7.431253267139464,0.2947310328929416,-0.0,0.5116494959718644,8.23763379600427,0.0,0.0,0.38375993167522443,0.41604333551429057,0.0,1.062303267189515,0.35,medium,uncertain_prediction;agents_strongly_disagree,7.175330528814754,False,fail,True,high_model_uncertainty,0.3928194297782471,0.8410770855332629,0.8389651531151003,0.455649419218585,0.19852164730728616,0.2133051742344245,0.14889123548046462,0.12249208025343189,0.5619588173178458,0.4356652587117212,8.911984376785684,569,1.5,3.17312883926882,2,850,281,0,reject,C=C(C)C(=O)Cc1cc2c(Nc3cccc(Br)c3)ncnc2cn1
CN(CC(O)CO)c1cc2c(Nc3cccc(F)c3)ncnc2cn1,8.07338583643962,0.3924929792972324,0.6269193113959405,343.362,1.6968999999999996,94.4,3,7,3,6,0.23529411764705882,0,0.0,2.5500000000000003,False,,0,,0,,0,,0.7931034482758621,0.6371757378117386,0.8857740687486156,0.3424657534246575,Afatinib,0.2068965517241379,0.6575342465753424,0.36860137360184225,0.6967286981908443,1.0,0.8287141132052973,0.36860137360184225,0.723511046249496,1.0,0.6313986263981577,0.3686013736018423,-0.47321289686353823,7.484646367493771,0.26794872316064633,-0.0,0.5118072394356187,8.264402330090036,0.0,0.0,0.4387394689458486,0.4142482829976971,0.0,1.1154877519435455,0.35,medium,uncertain_prediction;agents_strongly_disagree,7.14891457814649,False,fail,True,high_model_uncertainty,0.4677930306230201,0.7940865892291447,0.750791974656811,0.26874340021119325,0.4720168954593453,0.21541710665258712,0.14889123548046462,0.08447729672650475,0.5356916578669483,0.44926082365364306,8.907232319530374,572,1.5,3.1630275665308627,2,851,279,0,reject,CN(CC(O)CO)c1cc2c(Nc3cccc(Br)c3)ncnc2cn1
CN(CC(O)CO)c1cc2c(Nc3cccc(Cl)c3)ncnc2cn1,8.122653005521158,0.40812557055850585,0.6207483445475864,359.81700000000006,2.2112,94.4,3,7,3,6,0.23529411764705882,0,0.0,2.615446666666667,False,,0,,0,,0,,0.7931034482758621,0.6372754387090467,0.8859553431073575,0.3116883116883117,Sunvozertinib,0.2068965517241379,0.6883116883116883,0.3699753519893355,0.69081748693707,1.0,0.8365444294084401,0.3699753519893355,0.7243343170837113,1.0,0.6300246480106645,0.3699753519893355,-0.4724786201258345,7.510464649683399,0.2519607563122922,-0.0,0.5210857905462078,8.2835111965419,0.0,0.0,0.4621883558377588,0.41253081001333064,0.0,1.1372191658510893,0.35,medium,uncertain_prediction;agents_strongly_disagree,7.146292030690811,False,fail,True,high_model_uncertainty,0.4963041182682154,0.7866948257655755,0.6715945089757128,0.26874340021119325,0.4730728616684266,0.21752903907074975,0.14889123548046462,0.07708553326293559,0.5351636747624076,0.44873284054910245,8.92570760625679,559,1.5,3.1597714393497345,2,852,293,0,reject,CN(CC(O)CO)c1cc2c(Nc3cccc(Br)c3)ncnc2cn1
COc1c(Br)cccc1Nc1ncnc2cnc(NCCN3CCOCC3)cc12,8.03849866133671,0.3515578401226749,0.557233208530415,459.34800000000035,3.2836000000000007,84.42999999999999,2,8,4,7,0.35,0,0.0,3.2289866666666693,False,,0,,0,,0,,0.6764705882352942,0.6224260083227255,0.8589563787685918,0.3953488372093023,Dacomitinib,0.32352941176470584,0.6046511627906976,0.3885341772483052,0.6322864698199333,1.0,0.7953800747741182,0.3885341772483052,0.7040501804605892,1.0,0.6114658227516948,0.3885341772483052,-0.4206880042830453,7.511161901152698,0.10788520853041464,-0.0,0.5417226788234748,8.160769788506588,0.0,0.0,0.37733676018401235,0.38933227843961854,0.0,1.029169038623631,0.35,medium,uncertain_prediction;agents_strongly_disagree,7.131600749882957,False,fail,True,high_model_uncertainty,0.43611404435058077,0.619324181626188,0.12249208025343189,0.8653643083421331,0.4033790918690602,0.24287222808870115,0.14889123548046462,0.12988384371700107,0.5115628299894404,0.40852692713833155,8.774645184493917,632,1.5,3.0968330624489546,2,853,221,0,reject,Brc1cccc(Nc2ncnc3cnc(NCCN4CCOCC4)cc23)c1
COCCOc1c(-c2[nH]c3c(c2Nc2cccc(F)c2Br)C(=O)NCC3)ccnc1F,8.541733810415407,0.4464610575872202,0.33987627773342377,493.30800000000016,4.172100000000001,88.27,3,5,4,7,0.23809523809523808,0,0.0,3.455386666666668,False,,0,,0,,0,,0.7714285714285715,0.6642757411365007,0.9350468020663647,0.2159090909090909,Afatinib,0.22857142857142854,0.7840909090909091,0.4479107122927975,0.5040324655738959,1.0,0.8973078288225008,0.4479107122927975,0.7123127516722986,1.0,0.5520892877072026,0.44791071229279744,-0.35253605250600145,7.872042224034576,-0.15462219845705263,-0.0,0.5718461161010067,8.28926614167853,0.0,0.0,0.5196915863808304,0.3151116096340032,0.0,1.0973031960148334,0.35,medium,uncertain_prediction;agents_strongly_disagree,7.191962945663697,False,fail,True,high_model_uncertainty,0.6589229144667371,0.01900739176346357,0.05227032734952482,0.38542766631467795,0.6071805702217529,0.34635691657866946,0.14889123548046462,0.04963041182682154,0.38524287222808873,0.3570221752903907,8.751557588352236,644,1.5,3.095389556012165,2,854,210,0,reject,COCCOc1cnccc1-c1[nH]c2c(c1Nc1cccc(F)c1Br)C(=O)NCC2
O=C(O)CCNc1c(Br)cccc1Nc1ncnc2c(F)cncc12,8.093287952787799,0.4130079233957013,0.575732072056867,406.2150000000001,3.5566000000000013,100.03,3,6,3,6,0.125,0,0.0,2.5747666666666675,False,,0,,0,,0,,0.7,0.5899141198768064,0.7998438543214661,0.2727272727272727,Afatinib,0.30000000000000004,0.7272727272727273,0.3592164418199589,0.6676231524517897,1.0,0.7817010725592815,0.3592164418199589,0.7021351667077576,1.0,0.6407835581800412,0.3592164418199588,-0.45722496651706473,7.4737760676942475,0.20201707205686692,-0.0,0.5531427817621848,8.2289359215133,0.0,0.0,0.4695118850935519,0.4259794477250515,0.0,1.1579913328186033,0.35,medium,uncertain_prediction;agents_strongly_disagree,7.0709445886946956,False,fail,True,high_model_uncertainty,0.4804646251319958,0.6742344244984161,0.7085533262935586,0.7550158394931362,0.23812038014783526,0.20274551214361142,0.14889123548046462,0.07391763463569166,0.6083421330517423,0.4543030623020063,8.95894648117539,539,1.5,3.0911082634571034,2,855,316,0,reject,O=C(O)CCNc1c(Br)cccc1Nc1ncnc2ccncc12
CN(CC(O)CO)c1cc2c(Nc3ccc(F)c(Br)c3)ncnc2cn1,8.381339826226567,0.4860976253444196,0.5620086822976459,422.25800000000004,2.4593999999999996,94.4,3,7,3,6,0.23529411764705882,0,0.0,3.0317200000000004,False,,0,,0,,0,,0.7377049180327869,0.5928934439051652,0.8052608071003002,0.33766233766233766,Sunvozertinib,0.2622950819672131,0.6623376623376623,0.38006661881554804,0.6425001598790898,1.0,0.7695300209096408,0.38006661881554804,0.6980241999010697,1.0,0.619933381184452,0.38006661881554804,-0.4239434414473622,7.6521933882099376,0.13078009406235172,-0.0,0.5180492873616196,8.301022769633908,0.0,0.0,0.5791464380166294,0.399916726480565,0.0,1.2415631644971943,0.35,medium,uncertain_prediction;agents_strongly_disagree,7.059459605136714,False,fail,True,high_model_uncertainty,0.5987328405491025,0.6446673706441394,0.3321013727560718,0.5527983104540655,0.2571277719112988,0.23336853220696938,0.14889123548046462,0.028511087645195353,0.5587381203801479,0.4301742344244984,8.971508514090086,535,1.5,3.0506686864461123,2,856,321,0,reject,CN(CC(O)CO)c1cc2c(Nc3cccc(Br)c3)ncnc2cn1
C/C=C/C(=O)Cc1ccc2ncnc(Nc3cccc(F)c3)c2c1,7.754098025669182,0.3611311384900469,0.7156067556045983,321.3550000000001,4.200200000000003,54.88,1,4,3,5,0.10526315789473684,0,0.0,2.1,False,,0,,0,,0,,0.7857142857142857,0.6643554987817283,0.9351918159667786,0.34615384615384615,Osimertinib,0.2142857142857143,0.6538461538461539,0.31073270947426274,0.7628144848132983,1.0,0.8648554004366223,0.31073270947426274,0.7346006486810458,1.0,0.6892672905257373,0.3107327094742627,-0.5651572522757107,7.212401317934112,0.41113307139407196,-0.0,0.5263803715741122,8.149914760902295,0.0,0.0,0.3916967077350703,0.48658411315717165,0.0,1.1407808208922419,0.35,medium,uncertain_prediction;agents_strongly_disagree,7.009133940010053,False,fail,True,high_model_uncertainty,0.30623020063357975,0.928194297782471,0.9186906019007391,0.31203801478352694,0.6082365364308342,0.14994720168954592,0.14889123548046462,0.11826821541710665,0.5236536430834213,0.4507919746568109,8.7782991326024,631,1.5,3.025084309598226,2,857,226,0,reject,C/C=C/C(=O)Cc1ccc2ncnc(Nc3cccc(Br)c3)c2c1
O=C(O)CCNc1c(Br)cccc1Nc1ncnc2c(Cl)cncc12,8.102120428148464,0.41921056801110057,0.550306281629012,422.6700000000001,4.070900000000002,100.03,3,6,3,6,0.125,0,0.0,2.6844666666666672,False,,0,,0,,0,,0.7,0.5899141198768064,0.7998438543214661,0.24691358024691357,Sunvozertinib,0.30000000000000004,0.7530864197530864,0.3570827094293455,0.6494197369472386,1.0,0.7881544956793711,0.3570827094293455,0.6986642355139887,1.0,0.6429172905706545,0.3570827094293455,-0.4554420347795245,7.473304576131813,0.1601362816290119,-0.0,0.5608868895062925,8.194327747267117,0.0,0.0,0.4788158520166509,0.42864661321331815,0.0,1.169962465229969,0.35,medium,uncertain_prediction;agents_strongly_disagree,7.024365282037148,False,fail,True,high_model_uncertainty,0.48680042238648363,0.614572333685322,0.6166842661034847,0.7550158394931362,0.23812038014783526,0.19746568109820486,0.14889123548046462,0.0675818373812038,0.585480464625132,0.43722280887011616,8.896904304817275,582,1.5,3.024032652681287,2,858,276,0,reject,O=C(O)CCNc1c(Br)cccc1Nc1ncnc2ccncc12
COCCOc1c(-c2[nH]c3c(c2Nc2cccc(F)c2C)C(=O)NCC3)ccnc1C,8.660706915643244,0.6143653163180667,0.5010771966005142,424.4760000000002,3.8873400000000027,88.27,3,5,4,7,0.30434782608695654,0,0.0,2.9965066666666687,False,,0,,0,,0,,0.7571428571428571,0.6629564821143769,0.9326481492988669,0.20224719101123595,Afatinib,0.24285714285714288,0.797752808988764,0.3601210074881644,0.6103422017200264,1.0,0.8989243142213411,0.3601210074881644,0.717346880857383,1.0,0.6398789925118356,0.36012100748816445,-0.4763011644922915,7.739158941166144,0.08203597920920959,-0.0,0.5817735943070602,8.402968514682414,0.0,0.0,0.7715479744771001,0.42484874063979444,0.0,1.4588967151168946,0.35,medium,uncertain_prediction;agents_strongly_disagree,6.944071799565519,False,fail,True,high_model_uncertainty,0.7032734952481521,0.5163674762407603,0.39334741288278774,0.44667370644139387,0.6019007391763463,0.20591341077085534,0.14889123548046462,0.010559662090813094,0.5680834213305175,0.4686378035902851,9.084668620279034,484,1.5,2.9814371638738617,2,859,375,0,reject,COCCOc1cnccc1-c1[nH]c2c(c1Nc1cccc(F)c1C)C(=O)NCC2
C=C(C)C(=O)Cc1cc2c(Nc3ccc(OC)c(Br)c3)ncnc2cn1,7.895990829272457,0.35338109520107797,0.6099665391449961,413.27500000000003,4.227200000000003,77.0,1,6,3,6,0.15789473684210525,0,0.0,2.6218333333333335,False,,0,,0,,0,,0.7049180327868853,0.5484432196263572,0.7244422175024676,0.4155844155844156,Osimertinib,0.29508196721311475,0.5844155844155844,0.3516309406773598,0.6846418529400042,1.0,0.6894355592307468,0.3516309406773598,0.6814270882120277,1.0,0.6483690593226402,0.3516309406773598,-0.43972819671289054,7.36591918647084,0.23248101282920663,-0.0,0.4892221149461939,8.087622314246241,0.0,0.0,0.380071642801617,0.4354613241533003,0.0,1.0780329669549173,0.35,medium,uncertain_prediction;agents_strongly_disagree,7.009589347291324,False,fail,True,high_model_uncertainty,0.3600844772967265,0.7639915522703273,0.6626187961985216,0.7349524815205913,0.059134107708553325,0.18796198521647306,0.14889123548046462,0.12671594508975711,0.5612196409714889,0.4083157338965153,8.761085883412028,639,1.5,2.9745682279671417,2,860,221,0,reject,C=C(C)C(=O)Cc1cc2c(Nc3cccc(Br)c3)ncnc2cn1
C/C=C/C(=O)Cc1cc2c(Nc3cccc(Br)c3F)ncnc2cn1,8.232053242004824,0.5193382651946264,0.6439694066478066,401.23900000000003,4.357700000000002,67.77000000000001,1,5,3,5,0.1111111111111111,0,0.0,2.4415933333333335,False,,0,,0,,0,,0.6885245901639344,0.5746632316234264,0.7721149665880478,0.3561643835616438,Afatinib,0.3114754098360656,0.6438356164383562,0.31947652486496747,0.7102757377588578,1.0,0.7400451290506248,0.31947652486496747,0.6924493479186125,1.0,0.6805234751350325,0.31947652486496747,-0.49729709740486006,7.453045844212884,0.28884151775891764,-0.0,0.5263433610047483,8.26823072297655,0.0,0.0,0.6290073977919397,0.4756543439187907,0.0,1.3671617417107302,0.35,medium,uncertain_prediction;agents_strongly_disagree,6.90106898126582,False,fail,True,high_model_uncertainty,0.5385427666314678,0.8569165786694826,0.7946145723336854,0.8062302006335798,0.14413938753959873,0.15945089757127773,0.14889123548046462,0.022175290390707498,0.6941657866948258,0.4965417106652587,9.101229667010342,477,1.5,2.971919034064131,2,861,384,0,reject,C/C=C/C(=O)Cc1cc2c(Nc3cccc(Br)c3)ncnc2cn1
C=C(C)C(=O)Cc1cc2c(Nc3cccc(Br)c3F)ncnc2cn1,8.108508605405861,0.46552162277092274,0.6439694066478066,401.23900000000003,4.357700000000002,67.77000000000001,1,5,3,5,0.1111111111111111,0,0.0,2.4415933333333335,False,,0,,0,,0,,0.7,0.5510819801286821,0.7292399638703311,0.3611111111111111,Afatinib,0.30000000000000004,0.6388888888888888,0.3262620154118194,0.7102757377588578,1.0,0.7066521951249706,0.3262620154118194,0.6857974870739119,1.0,0.6737379845881806,0.32626201541181943,-0.47938062888279004,7.410226171249477,0.28884151775891764,-0.0,0.5089766576342494,8.208044346642644,0.0,0.0,0.5482824341563841,0.4671724807352257,0.0,1.2779549148916098,0.35,medium,uncertain_prediction;agents_strongly_disagree,6.930089431751035,False,fail,True,high_model_uncertainty,0.4910242872228089,0.8569165786694826,0.7946145723336854,0.7550158394931362,0.06335797254487856,0.1678986272439282,0.14889123548046462,0.03695881731784583,0.6625395987328405,0.47067053854276664,9.003091865122054,521,1.5,2.969894078002355,2,862,341,0,reject,C=C(C)C(=O)Cc1cc2c(Nc3cccc(Br)c3)ncnc2cn1
CN(CC(O)CO)c1cc2c(Nc3cc(Cl)cc(Br)c3)ncnc2cn1,8.059194736836233,0.38117385133518195,0.5444776838281217,438.7130000000001,2.973700000000001,94.4,3,7,3,6,0.23529411764705882,0,0.0,3.141420000000001,False,,0,,0,,0,,0.75,0.6020712030506806,0.8219476419103283,0.275,Sunvozertinib,0.25,0.725,0.3729769882744308,0.6286388799516207,1.0,0.7977107314327463,0.3729769882744308,0.6998316499146995,1.0,0.6270230117255692,0.3729769882744308,-0.43580621552035825,7.48743395983346,0.09679409559282745,-0.0,0.5354869104775821,8.119714965903869,0.0,0.0,0.42176077700277287,0.4087787646569615,0.0,1.0930395416597343,0.35,medium,uncertain_prediction;agents_strongly_disagree,7.026675424244135,False,fail,True,high_model_uncertainty,0.457233368532207,0.6082365364308342,0.17740232312565998,0.47729672650475186,0.3004223864836325,0.22280887011615627,0.14889123548046462,0.09292502639915523,0.44947201689545935,0.36573389651531146,8.65908138617842,671,1.5,2.9405561000625084,2,863,192,0,reject,CN(CC(O)CO)c1cc2c(Nc3cccc(Br)c3)ncnc2cn1
C/C=C/C(=O)Cc1ccc2ncnc(Nc3cccc(Br)c3F)c2c1,8.048829957533089,0.44972834930926153,0.6153130938824319,400.2510000000001,4.9627000000000026,54.88,1,4,3,5,0.10526315789473684,0,0.0,2.435006666666667,False,,0,,0,,0,,0.6885245901639344,0.5837846047089938,0.7886992812890796,0.375,Afatinib,0.3114754098360656,0.625,0.3223976448667892,0.694768099071235,1.0,0.7477744609668098,0.3223976448667892,0.6912350512262085,1.0,0.6776023551332109,0.3223976448667891,-0.4917832084792258,7.3742374335691965,0.26058840967190555,-0.0,0.5248387547484994,8.159664597989602,0.0,0.0,0.5245925239638923,0.4720029439165136,0.0,1.2590954678804058,0.35,medium,uncertain_prediction;agents_strongly_disagree,6.900569130109196,False,fail,True,high_model_uncertainty,0.44139387539598735,0.7808870116156283,0.8051742344244984,0.8062302006335798,0.2006335797254488,0.16261879619852165,0.14889123548046462,0.0454065469904963,0.6368268215417108,0.4641763463569165,8.923856783839655,561,1.5,2.9325807457374964,2,864,303,0,reject,C/C=C/C(=O)Cc1ccc2ncnc(Nc3cccc(Br)c3)c2c1
O=C(/C=C\Cl)Cc1cc2c(Nc3cccc(Br)c3)ncnc2c(F)n1,8.161240107831505,0.44576206006831415,0.483982933306684,421.65700000000004,4.534100000000002,67.77000000000001,1,5,3,5,0.058823529411764705,0,0.0,2.5777133333333335,False,,0,,0,,0,,0.7166666666666667,0.6083032799801895,0.8332786908730717,0.32051282051282054,Sunvozertinib,0.2833333333333333,0.6794871794871795,0.3532765849100563,0.6170477928058558,1.0,0.7948308130265986,0.3532765849100563,0.6912887976856277,1.0,0.6467234150899437,0.3532765849100563,-0.45068295036742845,7.492597017729033,0.10320828624786046,-0.0,0.5396658265644217,8.135471130541315,0.0,0.0,0.5186430901024712,0.4334042688624296,0.0,1.2145473589649007,0.35,medium,uncertain_prediction;agents_strongly_disagree,6.9209237715764145,False,fail,True,high_model_uncertainty,0.5121436114044351,0.44508975712777193,0.7016895459345301,0.6631467793030623,0.32576557550158397,0.1921858500527983,0.14889123548046462,0.050686378035902854,0.5573653643083423,0.42610876451953533,8.804309567711327,621,1.5,2.907254288999857,2,865,244,0,reject,O=C(/C=C\Cl)Cc1cc2c(Nc3cccc(Br)c3)ncnc2cn1
Cc1cncc2c(Nc3cccc(Br)c3NCCC(=O)O)ncnc12,8.11346534824136,0.4750165991807701,0.5778289525438194,402.2520000000002,3.7259200000000003,100.03,3,6,3,6,0.17647058823529413,0,0.0,2.548346666666668,False,,0,,0,,0,,0.7,0.5899141198768064,0.7998438543214661,0.24050632911392406,Afatinib,0.30000000000000004,0.759493670886076,0.32085471763380113,0.6697925905657673,1.0,0.7897563084626186,0.32085471763380113,0.6951009041655468,1.0,0.6791452823661989,0.32085471763380113,-0.49899491537566076,7.400940449470205,0.2132240113673486,-0.0,0.5628090648461893,8.176973525683742,0.0,0.0,0.5625248987711552,0.4739316029577486,0.0,1.2989565017289038,0.35,medium,uncertain_prediction;agents_strongly_disagree,6.878017023954838,False,fail,True,high_model_uncertainty,0.49208025343189016,0.6795142555438226,0.7534318901795143,0.7550158394931362,0.23812038014783526,0.16050686378035903,0.14889123548046462,0.03484688489968321,0.6213569165786694,0.45689017951425553,8.922601825578145,562,1.5,2.901285239371944,2,866,304,0,reject,O=C(O)CCNc1c(Br)cccc1Nc1ncnc2ccncc12
C/C=C/C(=O)Cc1cc2c(Nc3cccc(Br)c3Cl)ncnc2cn1,7.821675199863249,0.3624969342645785,0.5997362677398425,417.6940000000001,4.8720000000000026,67.77000000000001,1,5,3,5,0.1111111111111111,0,0.0,2.5512933333333336,False,,0,,0,,0,,0.6885245901639344,0.5795670777772726,0.7810310505041318,0.32,Afatinib,0.3114754098360656,0.6799999999999999,0.3266709459806074,0.6817282805902467,1.0,0.7557732878780987,0.3266709459806074,0.6910431286122383,1.0,0.6733290540193926,0.3266709459806074,-0.4858295768421744,7.277929798466381,0.22815337885095352,-0.0,0.5394216970522625,8.045504874369596,0.0,0.0,0.3937454013968678,0.4666613175242407,0.0,1.1229067189211084,0.35,medium,uncertain_prediction;agents_strongly_disagree,6.9225981554484886,False,fail,True,high_model_uncertainty,0.3273495248152059,0.7111932418162619,0.7412882787750792,0.8062302006335798,0.17740232312565998,0.1700105596620908,0.14889123548046462,0.11510031678986272,0.5619852164730729,0.4150211193241816,8.719887134137284,655,1.5,2.895623498637507,2,867,212,0,reject,C/C=C/C(=O)Cc1cc2c(Nc3cccc(Br)c3)ncnc2cn1
C/C=C/C(=O)Cc1cc2c(Nc3ccc(OC)c(Br)c3)ncnc2cn1,7.843120070413302,0.37570298879122155,0.6099665391449961,413.27500000000003,4.227200000000003,77.0,1,6,3,6,0.15789473684210525,0,0.0,2.6218333333333335,False,,0,,0,,0,,0.7049180327868853,0.5941020311847531,0.8074582385177329,0.3974358974358974,Osimertinib,0.29508196721311475,0.6025641025641026,0.3227879254494704,0.6846418529400042,1.0,0.7562347045293253,0.3227879254494704,0.6909161207297,1.0,0.6772120745505297,0.3227879254494703,-0.49083759370697283,7.279565587226469,0.23248101282920663,-0.0,0.5154206756445656,8.027467275700241,0.0,0.0,0.41355448318683236,0.4715150931881621,0.0,1.1475695763749945,0.35,medium,uncertain_prediction;agents_strongly_disagree,6.879897699325246,False,fail,True,high_model_uncertainty,0.33896515311510034,0.7639915522703273,0.6626187961985216,0.7349524815205913,0.26187961985216474,0.16367476240760295,0.14889123548046462,0.09926082365364308,0.5517159450897572,0.4184530095036959,8.68952640980795,664,1.5,2.857041310729681,2,868,204,0,reject,C/C=C/C(=O)Cc1cc2c(Nc3cccc(Br)c3)ncnc2cn1
CN(CC(O)CO)c1cc2c(Nc3ccc(Cl)c(Br)c3)ncnc2cn1,8.042500020972597,0.39424542551003433,0.5444776838281217,438.7130000000001,2.973700000000001,94.4,3,7,3,6,0.23529411764705882,0,0.0,3.141420000000001,False,,0,,0,,0,,0.75,0.6020712030506806,0.8219476419103283,0.3246753246753247,Sunvozertinib,0.25,0.6753246753246753,0.3596532073861251,0.6286388799516207,1.0,0.7852919002639152,0.3596532073861251,0.6933959969004153,1.0,0.6403467926138748,0.35965320738612516,-0.44499038601905355,7.451131882707545,0.09679409559282745,-0.0,0.5205843130749847,8.068510291375356,0.0,0.0,0.44136813826505145,0.42543349076734355,0.0,1.129301629032395,0.35,medium,uncertain_prediction;agents_strongly_disagree,6.939208662342961,False,fail,True,high_model_uncertainty,0.4382259767687434,0.6082365364308342,0.17740232312565998,0.47729672650475186,0.3004223864836325,0.20485744456177402,0.14889123548046462,0.08236536430834214,0.4409186906019008,0.35770855332629353,8.597612720097636,693,1.5,2.843458926334513,2,869,176,0,reject,CN(CC(O)CO)c1cc2c(Nc3cccc(Br)c3)ncnc2cn1
CN(CC(O)CO)c1cc2c(Nc3cccc(Br)c3F)ncnc2cn1,8.159432862098825,0.48542754814236366,0.5620086822976459,422.25800000000004,2.4593999999999996,94.4,3,7,3,6,0.23529411764705882,0,0.0,3.0317200000000004,False,,0,,0,,0,,0.6984126984126984,0.5827987600512842,0.7869068364568802,0.3835616438356164,Afatinib,0.3015873015873016,0.6164383561643836,0.3250589318250517,0.6425001598790898,1.0,0.7442897163837561,0.3250589318250517,0.6779622020219744,1.0,0.6749410681749484,0.32505893182505163,-0.47053769359589687,7.4312915398852795,0.13078009406235172,-0.0,0.5173725016778209,8.079444135625451,0.0,0.0,0.5781413222135455,0.46867633521868546,0.0,1.309317657432231,0.35,medium,uncertain_prediction;agents_strongly_disagree,6.7701264781932196,False,fail,True,high_model_uncertainty,0.5100316789862724,0.6446673706441394,0.3321013727560718,0.76610348468849,0.1900739176346357,0.16578669482576558,0.14889123548046462,0.03167898627243928,0.5614836325237593,0.4115892291446674,8.753224494653962,643,1.5,2.73903355316682,2,870,227,0,reject,CN(CC(O)CO)c1cc2c(Nc3cccc(Br)c3)ncnc2cn1
COCCOc1c(-c2[nH]c3c(c2Nc2cccc(F)c2Br)C(=O)NCC3)ccnc1C,8.646211944705344,0.6115059777683927,0.4301239908832108,489.3450000000002,4.341420000000002,88.27,3,5,4,7,0.2727272727272727,0,0.0,3.4289666666666685,False,,0,,0,,0,,0.75,0.6512583829261599,0.9113788780475633,0.1978021978021978,Afatinib,0.25,0.8021978021978022,0.3584988017384612,0.5546848616524325,1.0,0.884083609085123,0.3584988017384612,0.6993168181190041,1.0,0.6415011982615388,0.35849880173846116,-0.4544240218407239,7.728952978052755,-0.05694828184406221,-0.0,0.5810040601712315,8.253008756379923,0.0,0.0,0.7672589666525891,0.42687649782692355,0.0,1.4566354644795125,0.35,medium,uncertain_prediction;agents_strongly_disagree,6.7963732919004105,False,fail,True,high_model_uncertainty,0.6927138331573389,0.2085533262935586,0.06705385427666315,0.47729672650475186,0.53220696937698,0.2006335797254488,0.14889123548046462,0.012671594508975714,0.4589493136219641,0.3823389651531151,8.80374793272628,623,1.5,2.730180050084149,2,871,248,0,reject,COCCOc1cnccc1-c1[nH]c2c(c1Nc1cccc(F)c1Br)C(=O)NCC2
C=CC(=O)Cc1cc2c(Nc3cccc(Br)c3OC)ncnc2cn1,7.667857379672877,0.375139563092016,0.6351545093338238,399.2480000000001,3.837100000000002,77.0,1,6,3,6,0.1111111111111111,0,0.0,2.528320000000001,False,,0,,0,,0,,0.6451612903225806,0.5547795836427137,0.7359628793503885,0.3625,Osimertinib,0.3548387096774194,0.6375,0.279366650753808,0.7020919032105262,1.0,0.7113471595127914,0.279366650753808,0.6732014283692813,1.0,0.720633349246192,0.27936665075380795,-0.5251130368206312,7.105148035034853,0.2670176204449348,-0.0,0.5349181391924358,7.907083794672223,0.0,0.0,0.41270934463802406,0.5257916865577401,0.0,1.2010010311957642,0.35,medium,uncertain_prediction;agents_strongly_disagree,6.706082763476459,False,fail,True,high_model_uncertainty,0.2692713833157339,0.8120380147835269,0.7740232312565998,0.9487856388595565,0.07286166842661035,0.1351636747624076,0.14889123548046462,0.1003167898627244,0.5894403379091869,0.4155755015839493,8.614412200163247,684,1.5,2.679773365377198,2,872,188,0,reject,C=CC(=O)Cc1cc2c(Nc3cccc(Br)c3)ncnc2cn1
Cc1ccc(Nc2ncnc3cnc(N(C)CC(O)CO)cc23)cc1Br,7.927779063917902,0.41632032233803706,0.5667005143084466,418.2950000000001,2.6287200000000004,94.4,3,7,3,6,0.2777777777777778,0,0.0,3.005300000000001,False,,0,,0,,0,,0.75,0.6020712030506806,0.8219476419103283,0.2857142857142857,Afatinib,0.25,0.7142857142857143,0.31552054034284965,0.6460968213311841,1.0,0.7950321600041749,0.31552054034284965,0.6891623804195521,1.0,0.6844794596571504,0.3155205403428496,-0.49818912010226996,7.303298580410846,0.14368329208622427,-0.0,0.5322726247632964,7.979254497260366,0.0,0.0,0.47448048350705563,0.480599324571438,0.0,1.2175798080784936,0.35,medium,uncertain_prediction;agents_strongly_disagree,6.761674689181873,False,fail,True,high_model_uncertainty,0.37486800422386485,0.6583949313621964,0.3801478352692714,0.47729672650475186,0.3004223864836325,0.15417106652587118,0.14889123548046462,0.07180570221752904,0.4528511087645196,0.36090285110876447,8.522675827777789,713,1.5,2.66975811051239,2,873,160,0,reject,CN(CC(O)CO)c1cc2c(Nc3cccc(Br)c3)ncnc2cn1
C/C=C/C(=O)Cc1ccc2ncnc(Nc3cccc(Br)c3)c2c1Cl,8.058787016439547,0.3535429628708603,0.559782802309578,416.70600000000013,5.477000000000003,54.88,1,4,3,5,0.10526315789473684,1,0.45,2.5447066666666673,False,,0,,0,,0,,0.6612903225806451,0.5912284142327474,0.802233480423177,0.2911392405063291,Sunvozertinib,0.33870967741935487,0.7088607594936709,0.39221668010028465,0.6100072079369345,1.0,0.7788903001908005,0.39221668010028465,0.6952785470570049,1.0,0.6077833198997153,0.39221668010028465,-0.40408248927562707,7.528472572133257,-0.5113968819009485,-0.0,0.5656359527926051,7.582711643024914,0.0,0.0,0.38031444430629047,0.3847291498746442,0.0,1.0275435941809345,0.35,medium,uncertain_prediction;agents_strongly_disagree,6.55516804884398,False,fail,True,high_model_uncertainty,0.4551214361140444,0.6309398099260823,0.7655755015839493,0.9086589229144667,0.24604012671594508,0.2470960929250264,0.14889123548046462,0.12565997888067582,0.6275607180570222,0.4690865892291447,8.33578450469334,759,1.5,2.593071955918953,2,874,115,0,reject,C/C=C/C(=O)Cc1ccc2ncnc(Nc3cccc(Br)c3)c2c1
C/C=C/C(=O)Cc1ccc2ncnc(Nc3cccc(Cl)c3)c2c1,7.550089590601853,0.4055064988787842,0.6846344752189704,337.8100000000001,4.714500000000003,54.88,1,4,3,5,0.10526315789473684,0,0.0,2.1,False,,0,,0,,0,,0.7857142857142857,0.6592463717976014,0.925902494177457,0.36363636363636365,Osimertinib,0.2142857142857143,0.6363636363636364,0.22866784843531424,0.7457797306012031,1.0,0.8535177797240018,0.22866784843531424,0.7069913396901297,1.0,0.7713321515646858,0.22866784843531418,-0.6377646550064207,6.941829842283676,0.380160791008444,-0.0,0.5188132858820266,7.840803919174146,0.0,0.0,0.45825974831817634,0.5891651894558573,0.0,1.3099249377740336,0.35,medium,uncertain_prediction;agents_strongly_disagree,6.530878981400113,False,fail,True,high_model_uncertainty,0.23125659978880675,0.9091869060190074,0.9186906019007391,0.31203801478352694,0.5776135163674763,0.11721224920802534,0.14889123548046462,0.0781414994720169,0.4861140443505808,0.41710665258711715,8.424140772394843,739,1.5,2.506406964504654,2,875,136,0,reject,C/C=C/C(=O)Cc1ccc2ncnc(Nc3cccc(Br)c3)c2c1
CN(CC(O)CO)c1cc2c(Nc3cc(Br)ccc3F)ncnc2cn1,7.972379769989865,0.465176602861649,0.5620086822976459,422.25800000000004,2.4593999999999996,94.4,3,7,3,6,0.23529411764705882,0,0.0,3.0317200000000004,False,,0,,0,,0,,0.7213114754098361,0.57774945139431,0.7777262752623817,0.39436619718309857,Afatinib,0.2786885245901639,0.6056338028169015,0.2924713204943119,0.6425001598790898,1.0,0.7347031571510116,0.2924713204943119,0.6674186593811033,1.0,0.7075286795056881,0.2924713204943119,-0.4999297851823886,7.274614865697392,0.13078009406235172,-0.0,0.5015315457262396,7.906926505485982,0.0,0.0,0.5477649042924735,0.5094108493821101,0.0,1.3196757536745836,0.35,medium,uncertain_prediction;agents_strongly_disagree,6.587250751811399,False,fail,True,high_model_uncertainty,0.3991552270327349,0.6446673706441394,0.3321013727560718,0.6420274551214361,0.16367476240760295,0.14044350580781415,0.14889123548046462,0.03801478352692714,0.48677402323125657,0.3610612460401267,8.49105533336349,722,1.5,2.495524247059551,2,876,154,0,reject,CN(CC(O)CO)c1cc2c(Nc3cccc(Br)c3)ncnc2cn1
C/C=C/C(=O)Cc1cc2c(Nc3cccc(Br)c3OC)ncnc2cn1,7.813197735049048,0.4632195327423227,0.6099665391449961,413.2750000000001,4.2272000000000025,77.0,1,6,3,6,0.15789473684210525,0,0.0,2.6218333333333343,False,,0,,0,,0,,0.6666666666666666,0.5657652215114901,0.7559367663845273,0.32894736842105265,Afatinib,0.33333333333333337,0.6710526315789473,0.25404576084263614,0.6846418529400042,1.0,0.7347157326831323,0.25404576084263614,0.6683508366164431,1.0,0.7459542391573639,0.2540457608426361,-0.5524067676984092,7.118368435935564,0.23248101282920647,-0.0,0.5402999810698161,7.891149429834586,0.0,0.0,0.544829299113484,0.5574427989467049,0.0,1.364772098060189,0.35,medium,uncertain_prediction;agents_strongly_disagree,6.526377331774397,False,fail,True,high_model_uncertainty,0.3252375923970433,0.7639915522703273,0.6552270327349525,0.8938753959873285,0.10137275607180571,0.12777191129883844,0.14889123548046462,0.04012671594508976,0.5762143611404436,0.4068901795142556,8.58260666320312,700,1.5,2.489645547191504,2,877,177,0,reject,C/C=C/C(=O)Cc1cc2c(Nc3cccc(Br)c3)ncnc2cn1
Cc1ccc(N)c(Nc2ncnc3cnc(NCCN4CCOCC4)cc23)c1,7.569098926102083,0.3601438933169659,0.5614388525311587,379.46800000000025,2.4031200000000004,101.22,3,8,4,6,0.35,0,0.0,2.596453333333335,False,,1,aniline,0,,0,,0.71875,0.6189133986928105,0.8525698158051098,0.36470588235294116,Dacomitinib,0.28125,0.6352941176470588,0.26517400620364473,0.6589277791485475,0.88,0.7982508912655971,0.26517400620364473,0.6505881691544474,0.88,0.6148259937963553,0.3851740062036447,-0.5138855506010702,7.028883086126634,0.2069708525311584,-0.2,0.530293189245395,7.5661471279031876,0.0,0.0,0.3902158399754488,0.3935324922454441,0.0,1.0462483322208929,0.35,medium,uncertain_prediction;agents_strongly_disagree,6.519898795682295,False,fail,True,high_model_uncertainty,0.2365364308342133,0.6393875395987328,0.6847940865892291,0.6546990496304118,0.3833157338965153,0.235480464625132,0.14889123548046462,0.11932418162618796,0.46797782470960936,0.3835533262935586,8.12772051755472,782,1.5,2.455162787234565,2,878,96,0,reject,Cc1cccc(Nc2ncnc3cnc(NCCN4CCOCC4)cc23)c1
C=C(C)C(=O)Cc1cc2c(Nc3cccc(Br)c3OC)ncnc2cn1,7.743517141285054,0.43911016525629865,0.6099665391449961,413.2750000000001,4.2272000000000025,77.0,1,6,3,6,0.15789473684210525,0,0.0,2.6218333333333343,False,,0,,0,,0,,0.6666666666666666,0.5327380709377035,0.6958874017049154,0.3466666666666667,Afatinib,0.33333333333333337,0.6533333333333333,0.2535021696418544,0.6846418529400042,1.0,0.6852488846120198,0.2535021696418544,0.6558482267984697,1.0,0.7464978303581455,0.25350216964185446,-0.5364614095421536,7.0848518934006055,0.23248101282920647,-0.0,0.5199718504262288,7.8373047566560405,0.0,0.0,0.508665247884448,0.5581222879476819,0.0,1.3292875358321299,0.35,medium,uncertain_prediction;agents_strongly_disagree,6.508017220823911,False,fail,True,high_model_uncertainty,0.30306230200633577,0.7639915522703273,0.6552270327349525,0.8938753959873285,0.024287222808870117,0.12565997888067582,0.14889123548046462,0.054910242872228086,0.5662354804646252,0.39305702217529037,8.51678733321359,714,1.5,2.4546856474342587,2,879,165,0,reject,C=C(C)C(=O)Cc1cc2c(Nc3cccc(Br)c3)ncnc2cn1
C/C=C/C(=O)Cc1cc(Cl)c2ncnc(Nc3cccc(Br)c3)c2c1,7.968069863510556,0.37296639617383526,0.559782802309578,416.7060000000001,5.477000000000003,54.88,1,4,3,5,0.10526315789473684,1,0.45,2.5447066666666673,False,,0,,0,,0,,0.7166666666666667,0.6190052431228902,0.852736805677982,0.3076923076923077,Sunvozertinib,0.2833333333333333,0.6923076923076923,0.3559409885559544,0.6100072079369345,1.0,0.8126295273354096,0.3559409885559544,0.6946444309570746,1.0,0.6440590114440456,0.35594098855595435,-0.45160458986816027,7.408620269249804,-0.5113968819009485,-0.0,0.5483765091118031,7.445599896460658,0.0,0.0,0.40944959426075284,0.43007376430505706,0.0,1.10202335856581,0.35,medium,uncertain_prediction;agents_strongly_disagree,6.343576537894848,False,fail,True,high_model_uncertainty,0.3938753959873284,0.6309398099260823,0.7655755015839493,0.6631467793030623,0.38542766631467795,0.19640971488912354,0.14889123548046462,0.10242872228088701,0.5508975712777191,0.433870116156283,8.106676981993921,785,1.5,2.3392206772823876,2,880,95,0,reject,C/C=C/C(=O)Cc1ccc2ncnc(Nc3cccc(Br)c3)c2c1
CN(CC(O)CO)c1cc2c(Nc3ccc(N)c(Br)c3)ncnc2cn1,8.121714383233739,0.5382808551248035,0.44750292954261817,419.283,1.9024999999999996,120.42,4,8,3,6,0.23529411764705882,0,0.0,3.0118866666666673,False,,1,aniline,0,,0,,0.7377049180327869,0.5928934439051652,0.8052608071003002,0.28205128205128205,Afatinib,0.2622950819672131,0.717948717948718,0.2786319972210723,0.5802848163766452,0.88,0.7834327848124047,0.2786319972210723,0.6305873996025305,0.88,0.6013680027789277,0.39863199722107234,-0.46927386984194436,7.314293100546534,0.019249341307324003,-0.2,0.5347326040449363,7.668275045898794,0.0,0.0,0.6574212826872052,0.37671000347365957,0.0,1.2966312861608646,0.35,medium,uncertain_prediction;agents_strongly_disagree,6.371643759737929,False,fail,True,high_model_uncertainty,0.4952481520591341,0.2856388595564942,0.37117212249208026,0.5527983104540655,0.2571277719112988,0.26293558606124606,0.14889123548046462,0.02006335797254488,0.4462249208025343,0.3517159450897571,8.203744950861834,769,1.5,2.2687028938456386,2,881,112,0,reject,CN(CC(O)CO)c1cc2c(Nc3cccc(Br)c3)ncnc2cn1
COCCOc1c(-c2[nH]c3c(c2Nc2cccc(F)c2Br)C(=O)NCC3)ccnc1OC,8.454540730441892,0.44952618913409276,0.4002111000054047,505.3440000000002,4.041600000000002,97.5,3,6,4,8,0.2727272727272727,1,0.5,3.635626666666668,False,,0,,0,,0,,0.7397260273972602,0.6429044535484563,0.8961899155426476,0.1956521739130435,Afatinib,0.26027397260273977,0.8043478260869565,0.42396685021660796,0.48028431013117767,1.0,0.8732293931787248,0.42396685021660796,0.6943701383816276,1.0,0.576033149783392,0.42396685021660796,-0.3605377175533596,7.780251446740753,-0.8678601727218682,-0.0,0.5824751143829817,7.494866388401866,0.0,0.0,0.524289283701139,0.3450414372292401,0.0,1.131830720930379,0.35,medium,uncertain_prediction;agents_strongly_disagree,6.363035667471487,False,fail,True,high_model_uncertainty,0.6314677930306231,0.10190073917634636,0.017423442449841606,0.5480464625131996,0.4952481520591341,0.30095036958817317,0.14889123548046462,0.046462513199577615,0.41676346356916577,0.35810454065469904,7.9949825446848655,799,1.5,2.2677611162571267,2,882,83,0,reject,COCCOc1cnccc1-c1[nH]c2c(c1Nc1cccc(F)c1Br)C(=O)NCC2
CN(CC(O)CO)c1cc2c(Nc3cc(Br)ccc3N)ncnc2cn1,7.779086336535166,0.42412250288832504,0.44750292954261817,419.2830000000001,1.9024999999999996,120.42,4,8,3,6,0.23529411764705882,0,0.0,3.0118866666666673,False,,1,aniline,0,,0,,0.7213114754098361,0.57774945139431,0.7777262752623817,0.32,Afatinib,0.2786885245901639,0.6799999999999999,0.2728858321119641,0.5802848163766452,0.88,0.7532947064467863,0.2728858321119641,0.6216163387338489,0.88,0.6071141678880358,0.39288583211196415,-0.46497400882917966,7.142902582202678,0.019249341307324003,-0.2,0.5238414048811691,7.485993328391172,0.0,0.0,0.4861837543324875,0.3838927098600448,0.0,1.1325764641925322,0.35,medium,uncertain_prediction;agents_strongly_disagree,6.353416864198639,False,fail,True,high_model_uncertainty,0.3167898627243928,0.2856388595564942,0.37117212249208026,0.6420274551214361,0.16367476240760295,0.2481520591341077,0.14889123548046462,0.06230200633579725,0.3837645195353749,0.298389651531151,7.946510751833621,808,1.5,2.1864844460360207,2,883,75,0,reject,CN(CC(O)CO)c1cc2c(Nc3cccc(Br)c3)ncnc2cn1
COc1c(Br)cccc1Nc1ncnc2cnc(N(C)CC(O)CO)cc12,7.840245643623984,0.48552637843915875,0.5208816811194626,434.2940000000002,2.328899999999999,103.63000000000001,3,8,3,7,0.2777777777777778,0,0.0,3.2119600000000017,False,,0,,0,,0,,0.676923076923077,0.5702277432712215,0.7640504423113117,0.35526315789473684,Afatinib,0.32307692307692304,0.6447368421052632,0.24519294599858482,0.6129480015387814,1.0,0.7342220422597996,0.24519294599858482,0.6480907474492914,1.0,0.7548070540014151,0.24519294599858488,-0.5371970686009422,7.111956075965246,0.0668654588972402,-0.0,0.5298182785940222,7.708639813456508,0.0,0.0,0.5782895676587381,0.568508817501769,0.0,1.409298385160507,0.35,medium,uncertain_prediction;agents_strongly_disagree,6.299341428296001,False,fail,True,high_model_uncertainty,0.3368532206969377,0.5755015839493136,0.12988384371700107,0.8627243928194298,0.12038014783526928,0.12249208025343189,0.14889123548046462,0.030623020063357972,0.45871172122492077,0.3273495248152059,8.259093878926413,766,1.5,2.167160858074249,2,884,118,0,reject,CN(CC(O)CO)c1cc2c(Nc3cccc(Br)c3)ncnc2cn1
C/C=C/C(=O)Cc1ccc2ncnc(Nc3cccc(Br)c3OC)c2c1,7.534995287739805,0.4350582814556638,0.5878031137339144,412.28700000000015,4.832200000000003,64.11,1,5,3,6,0.15,0,0.0,2.615246666666668,False,,0,,0,,0,,0.6666666666666666,0.5701914098972922,0.7639843816314403,0.3466666666666667,Afatinib,0.33333333333333337,0.6533333333333333,0.20420802491598655,0.6727053022972427,1.0,0.7363216195569136,0.20420802491598655,0.6533087366925356,1.0,0.7957919750840134,0.20420802491598655,-0.5988009490353989,6.882407865556309,0.21051611373391416,-0.0,0.5369960954078601,7.629920074698083,0.0,0.0,0.5025874221834956,0.6197399688550168,0.0,1.3848273910385125,0.35,medium,uncertain_prediction;agents_strongly_disagree,6.24509268365957,False,fail,True,high_model_uncertainty,0.21964097148891235,0.6964097148891235,0.6731784582893348,0.8938753959873285,0.11826821541710665,0.10559662090813093,0.14889123548046462,0.057022175290390706,0.5178722280887011,0.3671858500527983,8.251366748404523,767,1.5,2.1607157037229285,2,885,118,0,reject,C/C=C/C(=O)Cc1ccc2ncnc(Nc3cccc(Br)c3)c2c1
Nc1ccc(Br)c(NCCC(=O)O)c1Nc1ncnc2ccncc12,7.470009164148768,0.361902280351535,0.46304171965359014,403.2400000000001,2.9997000000000007,126.05,4,7,3,6,0.125,0,0.0,2.5549333333333344,False,,1,aniline,0,,0,,0.7241379310344828,0.6091565940578505,0.8348301710142735,0.25316455696202533,Sunvozertinib,0.27586206896551724,0.7468354430379747,0.2391706947911174,0.6064062791428079,0.88,0.8128314890201987,0.2391706947911174,0.634602115738531,0.88,0.6408293052088826,0.3591706947911174,-0.5272418945965515,6.927155743621465,0.09230171965359,-0.2,0.5568961066994436,7.376353569974498,0.0,0.0,0.39285342052730243,0.42603663151110327,0.0,1.0813900520384057,0.35,medium,uncertain_prediction;agents_strongly_disagree,6.294963517936092,False,fail,True,high_model_uncertainty,0.191129883843717,0.3558606124604013,0.7243928194297783,0.6282998944033791,0.3321013727560718,0.2016895459345301,0.14889123548046462,0.11721224920802534,0.3914994720168955,0.32011615628299894,7.846152936394772,818,1.5,2.154102905475691,2,886,68,0,reject,O=C(O)CCNc1c(Br)cccc1Nc1ncnc2ccncc12
COc1ccc(Nc2ncnc3cnc(N(C)CC(O)CO)cc23)cc1Br,7.924700319719655,0.5177491017002691,0.5208816811194625,434.2940000000001,2.3289,103.63000000000001,3,8,3,7,0.2777777777777778,0,0.0,3.211960000000001,False,,0,,0,,0,,0.7142857142857143,0.5753545613706533,0.7733719297648242,0.3373493975903614,Osimertinib,0.2857142857142857,0.6626506024096386,0.24375070873972537,0.6129480015387814,1.0,0.7456915979260277,0.24375070873972537,0.6505975770511336,1.0,0.7562492912602746,0.24375070873972537,-0.5424624910818776,7.148076667169251,0.0668654588972402,-0.0,0.5207095917355262,7.735651717802018,0.0,0.0,0.6266236525504036,0.5703116140753433,0.0,1.4594352666257469,0.35,medium,uncertain_prediction;agents_strongly_disagree,6.276216451176271,False,fail,True,high_model_uncertainty,0.3727560718057022,0.5723336853220697,0.1341077085533263,0.6752903907074974,0.14783526927138332,0.12143611404435058,0.14889123548046462,0.023231256599788808,0.4373812038014784,0.32159450897571273,8.260509162363793,765,1.5,2.137129861947127,2,887,122,0,reject,CN(CC(O)CO)c1cc2c(Nc3cccc(Br)c3)ncnc2cn1
CCOc1ccccc1-c1cc2c(N[C@H](CO)c3ccccc3)nc(OC)nc2[nH]1,7.432432784381956,0.4194702894882789,0.40805553222987834,404.4700000000001,4.1777000000000015,92.28999999999999,3,6,4,8,0.21739130434782608,0,0.0,3.313133333333334,False,,0,,0,,0,,0.7333333333333333,0.6428613827665061,0.8961116050300109,0.18478260869565216,Osimertinib,0.2666666666666667,0.8152173913043479,0.18947899345369384,0.547002337598228,1.0,0.8758880515985952,0.18947899345369384,0.6530923456626292,1.0,0.8105210065463062,0.1894789934536938,-0.6181511362785805,6.8032273501495375,-0.06717533733533913,-0.0,0.5885931186488071,7.324645131463006,0.0,0.0,0.4792054342324184,0.6381512581828828,0.0,1.379856692415301,0.35,medium,uncertain_prediction;agents_strongly_disagree,5.944788439047705,False,fail,True,high_model_uncertainty,0.17529039070749736,0.14149947201689547,0.08922914466737064,0.571805702217529,0.4941921858500528,0.10137275607180571,0.14889123548046462,0.0665258711721225,0.23492608236536433,0.21768743400211193,7.606556430301444,854,1.5,1.6810133598502386,2,888,34,0,reject,CCOc1ccccc1-c1cc2c(N[C@H](CO)c3ccccc3)ncnc2[nH]1
C/C=C/C(=O)Cc1ccc2ncnc(Nc3cccc(Br)c3C)c2c1,7.453124816830479,0.3845465073870041,0.6076838341050832,396.2880000000001,5.132020000000003,54.88,1,4,3,5,0.15,1,0.45,2.4085866666666673,False,,0,,0,,0,,0.7,0.592636238441865,0.8047931608033908,0.3424657534246575,Afatinib,0.30000000000000004,0.6575342465753424,0.21909864903671683,0.6415881600398471,1.0,0.7679784322463787,0.21909864903671683,0.6571663103307357,1.0,0.7809013509632832,0.21909864903671683,-0.5840902150586919,6.876305055749972,-0.4386041658949169,-0.0,0.5334585641734505,6.971159454028506,0.0,0.0,0.42681976108050607,0.601126688704104,0.0,1.29044644978461,0.35,medium,uncertain_prediction;agents_strongly_disagree,5.680713004243896,False,fail,True,high_model_uncertainty,0.18268215417106654,0.7344244984160507,0.8542766631467793,0.7550158394931362,0.2539598732840549,0.11087645195353749,0.14889123548046462,0.08870116156282999,0.5082365364308342,0.3817053854276663,7.581043297745507,856,1.5,1.6137594667570951,2,889,33,0,reject,C/C=C/C(=O)Cc1ccc2ncnc(Nc3cccc(Br)c3)c2c1
[2H]C([2H])([2H])Oc1ccccc1-c1cc2c(N[C@H](CO)c3ccccc3)nc(C)nc2[nH]1,7.101008276038406,0.3803509668080106,0.47140332812841834,377.46230533400006,4.0874200000000025,83.06,3,5,4,6,0.18181818181818182,0,0.0,2.9330820355600005,False,,0,,0,,0,,0.7627118644067796,0.6307532358081375,0.8740967923784316,0.16129032258064516,Osimertinib,0.23728813559322037,0.8387096774193549,0.13400639224399402,0.5964609829490917,1.0,0.8652500136386625,0.13400639224399402,0.648929347207937,1.0,0.865993607756006,0.13400639224399402,-0.686563939951924,6.5304818258263895,0.04962284097623648,-0.0,0.5769167623373636,7.15702142913999,0.0,0.0,0.42052645021201596,0.7074920096950075,0.0,1.3905184599070235,0.35,medium,uncertain_prediction;agents_strongly_disagree,5.766502969232966,False,fail,True,high_model_uncertainty,0.12777191129883844,0.3775079197465681,0.44508975712777193,0.4123548046462513,0.43664202745512143,0.07708553326293559,0.14889123548046462,0.09398099260823653,0.282233368532207,0.25166314677930307,7.495701471378638,868,1.5,1.5434987453681295,2,890,22,0,reject,[2H]C([2H])([2H])Oc1ccccc1-c1cc2c(N[C@H](CO)c3ccccc3)ncnc2[nH]1
Cc1nc(Nc2cccc(Br)c2NCCC(=O)O)c2cnccc2n1,6.848797872626208,0.3824719700199076,0.5778289525438194,402.2520000000001,3.7259200000000003,100.03,3,6,3,6,0.17647058823529413,0,0.0,2.5483466666666676,False,,0,,0,,0,,0.7413793103448276,0.6254120944246585,0.8643856262266517,0.18292682926829268,Afatinib,0.2586206896551724,0.8170731707317074,0.06946908914261668,0.6697925905657673,1.0,0.8525575123529157,0.06946908914261668,0.6479547980153249,1.0,0.9305309108573834,0.06946908914261662,-0.7713142784969442,6.275089917596347,0.21322401136734864,-0.0,0.5775976681210027,7.065911597084698,0.0,0.0,0.42370795502986147,0.7881636385717292,0.0,1.4743715936015906,0.35,medium,uncertain_prediction;agents_strongly_disagree,5.591540003483107,False,fail,True,high_model_uncertainty,0.09714889123548047,0.6795142555438226,0.7571277719112989,0.5316789862724393,0.41288278775079196,0.054910242872228086,0.14889123548046462,0.0897571277719113,0.39952481520591343,0.32610876451953535,7.545341375331794,860,1.5,1.4578705209065497,2,891,31,0,reject,O=C(O)CCNc1c(Br)cccc1Nc1ncnc2ccncc12
C=CC(=O)Cc1cc2c(Nc3cccc(Br)c3)nc(Cl)nc2cn1,6.83478024100183,0.3637068311247685,0.5022873670720821,403.6670000000001,4.481900000000002,67.77000000000001,1,5,3,5,0.058823529411764705,0,0.0,2.4577800000000005,False,,0,,0,,0,,0.7543859649122807,0.6391836445953594,0.8894248083551988,0.3116883116883117,Sunvozertinib,0.24561403508771928,0.6883116883116883,0.07910027846311968,0.6317280518896452,1.0,0.8391465283443211,0.07910027846311968,0.6374937146742715,1.0,0.9208997215368804,0.07910027846311962,-0.7445245816148691,6.289219994314678,0.1395027200132585,-0.0,0.5393760243717798,6.968098738699716,0.0,0.0,0.3955602466871527,0.7761246519211005,0.0,1.434184898608253,0.35,medium,uncertain_prediction;agents_strongly_disagree,5.533913840091463,False,fail,True,high_model_uncertainty,0.09503695881731784,0.5316789862724393,0.7824709609292503,0.455649419218585,0.4815205913410771,0.05807814149947202,0.14889123548046462,0.11087645195353749,0.35760295670538544,0.306467793030623,7.397222286746178,875,1.5,1.3766751917282107,2,892,17,0,reject,C=CC(=O)Cc1cc2c(Nc3cccc(Br)c3)ncnc2cn1
COc1c(F)cc(F)cc1N(C)c1c(-c2ccncc2OCC(C)(C)OC)[nH]c2c1C(=O)NCC2,7.845926995691848,0.492115629338607,0.49576817603317824,486.51900000000035,4.221100000000003,88.71000000000001,2,6,4,8,0.36,0,0.0,3.510126666666669,True,dyes5A(27),0,,0,,0,,0.7088607594936709,0.6199132878711955,0.8543877961294463,0.15384615384615385,Lazertinib,0.2911392405063291,0.8461538461538461,0.24200080838593702,0.5876676250233761,0.75,0.8523293086355462,0.24200080838593702,0.6079994355112148,0.8523293086355462,0.6103285002496093,0.3896714997503907,-0.4879981695003705,7.107753551683937,0.005249176033177948,-0.4,0.5984557611063636,7.311458488823479,0.0,0.0,0.5881734440079105,0.3879106253120116,0.0,1.4260840693199222,0.6000000000000001,high,unsafe_structure_can_game_single_score;uncertain_prediction;agents_strongly_disagree,5.885374419503556,False,fail,True,high_model_uncertainty,0.34107708553326294,0.5036958817317846,0.04382259767687434,0.7022175290390708,0.3907074973600845,0.24498416050686378,0.0010559662090813093,0.024287222808870117,0.4012407602956706,0.3173706441393875,7.792947401178283,827,1.5,1.3662191924708207,2,893,66,0,reject,COc1c(F)cc(F)cc1Nc1c(-c2ccncc2OCC(C)(C)OC)[nH]c2c1C(=O)NCC2
C=CC(=O)Cc1cc2c(Nc3cccc(Br)c3)nc(OC)nc2cn1,6.670844520218028,0.36342706653848955,0.6351545093338238,399.2480000000001,3.837100000000002,77.0,1,6,3,6,0.1111111111111111,0,0.0,2.528320000000001,False,,0,,0,,0,,0.7166666666666667,0.6142514699231117,0.8440935816783849,0.30952380952380953,Osimertinib,0.2833333333333333,0.6904761904761905,0.03831218347756443,0.7020919032105262,1.0,0.8056892338778363,0.03831218347756443,0.6365233301414817,1.0,0.9616878165224356,0.03831218347756438,-0.7976148622185564,6.125703920410294,0.2670176204449348,-0.0,0.5456662525624534,6.938387793417682,0.0,0.0,0.39514059980773436,0.8271097706530445,0.0,1.4847503704607787,0.35,medium,uncertain_prediction;agents_strongly_disagree,5.453637422956904,False,fail,True,high_model_uncertainty,0.06441393875395987,0.8120380147835269,0.7740232312565998,0.6631467793030623,0.3558606124604013,0.044350580781414996,0.14889123548046462,0.1119324181626188,0.4401267159450898,0.34535374868004226,7.46653985255179,872,1.5,1.3430619213729553,2,894,22,0,reject,C=CC(=O)Cc1cc2c(Nc3cccc(Br)c3)ncnc2cn1
C=C(C)C(=O)Cc1cc2c(Nc3cccc(Br)c3)nc(C)nc2cn1,6.642526817738601,0.3578360177114947,0.6412175592087311,397.27600000000007,4.527020000000003,67.77000000000001,1,5,3,5,0.15789473684210525,0,0.0,2.4151733333333336,False,,0,,0,,0,,0.7719298245614035,0.6045935351198508,0.8265337002179105,0.26582278481012656,Sunvozertinib,0.22807017543859653,0.7341772151898734,0.03514649203660408,0.7097783755135201,1.0,0.8034445789609012,0.03514649203660408,0.6370923616277563,1.0,0.964853507963396,0.03514649203660403,-0.8025944927882029,6.1057727911713595,0.2947310328929416,-0.0,0.5295181685588082,6.930021992623109,0.0,0.0,0.386754026567242,0.8310668849542449,0.0,1.4803209115214868,0.35,medium,uncertain_prediction;agents_strongly_disagree,5.449701081101622,False,fail,True,high_model_uncertainty,0.0559662090813094,0.8410770855332629,0.8389651531151003,0.3790918690601901,0.3146779303062302,0.04329461457233368,0.14889123548046462,0.12038014783526928,0.3950633579725449,0.3214625131995776,7.404098022190163,874,1.5,1.310456096941115,2,895,21,0,reject,C=C(C)C(=O)Cc1cc2c(Nc3cccc(Br)c3)ncnc2cn1
C=CC(=O)Cc1cc2c(Nc3cccc(Br)c3)nc(F)nc2cn1,6.7098916743293655,0.355183891223951,0.5302263711896812,387.21200000000005,3.967600000000002,67.77000000000001,1,5,3,5,0.058823529411764705,0,0.0,2.3480800000000004,False,,0,,0,,0,,0.7678571428571429,0.6495775729646697,0.9083228599357629,0.3157894736842105,Sunvozertinib,0.2321428571428571,0.6842105263157895,0.053844194725575695,0.6513137349235554,1.0,0.8522947765307696,0.053844194725575695,0.6393631765449752,1.0,0.9461558052744243,0.05384419472557567,-0.7806919757591994,6.177115837493439,0.18389672413085764,-0.0,0.5368081585929633,6.8978207202172594,0.0,0.0,0.38277583683592653,0.8076947565930304,0.0,1.452970593428957,0.35,medium,uncertain_prediction;agents_strongly_disagree,5.444850126788302,False,fail,True,high_model_uncertainty,0.07180570221752904,0.5823653643083422,0.8637803590285111,0.395987328405491,0.5279831045406547,0.048574445617740235,0.14889123548046462,0.1246040126715945,0.35755015839493137,0.3136483632523759,7.326880910291177,883,1.5,1.296228162691154,2,896,13,0,reject,C=CC(=O)Cc1cc2c(Nc3cccc(Br)c3)ncnc2cn1
C/C=C/C(=O)Cc1cc2c(Nc3cccc(Br)c3)nc(C)nc2cn1,6.799692996586021,0.43787727350017375,0.6412175592087311,397.27600000000007,4.527020000000003,67.77000000000001,1,5,3,5,0.15789473684210525,0,0.0,2.4151733333333336,False,,0,,0,,0,,0.7758620689655172,0.653866850475022,0.9161215463182217,0.2289156626506024,Sunvozertinib,0.22413793103448276,0.7710843373493976,0.018409157696383682,0.7097783755135201,1.0,0.8798622440760158,0.018409157696383682,0.6520124443214799,1.0,0.9815908423036164,0.018409157696383627,-0.844804382166795,6.14287708633576,0.2947310328929416,-0.0,0.5612177567498919,6.998825875978594,0.0,0.0,0.5068159102502605,0.8519885528795204,0.0,1.6213044631297808,0.35,medium,uncertain_prediction;agents_strongly_disagree,5.377521412848813,False,fail,True,high_model_uncertainty,0.0897571277719113,0.8410770855332629,0.8389651531151003,0.3558606124604013,0.5480464625131996,0.04012671594508976,0.14889123548046462,0.0559662090813094,0.405623020063358,0.34907602956705386,7.485573500054623,869,1.5,1.271412648329278,2,897,28,0,reject,C/C=C/C(=O)Cc1cc2c(Nc3cccc(Br)c3)ncnc2cn1
C/C=C/C(=O)Cc1cc2c(Nc3cccc(Br)c3)nc(N)nc2cn1,6.654573378141772,0.38224657815116364,0.6353371698563682,398.26400000000007,3.8008000000000015,93.79,2,6,3,5,0.1111111111111111,0,0.0,2.421760000000001,False,,1,aniline,0,,0,,0.7627118644067796,0.6389821858623759,0.8890585197497742,0.2261904761904762,Sunvozertinib,0.23728813559322037,0.7738095238095238,0.021070739829628538,0.7062908280363871,0.88,0.8602462707647116,0.021070739829628538,0.6169019596576818,0.88,0.8589292601703715,0.14107073982962848,-0.7944416264374043,6.081203510915027,0.2831842809674793,-0.2,0.5611871480972499,6.725574939979756,0.0,0.0,0.4233698672267454,0.6986615752129643,0.0,1.3845314424397097,0.35,medium,uncertain_prediction;agents_strongly_disagree,5.3410434975400465,False,fail,True,high_model_uncertainty,0.06019007391763464,0.8199577613516368,0.8146779303062301,0.4123548046462513,0.4804646251319958,0.08130939809926083,0.14889123548046462,0.0908130939809926,0.3957497360084477,0.3393611404435058,7.200474623189893,894,1.5,1.2232768660722542,2,898,4,0,reject,C/C=C/C(=O)Cc1cc2c(Nc3cccc(Br)c3)ncnc2cn1
COc1cnccc1-c1[nH]c2ncnc(N[C@H](CO)c3ccccc3)c2c1C,6.880834156222356,0.3870952478216075,0.4774440101834533,375.43200000000013,3.482420000000002,95.95,3,6,4,6,0.19047619047619047,0,0.0,2.9195466666666676,False,,0,,0,,0,,0.6875,0.547983754934249,0.7236068271531799,0.2087912087912088,Osimertinib,0.3125,0.7912087912087912,0.0742418655804638,0.6003039491906428,1.0,0.7405073181670827,0.0742418655804638,0.6037632832345473,1.0,0.9257581344195362,0.07424186558046375,-0.7060285568721114,6.300191284489944,0.05855962923107218,-0.0,0.5588893441509324,6.917640257871949,0.0,0.0,0.43064287173241117,0.7821976680244203,0.0,1.4753405397568313,0.35,medium,uncertain_prediction;agents_strongly_disagree,5.442299718115118,False,fail,True,high_model_uncertainty,0.10348468848996832,0.42344244984160506,0.46673706441393875,0.8141499472016895,0.0559662090813094,0.0559662090813094,0.14889123548046462,0.08553326293558607,0.36409714889123546,0.2530095036958817,7.354556836541431,879,1.5,1.2209111225501754,2,899,20,0,reject,COc1cnccc1-c1cc2c(N[C@H](CO)c3ccccc3)ncnc2[nH]1
Nc1nc(N[C@H](CO)c2ccccc2)c2cc(-c3ccc(CO)cc3)[nH]c2n1,6.9102258411310515,0.37002388031824496,0.3534089378876297,375.4320000000001,2.844900000000001,120.08,5,6,4,6,0.14285714285714285,0,0.0,2.919546666666667,False,,1,aniline,0,,0,,0.7407407407407407,0.6114831935170918,0.8390603518492576,0.13253012048192772,Afatinib,0.2592592592592593,0.8674698795180723,0.09353974405999144,0.53208465942794,0.88,0.8461627337664613,0.09353974405999144,0.5879467843135983,0.88,0.7864602559400086,0.21353974405999143,-0.659209387004809,6.355190020653684,-0.07023734782665603,-0.2,0.5866727184844027,6.671625391311431,0.0,0.0,0.40503582047736747,0.6080753199250107,0.0,1.2756111404023782,0.35,medium,uncertain_prediction;agents_strongly_disagree,5.396014250909053,False,fail,True,high_model_uncertainty,0.1119324181626188,0.02375923970432946,0.47571277719112987,0.5406546990496304,0.34318901795142553,0.10876451953537487,0.14889123548046462,0.10559662090813093,0.23460929250263993,0.20414466737064416,6.9531565423145985,912,1.5,1.1159878517538253,2,900,0,12,reject,OCc1ccc(-c2cc3c(N[C@H](CO)c4ccccc4)ncnc3[nH]2)cc1
Cc1nc(Nc2cccc(Br)c2)c2cc(CC(=O)/C=C\Cl)ncc2n1,6.669297465855741,0.41635339300086144,0.6092838055589442,417.69400000000013,4.703420000000002,67.77000000000001,1,5,3,5,0.1111111111111111,0,0.0,2.5512933333333345,False,,0,,0,,0,,0.7586206896551724,0.653644381064566,0.915717056481029,0.24390243902439024,Sunvozertinib,0.24137931034482762,0.7560975609756098,0.0008769913633322468,0.6869794263907527,1.0,0.8758121826046741,0.0008769913633322468,0.6409171500896897,1.0,0.9991230086366678,0.0008769913633321913,-0.8533868783018099,6.044767376354448,0.2377009166700552,-0.0,0.5643792220681126,6.846847515092616,0.0,0.0,0.4745300895012921,0.8739037607958346,0.0,1.6109338502971267,0.35,medium,uncertain_prediction;agents_strongly_disagree,5.23591366479549,False,fail,True,high_model_uncertainty,0.06335797254487856,0.7486800422386484,0.7312565997888067,0.4350580781414995,0.5469904963041182,0.03907074973600845,0.14889123548046462,0.07074973600844774,0.37494720168954593,0.3249736008447729,7.296784157120071,888,1.5,1.1008819858092167,2,901,13,0,reject,O=C(/C=C\Cl)Cc1cc2c(Nc3cccc(Br)c3)ncnc2cn1
OCc1ccc(-c2cc3c(N[C@H](CO)c4ccccc4)nc(Cl)nc3[nH]2)cc1,6.861515425767365,0.4019111318027814,0.3718069054062967,394.8620000000001,3.916100000000002,94.06,4,5,4,6,0.14285714285714285,0,0.0,3.049080000000001,False,,0,,0,,0,,0.7090909090909091,0.5841220459868002,0.7893128108850911,0.14444444444444443,Osimertinib,0.2909090909090909,0.8555555555555556,0.059041064179894354,0.5372214902811554,1.0,0.8058734970527072,0.059041064179894354,0.6005340128784392,1.0,0.9409589358201056,0.05904106417989441,-0.7219905982647266,6.258648728063193,-0.07126938030798913,-0.0,0.5849039602970303,6.772283308052234,0.0,0.0,0.4528666977041721,0.8011986697751319,0.0,1.516565367479304,0.35,medium,uncertain_prediction;agents_strongly_disagree,5.25571794057293,False,fail,True,high_model_uncertainty,0.09926082365364308,0.04118268215417107,0.30623020063357975,0.6985216473072862,0.20485744456177402,0.04963041182682154,0.14889123548046462,0.0791974656810982,0.2385427666314678,0.18072861668426612,7.058534628009996,902,1.5,0.9475922805940495,2,902,0,0,reject,OCc1ccc(-c2cc3c(N[C@H](CO)c4ccccc4)ncnc3[nH]2)cc1
O=C(O)CCNc1c(Br)cccc1Nc1nc(Cl)nc2ccncc12,6.532376731228115,0.3710111830590054,0.5147897125061325,422.6700000000001,4.070900000000001,100.03,3,6,3,6,0.125,0,0.0,2.6844666666666672,False,,0,,0,,0,,0.7413793103448276,0.6254120944246585,0.8643856262266517,0.19047619047619047,Sunvozertinib,0.2586206896551724,0.8095238095238095,0.0,0.6298856239296549,1.0,0.8506701720509411,0.0,0.620138948995149,1.0,1.0,0.0,-0.826851931993532,5.9758599566396065,0.1246197125061324,-0.0,0.5753328597586334,6.675812528904372,0.0,0.0,0.4065167745885081,0.875,0.0,1.544016774588508,0.35,medium,uncertain_prediction;agents_strongly_disagree,5.131795754315864,False,fail,True,high_model_uncertainty,0.028511087645195353,0.5617740232312566,0.6166842661034847,0.5316789862724393,0.41288278775079196,0.019535374868004225,0.14889123548046462,0.10454065469904963,0.3240232312565998,0.27101372756071807,7.064640406412292,901,1.5,0.9320122273887268,2,903,2,0,reject,O=C(O)CCNc1c(Br)cccc1Nc1ncnc2ccncc12
C[C@@H](Nc1nc(Cl)nc2[nH]c(-c3ccc(CO)cc3)cc12)c1ccccc1,6.619912416670865,0.3572391388939462,0.4297074415471713,378.86300000000006,4.943700000000003,73.83,3,4,4,5,0.14285714285714285,0,0.0,2.84242,False,,0,,0,,0,,0.7090909090909091,0.5674447032814407,0.7589903696026193,0.14634146341463414,Afatinib,0.2909090909090909,0.8536585365853658,0.02991070694195397,0.5770152466970981,1.0,0.7826574113483059,0.02991070694195397,0.5973958412468395,1.0,0.970089293058046,0.02991070694195397,-0.7566468457398474,6.084053708329946,0.017630155832885568,-0.0,0.5767542442853555,6.678438108448187,0.0,0.0,0.38585870834091934,0.8376116163225575,0.0,1.4859703246634768,0.35,medium,uncertain_prediction;agents_strongly_disagree,5.192467783784711,False,fail,True,high_model_uncertainty,0.05279831045406547,0.20485744456177402,0.5205913410770855,0.6985216473072862,0.10348468848996832,0.04118268215417107,0.14889123548046462,0.12143611404435058,0.2825237592397043,0.20390707497360086,7.017466619535832,906,1.5,0.9121562737530322,2,904,0,2,reject,C[C@@H](Nc1ncnc2[nH]c(-c3ccc(CO)cc3)cc12)c1ccccc1
C/C=C/C(=O)Cc1cc2c(Nc3cccc(Br)c3)nc(OC)nc2cn1,6.572615809188787,0.44081341628304277,0.6099665391449961,413.2750000000001,4.2272000000000025,77.0,1,6,3,6,0.15789473684210525,0,0.0,2.6218333333333343,False,,0,,0,,0,,0.7377049180327869,0.6242069944925172,0.8621945354409402,0.26136363636363635,Osimertinib,0.2622950819672131,0.7386363636363636,0.0,0.6846418529400042,1.0,0.8313049924897961,0.0,0.6289867113574501,1.0,1.0,0.0,-0.8386489484766001,5.911395684764223,0.23248101282920647,-0.0,0.55517232983639,6.699049027429819,0.0,0.0,0.5112201244245641,0.875,0.0,1.6487201244245642,0.35,medium,uncertain_prediction;agents_strongly_disagree,5.050328903005255,False,fail,True,high_model_uncertainty,0.042238648363252376,0.7639915522703273,0.6552270327349525,0.5527983104540655,0.40971488912354803,0.019535374868004225,0.14889123548046462,0.05385427666314678,0.38064941921858503,0.3085797254487856,7.155828330492121,896,1.5,0.8956245735437971,2,905,9,0,reject,C/C=C/C(=O)Cc1cc2c(Nc3cccc(Br)c3)ncnc2cn1
C=C(C)C(=O)Cc1cc2c(Nc3cccc(Br)c3)nc(F)nc2cn1,6.523462163513867,0.369835063940693,0.5084958313972823,401.23900000000003,4.357700000000002,67.77000000000001,1,5,3,5,0.1111111111111111,0,0.0,2.4415933333333335,False,,0,,0,,0,,0.7857142857142857,0.6145017281105991,0.8445485965647256,0.2857142857142857,Sunvozertinib,0.2142857142857143,0.7142857142857143,0.0,0.6357652713710694,1.0,0.8119828759949728,0.0,0.6119370368415105,1.0,1.0,0.0,-0.815916049122014,5.9687095676028274,0.15336794250839333,-0.0,0.5218514348554671,6.643928944966688,0.0,0.0,0.4047525959110395,0.875,0.0,1.5422525959110394,0.35,medium,uncertain_prediction;agents_strongly_disagree,5.101676349055649,False,fail,True,high_model_uncertainty,0.025343189017951427,0.5359028511087646,0.7946145723336854,0.31203801478352694,0.3579725448785639,0.019535374868004225,0.14889123548046462,0.10665258711721225,0.30018479408658927,0.2566261879619852,7.004150697870595,908,1.5,0.8846277746100313,2,906,0,2,reject,C=C(C)C(=O)Cc1cc2c(Nc3cccc(Br)c3)ncnc2cn1
C/C=C/C(=O)Cc1ccc2nc(OC)nc(Nc3cccc(Br)c3)c2c1,6.2857452736611945,0.36548158594282387,0.5878031137339146,412.28700000000003,4.832200000000004,64.11,1,5,3,6,0.15,0,0.0,2.615246666666667,False,,0,,0,,0,,0.7049180327868853,0.6038989002189393,0.8252707276707987,0.25287356321839083,Osimertinib,0.29508196721311475,0.7471264367816092,0.0,0.6727053022972427,1.0,0.8057346549485013,0.0,0.619609989311436,1.0,1.0,0.0,-0.826146652415248,5.7375228947469585,0.21051611373391454,-0.0,0.5632424981980841,6.511281506678958,0.0,0.0,0.39822237891423584,0.875,0.0,1.5357223789142358,0.35,medium,uncertain_prediction;agents_strongly_disagree,4.975559127764722,False,fail,True,high_model_uncertainty,0.0021119324181626186,0.7027455121436114,0.67740232312566,0.7349524815205913,0.3136219640971489,0.019535374868004225,0.14889123548046462,0.10982048574445617,0.3901003167898628,0.3009767687434002,6.979401886826793,909,1.5,0.8117312502568019,2,907,0,2,reject,C/C=C/C(=O)Cc1ccc2ncnc(Nc3cccc(Br)c3)c2c1
C[C@@H](Nc1nc(N)nc2[nH]c(-c3ccc(CO)cc3)cc12)c1ccccc1,6.592002221815211,0.3767323972620557,0.43334337515325566,359.4330000000001,3.8725000000000014,99.85000000000001,4,5,4,5,0.14285714285714285,0,0.0,2.7128866666666673,False,,1,aniline,0,,0,,0.7407407407407407,0.5922237374721302,0.8040431590402366,0.14634146341463414,Afatinib,0.2592592592592593,0.8536585365853658,0.009287877370363684,0.5839970614624957,0.88,0.8164470034265189,0.009287877370363684,0.5724329855648446,0.88,0.8707121226296364,0.12928787737036362,-0.7508601442593079,6.026903625922127,0.040696089438969844,-0.2,0.5737750174023356,6.441374732763433,0.0,0.0,0.4150985958930835,0.7133901532870455,0.0,1.390988749180129,0.35,medium,uncertain_prediction;agents_strongly_disagree,5.050385983583304,False,fail,True,high_model_uncertainty,0.046462513199577615,0.220168954593453,0.5908130939809926,0.5406546990496304,0.249208025343189,0.07602956705385427,0.14889123548046462,0.09714889123548047,0.26169482576557546,0.21238120380147837,6.7554085236821235,925,1.5,0.780243428145079,2,908,0,17,reject,C[C@@H](Nc1ncnc2[nH]c(-c3ccc(CO)cc3)cc12)c1ccccc1
C=C(C)C(=O)Cc1cc2c(Nc3cccc(Br)c3)nc(Cl)nc2cn1,6.5719523737544705,0.39815780371439374,0.4735681368327205,417.694,4.8720000000000026,67.77000000000001,1,5,3,5,0.1111111111111111,0,0.0,2.5512933333333336,False,,0,,0,,0,,0.7586206896551724,0.5997092777911743,0.8176532323475896,0.2948717948717949,Sunvozertinib,0.24137931034482762,0.7051282051282051,0.0,0.6123358085913295,1.0,0.7895219755427434,0.0,0.6004644460335182,1.0,1.0,0.0,-0.8006192613780243,5.9747156681828795,0.10198524794383156,-0.0,0.5245724592805313,6.601273375407242,0.0,0.0,0.44723670557159056,0.875,0.0,1.5847367055715906,0.35,medium,uncertain_prediction;agents_strongly_disagree,5.016536669835651,False,fail,True,high_model_uncertainty,0.04012671594508976,0.40179514255543824,0.7412882787750792,0.4350580781414995,0.2893347412882788,0.019535374868004225,0.14889123548046462,0.08130939809926083,0.29662090813093983,0.23978352692713834,6.95721846516437,911,1.5,0.7792769021482169,2,909,0,2,reject,C=C(C)C(=O)Cc1cc2c(Nc3cccc(Br)c3)ncnc2cn1
C/C=C/C(=O)Cc1cc2c(Nc3cccc(Br)c3)nc(F)nc2cn1,6.654174443909407,0.4858257857503434,0.5084958313972823,401.23900000000003,4.357700000000002,67.77000000000001,1,5,3,5,0.1111111111111111,0,0.0,2.4415933333333335,False,,0,,0,,0,,0.7758620689655172,0.6503687161466638,0.9097613020848432,0.25925925925925924,Sunvozertinib,0.22413793103448276,0.7407407407407407,0.0,0.6357652713710694,1.0,0.8675061617488176,0.0,0.6258178582799717,1.0,1.0,0.0,-0.8344238110399623,5.9254357652838925,0.15336794250839333,-0.0,0.5505246167089503,6.629328324501236,0.0,0.0,0.5787386786255151,0.875,0.0,1.716238678625515,0.35,medium,uncertain_prediction;agents_strongly_disagree,4.91308964587572,False,fail,True,high_model_uncertainty,0.059134107708553325,0.5359028511087646,0.7946145723336854,0.3558606124604013,0.5300950369588173,0.019535374868004225,0.14889123548046462,0.029567053854276663,0.32415522703273497,0.28450369588173186,7.018314596940518,905,1.5,0.7294940809337991,2,910,5,0,reject,C/C=C/C(=O)Cc1cc2c(Nc3cccc(Br)c3)ncnc2cn1
COc1nc(Nc2cccc(Br)c2NCCC(=O)O)c2cnccc2n1,6.4514336536714785,0.4210569118889807,0.5356891007155609,418.2510000000002,3.426100000000001,109.26,3,7,3,7,0.17647058823529413,0,0.0,2.7550066666666684,False,,0,,0,,0,,0.7049180327868853,0.6013371133447073,0.8206129333540132,0.19047619047619047,Afatinib,0.29508196721311475,0.8095238095238095,0.0,0.6386672105217637,1.0,0.8178406523964623,0.0,0.6141269657295565,1.0,1.0,0.0,-0.8188359543060754,5.819848285838008,0.14008515953909,-0.0,0.5807972614415479,6.540730706818646,0.0,0.0,0.481585367833471,0.875,0.0,1.619085367833471,0.35,medium,uncertain_prediction;agents_strongly_disagree,4.921645338985176,False,fail,True,high_model_uncertainty,0.013727560718057022,0.5913410770855333,0.5554382259767687,0.7349524815205913,0.29567053854276665,0.019535374868004225,0.14889123548046462,0.06546990496304118,0.3547518479408659,0.27154171066525873,6.966432924347686,910,1.5,0.722495391783486,2,911,1,0,reject,O=C(O)CCNc1c(Br)cccc1Nc1ncnc2ccncc12
C/C=C/C(=O)Cc1cc2c(Nc3cccc(Br)c3)nc(Cl)nc2cn1,6.718342471945635,0.4898111053047213,0.4735681368327205,417.694,4.8720000000000026,67.77000000000001,1,5,3,5,0.1111111111111111,0,0.0,2.5512933333333336,False,,0,,0,,0,,0.7627118644067796,0.644256123394378,0.8986474970806871,0.25609756097560976,Sunvozertinib,0.23728813559322037,0.7439024390243902,0.0,0.6123358085913295,1.0,0.8599612325666128,0.0,0.6180742602894855,1.0,1.0,0.0,-0.824099013719314,5.983625813988553,0.10198524794383156,-0.0,0.554612266994438,6.640223328926822,0.0,0.0,0.5847166579570819,0.875,0.0,1.722216657957082,0.35,medium,uncertain_prediction;agents_strongly_disagree,4.91800667096974,False,fail,True,high_model_uncertainty,0.07286166842661035,0.40179514255543824,0.7412882787750792,0.4123548046462513,0.5068637803590285,0.019535374868004225,0.14889123548046462,0.026399155227032733,0.3068109820485745,0.26634107708553323,7.008396507385112,907,1.5,0.7126159634723805,2,912,5,0,reject,C/C=C/C(=O)Cc1cc2c(Nc3cccc(Br)c3)ncnc2cn1
O=C(O)CCNc1c(Br)cccc1Nc1nc(F)nc2ccncc12,6.3809995946881015,0.41475890456225445,0.5385745315815226,406.2150000000001,3.5566000000000013,100.03,3,6,3,6,0.125,0,0.0,2.5747666666666675,False,,0,,0,,0,,0.7543859649122807,0.6357815645671556,0.8832392083039192,0.2,Afatinib,0.24561403508771928,0.8,0.0,0.6471865051903503,1.0,0.8624294062279394,0.0,0.6274039778545724,1.0,1.0,0.0,-0.8365386371394298,5.7588612378447195,0.16485953158152244,-0.0,0.5713361178654535,6.495056887291696,0.0,0.0,0.4721383568433816,0.875,0.0,1.6096383568433816,0.35,medium,uncertain_prediction;agents_strongly_disagree,4.885418530448314,False,fail,True,high_model_uncertainty,0.007391763463569166,0.6019007391763463,0.7085533262935586,0.455649419218585,0.46884899683210135,0.019535374868004225,0.14889123548046462,0.07286166842661035,0.3211193241816262,0.27629355860612465,6.880400076309647,916,1.5,0.691970800775664,2,913,0,3,reject,O=C(O)CCNc1c(Br)cccc1Nc1ncnc2ccncc12
C/C=C/C(=O)Cc1ccc2nc(F)nc(Nc3cccc(Br)c3)c2c1,6.294476924052845,0.37306792458001375,0.48586802418472774,400.25100000000003,4.9627000000000026,54.88,1,4,3,5,0.10526315789473684,0,0.0,2.435006666666667,False,,0,,0,,0,,0.7413793103448276,0.6335168374913925,0.8791215227116227,0.24705882352941178,Osimertinib,0.2586206896551724,0.7529411764705882,0.0,0.6235733107374977,1.0,0.847576436151364,0.0,0.6177874367222154,1.0,1.0,0.0,-0.8237165822962872,5.7348750371828245,0.13114333997420138,-0.0,0.5620420439639098,6.428060421120936,0.0,0.0,0.4096018868700206,0.875,0.0,1.5471018868700206,0.35,medium,uncertain_prediction;agents_strongly_disagree,4.880958534250915,False,fail,True,high_model_uncertainty,0.0031678986272439284,0.4530095036958817,0.8051742344244984,0.5316789862724393,0.4582893347412883,0.019535374868004225,0.14889123548046462,0.10137275607180571,0.3191393875395987,0.2703273495248152,6.811027686168455,920,1.5,0.6803513536806935,2,914,0,6,reject,C/C=C/C(=O)Cc1ccc2ncnc(Nc3cccc(Br)c3)c2c1
Nc1nc(Nc2cccc(Br)c2NCCC(=O)O)c2cnccc2n1,6.334280363240556,0.3762014075784376,0.49498807142272705,403.2400000000001,2.9997000000000007,126.05,4,7,3,6,0.125,0,0.0,2.5549333333333344,False,,1,aniline,0,,0,,0.7413793103448276,0.6254120944246585,0.8643856262266517,0.1686746987951807,Afatinib,0.2586206896551724,0.8313253012048193,0.0,0.6239767726158332,0.88,0.8561205449711936,0.0,0.5900243293967568,0.88,0.88,0.12,-0.7866991058623424,5.7699782518729,0.12424807142272691,-0.2,0.5818733072629363,6.276099630558564,0.0,0.0,0.4143021113676564,0.7250000000000001,0.0,1.4018021113676564,0.35,medium,uncertain_prediction;agents_strongly_disagree,4.8742975191909075,False,fail,True,high_model_uncertainty,0.005279831045406547,0.5015839493136219,0.7243928194297783,0.5316789862724393,0.41288278775079196,0.07074973600844774,0.14889123548046462,0.09820485744456177,0.31768743400211197,0.2705913410770855,6.657324551361098,928,1.5,0.6740071284834102,2,915,0,13,reject,O=C(O)CCNc1c(Br)cccc1Nc1ncnc2ccncc12
Nc1nc(N[C@H](CO)c2ccccc2)c2cc(-c3ccccc3)[nH]c2n1,6.545532269775296,0.42337421132543546,0.4443875699665667,345.406,3.3526000000000016,99.85000000000001,4,5,4,5,0.1,0,0.0,2.65,False,,1,aniline,0,,0,,0.7142857142857143,0.630236196551986,0.8731567210036109,0.14102564102564102,Afatinib,0.2857142857142857,0.858974358974359,0.0,0.5924900865585347,0.88,0.8696111304962979,0.0,0.5855253042637081,0.88,0.88,0.12,-0.7807004056849441,5.910470952787143,0.056887569966566735,-0.2,0.604552916514639,6.371911439268349,0.0,0.0,0.48506131698815314,0.7250000000000001,0.0,1.472561316988153,0.35,medium,uncertain_prediction;agents_strongly_disagree,4.899350122280196,False,fail,True,high_model_uncertainty,0.03167898627243928,0.2676874340021119,0.6325237592397043,0.6752903907074974,0.43294614572333684,0.07074973600844774,0.14889123548046462,0.06335797254487856,0.29772967265047523,0.2488648363252376,6.729187046448919,927,1.5,0.6729879258704816,2,916,0,11,reject,OC[C@@H](Nc1ncnc2[nH]c(-c3ccccc3)cc12)c1ccccc1
C/C=C/C(=O)Cc1ccc2nc(N)nc(Nc3cccc(Br)c3)c2c1,6.314865893252327,0.4474203183413739,0.62386738570937,397.27600000000007,4.405800000000003,80.9,2,5,3,5,0.10526315789473684,0,0.0,2.4151733333333336,False,,1,aniline,0,,0,,0.7288135593220338,0.61872622534098,0.8522295006199635,0.2159090909090909,Osimertinib,0.27118644067796616,0.7840909090909091,0.0,0.7002357800888714,0.88,0.8351948527376999,0.0,0.6038576582066428,0.88,0.88,0.12,-0.8051435442755238,5.643735415740267,0.27211770149884357,-0.2,0.5703185461873483,6.286171663426458,0.0,0.0,0.5211304775120609,0.7250000000000001,0.0,1.508630477512061,0.35,medium,uncertain_prediction;agents_strongly_disagree,4.777541185914397,False,fail,True,high_model_uncertainty,0.004223864836325237,0.7877507919746568,0.8389651531151003,0.6024287222808871,0.38067581837381204,0.07074973600844774,0.14889123548046462,0.048574445617740235,0.4057814149947202,0.32602956705385433,6.773109361420122,922,1.5,0.6437766663790221,2,917,0,5,reject,C/C=C/C(=O)Cc1ccc2ncnc(Nc3cccc(Br)c3)c2c1
COc1nc(N[C@H](C)c2ccccc2)c2cc(-c3ccc(CO)cc3)[nH]c2n1,6.588053636243814,0.4457056414961029,0.46866074009969094,374.44400000000013,4.298900000000002,83.05999999999999,3,5,4,6,0.18181818181818182,0,0.0,2.912960000000001,False,,0,,0,,0,,0.6842105263157895,0.5579974526480135,0.7418135502691153,0.15841584158415842,Lazertinib,0.3157894736842105,0.8415841584158416,0.0,0.5957264839779068,1.0,0.7667562023057969,0.0,0.5906206715709259,1.0,1.0,0.0,-0.7874942287612345,5.9194951739996595,0.04989855828150902,-0.0,0.580033898249926,6.549427630531095,0.0,0.0,0.5185584622441544,0.875,0.0,1.6560584622441543,0.35,medium,uncertain_prediction;agents_strongly_disagree,4.89336916828694,False,fail,True,high_model_uncertainty,0.0454065469904963,0.36747624076029567,0.4952481520591341,0.8215417106652587,0.08130939809926083,0.019535374868004225,0.14889123548046462,0.05174234424498416,0.33252375923970434,0.2279831045406547,6.94845614161874,913,1.5,0.6419488937357247,2,918,5,0,reject,C[C@@H](Nc1ncnc2[nH]c(-c3ccc(CO)cc3)cc12)c1ccccc1
COc1nc(Nc2cccc(Br)c2)c2cc(CC(=O)/C=C\Cl)ncc2n1,6.463572362798932,0.4640773951454648,0.58053330487275,433.69300000000015,4.403600000000002,77.0,1,6,3,6,0.1111111111111111,0,0.0,2.7579533333333344,False,,0,,0,,0,,0.7213114754098361,0.62400522904485,0.8618276891724544,0.27586206896551724,Osimertinib,0.2786885245901639,0.7241379310344828,0.0,0.6632181894748843,1.0,0.8274052496379615,0.0,0.6226558597782115,1.0,1.0,0.0,-0.8302078130376153,5.767456270080735,0.17795141598386097,-0.0,0.5581081376690322,6.503515823733628,0.0,0.0,0.5461160927181972,0.875,0.0,1.6836160927181971,0.35,medium,uncertain_prediction;agents_strongly_disagree,4.819899731015431,False,fail,True,high_model_uncertainty,0.01583949313621964,0.6879619852164731,0.5485744456177403,0.6420274551214361,0.40865892291446676,0.019535374868004225,0.14889123548046462,0.03907074973600845,0.3554118268215417,0.28666842661034847,6.930010015919478,914,1.5,0.638901842947849,2,919,5,0,reject,O=C(/C=C\Cl)Cc1cc2c(Nc3cccc(Br)c3)ncnc2cn1
COc1ccccc1-c1cc2c(N[C@H](CO)c3ccccc3)nc(Cl)nc2[nH]1,6.636751416367534,0.43336088582286475,0.421170625118505,394.8620000000001,4.432400000000002,83.06,3,5,4,6,0.14285714285714285,0,0.0,3.049080000000001,False,,0,,0,,0,,0.7241379310344828,0.6326765830881514,0.8775937874330025,0.21839080459770116,Osimertinib,0.27586206896551724,0.7816091954022988,0.0,0.56437153612287,1.0,0.8535976394253266,0.0,0.6044922938870492,1.0,1.0,0.0,-0.8059897251827323,5.986710087633236,-0.021905660595780814,-0.0,0.578019136513423,6.542823563550878,0.0,0.0,0.5000413287342971,0.875,0.0,1.637541328734297,0.35,medium,uncertain_prediction;agents_strongly_disagree,4.905282234816581,False,fail,True,high_model_uncertainty,0.054910242872228086,0.18796198521647306,0.30623020063357975,0.6282998944033791,0.4530095036958817,0.019535374868004225,0.14889123548046462,0.059134107708553325,0.23389651531151004,0.20322069693769798,6.82349938192469,919,1.5,0.6241470711418184,2,920,1,0,reject,COc1ccccc1-c1cc2c(N[C@H](CO)c3ccccc3)ncnc2[nH]1
COc1ccccc1-c1cc2c(N[C@H](CO)c3ccccc3)nc(N)nc2[nH]1,6.593844489976168,0.4126998893419986,0.41140546653454535,375.4320000000001,3.3612,109.07999999999998,4,6,4,6,0.14285714285714285,0,0.0,2.919546666666667,False,,1,aniline,0,,0,,0.7543859649122807,0.6591867971804792,0.9257941766917803,0.19101123595505617,Osimertinib,0.24561403508771928,0.8089887640449438,0.0,0.5639827501837436,0.88,0.8965928235300713,0.0,0.5851438934284537,0.8965928235300713,0.8965928235300713,0.1034071764699287,-0.780191857904605,5.97479465596317,-0.012240819179740408,-0.2,0.584671489175902,6.347225325959331,0.0,0.0,0.4690498340129978,0.745741029412589,0.0,1.4772908634255868,0.35,medium,uncertain_prediction;agents_strongly_disagree,4.869934462533744,False,fail,True,high_model_uncertainty,0.04751847940865892,0.15417106652587118,0.47571277719112987,0.455649419218585,0.5755015839493136,0.06230200633579725,0.14889123548046462,0.07497360084477296,0.21470432946145723,0.21293558606124607,6.60487052131308,934,1.5,0.6004571658072404,2,921,0,13,reject,COc1ccccc1-c1cc2c(N[C@H](CO)c3ccccc3)ncnc2[nH]1
O=C(/C=C\Cl)Cc1cc2c(Nc3cccc(Br)c3)nc(F)nc2cn1,6.524273323590652,0.457443065086588,0.483982933306684,421.65700000000004,4.534100000000002,67.77000000000001,1,5,3,5,0.058823529411764705,0,0.0,2.5777133333333335,False,,0,,0,,0,,0.7719298245614035,0.6540757912150102,0.9165014385727458,0.27848101265822783,Sunvozertinib,0.22807017543859653,0.7215189873417722,0.0,0.6170477928058558,1.0,0.8677558257650024,0.0,0.6212009046427145,1.0,1.0,0.0,-0.8282678728569527,5.83810872596077,0.10320828624786046,-0.0,0.5482126347930866,6.489529647001717,0.0,0.0,0.5361645976298819,0.875,0.0,1.6736645976298818,0.35,medium,uncertain_prediction;agents_strongly_disagree,4.815865049371835,False,fail,True,high_model_uncertainty,0.026399155227032733,0.44508975712777193,0.7016895459345301,0.3790918690601901,0.5496304118268216,0.019535374868004225,0.14889123548046462,0.042238648363252376,0.2819693769799367,0.2566789862724393,6.827892899377641,918,1.5,0.5988798328987617,2,922,4,0,reject,O=C(/C=C\Cl)Cc1cc2c(Nc3cccc(Br)c3)ncnc2cn1
COc1cnccc1-c1cc2c(N[C@H](CO)c3ccccc3)nc(N)nc2[nH]1,6.7444071896904925,0.45859873968668774,0.40802285415182615,376.4200000000001,2.756199999999999,121.97,4,7,4,6,0.15,0,0.0,2.926133333333334,False,,1,aniline,0,,0,,0.7704918032786885,0.6191338626468855,0.8529706593579736,0.1827956989247312,Osimertinib,0.2295081967213115,0.8172043010752688,0.0,0.5618689800399146,0.88,0.8440290697872974,0.0,0.571474512456803,0.88,0.88,0.12,-0.7619660166090707,6.056509080160461,-0.015897145848173935,-0.2,0.5616826436866642,6.40229457799895,0.0,0.0,0.5378981095300317,0.7250000000000001,0.0,1.5253981095300317,0.35,medium,uncertain_prediction;agents_strongly_disagree,4.876896468468919,False,fail,True,high_model_uncertainty,0.08025343189017951,0.13674762407602956,0.457233368532207,0.38965153115100315,0.3864836325237592,0.07074973600844774,0.14889123548046462,0.04118268215417107,0.20997888067581838,0.19194825765575502,6.654269234809933,929,1.5,0.5822343776558245,2,923,0,6,reject,COc1cnccc1-c1cc2c(N[C@H](CO)c3ccccc3)ncnc2[nH]1
COc1cnccc1-c1cc2c(N[C@H](CO)c3ccccc3)nc(Cl)nc2[nH]1,6.789178539032757,0.49095936849138616,0.4292915685602144,395.85,3.8274000000000017,95.94999999999999,3,6,4,6,0.15,0,0.0,3.055666666666667,False,,0,,0,,0,,0.7419354838709677,0.5939113600828524,0.8071115637870042,0.2087912087912088,Osimertinib,0.25806451612903225,0.7912087912087912,0.0,0.5685847216824769,1.0,0.803135870642451,0.0,0.5929301480812319,1.0,1.0,0.0,-0.7905735307749758,6.052739486295677,-0.014058431439785649,-0.0,0.5552695605674529,6.593950615423345,0.0,0.0,0.5864390527370792,0.875,0.0,1.723939052737079,0.35,medium,uncertain_prediction;agents_strongly_disagree,4.8700115626862654,False,fail,True,high_model_uncertainty,0.08870116156282999,0.20327349524815205,0.2967265047518479,0.5216473072861668,0.25976768743400214,0.019535374868004225,0.14889123548046462,0.025343189017951427,0.22940865892291445,0.18302534318901792,6.869241006130842,917,1.5,0.5646419745130871,2,924,7,0,reject,COc1cnccc1-c1cc2c(N[C@H](CO)c3ccccc3)ncnc2[nH]1
COc1cnccc1-c1[nH]c2c(c1Nc1cccc(F)c1C)C(=O)NCC2,7.3166592864088384,0.8934213244002024,0.6596366324016579,366.3960000000002,3.5623200000000015,79.03999999999999,3,4,4,4,0.2,0,0.0,2.309306666666668,False,,0,,0,,0,,0.8307692307692308,0.7428489888067012,1.0,0.17894736842105263,Osimertinib,0.16923076923076918,0.8210526315789474,0.0,0.7239806606414247,1.0,0.9552631578947368,0.0,0.6698109546340404,1.0,1.0,0.0,-0.8930812728453872,5.976527299808534,0.33324063240165774,-0.0,0.5724696356275303,6.882237567837723,0.0,0.0,1.1901319866003037,0.875,0.0,2.327631986600304,0.35,medium,uncertain_prediction;agents_strongly_disagree,4.554605581237419,False,fail,True,high_model_uncertainty,0.15205913410770855,0.8711721224920802,0.8848996832101372,0.11298838437170011,0.8780359028511088,0.019535374868004225,0.14889123548046462,0.0021119324181626186,0.3979936642027455,0.38083421330517425,7.359829964881017,878,1.5,0.4866066372036286,2,925,47,0,reject,COC(C)(C)COc1cnccc1-c1[nH]c2c(c1Nc1cccc(F)c1C)C(=O)NCC2
COc1nc(N[C@H](C)c2ccccc2)c2cc(-c3ccc(C(N)=O)cc3OC)[nH]c2n1,6.575401306611969,0.421247897200643,0.41985913312563966,417.4690000000002,3.9141000000000012,115.15000000000002,3,6,4,7,0.17391304347826086,0,0.0,3.299793333333335,False,,0,,0,,0,,0.7741935483870968,0.6046029835461708,0.8265508791748559,0.1935483870967742,Osimertinib,0.22580645161290325,0.8064516129032258,0.0,0.5540073950139737,1.0,0.8215260626069485,0.0,0.5938833644052306,1.0,1.0,0.0,-0.7918444858736408,5.943529460811004,-0.05771856252653447,-0.0,0.5501861068904881,6.435997005174958,0.0,0.0,0.4818718458009644,0.875,0.0,1.6193718458009643,0.35,medium,uncertain_prediction;agents_strongly_disagree,4.816625159373993,False,fail,True,high_model_uncertainty,0.04329461457233368,0.17898627243928195,0.09714889123548047,0.368532206969377,0.31626187961985214,0.019535374868004225,0.14889123548046462,0.06441393875395987,0.14355860612460403,0.13809398099260825,6.608267332524482,933,1.5,0.4573379365651231,2,926,0,7,reject,COc1cc(C(N)=O)ccc1-c1cc2c(N[C@H](C)c3ccccc3)ncnc2[nH]1
COc1cnccc1-c1[nH]c2c(c1Nc1cccc(F)c1Br)C(=O)NCC2,7.3614123611163516,0.8600956029463398,0.583429921973697,431.26500000000016,4.016400000000002,79.03999999999999,3,4,4,4,0.15789473684210525,0,0.0,2.7417666666666674,False,,0,,0,,0,,0.8333333333333334,0.7131074736708539,1.0,0.17708333333333334,Osimertinib,0.16666666666666663,0.8229166666666666,0.0,0.6654338929829693,1.0,0.9557291666666666,0.0,0.655290764912409,1.0,1.0,0.0,-0.873721019883212,6.071268956696842,0.18795439565790745,-0.0,0.5718749999999999,6.831098352354749,0.0,0.0,1.1401434044195098,0.875,0.0,2.2776434044195097,0.35,medium,uncertain_prediction;agents_strongly_disagree,4.553454947935239,False,fail,True,high_model_uncertainty,0.1562829989440338,0.6948257655755016,0.5712777191129884,0.10190073917634636,0.8780359028511088,0.019535374868004225,0.14889123548046462,0.0031678986272439284,0.3153643083421331,0.3232312565997888,7.209535522365308,893,1.5,0.41633245585498635,2,927,34,0,reject,COCCOc1cnccc1-c1[nH]c2c(c1Nc1cccc(F)c1Br)C(=O)NCC2
[2H]C([2H])([2H])Oc1ccccc1-c1cc2c(N[C@H](CO)c3ccccc3)nc(Cl)nc2[nH]1,6.764231822704829,0.538948422574749,0.4190021202381694,397.880305334,4.432400000000002,83.06,3,5,4,6,0.14285714285714285,0,0.0,3.06920203556,False,,0,,0,,0,,0.75,0.6209744206237895,0.8563171284068899,0.18478260869565216,Osimertinib,0.25,0.8152173913043479,0.0,0.5624049339940702,1.0,0.8460421941312544,0.0,0.6021117820313311,1.0,1.0,0.0,-0.8028157093751082,5.955809188842705,-0.027092470810116294,-0.0,0.5711444994930268,6.499861217525616,0.0,0.0,0.6584226338621235,0.875,0.0,1.7959226338621235,0.35,medium,uncertain_prediction;agents_strongly_disagree,4.703938583663493,False,fail,True,high_model_uncertainty,0.08342133051742344,0.17529039070749736,0.2914466737064414,0.47729672650475186,0.39493136219640973,0.019535374868004225,0.14889123548046462,0.01900739176346357,0.2117740232312566,0.185480464625132,6.753990045403124,926,1.5,0.4015151412136504,2,928,2,0,reject,[2H]C([2H])([2H])Oc1ccccc1-c1cc2c(N[C@H](CO)c3ccccc3)ncnc2[nH]1
COc1cc(C(N)=O)ccc1-c1cc2c(N[C@H](C)c3ccccc3)nc(N)nc2[nH]1,6.474840545922629,0.39282677846032604,0.39026395185598056,402.4580000000001,3.4877000000000002,131.94,4,6,4,6,0.13636363636363635,0,0.0,3.0997200000000005,False,,1,aniline,0,,0,,0.7741935483870968,0.6089457065508657,0.834446739183392,0.1935483870967742,Osimertinib,0.22580645161290325,0.8064516129032258,0.0,0.5454251735207893,0.88,0.8274479576133504,0.0,0.563218282783535,0.88,0.88,0.12,-0.7509577103780467,5.88560037823214,-0.06105768450765584,-0.2,0.5521600718926222,6.176702765617106,0.0,0.0,0.439240167690489,0.7250000000000001,0.0,1.426740167690489,0.35,medium,uncertain_prediction;agents_strongly_disagree,4.749962597926618,False,fail,True,high_model_uncertainty,0.01689545934530095,0.08870116156282999,0.26874340021119325,0.368532206969377,0.32840549102428723,0.07074973600844774,0.14889123548046462,0.08342133051742344,0.13936114044350584,0.14107708553326295,6.343936134149313,943,1.5,0.394255100566534,2,929,0,14,reject,COc1cc(C(N)=O)ccc1-c1cc2c(N[C@H](C)c3ccccc3)ncnc2[nH]1
[2H]C([2H])([2H])Oc1ccccc1-c1cc2c(N[C@H](CO)c3ccccc3)nc(N)nc2[nH]1,6.751312101876994,0.5296316765194181,0.40958309672052884,378.45030533400006,3.361200000000001,109.07999999999998,4,6,4,6,0.14285714285714285,0,0.0,2.939668702226667,False,,1,aniline,0,,0,,0.7796610169491526,0.6463864820364281,0.9025208764298692,0.1595744680851064,Osimertinib,0.22033898305084743,0.8404255319148937,0.0,0.5622065223414191,0.88,0.8869970403011254,0.0,0.5823008906606362,0.8869970403011254,0.8869970403011254,0.11300295969887464,-0.7764011875475149,5.956864587097867,-0.01708149432775697,-0.2,0.5769104210548167,6.3166935138249265,0.0,0.0,0.6444475147791272,0.7337463003764066,0.0,1.6406938151555337,0.35,medium,uncertain_prediction;agents_strongly_disagree,4.675999698669393,False,fail,True,high_model_uncertainty,0.08130939809926083,0.15205913410770855,0.42027455121436114,0.33368532206969376,0.5163674762407603,0.0665258711721225,0.14889123548046462,0.021119324181626188,0.196779303062302,0.19683210137275609,6.552828677499689,936,1.5,0.3871982203166997,2,930,0,6,reject,[2H]C([2H])([2H])Oc1ccccc1-c1cc2c(N[C@H](CO)c3ccccc3)ncnc2[nH]1
COc1nc(N[C@H](CO)c2ccccc2)c2cc(-c3ccc(CO)cc3)[nH]c2n1,6.783413386763583,0.5497202631418707,0.3861837707859718,390.4430000000001,3.271300000000001,103.29,4,6,4,7,0.18181818181818182,0,0.0,3.1196200000000007,False,,0,,0,,0,,0.6724137931034483,0.5724784139196589,0.7681425707630162,0.16483516483516483,Osimertinib,0.3275862068965517,0.8351648351648352,0.0,0.5424156893168999,1.0,0.784898136863471,0.0,0.5818284565450927,1.0,1.0,0.0,-0.775771275393457,5.958832992050777,-0.0635774110322101,-0.0,0.5899988863436528,6.485254467362219,0.0,0.0,0.6745803947128062,0.875,0.0,1.8120803947128061,0.35,medium,uncertain_prediction;agents_strongly_disagree,4.673174072649413,False,fail,True,high_model_uncertainty,0.08658922914466737,0.0839493136219641,0.22650475184794086,0.8727560718057022,0.13199577613516367,0.019535374868004225,0.14889123548046462,0.01689545934530095,0.2642819429778247,0.17938225976768743,6.802392798935609,921,1.5,0.3634327843706373,2,931,10,0,reject,OCc1ccc(-c2cc3c(N[C@H](CO)c4ccccc4)ncnc3[nH]2)cc1
OC[C@@H](Nc1nc(Cl)nc2[nH]c(-c3ccccc3)cc12)c1ccccc1,6.520181052489467,0.5445465243262229,0.45805827207557576,364.8360000000001,4.423800000000003,73.83,3,4,4,5,0.1,0,0.0,2.7489066666666675,False,,0,,0,,0,,0.68,0.6003775190326914,0.8188682164230752,0.15294117647058825,Osimertinib,0.31999999999999995,0.8470588235294118,0.0,0.5962048701543872,1.0,0.8259158681996593,0.0,0.6055301845885116,1.0,1.0,0.0,-0.8073735794513488,5.703361266000133,0.05572227207557567,-0.0,0.6028347011645923,6.3619182392403015,0.0,0.0,0.6668197864893344,0.875,0.0,1.8043197864893343,0.35,medium,uncertain_prediction;agents_strongly_disagree,4.557598452750967,False,fail,True,high_model_uncertainty,0.024287222808870117,0.34107708553326294,0.5654699049630412,0.8431890179514255,0.2914466737064414,0.019535374868004225,0.14889123548046462,0.01795142555438226,0.3326029567053854,0.2461985216473073,6.761041787286764,924,1.5,0.32803667872773623,2,932,8,0,reject,OC[C@@H](Nc1ncnc2[nH]c(-c3ccccc3)cc12)c1ccccc1
C[C@@H](Nc1nc(F)nc2[nH]c(-c3ccc(CO)cc3)cc12)c1ccccc1,6.337202074090335,0.47985713518801115,0.4593004645012652,362.4080000000001,4.429400000000003,73.83,3,4,4,5,0.14285714285714285,0,0.0,2.7327200000000005,False,,0,,0,,0,,0.7090909090909091,0.580479304160595,0.7826896439283545,0.175,Afatinib,0.2909090909090909,0.825,0.0,0.5975106400910806,1.0,0.7932672329462658,0.0,0.5976944682593366,1.0,1.0,0.0,-0.7969259576791154,5.617416371308319,0.06367817878697946,-0.0,0.5740815018911796,6.255176051986478,0.0,0.0,0.5697857027820167,0.875,0.0,1.7072857027820165,0.35,medium,uncertain_prediction;agents_strongly_disagree,4.547890349204462,False,fail,True,high_model_uncertainty,0.006335797254487857,0.3474128827877508,0.5755015839493136,0.6985216473072862,0.18373812038014783,0.019535374868004225,0.14889123548046462,0.03273495248152059,0.298363252375924,0.21826821541710667,6.6132119548375865,932,1.5,0.2848122077049897,2,933,1,0,reject,C[C@@H](Nc1ncnc2[nH]c(-c3ccc(CO)cc3)cc12)c1ccccc1
C/C=C/C(=O)Cc1ccc2nc(C)nc(Nc3cccc(Br)c3)c2c1,6.816247470324387,0.550819769832289,0.6076838341050834,396.28800000000007,5.132020000000003,54.88,1,4,3,5,0.15,1,0.45,2.4085866666666673,False,,0,,0,,0,,0.7413793103448276,0.6329198225660194,0.8780360410291261,0.21839080459770116,Osimertinib,0.2586206896551724,0.7816091954022988,0.0,0.6415881600398472,1.0,0.8539293296224193,0.0,0.6238793724155667,1.0,1.0,0.0,-0.8318391632207556,5.990017815575953,-0.4386041658949167,-0.0,0.5703710792227987,6.121784728903835,0.0,0.0,0.6762296547484334,0.875,0.0,1.8137296547484334,0.35,medium,uncertain_prediction;agents_strongly_disagree,4.308055074155401,False,fail,True,high_model_uncertainty,0.09292502639915523,0.7386483632523759,0.8542766631467793,0.5316789862724393,0.45406546990496305,0.019535374868004225,0.14889123548046462,0.01583949313621964,0.4240232312565998,0.340311510031679,6.630612606411755,930,1.5,0.1914288861934157,2,934,4,0,reject,C/C=C/C(=O)Cc1ccc2ncnc(Nc3cccc(Br)c3)c2c1
COc1cc(C(N)=O)ccc1-c1cc2c(N[C@H](C)c3ccccc3)nc(F)nc2[nH]1,6.410371619266105,0.47514107021490876,0.419852774324203,405.43300000000005,4.044600000000002,105.91999999999999,3,5,4,6,0.13636363636363635,0,0.0,3.119553333333334,False,,0,,0,,0,,0.7741935483870968,0.6089848301815386,0.8345178730573428,0.21978021978021978,Osimertinib,0.22580645161290325,0.7802197802197802,0.0,0.5609362053654912,1.0,0.8209433498479521,0.0,0.5954698888033608,1.0,1.0,0.0,-0.7939598517378145,5.697660013943741,-0.03444386203943348,-0.0,0.5443083055560762,6.2075244574603845,0.0,0.0,0.5627116053223631,0.875,0.0,1.700211605322363,0.35,medium,uncertain_prediction;agents_strongly_disagree,4.507312852138021,False,fail,True,high_model_uncertainty,0.010559662090813094,0.17634635691657866,0.2375923970432946,0.368532206969377,0.32946145723336856,0.019535374868004225,0.14889123548046462,0.0337909186906019,0.14936642027455121,0.14171066525871176,6.386764161789846,942,1.5,0.15236565044847517,2,935,0,7,reject,COc1cc(C(N)=O)ccc1-c1cc2c(N[C@H](C)c3ccccc3)ncnc2[nH]1
COc1cnccc1-c1[nH]c2c(c1Nc1cc(F)cc(F)c1OC)C(=O)NCC2,7.255025296681267,0.9348144985714859,0.6110235583531365,400.38500000000016,3.401600000000001,88.27000000000001,3,5,4,5,0.2,0,0.0,2.6359000000000012,False,,0,,0,,0,,0.8484848484848485,0.7303004373695261,1.0,0.18947368421052632,Osimertinib,0.1515151515151515,0.8105263157894737,0.0,0.6846821878634558,1.0,0.9526315789473684,0.0,0.6593284417027061,1.0,1.0,0.0,-0.8791045889369414,5.852803548824038,0.23563855835313635,-0.0,0.5613397129186602,6.649781820095835,0.0,0.0,1.2522217478572288,0.875,0.0,2.3897217478572292,0.35,medium,uncertain_prediction;agents_strongly_disagree,4.2600600722386055,False,fail,True,high_model_uncertainty,0.14361140443505807,0.7708553326293559,0.6473072861668426,0.05385427666314678,0.8780359028511088,0.019535374868004225,0.14889123548046462,0.0010559662090813093,0.3266631467793031,0.33352692713833154,7.0417775962309985,904,1.5,0.13529238480460393,2,936,32,0,reject,COc1c(F)cc(F)cc1Nc1c(-c2ccncc2OCC(C)(C)OC)[nH]c2c1C(=O)NCC2
COc1nc(N[C@H](CO)c2ccccc2)c2cc(-c3ccccc3OC)[nH]c2n1,6.570132171882759,0.5800741471284192,0.4446694417376234,390.4430000000001,3.787600000000001,92.29,3,6,4,7,0.18181818181818182,0,0.0,3.1196200000000007,False,,0,,0,,0,,0.7368421052631579,0.6429716071975284,0.8963120130864153,0.19318181818181818,Osimertinib,0.26315789473684215,0.8068181818181819,0.0,0.5745828083403082,1.0,0.8739385552693568,0.0,0.6121303409024162,1.0,1.0,0.0,-0.8161737878698884,5.70002095119013,-0.005091740080558519,-0.0,0.5845445104486373,6.279473721558208,0.0,0.0,0.7201112206926288,0.875,0.0,1.8576112206926287,0.35,medium,uncertain_prediction;agents_strongly_disagree,4.421862500865579,False,fail,True,high_model_uncertainty,0.03907074973600845,0.27243928194297784,0.22650475184794086,0.5575501583949314,0.4968321013727561,0.019535374868004225,0.14889123548046462,0.014783526927138331,0.21755543822597678,0.19825765575501586,6.54054024742938,937,1.5,0.13477168777159854,2,937,0,0,reject,COc1ccccc1-c1cc2c(N[C@H](CO)c3ccccc3)ncnc2[nH]1
COc1nc(N[C@H](CO)c2ccccc2)c2cc(-c3ccncc3OC)[nH]c2n1,6.732369953617503,0.6316891568128802,0.4442596553343351,391.4310000000001,3.1826000000000008,105.17999999999999,3,7,4,7,0.19047619047619047,0,0.0,3.126206666666668,False,,0,,0,,0,,0.7540983606557377,0.6028950131371151,0.8234454784311183,0.18478260869565216,Osimertinib,0.24590163934426235,0.8152173913043479,0.0,0.5741040924851664,1.0,0.8213884566494256,0.0,0.598873137283648,1.0,1.0,0.0,-0.7984975163781973,5.7848362183981825,-0.005623725618046013,-0.0,0.561082324704002,6.340294817484139,0.0,0.0,0.7975337352193204,0.875,0.0,1.9350337352193203,0.35,medium,uncertain_prediction;agents_strongly_disagree,4.405261082264818,False,fail,True,high_model_uncertainty,0.07708553326293559,0.26504751847940866,0.21119324181626187,0.46462513199577615,0.30675818373812036,0.019535374868004225,0.14889123548046462,0.009503695881731784,0.21230200633579727,0.17845828933474128,6.595057225087096,935,1.5,0.09441102946650837,2,938,3,0,reject,COc1cnccc1-c1cc2c(N[C@H](CO)c3ccccc3)ncnc2[nH]1
OCc1ccc(-c2cc3c(N[C@H](CO)c4ccccc4)nc(F)nc3[nH]2)cc1,6.571983623499411,0.5895632044986675,0.38594416549500005,378.40700000000004,3.4018000000000006,94.06,4,5,4,6,0.14285714285714285,0,0.0,2.9393800000000003,False,,0,,0,,0,,0.7090909090909091,0.6000900712191035,0.8183455840347336,0.16049382716049382,Afatinib,0.2909090909090909,0.8395061728395061,0.0,0.5492162140991732,1.0,0.8236357312359268,0.0,0.593212986333775,1.0,1.0,0.0,-0.7909506484450333,5.687638816751409,-0.04067712021928572,-0.0,0.5873473387696262,6.23430903530175,0.0,0.0,0.7343448067480013,0.875,0.0,1.8718448067480014,0.35,medium,uncertain_prediction;agents_strongly_disagree,4.3624642285537485,False,fail,True,high_model_uncertainty,0.04118268215417107,0.0791974656810982,0.43400211193241817,0.6985216473072862,0.29039070749736007,0.019535374868004225,0.14889123548046462,0.013727560718057022,0.2391763463569166,0.1840549102428722,6.52132065093005,938,1.5,0.058330120845194955,2,939,1,0,reject,OCc1ccc(-c2cc3c(N[C@H](CO)c4ccccc4)ncnc3[nH]2)cc1
O=C(/C=C\Cl)Cc1cc2c(Nc3cccc(Br)c3)nc(Cl)nc2cn1,6.61129226115299,0.4309459764491943,0.4464547508463848,438.112,5.048400000000002,67.77000000000001,1,5,3,5,0.058823529411764705,1,0.45,2.6874133333333337,False,,0,,0,,0,,0.7719298245614035,0.6540757912150102,0.9165014385727458,0.2625,Sunvozertinib,0.22807017543859653,0.7375,0.0,0.5421880616834605,1.0,0.8717510789295593,0.0,0.603484785153255,1.0,1.0,0.0,-0.80464638020434,5.964873296479198,-0.6507748962124388,-0.0,0.5530069385905549,5.867105338857314,0.0,0.0,0.4964189646737915,0.875,0.0,1.6339189646737915,0.35,medium,uncertain_prediction;agents_strongly_disagree,4.233186374183523,False,fail,True,high_model_uncertainty,0.04963041182682154,0.28299894403379094,0.6098204857444561,0.3790918690601901,0.5496304118268216,0.019535374868004225,0.14889123548046462,0.06019007391763464,0.24622492080253433,0.23104540654699052,6.162575243820355,946,1.5,-0.014559137960088453,2,940,0,6,reject,O=C(/C=C\Cl)Cc1cc2c(Nc3cccc(Br)c3)ncnc2cn1
COc1cnccc1-c1cc2c(N[C@H](CO)c3ccccc3)nc(F)nc2[nH]1,6.601288315226711,0.6449045927419506,0.4449607272525235,379.39500000000004,3.3131000000000004,95.94999999999999,3,6,4,6,0.15,0,0.0,2.945966666666667,False,,0,,0,,0,,0.7419354838709677,0.6026914851962291,0.8230754276295073,0.2222222222222222,Osimertinib,0.25806451612903225,0.7777777777777778,0.0,0.5814219897324777,1.0,0.8117510151665749,0.0,0.5982932512247632,1.0,1.0,0.0,-0.7977243349663509,5.633931426113785,0.018065727252523464,-0.0,0.5552312224987747,6.207228375865083,0.0,0.0,0.8173568891129259,0.875,0.0,1.9548568891129259,0.35,medium,uncertain_prediction;agents_strongly_disagree,4.252371486752157,False,fail,True,high_model_uncertainty,0.048574445617740235,0.27983104540654696,0.4118268215417107,0.5216473072861668,0.3051742344244984,0.019535374868004225,0.14889123548046462,0.008447729672650475,0.24392819429778248,0.19767687434002112,6.4999422090224215,939,1.5,-0.03541626403981768,2,941,2,0,reject,COc1cnccc1-c1cc2c(N[C@H](CO)c3ccccc3)ncnc2[nH]1
COc1nc(N[C@H](CO)c2ccccc2)c2cc(-c3ccccc3)[nH]c2n1,6.49970551162668,0.6713057245921662,0.487358116928423,360.41700000000003,3.7790000000000017,83.05999999999999,3,5,4,6,0.14285714285714285,0,0.0,2.819446666666667,False,,0,,0,,0,,0.6415094339622641,0.5736315281679307,0.7702391421235103,0.17708333333333334,Lazertinib,0.3584905660377359,0.8229166666666666,0.0,0.6096067079003762,1.0,0.7834085232592993,0.0,0.5982538077899189,1.0,1.0,0.0,-0.7976717437198918,5.492746924738431,0.07872683121413726,-0.0,0.6007555402478587,6.172229296200427,0.0,0.0,0.8569585868882493,0.875,0.0,1.9944585868882492,0.35,medium,uncertain_prediction;agents_strongly_disagree,4.177770709312178,False,fail,True,high_model_uncertainty,0.01900739176346357,0.45987328405491024,0.5343189017951425,0.9514255543822597,0.13621964097148892,0.019535374868004225,0.14889123548046462,0.007391763463569166,0.37096092925026397,0.25409186906019005,6.617382411300744,931,1.5,-0.04231904781559459,2,942,11,0,reject,OC[C@@H](Nc1ncnc2[nH]c(-c3ccccc3)cc12)c1ccccc1
COc1ccccc1-c1cc2c(N[C@H](CO)c3ccccc3)nc(F)nc2[nH]1,6.418842913915637,0.6128191682445698,0.44312247179452097,378.40700000000004,3.9181000000000017,83.06,3,5,4,6,0.14285714285714285,0,0.0,2.9393800000000003,False,,0,,0,,0,,0.7241379310344828,0.6380705545318321,0.8874010082396947,0.23255813953488372,Osimertinib,0.27586206896551724,0.7674418604651163,0.0,0.5806642825639097,1.0,0.8574112212960501,0.0,0.6095188759649899,1.0,1.0,0.0,-0.8126918346199865,5.499614161548783,0.0165011860802352,-0.0,0.5762207412339413,6.092336088862959,0.0,0.0,0.7692287523668548,0.875,0.0,1.9067287523668548,0.35,medium,uncertain_prediction;agents_strongly_disagree,4.185607336496105,False,fail,True,high_model_uncertainty,0.012671594508975714,0.2576557550158395,0.43400211193241817,0.6282998944033791,0.4751847940865892,0.019535374868004225,0.14889123548046462,0.011615628299894404,0.24799366420274552,0.21362196409714887,6.389928485906254,941,1.5,-0.08304630658731638,2,943,2,0,reject,COc1ccccc1-c1cc2c(N[C@H](CO)c3ccccc3)ncnc2[nH]1
[2H]C([2H])([2H])Oc1ccccc1-c1cc2c(N[C@H](CO)c3ccccc3)nc(OC)nc2[nH]1,6.702695895360507,0.7126887008677355,0.44244447474168586,393.4613053340001,3.787600000000002,92.28999999999999,3,6,4,7,0.18181818181818182,0,0.0,3.1397420355600008,False,,0,,0,,0,,0.75,0.6354542786465976,0.8826441429938138,0.17204301075268819,Osimertinib,0.25,0.8279569892473118,0.0,0.5725851520479273,1.0,0.8689723545571884,0.0,0.6103893766512789,1.0,1.0,0.0,-0.8138525022017052,5.633662844058904,-0.010335012410496062,-0.0,0.5815481325226469,6.2048759641710545,0.0,0.0,0.9190330513016033,0.875,0.0,2.056533051301603,0.35,medium,uncertain_prediction;agents_strongly_disagree,4.148342912869452,False,fail,True,high_model_uncertainty,0.06969376979936642,0.25237592397043296,0.18743400211193242,0.47729672650475186,0.4656810982048574,0.019535374868004225,0.14889123548046462,0.006335797254487857,0.20541182682154174,0.18896515311510034,6.451370156356904,940,1.5,-0.14989890339242828,2,944,4,0,reject,[2H]C([2H])([2H])Oc1ccccc1-c1cc2c(N[C@H](CO)c3ccccc3)ncnc2[nH]1
[2H]C([2H])([2H])Oc1ccccc1-c1cc2c(N[C@H](CO)c3ccccc3)nc(F)nc2[nH]1,6.567692184759095,0.7305101412944521,0.44110465939095395,381.42530533400003,3.9181000000000017,83.06,3,5,4,6,0.14285714285714285,0,0.0,2.9595020355600004,False,,0,,0,,0,,0.7627118644067796,0.6307532358081375,0.8740967923784316,0.2,Osimertinib,0.23728813559322037,0.8,0.0,0.5787805612973325,1.0,0.8555725942838237,0.0,0.608588288895289,1.0,1.0,0.0,-0.8114510518603854,5.471926972817418,0.011465068342668189,-0.0,0.5653038591115571,6.0486959002716425,0.0,0.0,0.9457652119416782,0.875,0.0,2.0832652119416784,0.35,medium,uncertain_prediction;agents_strongly_disagree,3.965430688329964,False,fail,True,high_model_uncertainty,0.03590285110876452,0.24604012671594508,0.4028511087645195,0.4123548046462513,0.43664202745512143,0.019535374868004225,0.14889123548046462,0.005279831045406547,0.20826293558606124,0.18996832101372754,6.298611422974916,944,1.5,-0.3316073264535624,2,945,1,0,reject,[2H]C([2H])([2H])Oc1ccccc1-c1cc2c(N[C@H](CO)c3ccccc3)ncnc2[nH]1
C/C=C/C(=O)Cc1ccc2nc(Cl)nc(Nc3cccc(Br)c3)c2c1,6.394699948592702,0.48808895696647736,0.4420197893313679,416.7060000000001,5.477000000000003,54.88,1,4,3,5,0.10526315789473684,1,0.45,2.5447066666666673,False,,0,,0,,0,,0.7288135593220338,0.61872622534098,0.8522295006199635,0.2441860465116279,Osimertinib,0.27118644067796616,0.7558139534883721,0.0,0.545237550798919,1.0,0.8281256138370656,0.0,0.5933407911589962,1.0,1.0,0.0,-0.7911210548786616,5.662566513142986,-0.6291598948791586,-0.0,0.5618354595065873,5.595242077770415,0.0,0.0,0.5821334354497161,0.875,0.0,1.719633435449716,0.35,medium,uncertain_prediction;agents_strongly_disagree,3.8756086423206986,False,fail,True,high_model_uncertainty,0.008447729672650475,0.2470960929250264,0.7655755015839493,0.6024287222808871,0.38067581837381204,0.019535374868004225,0.14889123548046462,0.027455121436114043,0.2885427666314678,0.23268215417106655,5.941493397728176,947,1.5,-0.3701727726740214,2,946,0,1,reject,C/C=C/C(=O)Cc1ccc2ncnc(Nc3cccc(Br)c3)c2c1
OC[C@@H](Nc1nc(F)nc2[nH]c(-c3ccccc3)cc12)c1ccccc1,6.272163530131469,0.7427166100874041,0.4781867196092729,348.3810000000001,3.909500000000002,73.83,3,4,4,5,0.1,0,0.0,2.65,False,,0,,0,,0,,0.68,0.6029044835935544,0.8234626974428261,0.17105263157894737,Afatinib,0.31999999999999995,0.8289473684210527,0.0,0.6110796188620231,1.0,0.8248338651873827,0.0,0.6089783710123514,1.0,1.0,0.0,-0.8119711613498019,5.158088615000363,0.09068671960927294,-0.0,0.5985498848870223,5.847325219496659,0.0,0.0,0.9640749151311061,0.875,0.0,2.1015749151311063,0.35,medium,uncertain_prediction;agents_strongly_disagree,3.7457503043655525,False,fail,True,high_model_uncertainty,0.0010559662090813093,0.43189017951425557,0.6325237592397043,0.8431890179514255,0.30834213305174235,0.019535374868004225,0.14889123548046462,0.004223864836325237,0.3503695881731785,0.2605596620908131,6.267768725304473,945,1.5,-0.46657810112547216,2,947,2,0,reject,OC[C@@H](Nc1ncnc2[nH]c(-c3ccccc3)cc12)c1ccccc1
