smiles,predicted_pIC50,uncertainty,QED,MW,LogP,TPSA,HBD,HBA,ring_count,rotatable_bonds,fraction_csp3,lipinski_violations,penalty,SA_score,has_PAINS,PAINS_alert,structural_alert_count,structural_alerts,severe_alert_count_x,severe_alerts,covalent_warhead_count,covalent_warheads,max_train_similarity,top5_train_similarity,applicability_score,max_market_similarity,closest_market_name,novelty_score,market_novelty_score,potency_support,chemistry_support,safety_support,domain_support,agent_support_min,agent_support_mean,agent_support_max,agent_disagreement_score,multi_agent_balance,potency_vs_guardrails_gap,potency_reward,chemistry_reward,safety_reward,novelty_reward,naive_reward,applicability_penalty,market_copy_penalty,uncertainty_penalty,disagreement_penalty,reactivity_penalty,anti_hacking_penalty,reward_hacking_risk,reward_hacking_risk_level,reward_hacking_flags,verified_reward,audit_pass,audit_status,veto,veto_reasons,potency_percentile,qed_percentile,sa_percentile,novelty_percentile,applicability_percentile,balance_percentile,risk_percentile,uncertainty_percentile,naive_multi_objective_score,multi_objective_score,naive_score,naive_rank,audit_status_penalty,final_score,audit_priority,rank,audit_demote_positions,audit_promote_positions,selection_bucket,parent_seed,action_name,action_category,action_rule_source,reaction_family,synthetic_route,synthetic_feasibility_score,medchem_realism_score,transformation_confidence_score,preserves_scaffold,parent_similarity,property_support_score,category_priority_score,generator_priority_score,hard_constraint_pass,hard_constraint_notes,introduced_warhead,warhead_retained,alert_count,severe_alert_count_y,structural_guidance_score,structure_guidance_reference,structure_guidance_backend,adaptive_action_prior,ancestor_seed,lineage_depth,lineage_path,parent_predicted_pIC50,parent_QED,parent_final_score,parent_verified_reward,parent_reward_hacking_risk,ancestor_predicted_pIC50,ancestor_QED,ancestor_final_score,ancestor_verified_reward,ancestor_reward_hacking_risk,delta_predicted_pIC50,delta_QED,delta_final_score,delta_verified_reward,improved_over_parent_final_score,improved_over_parent_potency,improved_over_parent_qed,improved_over_parent_verified_reward,parent_improvement_count,lineage_root,generator_composite_score,closest_pose_reference,closest_pose_smiles,shape_similarity,protrude_similarity,usr_similarity,alignment_score_raw,alignment_score_norm,reference_docking_rescore,reference_backend,vina_affinity_kcal,vina_best_mode,vina_best_rmsd_lb,vina_best_rmsd_ub,vina_pose_count,vina_rescore,vina_status,docking_pose_path,docking_rescore,docking_backend,structural_priority_score,structural_rank,interaction_hbond_count,interaction_hydrophobic_count,interaction_aromatic_count,interaction_salt_bridge_count,interaction_key_residue_count,interaction_key_residues,interaction_top_residues,interaction_support_score,interaction_hinge_contact,interaction_summary,interaction_priority_score,interaction_rank
Cc1c(F)cccc1Nc1c(-c2ccncc2OCC(C)(C)F)[nH]c2c1C(=O)NCC2,9.312988403947166,0.0931255141360497,0.5347912011751007,426.46700000000016,4.680620000000003,79.04,3,4,4,6,0.3043478260869565,0,0.0,2.909780000000001,False,,0,,0,,0,,0.855072463768116,0.7615930735930736,1.0,0.1847826086956521,Afatinib,0.144927536231884,0.8152173913043479,0.8880592410915568,0.63222054526169,1.0,0.9538043478260868,0.63222054526169,0.8685210335448335,1.0,0.36777945473831,0.63222054526169,0.026050943395631,9.173300132743092,0.1287589837837962,-0.0,0.5597826086956521,9.861841725222542,0.0,0.0,0.0,0.0847243184228874,0.0,0.0847243184228874,0.0,low,,9.777117406799654,True,pass,False,,0.9793590439978272,0.7354698533405758,0.6632265073329712,0.0260727865290602,0.8967952199891364,0.948940793047257,0.846279196089082,0.8185768604019554,0.6925040738728951,0.7831884845192831,10.692846613870016,1,0.0,10.716943588222794,0,1,0,0,lead,COC(C)(C)COc1cnccc1-c1[nH]c2c(c1Nc1cccc(F)c1C)C(=O)NCC2,alcohol_fluorination,functional_group_swap,reaction_transform,functional_group_swap,halogen_exchange,0.74,0.66,0.7,True,0.855072463768116,0.7476187380560619,0.835,0.8868805473369185,True,,False,True,0,0,0.5477354796802559,Osimertinib,reference_ligand,0.7543213928155906,COC(C)(C)COc1cnccc1-c1[nH]c2c(c1Nc1cccc(F)c1C)C(=O)NCC2,1,COC(C)(C)COc1cnccc1-c1[nH]c2c(c1Nc1cccc(F)c1C)C(=O)NCC2 -> Cc1c(F)cccc1Nc1c(-c2ccncc2OCC(C)(C)F)[nH]c2c1C(=O)NCC2,9.64492553317416,0.5102437252597349,10.698916496302727,9.748407601490852,0.0,9.64492553317416,0.5102437252597349,10.698916496302727,9.748407601490852,0.0,-0.3319371292269935,0.0245474759153657,0.0180270919200662,0.0287098053088019,True,False,True,True,3,COC(C)(C)COc1cnccc1-c1[nH]c2c(c1Nc1cccc(F)c1C)C(=O)NCC2,11.828861284560722,Osimertinib,COc1cc2ncnc(Nc3ccc(F)c(Cl)c3)c2cc1NC(=O)C=C,0.3710646968925114,0.5897020725388601,0.5655284875615194,82.52527607935022,0.7472668949912042,0.5477354796802559,reference_ligand,-9.096,1,0.0,0.0,5,0.8192,ok,D:\ONCS 2026\egfr-drug-discovery-ml\reports\vina_poses\generated_analogs\row_001_rank_001_docked.pdbqt,0.7241874178880896,consensus_vina_reference,11.26008415163886,1,5,6,0,2,6,ALA743;ASP855;LEU718;LYS745;MET793;VAL726,LEU718;LYS745;ASP855;VAL726;MET793;ALA743,0.9600000000000001,True,"hbond:5;salt:2;key:ALA743,ASP855,LEU718,LYS745,MET793,VAL726",11.836084151638861,1
COCCOc1cnccc1-c1[nH]c2c(c1Nc1cccc(F)c1F)C(=O)NCC2,9.195620914997408,0.0991635878267117,0.5159436193393736,414.41200000000015,3.409600000000001,88.27000000000001,3,5,4,7,0.238095238095238,0,0.0,2.9294133333333345,False,,0,,0,,0,,0.8636363636363636,0.8388065517759973,1.0,0.2022471910112359,Afatinib,0.1363636363636363,0.797752808988764,0.8544907172706536,0.6210992470469119,1.0,0.949438202247191,0.6210992470469119,0.8562570416411892,1.0,0.3789007529530881,0.6210992470469119,-0.002355099160714,9.04687553325734,0.1003411431488972,-0.0,0.5506894790602656,9.697906155466503,0.0,0.0,0.0,0.0986259411913601,0.0,0.0986259411913601,0.0,low,,9.599280214275144,True,pass,False,,0.9478544269418794,0.7159152634437805,0.6333514394350896,0.0171102661596958,0.8967952199891364,0.937533948940793,0.846279196089082,0.7963063552417164,0.6681423139598044,0.7646659424225962,10.499676932218268,15,0.0,10.51687934518226,0,12,0,3,lead,COCCOc1cnccc1-c1[nH]c2c(c1Nc1cccc(F)c1Br)C(=O)NCC2,halogen_swap_35_to_9,atom_swap,atom_edit,halogen_scan,late_stage_halogen_exchange,0.83,0.8,0.76,True,0.8507462686567164,0.7300011994828901,0.72,0.8856919970872257,True,,False,True,0,0,0.6382271433298892,Osimertinib,reference_ligand,0.6249234126541244,COCCOc1cnccc1-c1[nH]c2c(c1Nc1cccc(F)c1Br)C(=O)NCC2,1,COCCOc1cnccc1-c1[nH]c2c(c1Nc1cccc(F)c1Br)C(=O)NCC2 -> COCCOc1cnccc1-c1[nH]c2c(c1Nc1cccc(F)c1F)C(=O)NCC2,9.559523279673453,0.4494765627387447,10.366273181537736,9.449797634522302,0.0,9.559523279673453,0.4494765627387447,10.366273181537736,9.449797634522302,0.0,-0.3639023646760453,0.0664670566006289,0.1506061636445235,0.149482579752842,True,False,True,True,3,COCCOc1cnccc1-c1[nH]c2c(c1Nc1cccc(F)c1Br)C(=O)NCC2,11.62014475976667,Osimertinib,COc1cc2ncnc(Nc3ccc(F)c(Cl)c3)c2cc1NC(=O)C=C,0.4449596996798056,0.6546458739441195,0.7365081654416734,101.90984167506018,0.8170417622591943,0.6382271433298892,reference_ligand,-8.638,1,0.0,0.0,5,0.7276,ok,D:\ONCS 2026\egfr-drug-discovery-ml\reports\vina_poses\generated_analogs\row_012_rank_012_docked.pdbqt,0.6963195001654612,consensus_vina_reference,11.039118970306356,11,5,6,0,2,6,ALA743;ASP855;LEU718;LYS745;MET793;VAL726,LYS745;VAL726;ASP855;ALA743;LEU718;MET793,0.9600000000000001,True,"hbond:5;salt:2;key:ALA743,ASP855,LEU718,LYS745,MET793,VAL726",11.615118970306357,2
Cc1c(F)cccc1Nc1c(-c2ccncc2OCC(C)(C)Cl)[nH]c2c1C(=O)NCC2,9.3564421264946,0.0596760280329853,0.4717817647627009,442.9220000000002,4.949920000000004,79.04,3,4,4,6,0.3043478260869565,0,0.0,3.019480000000001,False,,1,alkyl_halide,0,,0,,0.8428571428571429,0.7512434933487565,1.0,0.1827956989247312,Afatinib,0.1571428571428571,0.8172043010752688,0.9223373120005603,0.5933461244656393,0.88,0.9543010752688172,0.5933461244656393,0.8374961279337543,0.9543010752688172,0.3609549508031779,0.639045049196822,0.1131215787557414,9.266928084445125,0.0492945473713963,-0.2,0.5658755760368663,9.682098207853386,0.0,0.0,0.0,0.0761936885039724,0.0,0.0761936885039724,0.0,low,,9.605904519349414,True,pass,False,,0.9847908745247148,0.5649103747963063,0.5502444323737099,0.0513307984790874,0.8967952199891364,0.955458989679522,0.846279196089082,0.919608908202064,0.6489407930472568,0.7561651276480172,10.460827159510094,25,0.0,10.513302672527034,0,13,0,12,lead,COC(C)(C)COc1cnccc1-c1[nH]c2c(c1Nc1cccc(F)c1C)C(=O)NCC2,alcohol_chlorination,functional_group_swap,reaction_transform,functional_group_swap,halogen_exchange,0.72,0.64,0.68,True,0.8428571428571429,0.7212429700912794,0.835,0.7888531506359451,True,,False,True,1,0,0.5595211426488992,Osimertinib,reference_ligand,0.7017027659754891,COC(C)(C)COc1cnccc1-c1[nH]c2c(c1Nc1cccc(F)c1C)C(=O)NCC2,1,COC(C)(C)COc1cnccc1-c1[nH]c2c(c1Nc1cccc(F)c1C)C(=O)NCC2 -> Cc1c(F)cccc1Nc1c(-c2ccncc2OCC(C)(C)Cl)[nH]c2c1C(=O)NCC2,9.64492553317416,0.5102437252597349,10.698916496302727,9.748407601490852,0.0,9.64492553317416,0.5102437252597349,10.698916496302727,9.748407601490852,0.0,-0.2884834066795587,-0.038461960497034,-0.185613823775693,-0.1425030821414381,False,False,False,False,0,COC(C)(C)COc1cnccc1-c1[nH]c2c(c1Nc1cccc(F)c1C)C(=O)NCC2,11.544406329958118,Osimertinib,COc1cc2ncnc(Nc3ccc(F)c(Cl)c3)c2cc1NC(=O)C=C,0.3719407795346964,0.5992211585266916,0.6141472559409058,82.38438831780704,0.746672747672944,0.5595211426488992,reference_ligand,-8.884,1,0.0,0.0,5,0.7768,ok,D:\ONCS 2026\egfr-drug-discovery-ml\reports\vina_poses\generated_analogs\row_013_rank_013_docked.pdbqt,0.7007523999271148,consensus_vina_reference,11.03886697247237,12,4,7,0,2,6,ALA743;ASP855;LEU718;LYS745;MET793;VAL726,LEU718;LYS745;ASP855;VAL726;ALA743;MET793,0.9600000000000001,True,"hbond:4;salt:2;key:ALA743,ASP855,LEU718,LYS745,MET793,VAL726",11.61486697247237,3
COC(C)(C)COc1cnccc1-c1[nH]c2c(c1Nc1ccc(F)c(F)c1C)C(=O)NCC2,9.190569701430674,0.0265274741873878,0.4874169569745564,456.4930000000002,4.496620000000003,88.27000000000001,3,5,4,7,0.3333333333333333,0,0.0,3.2099533333333348,False,,0,,0,,0,,0.8571428571428571,0.7920360360360361,1.0,0.1666666666666666,Osimertinib,0.1428571428571429,0.8333333333333334,0.9040731934264968,0.5946195827462624,1.0,0.9583333333333334,0.5946195827462624,0.8642565273765231,1.0,0.4053804172537376,0.5946195827462624,0.0530888880666315,9.150778490149593,0.0392572903078896,-0.0,0.5642857142857143,9.754321494743197,0.0,0.0,0.0,0.131725521567172,0.0,0.131725521567172,0.0,low,,9.622595973176022,True,pass,False,,0.9456816947311244,0.6325366648560565,0.3109722976643129,0.024443237370994,0.8967952199891364,0.8810429114611624,0.846279196089082,0.9820749592612712,0.603598587724063,0.7236420423682781,10.47863980001207,20,0.0,10.490966424017955,0,17,0,3,lead,COC(C)(C)COc1cnccc1-c1[nH]c2c(c1Nc1cccc(F)c1C)C(=O)NCC2,decorate_fluoro,scaffold_decoration,scaffold_decoration,scaffold_decoration,late_stage_fluorination,0.88,0.82,0.8,True,0.8428571428571429,0.7239281831744909,0.893,0.9256880826849968,True,,False,True,0,0,0.6420761975448984,Osimertinib,reference_ligand,0.7050444491509569,COC(C)(C)COc1cnccc1-c1[nH]c2c(c1Nc1cccc(F)c1C)C(=O)NCC2,1,COC(C)(C)COc1cnccc1-c1[nH]c2c(c1Nc1cccc(F)c1C)C(=O)NCC2 -> COC(C)(C)COc1cnccc1-c1[nH]c2c(c1Nc1ccc(F)c(F)c1C)C(=O)NCC2,9.64492553317416,0.5102437252597349,10.698916496302727,9.748407601490852,0.0,9.64492553317416,0.5102437252597349,10.698916496302727,9.748407601490852,0.0,-0.4543558317434861,-0.0228267682851784,-0.2079500722847722,-0.12581162831483,False,False,False,False,0,COC(C)(C)COc1cnccc1-c1[nH]c2c(c1Nc1cccc(F)c1C)C(=O)NCC2,11.635235569142482,Osimertinib,COc1cc2ncnc(Nc3ccc(F)c(Cl)c3)c2cc1NC(=O)C=C,0.430745501285347,0.6806954826129347,0.8095361883926981,88.98834147449622,0.7730757515756014,0.6420761975448984,reference_ligand,-9.263,1,0.0,0.0,5,0.8526,ok,D:\ONCS 2026\egfr-drug-discovery-ml\reports\vina_poses\generated_analogs\row_017_rank_017_docked.pdbqt,0.7789166691407146,consensus_vina_reference,11.075153925873492,5,6,3,0,1,7,ALA743;ASP800;ASP855;LEU718;LYS745;MET793;VAL726,LYS745;VAL726;ASP855;MET793;ALA743;LEU788,0.88,True,"hbond:6;salt:1;key:ALA743,ASP800,ASP855,LEU718,LYS745,MET793,VAL726",11.603153925873492,4
COCCOc1cnccc1-c1[nH]c2c(c1Nc1cccc(F)c1Cl)C(=O)NCC2,9.21256719455669,0.069391470086411,0.4942665847544341,430.8670000000001,3.9239000000000015,88.27000000000001,3,5,4,7,0.238095238095238,0,0.0,3.0391133333333347,False,,0,,0,,0,,0.8382352941176471,0.8148096052755591,1.0,0.198019801980198,Gefitinib,0.1617647058823529,0.801980198019802,0.879567769578685,0.6049576472559643,1.0,0.9504950495049505,0.6049576472559643,0.8587551165848999,1.0,0.3950423527440356,0.6049576472559643,0.0277502039917134,9.108479989427074,0.0622091085639577,-0.0,0.5633881770529994,9.734077275044031,0.0,0.0,0.0,0.1188029409300445,0.0,0.1188029409300445,0.0,low,,9.615274334113987,True,pass,False,,0.955458989679522,0.6539923954372624,0.5203693644758284,0.0602933188484519,0.8967952199891364,0.915263443780554,0.846279196089082,0.8946224877783813,0.6508690928843021,0.7533677349266703,10.515120186505191,12,0.0,10.519315616025992,0,11,0,1,lead,COCCOc1cnccc1-c1[nH]c2c(c1Nc1cccc(F)c1Br)C(=O)NCC2,aryl_br_to_cl,mmp,matched_molecular_pair,matched_molecular_pair,halogen_scan,0.8,0.77,0.74,True,0.8260869565217391,0.7217908079566983,0.8600000000000001,0.8985085179409044,True,,False,True,0,0,0.6369462353929052,Osimertinib,reference_ligand,0.6718869262410909,COCCOc1cnccc1-c1[nH]c2c(c1Nc1cccc(F)c1Br)C(=O)NCC2,1,COCCOc1cnccc1-c1[nH]c2c(c1Nc1cccc(F)c1Br)C(=O)NCC2 -> COCCOc1cnccc1-c1[nH]c2c(c1Nc1cccc(F)c1Cl)C(=O)NCC2,9.559523279673453,0.4494765627387447,10.366273181537736,9.449797634522302,0.0,9.559523279673453,0.4494765627387447,10.366273181537736,9.449797634522302,0.0,-0.3469560851167621,0.0447900220156894,0.1530424344882561,0.1654766995916858,True,False,True,True,3,COCCOc1cnccc1-c1[nH]c2c(c1Nc1cccc(F)c1Br)C(=O)NCC2,11.633996944486618,Osimertinib,COc1cc2ncnc(Nc3ccc(F)c(Cl)c3)c2cc1NC(=O)C=C,0.4344111603763383,0.6497897120672922,0.7541675550115002,101.71396652373018,0.8164435033817135,0.6369462353929052,reference_ligand,-8.224,1,0.0,0.0,5,0.6448,ok,D:\ONCS 2026\egfr-drug-discovery-ml\reports\vina_poses\generated_analogs\row_011_rank_011_docked.pdbqt,0.6420511823875168,consensus_vina_reference,11.000854002816627,16,3,6,0,2,6,ALA743;ASP855;LEU718;LYS745;MET793;VAL726,LYS745;LEU718;ASP855;VAL726;MET793;ALA743,0.9600000000000001,True,"hbond:3;salt:2;key:ALA743,ASP855,LEU718,LYS745,MET793,VAL726",11.576854002816628,5
CCOc1cc(C#N)ccc1-c1cc2c(N[C@H](CO)c3ccccc3)ncnc2[nH]1,9.342103503175382,0.073671521863939,0.4329281019502228,399.45400000000006,4.0407800000000025,106.85,3,6,4,7,0.1739130434782608,0,0.0,3.179693333333334,False,,0,,0,,0,,0.7704918032786885,0.6864847242921013,0.975426771440184,0.1954022988505747,Afatinib,0.2295081967213115,0.8045977011494253,0.9089558104890882,0.5658145586367251,1.0,0.9327195038674944,0.5658145586367251,0.851872468248327,1.0,0.4341854413632748,0.5658145586367251,0.0761111229876817,9.231596220379474,-0.0266345937019511,-0.0,0.5885146917294637,9.793476318406986,0.0,0.0,0.0,0.1677318017040935,0.0,0.1677318017040935,0.0,low,,9.625744516702891,True,pass,False,,0.984247691472026,0.3642042368278109,0.3565996740901684,0.3134166214014123,0.7495926127104834,0.7457903313416622,0.846279196089082,0.8783269961977186,0.6319255839217817,0.6949891363389461,10.551787019113124,8,0.0,10.459731480309628,0,19,11,0,lead,CCOc1ccccc1-c1cc2c(N[C@H](CO)c3ccccc3)ncnc2[nH]1,decorate_cyano,scaffold_decoration,scaffold_decoration,scaffold_decoration,snar_cyano_diversification,0.77,0.76,0.74,True,0.7704918032786885,0.6975098752145082,0.893,0.8967794491603727,True,,False,True,0,0,0.701310413256143,Afatinib,reference_ligand,0.6982605048583755,CCOc1ccccc1-c1cc2c(N[C@H](CO)c3ccccc3)ncnc2[nH]1,1,CCOc1ccccc1-c1cc2c(N[C@H](CO)c3ccccc3)ncnc2[nH]1 -> CCOc1cc(C#N)ccc1-c1cc2c(N[C@H](CO)c3ccccc3)ncnc2[nH]1,9.6213947221666,0.4521900852216164,10.64509070761073,9.696207052989768,0.0,9.6213947221666,0.4521900852216164,10.64509070761073,9.696207052989768,0.0,-0.2792912189912186,-0.0192619832713935,-0.1853592273011024,-0.0704625362868753,False,False,False,False,0,CCOc1ccccc1-c1cc2c(N[C@H](CO)c3ccccc3)ncnc2[nH]1,11.577275416424811,Afatinib,CN(C)CCOC1=CC2=C(NC3=CC=CC=C3F)N=CN=C2C=C1,0.5132312804082118,0.7601054481546573,0.8426301405483306,97.94071444398072,0.8045293894906851,0.701310413256143,reference_ligand,-8.599,1,0.0,0.0,5,0.7198,ok,D:\ONCS 2026\egfr-drug-discovery-ml\reports\vina_poses\generated_analogs\row_019_rank_019_docked.pdbqt,0.7133286446396501,consensus_vina_reference,10.994727963789366,18,4,4,0,2,7,ALA743;ASP800;ASP855;LEU718;LYS745;MET793;VAL726,ASP855;LYS745;LEU718;MET793;ALA743;VAL726,0.9066666666666666,True,"hbond:4;salt:2;key:ALA743,ASP800,ASP855,LEU718,LYS745,MET793,VAL726",11.538727963789366,6
CC(Nc1ncnc2[nH]c(-c3ccc(CO)cc3O)cc12)c1ccccc1,9.16692333454908,0.06052052198879,0.4315961143710816,360.4170000000001,3.9959000000000016,94.06,4,5,4,5,0.1428571428571428,0,0.0,2.7194466666666672,False,,0,,0,,0,,0.7894736842105263,0.6951913326292671,0.9912569684168492,0.2025316455696202,Afatinib,0.2105263157894736,0.7974683544303798,0.8743664682451171,0.5827837603399924,1.0,0.9428098149202316,0.5827837603399924,0.8499900108763353,1.0,0.4172162396600076,0.5827837603399924,0.0325019431583757,9.076142551565896,0.0379648286567957,-0.0,0.5817915905385894,9.69589897076128,0.0,0.0,0.0,0.1465202995750095,0.0,0.1465202995750095,0.0,low,,9.549378671186272,True,pass,False,,0.9402498642042368,0.360673546985334,0.7284084736556219,0.2213470939706681,0.78164041281912,0.830526887561108,0.846279196089082,0.9163498098859316,0.6487778381314503,0.7228136882129278,10.47443237651902,22,0.0,10.416755097041785,0,26,4,0,advance,COc1cc(CO)ccc1-c1cc2c(NC(C)c3ccccc3)ncnc2[nH]1,anisole_to_phenol,mmp,matched_molecular_pair,matched_molecular_pair,demethylation,0.82,0.77,0.75,True,0.7894736842105263,0.7203826736958593,0.8600000000000001,0.9074226528483512,True,,False,True,0,0,0.7028088133804978,Afatinib,reference_ligand,0.6990024669323672,COc1cc(CO)ccc1-c1cc2c(NC(C)c3ccccc3)ncnc2[nH]1,1,COc1cc(CO)ccc1-c1cc2c(NC(C)c3ccccc3)ncnc2[nH]1 -> CC(Nc1ncnc2[nH]c(-c3ccc(CO)cc3O)cc12)c1ccccc1,9.481133391168196,0.468660740099691,10.493658403040255,9.54718843465248,0.0,9.481133391168196,0.468660740099691,10.493658403040255,9.54718843465248,0.0,-0.3142100566191157,-0.0370646257286094,-0.0769033059984707,0.0021902365337922,False,False,False,True,1,COc1cc(CO)ccc1-c1cc2c(NC(C)c3ccccc3)ncnc2[nH]1,11.548266164971244,Afatinib,CN(C)CCOC1=CC2=C(NC3=CC=CC=C3F)N=CN=C2C=C1,0.5423924180327868,0.7422011917280056,0.8102698020513696,99.61516556804196,0.8099090732525894,0.7028088133804978,reference_ligand,-8.96,1,0.0,0.0,5,0.7920000000000001,ok,D:\ONCS 2026\egfr-drug-discovery-ml\reports\vina_poses\generated_analogs\row_026_rank_026_docked.pdbqt,0.7607830846831743,consensus_vina_reference,10.987342410554165,21,3,4,0,2,6,ALA743;ASP855;LEU718;LYS745;MET793;VAL726,ASP855;LYS745;MET793;LEU718;VAL726;ALA743,0.9066666666666666,True,"hbond:3;salt:2;key:ALA743,ASP855,LEU718,LYS745,MET793,VAL726",11.531342410554165,7
[2H]C([2H])([2H])Oc1cc(C)ccc1-c1cc2c(N[C@H](CO)c3ccccc3)ncnc2[nH]1,9.183692527129926,0.0677958601826754,0.4714033281284183,377.462305334,4.0874200000000025,83.06,3,5,4,6,0.1818181818181818,0,0.0,2.93308203556,False,,0,,0,,0,,0.8275862068965517,0.7509140667761357,1.0,0.2087912087912088,Osimertinib,0.1724137931034483,0.7912087912087912,0.8734660296546087,0.5964609829490917,1.0,0.9478021978021978,0.5964609829490917,0.8544323026014746,1.0,0.4035390170509083,0.5964609829490917,0.0253783027375122,9.081998736855914,0.0496228409762365,-0.0,0.564948844259189,9.69657042209134,0.0,0.0,0.0,0.1294237713136354,0.0,0.1294237713136354,0.0,low,,9.567146650777705,True,pass,False,,0.9429657794676806,0.5573058120586638,0.6319934818033678,0.0928843020097772,0.8967952199891364,0.888647474198805,0.846279196089082,0.9005975013579577,0.6491716458446497,0.7471754481260184,10.47557639710492,21,0.0,10.463757188528929,0,18,0,3,lead,[2H]C([2H])([2H])Oc1ccccc1-c1cc2c(N[C@H](CO)c3ccccc3)ncnc2[nH]1,append_methyl,append_group,append_group,late_stage_diversification,append_group_scan,0.74,0.63,0.64,True,0.8275862068965517,0.7208751978083721,0.573,0.8439285538719571,True,,False,True,0,0,0.6839681730891992,Afatinib,reference_ligand,0.6902839078638277,[2H]C([2H])([2H])Oc1ccccc1-c1cc2c(N[C@H](CO)c3ccccc3)ncnc2[nH]1,1,[2H]C([2H])([2H])Oc1ccccc1-c1cc2c(N[C@H](CO)c3ccccc3)ncnc2[nH]1 -> [2H]C([2H])([2H])Oc1cc(C)ccc1-c1cc2c(N[C@H](CO)c3ccccc3)ncnc2[nH]1,9.386549939172664,0.4855433472748625,10.549651298502416,9.57922670295292,0.0,9.386549939172664,0.4855433472748625,10.549651298502416,9.57922670295292,0.0,-0.2028574120427375,-0.0141400191464441,-0.0858941099734895,-0.0120800521752144,False,False,False,False,0,[2H]C([2H])([2H])Oc1ccccc1-c1cc2c(N[C@H](CO)c3ccccc3)ncnc2[nH]1,11.553156675432772,Afatinib,CN(C)CCOC1=CC2=C(NC3=CC=CC=C3F)N=CN=C2C=C1,0.5051232007806783,0.7244576627011896,0.8137716342936036,96.0039501721994,0.7981167736680125,0.6839681730891992,reference_ligand,-8.517,1,0.0,0.0,5,0.7033999999999999,ok,D:\ONCS 2026\egfr-drug-discovery-ml\reports\vina_poses\generated_analogs\row_018_rank_018_docked.pdbqt,0.6965988605812197,consensus_vina_reference,10.986206333964844,22,3,4,0,2,6,ALA743;ASP855;LEU718;LYS745;MET793;VAL726,ASP855;LYS745;LEU718;VAL726;MET793;ALA743,0.9066666666666666,True,"hbond:3;salt:2;key:ALA743,ASP855,LEU718,LYS745,MET793,VAL726",11.530206333964845,8
COc1cc(-c2cc3c(NC(C)c4ccccc4)ncnc3[nH]2)c(OC)cc1CO,9.283308630803573,0.0453272255000295,0.4251416065263941,404.4700000000002,4.307500000000004,92.29,3,6,4,7,0.217391304347826,0,0.0,3.2131333333333347,False,,0,,0,,0,,0.7966101694915254,0.7011535357298069,1.0,0.2272727272727272,Osimertinib,0.2033898305084746,0.7727272727272727,0.914098099850872,0.5602458323074655,1.0,0.943181818181818,0.5602458323074655,0.8543814375850389,1.0,0.4397541676925345,0.5602458323074655,0.0796222163544442,9.215317792553527,-0.0350892630388234,-0.0,0.5733436055469954,9.7535721350617,0.0,0.0,0.0,0.1746927096156681,0.0,0.1746927096156681,0.0,low,,9.578879425446033,True,pass,False,,0.9750135795763172,0.3248234655078761,0.2987506789788158,0.1977186311787072,0.8967952199891364,0.7351982618142314,0.846279196089082,0.948940793047257,0.5880771319934818,0.6861488321564367,10.459264693453877,29,0.0,10.402258024033754,0,35,6,0,advance,COc1cc(CO)ccc1-c1cc2c(NC(C)c3ccccc3)ncnc2[nH]1,decorate_methoxy,scaffold_decoration,scaffold_decoration,scaffold_decoration,late_stage_methoxylation,0.85,0.8,0.79,True,0.7966101694915254,0.6985889473864997,0.893,0.9099337218881732,True,,False,True,0,0,0.6629355142726228,Afatinib,reference_ligand,0.7031654874697928,COc1cc(CO)ccc1-c1cc2c(NC(C)c3ccccc3)ncnc2[nH]1,1,COc1cc(CO)ccc1-c1cc2c(NC(C)c3ccccc3)ncnc2[nH]1 -> COc1cc(-c2cc3c(NC(C)c4ccccc4)ncnc3[nH]2)c(OC)cc1CO,9.481133391168196,0.468660740099691,10.493658403040255,9.54718843465248,0.0,9.481133391168196,0.468660740099691,10.493658403040255,9.54718843465248,0.0,-0.1978247603646252,-0.0435191335732969,-0.091400379006501,0.0316909907935514,False,False,False,True,1,COc1cc(CO)ccc1-c1cc2c(NC(C)c3ccccc3)ncnc2[nH]1,11.527549448591518,Afatinib,CN(C)CCOC1=CC2=C(NC3=CC=CC=C3F)N=CN=C2C=C1,0.4482758620689655,0.6937882764654418,0.833926423399758,97.16447397026624,0.8019840903017795,0.6629355142726228,reference_ligand,-8.676,1,0.0,0.0,5,0.7352000000000001,ok,D:\ONCS 2026\egfr-drug-discovery-ml\reports\vina_poses\generated_analogs\row_035_rank_035_docked.pdbqt,0.709907429995418,consensus_vina_reference,10.934688596530318,27,3,6,0,1,6,ALA743;ASP855;LEU718;LYS745;MET793;VAL726,ASP855;LYS745;LEU718;MET793;VAL726;ALA743,0.9600000000000001,True,"hbond:3;salt:1;key:ALA743,ASP855,LEU718,LYS745,MET793,VAL726",11.510688596530319,9
O=C(/C=C\F)Cc1cc2c(Nc3cccc(Br)c3)ncnc2cn1,8.972629986228894,0.1001055886054066,0.6673221117389069,387.2120000000001,4.125700000000002,67.77000000000001,1,5,3,5,0.0588235294117647,0,0.0,2.348080000000001,False,,0,,0,,0,,0.8333333333333334,0.8024561403508772,1.0,0.3378378378378378,Sunvozertinib,0.1666666666666666,0.6621621621621622,0.7980835845334388,0.7267163922256294,1.0,0.9155405405405406,0.7267163922256294,0.8600851293249021,1.0,0.2732836077743705,0.7267163922256294,-0.0826687263886178,8.822471603320784,0.3209924646800832,-0.0,0.5236486486486487,9.667112716649516,0.0,0.0,0.0001583829081099,0.0,0.0,0.0001583829081099,0.0,low,,9.666954333741408,True,pass,False,,0.8310700706137969,0.9293862031504616,0.8527973927213471,0.0700706137968495,0.8967952199891364,0.9961977186311788,0.846279196089082,0.7946768060836502,0.701792504073873,0.7946768060836502,10.509263721538163,13,0.0,10.620566501041786,0,4,0,9,lead,O=C(/C=C\Cl)Cc1cc2c(Nc3cccc(Br)c3)ncnc2cn1,halogen_swap_17_to_9,atom_swap,atom_edit,halogen_scan,late_stage_halogen_exchange,0.83,0.8,0.76,True,0.8333333333333334,0.7716698929442615,0.72,0.9056040184340584,True,,False,True,0,0,0.7159573600628494,Osimertinib,reference_ligand,0.6316470649435625,O=C(/C=C\Cl)Cc1cc2c(Nc3cccc(Br)c3)ncnc2cn1,1,O=C(/C=C\Cl)Cc1cc2c(Nc3cccc(Br)c3)ncnc2cn1 -> O=C(/C=C\F)Cc1cc2c(Nc3cccc(Br)c3)ncnc2cn1,9.04532926941451,0.6397482009417655,10.448762104594683,9.447814977587928,0.0,9.04532926941451,0.6397482009417655,10.448762104594683,9.447814977587928,0.0,-0.0726992831856172,0.0275739107971413,0.1718043964471025,0.2191393561534784,True,False,True,True,3,O=C(/C=C\Cl)Cc1cc2c(Nc3cccc(Br)c3)ncnc2cn1,11.75521091360913,Osimertinib,COc1cc2ncnc(Nc3ccc(F)c(Cl)c3)c2cc1NC(=O)C=C,0.5724437425977102,0.7529859788817725,0.759545316959218,114.7881184731506,0.8523831639418105,0.7159573600628494,reference_ligand,-8.37,1,0.0,0.0,5,0.6739999999999998,ok,D:\ONCS 2026\egfr-drug-discovery-ml\reports\vina_poses\generated_analogs\row_004_rank_004_docked.pdbqt,0.6886850760219971,consensus_vina_reference,11.137080308058284,2,1,4,0,0,6,ALA743;ASP855;LEU718;LYS745;MET793;VAL726,MET793;ASP855;LEU718;LYS745;ALA743;VAL726,0.6,True,"hbond:1;key:ALA743,ASP855,LEU718,LYS745,MET793,VAL726",11.497080308058283,10
[2H]C([2H])([2H])Oc1c(OC)cccc1-c1cc2c(N[C@H](CO)c3ccccc3)ncnc2[nH]1,9.228592024598932,0.0583790359325462,0.4424444747416858,393.461305334,3.787600000000002,92.29,3,6,4,7,0.1818181818181818,0,0.0,3.1397420355600008,False,,0,,0,,0,,0.8305084745762712,0.7659667639328657,1.0,0.2307692307692307,Osimertinib,0.1694915254237288,0.7692307692307692,0.891282680996951,0.5725851520479273,1.0,0.9423076923076924,0.5725851520479273,0.8515438813381426,1.0,0.4274148479520727,0.5725851520479273,0.0529850662117443,9.141023470700114,-0.010335012410496,-0.0,0.5570404172099087,9.687728875499529,0.0,0.0,0.0,0.1592685599400909,0.0,0.1592685599400909,0.0,low,,9.528460315559435,True,pass,False,,0.9581749049429658,0.4043997827267789,0.38647474198805,0.0817490494296578,0.8967952199891364,0.7734926670287887,0.846279196089082,0.9206952743074416,0.5863796849538295,0.6926262900597501,10.391384497444122,55,0.0,10.359611863631136,0,50,0,5,advance,[2H]C([2H])([2H])Oc1ccccc1-c1cc2c(N[C@H](CO)c3ccccc3)ncnc2[nH]1,decorate_methoxy,scaffold_decoration,scaffold_decoration,scaffold_decoration,late_stage_methoxylation,0.85,0.8,0.79,True,0.8305084745762712,0.7015919224579218,0.893,0.925231459650914,True,,False,True,0,0,0.7369189664609018,Afatinib,reference_ligand,0.7031654874697928,[2H]C([2H])([2H])Oc1ccccc1-c1cc2c(N[C@H](CO)c3ccccc3)ncnc2[nH]1,1,[2H]C([2H])([2H])Oc1ccccc1-c1cc2c(N[C@H](CO)c3ccccc3)ncnc2[nH]1 -> [2H]C([2H])([2H])Oc1c(OC)cccc1-c1cc2c(N[C@H](CO)c3ccccc3)ncnc2[nH]1,9.386549939172664,0.4855433472748625,10.549651298502416,9.57922670295292,0.0,9.386549939172664,0.4855433472748625,10.549651298502416,9.57922670295292,0.0,-0.1579579145737302,-0.0430988725331766,-0.1900394348712808,-0.0507663873934838,False,False,False,False,0,[2H]C([2H])([2H])Oc1ccccc1-c1cc2c(N[C@H](CO)c3ccccc3)ncnc2[nH]1,11.517488353584564,Afatinib,CN(C)CCOC1=CC2=C(NC3=CC=CC=C3F)N=CN=C2C=C1,0.5459819775336379,0.7767825781524411,0.8882998904862028,114.32329331892102,0.851235122385599,0.7369189664609018,reference_ligand,-8.761,1,0.0,0.0,5,0.7521999999999999,ok,D:\ONCS 2026\egfr-drug-discovery-ml\reports\vina_poses\generated_analogs\row_050_rank_050_docked.pdbqt,0.7468516382613155,consensus_vina_reference,10.919750592327125,33,3,6,0,1,6,ALA743;ASP855;LEU718;LYS745;MET793;VAL726,LEU718;MET793;LYS745;VAL726;ASP855;ALA743,0.9600000000000001,True,"hbond:3;salt:1;key:ALA743,ASP855,LEU718,LYS745,MET793,VAL726",11.495750592327125,11
CCOc1cc(CO)ccc1-c1cc2c(NC(C)c3ccccc3)ncnc2[nH]1,9.366026856646968,0.095462608478404,0.4277916199681716,388.471,4.689000000000004,83.06,3,5,4,7,0.217391304347826,0,0.0,3.1064733333333336,False,,0,,0,,0,,0.8448275862068966,0.7373345330011176,1.0,0.2048192771084337,Afatinib,0.1551724137931034,0.7951807228915663,0.8996828882268593,0.5658056473927509,1.0,0.9487951807228916,0.5658056473927509,0.8535709290856255,1.0,0.4341943526072491,0.5658056473927509,0.0614826121883117,9.222832943929362,-0.0164402495970458,-0.0,0.5583818030743664,9.764774497406682,0.0,0.0,0.0,0.1677429407590614,0.0,0.1677429407590614,0.0,low,,9.59703155664762,True,pass,False,,0.9858772406300924,0.3405757740358501,0.4516567083107007,0.046713742531233,0.8967952199891364,0.7441607821835958,0.846279196089082,0.8093427485062467,0.5888511678435633,0.6858772406300925,10.471395898818958,23,0.0,10.42008424540373,0,24,1,0,lead,COc1cc(CO)ccc1-c1cc2c(NC(C)c3ccccc3)ncnc2[nH]1,methoxy_to_ethoxy,williamson,reaction_transform,williamson,o_alkylation,0.83,0.79,0.82,True,0.8448275862068966,0.7021494989996231,0.744,0.8992009934752646,True,,False,True,0,0,0.6593023787321651,Afatinib,reference_ligand,0.7373522057775284,COc1cc(CO)ccc1-c1cc2c(NC(C)c3ccccc3)ncnc2[nH]1,1,COc1cc(CO)ccc1-c1cc2c(NC(C)c3ccccc3)ncnc2[nH]1 -> CCOc1cc(CO)ccc1-c1cc2c(NC(C)c3ccccc3)ncnc2[nH]1,9.481133391168196,0.468660740099691,10.493658403040255,9.54718843465248,0.0,9.481133391168196,0.468660740099691,10.493658403040255,9.54718843465248,0.0,-0.1151065345212281,-0.0408691201315193,-0.0735741576365249,0.0498431219951402,False,False,False,True,1,COc1cc(CO)ccc1-c1cc2c(NC(C)c3ccccc3)ncnc2[nH]1,11.553289280764146,Afatinib,CN(C)CCOC1=CC2=C(NC3=CC=CC=C3F)N=CN=C2C=C1,0.4877645111715333,0.723352033660589,0.7678610348179243,85.97014695189566,0.7613687445057032,0.6593023787321651,reference_ligand,-8.478,1,0.0,0.0,5,0.6956,ok,D:\ONCS 2026\egfr-drug-discovery-ml\reports\vina_poses\generated_analogs\row_024_rank_024_docked.pdbqt,0.6828958325562577,consensus_vina_reference,10.932256119820924,28,3,4,0,1,7,ALA743;ASP800;ASP855;LEU718;LYS745;MET793;VAL726,ASP855;LYS745;LEU718;VAL726;MET793;ALA743,0.9066666666666666,True,"hbond:3;salt:1;key:ALA743,ASP800,ASP855,LEU718,LYS745,MET793,VAL726",11.476256119820924,12
CCOc1cc(C(N)=O)ccc1-c1cc2c(N[C@H](C)c3ccccc3)ncnc2[nH]1,9.28172022056884,0.0810232603044503,0.4281598724914338,401.4700000000001,4.295600000000002,105.92,3,5,4,7,0.1739130434782608,0,0.0,3.1931333333333343,False,,0,,0,,0,,0.8333333333333334,0.7241708932414891,1.0,0.2065217391304347,Osimertinib,0.1666666666666666,0.7934782608695652,0.8887137729290951,0.562675109357468,1.0,0.9483695652173914,0.562675109357468,0.8499396118759885,1.0,0.437324890642532,0.562675109357468,0.0516988814041421,9.160185330112164,-0.0334188231607402,-0.0,0.5630434782608695,9.689809985212294,0.0,0.0,0.0,0.171656113303165,0.0,0.171656113303165,0.0,low,,9.51815387190913,True,pass,False,,0.9728408473655622,0.3416621401412276,0.3411189570885388,0.0700706137968495,0.8967952199891364,0.7409016838674634,0.846279196089082,0.857686040195546,0.5712927756653992,0.6755024443237372,10.375361316010771,61,0.0,10.328756805097614,0,57,0,4,advance,COc1cc(C(N)=O)ccc1-c1cc2c(N[C@H](C)c3ccccc3)ncnc2[nH]1,methoxy_to_ethoxy,williamson,reaction_transform,williamson,o_alkylation,0.83,0.79,0.82,True,0.8333333333333334,0.6959969840153666,0.744,0.8921576111791076,True,,False,True,0,0,0.630666437246465,Sunvozertinib,reference_ligand,0.7373522057775284,COc1cc(C(N)=O)ccc1-c1cc2c(N[C@H](C)c3ccccc3)ncnc2[nH]1,1,COc1cc(C(N)=O)ccc1-c1cc2c(N[C@H](C)c3ccccc3)ncnc2[nH]1 -> CCOc1cc(C(N)=O)ccc1-c1cc2c(N[C@H](C)c3ccccc3)ncnc2[nH]1,9.314276628060911,0.4651141716870084,10.32466055150868,9.377431889759473,0.0,9.314276628060911,0.4651141716870084,10.32466055150868,9.377431889759473,0.0,-0.0325564074920698,-0.0369542991955746,0.0040962535889335,0.1407219821496568,True,False,False,True,2,COc1cc(C(N)=O)ccc1-c1cc2c(N[C@H](C)c3ccccc3)ncnc2[nH]1,11.448390182480438,Sunvozertinib,C=CC(=O)Nc1cc2ncnc(Nc3ccc(F)c(Cl)c3)c2cn1,0.4596857437779562,0.709506107275624,0.7272195810289405,78.49895405337953,0.7297251570530695,0.630666437246465,reference_ligand,-9.088,1,0.0,0.0,5,0.8175999999999999,ok,D:\ONCS 2026\egfr-drug-discovery-ml\reports\vina_poses\generated_analogs\row_057_rank_057_docked.pdbqt,0.7521732530362626,consensus_vina_reference,10.892886744874811,40,3,6,0,1,6,ALA743;ASP855;LEU718;LYS745;MET793;VAL726,ASP855;LYS745;LEU718;MET793;ALA743;VAL726,0.9600000000000001,True,"hbond:3;salt:1;key:ALA743,ASP855,LEU718,LYS745,MET793,VAL726",11.468886744874812,13
COc1cnc(C)cc1-c1cc2c(N[C@H](CO)c3ccccc3)ncnc2[nH]1,9.073845845976848,0.0344225137438237,0.4774440101834534,375.432,3.4824200000000003,95.95,3,6,4,6,0.1904761904761904,0,0.0,2.9195466666666667,False,,0,,0,,0,,0.7894736842105263,0.7594453876627052,1.0,0.2413793103448276,Osimertinib,0.2105263157894736,0.7586206896551724,0.8693657018735353,0.600303949190643,1.0,0.9396551724137931,0.600303949190643,0.8523312058694928,1.0,0.399696050809357,0.600303949190643,0.0227126613387231,9.022212075361113,0.0585596292310724,-0.0,0.5723230490018149,9.653094753594,0.0,0.0,0.0,0.1246200635116962,0.0,0.1246200635116962,0.0,low,,9.528474690082303,True,pass,False,,0.9000543183052688,0.6064638783269962,0.6474741988049972,0.2213470939706681,0.8967952199891364,0.9090168386746332,0.846279196089082,0.971211298207496,0.6677077675176535,0.7616376969038565,10.454344074615186,33,0.0,10.442439926366934,0,22,0,11,lead,COc1cnccc1-c1cc2c(N[C@H](CO)c3ccccc3)ncnc2[nH]1,append_methyl,append_group,append_group,late_stage_diversification,append_group_scan,0.74,0.63,0.64,True,0.7666666666666667,0.7234656933537403,0.573,0.8301912130631636,True,,False,True,0,0,0.6386093344318968,Afatinib,reference_ligand,0.6902839078638277,COc1cnccc1-c1cc2c(N[C@H](CO)c3ccccc3)ncnc2[nH]1,1,COc1cnccc1-c1cc2c(N[C@H](CO)c3ccccc3)ncnc2[nH]1 -> COc1cnc(C)cc1-c1cc2c(N[C@H](CO)c3ccccc3)ncnc2[nH]1,9.22367882103711,0.4881157070111666,10.346368575698754,9.382854040274468,0.0,9.22367882103711,0.4881157070111666,10.346368575698754,9.382854040274468,0.0,-0.1498329750602618,-0.0106716968277131,0.0960713506681791,0.1456206498078369,True,False,False,True,2,COc1cnccc1-c1cc2c(N[C@H](CO)c3ccccc3)ncnc2[nH]1,11.501226648481724,Afatinib,CN(C)CCOC1=CC2=C(NC3=CC=CC=C3F)N=CN=C2C=C1,0.445372221568858,0.6635710530926933,0.7845453417385004,88.8160276195486,0.7724231116662308,0.6386093344318968,reference_ligand,-8.509,1,0.0,0.0,5,0.7018000000000001,ok,D:\ONCS 2026\egfr-drug-discovery-ml\reports\vina_poses\generated_analogs\row_022_rank_022_docked.pdbqt,0.6796832670511639,consensus_vina_reference,10.952202376655306,24,4,2,0,1,6,ALA743;ASP855;LEU718;LYS745;MET793;VAL726,ASP855;LYS745;VAL726;LEU718;MET793;ALA743,0.8533333333333334,True,"hbond:4;salt:1;key:ALA743,ASP855,LEU718,LYS745,MET793,VAL726",11.464202376655306,14
COC(C)(C)COc1cnccc1-c1[nH]c2c(c1Nc1cccc(F)c1OC#N)C(=O)NCC2,9.311618410952986,0.0316050597588326,0.4313746940383584,465.4850000000002,3.9089800000000015,121.29,3,7,4,8,0.2916666666666667,0,0.0,3.369900000000001,False,,0,,0,,0,,0.8513513513513513,0.8149866132211235,1.0,0.17,Afatinib,0.1486486486486486,0.83,0.9307810609070638,0.5576445432595587,1.0,0.9575,0.5576445432595587,0.8614814010416556,1.0,0.4423554567404413,0.5576445432595587,0.0923995464872109,9.264210821314736,-0.044943639294975,-0.0,0.5658918918918918,9.785159073911656,0.0,0.0,0.0,0.1779443209255516,0.0,0.1779443209255516,0.0,low,,9.607214752986105,True,pass,False,,0.9788158609451384,0.3536121673003802,0.1434003259098316,0.030961434003259,0.8967952199891364,0.7191743617599131,0.846279196089082,0.9750135795763172,0.5388919065725151,0.6590983161325368,10.431829361798671,44,0.0,10.398132732345148,0,36,0,8,advance,COC(C)(C)COc1cnccc1-c1[nH]c2c(c1Nc1cccc(F)c1O)C(=O)NCC2,grow_nitrile_tail,fragment_growing,fragment_growing,fragment_growing,late_stage_nitrile_append,0.74,0.72,0.7,True,0.7792207792207793,0.6924970352908308,0.8660000000000001,0.8591638845863433,True,,False,True,0,0,0.5515333858539895,Afatinib,reference_ligand,0.6510561114361624,COC(C)(C)COc1cnccc1-c1[nH]c2c(c1Nc1cccc(F)c1O)C(=O)NCC2,1,COC(C)(C)COc1cnccc1-c1[nH]c2c(c1Nc1cccc(F)c1O)C(=O)NCC2 -> COC(C)(C)COc1cnccc1-c1[nH]c2c(c1Nc1cccc(F)c1OC#N)C(=O)NCC2,9.281947580750328,0.4168694625634457,10.255394336399007,9.32123082062389,0.0,9.281947580750328,0.4168694625634457,10.255394336399007,9.32123082062389,0.0,0.029670830202658,0.0145052314749127,0.1427383959461412,0.285983932362214,True,True,True,True,4,COC(C)(C)COc1cnccc1-c1[nH]c2c(c1Nc1cccc(F)c1O)C(=O)NCC2,11.452138088158136,Afatinib,CN(C)CCOC1=CC2=C(NC3=CC=CC=C3F)N=CN=C2C=C1,0.3455984174085064,0.6160084626234132,0.5591542202230207,91.44121178977372,0.7821656127669019,0.5515333858539895,reference_ligand,-8.456,1,0.0,0.0,5,0.6911999999999999,ok,D:\ONCS 2026\egfr-drug-discovery-ml\reports\vina_poses\generated_analogs\row_036_rank_036_docked.pdbqt,0.6423166850488963,consensus_vina_reference,10.87987024613182,47,6,7,0,2,7,ALA743;ASP800;ASP855;LEU718;LYS745;MET793;VAL726,ASP855;LYS745;MET793;ALA743;VAL726;LEU718,0.9600000000000001,True,"hbond:6;salt:2;key:ALA743,ASP800,ASP855,LEU718,LYS745,MET793,VAL726",11.45587024613182,15
CNCCOc1cnccc1-c1[nH]c2c(c1Nc1cccc(F)c1C)C(=O)NCC2,9.37136159110774,0.1133237017872571,0.4502391731775382,409.4650000000002,3.1519200000000005,91.07,4,5,4,7,0.2727272727272727,0,0.0,2.896433333333335,False,,0,,0,,0,,0.8656716417910447,0.7604341761512075,1.0,0.1978021978021978,Afatinib,0.1343283582089552,0.8021978021978022,0.8885138065258552,0.5862302631963638,1.0,0.9505494505494504,0.5862302631963638,0.8563233800679173,1.0,0.4137697368036361,0.5862302631963638,0.0429205686105836,9.201376038426854,0.0430469004502652,-0.0,0.5511071018533705,9.79553004073049,0.0,0.0,0.0199855526808856,0.1422121710045452,0.0,0.1621977236854308,0.0,low,,9.63333231704506,True,pass,False,,0.986420423682781,0.4752851711026616,0.6787072243346007,0.0152091254752851,0.8967952199891364,0.8424769147202608,0.846279196089082,0.7447039652362847,0.6437941336230308,0.7324008690928843,10.568083001078127,7,0.0,10.51221335995652,0,14,7,0,lead,COC(C)(C)COc1cnccc1-c1[nH]c2c(c1Nc1cccc(F)c1C)C(=O)NCC2,linker_ether_to_amine,linker_replacement,linker_replacement,linker_replacement,ether_to_amine_linker_swap,0.72,0.73,0.69,True,0.7777777777777778,0.7182148258050334,0.843,0.860960284719255,True,,False,True,0,0,0.5483385675051824,Afatinib,reference_ligand,0.6544294049117707,COC(C)(C)COc1cnccc1-c1[nH]c2c(c1Nc1cccc(F)c1C)C(=O)NCC2,1,COC(C)(C)COc1cnccc1-c1[nH]c2c(c1Nc1cccc(F)c1C)C(=O)NCC2 -> CNCCOc1cnccc1-c1[nH]c2c(c1Nc1cccc(F)c1C)C(=O)NCC2,9.64492553317416,0.5102437252597349,10.698916496302727,9.748407601490852,0.0,9.64492553317416,0.5102437252597349,10.698916496302727,9.748407601490852,0.0,-0.2735639420664189,-0.0600045520821966,-0.1867031363462068,-0.1150752844457922,False,False,False,False,0,COC(C)(C)COc1cnccc1-c1[nH]c2c(c1Nc1cccc(F)c1C)C(=O)NCC2,11.569727603781212,Afatinib,CN(C)CCOC1=CC2=C(NC3=CC=CC=C3F)N=CN=C2C=C1,0.3900631945957725,0.6256553652569032,0.6416633701834094,60.21080574613963,0.6334108092343975,0.5483385675051824,reference_ligand,-8.433,1,0.0,0.0,5,0.6866,ok,D:\ONCS 2026\egfr-drug-discovery-ml\reports\vina_poses\generated_analogs\row_014_rank_014_docked.pdbqt,0.6382084986268138,consensus_vina_reference,10.990869733926631,20,1,6,0,2,6,ALA743;ASP855;LEU718;LYS745;MET793;VAL726,LYS745;ASP855;VAL726;MET793;LEU718;ALA743,0.7733333333333333,True,"hbond:1;salt:2;key:ALA743,ASP855,LEU718,LYS745,MET793,VAL726",11.454869733926632,16
COc1cc(C)ccc1-c1cc2c(NC(CO)c3ccccc3)ncnc2[nH]1,9.129527893824394,0.0891966656451591,0.4734806263536626,374.444,4.087420000000002,83.06,3,5,4,6,0.1818181818181818,0,0.0,2.91296,False,,0,,0,,0,,0.8214285714285714,0.8167070217917676,1.0,0.2413793103448276,Osimertinib,0.1785714285714286,0.7586206896551724,0.844944307504487,0.5983774214175914,1.0,0.9396551724137931,0.5983774214175914,0.8457442253339679,1.0,0.4016225785824086,0.5983774214175914,-0.0010665571059744,8.995732895356655,0.0547184445354808,-0.0,0.5579433497536945,9.60839468964583,0.0,0.0,0.0,0.1270282232280107,0.0,0.1270282232280107,0.0,low,,9.48136646641782,True,pass,False,,0.929657794676806,0.5755024443237371,0.6572514937533949,0.1083650190114068,0.8967952199891364,0.9038565996740902,0.846279196089082,0.8356871265616512,0.6537072243346007,0.7482618142313958,10.392843358847353,53,0.0,10.379280643495497,0,41,0,12,advance,COc1ccccc1-c1cc2c(NC(CO)c3ccccc3)ncnc2[nH]1,append_methyl,append_group,append_group,late_stage_diversification,append_group_scan,0.74,0.63,0.64,True,0.8214285714285714,0.7219254826155275,0.573,0.8434245029849039,True,,False,True,0,0,0.6844560051419424,Afatinib,reference_ligand,0.6902839078638277,COc1ccccc1-c1cc2c(NC(CO)c3ccccc3)ncnc2[nH]1,1,COc1ccccc1-c1cc2c(NC(CO)c3ccccc3)ncnc2[nH]1 -> COc1cc(C)ccc1-c1cc2c(NC(CO)c3ccccc3)ncnc2[nH]1,9.33730942934638,0.487358116928423,10.490719978033283,9.52085324524955,0.0,9.33730942934638,0.487358116928423,10.490719978033283,9.52085324524955,0.0,-0.2077815355219865,-0.0138774905747603,-0.1114393345377884,-0.0394867788317299,False,False,False,False,0,COc1ccccc1-c1cc2c(NC(CO)c3ccccc3)ncnc2[nH]1,11.467298362576072,Afatinib,CN(C)CCOC1=CC2=C(NC3=CC=CC=C3F)N=CN=C2C=C1,0.5122935779816513,0.7325520377820536,0.8127024933303048,92.06243865321206,0.7844093865035708,0.6844560051419424,reference_ligand,-8.59,1,0.0,0.0,5,0.718,ok,D:\ONCS 2026\egfr-drug-discovery-ml\reports\vina_poses\generated_analogs\row_042_rank_041_docked.pdbqt,0.7062596017996798,consensus_vina_reference,10.908975344845256,36,3,4,0,2,6,ALA743;ASP855;LEU718;LYS745;MET793;VAL726,ASP855;LYS745;LEU718;MET793;ALA743;VAL726,0.9066666666666666,True,"hbond:3;salt:2;key:ALA743,ASP855,LEU718,LYS745,MET793,VAL726",11.452975344845257,17
CC(C)Oc1ccccc1-c1cc2c(N[C@H](CO)c3ccccc3)ncnc2[nH]1,9.30296226947643,0.0099582466923038,0.4323277207116908,388.471,4.557600000000003,83.06,3,5,4,7,0.217391304347826,0,0.0,3.1064733333333336,False,,0,,0,,0,,0.8181818181818182,0.798609022556391,1.0,0.2125,Afatinib,0.1818181818181817,0.7875,0.9437697946844948,0.5683005028016863,1.0,0.946875,0.5683005028016863,0.8647363243715452,1.0,0.4316994971983137,0.5683005028016863,0.1053779604172659,9.288024899437971,-0.0119041488535265,-0.0,0.5680681818181819,9.844188932402629,0.0,0.0,0.0,0.1646243714978921,0.0,0.1646243714978921,0.0,low,,9.679564560904735,True,pass,False,,0.976914720260728,0.3620315046170559,0.4516567083107007,0.1238457360130363,0.8967952199891364,0.7531233025529603,0.846279196089082,0.9975556762629006,0.6045355784899511,0.7044269418794133,10.56963162659057,5,0.0,10.524876891160034,0,7,2,0,lead,CCOc1ccccc1-c1cc2c(N[C@H](CO)c3ccccc3)ncnc2[nH]1,methoxy_to_isopropoxy,williamson,reaction_transform,williamson,o_alkylation,0.81,0.76,0.79,True,0.8035714285714286,0.7032381631780678,0.744,0.8852638609515725,True,,False,True,0,0,0.6686118269193411,Osimertinib,reference_ligand,0.7054057353024809,CCOc1ccccc1-c1cc2c(N[C@H](CO)c3ccccc3)ncnc2[nH]1,1,CCOc1ccccc1-c1cc2c(N[C@H](CO)c3ccccc3)ncnc2[nH]1 -> CC(C)Oc1ccccc1-c1cc2c(N[C@H](CO)c3ccccc3)ncnc2[nH]1,9.6213947221666,0.4521900852216164,10.64509070761073,9.696207052989768,0.0,9.6213947221666,0.4521900852216164,10.64509070761073,9.696207052989768,0.0,-0.3184324526901712,-0.0198623645099255,-0.1202138164506969,-0.0166424920850314,False,False,False,False,0,CCOc1ccccc1-c1cc2c(N[C@H](CO)c3ccccc3)ncnc2[nH]1,11.63629509359654,Osimertinib,COc1cc2ncnc(Nc3ccc(F)c(Cl)c3)c2cc1NC(=O)C=C,0.5251605370694687,0.729957805907173,0.6564077584412086,106.36334726149823,0.8301301043014028,0.6686118269193411,reference_ligand,-8.189,1,0.0,0.0,5,0.6378,ok,D:\ONCS 2026\egfr-drug-discovery-ml\reports\vina_poses\generated_analogs\row_007_rank_007_docked.pdbqt,0.6485841394217694,consensus_vina_reference,11.01131499572636,14,3,2,0,0,6,ALA743;ASP855;LEU718;LYS745;MET793;VAL726,ASP855;LYS745;VAL726;MET793;ALA743;LEU718,0.7333333333333333,True,"hbond:3;key:ALA743,ASP855,LEU718,LYS745,MET793,VAL726",11.45131499572636,18
CN(COCO)c1cc2c(Nc3cccc(Br)c3)ncnc2cn1,8.902024069699786,0.0429054870320221,0.6265265096325219,390.241,2.891000000000001,83.4,2,7,3,6,0.1875,0,0.0,2.4682733333333338,False,,0,,0,,0,,0.7678571428571429,0.7238780331242418,1.0,0.3287671232876712,Afatinib,0.2321428571428571,0.6712328767123288,0.820472176502531,0.6996559905542974,1.0,0.9178082191780822,0.6996559905542974,0.8594840965587277,1.0,0.3003440094457026,0.6996559905542974,-0.0520158934082621,8.837665839151754,0.2750355096325218,-0.0,0.5558341487279843,9.66853549751226,0.0,0.0,0.0,0.0004300118071282,0.0,0.0004300118071282,0.0,low,,9.668105485705132,True,pass,False,,0.7908745247148289,0.8913633894622488,0.8085279739272134,0.3229223248234655,0.8967952199891364,0.9907658881042912,0.846279196089082,0.9532862574687668,0.7200298750678978,0.8051602390005431,10.532571347593736,9,0.0,10.634297772505784,0,3,0,6,lead,CN(CC(O)CO)c1cc2c(Nc3cccc(Br)c3)ncnc2cn1,linker_methylene_to_ether,linker_replacement,linker_replacement,linker_replacement,methylene_to_ether_linker_swap,0.7,0.68,0.64,True,0.7166666666666667,0.7633545666128806,0.843,0.8855888029661989,True,,False,True,0,0,0.7671778571977979,Afatinib,reference_ligand,0.660672888112638,CN(CC(O)CO)c1cc2c(Nc3cccc(Br)c3)ncnc2cn1,1,CN(CC(O)CO)c1cc2c(Nc3cccc(Br)c3)ncnc2cn1 -> CN(COCO)c1cc2c(Nc3cccc(Br)c3)ncnc2cn1,9.147457523489962,0.5806128910852082,10.381091311821889,9.403354994955835,0.0,9.147457523489962,0.5806128910852082,10.381091311821889,9.403354994955835,0.0,-0.2454334537901754,0.0459136185473136,0.2532064606838951,0.2647504907492966,True,False,True,True,3,CN(CC(O)CO)c1cc2c(Nc3cccc(Br)c3)ncnc2cn1,11.746235415876578,Afatinib,CN(C)CCOC1=CC2=C(NC3=CC=CC=C3F)N=CN=C2C=C1,0.68739938533587,0.8233128834355828,0.7112351932869193,126.57614804468643,0.878713827942972,0.7671778571977979,reference_ligand,-7.779,1,0.0,0.0,5,0.5558,ok,D:\ONCS 2026\egfr-drug-discovery-ml\reports\vina_poses\generated_analogs\row_003_rank_003_docked.pdbqt,0.6297822500192292,consensus_vina_reference,11.106634460020206,4,1,3,0,0,6,ALA743;ASP855;LEU718;LYS745;MET793;VAL726,LEU718;MET793;ASP855;LYS745;VAL726;ALA743,0.5733333333333334,True,"hbond:1;key:ALA743,ASP855,LEU718,LYS745,MET793,VAL726",11.450634460020206,19
COc1cc(C)ccc1-c1cc2c(N[C@H](CO)c3ccccc3)ncnc2[nH]1,9.129527893824394,0.0891966656451591,0.4734806263536626,374.444,4.087420000000002,83.06,3,5,4,6,0.1818181818181818,0,0.0,2.91296,False,,0,,0,,0,,0.8214285714285714,0.8167070217917676,1.0,0.2413793103448276,Osimertinib,0.1785714285714286,0.7586206896551724,0.844944307504487,0.5983774214175914,1.0,0.9396551724137931,0.5983774214175914,0.8457442253339679,1.0,0.4016225785824086,0.5983774214175914,-0.0010665571059744,8.995732895356655,0.0547184445354808,-0.0,0.5579433497536945,9.60839468964583,0.0,0.0,0.0,0.1270282232280107,0.0,0.1270282232280107,0.0,low,,9.48136646641782,True,pass,False,,0.929657794676806,0.5755024443237371,0.6572514937533949,0.1083650190114068,0.8967952199891364,0.9038565996740902,0.846279196089082,0.8356871265616512,0.6537072243346007,0.7482618142313958,10.392843358847353,54,0.0,10.379280643495497,0,42,0,12,advance,COc1ccccc1-c1cc2c(N[C@H](CO)c3ccccc3)ncnc2[nH]1,append_methyl,append_group,append_group,late_stage_diversification,append_group_scan,0.74,0.63,0.64,True,0.8214285714285714,0.7219254826155275,0.573,0.8434291048889508,True,,False,True,0,0,0.6844907627253791,Afatinib,reference_ligand,0.6902839078638277,COc1ccccc1-c1cc2c(N[C@H](CO)c3ccccc3)ncnc2[nH]1,1,COc1ccccc1-c1cc2c(N[C@H](CO)c3ccccc3)ncnc2[nH]1 -> COc1cc(C)ccc1-c1cc2c(N[C@H](CO)c3ccccc3)ncnc2[nH]1,9.33730942934638,0.487358116928423,10.490719978033283,9.52085324524955,0.0,9.33730942934638,0.487358116928423,10.490719978033283,9.52085324524955,0.0,-0.2077815355219865,-0.0138774905747603,-0.1114393345377884,-0.0394867788317299,False,False,False,False,0,COc1ccccc1-c1cc2c(N[C@H](CO)c3ccccc3)ncnc2[nH]1,11.467308535425593,Afatinib,CN(C)CCOC1=CC2=C(NC3=CC=CC=C3F)N=CN=C2C=C1,0.4876781831360232,0.7071290944123314,0.8811973090263482,92.10227325195524,0.7845524717601406,0.6844907627253791,reference_ligand,-8.492,1,0.0,0.0,5,0.6984000000000001,ok,D:\ONCS 2026\egfr-drug-discovery-ml\reports\vina_poses\generated_analogs\row_041_rank_042_docked.pdbqt,0.6935317669538827,consensus_vina_reference,10.899429468710908,38,4,4,0,2,6,ALA743;ASP855;LEU718;LYS745;MET793;VAL726,ASP855;LYS745;LEU718;MET793;ALA743;VAL726,0.9066666666666666,True,"hbond:4;salt:2;key:ALA743,ASP855,LEU718,LYS745,MET793,VAL726",11.443429468710908,20
COc1ncc(NC(=O)c2sc3ncnc(Nc4ccc(F)c(Cl)c4)c3c2N)cc1F,9.56766619851131,0.0535877106743141,0.3965415507809762,462.86900000000014,4.604600000000001,115.05,3,8,4,5,0.0526315789473684,0,0.0,3.052460000000001,False,,1,aniline,0,,0,,0.8059701492537313,0.7550205181925619,1.0,0.4320987654320987,Osimertinib,0.1940298507462686,0.5679012345679013,0.9794051521558076,0.5506955452372293,0.88,0.8919753086419753,0.5506955452372293,0.825519001508753,0.9794051521558076,0.4287096069185782,0.5712903930814218,0.2051815341960727,9.487284632499838,-0.0560642913242869,-0.2,0.5076838032061912,9.738904144381744,0.0,0.0,0.0,0.1608870086482227,0.0,0.1608870086482227,0.0,low,,9.57801713573352,True,pass,False,,0.99565453557849,0.1963606735469853,0.5103204780010864,0.1618685497012493,0.8967952199891364,0.7707767517653449,0.846279196089082,0.9337316675719718,0.5962384573601304,0.6934410646387832,10.4543902932139,32,0.0,10.410146413300062,0,29,0,3,advance,COc1ccc(NC(=O)c2sc3ncnc(Nc4ccc(F)c(Cl)c4)c3c2N)cn1,decorate_fluoro,scaffold_decoration,scaffold_decoration,scaffold_decoration,late_stage_fluorination,0.88,0.82,0.8,True,0.8059701492537313,0.6948185175562326,0.893,0.8348070386438641,True,,False,True,1,0,0.6578143062345455,Dacomitinib,reference_ligand,0.7050444491509569,COc1ccc(NC(=O)c2sc3ncnc(Nc4ccc(F)c(Cl)c4)c3c2N)cn1,1,COc1ccc(NC(=O)c2sc3ncnc(Nc4ccc(F)c(Cl)c4)c3c2N)cn1 -> COc1ncc(NC(=O)c2sc3ncnc(Nc4ccc(F)c(Cl)c4)c3c2N)cc1F,9.727229369335936,0.4157213272861062,10.337930566735375,9.413202369871806,0.0,9.727229369335936,0.4157213272861062,10.337930566735375,9.413202369871806,0.0,-0.1595631708246259,-0.0191797765051299,0.0722158465646867,0.1648147658617151,True,False,False,True,2,COc1ccc(NC(=O)c2sc3ncnc(Nc4ccc(F)c(Cl)c4)c3c2N)cn1,11.483658084051218,Dacomitinib,COc1cc2ncnc(Nc3ccc(F)c(Cl)c3)c2cc1OCCCN1CCOCC1,0.4812121212121212,0.6561079741082496,0.7520926777842636,106.67129930889708,0.8309997337272019,0.6578143062345455,reference_ligand,-8.77,1,0.0,0.0,5,0.7539999999999999,ok,D:\ONCS 2026\egfr-drug-discovery-ml\reports\vina_poses\generated_analogs\row_029_rank_029_docked.pdbqt,0.7203350071820909,consensus_vina_reference,10.95039766868663,25,5,5,0,0,7,ALA743;ASP800;ASP855;LEU718;LYS745;MET793;VAL726,LEU718;LYS745;MET793;ALA743;VAL726;ASP800,0.8133333333333334,True,"hbond:5;key:ALA743,ASP800,ASP855,LEU718,LYS745,MET793,VAL726",11.43839766868663,21
COc1c(C)cccc1-c1cc2c(NC(CO)c3ccccc3)ncnc2[nH]1,9.068147103335042,0.0705049176044765,0.4734806263536626,374.444,4.087420000000002,83.06,3,5,4,6,0.1818181818181818,0,0.0,2.91296,False,,0,,0,,0,,0.7586206896551724,0.7186447369601694,1.0,0.2134831460674157,Osimertinib,0.2413793103448276,0.7865168539325843,0.8426833335106269,0.5983774214175914,1.0,0.946629213483146,0.5983774214175914,0.8469224921028411,1.0,0.4016225785824086,0.5983774214175914,-0.0056522114562856,8.962389726928327,0.0547184445354808,-0.0,0.5945757458349477,9.611683917298755,0.0,0.0,0.0,0.1270282232280107,0.0,0.1270282232280107,0.0,low,,9.484655694070746,True,pass,False,,0.8954372623574145,0.5755024443237371,0.6572514937533949,0.3666485605649103,0.8967952199891364,0.9038565996740902,0.846279196089082,0.8916349809885932,0.6899646931015753,0.766621401412276,10.439641549020648,39,0.0,10.404601375765475,0,30,0,9,advance,COc1ccccc1-c1cc2c(NC(CO)c3ccccc3)ncnc2[nH]1,append_methyl,append_group,append_group,late_stage_diversification,append_group_scan,0.74,0.63,0.64,True,0.7586206896551724,0.7219254826155275,0.573,0.836656987666114,True,,False,True,0,0,0.698996001506357,Osimertinib,reference_ligand,0.6902839078638277,COc1ccccc1-c1cc2c(NC(CO)c3ccccc3)ncnc2[nH]1,1,COc1ccccc1-c1cc2c(NC(CO)c3ccccc3)ncnc2[nH]1 -> COc1c(C)cccc1-c1cc2c(NC(CO)c3ccccc3)ncnc2[nH]1,9.33730942934638,0.487358116928423,10.490719978033283,9.52085324524955,0.0,9.33730942934638,0.487358116928423,10.490719978033283,9.52085324524955,0.0,-0.2691623260113385,-0.0138774905747603,-0.0861186022678062,-0.0361975511788035,False,False,False,False,0,COc1ccccc1-c1cc2c(NC(CO)c3ccccc3)ncnc2[nH]1,11.478228257041104,Osimertinib,COc1cc2ncnc(Nc3ccc(F)c(Cl)c3)c2cc1NC(=O)C=C,0.5701290719114935,0.7524334847501623,0.7388617687374942,98.01372523390864,0.8047671025592117,0.698996001506357,reference_ligand,-8.515,1,0.0,0.0,5,0.7030000000000001,ok,D:\ONCS 2026\egfr-drug-discovery-ml\reports\vina_poses\generated_analogs\row_030_rank_030_docked.pdbqt,0.701598600527225,consensus_vina_reference,10.930800326160892,29,3,6,0,0,6,ALA743;ASP855;LEU718;LYS745;MET793;VAL726,LEU718;MET793;ASP855;ALA743;VAL726;PRO794,0.84,True,"hbond:3;key:ALA743,ASP855,LEU718,LYS745,MET793,VAL726",11.434800326160891,22
CCOc1ccc(NC(=O)c2sc3ncnc(Nc4ccc(F)c(Cl)c4)c3c2N)cn1,9.696331591240648,0.0343576766295332,0.377737630549919,458.9060000000001,4.855600000000003,115.05,3,8,4,6,0.1,0,0.0,3.126040000000001,False,,1,aniline,0,,0,,0.8484848484848485,0.7373348229603407,1.0,0.3875,Sunvozertinib,0.1515151515151515,0.6125,1.0,0.5375233891101476,0.88,0.903125,0.5375233891101476,0.830162097277537,1.0,0.4624766108898523,0.5375233891101476,0.226450536963284,9.644795076296347,-0.0811683694500811,-0.2,0.5019318181818182,9.865558525028089,0.0,0.0,0.0,0.2030957636123154,0.0,0.2030957636123154,0.0,low,,9.662462761415773,True,pass,False,,0.9994568169473113,0.115697990222705,0.4103747963063552,0.0347637153720803,0.8967952199891364,0.6398696360673547,0.846279196089082,0.9717544812601848,0.5414041281912004,0.6485877240630094,10.515243478857528,11,0.0,10.440768030291382,0,23,12,0,lead,COc1ccc(NC(=O)c2sc3ncnc(Nc4ccc(F)c(Cl)c4)c3c2N)cn1,methoxy_to_ethoxy,williamson,reaction_transform,williamson,o_alkylation,0.83,0.79,0.82,True,0.8484848484848485,0.6827739202208692,0.744,0.8138192812423362,True,,False,True,1,0,0.6543441380831199,Dacomitinib,reference_ligand,0.7373522057775284,COc1ccc(NC(=O)c2sc3ncnc(Nc4ccc(F)c(Cl)c4)c3c2N)cn1,1,COc1ccc(NC(=O)c2sc3ncnc(Nc4ccc(F)c(Cl)c4)c3c2N)cn1 -> CCOc1ccc(NC(=O)c2sc3ncnc(Nc4ccc(F)c(Cl)c4)c3c2N)cn1,9.727229369335936,0.4157213272861062,10.337930566735375,9.413202369871806,0.0,9.727229369335936,0.4157213272861062,10.337930566735375,9.413202369871806,0.0,-0.0308977780952872,-0.0379836967361872,0.1028374635560069,0.2492603915439648,True,False,False,True,2,COc1ccc(NC(=O)c2sc3ncnc(Nc4ccc(F)c(Cl)c4)c3c2N)cn1,11.512008113536652,Dacomitinib,COc1cc2ncnc(Nc3ccc(F)c(Cl)c3)c2cc1OCCCN1CCOCC1,0.5051881993896237,0.6762903445458259,0.6412540352324582,116.3088480411466,0.8560775693643794,0.6543441380831199,reference_ligand,-8.262,1,0.0,0.0,5,0.6524000000000001,ok,D:\ONCS 2026\egfr-drug-discovery-ml\reports\vina_poses\generated_analogs\row_023_rank_023_docked.pdbqt,0.653080448329092,consensus_vina_reference,10.9305783665382,30,3,7,0,0,6,ALA743;ASP855;LEU718;LYS745;MET793;VAL726,LEU718;VAL726;MET793;LYS745;LEU788;ALA743,0.84,True,"hbond:3;key:ALA743,ASP855,LEU718,LYS745,MET793,VAL726",11.434578366538199,23
CCOc1cnccc1-c1cc2c(N[C@H](CO)c3ccccc3)ncnc2[nH]1,9.388225679052562,0.0204859212977618,0.457017806910887,375.432,3.5641000000000007,95.95,3,6,4,7,0.1904761904761904,0,0.0,3.019546666666667,False,,0,,0,,0,,0.8620689655172413,0.7561325114179833,1.0,0.2023809523809523,Afatinib,0.1379310344827586,0.7976190476190477,0.9577162748547072,0.5852233835445777,1.0,0.949404761904762,0.5852233835445777,0.8730861050760117,1.0,0.4147766164554223,0.5852233835445777,0.112840226371594,9.357496797105918,0.023133425958506,-0.0,0.5513546798029557,9.93198490286738,0.0,0.0,0.0,0.1434707705692778,0.0,0.1434707705692778,0.0,low,,9.7885141322981,True,pass,False,,0.988593155893536,0.4986420423682781,0.5497012493210212,0.0184682237914177,0.8967952199891364,0.8397609994568169,0.846279196089082,0.9902227050516024,0.6307441607821835,0.73598587724063,10.688877895806,2,0.0,10.671697184986856,0,2,0,0,lead,COc1cnccc1-c1cc2c(N[C@H](CO)c3ccccc3)ncnc2[nH]1,methoxy_to_ethoxy,williamson,reaction_transform,williamson,o_alkylation,0.83,0.79,0.82,True,0.8620689655172413,0.7091548024177867,0.744,0.8978593709430729,True,,False,True,0,0,0.6168608277378466,Afatinib,reference_ligand,0.7373522057775284,COc1cnccc1-c1cc2c(N[C@H](CO)c3ccccc3)ncnc2[nH]1,1,COc1cnccc1-c1cc2c(N[C@H](CO)c3ccccc3)ncnc2[nH]1 -> CCOc1cnccc1-c1cc2c(N[C@H](CO)c3ccccc3)ncnc2[nH]1,9.22367882103711,0.4881157070111666,10.346368575698754,9.382854040274468,0.0,9.22367882103711,0.4881157070111666,10.346368575698754,9.382854040274468,0.0,0.1645468580154521,-0.0310979001002795,0.3253286092881016,0.4056600920236324,True,True,False,True,3,COc1cnccc1-c1cc2c(N[C@H](CO)c3ccccc3)ncnc2[nH]1,11.79962358057976,Afatinib,CN(C)CCOC1=CC2=C(NC3=CC=CC=C3F)N=CN=C2C=C1,0.4460270747498528,0.6652036516853932,0.6949350091508169,84.36398745739481,0.7548944776326243,0.6168608277378466,reference_ligand,-7.862,1,0.0,0.0,5,0.5724,ok,D:\ONCS 2026\egfr-drug-discovery-ml\reports\vina_poses\generated_analogs\row_002_rank_002_docked.pdbqt,0.5879612897082462,consensus_vina_reference,11.11266815226804,3,1,1,0,0,5,ALA743;ASP855;LYS745;MET793;VAL726,ASP855;LYS745;VAL726;ALA743;MET793;LEU844,0.52,True,"hbond:1;key:ALA743,ASP855,LYS745,MET793,VAL726",11.424668152268039,24
COc1cc(CO)c(C)cc1-c1cc2c(NC(C)c3ccccc3)ncnc2[nH]1,9.07983734610716,0.0176998608103261,0.4493293258634823,388.47100000000006,4.607320000000003,83.06,3,5,4,6,0.217391304347826,0,0.0,3.006473333333334,False,,0,,0,,0,,0.7419354838709677,0.6576412306184913,0.922984055669984,0.2222222222222222,Osimertinib,0.2580645161290322,0.7777777777777778,0.8825694339595618,0.5814975394813255,1.0,0.8866824861969325,0.5814975394813255,0.837687364909455,1.0,0.4185024605186744,0.5814975394813255,0.0598427587334757,9.053287554891671,0.0200974562982648,-0.0,0.5802083795088939,9.65359339069883,0.0,0.0,0.0,0.148128075648343,0.0,0.148128075648343,0.0,low,,9.505465315050488,True,pass,False,,0.9033134166214014,0.4570885388375882,0.5632808256382401,0.4483976099945682,0.6406844106463878,0.8226507332971211,0.846279196089082,0.9945681694731124,0.672080391091798,0.7214149918522542,10.460089860008988,27,0.0,10.371163305273193,0,46,19,0,advance,COc1cc(CO)ccc1-c1cc2c(NC(C)c3ccccc3)ncnc2[nH]1,append_methyl,append_group,append_group,late_stage_diversification,append_group_scan,0.74,0.63,0.64,True,0.7419354838709677,0.7167271505650353,0.573,0.8264812748207451,True,,False,True,0,0,0.6501823254398763,Sunvozertinib,reference_ligand,0.6902839078638277,COc1cc(CO)ccc1-c1cc2c(NC(C)c3ccccc3)ncnc2[nH]1,1,COc1cc(CO)ccc1-c1cc2c(NC(C)c3ccccc3)ncnc2[nH]1 -> COc1cc(CO)c(C)cc1-c1cc2c(NC(C)c3ccccc3)ncnc2[nH]1,9.481133391168196,0.468660740099691,10.493658403040255,9.54718843465248,0.0,9.481133391168196,0.468660740099691,10.493658403040255,9.54718843465248,0.0,-0.4012960450610361,-0.0193314142362087,-0.1224950977670626,-0.0417231196019916,False,False,False,False,0,COc1cc(CO)ccc1-c1cc2c(NC(C)c3ccccc3)ncnc2[nH]1,11.424047577981876,Sunvozertinib,C=CC(=O)Nc1cc2ncnc(Nc3ccc(F)c(Cl)c3)c2cn1,0.4785123966942148,0.7178533475026567,0.6828189781826959,99.73048832147158,0.8102740858393225,0.6501823254398763,reference_ligand,-8.552,1,0.0,0.0,5,0.7103999999999999,ok,D:\ONCS 2026\egfr-drug-discovery-ml\reports\vina_poses\generated_analogs\row_046_rank_046_docked.pdbqt,0.6893238139039566,consensus_vina_reference,10.88815616570116,42,5,3,0,1,7,ALA743;ASP800;ASP855;LEU718;LYS745;MET793;VAL726,LEU718;ASP855;LYS745;VAL726;MET793;ALA743,0.88,True,"hbond:5;salt:1;key:ALA743,ASP800,ASP855,LEU718,LYS745,MET793,VAL726",11.41615616570116,25
COc1ccccc1-c1cc2c(NC(CF)c3ccccc3)ncnc2[nH]1,9.071690957623554,0.0459628136416821,0.5192265511151524,362.408,4.756200000000003,62.83,2,4,4,6,0.1428571428571428,0,0.0,2.83272,False,,0,,0,,0,,0.8148148148148148,0.7540868454661558,1.0,0.253012048192771,Osimertinib,0.1851851851851852,0.7469879518072289,0.860748769856711,0.6266238338825646,1.0,0.9367469879518072,0.6266238338825646,0.8560298979227707,1.0,0.3733761661174354,0.6266238338825646,0.0062918292452536,9.002746737161031,0.1086042654008666,-0.0,0.557429718875502,9.6687807214374,0.0,0.0,0.0,0.0917202076467942,0.0,0.0917202076467942,0.0,low,,9.577060513790606,True,pass,False,,0.8976099945681695,0.7199891363389462,0.6884845192829984,0.1311787072243346,0.8967952199891364,0.9432373709940248,0.846279196089082,0.9464964693101576,0.6774307441607822,0.7752036936447584,10.481697614430338,18,0.0,10.507304946164316,0,15,0,3,lead,COc1ccccc1-c1cc2c(NC(CO)c3ccccc3)ncnc2[nH]1,alcohol_fluorination,functional_group_swap,reaction_transform,functional_group_swap,halogen_exchange,0.74,0.66,0.7,True,0.8148148148148148,0.7316414301273396,0.835,0.89244682276731,True,,False,True,0,0,0.6644409720237872,Osimertinib,reference_ligand,0.7543213928155906,COc1ccccc1-c1cc2c(NC(CO)c3ccccc3)ncnc2[nH]1,1,COc1ccccc1-c1cc2c(NC(CO)c3ccccc3)ncnc2[nH]1 -> COc1ccccc1-c1cc2c(NC(CF)c3ccccc3)ncnc2[nH]1,9.33730942934638,0.487358116928423,10.490719978033283,9.52085324524955,0.0,9.33730942934638,0.487358116928423,10.490719978033283,9.52085324524955,0.0,-0.265618471722826,0.0318684341867293,0.016584968131033,0.0562072685410566,True,False,True,True,3,COc1ccccc1-c1cc2c(NC(CO)c3ccccc3)ncnc2[nH]1,11.636810873188692,Osimertinib,COc1cc2ncnc(Nc3ccc(F)c(Cl)c3)c2cc1NC(=O)C=C,0.5183424741011579,0.6918822189686026,0.7340891887393295,94.0135461157288,0.7913072981871816,0.6644409720237872,reference_ligand,-8.674,1,0.0,0.0,5,0.7347999999999999,ok,D:\ONCS 2026\egfr-drug-discovery-ml\reports\vina_poses\generated_analogs\row_016_rank_015_docked.pdbqt,0.7101743402083254,consensus_vina_reference,11.03993570132056,10,1,5,0,0,6,ALA743;ASP855;LEU718;LYS745;MET793;VAL726,LEU718;LYS745;ASP855;VAL726;MET793;ALA743,0.6266666666666666,True,"hbond:1;key:ALA743,ASP855,LEU718,LYS745,MET793,VAL726",11.41593570132056,26
[2H]C([2H])([2H])Oc1ccc(C#N)cc1-c1cc2c(N[C@H](CO)c3ccccc3)ncnc2[nH]1,9.0918369978441,0.0715853867961916,0.4653971594397332,388.445305334,3.650680000000002,106.85,3,6,4,6,0.1363636363636363,0,0.0,3.00630203556,False,,0,,0,,0,,0.7741935483870968,0.6798495251651978,0.9633627730276324,0.2068965517241379,Afatinib,0.2258064516129032,0.7931034482758621,0.8478494787036908,0.590341436324161,1.0,0.9207979418396898,0.590341436324161,0.8397472142168854,1.0,0.4096585636758389,0.590341436324161,0.0108030193157404,8.984458917649812,0.0280882177420968,-0.0,0.5803846309654731,9.59293176635738,0.0,0.0,0.0,0.1370732045947987,0.0,0.1370732045947987,0.0,low,,9.455858561762582,True,pass,False,,0.908745247148289,0.5347637153720803,0.5687126561651277,0.2922324823465508,0.7289516567083107,0.857686040195546,0.846279196089082,0.8875611080934275,0.6596414991852253,0.7266023900054317,10.38450156537965,59,0.0,10.3277814297691,0,58,0,1,advance,[2H]C([2H])([2H])Oc1ccccc1-c1cc2c(N[C@H](CO)c3ccccc3)ncnc2[nH]1,decorate_cyano,scaffold_decoration,scaffold_decoration,scaffold_decoration,snar_cyano_diversification,0.77,0.76,0.74,True,0.7741935483870968,0.7133856681213933,0.893,0.8964010538182645,True,,False,True,0,0,0.6622078381053071,Afatinib,reference_ligand,0.6982605048583755,[2H]C([2H])([2H])Oc1ccccc1-c1cc2c(N[C@H](CO)c3ccccc3)ncnc2[nH]1,1,[2H]C([2H])([2H])Oc1ccccc1-c1cc2c(N[C@H](CO)c3ccccc3)ncnc2[nH]1 -> [2H]C([2H])([2H])Oc1ccc(C#N)cc1-c1cc2c(N[C@H](CO)c3ccccc3)ncnc2[nH]1,9.386549939172664,0.4855433472748625,10.549651298502416,9.57922670295292,0.0,9.386549939172664,0.4855433472748625,10.549651298502416,9.57922670295292,0.0,-0.294712941328564,-0.0201461878351292,-0.2218698687333162,-0.1233681411903369,False,False,False,False,0,[2H]C([2H])([2H])Oc1ccccc1-c1cc2c(N[C@H](CO)c3ccccc3)ncnc2[nH]1,11.439567902427012,Afatinib,CN(C)CCOC1=CC2=C(NC3=CC=CC=C3F)N=CN=C2C=C1,0.4966370405957242,0.7262030207235687,0.7647714036830502,85.8172717889329,0.7607599560619194,0.6622078381053071,reference_ligand,-8.628,1,0.0,0.0,5,0.7256,ok,D:\ONCS 2026\egfr-drug-discovery-ml\reports\vina_poses\generated_analogs\row_058_rank_058_docked.pdbqt,0.7034127433368575,consensus_vina_reference,10.855340987271743,51,4,5,0,2,6,ALA743;ASP855;LEU718;LYS745;MET793;VAL726,ASP855;LEU718;LYS745;MET793;ALA743;VAL726,0.9333333333333332,True,"hbond:4;salt:2;key:ALA743,ASP855,LEU718,LYS745,MET793,VAL726",11.415340987271744,27
COc1c(F)cccc1-c1cc2c(NC(CO)c3ccccc3)ncnc2[nH]1,9.105738360620292,0.0907623260969477,0.4736945471819129,378.407,3.9181000000000017,83.06,3,5,4,6,0.1428571428571428,0,0.0,2.9393800000000003,False,,0,,0,,0,,0.7457627118644068,0.7153557759900023,1.0,0.2658227848101265,Afatinib,0.2542372881355932,0.7341772151898734,0.8379009618872094,0.5974789240269752,1.0,0.9335443037974684,0.5974789240269752,0.8422310474279133,1.0,0.4025210759730248,0.5974789240269752,-0.0057734473876051,8.96959487147487,0.0470732614676271,-0.0,0.584659944217979,9.601328077160476,0.0,0.0,0.0,0.128151344966281,0.0,0.128151344966281,0.0,low,,9.473176732194196,True,pass,False,,0.9193373166757196,0.586909288430201,0.6238457360130364,0.4367191743617599,0.8967952199891364,0.8943508962520369,0.846279196089082,0.8280825638240087,0.7120043454644216,0.7750407387289516,10.45573329171778,30,0.0,10.403225618668936,0,33,3,0,advance,COc1ccccc1-c1cc2c(NC(CO)c3ccccc3)ncnc2[nH]1,decorate_fluoro,scaffold_decoration,scaffold_decoration,scaffold_decoration,late_stage_fluorination,0.88,0.82,0.8,True,0.7457627118644068,0.7177892007962653,0.893,0.9159436185914516,True,,False,True,0,0,0.6824910797047958,Afatinib,reference_ligand,0.7050444491509569,COc1ccccc1-c1cc2c(NC(CO)c3ccccc3)ncnc2[nH]1,1,COc1ccccc1-c1cc2c(NC(CO)c3ccccc3)ncnc2[nH]1 -> COc1c(F)cccc1-c1cc2c(NC(CO)c3ccccc3)ncnc2[nH]1,9.33730942934638,0.487358116928423,10.490719978033283,9.52085324524955,0.0,9.33730942934638,0.487358116928423,10.490719978033283,9.52085324524955,0.0,-0.2315710687260885,-0.01366356974651,-0.0874943593643458,-0.0476765130553538,False,False,False,False,0,COc1ccccc1-c1cc2c(NC(CO)c3ccccc3)ncnc2[nH]1,11.528723830923592,Afatinib,CN(C)CCOC1=CC2=C(NC3=CC=CC=C3F)N=CN=C2C=C1,0.4975442043222003,0.7103786816269284,0.8422299756056117,94.01590622404096,0.7913155069820708,0.6824910797047958,reference_ligand,-8.429,1,0.0,0.0,5,0.6858000000000001,ok,D:\ONCS 2026\egfr-drug-discovery-ml\reports\vina_poses\generated_analogs\row_034_rank_033_docked.pdbqt,0.6846418778966785,consensus_vina_reference,10.916707027091444,34,3,1,0,2,6,ALA743;ASP855;LEU718;LYS745;MET793;VAL726,ASP855;LYS745;LEU718;ALA743;MET793;VAL726,0.8266666666666667,True,"hbond:3;salt:2;key:ALA743,ASP855,LEU718,LYS745,MET793,VAL726",11.412707027091445,28
[2H]C([2H])([2H])Oc1cc(C#N)ccc1-c1cc2c(N[C@H](CO)c3ccccc3)ncnc2[nH]1,9.24421111666124,0.1474352951010149,0.4653971594397332,388.445305334,3.650680000000002,106.85,3,6,4,6,0.1363636363636363,0,0.0,3.00630203556,False,,0,,0,,0,,0.7741935483870968,0.7044655753490611,1.0,0.2,Osimertinib,0.2258064516129032,0.8,0.8328480725945993,0.590341436324161,1.0,0.95,0.590341436324161,0.8432973772296901,1.0,0.4096585636758389,0.590341436324161,-0.013932406180121,9.023058174009716,0.0280882177420968,-0.0,0.5916129032258064,9.64275929497762,0.0,0.0,0.0711529426515224,0.1370732045947987,0.0,0.2082261472463211,0.0,low,,9.434533147731296,True,pass,False,,0.9652362846279195,0.5347637153720803,0.5687126561651277,0.2922324823465508,0.8967952199891364,0.857686040195546,0.846279196089082,0.6230309614340033,0.6850624660510591,0.7471075502444324,10.46483425423889,24,0.0,10.331062208024616,0,56,32,0,advance,[2H]C([2H])([2H])Oc1ccccc1-c1cc2c(N[C@H](CO)c3ccccc3)ncnc2[nH]1,decorate_cyano,scaffold_decoration,scaffold_decoration,scaffold_decoration,snar_cyano_diversification,0.77,0.76,0.74,True,0.7741935483870968,0.7133856681213933,0.893,0.8985548075218915,True,,False,True,0,0,0.6784748600360236,Afatinib,reference_ligand,0.6982605048583755,[2H]C([2H])([2H])Oc1ccccc1-c1cc2c(N[C@H](CO)c3ccccc3)ncnc2[nH]1,1,[2H]C([2H])([2H])Oc1ccccc1-c1cc2c(N[C@H](CO)c3ccccc3)ncnc2[nH]1 -> [2H]C([2H])([2H])Oc1cc(C#N)ccc1-c1cc2c(N[C@H](CO)c3ccccc3)ncnc2[nH]1,9.386549939172664,0.4855433472748625,10.549651298502416,9.57922670295292,0.0,9.386549939172664,0.4855433472748625,10.549651298502416,9.57922670295292,0.0,-0.1423388225114248,-0.0201461878351292,-0.2185890904778009,-0.1446935552216217,False,False,False,False,0,[2H]C([2H])([2H])Oc1ccccc1-c1cc2c(N[C@H](CO)c3ccccc3)ncnc2[nH]1,11.44760971266121,Afatinib,CN(C)CCOC1=CC2=C(NC3=CC=CC=C3F)N=CN=C2C=C1,0.5068658154661527,0.7375985977212971,0.7990587602884139,89.4890033779385,0.7749614120837118,0.6784748600360236,reference_ligand,-8.614,1,0.0,0.0,5,0.7228000000000001,ok,D:\ONCS 2026\egfr-drug-discovery-ml\reports\vina_poses\generated_analogs\row_056_rank_056_docked.pdbqt,0.7072862010126083,consensus_vina_reference,10.861526858784073,50,4,4,0,2,6,ALA743;ASP855;LEU718;LYS745;MET793;VAL726,ASP855;LYS745;LEU718;MET793;ALA743;VAL726,0.9066666666666666,True,"hbond:4;salt:2;key:ALA743,ASP855,LEU718,LYS745,MET793,VAL726",11.405526858784073,29
[2H]C([2H])([2H])Oc1c(C)cccc1-c1cc2c(N[C@H](CO)c3ccccc3)ncnc2[nH]1,9.09330666652327,0.0599158100048362,0.4714033281284183,377.462305334,4.0874200000000025,83.06,3,5,4,6,0.1818181818181818,0,0.0,2.93308203556,False,,0,,0,,0,,0.7833333333333333,0.6907091558337346,0.9831075560613356,0.2,Afatinib,0.2166666666666666,0.8,0.8563855996274323,0.5964609829490917,1.0,0.9373306670460017,0.5964609829490917,0.8475443124056314,1.0,0.4035390170509083,0.5964609829490917,0.0117883829624012,9.003432951516016,0.0496228409762365,-0.0,0.5832768890153339,9.636332681507588,0.0,0.0,0.0,0.1294237713136354,0.0,0.1294237713136354,0.0,low,,9.506908910193951,True,pass,False,,0.910917979359044,0.5573058120586638,0.6319934818033678,0.2533948940793047,0.7664312873438349,0.888647474198805,0.846279196089082,0.917979359043998,0.6668522542096686,0.7414448669201521,10.43655538655919,42,0.0,10.396642750498136,0,37,0,5,advance,[2H]C([2H])([2H])Oc1ccccc1-c1cc2c(N[C@H](CO)c3ccccc3)ncnc2[nH]1,append_methyl,append_group,append_group,late_stage_diversification,append_group_scan,0.74,0.63,0.64,True,0.7833333333333333,0.7208751978083721,0.573,0.8367482639134672,True,,False,True,0,0,0.6759946666138174,Afatinib,reference_ligand,0.6902839078638277,[2H]C([2H])([2H])Oc1ccccc1-c1cc2c(N[C@H](CO)c3ccccc3)ncnc2[nH]1,1,[2H]C([2H])([2H])Oc1ccccc1-c1cc2c(N[C@H](CO)c3ccccc3)ncnc2[nH]1 -> [2H]C([2H])([2H])Oc1c(C)cccc1-c1cc2c(N[C@H](CO)c3ccccc3)ncnc2[nH]1,9.386549939172664,0.4855433472748625,10.549651298502416,9.57922670295292,0.0,9.386549939172664,0.4855433472748625,10.549651298502416,9.57922670295292,0.0,-0.2932432726493932,-0.0141400191464441,-0.1530085480042817,-0.0723177927589677,False,False,False,False,0,[2H]C([2H])([2H])Oc1ccccc1-c1cc2c(N[C@H](CO)c3ccccc3)ncnc2[nH]1,11.470570758423316,Afatinib,CN(C)CCOC1=CC2=C(NC3=CC=CC=C3F)N=CN=C2C=C1,0.5018826673144662,0.7219989515988119,0.7993297045694404,92.02644253574906,0.7842800072804147,0.6759946666138174,reference_ligand,-8.363,1,0.0,0.0,5,0.6725999999999999,ok,D:\ONCS 2026\egfr-drug-discovery-ml\reports\vina_poses\generated_analogs\row_037_rank_037_docked.pdbqt,0.673788133314836,consensus_vina_reference,10.901983850484264,37,3,1,0,2,6,ALA743;ASP855;LEU718;LYS745;MET793;VAL726,ASP855;LYS745;LEU718;ALA743;VAL726;MET793,0.8266666666666667,True,"hbond:3;salt:2;key:ALA743,ASP855,LEU718,LYS745,MET793,VAL726",11.397983850484264,30
CC(C)Oc1ccccc1-c1cc2c(NC(CO)c3ccccc3)ncnc2[nH]1,9.30296226947643,0.0099582466923038,0.4323277207116908,388.471,4.557600000000003,83.06,3,5,4,7,0.217391304347826,0,0.0,3.1064733333333336,False,,0,,0,,0,,0.8181818181818182,0.798609022556391,1.0,0.2125,Afatinib,0.1818181818181817,0.7875,0.9437697946844948,0.5683005028016863,1.0,0.946875,0.5683005028016863,0.8647363243715452,1.0,0.4316994971983137,0.5683005028016863,0.1053779604172659,9.288024899437971,-0.0119041488535265,-0.0,0.5680681818181819,9.844188932402629,0.0,0.0,0.0,0.1646243714978921,0.0,0.1646243714978921,0.0,low,,9.679564560904735,True,pass,False,,0.976914720260728,0.3620315046170559,0.4516567083107007,0.1238457360130363,0.8967952199891364,0.7531233025529603,0.846279196089082,0.9975556762629006,0.6045355784899511,0.7044269418794133,10.56963162659057,6,0.0,10.524876891160034,0,8,2,0,lead,COc1ccccc1-c1cc2c(NC(CO)c3ccccc3)ncnc2[nH]1,methoxy_to_isopropoxy,williamson,reaction_transform,williamson,o_alkylation,0.81,0.76,0.79,True,0.8181818181818182,0.7032381631780678,0.744,0.8830658480029773,True,,False,True,0,0,0.6367380288024741,Osimertinib,reference_ligand,0.7054057353024809,COc1ccccc1-c1cc2c(NC(CO)c3ccccc3)ncnc2[nH]1,1,COc1ccccc1-c1cc2c(NC(CO)c3ccccc3)ncnc2[nH]1 -> CC(C)Oc1ccccc1-c1cc2c(NC(CO)c3ccccc3)ncnc2[nH]1,9.33730942934638,0.487358116928423,10.490719978033283,9.52085324524955,0.0,9.33730942934638,0.487358116928423,10.490719978033283,9.52085324524955,0.0,-0.0343471598699505,-0.0550303962167321,0.0341569131267505,0.1587113156551876,True,False,False,True,2,COc1ccccc1-c1cc2c(NC(CO)c3ccccc3)ncnc2[nH]1,11.631303802831228,Osimertinib,COc1cc2ncnc(Nc3ccc(F)c(Cl)c3)c2cc1NC(=O)C=C,0.4573946018291323,0.665854846566001,0.7228672371376341,95.2670451816757,0.7956220056862028,0.6367380288024741,reference_ligand,-8.297,1,0.0,0.0,5,0.6594000000000001,ok,D:\ONCS 2026\egfr-drug-discovery-ml\reports\vina_poses\generated_analogs\row_008_rank_008_docked.pdbqt,0.651468310080866,consensus_vina_reference,11.013478123720684,13,2,2,0,0,6,ALA743;ASP855;LEU718;LYS745;MET793;VAL726,ASP855;LYS745;VAL726;MET793;ALA743;LEU718,0.64,True,"hbond:2;key:ALA743,ASP855,LEU718,LYS745,MET793,VAL726",11.397478123720685,31
CCOc1ccc(OC)cc1-c1cc2c(N[C@H](CO)c3ccccc3)ncnc2[nH]1,9.31603247569417,0.0545384684189606,0.4080555322298785,404.47,4.1777000000000015,92.29,3,6,4,8,0.217391304347826,0,0.0,3.313133333333334,False,,0,,0,,0,,0.7966101694915254,0.7207312394468549,1.0,0.2289156626506024,Afatinib,0.2033898305084746,0.7710843373493976,0.91583119103027,0.547002337598228,1.0,0.9427710843373494,0.547002337598228,0.8514011532414618,1.0,0.4529976624017719,0.547002337598228,0.0859067170517442,9.23422477306573,-0.0671753373353389,-0.0,0.5728507249336329,9.739900160664025,0.0,0.0,0.0,0.1912470780022149,0.0,0.1912470780022149,0.0,low,,9.548653082661808,True,pass,False,,0.979902227050516,0.2430744160782183,0.1871265616512764,0.1977186311787072,0.8967952199891364,0.669473112438892,0.846279196089082,0.9293862031504616,0.5571835958718088,0.6566404128191199,10.408520475710194,50,0.0,10.336621578044753,0,55,5,0,advance,CCOc1ccccc1-c1cc2c(N[C@H](CO)c3ccccc3)ncnc2[nH]1,decorate_methoxy,scaffold_decoration,scaffold_decoration,scaffold_decoration,late_stage_methoxylation,0.85,0.8,0.79,True,0.7966101694915254,0.6850796874047983,0.893,0.9081806821824676,True,,False,True,0,0,0.6772441282405525,Osimertinib,reference_ligand,0.7031654874697928,CCOc1ccccc1-c1cc2c(N[C@H](CO)c3ccccc3)ncnc2[nH]1,1,CCOc1ccccc1-c1cc2c(N[C@H](CO)c3ccccc3)ncnc2[nH]1 -> CCOc1ccc(OC)cc1-c1cc2c(N[C@H](CO)c3ccccc3)ncnc2[nH]1,9.6213947221666,0.4521900852216164,10.64509070761073,9.696207052989768,0.0,9.6213947221666,0.4521900852216164,10.64509070761073,9.696207052989768,0.0,-0.3053622464724306,-0.0441345529917379,-0.308469129565978,-0.1475539703279604,False,False,False,False,0,CCOc1ccccc1-c1cc2c(N[C@H](CO)c3ccccc3)ncnc2[nH]1,11.46219667160394,Osimertinib,COc1cc2ncnc(Nc3ccc(F)c(Cl)c3)c2cc1NC(=O)C=C,0.537747883567204,0.7521492295214923,0.652277165340988,107.23797538564295,0.83258836007814,0.6772441282405525,reference_ligand,-8.183,1,0.0,0.0,5,0.6365999999999999,ok,D:\ONCS 2026\egfr-drug-discovery-ml\reports\vina_poses\generated_analogs\row_055_rank_055_docked.pdbqt,0.6508254448841934,consensus_vina_reference,10.824740661707898,59,4,5,0,2,7,ALA743;ASP800;ASP855;LEU718;LYS745;MET793;VAL726,ASP855;LYS745;MET793;LEU718;VAL726;ALA743,0.9333333333333332,True,"hbond:4;salt:2;key:ALA743,ASP800,ASP855,LEU718,LYS745,MET793,VAL726",11.384740661707898,32
[2H]C([2H])([2H])Oc1ccc(F)cc1-c1cc2c(N[C@H](CO)c3ccccc3)ncnc2[nH]1,9.187960579340912,0.0869290170480671,0.4715375210917332,381.425305334,3.9181000000000026,83.06,3,5,4,6,0.1428571428571428,0,0.0,2.9595020355600004,False,,0,,0,,0,,0.8448275862068966,0.7603121634267351,1.0,0.2333333333333333,Osimertinib,0.1551724137931034,0.7666666666666666,0.8611398329015809,0.595518635232761,1.0,0.9416666666666668,0.595518635232761,0.8495812837002521,1.0,0.4044813647672389,0.595518635232761,0.015411398935105,9.05756705376881,0.0418979300434474,-0.0,0.5498275862068965,9.649292570019156,0.0,0.0,0.0,0.1306017059590487,0.0,0.1306017059590487,0.0,low,,9.518690864060106,True,pass,False,,0.9440521455730582,0.5613796849538294,0.6105377512221619,0.046713742531233,0.8967952199891364,0.8837588267246062,0.846279196089082,0.8424769147202608,0.638022813688213,0.7379549158066269,10.41491994644501,48,0.0,10.40423676302806,0,32,0,16,advance,[2H]C([2H])([2H])Oc1ccccc1-c1cc2c(N[C@H](CO)c3ccccc3)ncnc2[nH]1,decorate_fluoro,scaffold_decoration,scaffold_decoration,scaffold_decoration,late_stage_fluorination,0.88,0.82,0.8,True,0.8448275862068966,0.7167197813015254,0.893,0.9298061541554524,True,,False,True,0,0,0.685819631204646,Osimertinib,reference_ligand,0.7050444491509569,[2H]C([2H])([2H])Oc1ccccc1-c1cc2c(N[C@H](CO)c3ccccc3)ncnc2[nH]1,1,[2H]C([2H])([2H])Oc1ccccc1-c1cc2c(N[C@H](CO)c3ccccc3)ncnc2[nH]1 -> [2H]C([2H])([2H])Oc1ccc(F)cc1-c1cc2c(N[C@H](CO)c3ccccc3)ncnc2[nH]1,9.386549939172664,0.4855433472748625,10.549651298502416,9.57922670295292,0.0,9.386549939172664,0.4855433472748625,10.549651298502416,9.57922670295292,0.0,-0.198589359831752,-0.0140058261831292,-0.145414535474357,-0.0605358388928127,False,False,False,False,0,[2H]C([2H])([2H])Oc1ccccc1-c1cc2c(N[C@H](CO)c3ccccc3)ncnc2[nH]1,11.559810493396508,Osimertinib,COc1cc2ncnc(Nc3ccc(F)c(Cl)c3)c2cc1NC(=O)C=C,0.5243652990013236,0.7093098958333333,0.8144578219432941,93.6825756697825,0.7901529319954289,0.685819631204646,reference_ligand,-8.527,1,0.0,0.0,5,0.7053999999999998,ok,D:\ONCS 2026\egfr-drug-discovery-ml\reports\vina_poses\generated_analogs\row_032_rank_032_docked.pdbqt,0.6985468709216259,consensus_vina_reference,10.928146916219278,31,3,3,0,0,6,ALA743;ASP855;LEU718;LYS745;MET793;VAL726,ASP855;LYS745;MET793;VAL726;ALA743;LEU788,0.76,True,"hbond:3;key:ALA743,ASP855,LEU718,LYS745,MET793,VAL726",11.384146916219278,33
CNC(=O)c1ccc(-c2cc3c(N[C@H](C)c4ccccc4)ncnc3[nH]2)c(OC)c1,9.242462219885304,0.0614681123037807,0.4510614696588043,401.4700000000001,4.166200000000002,91.93,3,5,4,6,0.1739130434782608,0,0.0,3.093133333333334,False,,0,,0,,0,,0.8333333333333334,0.7166332442067735,1.0,0.247191011235955,Osimertinib,0.1666666666666666,0.752808988764045,0.8925878763586795,0.5791171416456757,1.0,0.9382022471910112,0.5791171416456757,0.8524768162988416,1.0,0.4208828583543242,0.5791171416456757,0.0534814134131171,9.150260051429632,0.0044827740066303,-0.0,0.5508426966292135,9.705585522065478,0.0,0.0,0.0,0.1511035729429053,0.0,0.1511035729429053,0.0,low,,9.554481949122572,True,pass,False,,0.9636067354698532,0.4763715372080391,0.4752851711026616,0.0700706137968495,0.8967952199891364,0.8087995654535578,0.846279196089082,0.9114611624117328,0.614204236827811,0.7158337859858772,10.44263060625885,37,0.0,10.413482492305626,0,27,0,10,advance,COc1cc(C(N)=O)ccc1-c1cc2c(N[C@H](C)c3ccccc3)ncnc2[nH]1,hetero_methylation,hetero_edit,hetero_edit,n_or_o_alkylation,heteroatom_methylation,0.86,0.82,0.84,True,0.8333333333333334,0.7109019694860732,0.7729999999999999,0.893963151877985,True,,False,True,0,0,0.6426149426293576,Dacomitinib,reference_ligand,0.6141385205110788,COc1cc(C(N)=O)ccc1-c1cc2c(N[C@H](C)c3ccccc3)ncnc2[nH]1,1,COc1cc(C(N)=O)ccc1-c1cc2c(N[C@H](C)c3ccccc3)ncnc2[nH]1 -> CNC(=O)c1ccc(-c2cc3c(N[C@H](C)c4ccccc4)ncnc3[nH]2)c(OC)c1,9.314276628060911,0.4651141716870084,10.32466055150868,9.377431889759473,0.0,9.314276628060911,0.4651141716870084,10.32466055150868,9.377431889759473,0.0,-0.0718144081756069,-0.014052702028204,0.0888219407969455,0.1770500593631006,True,False,False,True,2,COc1cc(C(N)=O)ccc1-c1cc2c(N[C@H](C)c3ccccc3)ncnc2[nH]1,11.516081484453354,Dacomitinib,COc1cc2ncnc(Nc3ccc(F)c(Cl)c3)c2cc1OCCCN1CCOCC1,0.4405033191320717,0.6266384778012686,0.7746497870572279,107.28679176261662,0.8327245118457327,0.6426149426293576,reference_ligand,-9.203,1,0.0,0.0,5,0.8405999999999999,ok,D:\ONCS 2026\egfr-drug-discovery-ml\reports\vina_poses\generated_analogs\row_027_rank_027_docked.pdbqt,0.7713052299202751,consensus_vina_reference,10.991961414745832,19,1,6,0,0,7,ALA743;ASP800;ASP855;LEU718;LYS745;MET793;VAL726,MET793;LEU718;LYS745;VAL726;ALA743;ASP855,0.6533333333333333,True,"hbond:1;key:ALA743,ASP800,ASP855,LEU718,LYS745,MET793,VAL726",11.383961414745832,34
Nc1cc2cc3c(Nc4cccc(Br)c4)ncnc3cc2[nH]1,8.941917847337407,0.0867705093622708,0.5040794458605308,354.21100000000007,4.199400000000002,79.62,3,4,4,2,0.0,0,0.0,2.028073333333334,False,,1,aniline,0,,0,,0.6862745098039216,0.6638097038525135,0.9341994615500244,0.273972602739726,Sunvozertinib,0.3137254901960784,0.726027397260274,0.7997401052807622,0.6492408747104714,0.88,0.8821564454775868,0.6492408747104714,0.802784356367205,0.8821564454775868,0.2329155707671153,0.7670844292328847,-0.0040590014485905,8.811762083294001,0.1998684458605307,-0.2,0.5925345551538236,9.404165084308357,0.0,0.0,0.0,0.0,0.0,0.0,0.0,low,,9.404165084308357,True,pass,False,,0.8115154807170016,0.6816947311243889,0.95844649646931,0.7202607278652906,0.665942422596415,0.9989136338946224,0.846279196089082,0.8430200977729495,0.7893400325909833,0.8068441064638783,10.351373123417536,69,0.0,10.37237801206501,0,44,0,25,advance,Brc1cccc(Nc2ncnc3cc4[nH]ccc4cc23)c1,append_amino,append_group,append_group,late_stage_diversification,append_group_scan,0.68,0.7,0.64,True,0.6862745098039216,0.7640372713076026,0.573,0.7648993780113559,True,,False,True,1,0,0.7873630484694747,Sunvozertinib,reference_ligand,0.6501556464145004,Brc1cccc(Nc2ncnc3cc4[nH]ccc4cc23)c1,1,Brc1cccc(Nc2ncnc3cc4[nH]ccc4cc23)c1 -> Nc1cc2cc3c(Nc4cccc(Br)c4)ncnc3cc2[nH]1,9.281393187494482,0.5603847225017092,10.534013826609453,9.542989218663008,0.0,9.281393187494482,0.5603847225017092,10.534013826609453,9.542989218663008,0.0,-0.3394753401570742,-0.0563052766411784,-0.1616358145444429,-0.1388241343546514,False,False,False,False,0,Brc1cccc(Nc2ncnc3cc4[nH]ccc4cc23)c1,11.395966831813007,Sunvozertinib,C=CC(=O)Nc1cc2ncnc(Nc3ccc(F)c(Cl)c3)c2cn1,0.7229793977812995,0.8722753346080305,0.7094708007390369,123.28921080408892,0.8718841287064254,0.7873630484694747,reference_ligand,-9.3,1,0.0,0.0,5,0.8600000000000001,ok,D:\ONCS 2026\egfr-drug-discovery-ml\reports\vina_poses\generated_analogs\row_044_rank_044_docked.pdbqt,0.8345770669643162,consensus_vina_reference,10.998310812288247,17,2,2,0,0,6,ALA743;ASP855;LEU718;LYS745;MET793;VAL726,LEU718;MET793;LYS745;VAL726;ASP855;ALA743,0.64,True,"hbond:2;key:ALA743,ASP855,LEU718,LYS745,MET793,VAL726",11.382310812288248,35
CCOc1ccc(F)cc1-c1cc2c(N[C@H](CO)c3ccccc3)ncnc2[nH]1,9.378855663959245,0.0881922285061224,0.4365765311989033,392.434,4.308200000000003,83.06,3,5,4,7,0.1818181818181818,0,0.0,3.132893333333334,False,,0,,0,,0,,0.8421052631578947,0.7471624592947201,1.0,0.2317073170731707,Afatinib,0.1578947368421053,0.7682926829268293,0.9079793560355256,0.5696211947234995,1.0,0.9420731707317074,0.5696211947234995,0.8549184303726831,1.0,0.4303788052765005,0.5696211947234995,0.0707479008837899,9.24656732120006,-0.0151756506192785,-0.0,0.5515404364569961,9.782932107037778,0.0,0.0,0.0,0.1629735065956256,0.0,0.1629735065956256,0.0,low,,9.619958600442152,True,pass,False,,0.9875067897881586,0.3837588267246062,0.3946224877783813,0.0540467137425312,0.8967952199891364,0.7604562737642585,0.846279196089082,0.837588267246062,0.5911325366648561,0.6909152634437805,10.492291151035603,16,0.0,10.44905691657469,0,21,5,0,lead,CCOc1ccccc1-c1cc2c(N[C@H](CO)c3ccccc3)ncnc2[nH]1,decorate_fluoro,scaffold_decoration,scaffold_decoration,scaffold_decoration,late_stage_fluorination,0.88,0.82,0.8,True,0.8421052631578947,0.7003714030041917,0.893,0.9195969195732197,True,,False,True,0,0,0.6448951377607576,Afatinib,reference_ligand,0.7050444491509569,CCOc1ccccc1-c1cc2c(N[C@H](CO)c3ccccc3)ncnc2[nH]1,1,CCOc1ccccc1-c1cc2c(N[C@H](CO)c3ccccc3)ncnc2[nH]1 -> CCOc1ccc(F)cc1-c1cc2c(N[C@H](CO)c3ccccc3)ncnc2[nH]1,9.6213947221666,0.4521900852216164,10.64509070761073,9.696207052989768,0.0,9.6213947221666,0.4521900852216164,10.64509070761073,9.696207052989768,0.0,-0.2425390582073561,-0.015613554022713,-0.1960337910360401,-0.076248452547615,False,False,False,False,0,CCOc1ccccc1-c1cc2c(N[C@H](CO)c3ccccc3)ncnc2[nH]1,11.587119981607266,Afatinib,CN(C)CCOC1=CC2=C(NC3=CC=CC=C3F)N=CN=C2C=C1,0.4585616039165404,0.6872816212438855,0.7763805140246063,87.31670184750499,0.7666645973450804,0.6448951377607576,reference_ligand,-8.301,1,0.0,0.0,5,0.6602,ok,D:\ONCS 2026\egfr-drug-discovery-ml\reports\vina_poses\generated_analogs\row_021_rank_021_docked.pdbqt,0.6548432982162651,consensus_vina_reference,10.94018939023689,26,3,2,0,0,6,ALA743;ASP855;LEU718;LYS745;MET793;VAL726,ASP855;LYS745;VAL726;MET793;ALA743;LEU788,0.7333333333333333,True,"hbond:3;key:ALA743,ASP855,LEU718,LYS745,MET793,VAL726",11.38018939023689,36
OC[C@@H](Nc1ncnc2[nH]c(-c3ccccc3O)cc12)c1ccccc1,9.045319337161578,0.0736705068998528,0.4438233498413922,346.3900000000001,3.476000000000001,94.06,4,5,4,5,0.1,0,0.0,2.65,False,,0,,0,,0,,0.7551020408163265,0.7437916580773724,1.0,0.1973684210526315,Afatinib,0.2448979591836735,0.8026315789473684,0.8347604794604975,0.5921797654896888,1.0,0.950657894736842,0.5921797654896888,0.8443995349217571,1.0,0.4078202345103112,0.5921797654896888,-0.012852073948346,8.934813576811798,0.0563233498413922,-0.0,0.6009935553168636,9.592130481970054,0.0,0.0,0.0,0.134775293137889,0.0,0.134775293137889,0.0,low,,9.457355188832166,True,pass,False,,0.8796849538294406,0.4087452471482889,0.7409016838674634,0.3837588267246062,0.8967952199891364,0.8693644758283542,0.846279196089082,0.8791417707767518,0.6654942965779468,0.7428843020097773,10.39072363786359,56,0.0,10.3488163512439,0,51,0,5,advance,[2H]C([2H])([2H])Oc1ccccc1-c1cc2c(N[C@H](CO)c3ccccc3)ncnc2[nH]1,anisole_to_phenol,mmp,matched_molecular_pair,matched_molecular_pair,demethylation,0.82,0.77,0.75,True,0.7142857142857143,0.721411869194909,0.8600000000000001,0.8962901694217195,True,,False,True,0,0,0.6952230794395512,Osimertinib,reference_ligand,0.6990024669323672,[2H]C([2H])([2H])Oc1ccccc1-c1cc2c(N[C@H](CO)c3ccccc3)ncnc2[nH]1,1,[2H]C([2H])([2H])Oc1ccccc1-c1cc2c(N[C@H](CO)c3ccccc3)ncnc2[nH]1 -> OC[C@@H](Nc1ncnc2[nH]c(-c3ccccc3O)cc12)c1ccccc1,9.386549939172664,0.4855433472748625,10.549651298502416,9.57922670295292,0.0,9.386549939172664,0.4855433472748625,10.549651298502416,9.57922670295292,0.0,-0.3412306020110858,-0.0417199974334702,-0.2008349472585173,-0.1218715141207535,False,False,False,False,0,[2H]C([2H])([2H])Oc1ccccc1-c1cc2c(N[C@H](CO)c3ccccc3)ncnc2[nH]1,11.456082859551472,Osimertinib,COc1cc2ncnc(Nc3ccc(F)c(Cl)c3)c2cc1NC(=O)C=C,0.5482361866228347,0.7139799110818377,0.8129885314440156,94.15159298119104,0.7917869024655535,0.6952230794395512,reference_ligand,-8.6,1,0.0,0.0,5,0.72,ok,D:\ONCS 2026\egfr-drug-discovery-ml\reports\vina_poses\generated_analogs\row_051_rank_051_docked.pdbqt,0.7113280778038429,consensus_vina_reference,10.882312409596784,45,3,1,0,2,6,ALA743;ASP855;LEU718;LYS745;MET793;VAL726,ASP855;LYS745;MET793;VAL726;LEU718;ALA743,0.8266666666666667,True,"hbond:3;salt:2;key:ALA743,ASP855,LEU718,LYS745,MET793,VAL726",11.378312409596784,37
CCOc1ccccc1-c1cc2c(N[C@H](CO)c3ccccc3)ncnc2[nH]1,9.6213947221666,0.0550569653273109,0.4521900852216164,374.444,4.169100000000002,83.06,3,5,4,7,0.1818181818181818,0,0.0,3.01296,False,,0,,0,,0,,1.0,0.86495670995671,1.0,0.2151898734177215,Afatinib,0.0,0.7848101265822784,0.9918088048125324,0.5828214699488121,1.0,0.9462025316455696,0.5828214699488121,0.8802082016017285,1.0,0.4171785300511879,0.5828214699488121,0.148800804281072,9.538809274175634,0.0184279034034345,-0.0,0.2854430379746835,9.842680215553752,0.0,0.0,0.0,0.1464731625639848,0.0,0.1464731625639848,0.0,low,,9.696207052989768,True,pass,False,,0.9970124932102118,0.482074959261271,0.5564910374796307,0.0027159152634437,0.8967952199891364,0.8313416621401413,0.846279196089082,0.92802824551874,0.6290874524714829,0.7311787072243346,10.597585158519532,3,0.0,10.573621501658968,0,5,2,0,lead,[2H]C([2H])([2H])Oc1ccccc1-c1cc2c(N[C@H](CO)c3ccccc3)ncnc2[nH]1,methoxy_to_ethoxy,williamson,reaction_transform,williamson,o_alkylation,0.83,0.79,0.82,True,0.8035714285714286,0.7074071505932987,0.744,0.893630995698278,True,,False,True,0,0,0.6496368840906973,Osimertinib,reference_ligand,0.7373522057775284,[2H]C([2H])([2H])Oc1ccccc1-c1cc2c(N[C@H](CO)c3ccccc3)ncnc2[nH]1,1,[2H]C([2H])([2H])Oc1ccccc1-c1cc2c(N[C@H](CO)c3ccccc3)ncnc2[nH]1 -> CCOc1ccccc1-c1cc2c(N[C@H](CO)c3ccccc3)ncnc2[nH]1,9.386549939172664,0.4855433472748625,10.549651298502416,9.57922670295292,0.0,9.386549939172664,0.4855433472748625,10.549651298502416,9.57922670295292,0.0,0.234844782993937,-0.033353262053246,0.0239702031565514,0.1169803500368473,True,True,False,True,3,[2H]C([2H])([2H])Oc1ccccc1-c1cc2c(N[C@H](CO)c3ccccc3)ncnc2[nH]1,11.693268973279473,Osimertinib,COc1cc2ncnc(Nc3ccc(F)c(Cl)c3)c2cc1NC(=O)C=C,0.4700471426928826,0.6632057105775471,0.7469464669777107,100.39373703593648,0.8123597945485473,0.6496368840906973,reference_ligand,-8.3,1,0.0,0.0,5,0.6600000000000001,ok,D:\ONCS 2026\egfr-drug-discovery-ml\reports\vina_poses\generated_analogs\row_006_rank_005_docked.pdbqt,0.6563729094317441,consensus_vina_reference,11.065901183732777,6,1,1,0,0,5,ALA743;ASP855;LYS745;MET793;VAL726,ASP855;LYS745;VAL726;MET793;ALA743;THR854,0.52,True,"hbond:1;key:ALA743,ASP855,LYS745,MET793,VAL726",11.377901183732776,38
[2H]C([2H])([2H])Oc1ccccc1-c1cc2c(N[C@H](CF)c3ccccc3)ncnc2[nH]1,9.10162623387698,0.055981107754834,0.5172404728978485,365.426305334,4.756200000000003,62.83,2,4,4,6,0.1428571428571428,0,0.0,2.85284203556,False,,0,,0,,0,,0.8214285714285714,0.715247157841844,1.0,0.2278481012658227,Afatinib,0.1785714285714286,0.7721518987341772,0.861219783040861,0.624757566418432,1.0,0.9430379746835444,0.624757566418432,0.8572538310357094,1.0,0.3752424335815679,0.624757566418432,0.0052879360068688,9.017654572244728,0.1035998818495627,-0.0,0.5620027124773961,9.683257166571687,0.0,0.0,0.0,0.0940530419769599,0.0,0.0940530419769599,0.0,low,,9.589204124594728,True,pass,False,,0.9168929929386204,0.7164584464964693,0.6854970124932103,0.1083650190114068,0.8967952199891364,0.9407930472569256,0.846279196089082,0.9244975556762628,0.6803910917979359,0.7765344921238456,10.49972647672921,14,0.0,10.521045515143342,0,10,0,4,lead,[2H]C([2H])([2H])Oc1ccccc1-c1cc2c(N[C@H](CO)c3ccccc3)ncnc2[nH]1,alcohol_fluorination,functional_group_swap,reaction_transform,functional_group_swap,halogen_exchange,0.74,0.66,0.7,True,0.8214285714285714,0.7306130381220899,0.835,0.9000140990705899,True,,False,True,0,0,0.716779327230384,Osimertinib,reference_ligand,0.7543213928155906,[2H]C([2H])([2H])Oc1ccccc1-c1cc2c(N[C@H](CO)c3ccccc3)ncnc2[nH]1,1,[2H]C([2H])([2H])Oc1ccccc1-c1cc2c(N[C@H](CO)c3ccccc3)ncnc2[nH]1 -> [2H]C([2H])([2H])Oc1ccccc1-c1cc2c(N[C@H](CF)c3ccccc3)ncnc2[nH]1,9.386549939172664,0.4855433472748625,10.549651298502416,9.57922670295292,0.0,9.386549939172664,0.4855433472748625,10.549651298502416,9.57922670295292,0.0,-0.2849237052956841,0.0316971256229859,-0.0286057833590742,0.0099774216418087,False,False,True,True,2,[2H]C([2H])([2H])Oc1ccccc1-c1cc2c(N[C@H](CO)c3ccccc3)ncnc2[nH]1,11.66753611874356,Osimertinib,COc1cc2ncnc(Nc3ccc(F)c(Cl)c3)c2cc1NC(=O)C=C,0.6072394692773413,0.7643911139938382,0.754046972431909,97.23951257275192,0.8022315827926602,0.716779327230384,reference_ligand,-8.605,1,0.0,0.0,5,0.7210000000000001,ok,D:\ONCS 2026\egfr-drug-discovery-ml\reports\vina_poses\generated_analogs\row_010_rank_010_docked.pdbqt,0.7195227645306345,consensus_vina_reference,11.06068758854132,7,1,1,0,0,5,ALA743;ASP855;LYS745;MET793;VAL726,ASP855;LYS745;MET793;VAL726;ALA743;THR854,0.52,True,"hbond:1;key:ALA743,ASP855,LYS745,MET793,VAL726",11.37268758854132,39
OCC(Nc1ncnc2[nH]c(-c3ccccc3O)cc12)c1ccccc1,9.045319337161578,0.0736705068998528,0.4438233498413922,346.3900000000001,3.476000000000001,94.06,4,5,4,5,0.1,0,0.0,2.65,False,,0,,0,,0,,0.7551020408163265,0.7437916580773724,1.0,0.1973684210526315,Afatinib,0.2448979591836735,0.8026315789473684,0.8347604794604975,0.5921797654896888,1.0,0.950657894736842,0.5921797654896888,0.8443995349217571,1.0,0.4078202345103112,0.5921797654896888,-0.012852073948346,8.934813576811798,0.0563233498413922,-0.0,0.6009935553168636,9.592130481970054,0.0,0.0,0.0,0.134775293137889,0.0,0.134775293137889,0.0,low,,9.457355188832166,True,pass,False,,0.8796849538294406,0.4087452471482889,0.7409016838674634,0.3837588267246062,0.8967952199891364,0.8693644758283542,0.846279196089082,0.8791417707767518,0.6654942965779468,0.7428843020097773,10.39072363786359,57,0.0,10.3488163512439,0,52,0,5,advance,COc1ccccc1-c1cc2c(NC(CO)c3ccccc3)ncnc2[nH]1,anisole_to_phenol,mmp,matched_molecular_pair,matched_molecular_pair,demethylation,0.82,0.77,0.75,True,0.7407407407407407,0.721411869194909,0.8600000000000001,0.8969835392624548,True,,False,True,0,0,0.6728061170480086,Osimertinib,reference_ligand,0.6990024669323672,COc1ccccc1-c1cc2c(NC(CO)c3ccccc3)ncnc2[nH]1,1,COc1ccccc1-c1cc2c(NC(CO)c3ccccc3)ncnc2[nH]1 -> OCC(Nc1ncnc2[nH]c(-c3ccccc3O)cc12)c1ccccc1,9.33730942934638,0.487358116928423,10.490719978033283,9.52085324524955,0.0,9.33730942934638,0.487358116928423,10.490719978033283,9.52085324524955,0.0,-0.2919900921848022,-0.0435347670870308,-0.141903626789384,-0.0634980564173837,False,False,False,False,0,COc1ccccc1-c1cc2c(NC(CO)c3ccccc3)ncnc2[nH]1,11.457375831252689,Osimertinib,COc1cc2ncnc(Nc3ccc(F)c(Cl)c3)c2cc1NC(=O)C=C,0.5048005908419497,0.6785241561879549,0.8072152807133863,95.3522672340804,0.7959120914922317,0.6728061170480086,reference_ligand,-8.598,1,0.0,0.0,5,0.7196000000000001,ok,D:\ONCS 2026\egfr-drug-discovery-ml\reports\vina_poses\generated_analogs\row_052_rank_052_docked.pdbqt,0.7032221409668031,consensus_vina_reference,10.876232956969003,48,4,1,0,2,6,ALA743;ASP855;LEU718;LYS745;MET793;VAL726,ASP855;LYS745;MET793;VAL726;LEU718;ALA743,0.8266666666666667,True,"hbond:4;salt:2;key:ALA743,ASP855,LEU718,LYS745,MET793,VAL726",11.372232956969004,40
CCOc1ccccc1-c1cc2c(NC(CO)c3ccccc3)ncnc2[nH]1,9.6213947221666,0.0550569653273109,0.4521900852216164,374.444,4.169100000000002,83.06,3,5,4,7,0.1818181818181818,0,0.0,3.01296,False,,0,,0,,0,,1.0,0.86495670995671,1.0,0.2151898734177215,Afatinib,0.0,0.7848101265822784,0.9918088048125324,0.5828214699488121,1.0,0.9462025316455696,0.5828214699488121,0.8802082016017285,1.0,0.4171785300511879,0.5828214699488121,0.148800804281072,9.538809274175634,0.0184279034034345,-0.0,0.2854430379746835,9.842680215553752,0.0,0.0,0.0,0.1464731625639848,0.0,0.1464731625639848,0.0,low,,9.696207052989768,True,pass,False,,0.9970124932102118,0.482074959261271,0.5564910374796307,0.0027159152634437,0.8967952199891364,0.8313416621401413,0.846279196089082,0.92802824551874,0.6290874524714829,0.7311787072243346,10.597585158519532,4,0.0,10.573621501658968,0,6,2,0,lead,COc1ccccc1-c1cc2c(NC(CO)c3ccccc3)ncnc2[nH]1,methoxy_to_ethoxy,williamson,reaction_transform,williamson,o_alkylation,0.83,0.79,0.82,True,0.8333333333333334,0.7074071505932987,0.744,0.8967153229104481,True,,False,True,0,0,0.6418217752774235,Afatinib,reference_ligand,0.7373522057775284,COc1ccccc1-c1cc2c(NC(CO)c3ccccc3)ncnc2[nH]1,1,COc1ccccc1-c1cc2c(NC(CO)c3ccccc3)ncnc2[nH]1 -> CCOc1ccccc1-c1cc2c(NC(CO)c3ccccc3)ncnc2[nH]1,9.33730942934638,0.487358116928423,10.490719978033283,9.52085324524955,0.0,9.33730942934638,0.487358116928423,10.490719978033283,9.52085324524955,0.0,0.2840852928202206,-0.0351680317068066,0.0829015236256847,0.1753538077402172,True,True,False,True,3,COc1ccccc1-c1cc2c(NC(CO)c3ccccc3)ncnc2[nH]1,11.699817361517717,Afatinib,CN(C)CCOC1=CC2=C(NC3=CC=CC=C3F)N=CN=C2C=C1,0.4783702816057519,0.6970490658285315,0.6660639339560271,98.72825450026656,0.8070783070339944,0.6418217752774235,reference_ligand,-8.259,1,0.0,0.0,5,0.6518,ok,D:\ONCS 2026\egfr-drug-discovery-ml\reports\vina_poses\generated_analogs\row_005_rank_006_docked.pdbqt,0.6483076213470982,consensus_vina_reference,11.059852217669292,8,1,1,0,0,5,ALA743;ASP855;LYS745;MET793;VAL726,ASP855;LYS745;VAL726;MET793;ALA743;THR854,0.52,True,"hbond:1;key:ALA743,ASP855,LYS745,MET793,VAL726",11.371852217669291,41
COc1c(F)cccc1-c1cc2c(N[C@H](CO)c3ccccc3)ncnc2[nH]1,9.105738360620292,0.0907623260969477,0.4736945471819129,378.407,3.9181000000000017,83.06,3,5,4,6,0.1428571428571428,0,0.0,2.9393800000000003,False,,0,,0,,0,,0.7457627118644068,0.7153557759900023,1.0,0.2658227848101265,Afatinib,0.2542372881355932,0.7341772151898734,0.8379009618872094,0.5974789240269752,1.0,0.9335443037974684,0.5974789240269752,0.8422310474279133,1.0,0.4025210759730248,0.5974789240269752,-0.0057734473876051,8.96959487147487,0.0470732614676271,-0.0,0.584659944217979,9.601328077160476,0.0,0.0,0.0,0.128151344966281,0.0,0.128151344966281,0.0,low,,9.473176732194196,True,pass,False,,0.9193373166757196,0.586909288430201,0.6238457360130364,0.4367191743617599,0.8967952199891364,0.8943508962520369,0.846279196089082,0.8280825638240087,0.7120043454644216,0.7750407387289516,10.45573329171778,31,0.0,10.403225618668936,0,34,3,0,advance,COc1ccccc1-c1cc2c(N[C@H](CO)c3ccccc3)ncnc2[nH]1,decorate_fluoro,scaffold_decoration,scaffold_decoration,scaffold_decoration,late_stage_fluorination,0.88,0.82,0.8,True,0.7457627118644068,0.7177892007962653,0.893,0.9147040369731352,True,,False,True,0,0,0.6731286807749127,Osimertinib,reference_ligand,0.7050444491509569,COc1ccccc1-c1cc2c(N[C@H](CO)c3ccccc3)ncnc2[nH]1,1,COc1ccccc1-c1cc2c(N[C@H](CO)c3ccccc3)ncnc2[nH]1 -> COc1c(F)cccc1-c1cc2c(N[C@H](CO)c3ccccc3)ncnc2[nH]1,9.33730942934638,0.487358116928423,10.490719978033283,9.52085324524955,0.0,9.33730942934638,0.487358116928423,10.490719978033283,9.52085324524955,0.0,-0.2315710687260885,-0.01366356974651,-0.0874943593643458,-0.0476765130553538,False,False,False,False,0,COc1ccccc1-c1cc2c(N[C@H](CO)c3ccccc3)ncnc2[nH]1,11.525983644004794,Osimertinib,COc1cc2ncnc(Nc3ccc(F)c(Cl)c3)c2cc1NC(=O)C=C,0.522812086192368,0.7053759948026637,0.7308386584071235,100.15321130358028,0.8116060798625059,0.6731286807749127,reference_ligand,-8.376,1,0.0,0.0,5,0.6751999999999999,ok,D:\ONCS 2026\egfr-drug-discovery-ml\reports\vina_poses\generated_analogs\row_033_rank_034_docked.pdbqt,0.6744750382712194,consensus_vina_reference,10.90908189737235,35,3,3,0,0,5,ALA743;ASP855;LYS745;MET793;VAL726,LYS745;ASP855;ALA743;MET793;VAL726;MET766,0.76,True,"hbond:3;key:ALA743,ASP855,LYS745,MET793,VAL726",11.365081897372349,42
COc1ccccc1-c1cc2c(N[C@H](CF)c3ccccc3)ncnc2[nH]1,9.071690957623554,0.0459628136416821,0.5192265511151524,362.408,4.756200000000003,62.83,2,4,4,6,0.1428571428571428,0,0.0,2.83272,False,,0,,0,,0,,0.8148148148148148,0.7540868454661558,1.0,0.253012048192771,Osimertinib,0.1851851851851852,0.7469879518072289,0.860748769856711,0.6266238338825646,1.0,0.9367469879518072,0.6266238338825646,0.8560298979227707,1.0,0.3733761661174354,0.6266238338825646,0.0062918292452536,9.002746737161031,0.1086042654008666,-0.0,0.557429718875502,9.6687807214374,0.0,0.0,0.0,0.0917202076467942,0.0,0.0917202076467942,0.0,low,,9.577060513790606,True,pass,False,,0.8976099945681695,0.7199891363389462,0.6884845192829984,0.1311787072243346,0.8967952199891364,0.9432373709940248,0.846279196089082,0.9464964693101576,0.6774307441607822,0.7752036936447584,10.481697614430338,19,0.0,10.507304946164316,0,16,0,3,lead,COc1ccccc1-c1cc2c(N[C@H](CO)c3ccccc3)ncnc2[nH]1,alcohol_fluorination,functional_group_swap,reaction_transform,functional_group_swap,halogen_exchange,0.74,0.66,0.7,True,0.8148148148148148,0.7316414301273396,0.835,0.8972958572386575,True,,False,True,0,0,0.7010650994508834,Osimertinib,reference_ligand,0.7543213928155906,COc1ccccc1-c1cc2c(N[C@H](CO)c3ccccc3)ncnc2[nH]1,1,COc1ccccc1-c1cc2c(N[C@H](CO)c3ccccc3)ncnc2[nH]1 -> COc1ccccc1-c1cc2c(N[C@H](CF)c3ccccc3)ncnc2[nH]1,9.33730942934638,0.487358116928423,10.490719978033283,9.52085324524955,0.0,9.33730942934638,0.487358116928423,10.490719978033283,9.52085324524955,0.0,-0.265618471722826,0.0318684341867293,0.016584968131033,0.0562072685410566,True,False,True,True,3,COc1ccccc1-c1cc2c(N[C@H](CO)c3ccccc3)ncnc2[nH]1,11.647530022804055,Osimertinib,COc1cc2ncnc(Nc3ccc(F)c(Cl)c3)c2cc1NC(=O)C=C,0.574792243767313,0.7393909944930352,0.7292251255407506,104.4611389484047,0.8246583605022666,0.7010650994508834,reference_ligand,-8.651,1,0.0,0.0,5,0.7302,ok,D:\ONCS 2026\egfr-drug-discovery-ml\reports\vina_poses\generated_analogs\row_015_rank_016_docked.pdbqt,0.7200027848078092,consensus_vina_reference,11.047307034770173,9,1,1,0,0,5,ALA743;ASP855;LYS745;MET793;VAL726,ASP855;LYS745;MET793;VAL726;ALA743;THR854,0.52,True,"hbond:1;key:ALA743,ASP855,LYS745,MET793,VAL726",11.359307034770172,43
CCOc1cc(OC)ccc1-c1cc2c(N[C@H](CO)c3ccccc3)ncnc2[nH]1,9.372811294999842,0.0687238108040471,0.4080555322298784,404.47,4.177700000000002,92.29,3,6,4,8,0.217391304347826,0,0.0,3.313133333333334,False,,0,,0,,0,,0.7966101694915254,0.7468220338983051,1.0,0.2289156626506024,Afatinib,0.2033898305084746,0.7710843373493976,0.9200961561871276,0.547002337598228,1.0,0.9427710843373494,0.547002337598228,0.8524673945306762,1.0,0.4529976624017719,0.547002337598228,0.0901716822086016,9.269725578793771,-0.067175337335339,-0.0,0.5728507249336329,9.775400966392064,0.0,0.0,0.0,0.1912470780022149,0.0,0.1912470780022149,0.0,low,,9.58415388838985,True,pass,False,,0.98696360673547,0.2419880499728408,0.1871265616512764,0.1977186311787072,0.8967952199891364,0.669473112438892,0.846279196089082,0.8984247691472026,0.5601439435089626,0.6570478001086365,10.44757369860282,34,0.0,10.372611248520212,0,43,9,0,advance,CCOc1ccccc1-c1cc2c(N[C@H](CO)c3ccccc3)ncnc2[nH]1,decorate_methoxy,scaffold_decoration,scaffold_decoration,scaffold_decoration,late_stage_methoxylation,0.85,0.8,0.79,True,0.7966101694915254,0.6850796874047983,0.893,0.9017152341836884,True,,False,True,0,0,0.6284114394280196,Afatinib,reference_ligand,0.7031654874697928,CCOc1ccccc1-c1cc2c(N[C@H](CO)c3ccccc3)ncnc2[nH]1,1,CCOc1ccccc1-c1cc2c(N[C@H](CO)c3ccccc3)ncnc2[nH]1 -> CCOc1cc(OC)ccc1-c1cc2c(N[C@H](CO)c3ccccc3)ncnc2[nH]1,9.6213947221666,0.4521900852216164,10.64509070761073,9.696207052989768,0.0,9.6213947221666,0.4521900852216164,10.64509070761073,9.696207052989768,0.0,-0.2485834271667588,-0.0441345529917379,-0.2724794590905173,-0.1120531645999189,False,False,False,False,0,CCOc1ccccc1-c1cc2c(N[C@H](CO)c3ccccc3)ncnc2[nH]1,11.483893990717748,Afatinib,CN(C)CCOC1=CC2=C(NC3=CC=CC=C3F)N=CN=C2C=C1,0.4119337016574586,0.6552997011777113,0.8276301207705532,83.32056398770706,0.7505947178330244,0.6284114394280196,reference_ligand,-7.991,1,0.0,0.0,5,0.5982,ok,D:\ONCS 2026\egfr-drug-discovery-ml\reports\vina_poses\generated_analogs\row_043_rank_043_docked.pdbqt,0.6087740037998068,consensus_vina_reference,10.829191751370066,58,3,3,0,1,7,ALA743;ASP800;ASP855;LEU718;LYS745;MET793;VAL726,LEU718;VAL726;LYS745;ASP855;MET793;ALA743,0.88,True,"hbond:3;salt:1;key:ALA743,ASP800,ASP855,LEU718,LYS745,MET793,VAL726",11.357191751370067,44
COc1cccc(-c2cc3c(NC(CO)c4ccccc4)ncnc3[nH]2)c1OC,9.214016284493296,0.0574489820544335,0.4446694417376234,390.4430000000001,3.787600000000001,92.29,3,6,4,7,0.1818181818181818,0,0.0,3.1196200000000007,False,,0,,0,,0,,0.8545454545454545,0.7943327692035667,1.0,0.2413793103448276,Osimertinib,0.1454545454545455,0.7586206896551724,0.8882897836852204,0.5745828083403082,1.0,0.9396551724137931,0.5745828083403082,0.8506319411098304,1.0,0.4254171916596918,0.5745828083403082,0.0502104567671864,9.127842811411645,-0.0050917400805585,-0.0,0.5430407523510972,9.665791823682182,0.0,0.0,0.0,0.1567714895746148,0.0,0.1567714895746148,0.0,low,,9.509020334107568,True,pass,False,,0.9562737642585551,0.4179793590439978,0.4217816404128191,0.0282455187398153,0.8967952199891364,0.7813688212927756,0.846279196089082,0.9220532319391636,0.5828354155350353,0.6931287343834873,10.365194322324225,64,0.0,10.340774815367752,0,53,0,11,advance,COc1ccccc1-c1cc2c(NC(CO)c3ccccc3)ncnc2[nH]1,decorate_methoxy,scaffold_decoration,scaffold_decoration,scaffold_decoration,late_stage_methoxylation,0.85,0.8,0.79,True,0.8545454545454545,0.7026776477700436,0.893,0.919818979871511,True,,False,True,0,0,0.6686988483233564,Afatinib,reference_ligand,0.7031654874697928,COc1ccccc1-c1cc2c(NC(CO)c3ccccc3)ncnc2[nH]1,1,COc1ccccc1-c1cc2c(NC(CO)c3ccccc3)ncnc2[nH]1 -> COc1cccc(-c2cc3c(NC(CO)c4ccccc4)ncnc3[nH]2)c1OC,9.33730942934638,0.487358116928423,10.490719978033283,9.52085324524955,0.0,9.33730942934638,0.487358116928423,10.490719978033283,9.52085324524955,0.0,-0.1232931448530845,-0.0426886751907996,-0.1499451626655297,-0.0118329111419814,False,False,False,False,0,COc1ccccc1-c1cc2c(NC(CO)c3ccccc3)ncnc2[nH]1,11.48613451437314,Afatinib,CN(C)CCOC1=CC2=C(NC3=CC=CC=C3F)N=CN=C2C=C1,0.4823864310283478,0.7138845006143584,0.7968339376202999,93.89071824589236,0.7908796392660119,0.6686988483233564,reference_ligand,-8.447,1,0.0,0.0,5,0.6893999999999998,ok,D:\ONCS 2026\egfr-drug-discovery-ml\reports\vina_poses\generated_analogs\row_053_rank_053_docked.pdbqt,0.6821545969131746,consensus_vina_reference,10.852390763052632,53,4,6,0,0,6,ALA743;ASP855;LEU718;LYS745;MET793;VAL726,LEU718;MET793;ASP855;ALA743;VAL726;PRO794,0.84,True,"hbond:4;key:ALA743,ASP855,LEU718,LYS745,MET793,VAL726",11.356390763052632,45
CC(C)Oc1cnccc1-c1cc2c(N[C@H](CO)c3ccccc3)ncnc2[nH]1,9.197136219877128,0.0284647123660333,0.4428536420016086,389.45900000000006,3.952600000000001,95.95,3,6,4,7,0.2272727272727272,0,0.0,3.1130600000000004,False,,0,,0,,0,,0.847457627118644,0.717793816770375,1.0,0.2,Afatinib,0.1525423728813559,0.8,0.9043587563130588,0.5738364261778077,1.0,0.95,0.5738364261778077,0.8570487956227166,1.0,0.4261635738221923,0.5738364261778077,0.0630799475871227,9.15443915132808,-0.0013780852711186,-0.0,0.5586440677966102,9.71170513385357,0.0,0.0,0.0,0.1577044672777403,0.0,0.1577044672777403,0.0,low,,9.55400066657583,True,pass,False,,0.9494839760999456,0.4063009234111895,0.4356328082563824,0.0380228136882129,0.8967952199891364,0.7756653992395437,0.846279196089082,0.979902227050516,0.5814774579033134,0.6940249864204238,10.409478083337548,49,0.0,10.386830650280338,0,39,0,10,advance,COc1cnccc1-c1cc2c(N[C@H](CO)c3ccccc3)ncnc2[nH]1,methoxy_to_isopropoxy,williamson,reaction_transform,williamson,o_alkylation,0.81,0.76,0.79,True,0.847457627118644,0.7064621308415461,0.744,0.8888951068154196,True,,False,True,0,0,0.6435885996970846,Afatinib,reference_ligand,0.7054057353024809,COc1cnccc1-c1cc2c(N[C@H](CO)c3ccccc3)ncnc2[nH]1,1,COc1cnccc1-c1cc2c(N[C@H](CO)c3ccccc3)ncnc2[nH]1 -> CC(C)Oc1cnccc1-c1cc2c(N[C@H](CO)c3ccccc3)ncnc2[nH]1,9.22367882103711,0.4881157070111666,10.346368575698754,9.382854040274468,0.0,9.22367882103711,0.4881157070111666,10.346368575698754,9.382854040274468,0.0,-0.0265426011599814,-0.0452620650095579,0.0404620745815833,0.1711466263013612,True,False,False,True,2,COc1cnccc1-c1cc2c(N[C@H](CO)c3ccccc3)ncnc2[nH]1,11.504885715852875,Afatinib,CN(C)CCOC1=CC2=C(NC3=CC=CC=C3F)N=CN=C2C=C1,0.4650378126817918,0.6990206365862189,0.7102756175412314,95.3382649731654,0.7958644577318696,0.6435885996970846,reference_ligand,-8.072,1,0.0,0.0,5,0.6143999999999998,ok,D:\ONCS 2026\egfr-drug-discovery-ml\reports\vina_poses\generated_analogs\row_039_rank_039_docked.pdbqt,0.6246160098939795,consensus_vina_reference,10.855292657700822,52,4,1,0,2,6,ALA743;ASP855;LEU718;LYS745;MET793;VAL726,ASP855;VAL726;LYS745;LEU718;MET793;ALA743,0.8266666666666667,True,"hbond:4;salt:2;key:ALA743,ASP855,LEU718,LYS745,MET793,VAL726",11.351292657700823,46
COc1c(-c2cc3c(N[C@H](CO)c4ccccc4)ncnc3[nH]2)ccnc1C,9.054813052875348,0.1020687994489474,0.4774440101834533,375.4320000000001,3.482420000000001,95.95,3,6,4,6,0.1904761904761904,0,0.0,2.919546666666667,False,,0,,0,,0,,0.7258064516129032,0.6974689826302729,0.9953981502368596,0.2111111111111111,Osimertinib,0.2741935483870967,0.7888888888888889,0.8172551036045738,0.600303949190643,1.0,0.943770834899867,0.600303949190643,0.840332471923771,1.0,0.399696050809357,0.600303949190643,-0.0307698244255962,8.901709853701927,0.0585596292310723,-0.0,0.6089033010000751,9.569172783933071,0.0,0.0,0.0031031991734212,0.1246200635116962,0.0,0.1277232626851174,0.0,low,,9.441449521247955,True,pass,False,,0.8875611080934275,0.6048343291689299,0.6455730581205866,0.5190114068441065,0.7868006518196632,0.9090168386746332,0.846279196089082,0.7832699619771863,0.7210076045627377,0.7668250950570341,10.43438190940836,43,0.0,10.361639635316395,0,49,6,0,advance,COc1cnccc1-c1cc2c(N[C@H](CO)c3ccccc3)ncnc2[nH]1,append_methyl,append_group,append_group,late_stage_diversification,append_group_scan,0.74,0.63,0.64,True,0.7258064516129032,0.7234656933537403,0.573,0.8264113320613621,True,,False,True,0,0,0.652772270698054,Osimertinib,reference_ligand,0.6902839078638277,COc1cnccc1-c1cc2c(N[C@H](CO)c3ccccc3)ncnc2[nH]1,1,COc1cnccc1-c1cc2c(N[C@H](CO)c3ccccc3)ncnc2[nH]1 -> COc1c(-c2cc3c(N[C@H](CO)c4ccccc4)ncnc3[nH]2)ccnc1C,9.22367882103711,0.4881157070111666,10.346368575698754,9.382854040274468,0.0,9.22367882103711,0.4881157070111666,10.346368575698754,9.382854040274468,0.0,-0.168865768161762,-0.0106716968277132,0.0152710596176426,0.0585954809734872,True,False,False,True,2,COc1cnccc1-c1cc2c(N[C@H](CO)c3ccccc3)ncnc2[nH]1,11.412440984972406,Osimertinib,COc1cc2ncnc(Nc3ccc(F)c(Cl)c3)c2cc1NC(=O)C=C,0.4767859210373972,0.666235237016664,0.809990084759964,86.2826851981211,0.7626085359185578,0.652772270698054,reference_ligand,-8.192,1,0.0,0.0,5,0.6384000000000001,ok,D:\ONCS 2026\egfr-drug-discovery-ml\reports\vina_poses\generated_analogs\row_049_rank_049_docked.pdbqt,0.6434302947443189,consensus_vina_reference,10.844212356374635,56,2,5,0,2,7,ALA743;ASP800;ASP855;LEU718;LYS745;MET793;VAL726,LYS745;ASP855;ALA743;VAL726;MET793;LEU718,0.84,True,"hbond:2;salt:2;key:ALA743,ASP800,ASP855,LEU718,LYS745,MET793,VAL726",11.348212356374635,47
[2H]C([2H])([2H])Oc1c(F)cccc1-c1cc2c(N[C@H](CO)c3ccccc3)ncnc2[nH]1,9.116762538403163,0.0689203627704717,0.4715375210917332,381.425305334,3.9181000000000026,83.06,3,5,4,6,0.1428571428571428,0,0.0,2.9595020355600004,False,,0,,0,,0,,0.7704918032786885,0.6876882864844696,0.9776150663353992,0.2560975609756097,Afatinib,0.2295081967213115,0.7439024390243902,0.8559463806614611,0.595518635232761,1.0,0.9191869095076468,0.595518635232761,0.8426629813504672,1.0,0.4044813647672389,0.595518635232761,0.0177111990813252,9.013381994247458,0.0418979300434474,-0.0,0.570853186815757,9.626133111106665,0.0,0.0,0.0,0.1306017059590487,0.0,0.1306017059590487,0.0,low,,9.495531405147617,True,pass,False,,0.9244975556762628,0.5613796849538294,0.6105377512221619,0.3134166214014123,0.7539380771319935,0.8837588267246062,0.846279196089082,0.8978815860945139,0.682563824008691,0.7472433460076047,10.445209699917092,35,0.0,10.39222342035674,0,38,3,0,advance,[2H]C([2H])([2H])Oc1ccccc1-c1cc2c(N[C@H](CO)c3ccccc3)ncnc2[nH]1,decorate_fluoro,scaffold_decoration,scaffold_decoration,scaffold_decoration,late_stage_fluorination,0.88,0.82,0.8,True,0.7704918032786885,0.7167197813015254,0.893,0.9153667269870188,True,,False,True,0,0,0.6544649876157512,Sunvozertinib,reference_ligand,0.7050444491509569,[2H]C([2H])([2H])Oc1ccccc1-c1cc2c(N[C@H](CO)c3ccccc3)ncnc2[nH]1,1,[2H]C([2H])([2H])Oc1ccccc1-c1cc2c(N[C@H](CO)c3ccccc3)ncnc2[nH]1 -> [2H]C([2H])([2H])Oc1c(F)cccc1-c1cc2c(N[C@H](CO)c3ccccc3)ncnc2[nH]1,9.386549939172664,0.4855433472748625,10.549651298502416,9.57922670295292,0.0,9.386549939172664,0.4855433472748625,10.549651298502416,9.57922670295292,0.0,-0.2697874007694985,-0.0140058261831292,-0.1574278781456755,-0.0836952978053044,False,False,False,False,0,[2H]C([2H])([2H])Oc1ccccc1-c1cc2c(N[C@H](CO)c3ccccc3)ncnc2[nH]1,11.516551466403866,Sunvozertinib,C=CC(=O)Nc1cc2ncnc(Nc3ccc(F)c(Cl)c3)c2cn1,0.5085692995529061,0.723114956736712,0.6718558177285845,93.60639126147328,0.7898863115166993,0.6544649876157512,reference_ligand,-8.295,1,0.0,0.0,5,0.659,ok,D:\ONCS 2026\egfr-drug-discovery-ml\reports\vina_poses\generated_analogs\row_038_rank_038_docked.pdbqt,0.6574127456655129,consensus_vina_reference,10.885282979605874,43,3,3,0,0,5,ALA743;ASP855;LYS745;MET793;VAL726,ASP855;LYS745;VAL726;ALA743;MET793;MET766,0.76,True,"hbond:3;key:ALA743,ASP855,LYS745,MET793,VAL726",11.341282979605873,48
COc1cccc(-c2cc3c(N[C@H](CO)c4ccccc4)ncnc3[nH]2)c1OC,9.214016284493296,0.0574489820544335,0.4446694417376234,390.4430000000001,3.787600000000001,92.29,3,6,4,7,0.1818181818181818,0,0.0,3.1196200000000007,False,,0,,0,,0,,0.8545454545454545,0.7943327692035667,1.0,0.2413793103448276,Osimertinib,0.1454545454545455,0.7586206896551724,0.8882897836852204,0.5745828083403082,1.0,0.9396551724137931,0.5745828083403082,0.8506319411098304,1.0,0.4254171916596918,0.5745828083403082,0.0502104567671864,9.127842811411645,-0.0050917400805585,-0.0,0.5430407523510972,9.665791823682182,0.0,0.0,0.0,0.1567714895746148,0.0,0.1567714895746148,0.0,low,,9.509020334107568,True,pass,False,,0.9562737642585551,0.4179793590439978,0.4217816404128191,0.0282455187398153,0.8967952199891364,0.7813688212927756,0.846279196089082,0.9220532319391636,0.5828354155350353,0.6931287343834873,10.365194322324225,65,0.0,10.340774815367752,0,54,0,11,advance,COc1ccccc1-c1cc2c(N[C@H](CO)c3ccccc3)ncnc2[nH]1,decorate_methoxy,scaffold_decoration,scaffold_decoration,scaffold_decoration,late_stage_methoxylation,0.85,0.8,0.79,True,0.8545454545454545,0.7026776477700436,0.893,0.9173256706914544,True,,False,True,0,0,0.6498672079906033,Sunvozertinib,reference_ligand,0.7031654874697928,COc1ccccc1-c1cc2c(N[C@H](CO)c3ccccc3)ncnc2[nH]1,1,COc1ccccc1-c1cc2c(N[C@H](CO)c3ccccc3)ncnc2[nH]1 -> COc1cccc(-c2cc3c(N[C@H](CO)c4ccccc4)ncnc3[nH]2)c1OC,9.33730942934638,0.487358116928423,10.490719978033283,9.52085324524955,0.0,9.33730942934638,0.487358116928423,10.490719978033283,9.52085324524955,0.0,-0.1232931448530845,-0.0426886751907996,-0.1499451626655297,-0.0118329111419814,False,False,False,False,0,COc1ccccc1-c1cc2c(N[C@H](CO)c3ccccc3)ncnc2[nH]1,11.48062286988055,Sunvozertinib,C=CC(=O)Nc1cc2ncnc(Nc3ccc(F)c(Cl)c3)c2cn1,0.4766654791592447,0.7143619861185264,0.6682452430301574,104.93971789202388,0.8260513778205234,0.6498672079906033,reference_ligand,-8.05,1,0.0,0.0,5,0.6100000000000001,ok,D:\ONCS 2026\egfr-drug-discovery-ml\reports\vina_poses\generated_analogs\row_054_rank_054_docked.pdbqt,0.6239535227967112,consensus_vina_reference,10.808739957465283,60,3,2,0,2,6,ALA743;ASP855;LEU718;LYS745;MET793;VAL726,ASP855;LYS745;LEU718;MET793;ALA743;VAL726,0.8533333333333334,True,"hbond:3;salt:2;key:ALA743,ASP855,LEU718,LYS745,MET793,VAL726",11.320739957465284,49
COc1cnccc1-c1cc2c(N[C@H](CF)c3ccccc3)ncnc2[nH]1,9.046490554105567,0.0239444941399339,0.5381415377615177,363.396,4.151200000000002,75.72,2,5,4,6,0.15,0,0.0,2.839306666666667,False,,0,,0,,0,,0.8275862068965517,0.6878428938688972,0.977896170670722,0.2413793103448276,Osimertinib,0.1724137931034483,0.7586206896551724,0.869861492628438,0.6367737432047322,1.0,0.9230773004168348,0.6367737432047322,0.8574281340625012,1.0,0.3632262567952677,0.6367737432047322,0.016577811421249,9.010573812895666,0.1272455377615177,-0.0,0.5496464564607839,9.687465807117968,0.0,0.0,0.0,0.0790328209940847,0.0,0.0790328209940847,0.0,low,,9.608432986123882,True,pass,False,,0.8815860945138512,0.7588267246061923,0.686040195545899,0.0928843020097772,0.755024443237371,0.9527430744160782,0.846279196089082,0.986420423682781,0.6699619771863119,0.7609179793590439,10.49142017974154,17,0.0,10.521534561354734,0,9,0,8,lead,COc1cnccc1-c1cc2c(N[C@H](CO)c3ccccc3)ncnc2[nH]1,alcohol_fluorination,functional_group_swap,reaction_transform,functional_group_swap,halogen_exchange,0.74,0.66,0.7,True,0.8275862068965517,0.7366353454068503,0.835,0.8957349628480008,True,,False,True,0,0,0.6657417446152567,Sunvozertinib,reference_ligand,0.7543213928155906,COc1cnccc1-c1cc2c(N[C@H](CO)c3ccccc3)ncnc2[nH]1,1,COc1cnccc1-c1cc2c(N[C@H](CO)c3ccccc3)ncnc2[nH]1 -> COc1cnccc1-c1cc2c(N[C@H](CF)c3ccccc3)ncnc2[nH]1,9.22367882103711,0.4881157070111666,10.346368575698754,9.382854040274468,0.0,9.22367882103711,0.4881157070111666,10.346368575698754,9.382854040274468,0.0,-0.1771882669315427,0.0500258307503511,0.1751659856559797,0.2255789458494135,True,False,True,True,3,COc1cnccc1-c1cc2c(N[C@H](CO)c3ccccc3)ncnc2[nH]1,11.656656010898187,Sunvozertinib,C=CC(=O)Nc1cc2ncnc(Nc3ccc(F)c(Cl)c3)c2cn1,0.5276601206520344,0.728642325416519,0.6548963751386179,102.0313322380612,0.8174118491040689,0.6657417446152567,reference_ligand,-8.177,1,0.0,0.0,5,0.6354,ok,D:\ONCS 2026\egfr-drug-discovery-ml\reports\vina_poses\generated_analogs\row_009_rank_009_docked.pdbqt,0.6460196106153399,consensus_vina_reference,11.00604926931624,15,1,1,0,0,5,ALA743;ASP855;LYS745;MET793;VAL726,ASP855;LYS745;MET793;ALA743;VAL726;THR854,0.52,True,"hbond:1;key:ALA743,ASP855,LYS745,MET793,VAL726",11.318049269316239,50
COc1ccc(F)cc1-c1cc2c(N[C@H](CO)c3ccccc3)ncnc2[nH]1,9.137691806493608,0.1010911861991887,0.4736945471819129,378.407,3.9181000000000017,83.06,3,5,4,6,0.1428571428571428,0,0.0,2.9393800000000003,False,,0,,0,,0,,0.8620689655172413,0.8032893691403146,1.0,0.2674418604651162,Osimertinib,0.1379310344827586,0.7325581395348837,0.8386591212839699,0.5974789240269752,1.0,0.9331395348837208,0.5974789240269752,0.8423193950486665,1.0,0.4025210759730248,0.5974789240269752,-0.0048803650195954,8.986055027194825,0.0470732614676271,-0.0,0.5318364073777064,9.56496469604016,0.0,0.0,0.0016367792987831,0.128151344966281,0.0,0.1297881242650641,0.0,low,,9.435176571775097,True,pass,False,,0.9318305268875612,0.586909288430201,0.6238457360130364,0.0184682237914177,0.8967952199891364,0.8943508962520369,0.846279196089082,0.7900597501357958,0.6339760999456816,0.7350624660510592,10.325736015974975,73,0.0,10.317251531036366,0,60,0,13,advance,COc1ccccc1-c1cc2c(N[C@H](CO)c3ccccc3)ncnc2[nH]1,decorate_fluoro,scaffold_decoration,scaffold_decoration,scaffold_decoration,late_stage_fluorination,0.88,0.82,0.8,True,0.8392857142857143,0.7177892007962653,0.893,0.9299294897931848,True,,False,True,0,0,0.6903633430478806,Osimertinib,reference_ligand,0.7050444491509569,COc1ccccc1-c1cc2c(N[C@H](CO)c3ccccc3)ncnc2[nH]1,1,COc1ccccc1-c1cc2c(N[C@H](CO)c3ccccc3)ncnc2[nH]1 -> COc1ccc(F)cc1-c1cc2c(N[C@H](CO)c3ccccc3)ncnc2[nH]1,9.33730942934638,0.487358116928423,10.490719978033283,9.52085324524955,0.0,9.33730942934638,0.487358116928423,10.490719978033283,9.52085324524955,0.0,-0.1996176228527719,-0.01366356974651,-0.1734684469969174,-0.0856766734744542,False,False,False,False,0,COc1ccccc1-c1cc2c(N[C@H](CO)c3ccccc3)ncnc2[nH]1,11.472818906285111,Osimertinib,COc1cc2ncnc(Nc3ccc(F)c(Cl)c3)c2cc1NC(=O)C=C,0.570916285396315,0.7467248908296944,0.7064588262792257,96.4534605560914,0.799623598949545,0.6903633430478806,reference_ligand,-8.552,1,0.0,0.0,5,0.7103999999999999,ok,D:\ONCS 2026\egfr-drug-discovery-ml\reports\vina_poses\generated_analogs\row_059_rank_060_docked.pdbqt,0.7033871700667581,consensus_vina_reference,10.844791908586432,55,3,3,0,0,6,ALA743;ASP855;LEU718;LYS745;MET793;VAL726,ASP855;LYS745;MET793;VAL726;ALA743;LEU788,0.76,True,"hbond:3;key:ALA743,ASP855,LEU718,LYS745,MET793,VAL726",11.300791908586431,51
COc1ccc(F)cc1-c1cc2c(NC(CO)c3ccccc3)ncnc2[nH]1,9.137691806493608,0.1010911861991887,0.4736945471819129,378.407,3.9181000000000017,83.06,3,5,4,6,0.1428571428571428,0,0.0,2.9393800000000003,False,,0,,0,,0,,0.8620689655172413,0.8032893691403146,1.0,0.2674418604651162,Osimertinib,0.1379310344827586,0.7325581395348837,0.8386591212839699,0.5974789240269752,1.0,0.9331395348837208,0.5974789240269752,0.8423193950486665,1.0,0.4025210759730248,0.5974789240269752,-0.0048803650195954,8.986055027194825,0.0470732614676271,-0.0,0.5318364073777064,9.56496469604016,0.0,0.0,0.0016367792987831,0.128151344966281,0.0,0.1297881242650641,0.0,low,,9.435176571775097,True,pass,False,,0.9318305268875612,0.586909288430201,0.6238457360130364,0.0184682237914177,0.8967952199891364,0.8943508962520369,0.846279196089082,0.7900597501357958,0.6339760999456816,0.7350624660510592,10.325736015974975,72,0.0,10.317251531036366,0,59,0,13,advance,COc1ccccc1-c1cc2c(NC(CO)c3ccccc3)ncnc2[nH]1,decorate_fluoro,scaffold_decoration,scaffold_decoration,scaffold_decoration,late_stage_fluorination,0.88,0.82,0.8,True,0.8392857142857143,0.7177892007962653,0.893,0.9288794420530504,True,,False,True,0,0,0.68243246887768,Afatinib,reference_ligand,0.7050444491509569,COc1ccccc1-c1cc2c(NC(CO)c3ccccc3)ncnc2[nH]1,1,COc1ccccc1-c1cc2c(NC(CO)c3ccccc3)ncnc2[nH]1 -> COc1ccc(F)cc1-c1cc2c(NC(CO)c3ccccc3)ncnc2[nH]1,9.33730942934638,0.487358116928423,10.490719978033283,9.52085324524955,0.0,9.33730942934638,0.487358116928423,10.490719978033283,9.52085324524955,0.0,-0.1996176228527719,-0.01366356974651,-0.1734684469969174,-0.0856766734744542,False,False,False,False,0,COc1ccccc1-c1cc2c(NC(CO)c3ccccc3)ncnc2[nH]1,11.470497698032975,Afatinib,CN(C)CCOC1=CC2=C(NC3=CC=CC=C3F)N=CN=C2C=C1,0.4968066814050602,0.7113964122405909,0.8405466270077204,94.39969416970185,0.7926460901449867,0.68243246887768,reference_ligand,-8.528,1,0.0,0.0,5,0.7056000000000001,ok,D:\ONCS 2026\egfr-drug-discovery-ml\reports\vina_poses\generated_analogs\row_060_rank_059_docked.pdbqt,0.697491364107188,consensus_vina_reference,10.840370054116756,57,3,2,0,0,6,ALA743;ASP855;LEU718;LYS745;MET793;VAL726,ASP855;LYS745;MET793;VAL726;ALA743;LEU788,0.7333333333333333,True,"hbond:3;key:ALA743,ASP855,LEU718,LYS745,MET793,VAL726",11.280370054116755,52
COc1c(C)cccc1-c1cc2c(N[C@H](CO)c3ccccc3)ncnc2[nH]1,9.068147103335042,0.0705049176044765,0.4734806263536626,374.444,4.087420000000002,83.06,3,5,4,6,0.1818181818181818,0,0.0,2.91296,False,,0,,0,,0,,0.7586206896551724,0.7186447369601694,1.0,0.2134831460674157,Osimertinib,0.2413793103448276,0.7865168539325843,0.8426833335106269,0.5983774214175914,1.0,0.946629213483146,0.5983774214175914,0.8469224921028411,1.0,0.4016225785824086,0.5983774214175914,-0.0056522114562856,8.962389726928327,0.0547184445354808,-0.0,0.5945757458349477,9.611683917298755,0.0,0.0,0.0,0.1270282232280107,0.0,0.1270282232280107,0.0,low,,9.484655694070746,True,pass,False,,0.8954372623574145,0.5755024443237371,0.6572514937533949,0.3666485605649103,0.8967952199891364,0.9038565996740902,0.846279196089082,0.8916349809885932,0.6899646931015753,0.766621401412276,10.439641549020648,40,0.0,10.404601375765475,0,31,0,9,advance,COc1ccccc1-c1cc2c(N[C@H](CO)c3ccccc3)ncnc2[nH]1,append_methyl,append_group,append_group,late_stage_diversification,append_group_scan,0.74,0.63,0.64,True,0.7586206896551724,0.7219254826155275,0.573,0.8370535275954983,True,,False,True,0,0,0.7019910160787458,Afatinib,reference_ligand,0.6902839078638277,COc1ccccc1-c1cc2c(N[C@H](CO)c3ccccc3)ncnc2[nH]1,1,COc1ccccc1-c1cc2c(N[C@H](CO)c3ccccc3)ncnc2[nH]1 -> COc1c(C)cccc1-c1cc2c(N[C@H](CO)c3ccccc3)ncnc2[nH]1,9.33730942934638,0.487358116928423,10.490719978033283,9.52085324524955,0.0,9.33730942934638,0.487358116928423,10.490719978033283,9.52085324524955,0.0,-0.2691623260113385,-0.0138774905747603,-0.0861186022678062,-0.0361975511788035,False,False,False,False,0,COc1ccccc1-c1cc2c(N[C@H](CO)c3ccccc3)ncnc2[nH]1,11.479104837906153,Afatinib,CN(C)CCOC1=CC2=C(NC3=CC=CC=C3F)N=CN=C2C=C1,0.5239332096474953,0.7431578947368421,0.8199798571067234,104.2183374461904,0.8239473693336375,0.7019910160787458,reference_ligand,-8.127,1,0.0,0.0,5,0.6254000000000002,ok,D:\ONCS 2026\egfr-drug-discovery-ml\reports\vina_poses\generated_analogs\row_031_rank_031_docked.pdbqt,0.6522068556275612,consensus_vina_reference,10.893756517486146,39,1,5,0,0,7,ALA743;ASP800;ASP855;LEU718;LYS745;MET793;VAL726,LYS745;ASP855;ALA743;MET793;VAL726;LEU718,0.6266666666666666,True,"hbond:1;key:ALA743,ASP800,ASP855,LEU718,LYS745,MET793,VAL726",11.269756517486146,53
COc1ccccc1-c1cc2c(N[C@H](CO)c3ccccc3)ncnc2[nH]1,9.337309429346382,0.0375251904857371,0.487358116928423,360.417,3.779000000000001,83.06,3,5,4,6,0.1428571428571428,0,0.0,2.819446666666667,False,,0,,0,,0,,1.0,0.9118823000898472,1.0,0.253012048192771,Osimertinib,0.0,0.7469879518072289,0.9330597239965794,0.6096067079003762,1.0,0.9367469879518072,0.6096067079003762,0.8698533549621907,1.0,0.3903932920996238,0.6096067079003762,0.0842751587125183,9.281021643617777,0.0787268312141372,-0.0,0.2740963855421686,9.633844860374085,0.0,0.0,0.0,0.1129916151245297,0.0,0.1129916151245297,0.0,low,,9.520853245249551,True,pass,False,,0.9826181423139598,0.6311787072243346,0.6914720260727866,0.0027159152634437,0.8967952199891364,0.926670287887018,0.846279196089082,0.9646931015752308,0.6726778924497555,0.7740901683867463,10.441058331313789,38,0.0,10.449761447313648,0,20,0,18,lead,CCOc1ccccc1-c1cc2c(N[C@H](CO)c3ccccc3)ncnc2[nH]1,phenetole_to_anisole,mmp,matched_molecular_pair,matched_molecular_pair,late_stage_alkoxy_tuning,0.78,0.76,0.74,True,0.8333333333333334,0.7243569521590837,0.8600000000000001,0.8965158634877873,True,,False,True,0,0,0.6217235165210128,Osimertinib,reference_ligand,0.6809134438286149,CCOc1ccccc1-c1cc2c(N[C@H](CO)c3ccccc3)ncnc2[nH]1,1,CCOc1ccccc1-c1cc2c(N[C@H](CO)c3ccccc3)ncnc2[nH]1 -> COc1ccccc1-c1cc2c(N[C@H](CO)c3ccccc3)ncnc2[nH]1,9.6213947221666,0.4521900852216164,10.64509070761073,9.696207052989768,0.0,9.6213947221666,0.4521900852216164,10.64509070761073,9.696207052989768,0.0,-0.2840852928202189,0.0351680317068066,-0.1953292602970826,-0.1753538077402154,False,False,True,False,1,CCOc1ccccc1-c1cc2c(N[C@H](CO)c3ccccc3)ncnc2[nH]1,11.563334036831026,Osimertinib,COc1cc2ncnc(Nc3ccc(F)c(Cl)c3)c2cc1NC(=O)C=C,0.420801635063018,0.6027976577748861,0.8144908154690017,86.62040990558313,0.7639409984007158,0.6217235165210128,reference_ligand,-8.502,1,0.0,0.0,5,0.7004000000000001,ok,D:\ONCS 2026\egfr-drug-discovery-ml\reports\vina_poses\generated_analogs\row_020_rank_020_docked.pdbqt,0.6728632307823545,consensus_vina_reference,10.954408870400414,23,1,1,0,0,5,ALA743;ASP855;LYS745;MET793;VAL726,ASP855;LYS745;MET793;VAL726;ALA743;THR854,0.52,True,"hbond:1;key:ALA743,ASP855,LYS745,MET793,VAL726",11.266408870400413,54
CCOc1cc(C)ccc1-c1cc2c(N[C@H](CO)c3ccccc3)ncnc2[nH]1,9.293642098663089,0.0764226557130433,0.4348209892776107,388.471,4.477520000000003,83.06,3,5,4,7,0.217391304347826,0,0.0,3.1064733333333336,False,,0,,0,,0,,0.8245614035087719,0.7322241086587437,1.0,0.2048192771084337,Afatinib,0.175438596491228,0.7951807228915663,0.8949146656666418,0.5696718005129423,1.0,0.9487951807228916,0.5696718005129423,0.853345411725619,1.0,0.4303281994870577,0.5696718005129423,0.0554256719213638,9.179008115093524,-0.0094108802876067,-0.0,0.5675015852885225,9.737098820094438,0.0,0.0,0.0,0.1629102493588221,0.0,0.1629102493588221,0.0,low,,9.574188570735616,True,pass,False,,0.975556762629006,0.3783269961977186,0.4516567083107007,0.1007604562737642,0.8967952199891364,0.7634437805540467,0.846279196089082,0.8669201520912547,0.6025665399239543,0.6986556219445953,10.460178668003184,26,0.0,10.41257531706913,0,28,2,0,advance,CCOc1ccccc1-c1cc2c(N[C@H](CO)c3ccccc3)ncnc2[nH]1,append_methyl,append_group,append_group,late_stage_diversification,append_group_scan,0.74,0.63,0.64,True,0.8245614035087719,0.7038365476338885,0.573,0.8339201772631292,True,,False,True,0,0,0.6462845758622449,Afatinib,reference_ligand,0.6902839078638277,CCOc1ccccc1-c1cc2c(N[C@H](CO)c3ccccc3)ncnc2[nH]1,1,CCOc1ccccc1-c1cc2c(N[C@H](CO)c3ccccc3)ncnc2[nH]1 -> CCOc1cc(C)ccc1-c1cc2c(N[C@H](CO)c3ccccc3)ncnc2[nH]1,9.6213947221666,0.4521900852216164,10.64509070761073,9.696207052989768,0.0,9.6213947221666,0.4521900852216164,10.64509070761073,9.696207052989768,0.0,-0.3277526235035122,-0.0173690959440057,-0.2325153905416002,-0.1220184822541519,False,False,False,False,0,CCOc1ccccc1-c1cc2c(N[C@H](CO)c3ccccc3)ncnc2[nH]1,11.485123395206402,Afatinib,CN(C)CCOC1=CC2=C(NC3=CC=CC=C3F)N=CN=C2C=C1,0.4438093060477878,0.6800981079187105,0.8176115208448215,87.0531914464099,0.7656375719712512,0.6462845758622449,reference_ligand,-8.06,1,0.0,0.0,5,0.6120000000000001,ok,D:\ONCS 2026\egfr-drug-discovery-ml\reports\vina_poses\generated_analogs\row_028_rank_028_docked.pdbqt,0.6239996015517858,consensus_vina_reference,10.88057501823297,46,2,2,0,0,7,ALA743;ASP800;ASP855;LEU718;LYS745;MET793;VAL726,LEU718;VAL726;ASP855;LYS745;MET793;ALA743,0.64,True,"hbond:2;key:ALA743,ASP800,ASP855,LEU718,LYS745,MET793,VAL726",11.26457501823297,55
CCOc1ccc(C#N)cc1-c1cc2c(N[C@H](CO)c3ccccc3)ncnc2[nH]1,9.255345899293888,0.0640424693787616,0.4329281019502228,399.45400000000006,4.0407800000000025,106.85,3,6,4,7,0.1739130434782608,0,0.0,3.179693333333334,False,,0,,0,,0,,0.7704918032786885,0.6712663667789677,0.9477570305072138,0.2093023255813953,Afatinib,0.2295081967213115,0.7906976744186046,0.8940067462583388,0.5658145586367251,1.0,0.9084921914850616,0.5658145586367251,0.8420783740950313,1.0,0.4341854413632748,0.5658145586367251,0.0692378295510764,9.159282195225744,-0.0266345937019511,-0.0,0.577427248476975,9.710074850000767,0.0,0.0,0.0,0.1677318017040935,0.0,0.1677318017040935,0.0,low,,9.542343048296674,True,pass,False,,0.9674090168386746,0.3642042368278109,0.3565996740901684,0.3134166214014123,0.6966322650733298,0.7457903313416622,0.846279196089082,0.9060293318848452,0.6243481803367735,0.6860266159695817,10.459292666404895,28,0.0,10.365574987460173,0,47,19,0,advance,CCOc1ccccc1-c1cc2c(N[C@H](CO)c3ccccc3)ncnc2[nH]1,decorate_cyano,scaffold_decoration,scaffold_decoration,scaffold_decoration,snar_cyano_diversification,0.77,0.76,0.74,True,0.7704918032786885,0.6975098752145082,0.893,0.8869045632737028,True,,False,True,0,0,0.6267266829942862,Osimertinib,reference_ligand,0.6982605048583755,CCOc1ccccc1-c1cc2c(N[C@H](CO)c3ccccc3)ncnc2[nH]1,1,CCOc1ccccc1-c1cc2c(N[C@H](CO)c3ccccc3)ncnc2[nH]1 -> CCOc1ccc(C#N)cc1-c1cc2c(N[C@H](CO)c3ccccc3)ncnc2[nH]1,9.6213947221666,0.4521900852216164,10.64509070761073,9.696207052989768,0.0,9.6213947221666,0.4521900852216164,10.64509070761073,9.696207052989768,0.0,-0.3660488228727132,-0.0192619832713935,-0.2795157201505578,-0.1538640046930943,False,False,False,False,0,CCOc1ccccc1-c1cc2c(N[C@H](CO)c3ccccc3)ncnc2[nH]1,11.461289757402318,Osimertinib,COc1cc2ncnc(Nc3ccc(F)c(Cl)c3)c2cc1NC(=O)C=C,0.4278623071112549,0.6429382195556996,0.7694339394862747,90.30515350088952,0.7780017747878085,0.6267266829942862,reference_ligand,-8.239,1,0.0,0.0,5,0.6478000000000002,ok,D:\ONCS 2026\egfr-drug-discovery-ml\reports\vina_poses\generated_analogs\row_047_rank_047_docked.pdbqt,0.6404243390480002,consensus_vina_reference,10.845893241746174,54,2,3,0,0,7,ALA743;ASP800;ASP855;LEU718;LYS745;MET793;VAL726,ASP855;LEU718;VAL726;MET793;LYS745;ALA743,0.6666666666666666,True,"hbond:2;key:ALA743,ASP800,ASP855,LEU718,LYS745,MET793,VAL726",11.245893241746174,56
O=C(/C=C\Br)Cc1cc2c(Nc3cccc(Br)c3)ncnc2cn1,8.941211608052592,0.0851082993794182,0.5807156344667112,448.11800000000005,4.551100000000003,67.77000000000001,1,5,3,5,0.0588235294117647,0,0.0,2.7541200000000003,False,,0,,0,,0,,0.8490566037735849,0.8171658181092143,1.0,0.3243243243243243,Sunvozertinib,0.150943396226415,0.6756756756756757,0.8007270924475554,0.6634659066489988,1.0,0.9189189189189187,0.6634659066489988,0.8457779795038682,1.0,0.3365340933510011,0.6634659066489988,-0.0600678494084172,8.813549158983465,0.1734799874078876,-0.0,0.5206272310045894,9.50765637739594,0.0,0.0,0.0,0.0456676166887514,0.0,0.0456676166887514,0.0,low,,9.46198876070719,True,pass,False,,0.8104291146116241,0.844106463878327,0.7142857142857143,0.0331341662140141,0.8967952199891364,0.9728408473655622,0.846279196089082,0.8479087452471483,0.6472840847365562,0.7584736556219447,10.284397279079808,100,0.0,10.372157147453525,0,45,0,55,advance,O=C(/C=C\Cl)Cc1cc2c(Nc3cccc(Br)c3)ncnc2cn1,halogen_swap_17_to_35,atom_swap,atom_edit,halogen_scan,late_stage_halogen_exchange,0.83,0.8,0.76,True,0.8490566037735849,0.7397509835602248,0.72,0.8950377532209683,True,,False,True,0,0,0.6886900155852054,Afatinib,reference_ligand,0.6272154796031234,O=C(/C=C\Cl)Cc1cc2c(Nc3cccc(Br)c3)ncnc2cn1,1,O=C(/C=C\Cl)Cc1cc2c(Nc3cccc(Br)c3)ncnc2cn1 -> O=C(/C=C\Br)Cc1cc2c(Nc3cccc(Br)c3)ncnc2cn1,9.04532926941451,0.6397482009417655,10.448762104594683,9.447814977587928,0.0,9.04532926941451,0.6397482009417655,10.448762104594683,9.447814977587928,0.0,-0.1041176613619185,-0.0590325664750543,-0.0766049571411606,0.0141737831192614,False,False,False,True,1,O=C(/C=C\Cl)Cc1cc2c(Nc3cccc(Br)c3)ncnc2cn1,11.493106783264544,Afatinib,CN(C)CCOC1=CC2=C(NC3=CC=CC=C3F)N=CN=C2C=C1,0.553547876549723,0.7357994389901823,0.6716912295842696,115.36698922659656,0.8538005003116479,0.6886900155852054,reference_ligand,-8.393,1,0.0,0.0,5,0.6786000000000001,ok,D:\ONCS 2026\egfr-drug-discovery-ml\reports\vina_poses\generated_analogs\row_045_rank_045_docked.pdbqt,0.6821315054548219,consensus_vina_reference,10.88375577654464,44,1,4,0,0,6,ALA743;ASP855;LEU718;LYS745;MET793;VAL726,MET793;ASP855;LEU718;LYS745;VAL726;ALA743,0.6,True,"hbond:1;key:ALA743,ASP855,LEU718,LYS745,MET793,VAL726",11.24375577654464,57
CCOc1ccccc1-c1cc2c(N[C@H](COC#N)c3ccccc3)ncnc2[nH]1,9.256988836249445,0.0055912664569408,0.4179457569862664,399.454,4.674480000000004,95.85,2,6,4,8,0.1739130434782608,0,0.0,3.2796933333333333,False,,0,,0,,0,,0.75,0.6874340175953079,0.977152759264196,0.2023809523809523,Afatinib,0.25,0.7976190476190477,0.935333322542502,0.5537281150603952,1.0,0.9322693313529088,0.5537281150603952,0.8553326922389516,1.0,0.4462718849396048,0.5537281150603952,0.1066675070714008,9.248601936564032,-0.0566169386659074,-0.0,0.5960739041017633,9.788058901999888,0.0,0.0,0.0,0.182839856174506,0.0,0.182839856174506,0.0,low,,9.60521904582538,True,pass,False,,0.9679521998913634,0.2851711026615969,0.2189027702335687,0.4095600217273221,0.7523085279739272,0.7099402498642042,0.846279196089082,0.9989136338946224,0.6073601303639327,0.67680608365019,10.516891058436606,10,0.0,10.417386346205609,0,25,15,0,lead,CCOc1ccccc1-c1cc2c(N[C@H](CO)c3ccccc3)ncnc2[nH]1,grow_nitrile_tail,fragment_growing,fragment_growing,fragment_growing,late_stage_nitrile_append,0.74,0.72,0.7,True,0.75,0.6845055102726211,0.8660000000000001,0.8673051095872093,True,,False,True,0,0,0.6598649009592659,Osimertinib,reference_ligand,0.6510561114361624,CCOc1ccccc1-c1cc2c(N[C@H](CO)c3ccccc3)ncnc2[nH]1,1,CCOc1ccccc1-c1cc2c(N[C@H](CO)c3ccccc3)ncnc2[nH]1 -> CCOc1ccccc1-c1cc2c(N[C@H](COC#N)c3ccccc3)ncnc2[nH]1,9.6213947221666,0.4521900852216164,10.64509070761073,9.696207052989768,0.0,9.6213947221666,0.4521900852216164,10.64509070761073,9.696207052989768,0.0,-0.3644058859171579,-0.0342443282353499,-0.2277043614051219,-0.0909880071643876,False,False,False,False,0,CCOc1ccccc1-c1cc2c(N[C@H](CO)c3ccccc3)ncnc2[nH]1,11.49211355419428,Osimertinib,COc1cc2ncnc(Nc3ccc(F)c(Cl)c3)c2cc1NC(=O)C=C,0.4955452802526221,0.7116942014901199,0.7279985715653116,94.77585375850175,0.7939419930390471,0.6598649009592659,reference_ligand,-8.406,1,0.0,0.0,5,0.6812000000000001,ok,D:\ONCS 2026\egfr-drug-discovery-ml\reports\vina_poses\generated_analogs\row_025_rank_025_docked.pdbqt,0.6737327153357432,consensus_vina_reference,10.922685882707416,32,1,1,0,0,6,ALA743;ASP800;ASP855;LYS745;MET793;VAL726,ASP855;LYS745;VAL726;MET793;ALA743;THR854,0.52,True,"hbond:1;key:ALA743,ASP800,ASP855,LYS745,MET793,VAL726",11.234685882707415,58
COCc1ccc(-c2cc3c(NC(C)c4ccccc4)ncnc3[nH]2)c(OC)c1,9.26929835575281,0.118055373810334,0.4684762092840166,388.4710000000001,4.953000000000004,72.06,2,5,4,7,0.217391304347826,0,0.0,3.106473333333334,False,,0,,0,,0,,0.8275862068965517,0.7300898103873632,1.0,0.2197802197802197,Gefitinib,0.1724137931034483,0.7802197802197802,0.8596858272709685,0.5881821715164656,1.0,0.945054945054945,0.5881821715164656,0.8482307359605947,1.0,0.4118178284835344,0.5881821715164656,0.0152734550804982,9.092215295037308,0.0242443397187991,-0.0,0.5616521409624857,9.678111775718593,0.0,0.0,0.027083060715501,0.139772285604418,0.0,0.1668553463199191,0.0,low,,9.511256429398673,True,pass,False,,0.971211298207496,0.5529603476371537,0.4478544269418794,0.0928843020097772,0.8967952199891364,0.8511678435632808,0.846279196089082,0.7311243889190657,0.6333921781640414,0.7243617599130908,10.43818238951544,41,0.0,10.380490541294382,0,40,0,1,advance,COc1cc(CO)ccc1-c1cc2c(NC(C)c3ccccc3)ncnc2[nH]1,hetero_methylation,hetero_edit,hetero_edit,n_or_o_alkylation,heteroatom_methylation,0.86,0.82,0.84,True,0.8275862068965517,0.7034988004354257,0.7729999999999999,0.8960605190274467,True,,False,True,0,0,0.6795607514812233,Dacomitinib,reference_ligand,0.6141385205110788,COc1cc(CO)ccc1-c1cc2c(NC(C)c3ccccc3)ncnc2[nH]1,1,COc1cc(CO)ccc1-c1cc2c(NC(C)c3ccccc3)ncnc2[nH]1 -> COCc1ccc(-c2cc3c(NC(C)c4ccccc4)ncnc3[nH]2)c(OC)c1,9.481133391168196,0.468660740099691,10.493658403040255,9.54718843465248,0.0,9.481133391168196,0.468660740099691,10.493658403040255,9.54718843465248,0.0,-0.2118350354153868,-0.0001845308156743,-0.1131678617458735,-0.035932005253807,False,False,False,False,0,COc1cc(CO)ccc1-c1cc2c(NC(C)c3ccccc3)ncnc2[nH]1,11.490057110024685,Dacomitinib,COc1cc2ncnc(Nc3ccc(F)c(Cl)c3)c2cc1OCCCN1CCOCC1,0.5251545512683863,0.7144721577726219,0.7170585543719084,109.13627190512696,0.8378020644335282,0.6795607514812233,reference_ligand,-8.391,1,0.0,0.0,5,0.6782,ok,D:\ONCS 2026\egfr-drug-discovery-ml\reports\vina_poses\generated_analogs\row_040_rank_040_docked.pdbqt,0.6786762630184282,consensus_vina_reference,10.889497738558203,41,1,2,0,0,7,ALA743;ASP800;ASP855;LEU718;LYS745;MET793;VAL726,LYS745;MET793;VAL726;LEU718;ALA743;ASP800,0.5466666666666666,True,"hbond:1;key:ALA743,ASP800,ASP855,LEU718,LYS745,MET793,VAL726",11.217497738558203,59
CCOc1ccccc1-c1cc2c(N[C@H](CO)c3cccc(C)c3)ncnc2[nH]1,9.30889444527953,0.1039320302149329,0.4348209892776107,388.47100000000006,4.477520000000003,83.06,3,5,4,7,0.217391304347826,0,0.0,3.106473333333334,False,,0,,0,,0,,0.8421052631578947,0.7320574925768503,1.0,0.2023809523809523,Afatinib,0.1578947368421053,0.7976190476190477,0.8794711901694292,0.5696718005129424,1.0,0.949404761904762,0.5696718005129424,0.8496369381467834,1.0,0.4303281994870576,0.5696718005129424,0.039779002696861,9.15299639995713,-0.0094108802876067,-0.0,0.5603383458646617,9.703923865534184,0.0,0.0,0.0058980453223994,0.1629102493588219,0.0,0.1688082946812214,0.0,low,,9.535115570852962,True,pass,False,,0.977729494839761,0.3802281368821292,0.4478544269418794,0.0540467137425312,0.8967952199891364,0.7653449212384573,0.846279196089082,0.7789244975556763,0.5940114068441064,0.6903313416621402,10.416737553747112,47,0.0,10.36351318084753,0,48,1,0,advance,CCOc1ccccc1-c1cc2c(N[C@H](CO)c3ccccc3)ncnc2[nH]1,append_methyl,append_group,append_group,late_stage_diversification,append_group_scan,0.74,0.63,0.64,True,0.8421052631578947,0.7038365476338885,0.573,0.8393381258998986,True,,False,True,0,0,0.6688667394674628,Afatinib,reference_ligand,0.6902839078638277,CCOc1ccccc1-c1cc2c(N[C@H](CO)c3ccccc3)ncnc2[nH]1,1,CCOc1ccccc1-c1cc2c(N[C@H](CO)c3ccccc3)ncnc2[nH]1 -> CCOc1ccccc1-c1cc2c(N[C@H](CO)c3cccc(C)c3)ncnc2[nH]1,9.6213947221666,0.4521900852216164,10.64509070761073,9.696207052989768,0.0,9.6213947221666,0.4521900852216164,10.64509070761073,9.696207052989768,0.0,-0.3125002768870715,-0.0173690959440056,-0.2815775267632006,-0.1610914821368059,False,False,False,False,0,CCOc1ccccc1-c1cc2c(N[C@H](CO)c3ccccc3)ncnc2[nH]1,11.447879027681408,Afatinib,CN(C)CCOC1=CC2=C(NC3=CC=CC=C3F)N=CN=C2C=C1,0.4759722711784749,0.7127023223082336,0.795933405011066,97.22908114810164,0.8021971963645464,0.6688667394674628,reference_ligand,-8.423,1,0.0,0.0,5,0.6846,ok,D:\ONCS 2026\egfr-drug-discovery-ml\reports\vina_poses\generated_analogs\row_048_rank_048_docked.pdbqt,0.679093358813612,consensus_vina_reference,10.87283319995774,49,1,1,0,0,5,ALA743;ASP855;LYS745;MET793;VAL726,ASP855;LYS745;MET793;VAL726;ALA743;THR854,0.52,True,"hbond:1;key:ALA743,ASP855,LYS745,MET793,VAL726",11.184833199957739,60
