smiles,predicted_pIC50,uncertainty,QED,MW,LogP,TPSA,HBD,HBA,ring_count,rotatable_bonds,fraction_csp3,lipinski_violations,penalty,SA_score,has_PAINS,PAINS_alert,structural_alert_count,structural_alerts,severe_alert_count_x,severe_alerts,covalent_warhead_count,covalent_warheads,max_train_similarity,top5_train_similarity,applicability_score,max_market_similarity,closest_market_name,novelty_score,market_novelty_score,potency_support,chemistry_support,safety_support,domain_support,agent_support_min,agent_support_mean,agent_support_max,agent_disagreement_score,multi_agent_balance,potency_vs_guardrails_gap,potency_reward,chemistry_reward,safety_reward,novelty_reward,naive_reward,applicability_penalty,market_copy_penalty,uncertainty_penalty,disagreement_penalty,reactivity_penalty,anti_hacking_penalty,reward_hacking_risk,reward_hacking_risk_level,reward_hacking_flags,verified_reward,audit_pass,audit_status,veto,veto_reasons,potency_percentile,qed_percentile,sa_percentile,novelty_percentile,applicability_percentile,balance_percentile,risk_percentile,uncertainty_percentile,naive_multi_objective_score,multi_objective_score,naive_score,naive_rank,audit_status_penalty,final_score,audit_priority,rank,audit_demote_positions,audit_promote_positions,selection_bucket,parent_seed,ancestor_seed,lineage_depth,lineage_path,round,action_name,action_category,action_rule_source,reaction_family,synthetic_route,synthetic_feasibility_score,medchem_realism_score,transformation_confidence_score,preserves_scaffold,parent_similarity,property_support_score,category_priority_score,generator_priority_score,adaptive_action_prior,hard_constraint_pass,hard_constraint_notes,introduced_warhead,warhead_retained,alert_count,severe_alert_count_y,structural_guidance_score,structure_guidance_reference,structure_guidance_backend,parent_predicted_pIC50,parent_QED,parent_final_score,parent_verified_reward,parent_reward_hacking_risk,ancestor_predicted_pIC50,ancestor_QED,ancestor_final_score,ancestor_verified_reward,ancestor_reward_hacking_risk,delta_predicted_pIC50,delta_QED,delta_final_score,delta_verified_reward,improved_over_parent_final_score,improved_over_parent_potency,improved_over_parent_qed,improved_over_parent_verified_reward,parent_improvement_count,lineage_root,generator_composite_score,closest_pose_reference,closest_pose_smiles,shape_similarity,protrude_similarity,usr_similarity,alignment_score_raw,alignment_score_norm,reference_docking_rescore,reference_backend,vina_affinity_kcal,vina_best_mode,vina_best_rmsd_lb,vina_best_rmsd_ub,vina_pose_count,vina_rescore,vina_status,docking_pose_path,docking_rescore,docking_backend,structural_priority_score,structural_rank,interaction_hbond_count,interaction_hydrophobic_count,interaction_aromatic_count,interaction_salt_bridge_count,interaction_key_residue_count,interaction_key_residues,interaction_top_residues,interaction_support_score,interaction_hinge_contact,interaction_summary,interaction_priority_score,interaction_rank
Cc1c(F)cccc1Nc1c(-c2ccncc2OCC(C)(C)F)[nH]c2c1C(=O)NCC2,9.312988403947168,0.0931255141360497,0.5347912011751007,426.46700000000016,4.680620000000003,79.04,3,4,4,6,0.3043478260869565,0,0.0,2.909780000000001,False,,0,,0,,0,,0.855072463768116,0.7615930735930736,1.0,0.1847826086956521,Afatinib,0.144927536231884,0.8152173913043479,0.8880592410915571,0.63222054526169,1.0,0.9538043478260868,0.63222054526169,0.8685210335448335,1.0,0.36777945473831,0.63222054526169,0.0260509433956314,9.173300132743094,0.1287589837837962,-0.0,0.5597826086956521,9.861841725222543,0.0,0.0,0.0,0.0847243184228874,0.0,0.0847243184228874,0.0,low,,9.777117406799656,True,pass,False,,0.984126984126984,0.7142857142857143,0.6042328042328042,0.0328042328042328,0.8592592592592593,0.9629629629629628,0.8296296296296296,0.7978835978835979,0.6829100529100529,0.7711640211640212,10.681333788714609,1,0.0,10.70251423219648,0,1,0,0,lead,COC(C)(C)COc1cnccc1-c1[nH]c2c(c1Nc1cccc(F)c1C)C(=O)NCC2,COC(C)(C)COc1cnccc1-c1[nH]c2c(c1Nc1cccc(F)c1C)C(=O)NCC2,1,COC(C)(C)COc1cnccc1-c1[nH]c2c(c1Nc1cccc(F)c1C)C(=O)NCC2 -> Cc1c(F)cccc1Nc1c(-c2ccncc2OCC(C)(C)F)[nH]c2c1C(=O)NCC2,1,alcohol_fluorination,functional_group_swap,reaction_transform,functional_group_swap,halogen_exchange,0.74,0.66,0.7,True,0.855072463768116,0.7476187380560619,0.835,0.8868805473369185,0.7543213928155906,True,,False,True,0,0,0.5477354796802559,Osimertinib,reference_ligand,9.64492553317416,0.5102437252597349,10.698916496302727,9.748407601490852,0.0,9.64492553317416,0.5102437252597349,10.698916496302727,9.748407601490852,0.0,-0.3319371292269917,0.0245474759153657,0.003597735893754,0.0287098053088037,True,False,True,True,3,COC(C)(C)COc1cnccc1-c1[nH]c2c(c1Nc1cccc(F)c1C)C(=O)NCC2,12.145940338218002,Osimertinib,COc1cc2ncnc(Nc3ccc(F)c(Cl)c3)c2cc1NC(=O)C=C,0.3710646968925114,0.5897020725388601,0.5655284875615194,82.52527607935022,0.7472668949912042,0.5477354796802559,reference_ligand,-9.096,1,0.0,0.0,5,0.8192,ok,D:\ONCS 2026\egfr-drug-discovery-ml\reports\vina_poses\optimized_candidates\row_001_rank_001_docked.pdbqt,0.7241874178880896,consensus_vina_reference,11.245654795612548,1,5,6,0,2,6,ALA743;ASP855;LEU718;LYS745;MET793;VAL726,LEU718;LYS745;ASP855;VAL726;MET793;ALA743,0.9600000000000001,True,"hbond:5;salt:2;key:ALA743,ASP855,LEU718,LYS745,MET793,VAL726",11.821654795612549,1
C#Cc1c(F)ccc(Nc2c(-c3ccncc3OCC(C)(C)OC)[nH]c3c2C(=O)NCC3)c1C,9.262148061408196,0.0415542756552883,0.4548774641272928,462.52500000000026,4.338820000000003,88.27000000000001,3,5,4,7,0.3076923076923077,0,0.0,3.2501666666666686,False,,0,,0,,0,,0.7763157894736842,0.7222527115509572,1.0,0.1574074074074074,Osimertinib,0.2236842105263158,0.8425925925925926,0.9114490223933472,0.5751761950136007,1.0,0.960648148148148,0.5751761950136007,0.8618183413887739,1.0,0.4248238049863992,0.5751761950136007,0.0661742413394309,9.199816647925264,-0.0018783051034766,-0.0,0.6034356725146199,9.801374015336409,0.0,0.0,0.0,0.156029756232999,0.0,0.156029756232999,0.0,low,,9.645344259103409,True,pass,False,,0.9865005192107996,0.952232606438214,0.8245067497403946,0.0264797507788162,0.968847352024922,0.9117341640706128,0.8161993769470405,0.9345794392523364,0.7633437175493251,0.8402907580477673,10.717386476395596,3,0.0,10.653693168760729,0,1,0,2,lead,COC(C)(C)COc1cnccc1-c1[nH]c2c(c1Nc1ccc(F)c(C#N)c1C)C(=O)NCC2,COC(C)(C)COc1cnccc1-c1[nH]c2c(c1Nc1cccc(F)c1C)C(=O)NCC2,3,COC(C)(C)COc1cnccc1-c1[nH]c2c(c1Nc1cccc(F)c1C)C(=O)NCC2 -> COC(C)(C)COc1cnccc1-c1[nH]c2c(c1Nc1ccc(F)c(F)c1C)C(=O)NCC2 -> COC(C)(C)COc1cnccc1-c1[nH]c2c(c1Nc1ccc(F)c(C#N)c1C)C(=O)NCC2 -> C#Cc1c(F)ccc(Nc2c(-c3ccncc3OCC(C)(C)OC)[nH]c3c2C(=O)NCC3)c1C,3,nitrile_to_terminal_alkyne,mmp,matched_molecular_pair,matched_molecular_pair,bioisostere_swap,0.72,0.7,0.68,True,0.8666666666666667,0.7127368789560313,0.8600000000000001,0.8797484367281404,0.6756125391789353,True,,False,True,0,0,0.5944392613186469,Afatinib,reference_ligand,,,,,,9.64492553317416,0.5102437252597349,10.698916496302727,9.748407601490852,0.0,,,,,False,False,False,False,0,COC(C)(C)COc1cnccc1-c1[nH]c2c(c1Nc1cccc(F)c1C)C(=O)NCC2,12.082949457129695,Afatinib,CN(C)CCOC1=CC2=C(NC3=CC=CC=C3F)N=CN=C2C=C1,0.3800864061087109,0.6660211267605634,0.6444016626533638,95.76105570294686,0.7972978451912504,0.5944392613186469,reference_ligand,-8.912,1,0.0,0.0,5,0.7824000000000002,ok,D:\ONCS 2026\egfr-drug-discovery-ml\reports\vina_poses\optimized_candidates\row_002_rank_001_docked.pdbqt,0.7166137414615266,consensus_vina_reference,11.191153474856874,2,7,7,0,2,5,ALA743;ASP855;LYS745;MET793;VAL726,ASP855;LYS745;VAL726;MET793;ALA743;LEU788,0.9600000000000001,True,"hbond:7;salt:2;key:ALA743,ASP855,LYS745,MET793,VAL726",11.767153474856874,2
C#Cc1ccc(-c2cc3c(NC(CO)c4ccccc4)ncnc3[nH]2)c(OCC)c1,9.426633674968434,0.0719385612394266,0.407481365015329,398.4660000000001,4.150400000000002,83.06,3,5,4,7,0.1666666666666666,0,0.0,3.173106666666668,False,,0,,0,,0,,0.7704918032786885,0.6864847242921013,0.975426771440184,0.198019801980198,Erlotinib,0.2295081967213115,0.801980198019802,0.9313014258745098,0.5520721866558669,1.0,0.9320651280850883,0.5520721866558669,0.8538596851538663,1.0,0.4479278133441331,0.5520721866558669,0.1032556542941912,9.318725833109294,-0.0518179683180045,-0.0,0.5877294407905768,9.854637305581866,0.0,0.0,0.0,0.1849097666801664,0.0,0.1849097666801664,0.0,low,,9.6697275389017,True,pass,False,,1.0,0.6957424714434061,0.956386292834891,0.0347871235721703,0.9205607476635514,0.7762201453790238,0.8161993769470405,0.8276220145379024,0.7395638629283489,0.7961578400830738,10.742113941095884,1,0.0,10.625116947001388,0,2,1,0,lead,CCOc1cc(C#N)ccc1-c1cc2c(NC(CO)c3ccccc3)ncnc2[nH]1,COc1ccccc1-c1cc2c(NC(CO)c3ccccc3)ncnc2[nH]1,3,COc1ccccc1-c1cc2c(NC(CO)c3ccccc3)ncnc2[nH]1 -> CCOc1ccccc1-c1cc2c(NC(CO)c3ccccc3)ncnc2[nH]1 -> CCOc1cc(C#N)ccc1-c1cc2c(NC(CO)c3ccccc3)ncnc2[nH]1 -> C#Cc1ccc(-c2cc3c(NC(CO)c4ccccc4)ncnc3[nH]2)c(OCC)c1,3,nitrile_to_terminal_alkyne,mmp,matched_molecular_pair,matched_molecular_pair,bioisostere_swap,0.72,0.7,0.68,True,0.8412698412698413,0.6909391381174185,0.8600000000000001,0.8759153866210571,0.6756125391789353,True,,False,True,0,0,0.6364880570457057,Sunvozertinib,reference_ligand,,,,,,9.33730942934638,0.487358116928423,10.490719978033283,9.52085324524955,0.0,,,,,False,False,False,False,0,COc1ccccc1-c1cc2c(NC(CO)c3ccccc3)ncnc2[nH]1,12.051858613493277,Sunvozertinib,C=CC(=O)Nc1cc2ncnc(Nc3ccc(F)c(Cl)c3)c2cn1,0.4573811700182815,0.707869142351901,0.6637861547918916,99.10765013814289,0.8082943524421943,0.6364880570457057,reference_ligand,-8.626,1,0.0,0.0,5,0.7251999999999998,ok,D:\ONCS 2026\egfr-drug-discovery-ml\reports\vina_poses\optimized_candidates\row_003_rank_002_docked.pdbqt,0.6941508199659969,consensus_vina_reference,11.145730061975886,3,3,4,0,2,7,ALA743;ASP800;ASP855;LEU718;LYS745;MET793;VAL726,ASP855;LYS745;LEU718;MET793;ALA743;VAL726,0.9066666666666666,True,"hbond:3;salt:2;key:ALA743,ASP800,ASP855,LEU718,LYS745,MET793,VAL726",11.689730061975887,3
COC(C)(C)COc1cnccc1-c1[nH]c2c(c1Nc1ccc(F)c(C#N)c1C)C(=O)NCC2,9.188439348509318,0.0311386149961575,0.483499361886462,463.51300000000026,4.229200000000002,112.06,3,6,4,7,0.32,0,0.0,3.256753333333335,False,,0,,0,,0,,0.7763157894736842,0.7222527115509572,1.0,0.1574074074074074,Osimertinib,0.2236842105263158,0.8425925925925926,0.9003128066300192,0.5906649054478104,1.0,0.960648148148148,0.5906649054478104,0.8629064650564944,1.0,0.4093350945521896,0.5906649054478104,0.0498751220980331,9.14173142601508,0.0269863618864617,-0.0,0.6034356725146199,9.772153460416162,0.0,0.0,0.0,0.136668868190237,0.0,0.136668868190237,0.0,low,,9.635484592225923,True,pass,False,,0.9621052631578948,0.8157894736842105,0.4421052631578947,0.06,0.9557894736842104,0.8736842105263158,0.8136842105263158,0.98,0.6744210526315789,0.7745263157894736,10.581458723574055,4,0.0,10.564916171173293,0,1,0,3,lead,COC(C)(C)COc1cnccc1-c1[nH]c2c(c1Nc1ccc(F)c(F)c1C)C(=O)NCC2,COC(C)(C)COc1cnccc1-c1[nH]c2c(c1Nc1cccc(F)c1C)C(=O)NCC2,2,COC(C)(C)COc1cnccc1-c1[nH]c2c(c1Nc1cccc(F)c1C)C(=O)NCC2 -> COC(C)(C)COc1cnccc1-c1[nH]c2c(c1Nc1ccc(F)c(F)c1C)C(=O)NCC2 -> COC(C)(C)COc1cnccc1-c1[nH]c2c(c1Nc1ccc(F)c(C#N)c1C)C(=O)NCC2,2,aryl_f_to_cyano,snar,reaction_transform,snar,snar_diversification,0.79,0.75,0.8,True,0.8356164383561644,0.7205195493617115,0.913,0.8921928363977085,0.6177632155903671,True,,False,True,0,0,0.5664857250231925,Osimertinib,reference_ligand,,,,,,9.64492553317416,0.5102437252597349,10.698916496302727,9.748407601490852,0.0,,,,,False,False,False,False,0,COC(C)(C)COc1cnccc1-c1[nH]c2c(c1Nc1cccc(F)c1C)C(=O)NCC2,11.979730302699007,Osimertinib,COc1cc2ncnc(Nc3ccc(F)c(Cl)c3)c2cc1NC(=O)C=C,0.3652919637695124,0.6176278918214402,0.6579263348546723,79.47601602370575,0.7340907694745629,0.5664857250231925,reference_ligand,-8.656,1,0.0,0.0,5,0.7312000000000001,ok,D:\ONCS 2026\egfr-drug-discovery-ml\reports\vina_poses\optimized_candidates\row_006_rank_001_docked.pdbqt,0.6735500037581175,consensus_vina_reference,11.070078673991882,8,5,6,0,2,5,ALA743;ASP855;LYS745;MET793;VAL726,ASP855;LYS745;VAL726;MET793;ALA743;MET766,0.9600000000000001,True,"hbond:5;salt:2;key:ALA743,ASP855,LYS745,MET793,VAL726",11.646078673991882,4
COC(C)(C)COc1cnccc1-c1[nH]c2c(c1Nc1ccc(F)c(O)c1C)C(=O)NCC2,9.1748315471172,0.0289115851434637,0.4287676389727727,454.5020000000002,4.063120000000001,108.5,4,6,4,7,0.3333333333333333,0,0.0,3.196680000000001,False,,0,,0,,0,,0.821917808219178,0.7697383529712296,1.0,0.173076923076923,Osimertinib,0.1780821917808219,0.8269230769230769,0.8984697771788751,0.5628729706657942,1.0,0.9567307692307692,0.5628729706657942,0.8545183792688597,1.0,0.4371270293342058,0.5628729706657942,0.0586018638800205,9.131464169402005,-0.0174010276938941,-0.0,0.578213909378293,9.692277051086402,0.0,0.0,0.0,0.1714087866677572,0.0,0.1714087866677572,0.0,low,,9.520868264418644,True,pass,False,,0.9709241952232608,0.8753894080996885,0.9376947040498442,0.0083073727933541,0.968847352024922,0.8805815160955348,0.8161993769470405,0.9657320872274144,0.7543094496365524,0.8320353063343717,10.597448390650264,5,0.0,10.51931063201989,0,5,0,0,lead,COc1c(F)ccc(Nc2c(-c3ccncc3OCC(C)(C)OC)[nH]c3c2C(=O)NCC3)c1C,COC(C)(C)COc1cnccc1-c1[nH]c2c(c1Nc1cccc(F)c1C)C(=O)NCC2,3,COC(C)(C)COc1cnccc1-c1[nH]c2c(c1Nc1cccc(F)c1C)C(=O)NCC2 -> COC(C)(C)COc1cnccc1-c1[nH]c2c(c1Nc1ccc(F)c(F)c1C)C(=O)NCC2 -> COc1c(F)ccc(Nc2c(-c3ccncc3OCC(C)(C)OC)[nH]c3c2C(=O)NCC3)c1C -> COC(C)(C)COc1cnccc1-c1[nH]c2c(c1Nc1ccc(F)c(O)c1C)C(=O)NCC2,3,anisole_to_phenol,mmp,matched_molecular_pair,matched_molecular_pair,demethylation,0.82,0.77,0.75,True,0.8356164383561644,0.710216293090622,0.8600000000000001,0.9032297689670996,0.6990024669323672,True,,False,True,0,0,0.6436387356494262,Osimertinib,reference_ligand,,,,,,9.64492553317416,0.5102437252597349,10.698916496302727,9.748407601490852,0.0,,,,,False,False,False,False,0,COC(C)(C)COc1cnccc1-c1[nH]c2c(c1Nc1cccc(F)c1C)C(=O)NCC2,11.979762816579534,Osimertinib,COc1cc2ncnc(Nc3ccc(F)c(Cl)c3)c2cc1NC(=O)C=C,0.435064267352185,0.6855152300712897,0.8048392884879156,89.01626968267523,0.7731813534572813,0.6436387356494262,reference_ligand,-9.237,1,0.0,0.0,5,0.8474,ok,D:\ONCS 2026\egfr-drug-discovery-ml\reports\vina_poses\optimized_candidates\row_011_rank_005_docked.pdbqt,0.7760835574772992,consensus_vina_reference,11.101373300127864,6,5,3,0,2,7,ALA743;ASP800;ASP855;LEU718;LYS745;MET793;VAL726,LYS745;VAL726;ASP855;MET793;ALA743;LEU788,0.88,True,"hbond:5;salt:2;key:ALA743,ASP800,ASP855,LEU718,LYS745,MET793,VAL726",11.629373300127865,5
C#Cc1ccc(-c2cc3c(N[C@H](CO)c4ccccc4)ncnc3[nH]2)c(OCC)c1,9.426633674968434,0.0719385612394266,0.407481365015329,398.4660000000001,4.150400000000002,83.06,3,5,4,7,0.1666666666666666,0,0.0,3.173106666666668,False,,0,,0,,0,,0.7704918032786885,0.6864847242921013,0.975426771440184,0.198019801980198,Erlotinib,0.2295081967213115,0.801980198019802,0.9313014258745098,0.5520721866558669,1.0,0.9320651280850883,0.5520721866558669,0.8538596851538663,1.0,0.4479278133441331,0.5520721866558669,0.1032556542941912,9.318725833109294,-0.0518179683180045,-0.0,0.5877294407905768,9.854637305581866,0.0,0.0,0.0,0.1849097666801664,0.0,0.1849097666801664,0.0,low,,9.6697275389017,True,pass,False,,1.0,0.3684210526315789,0.5957894736842105,0.0726315789473684,0.8689473684210526,0.6547368421052632,0.8136842105263158,0.8652631578947368,0.627578947368421,0.6991052631578949,10.60773204242397,1,0.0,10.508653854691174,0,4,3,0,lead,CCOc1cc(C#N)ccc1-c1cc2c(N[C@H](CO)c3ccccc3)ncnc2[nH]1,CCOc1ccccc1-c1cc2c(N[C@H](CO)c3ccccc3)ncnc2[nH]1,2,CCOc1ccccc1-c1cc2c(N[C@H](CO)c3ccccc3)ncnc2[nH]1 -> CCOc1cc(C#N)ccc1-c1cc2c(N[C@H](CO)c3ccccc3)ncnc2[nH]1 -> C#Cc1ccc(-c2cc3c(N[C@H](CO)c4ccccc4)ncnc3[nH]2)c(OCC)c1,2,nitrile_to_terminal_alkyne,mmp,matched_molecular_pair,matched_molecular_pair,bioisostere_swap,0.72,0.7,0.68,True,0.8412698412698413,0.6909391381174185,0.8600000000000001,0.8774029368212165,0.6756125391789353,True,,False,True,0,0,0.647723330460807,Afatinib,reference_ligand,,,,,,9.6213947221666,0.4521900852216164,10.64509070761073,9.696207052989768,0.0,,,,,False,False,False,False,0,CCOc1ccccc1-c1cc2c(N[C@H](CO)c3ccccc3)ncnc2[nH]1,11.93950515949284,Afatinib,CN(C)CCOC1=CC2=C(NC3=CC=CC=C3F)N=CN=C2C=C1,0.4716417910447761,0.7196916608269096,0.7544820769926757,83.47981900709205,0.7512558241248735,0.647723330460807,reference_ligand,-8.759,1,0.0,0.0,5,0.7518,ok,D:\ONCS 2026\egfr-drug-discovery-ml\reports\vina_poses\optimized_candidates\row_014_rank_004_docked.pdbqt,0.7153731656612825,consensus_vina_reference,11.045183728937136,10,3,5,0,3,6,ALA743;ASP855;LEU718;LYS745;MET793;VAL726,ASP855;LEU718;LYS745;MET793;VAL726;LEU792,0.9333333333333332,True,"hbond:3;salt:3;key:ALA743,ASP855,LEU718,LYS745,MET793,VAL726",11.605183728937137,6
COc1cc(C)c(C)cc1-c1cc2c(NC(CO)c3ccccc3)ncnc2[nH]1,9.113341225066414,0.0565081208056432,0.4560887691348292,388.471,4.395840000000003,83.06,3,5,4,6,0.217391304347826,0,0.0,3.0064733333333336,False,,0,,0,,0,,0.8035714285714286,0.7814285714285715,1.0,0.2441860465116279,Osimertinib,0.1964285714285714,0.7558139534883721,0.8637796217026531,0.5852152332805665,1.0,0.938953488372093,0.5852152332805665,0.8469870858388282,1.0,0.4147847667194335,0.5852152332805665,0.0223900478184333,9.028579043857947,0.0268568995696118,-0.0,0.5651370431893687,9.62057298661693,0.0,0.0,0.0,0.1434809583992919,0.0,0.1434809583992919,0.0,low,,9.477092028217635,True,pass,False,,0.961123110151188,0.8660907127429806,0.949244060475162,0.0032397408207343,0.9848812095032398,0.8974082073434125,0.8612311015118791,0.9038876889848813,0.7487580993520518,0.8330453563714902,10.519082705839391,3,0.0,10.476746455863426,0,3,0,0,lead,CCOc1cc(C)c(C)cc1-c1cc2c(NC(CO)c3ccccc3)ncnc2[nH]1,COc1ccccc1-c1cc2c(NC(CO)c3ccccc3)ncnc2[nH]1,4,COc1ccccc1-c1cc2c(NC(CO)c3ccccc3)ncnc2[nH]1 -> CCOc1ccccc1-c1cc2c(NC(CO)c3ccccc3)ncnc2[nH]1 -> CCOc1cc(C)ccc1-c1cc2c(NC(CO)c3ccccc3)ncnc2[nH]1 -> CCOc1cc(C)c(C)cc1-c1cc2c(NC(CO)c3ccccc3)ncnc2[nH]1 -> COc1cc(C)c(C)cc1-c1cc2c(NC(CO)c3ccccc3)ncnc2[nH]1,4,phenetole_to_anisole,mmp,matched_molecular_pair,matched_molecular_pair,late_stage_alkoxy_tuning,0.78,0.76,0.74,True,0.8421052631578947,0.7183494169501586,0.8600000000000001,0.9050441565622386,0.6809134438286149,True,,False,True,0,0,0.6892181728136233,Afatinib,reference_ligand,,,,,,9.33730942934638,0.487358116928423,10.490719978033283,9.52085324524955,0.0,,,,,False,False,False,False,0,COc1ccccc1-c1cc2c(NC(CO)c3ccccc3)ncnc2[nH]1,11.94847996953861,Afatinib,CN(C)CCOC1=CC2=C(NC3=CC=CC=C3F)N=CN=C2C=C1,0.5180359512607069,0.7524093218854039,0.8019330323681881,93.11217651451116,0.78814847608663,0.6892181728136233,reference_ligand,-8.691,1,0.0,0.0,5,0.7382000000000002,ok,D:\ONCS 2026\egfr-drug-discovery-ml\reports\vina_poses\optimized_candidates\row_021_rank_003_docked.pdbqt,0.7210563604847683,consensus_vina_reference,11.017538726227002,15,3,7,0,1,6,ALA743;ASP855;LEU718;LYS745;MET793;VAL726,ASP855;LEU718;LYS745;MET793;ALA743;VAL726,0.9600000000000001,True,"hbond:3;salt:1;key:ALA743,ASP855,LEU718,LYS745,MET793,VAL726",11.593538726227003,7
Cc1c(F)cccc1Nc1c(-c2ccncc2OCC(C)(C)Cl)[nH]c2c1C(=O)NCC2,9.3564421264946,0.0596760280329859,0.4717817647627009,442.9220000000002,4.949920000000004,79.04,3,4,4,6,0.3043478260869565,0,0.0,3.019480000000001,False,,1,alkyl_halide,0,,0,,0.8428571428571429,0.7512434933487565,1.0,0.1827956989247312,Afatinib,0.1571428571428571,0.8172043010752688,0.9223373120005596,0.5933461244656393,0.88,0.9543010752688172,0.5933461244656393,0.837496127933754,0.9543010752688172,0.3609549508031779,0.639045049196822,0.1131215787557405,9.26692808444512,0.0492945473713963,-0.2,0.5658755760368663,9.682098207853382,0.0,0.0,0.0,0.0761936885039724,0.0,0.0761936885039724,0.0,low,,9.60590451934941,True,pass,False,,0.9925925925925926,0.5185185185185185,0.4359788359788359,0.0571428571428571,0.8592592592592593,0.9661375661375662,0.8296296296296296,0.9121693121693122,0.6271957671957672,0.735978835978836,10.434733128488302,16,0.0,10.489079122524014,0,7,0,9,lead,COC(C)(C)COc1cnccc1-c1[nH]c2c(c1Nc1cccc(F)c1C)C(=O)NCC2,COC(C)(C)COc1cnccc1-c1[nH]c2c(c1Nc1cccc(F)c1C)C(=O)NCC2,1,COC(C)(C)COc1cnccc1-c1[nH]c2c(c1Nc1cccc(F)c1C)C(=O)NCC2 -> Cc1c(F)cccc1Nc1c(-c2ccncc2OCC(C)(C)Cl)[nH]c2c1C(=O)NCC2,1,alcohol_chlorination,functional_group_swap,reaction_transform,functional_group_swap,halogen_exchange,0.72,0.64,0.68,True,0.8428571428571429,0.7212429700912794,0.835,0.7888531506359451,0.7017027659754891,True,,False,True,1,0,0.5595211426488992,Osimertinib,reference_ligand,9.64492553317416,0.5102437252597349,10.698916496302727,9.748407601490852,0.0,9.64492553317416,0.5102437252597349,10.698916496302727,9.748407601490852,0.0,-0.2884834066795605,-0.038461960497034,-0.2098373737787131,-0.1425030821414417,False,False,False,False,0,COC(C)(C)COc1cnccc1-c1[nH]c2c(c1Nc1cccc(F)c1C)C(=O)NCC2,11.824412740503744,Osimertinib,COc1cc2ncnc(Nc3ccc(F)c(Cl)c3)c2cc1NC(=O)C=C,0.3719407795346964,0.5992211585266916,0.6141472559409058,82.38438831780704,0.746672747672944,0.5595211426488992,reference_ligand,-8.884,1,0.0,0.0,5,0.7768,ok,D:\ONCS 2026\egfr-drug-discovery-ml\reports\vina_poses\optimized_candidates\row_018_rank_007_docked.pdbqt,0.7007523999271148,consensus_vina_reference,11.01464342246935,17,4,7,0,2,6,ALA743;ASP855;LEU718;LYS745;MET793;VAL726,LEU718;LYS745;ASP855;VAL726;ALA743;MET793,0.9600000000000001,True,"hbond:4;salt:2;key:ALA743,ASP855,LEU718,LYS745,MET793,VAL726",11.59064342246935,8
COC(C)(C)COc1cnccc1-c1[nH]c2c(c1Nc1ccc(F)c(F)c1C)C(=O)NCC2,9.190569701430674,0.0265274741873878,0.4874169569745564,456.4930000000002,4.496620000000003,88.27000000000001,3,5,4,7,0.3333333333333333,0,0.0,3.2099533333333348,False,,0,,0,,0,,0.8571428571428571,0.7920360360360361,1.0,0.1666666666666666,Osimertinib,0.1428571428571429,0.8333333333333334,0.9040731934264968,0.5946195827462624,1.0,0.9583333333333334,0.5946195827462624,0.8642565273765231,1.0,0.4053804172537376,0.5946195827462624,0.0530888880666315,9.150778490149593,0.0392572903078896,-0.0,0.5642857142857143,9.754321494743197,0.0,0.0,0.0,0.131725521567172,0.0,0.131725521567172,0.0,low,,9.622595973176022,True,pass,False,,0.925925925925926,0.6015873015873016,0.2026455026455026,0.0312169312169312,0.8592592592592593,0.8560846560846561,0.8296296296296296,0.9809523809523808,0.5736243386243387,0.69494708994709,10.442670701092402,12,0.0,10.45653248111253,0,11,0,1,lead,COC(C)(C)COc1cnccc1-c1[nH]c2c(c1Nc1cccc(F)c1C)C(=O)NCC2,COC(C)(C)COc1cnccc1-c1[nH]c2c(c1Nc1cccc(F)c1C)C(=O)NCC2,1,COC(C)(C)COc1cnccc1-c1[nH]c2c(c1Nc1cccc(F)c1C)C(=O)NCC2 -> COC(C)(C)COc1cnccc1-c1[nH]c2c(c1Nc1ccc(F)c(F)c1C)C(=O)NCC2,1,decorate_fluoro,scaffold_decoration,scaffold_decoration,scaffold_decoration,late_stage_fluorination,0.88,0.82,0.8,True,0.8428571428571429,0.7239281831744909,0.893,0.9256880826849968,0.7050444491509569,True,,False,True,0,0,0.6420761975448984,Osimertinib,reference_ligand,9.64492553317416,0.5102437252597349,10.698916496302727,9.748407601490852,0.0,9.64492553317416,0.5102437252597349,10.698916496302727,9.748407601490852,0.0,-0.4543558317434861,-0.0228267682851784,-0.242384015190197,-0.12581162831483,False,False,False,False,0,COC(C)(C)COc1cnccc1-c1[nH]c2c(c1Nc1cccc(F)c1C)C(=O)NCC2,11.942729893582488,Osimertinib,COc1cc2ncnc(Nc3ccc(F)c(Cl)c3)c2cc1NC(=O)C=C,0.430745501285347,0.6806954826129347,0.8095361883926981,88.98834147449622,0.7730757515756014,0.6420761975448984,reference_ligand,-9.263,1,0.0,0.0,5,0.8526,ok,D:\ONCS 2026\egfr-drug-discovery-ml\reports\vina_poses\optimized_candidates\row_024_rank_011_docked.pdbqt,0.7789166691407146,consensus_vina_reference,11.040719982968067,11,6,3,0,1,7,ALA743;ASP800;ASP855;LEU718;LYS745;MET793;VAL726,LYS745;VAL726;ASP855;MET793;ALA743;LEU788,0.88,True,"hbond:6;salt:1;key:ALA743,ASP800,ASP855,LEU718,LYS745,MET793,VAL726",11.568719982968068,9
COc1cc(F)c(F)cc1-c1cc2c(NC(CO)c3ccccc3)ncnc2[nH]1,9.08324074548758,0.0526254560100479,0.4579005357474424,396.3970000000001,4.057200000000003,83.06,3,5,4,6,0.1428571428571428,0,0.0,3.059313333333334,False,,0,,0,,0,,0.8135593220338984,0.7801406823532853,1.0,0.2857142857142857,Osimertinib,0.1864406779661016,0.7142857142857143,0.8589723671648617,0.5841793972251959,1.0,0.9285714285714286,0.5841793972251959,0.8429307982403715,1.0,0.4158206027748041,0.5841793972251959,0.0213887585659868,9.004302561472509,0.0132892500331566,-0.0,0.54818401937046,9.565775830876126,0.0,0.0,0.0,0.1447757534685051,0.0,0.1447757534685051,0.0,low,,9.42100007740762,True,pass,False,,0.9406047516198704,0.8768898488120951,0.9362850971922246,0.0021598272138228,0.9848812095032398,0.896328293736501,0.8612311015118791,0.9157667386609072,0.739524838012959,0.8275917926565876,10.453205636491676,10,0.0,10.414110228595526,0,5,0,5,lead,CCOc1cc(F)c(F)cc1-c1cc2c(NC(CO)c3ccccc3)ncnc2[nH]1,COc1ccccc1-c1cc2c(NC(CO)c3ccccc3)ncnc2[nH]1,4,COc1ccccc1-c1cc2c(NC(CO)c3ccccc3)ncnc2[nH]1 -> CCOc1ccccc1-c1cc2c(NC(CO)c3ccccc3)ncnc2[nH]1 -> CCOc1ccc(F)cc1-c1cc2c(NC(CO)c3ccccc3)ncnc2[nH]1 -> CCOc1cc(F)c(F)cc1-c1cc2c(NC(CO)c3ccccc3)ncnc2[nH]1 -> COc1cc(F)c(F)cc1-c1cc2c(NC(CO)c3ccccc3)ncnc2[nH]1,4,phenetole_to_anisole,mmp,matched_molecular_pair,matched_molecular_pair,late_stage_alkoxy_tuning,0.78,0.76,0.74,True,0.8596491228070176,0.7107101434283365,0.8600000000000001,0.9087791601322892,0.6809134438286149,True,,False,True,0,0,0.7146678498944705,Osimertinib,reference_ligand,,,,,,9.33730942934638,0.487358116928423,10.490719978033283,9.52085324524955,0.0,,,,,False,False,False,False,0,COc1ccccc1-c1cc2c(NC(CO)c3ccccc3)ncnc2[nH]1,11.898969170251323,Osimertinib,COc1cc2ncnc(Nc3ccc(F)c(Cl)c3)c2cc1NC(=O)C=C,0.5685390520287559,0.7546498463529031,0.805908035017371,101.00781257820992,0.8142704216414046,0.7146678498944705,reference_ligand,-8.991,1,0.0,0.0,5,0.7981999999999999,ok,D:\ONCS 2026\egfr-drug-discovery-ml\reports\vina_poses\optimized_candidates\row_039_rank_005_docked.pdbqt,0.7689637474630646,consensus_vina_reference,10.990833039192824,22,7,7,0,1,6,ALA743;ASP855;LEU718;LYS745;MET793;VAL726,LYS745;ASP855;LEU718;MET793;ALA743;VAL726,0.9600000000000001,True,"hbond:7;salt:1;key:ALA743,ASP855,LEU718,LYS745,MET793,VAL726",11.566833039192824,10
CCOc1cc(C)ccc1-c1cc2c(NC(CO)c3ccccc3)ncnc2[nH]1,9.293642098663089,0.0764226557130433,0.4348209892776107,388.471,4.477520000000003,83.06,3,5,4,7,0.217391304347826,0,0.0,3.1064733333333336,False,,0,,0,,0,,0.8245614035087719,0.7322241086587437,1.0,0.2048192771084337,Afatinib,0.175438596491228,0.7951807228915663,0.8949146656666418,0.5696718005129423,1.0,0.9487951807228916,0.5696718005129423,0.853345411725619,1.0,0.4303281994870577,0.5696718005129423,0.0554256719213638,9.179008115093524,-0.0094108802876067,-0.0,0.5675015852885225,9.737098820094438,0.0,0.0,0.0,0.1629102493588221,0.0,0.1629102493588221,0.0,low,,9.574188570735616,True,pass,False,,0.9852631578947368,0.6173684210526316,0.7,0.0247368421052631,0.9557894736842104,0.8026315789473685,0.8136842105263158,0.8442105263157895,0.6767894736842105,0.7600789473684211,10.549246188515491,5,0.0,10.486283307577722,0,5,0,0,lead,CCOc1ccccc1-c1cc2c(NC(CO)c3ccccc3)ncnc2[nH]1,COc1ccccc1-c1cc2c(NC(CO)c3ccccc3)ncnc2[nH]1,2,COc1ccccc1-c1cc2c(NC(CO)c3ccccc3)ncnc2[nH]1 -> CCOc1ccccc1-c1cc2c(NC(CO)c3ccccc3)ncnc2[nH]1 -> CCOc1cc(C)ccc1-c1cc2c(NC(CO)c3ccccc3)ncnc2[nH]1,2,append_methyl,append_group,append_group,late_stage_diversification,append_group_scan,0.74,0.63,0.64,True,0.8245614035087719,0.7038365476338885,0.573,0.8355589567746752,0.6902839078638277,True,,False,True,0,0,0.6586620646201451,Afatinib,reference_ligand,,,,,,9.33730942934638,0.487358116928423,10.490719978033283,9.52085324524955,0.0,,,,,False,False,False,False,0,COc1ccccc1-c1cc2c(NC(CO)c3ccccc3)ncnc2[nH]1,11.8806064083458,Afatinib,CN(C)CCOC1=CC2=C(NC3=CC=CC=C3F)N=CN=C2C=C1,0.4750058397570661,0.7103930131004367,0.8033512953567948,85.2890935419371,0.7586446360549022,0.6586620646201451,reference_ligand,-8.466,1,0.0,0.0,5,0.6931999999999998,ok,D:\ONCS 2026\egfr-drug-discovery-ml\reports\vina_poses\optimized_candidates\row_019_rank_005_docked.pdbqt,0.6811117226170507,consensus_vina_reference,10.99711709954051,21,3,4,0,2,7,ALA743;ASP800;ASP855;LEU718;LYS745;MET793;VAL726,ASP855;LYS745;LEU718;VAL726;MET793;ALA743,0.9066666666666666,True,"hbond:3;salt:2;key:ALA743,ASP800,ASP855,LEU718,LYS745,MET793,VAL726",11.54111709954051,11
COC(C)(C)COc1cnccc1-c1[nH]c2c(c1Nc1cc(C)c(F)c(C#N)c1C)C(=O)NCC2,9.076363770506717,0.0610975222495545,0.4607302827528314,477.5400000000003,4.537620000000002,112.06,3,6,4,7,0.3461538461538461,0,0.0,3.350266666666669,False,,0,,0,,0,,0.7125,0.6790853658536585,0.9619733924611972,0.1441441441441441,Osimertinib,0.2875,0.8558558558558559,0.851322677051991,0.5745452452576469,1.0,0.935444008309862,0.5745452452576469,0.8403279826548748,1.0,0.425454754742353,0.5745452452576469,0.0146595925294881,8.984717487132386,-0.0071943326317843,-0.0,0.626625104872056,9.60414825937266,0.0,0.0,0.0,0.1568184434279413,0.0,0.1568184434279413,0.0,low,,9.447329815944718,True,pass,False,,0.9065420560747663,0.9626168224299064,0.6204569055036345,0.1536863966770509,0.90134994807892,0.909657320872274,0.8161993769470405,0.8660436137071651,0.7242731048805815,0.7997923156801662,10.473275985229357,13,0.0,10.407080594760917,0,11,0,2,lead,COC(C)(C)COc1cnccc1-c1[nH]c2c(c1Nc1ccc(F)c(C#N)c1C)C(=O)NCC2,COC(C)(C)COc1cnccc1-c1[nH]c2c(c1Nc1cccc(F)c1C)C(=O)NCC2,3,COC(C)(C)COc1cnccc1-c1[nH]c2c(c1Nc1cccc(F)c1C)C(=O)NCC2 -> COC(C)(C)COc1cnccc1-c1[nH]c2c(c1Nc1ccc(F)c(F)c1C)C(=O)NCC2 -> COC(C)(C)COc1cnccc1-c1[nH]c2c(c1Nc1ccc(F)c(C#N)c1C)C(=O)NCC2 -> COC(C)(C)COc1cnccc1-c1[nH]c2c(c1Nc1cc(C)c(F)c(C#N)c1C)C(=O)NCC2,3,append_methyl,append_group,append_group,late_stage_diversification,append_group_scan,0.74,0.63,0.64,True,0.8205128205128205,0.7148156814256091,0.573,0.8270772917979582,0.6902839078638277,True,,False,True,0,0,0.5764437321893159,Sunvozertinib,reference_ligand,,,,,,9.64492553317416,0.5102437252597349,10.698916496302727,9.748407601490852,0.0,,,,,False,False,False,False,0,COC(C)(C)COc1cnccc1-c1[nH]c2c(c1Nc1cccc(F)c1C)C(=O)NCC2,11.773919064323731,Sunvozertinib,C=CC(=O)Nc1cc2ncnc(Nc3ccc(F)c(Cl)c3)c2cn1,0.36380524051623,0.6597517730496454,0.6043361740717682,92.27651619418074,0.785177234337411,0.5764437321893159,reference_ligand,-9.269,1,0.0,0.0,5,0.8538,ok,D:\ONCS 2026\egfr-drug-discovery-ml\reports\vina_poses\optimized_candidates\row_040_rank_011_docked.pdbqt,0.7567253062662607,consensus_vina_reference,10.974624574460613,25,5,5,0,3,6,ALA743;ASP855;LEU718;LYS745;MET793;VAL726,ASP855;LYS745;VAL726;LEU718;ALA743;MET793,0.9333333333333332,True,"hbond:5;salt:3;key:ALA743,ASP855,LEU718,LYS745,MET793,VAL726",11.534624574460613,12
CCOc1cc(C#N)ccc1-c1cc2c(NC(CO)c3ccccc3)ncnc2[nH]1,9.342103503175382,0.0736715218639378,0.4329281019502228,399.45400000000006,4.0407800000000025,106.85,3,6,4,7,0.1739130434782608,0,0.0,3.179693333333334,False,,0,,0,,0,,0.7704918032786885,0.6864847242921013,0.975426771440184,0.1954022988505747,Afatinib,0.2295081967213115,0.8045977011494253,0.908955810489089,0.5658145586367251,1.0,0.9327195038674944,0.5658145586367251,0.8518724682483272,1.0,0.4341854413632748,0.5658145586367251,0.0761111229876825,9.231596220379476,-0.0266345937019511,-0.0,0.5885146917294637,9.793476318406988,0.0,0.0,0.0,0.1677318017040935,0.0,0.1677318017040935,0.0,low,,9.625744516702897,True,pass,False,,0.9957894736842106,0.5868421052631579,0.588421052631579,0.0726315789473684,0.8689473684210526,0.7863157894736842,0.8136842105263158,0.8505263157894737,0.6682631578947369,0.7422894736842105,10.595392107880672,3,0.0,10.516491885123948,0,3,0,0,lead,CCOc1ccccc1-c1cc2c(NC(CO)c3ccccc3)ncnc2[nH]1,COc1ccccc1-c1cc2c(NC(CO)c3ccccc3)ncnc2[nH]1,2,COc1ccccc1-c1cc2c(NC(CO)c3ccccc3)ncnc2[nH]1 -> CCOc1ccccc1-c1cc2c(NC(CO)c3ccccc3)ncnc2[nH]1 -> CCOc1cc(C#N)ccc1-c1cc2c(NC(CO)c3ccccc3)ncnc2[nH]1,2,decorate_cyano,scaffold_decoration,scaffold_decoration,scaffold_decoration,snar_cyano_diversification,0.77,0.76,0.74,True,0.7704918032786885,0.6975098752145082,0.893,0.8883660785843702,0.6982605048583755,True,,False,True,0,0,0.6377653182712295,Dacomitinib,reference_ligand,,,,,,9.33730942934638,0.487358116928423,10.490719978033283,9.52085324524955,0.0,,,,,False,False,False,False,0,COc1ccccc1-c1cc2c(NC(CO)c3ccccc3)ncnc2[nH]1,11.943444783078451,Dacomitinib,COc1cc2ncnc(Nc3ccc(F)c(Cl)c3)c2cc1OCCCN1CCOCC1,0.4887271981963517,0.6732072275550536,0.65746310565026,97.26237586223472,0.8023069290457747,0.6377653182712295,reference_ligand,-8.276,1,0.0,0.0,5,0.6552,ok,D:\ONCS 2026\egfr-drug-discovery-ml\reports\vina_poses\optimized_candidates\row_012_rank_003_docked.pdbqt,0.6490978613949303,consensus_vina_reference,11.003315281170146,20,5,2,0,1,7,ALA743;ASP800;ASP855;LEU718;LYS745;MET793;VAL726,LEU718;VAL726;LYS745;ASP855;ALA743;MET793,0.8533333333333334,True,"hbond:5;salt:1;key:ALA743,ASP800,ASP855,LEU718,LYS745,MET793,VAL726",11.515315281170146,13
C#COCC(Nc1ncnc2[nH]c(-c3ccccc3OCC)cc12)c1ccccc1,9.331308546958905,0.0739864811297439,0.4178865792937883,398.4660000000002,4.784100000000003,72.06,2,5,4,8,0.1666666666666666,0,0.0,3.273106666666668,False,,0,,0,,0,,0.75,0.6874340175953079,0.977152759264196,0.2023809523809523,Afatinib,0.25,0.7976190476190477,0.9060365999489056,0.5539489006628655,1.0,0.9322693313529088,0.5539489006628655,0.84806370799117,1.0,0.4460510993371345,0.5539489006628655,0.0772971892769806,9.22032882526429,-0.0564127540395452,-0.0,0.5960739041017633,9.759989975326508,0.0,0.0,0.0,0.1825638741714181,0.0,0.1825638741714181,0.0,low,,9.577426101155089,True,pass,False,,0.995846313603323,0.8400830737279336,0.7902388369678089,0.0721703011422637,0.9231568016614744,0.8265835929387332,0.8161993769470405,0.8089304257528557,0.7491173416407062,0.8080477673935618,10.658930785295354,4,0.0,10.547083422027365,0,4,0,0,lead,CCOc1ccccc1-c1cc2c(NC(COC#N)c3ccccc3)ncnc2[nH]1,COc1ccccc1-c1cc2c(NC(CO)c3ccccc3)ncnc2[nH]1,3,COc1ccccc1-c1cc2c(NC(CO)c3ccccc3)ncnc2[nH]1 -> CCOc1ccccc1-c1cc2c(NC(CO)c3ccccc3)ncnc2[nH]1 -> CCOc1ccccc1-c1cc2c(NC(COC#N)c3ccccc3)ncnc2[nH]1 -> C#COCC(Nc1ncnc2[nH]c(-c3ccccc3OCC)cc12)c1ccccc1,3,nitrile_to_terminal_alkyne,mmp,matched_molecular_pair,matched_molecular_pair,bioisostere_swap,0.72,0.7,0.68,True,0.8333333333333334,0.6840277873937111,0.8600000000000001,0.8726920040053622,0.6756125391789353,True,,False,True,0,0,0.6345325795390498,Afatinib,reference_ligand,,,,,,9.33730942934638,0.487358116928423,10.490719978033283,9.52085324524955,0.0,,,,,False,False,False,False,0,COc1ccccc1-c1cc2c(NC(CO)c3ccccc3)ncnc2[nH]1,11.967480071361775,Afatinib,CN(C)CCOC1=CC2=C(NC3=CC=CC=C3F)N=CN=C2C=C1,0.4251749805577158,0.6722290532232567,0.7771522597450714,91.77671846463863,0.7833802950007347,0.6345325795390498,reference_ligand,-9.109,1,0.0,0.0,5,0.8218,ok,D:\ONCS 2026\egfr-drug-discovery-ml\reports\vina_poses\optimized_candidates\row_008_rank_004_docked.pdbqt,0.7562564028386675,consensus_vina_reference,11.114275724156366,5,2,3,0,0,6,ALA743;ASP855;LEU718;LYS745;MET793;VAL726,LEU718;MET793;ASP855;LYS745;ALA743;VAL726,0.6666666666666666,True,"hbond:2;key:ALA743,ASP855,LEU718,LYS745,MET793,VAL726",11.514275724156366,14
C#COCC(Nc1ncnc2[nH]c(-c3ccccc3OC)cc12)c1ccccc1,9.080887848582057,0.0205836583013181,0.4623943998062069,384.43900000000014,4.394000000000003,72.06,2,5,4,7,0.1304347826086956,0,0.0,3.0795933333333347,False,,0,,0,,0,,0.7457627118644068,0.6943716270343199,0.9897665946078542,0.231578947368421,Erlotinib,0.2542372881355932,0.7684210526315789,0.8808134013345915,0.5858710224575163,1.0,0.9344302091137856,0.5858710224575163,0.8502786582264734,1.0,0.4141289775424837,0.5858710224575163,0.0407129908108243,9.05001236113008,0.0134988780670762,-0.0,0.5923747441024542,9.65588598329961,0.0,0.0,0.0,0.1426612219281046,0.0,0.1426612219281046,0.0,low,,9.513224761371506,True,pass,False,,0.937365010799136,0.8822894168466523,0.9330453563714904,0.0215982721382289,0.9654427645788336,0.8984881209503239,0.8612311015118791,0.9848812095032398,0.742548596112311,0.8307775377969762,10.546944298634385,2,0.0,10.510157806727875,0,2,0,0,lead,C#COCC(Nc1ncnc2[nH]c(-c3ccccc3OCC)cc12)c1ccccc1,COc1ccccc1-c1cc2c(NC(CO)c3ccccc3)ncnc2[nH]1,4,COc1ccccc1-c1cc2c(NC(CO)c3ccccc3)ncnc2[nH]1 -> CCOc1ccccc1-c1cc2c(NC(CO)c3ccccc3)ncnc2[nH]1 -> CCOc1ccccc1-c1cc2c(NC(COC#N)c3ccccc3)ncnc2[nH]1 -> C#COCC(Nc1ncnc2[nH]c(-c3ccccc3OCC)cc12)c1ccccc1 -> C#COCC(Nc1ncnc2[nH]c(-c3ccccc3OC)cc12)c1ccccc1,4,phenetole_to_anisole,mmp,matched_molecular_pair,matched_molecular_pair,late_stage_alkoxy_tuning,0.78,0.76,0.74,True,0.847457627118644,0.7034617298197823,0.8600000000000001,0.8969870400633014,0.6809134438286149,True,,False,True,0,0,0.6531289874216061,Afatinib,reference_ligand,,,,,,9.33730942934638,0.487358116928423,10.490719978033283,9.52085324524955,0.0,,,,,False,False,False,False,0,COc1ccccc1-c1cc2c(NC(CO)c3ccccc3)ncnc2[nH]1,11.965127223769528,Afatinib,CN(C)CCOC1=CC2=C(NC3=CC=CC=C3F)N=CN=C2C=C1,0.453524713508508,0.688939687005451,0.7732574243129126,98.96051399455196,0.8078236617198221,0.6531289874216061,reference_ligand,-8.914,1,0.0,0.0,5,0.7827999999999999,ok,D:\ONCS 2026\egfr-drug-discovery-ml\reports\vina_poses\optimized_candidates\row_013_rank_002_docked.pdbqt,0.737415145597562,consensus_vina_reference,11.063219165926046,9,2,7,0,0,6,ALA743;ASP855;LEU718;LYS745;MET793;VAL726,LEU718;MET793;ASP855;VAL726;ALA743;LYS745,0.7466666666666667,True,"hbond:2;key:ALA743,ASP855,LEU718,LYS745,MET793,VAL726",11.511219165926047,15
CCOc1cnccc1-c1[nH]c2c(c1Nc1ccc(F)c(OC)c1C)C(=O)NCC2,8.954771338019206,0.1210128943555977,0.5725111317225098,410.4490000000002,3.961020000000001,88.27000000000001,3,5,4,6,0.2727272727272727,0,0.0,2.802993333333335,False,,0,,0,,0,,0.726027397260274,0.7043908753742928,1.0,0.18,Osimertinib,0.273972602739726,0.8200000000000001,0.7789838084558831,0.6570736865499445,1.0,0.955,0.6570736865499445,0.8477643737514569,1.0,0.3429263134500555,0.6570736865499445,-0.0917074203940984,8.77325199648581,0.1793348589952368,-0.0,0.6192876712328768,9.571874526713923,0.0,0.0,0.0315193415333966,0.0536578918125694,0.0,0.0851772333459661,0.0,low,,9.486697293367955,True,pass,False,,0.7580477673935618,0.995846313603323,0.995846313603323,0.1121495327102803,0.968847352024922,0.9979231568016614,0.8161993769470405,0.6022845275181724,0.7120976116303219,0.7960020768431983,10.42639166067031,15,0.0,10.441899785579794,0,7,0,8,lead,COc1c(F)ccc(Nc2c(-c3ccncc3OCC(C)(C)OC)[nH]c3c2C(=O)NCC3)c1C,COC(C)(C)COc1cnccc1-c1[nH]c2c(c1Nc1cccc(F)c1C)C(=O)NCC2,3,COC(C)(C)COc1cnccc1-c1[nH]c2c(c1Nc1cccc(F)c1C)C(=O)NCC2 -> COC(C)(C)COc1cnccc1-c1[nH]c2c(c1Nc1ccc(F)c(F)c1C)C(=O)NCC2 -> COc1c(F)ccc(Nc2c(-c3ccncc3OCC(C)(C)OC)[nH]c3c2C(=O)NCC3)c1C -> CCOc1cnccc1-c1[nH]c2c(c1Nc1ccc(F)c(OC)c1C)C(=O)NCC2,3,methoxy_to_ethoxy,williamson,reaction_transform,williamson,o_alkylation,0.83,0.79,0.82,True,0.8309859154929577,0.7567888270386223,0.744,0.9054435845747912,0.7373522057775284,True,,False,True,0,0,0.6094961835343233,Osimertinib,reference_ligand,,,,,,9.64492553317416,0.5102437252597349,10.698916496302727,9.748407601490852,0.0,,,,,False,False,False,False,0,COC(C)(C)COc1cnccc1-c1[nH]c2c(c1Nc1cccc(F)c1C)C(=O)NCC2,11.909128898363011,Osimertinib,COc1cc2ncnc(Nc3ccc(F)c(Cl)c3)c2cc1NC(=O)C=C,0.4445785776997366,0.6574164232392081,0.7197797527187032,75.06759325329094,0.7138177845913329,0.6094961835343233,reference_ligand,-8.69,1,0.0,0.0,5,0.7379999999999999,ok,D:\ONCS 2026\egfr-drug-discovery-ml\reports\vina_poses\optimized_candidates\row_027_rank_007_docked.pdbqt,0.6930236642370131,consensus_vina_reference,10.961667533757554,28,5,4,0,3,6,ALA743;ASP855;LEU718;LYS745;MET793;VAL726,ASP855;LYS745;VAL726;ALA743;GLU762;LEU718,0.9066666666666666,True,"hbond:5;salt:3;key:ALA743,ASP855,LEU718,LYS745,MET793,VAL726",11.505667533757554,16
C#Cc1ccc(OCC)c(-c2cc3c(NC(CO)c4ccccc4)ncnc3[nH]2)c1,9.381399397620676,0.0359676118101846,0.4074813650153291,398.46600000000007,4.150400000000002,83.06,3,5,4,7,0.1666666666666666,0,0.0,3.1731066666666674,False,,0,,0,,0,,0.7704918032786885,0.6712663667789677,0.9477570305072138,0.2093023255813953,Afatinib,0.2295081967213115,0.7906976744186046,0.9451725211380396,0.5520721866558669,1.0,0.9084921914850616,0.5520721866558669,0.851434224819742,1.0,0.4479278133441331,0.5520721866558669,0.1249843950910635,9.3274479799054,-0.0518179683180043,-0.0,0.577427248476975,9.853057260064368,0.0,0.0,0.0,0.1849097666801664,0.0,0.1849097666801664,0.0,low,,9.668147493384202,True,pass,False,,0.9979231568016614,0.6967808930425753,0.9574247144340602,0.0347871235721703,0.8743509865005192,0.7762201453790238,0.8161993769470405,0.9511941848390446,0.7389927310488058,0.7973520249221184,10.739848537322937,2,0.0,10.624969923290744,0,3,1,0,lead,CCOc1ccc(C#N)cc1-c1cc2c(NC(CO)c3ccccc3)ncnc2[nH]1,COc1ccccc1-c1cc2c(NC(CO)c3ccccc3)ncnc2[nH]1,3,COc1ccccc1-c1cc2c(NC(CO)c3ccccc3)ncnc2[nH]1 -> CCOc1ccccc1-c1cc2c(NC(CO)c3ccccc3)ncnc2[nH]1 -> CCOc1ccc(C#N)cc1-c1cc2c(NC(CO)c3ccccc3)ncnc2[nH]1 -> C#Cc1ccc(OCC)c(-c2cc3c(NC(CO)c4ccccc4)ncnc3[nH]2)c1,3,nitrile_to_terminal_alkyne,mmp,matched_molecular_pair,matched_molecular_pair,bioisostere_swap,0.72,0.7,0.68,True,0.8412698412698413,0.6909391381174185,0.8600000000000001,0.8800402904347823,0.6756125391789353,True,,False,True,0,0,0.6676429196871341,Afatinib,reference_ligand,,,,,,9.33730942934638,0.487358116928423,10.490719978033283,9.52085324524955,0.0,,,,,False,False,False,False,0,COc1ccccc1-c1cc2c(NC(CO)c3ccccc3)ncnc2[nH]1,12.063107415439616,Afatinib,CN(C)CCOC1=CC2=C(NC3=CC=CC=C3F)N=CN=C2C=C1,0.4946914012367285,0.7459535538353272,0.7339495663830526,94.8164078324274,0.7940812208424125,0.6676429196871341,reference_ligand,-8.463,1,0.0,0.0,5,0.6925999999999999,ok,D:\ONCS 2026\egfr-drug-discovery-ml\reports\vina_poses\optimized_candidates\row_004_rank_003_docked.pdbqt,0.6838650218904968,consensus_vina_reference,11.137868689708617,4,1,4,0,0,7,ALA743;ASP800;ASP855;LEU718;LYS745;MET793;VAL726,ASP855;LEU718;VAL726;LYS745;MET793;LEU788,0.6,True,"hbond:1;key:ALA743,ASP800,ASP855,LEU718,LYS745,MET793,VAL726",11.497868689708616,17
CCOc1cc(C#N)ccc1-c1cc2c(N[C@H](CO)c3ccccc3)ncnc2[nH]1,9.342103503175382,0.0736715218639393,0.4329281019502228,399.45400000000006,4.0407800000000025,106.85,3,6,4,7,0.1739130434782608,0,0.0,3.179693333333334,False,,0,,0,,0,,0.7704918032786885,0.6864847242921013,0.975426771440184,0.1954022988505747,Afatinib,0.2295081967213115,0.8045977011494253,0.908955810489088,0.5658145586367251,1.0,0.9327195038674944,0.5658145586367251,0.8518724682483269,1.0,0.4341854413632748,0.5658145586367251,0.0761111229876814,9.231596220379473,-0.0266345937019511,-0.0,0.5885146917294637,9.793476318406984,0.0,0.0,0.0,0.1677318017040935,0.0,0.1677318017040935,0.0,low,,9.625744516702891,True,pass,False,,0.9915343915343916,0.3,0.2523809523809524,0.3174603174603174,0.6613756613756614,0.6888888888888889,0.8296296296296296,0.8666666666666667,0.6075396825396825,0.6607671957671958,10.522523937454604,6,0.0,10.418665151623529,0,13,7,0,lead,CCOc1ccccc1-c1cc2c(N[C@H](CO)c3ccccc3)ncnc2[nH]1,CCOc1ccccc1-c1cc2c(N[C@H](CO)c3ccccc3)ncnc2[nH]1,1,CCOc1ccccc1-c1cc2c(N[C@H](CO)c3ccccc3)ncnc2[nH]1 -> CCOc1cc(C#N)ccc1-c1cc2c(N[C@H](CO)c3ccccc3)ncnc2[nH]1,1,decorate_cyano,scaffold_decoration,scaffold_decoration,scaffold_decoration,snar_cyano_diversification,0.77,0.76,0.74,True,0.7704918032786885,0.6975098752145082,0.893,0.8967794491603727,0.6982605048583755,True,,False,True,0,0,0.701310413256143,Afatinib,reference_ligand,9.6213947221666,0.4521900852216164,10.64509070761073,9.696207052989768,0.0,9.6213947221666,0.4521900852216164,10.64509070761073,9.696207052989768,0.0,-0.2792912189912186,-0.0192619832713935,-0.2264255559872037,-0.0704625362868771,False,False,False,False,0,CCOc1ccccc1-c1cc2c(N[C@H](CO)c3ccccc3)ncnc2[nH]1,11.868861574421611,Afatinib,CN(C)CCOC1=CC2=C(NC3=CC=CC=C3F)N=CN=C2C=C1,0.5132312804082118,0.7601054481546573,0.8426301405483306,97.94071444398072,0.8045293894906851,0.701310413256143,reference_ligand,-8.599,1,0.0,0.0,5,0.7198,ok,D:\ONCS 2026\egfr-drug-discovery-ml\reports\vina_poses\optimized_candidates\row_035_rank_013_docked.pdbqt,0.7133286446396501,consensus_vina_reference,10.953661635103266,31,4,4,0,2,7,ALA743;ASP800;ASP855;LEU718;LYS745;MET793;VAL726,ASP855;LYS745;LEU718;MET793;ALA743;VAL726,0.9066666666666666,True,"hbond:4;salt:2;key:ALA743,ASP800,ASP855,LEU718,LYS745,MET793,VAL726",11.497661635103267,18
[2H]C([2H])([2H])Oc1cc(C)ccc1-c1cc2c(N[C@H](CO)c3ccccc3)ncnc2[nH]1,9.183692527129926,0.0677958601826752,0.4714033281284183,377.462305334,4.0874200000000025,83.06,3,5,4,6,0.1818181818181818,0,0.0,2.93308203556,False,,0,,0,,0,,0.8275862068965517,0.7509140667761357,1.0,0.2087912087912088,Osimertinib,0.1724137931034483,0.7912087912087912,0.8734660296546088,0.5964609829490917,1.0,0.9478021978021978,0.5964609829490917,0.8544323026014746,1.0,0.4035390170509083,0.5964609829490917,0.0253783027375124,9.081998736855914,0.0496228409762365,-0.0,0.564948844259189,9.69657042209134,0.0,0.0,0.0,0.1294237713136354,0.0,0.1294237713136354,0.0,low,,9.567146650777705,True,pass,False,,0.9216931216931216,0.4989417989417989,0.5502645502645502,0.0947089947089947,0.8592592592592593,0.8714285714285714,0.8296296296296296,0.891005291005291,0.616031746031746,0.7164285714285715,10.435808517329436,15,0.0,10.426860936491993,0,12,0,3,lead,[2H]C([2H])([2H])Oc1ccccc1-c1cc2c(N[C@H](CO)c3ccccc3)ncnc2[nH]1,[2H]C([2H])([2H])Oc1ccccc1-c1cc2c(N[C@H](CO)c3ccccc3)ncnc2[nH]1,1,[2H]C([2H])([2H])Oc1ccccc1-c1cc2c(N[C@H](CO)c3ccccc3)ncnc2[nH]1 -> [2H]C([2H])([2H])Oc1cc(C)ccc1-c1cc2c(N[C@H](CO)c3ccccc3)ncnc2[nH]1,1,append_methyl,append_group,append_group,late_stage_diversification,append_group_scan,0.74,0.63,0.64,True,0.8275862068965517,0.7208751978083721,0.573,0.8439285538719571,0.6902839078638277,True,,False,True,0,0,0.6839681730891992,Afatinib,reference_ligand,9.386549939172664,0.4855433472748625,10.549651298502416,9.57922670295292,0.0,9.386549939172664,0.4855433472748625,10.549651298502416,9.57922670295292,0.0,-0.2028574120427375,-0.0141400191464441,-0.1227903620104253,-0.0120800521752144,False,False,False,False,0,[2H]C([2H])([2H])Oc1ccccc1-c1cc2c(N[C@H](CO)c3ccccc3)ncnc2[nH]1,11.838009459402944,Afatinib,CN(C)CCOC1=CC2=C(NC3=CC=CC=C3F)N=CN=C2C=C1,0.5051232007806783,0.7244576627011896,0.8137716342936036,96.0039501721994,0.7981167736680125,0.6839681730891992,reference_ligand,-8.517,1,0.0,0.0,5,0.7033999999999999,ok,D:\ONCS 2026\egfr-drug-discovery-ml\reports\vina_poses\optimized_candidates\row_030_rank_012_docked.pdbqt,0.6965988605812197,consensus_vina_reference,10.949310081927909,32,3,4,0,2,6,ALA743;ASP855;LEU718;LYS745;MET793;VAL726,ASP855;LYS745;LEU718;VAL726;MET793;ALA743,0.9066666666666666,True,"hbond:3;salt:2;key:ALA743,ASP855,LEU718,LYS745,MET793,VAL726",11.493310081927909,19
CC(Nc1ncnc2[nH]c(-c3ccc(CO)cc3O)cc12)c1ccccc1,9.16692333454908,0.06052052198879,0.4315961143710816,360.4170000000001,3.9959000000000016,94.06,4,5,4,5,0.1428571428571428,0,0.0,2.7194466666666672,False,,0,,0,,0,,0.7894736842105263,0.6951913326292671,0.9912569684168492,0.2025316455696202,Afatinib,0.2105263157894736,0.7974683544303798,0.8743664682451171,0.5827837603399924,1.0,0.9428098149202316,0.5827837603399924,0.8499900108763353,1.0,0.4172162396600076,0.5827837603399924,0.0325019431583757,9.076142551565896,0.0379648286567957,-0.0,0.5817915905385894,9.69589897076128,0.0,0.0,0.0,0.1465202995750095,0.0,0.1465202995750095,0.0,low,,9.549378671186272,True,pass,False,,0.9185185185185184,0.2899470899470899,0.6518518518518519,0.2264550264550264,0.7037037037037037,0.8021164021164021,0.8296296296296296,0.908994708994709,0.6143915343915344,0.6858730158730157,10.433168812031122,17,0.0,10.372426290233893,0,18,1,0,lead,COc1cc(CO)ccc1-c1cc2c(NC(C)c3ccccc3)ncnc2[nH]1,COc1cc(CO)ccc1-c1cc2c(NC(C)c3ccccc3)ncnc2[nH]1,1,COc1cc(CO)ccc1-c1cc2c(NC(C)c3ccccc3)ncnc2[nH]1 -> CC(Nc1ncnc2[nH]c(-c3ccc(CO)cc3O)cc12)c1ccccc1,1,anisole_to_phenol,mmp,matched_molecular_pair,matched_molecular_pair,demethylation,0.82,0.77,0.75,True,0.7894736842105263,0.7203826736958593,0.8600000000000001,0.9074226528483512,0.6990024669323672,True,,False,True,0,0,0.7028088133804978,Afatinib,reference_ligand,9.481133391168196,0.468660740099691,10.493658403040255,9.54718843465248,0.0,9.481133391168196,0.468660740099691,10.493658403040255,9.54718843465248,0.0,-0.3142100566191157,-0.0370646257286094,-0.1212321128063642,0.0021902365337922,False,False,False,True,1,COc1cc(CO)ccc1-c1cc2c(NC(C)c3ccccc3)ncnc2[nH]1,11.8407468102724,Afatinib,CN(C)CCOC1=CC2=C(NC3=CC=CC=C3F)N=CN=C2C=C1,0.5423924180327868,0.7422011917280056,0.8102698020513696,99.61516556804196,0.8099090732525894,0.7028088133804978,reference_ligand,-8.96,1,0.0,0.0,5,0.7920000000000001,ok,D:\ONCS 2026\egfr-drug-discovery-ml\reports\vina_poses\optimized_candidates\row_049_rank_018_docked.pdbqt,0.7607830846831743,consensus_vina_reference,10.943013603746271,33,3,4,0,2,6,ALA743;ASP855;LEU718;LYS745;MET793;VAL726,ASP855;LYS745;MET793;LEU718;VAL726;ALA743,0.9066666666666666,True,"hbond:3;salt:2;key:ALA743,ASP855,LEU718,LYS745,MET793,VAL726",11.487013603746272,20
C#Cc1c(F)ccc(Nc2c(-c3ccncc3OCC(C)(C)F)[nH]c3c2C(=O)NCC3)c1C,8.94539662706911,0.062862285287826,0.4774551850309674,450.4890000000002,4.661920000000003,79.04,3,4,4,6,0.28,0,0.0,3.069926666666668,False,,0,,0,,0,,0.6625,0.6228890824622532,0.8597983317495511,0.1495327102803738,Osimertinib,0.3375,0.8504672897196262,0.8173455570657993,0.5945262492029295,1.0,0.8574655712420699,0.5945262492029295,0.8173343443776997,1.0,0.4054737507970705,0.5945262492029295,1.4950250799450338e-05,8.851103199137372,0.0449661850309673,-0.0,0.6219647698532756,9.518034154021615,0.0,0.0,0.0,0.1318421884963381,0.0,0.1318421884963381,0.0,low,,9.386191965525278,True,pass,False,,0.8185745140388769,0.908207343412527,0.9341252699784016,0.2532397408207343,0.7710583153347732,0.9244060475161988,0.8612311015118791,0.8876889848812095,0.7407667386609071,0.8005939524838013,10.406954240414704,13,0.0,10.34690470850584,0,7,0,6,lead,C#Cc1c(F)ccc(Nc2c(-c3ccncc3OCC(C)(C)OC)[nH]c3c2C(=O)NCC3)c1C,COC(C)(C)COc1cnccc1-c1[nH]c2c(c1Nc1cccc(F)c1C)C(=O)NCC2,4,COC(C)(C)COc1cnccc1-c1[nH]c2c(c1Nc1cccc(F)c1C)C(=O)NCC2 -> COC(C)(C)COc1cnccc1-c1[nH]c2c(c1Nc1ccc(F)c(F)c1C)C(=O)NCC2 -> COC(C)(C)COc1cnccc1-c1[nH]c2c(c1Nc1ccc(F)c(C#N)c1C)C(=O)NCC2 -> C#Cc1c(F)ccc(Nc2c(-c3ccncc3OCC(C)(C)OC)[nH]c3c2C(=O)NCC3)c1C -> C#Cc1c(F)ccc(Nc2c(-c3ccncc3OCC(C)(C)F)[nH]c3c2C(=O)NCC3)c1C,4,alcohol_fluorination,functional_group_swap,reaction_transform,functional_group_swap,halogen_exchange,0.74,0.66,0.7,True,0.8648648648648649,0.7273027246941705,0.835,0.8914322511688254,0.7543213928155906,True,,False,True,0,0,0.613307678530919,Osimertinib,reference_ligand,,,,,,9.64492553317416,0.5102437252597349,10.698916496302727,9.748407601490852,0.0,,,,,False,False,False,False,0,COC(C)(C)COc1cnccc1-c1[nH]c2c(c1Nc1cccc(F)c1C)C(=O)NCC2,11.810402439562589,Osimertinib,COc1cc2ncnc(Nc3ccc(F)c(Cl)c3)c2cc1NC(=O)C=C,0.4014290027171178,0.648934439564015,0.7260348088731805,93.9984291540529,0.7912547115699551,0.613307678530919,reference_ligand,-9.096,1,0.0,0.0,5,0.8192,ok,D:\ONCS 2026\egfr-drug-discovery-ml\reports\vina_poses\optimized_candidates\row_060_rank_007_docked.pdbqt,0.7471376874858218,consensus_vina_reference,10.907257974120206,41,6,7,0,2,6,ALA743;ASP855;LEU718;LYS745;MET793;VAL726,ASP855;LYS745;VAL726;LEU718;MET793;ALA743,0.9600000000000001,True,"hbond:6;salt:2;key:ALA743,ASP855,LEU718,LYS745,MET793,VAL726",11.483257974120207,21
COc1c(F)ccc(Nc2c(-c3ccncc3OCCF)[nH]c3c2C(=O)NCC3)c1C,9.056823921569238,0.1214238435217976,0.5311294204652879,428.43900000000025,3.9106200000000015,88.27,3,5,4,7,0.2727272727272727,0,0.0,3.0229266666666685,False,,0,,0,,0,,0.7534246575342466,0.7152452408040008,1.0,0.1941747572815534,Gefitinib,0.2465753424657534,0.8058252427184466,0.8042092899270512,0.625854770999498,1.0,0.9514563106796116,0.625854770999498,0.8453800929015403,1.0,0.3741452290005019,0.625854770999498,-0.0548944039659853,8.874688156286542,0.1049631477380148,-0.0,0.602706476925123,9.58235778094968,0.0,0.0,0.0321357652826965,0.0926815362506274,0.0,0.1248173015333239,0.0,low,,9.457540479416355,True,pass,False,,0.8836967808930426,0.9927310488058152,0.9844236760124612,0.0685358255451713,0.968847352024922,0.9543094496365524,0.8161993769470405,0.6002076843198338,0.7575804776739355,0.8232606438213915,10.491454354158405,12,0.0,10.445453252002023,0,6,0,6,lead,COc1c(F)ccc(Nc2c(-c3ccncc3OCC(C)(C)OC)[nH]c3c2C(=O)NCC3)c1C,COC(C)(C)COc1cnccc1-c1[nH]c2c(c1Nc1cccc(F)c1C)C(=O)NCC2,3,COC(C)(C)COc1cnccc1-c1[nH]c2c(c1Nc1cccc(F)c1C)C(=O)NCC2 -> COC(C)(C)COc1cnccc1-c1[nH]c2c(c1Nc1ccc(F)c(F)c1C)C(=O)NCC2 -> COc1c(F)ccc(Nc2c(-c3ccncc3OCC(C)(C)OC)[nH]c3c2C(=O)NCC3)c1C -> COc1c(F)ccc(Nc2c(-c3ccncc3OCCF)[nH]c3c2C(=O)NCC3)c1C,3,hydroxymethyl_to_fluoromethyl,mmp,matched_molecular_pair,matched_molecular_pair,bioisostere_swap,0.73,0.72,0.7,True,0.8082191780821918,0.7341601195626954,0.8600000000000001,0.8801618399651978,0.6645141393395212,True,,False,True,0,0,0.5966573510068749,Osimertinib,reference_ligand,,,,,,9.64492553317416,0.5102437252597349,10.698916496302727,9.748407601490852,0.0,,,,,False,False,False,False,0,COC(C)(C)COc1cnccc1-c1[nH]c2c(c1Nc1cccc(F)c1C)C(=O)NCC2,11.86115188373338,Osimertinib,COc1cc2ncnc(Nc3ccc(F)c(Cl)c3)c2cc1NC(=O)C=C,0.4425324675324675,0.6630452407977947,0.6917190143239879,68.9828183720813,0.6832725453846191,0.5966573510068749,reference_ligand,-8.439,1,0.0,0.0,5,0.6878,ok,D:\ONCS 2026\egfr-drug-discovery-ml\reports\vina_poses\optimized_candidates\row_026_rank_006_docked.pdbqt,0.6559000728524061,consensus_vina_reference,10.937378306641328,34,5,4,0,3,6,ALA743;ASP855;LEU718;LYS745;MET793;VAL726,ASP855;LYS745;VAL726;ALA743;MET793;GLU762,0.9066666666666666,True,"hbond:5;salt:3;key:ALA743,ASP855,LEU718,LYS745,MET793,VAL726",11.481378306641329,22
COc1cc(-c2cc3c(NC(C)c4ccccc4)ncnc3[nH]2)c(OC)cc1CO,9.283308630803573,0.0453272255000287,0.4251416065263941,404.4700000000002,4.307500000000004,92.29,3,6,4,7,0.217391304347826,0,0.0,3.2131333333333347,False,,0,,0,,0,,0.7966101694915254,0.7011535357298069,1.0,0.2272727272727272,Osimertinib,0.2033898305084746,0.7727272727272727,0.9140980998508732,0.5602458323074655,1.0,0.943181818181818,0.5602458323074655,0.8543814375850391,1.0,0.4397541676925345,0.5602458323074655,0.0796222163544452,9.21531779255353,-0.0350892630388234,-0.0,0.5733436055469954,9.7535721350617,0.0,0.0,0.0,0.1746927096156681,0.0,0.1746927096156681,0.0,low,,9.578879425446033,True,pass,False,,0.9756613756613756,0.2613756613756614,0.1904761904761904,0.2068783068783068,0.8592592592592593,0.6777777777777778,0.8296296296296296,0.9481481481481482,0.5612698412698414,0.6557142857142858,10.42709594458551,19,0.0,10.365736568303175,0,19,0,0,lead,COc1cc(CO)ccc1-c1cc2c(NC(C)c3ccccc3)ncnc2[nH]1,COc1cc(CO)ccc1-c1cc2c(NC(C)c3ccccc3)ncnc2[nH]1,1,COc1cc(CO)ccc1-c1cc2c(NC(C)c3ccccc3)ncnc2[nH]1 -> COc1cc(-c2cc3c(NC(C)c4ccccc4)ncnc3[nH]2)c(OC)cc1CO,1,decorate_methoxy,scaffold_decoration,scaffold_decoration,scaffold_decoration,late_stage_methoxylation,0.85,0.8,0.79,True,0.7966101694915254,0.6985889473864997,0.893,0.9099337218881732,0.7031654874697928,True,,False,True,0,0,0.6629355142726228,Afatinib,reference_ligand,9.481133391168196,0.468660740099691,10.493658403040255,9.54718843465248,0.0,9.481133391168196,0.468660740099691,10.493658403040255,9.54718843465248,0.0,-0.1978247603646235,-0.0435191335732969,-0.12792183473708,0.0316909907935532,False,False,False,True,1,COc1cc(CO)ccc1-c1cc2c(NC(C)c3ccccc3)ncnc2[nH]1,11.826957750824986,Afatinib,CN(C)CCOC1=CC2=C(NC3=CC=CC=C3F)N=CN=C2C=C1,0.4482758620689655,0.6937882764654418,0.833926423399758,97.16447397026624,0.8019840903017795,0.6629355142726228,reference_ligand,-8.676,1,0.0,0.0,5,0.7352000000000001,ok,D:\ONCS 2026\egfr-drug-discovery-ml\reports\vina_poses\optimized_candidates\row_050_rank_019_docked.pdbqt,0.709907429995418,consensus_vina_reference,10.89816714079974,47,3,6,0,1,6,ALA743;ASP855;LEU718;LYS745;MET793;VAL726,ASP855;LYS745;LEU718;MET793;VAL726;ALA743,0.9600000000000001,True,"hbond:3;salt:1;key:ALA743,ASP855,LEU718,LYS745,MET793,VAL726",11.474167140799741,23
COc1c(F)ccc(Nc2c(-c3ccncc3OCC(C)(C)OC)[nH]c3c2C(=O)NCC3)c1C,9.245622149120155,0.0479450797622067,0.4543927783211902,468.52900000000034,4.366120000000003,97.5,3,6,4,8,0.36,0,0.0,3.390193333333335,False,,0,,0,,0,,0.8472222222222222,0.8034545256874024,1.0,0.173076923076923,Osimertinib,0.1527777777777778,0.8269230769230769,0.9028439814464946,0.5695239767946032,1.0,0.9567307692307692,0.5695239767946032,0.8572746818679667,1.0,0.4304760232053968,0.5695239767946032,0.0607590661047038,9.173704529476847,-0.0181362216788099,-0.0,0.5668269230769231,9.72239523087496,0.0,0.0,0.0,0.163095029006746,0.0,0.163095029006746,0.0,low,,9.559300201868211,True,pass,False,,0.9757894736842104,0.68,0.2273684210526315,0.0084210526315789,0.9557894736842104,0.7926315789473685,0.8136842105263158,0.9357894736842104,0.6108947368421054,0.7213157894736841,10.455468915085484,13,0.0,10.424879149236634,0,8,0,5,lead,COC(C)(C)COc1cnccc1-c1[nH]c2c(c1Nc1ccc(F)c(F)c1C)C(=O)NCC2,COC(C)(C)COc1cnccc1-c1[nH]c2c(c1Nc1cccc(F)c1C)C(=O)NCC2,2,COC(C)(C)COc1cnccc1-c1[nH]c2c(c1Nc1cccc(F)c1C)C(=O)NCC2 -> COC(C)(C)COc1cnccc1-c1[nH]c2c(c1Nc1ccc(F)c(F)c1C)C(=O)NCC2 -> COc1c(F)ccc(Nc2c(-c3ccncc3OCC(C)(C)OC)[nH]c3c2C(=O)NCC3)c1C,2,aryl_f_to_methoxy,snar,reaction_transform,snar,snar_diversification,0.87,0.82,0.88,True,0.8714285714285714,0.7067640194852576,0.913,0.9143122206077976,0.6255226126863359,True,,False,True,0,0,0.5822628246937214,Afatinib,reference_ligand,,,,,,9.64492553317416,0.5102437252597349,10.698916496302727,9.748407601490852,0.0,,,,,False,False,False,False,0,COC(C)(C)COc1cnccc1-c1[nH]c2c(c1Nc1cccc(F)c1C)C(=O)NCC2,11.873502636726904,Afatinib,CN(C)CCOC1=CC2=C(NC3=CC=CC=C3F)N=CN=C2C=C1,0.355260570304818,0.6325280112044818,0.708199753219043,85.40347036778029,0.75910428880932,0.5822628246937214,reference_ligand,-8.279,1,0.0,0.0,5,0.6557999999999999,ok,D:\ONCS 2026\egfr-drug-discovery-ml\reports\vina_poses\optimized_candidates\row_031_rank_008_docked.pdbqt,0.6300619886428025,consensus_vina_reference,10.897425640718737,48,5,7,0,3,6,ALA743;ASP855;LEU718;LYS745;MET793;VAL726,ASP855;MET793;VAL726;LYS745;LEU718;LEU844,0.9600000000000001,True,"hbond:5;salt:3;key:ALA743,ASP855,LEU718,LYS745,MET793,VAL726",11.473425640718737,24
CCOc1ccc(F)cc1-c1cc2c(NC(CO)c3ccccc3)ncnc2[nH]1,9.378855663959245,0.088192228506123,0.4365765311989033,392.434,4.308200000000003,83.06,3,5,4,7,0.1818181818181818,0,0.0,3.132893333333334,False,,0,,0,,0,,0.8421052631578947,0.7471624592947201,1.0,0.2317073170731707,Afatinib,0.1578947368421053,0.7682926829268293,0.9079793560355246,0.5696211947234995,1.0,0.9420731707317074,0.5696211947234995,0.8549184303726829,1.0,0.4303788052765005,0.5696211947234995,0.070747900883789,9.246567321200056,-0.0151756506192785,-0.0,0.5515404364569961,9.782932107037777,0.0,0.0,0.0,0.1629735065956256,0.0,0.1629735065956256,0.0,low,,9.61995860044215,True,pass,False,,0.9978947368421052,0.6457894736842106,0.6442105263157895,0.0147368421052631,0.9557894736842104,0.7968421052631579,0.8136842105263158,0.7989473684210526,0.6777894736842105,0.7587105263157895,10.596279475458829,2,0.0,10.530411232021097,0,2,0,0,lead,CCOc1ccccc1-c1cc2c(NC(CO)c3ccccc3)ncnc2[nH]1,COc1ccccc1-c1cc2c(NC(CO)c3ccccc3)ncnc2[nH]1,2,COc1ccccc1-c1cc2c(NC(CO)c3ccccc3)ncnc2[nH]1 -> CCOc1ccccc1-c1cc2c(NC(CO)c3ccccc3)ncnc2[nH]1 -> CCOc1ccc(F)cc1-c1cc2c(NC(CO)c3ccccc3)ncnc2[nH]1,2,decorate_fluoro,scaffold_decoration,scaffold_decoration,scaffold_decoration,late_stage_fluorination,0.88,0.82,0.8,True,0.8421052631578947,0.7003714030041917,0.893,0.9186301426258316,0.7050444491509569,True,,False,True,0,0,0.6375931970705152,Afatinib,reference_ligand,,,,,,9.33730942934638,0.487358116928423,10.490719978033283,9.52085324524955,0.0,,,,,False,False,False,False,0,COc1ccccc1-c1cc2c(NC(CO)c3ccccc3)ncnc2[nH]1,12.005812897775748,Afatinib,CN(C)CCOC1=CC2=C(NC3=CC=CC=C3F)N=CN=C2C=C1,0.4393782383419689,0.6694736842105263,0.7688613404643777,92.10861288537647,0.784575234863381,0.6375931970705152,reference_ligand,-8.276,1,0.0,0.0,5,0.6552,ok,D:\ONCS 2026\egfr-drug-discovery-ml\reports\vina_poses\optimized_candidates\row_010_rank_002_docked.pdbqt,0.6490376189746804,consensus_vina_reference,11.017189446252107,16,3,3,0,0,6,ALA743;ASP855;LEU718;LYS745;MET793;VAL726,ASP855;LYS745;VAL726;MET793;ALA743;LEU788,0.76,True,"hbond:3;key:ALA743,ASP855,LEU718,LYS745,MET793,VAL726",11.473189446252107,25
COc1cc(N(C)C)ccc1-c1cc2c(NC(CO)c3ccccc3)ncnc2[nH]1,9.233104743993302,0.0426207382303814,0.4346148029271733,403.4860000000001,3.8450000000000015,86.30000000000001,3,6,4,7,0.217391304347826,0,0.0,3.206573333333334,False,,0,,0,,0,,0.7796610169491526,0.7763805358119191,1.0,0.2333333333333333,Osimertinib,0.2203389830508474,0.7666666666666666,0.9034416692370584,0.5657083980202018,1.0,0.9416666666666668,0.5657083980202018,0.8527041834809816,1.0,0.4342916019797982,0.5657083980202018,0.0676499810081022,9.169173636647727,-0.0246320666380441,-0.0,0.5791525423728814,9.723694112382566,0.0,0.0,0.0,0.1678645024747477,0.0,0.1678645024747477,0.0,low,,9.555829609907818,True,pass,False,,0.990280777537797,0.8218142548596112,0.8725701943844493,0.0053995680345572,0.9848812095032398,0.8704103671706264,0.8612311015118791,0.9514038876889848,0.7419546436285097,0.8273758099352052,10.614039684736778,1,0.0,10.548680581830064,0,1,0,0,lead,CCOc1cc(N(C)C)ccc1-c1cc2c(NC(CO)c3ccccc3)ncnc2[nH]1,COc1ccccc1-c1cc2c(NC(CO)c3ccccc3)ncnc2[nH]1,4,COc1ccccc1-c1cc2c(NC(CO)c3ccccc3)ncnc2[nH]1 -> CCOc1ccccc1-c1cc2c(NC(CO)c3ccccc3)ncnc2[nH]1 -> CCOc1cc(F)ccc1-c1cc2c(NC(CO)c3ccccc3)ncnc2[nH]1 -> CCOc1cc(N(C)C)ccc1-c1cc2c(NC(CO)c3ccccc3)ncnc2[nH]1 -> COc1cc(N(C)C)ccc1-c1cc2c(NC(CO)c3ccccc3)ncnc2[nH]1,4,phenetole_to_anisole,mmp,matched_molecular_pair,matched_molecular_pair,late_stage_alkoxy_tuning,0.78,0.76,0.74,True,0.8524590163934426,0.7010423854904286,0.8600000000000001,0.8944587803192424,0.6809134438286149,True,,False,True,0,0,0.6337390399082699,Dacomitinib,reference_ligand,,,,,,9.33730942934638,0.487358116928423,10.490719978033283,9.52085324524955,0.0,,,,,False,False,False,False,0,COc1ccccc1-c1cc2c(NC(CO)c3ccccc3)ncnc2[nH]1,11.997554590710836,Dacomitinib,COc1cc2ncnc(Nc3ccc(F)c(Cl)c3)c2cc1OCCCN1CCOCC1,0.4614072066646593,0.6471002252252251,0.6831520541817072,104.5042313319411,0.8247842467770108,0.6337390399082699,reference_ligand,-8.238,1,0.0,0.0,5,0.6476,ok,D:\ONCS 2026\egfr-drug-discovery-ml\reports\vina_poses\optimized_candidates\row_007_rank_001_docked.pdbqt,0.6427486639678944,consensus_vina_reference,11.030742079805986,12,2,1,0,1,7,ALA743;ASP800;ASP855;LEU718;LYS745;MET793;VAL726,ASP855;MET793;LEU718;ASP800;ALA743;LYS745,0.7333333333333333,True,"hbond:2;salt:1;key:ALA743,ASP800,ASP855,LEU718,LYS745,MET793,VAL726",11.470742079805985,26
O=C(/C=C\F)Cc1cc2c(Nc3cccc(Br)c3)ncnc2cn1,8.97262998622889,0.1001055886054074,0.6673221117389069,387.2120000000001,4.125700000000002,67.77000000000001,1,5,3,5,0.0588235294117647,0,0.0,2.348080000000001,False,,0,,0,,0,,0.8333333333333334,0.8024561403508772,1.0,0.3378378378378378,Sunvozertinib,0.1666666666666666,0.6621621621621622,0.7980835845334373,0.7267163922256294,1.0,0.9155405405405406,0.7267163922256294,0.8600851293249019,1.0,0.2732836077743705,0.7267163922256294,-0.0826687263886193,8.822471603320778,0.3209924646800832,-0.0,0.5236486486486487,9.66711271664951,0.0,0.0,0.0001583829081111,0.0,0.0,0.0001583829081111,0.0,low,,9.6669543337414,True,pass,False,,0.7502645502645503,0.9301587301587302,0.7841269841269841,0.0761904761904762,0.8592592592592593,0.9947089947089948,0.8296296296296296,0.7693121693121693,0.6565079365079366,0.7574603174603175,10.454922240459034,10,0.0,10.57590671469378,0,2,0,8,lead,O=C(/C=C\Cl)Cc1cc2c(Nc3cccc(Br)c3)ncnc2cn1,O=C(/C=C\Cl)Cc1cc2c(Nc3cccc(Br)c3)ncnc2cn1,1,O=C(/C=C\Cl)Cc1cc2c(Nc3cccc(Br)c3)ncnc2cn1 -> O=C(/C=C\F)Cc1cc2c(Nc3cccc(Br)c3)ncnc2cn1,1,halogen_swap_17_to_9,atom_swap,atom_edit,halogen_scan,late_stage_halogen_exchange,0.83,0.8,0.76,True,0.8333333333333334,0.7716698929442615,0.72,0.9056040184340584,0.6316470649435625,True,,False,True,0,0,0.7159573600628494,Osimertinib,reference_ligand,9.04532926941451,0.6397482009417655,10.448762104594683,9.447814977587928,0.0,9.04532926941451,0.6397482009417655,10.448762104594683,9.447814977587928,0.0,-0.0726992831856208,0.0275739107971413,0.127144610099096,0.2191393561534713,True,False,True,True,3,O=C(/C=C\Cl)Cc1cc2c(Nc3cccc(Br)c3)ncnc2cn1,12.047956373395447,Osimertinib,COc1cc2ncnc(Nc3ccc(F)c(Cl)c3)c2cc1NC(=O)C=C,0.5724437425977102,0.7529859788817725,0.759545316959218,114.7881184731506,0.8523831639418105,0.7159573600628494,reference_ligand,-8.37,1,0.0,0.0,5,0.6739999999999998,ok,D:\ONCS 2026\egfr-drug-discovery-ml\reports\vina_poses\optimized_candidates\row_005_rank_002_docked.pdbqt,0.6886850760219971,consensus_vina_reference,11.092420521710276,7,1,4,0,0,6,ALA743;ASP855;LEU718;LYS745;MET793;VAL726,MET793;ASP855;LEU718;LYS745;ALA743;VAL726,0.6,True,"hbond:1;key:ALA743,ASP855,LEU718,LYS745,MET793,VAL726",11.452420521710275,27
CCOc1cc(CO)ccc1-c1cc2c(NC(C)c3ccccc3)ncnc2[nH]1,9.366026856646968,0.095462608478404,0.4277916199681716,388.471,4.689000000000004,83.06,3,5,4,7,0.217391304347826,0,0.0,3.1064733333333336,False,,0,,0,,0,,0.8448275862068966,0.7373345330011176,1.0,0.2048192771084337,Afatinib,0.1551724137931034,0.7951807228915663,0.8996828882268593,0.5658056473927509,1.0,0.9487951807228916,0.5658056473927509,0.8535709290856255,1.0,0.4341943526072491,0.5658056473927509,0.0614826121883117,9.222832943929362,-0.0164402495970458,-0.0,0.5583818030743664,9.764774497406682,0.0,0.0,0.0,0.1677429407590614,0.0,0.1677429407590614,0.0,low,,9.59703155664762,True,pass,False,,0.9936507936507936,0.2772486772486772,0.3603174603174603,0.0502645502645502,0.8592592592592593,0.6857142857142857,0.8296296296296296,0.7873015873015873,0.5666931216931217,0.6575661375661376,10.444806243438428,11,0.0,10.386110921726983,0,15,4,0,lead,COc1cc(CO)ccc1-c1cc2c(NC(C)c3ccccc3)ncnc2[nH]1,COc1cc(CO)ccc1-c1cc2c(NC(C)c3ccccc3)ncnc2[nH]1,1,COc1cc(CO)ccc1-c1cc2c(NC(C)c3ccccc3)ncnc2[nH]1 -> CCOc1cc(CO)ccc1-c1cc2c(NC(C)c3ccccc3)ncnc2[nH]1,1,methoxy_to_ethoxy,williamson,reaction_transform,williamson,o_alkylation,0.83,0.79,0.82,True,0.8448275862068966,0.7021494989996231,0.744,0.8992009934752646,0.7373522057775284,True,,False,True,0,0,0.6593023787321651,Afatinib,reference_ligand,9.481133391168196,0.468660740099691,10.493658403040255,9.54718843465248,0.0,9.481133391168196,0.468660740099691,10.493658403040255,9.54718843465248,0.0,-0.1151065345212281,-0.0408691201315193,-0.1075474813132704,0.0498431219951402,False,False,False,True,1,COc1cc(CO)ccc1-c1cc2c(NC(C)c3ccccc3)ncnc2[nH]1,11.85626675812694,Afatinib,CN(C)CCOC1=CC2=C(NC3=CC=CC=C3F)N=CN=C2C=C1,0.4877645111715333,0.723352033660589,0.7678610348179243,85.97014695189566,0.7613687445057032,0.6593023787321651,reference_ligand,-8.478,1,0.0,0.0,5,0.6956,ok,D:\ONCS 2026\egfr-drug-discovery-ml\reports\vina_poses\optimized_candidates\row_045_rank_015_docked.pdbqt,0.6828958325562577,consensus_vina_reference,10.898282796144176,46,3,4,0,1,7,ALA743;ASP800;ASP855;LEU718;LYS745;MET793;VAL726,ASP855;LYS745;LEU718;VAL726;MET793;ALA743,0.9066666666666666,True,"hbond:3;salt:1;key:ALA743,ASP800,ASP855,LEU718,LYS745,MET793,VAL726",11.442282796144177,28
COc1c(F)ccc(Nc2c(-c3ccncc3OCC(C)(C)F)[nH]c3c2C(=O)NCC3)c1C,9.011067424972069,0.09042099557615,0.480164490134998,456.4930000000003,4.689220000000003,88.27,3,5,4,7,0.3333333333333333,0,0.0,3.209953333333336,False,,0,,0,,0,,0.7368421052631579,0.7066678491395347,1.0,0.174757281553398,Osimertinib,0.2631578947368421,0.8252427184466019,0.8144721593397122,0.5906307259845052,1.0,0.9563106796116504,0.5906307259845052,0.8403533912339669,1.0,0.4093692740154948,0.5906307259845052,-0.0345083091923397,8.875435931607843,0.032004823468331,-0.0,0.6159938681655595,9.523434623241734,0.0,0.0,0.0,0.1367115925193685,0.0,0.1367115925193685,0.0,low,,9.386723030722363,True,pass,False,,0.833852544132918,0.9823468328141224,0.8920041536863966,0.0955347871235721,0.968847352024922,0.9190031152647976,0.8161993769470405,0.735202492211838,0.7246105919003115,0.8034267912772585,10.392967333522108,22,0.0,10.350835180255077,0,14,0,8,lead,COc1c(F)ccc(Nc2c(-c3ccncc3OCC(C)(C)OC)[nH]c3c2C(=O)NCC3)c1C,COC(C)(C)COc1cnccc1-c1[nH]c2c(c1Nc1cccc(F)c1C)C(=O)NCC2,3,COC(C)(C)COc1cnccc1-c1[nH]c2c(c1Nc1cccc(F)c1C)C(=O)NCC2 -> COC(C)(C)COc1cnccc1-c1[nH]c2c(c1Nc1ccc(F)c(F)c1C)C(=O)NCC2 -> COc1c(F)ccc(Nc2c(-c3ccncc3OCC(C)(C)OC)[nH]c3c2C(=O)NCC3)c1C -> COc1c(F)ccc(Nc2c(-c3ccncc3OCC(C)(C)F)[nH]c3c2C(=O)NCC3)c1C,3,alcohol_fluorination,functional_group_swap,reaction_transform,functional_group_swap,halogen_exchange,0.74,0.66,0.7,True,0.8732394366197183,0.7221875911329968,0.835,0.8853033361732735,0.7543213928155906,True,,False,True,0,0,0.5686938593095685,Gefitinib,reference_ligand,,,,,,9.64492553317416,0.5102437252597349,10.698916496302727,9.748407601490852,0.0,,,,,False,False,False,False,0,COC(C)(C)COc1cnccc1-c1[nH]c2c(c1Nc1cccc(F)c1C)C(=O)NCC2,11.7992829523643,Gefitinib,COc1cc2ncnc(Nc3ccc(F)c(Cl)c3)c2cc1OCCCN1CCN(C)CC1,0.411925601750547,0.584551688446112,0.5658750893959186,90.23395133812228,0.7777381725138836,0.5686938593095685,reference_ligand,-8.777,1,0.0,0.0,5,0.7553999999999998,ok,D:\ONCS 2026\egfr-drug-discovery-ml\reports\vina_poses\optimized_candidates\row_059_rank_014_docked.pdbqt,0.6900528507583489,consensus_vina_reference,10.868374818323838,55,5,5,0,3,6,ALA743;ASP855;LEU718;LYS745;MET793;VAL726,ASP855;VAL726;LYS745;LEU718;ALA743;GLU762,0.9333333333333332,True,"hbond:5;salt:3;key:ALA743,ASP855,LEU718,LYS745,MET793,VAL726",11.428374818323839,29
CNCCOc1cnccc1-c1[nH]c2c(c1Nc1cccc(F)c1C)C(=O)NCC2,9.37136159110774,0.1133237017872571,0.4502391731775382,409.4650000000002,3.1519200000000005,91.07,4,5,4,7,0.2727272727272727,0,0.0,2.896433333333335,False,,0,,0,,0,,0.8656716417910447,0.7604341761512075,1.0,0.1978021978021978,Afatinib,0.1343283582089552,0.8021978021978022,0.8885138065258552,0.5862302631963638,1.0,0.9505494505494504,0.5862302631963638,0.8563233800679173,1.0,0.4137697368036361,0.5862302631963638,0.0429205686105836,9.201376038426854,0.0430469004502652,-0.0,0.5511071018533705,9.79553004073049,0.0,0.0,0.0199855526808856,0.1422121710045452,0.0,0.1621977236854308,0.0,low,,9.63333231704506,True,pass,False,,0.9947089947089948,0.4232804232804232,0.6058201058201058,0.0238095238095238,0.8592592592592593,0.8116402116402116,0.8296296296296296,0.707936507936508,0.6279100529100529,0.7103174603174603,10.549022104222551,3,0.0,10.485713269426013,0,8,5,0,lead,COC(C)(C)COc1cnccc1-c1[nH]c2c(c1Nc1cccc(F)c1C)C(=O)NCC2,COC(C)(C)COc1cnccc1-c1[nH]c2c(c1Nc1cccc(F)c1C)C(=O)NCC2,1,COC(C)(C)COc1cnccc1-c1[nH]c2c(c1Nc1cccc(F)c1C)C(=O)NCC2 -> CNCCOc1cnccc1-c1[nH]c2c(c1Nc1cccc(F)c1C)C(=O)NCC2,1,linker_ether_to_amine,linker_replacement,linker_replacement,linker_replacement,ether_to_amine_linker_swap,0.72,0.73,0.69,True,0.7777777777777778,0.7182148258050334,0.843,0.860960284719255,0.6544294049117707,True,,False,True,0,0,0.5483385675051824,Afatinib,reference_ligand,9.64492553317416,0.5102437252597349,10.698916496302727,9.748407601490852,0.0,9.64492553317416,0.5102437252597349,10.698916496302727,9.748407601490852,0.0,-0.2735639420664189,-0.0600045520821966,-0.2132032268767147,-0.1150752844457922,False,False,False,False,0,COC(C)(C)COc1cnccc1-c1[nH]c2c(c1Nc1cccc(F)c1C)C(=O)NCC2,11.859831488732189,Afatinib,CN(C)CCOC1=CC2=C(NC3=CC=CC=C3F)N=CN=C2C=C1,0.3900631945957725,0.6256553652569032,0.6416633701834094,60.21080574613963,0.6334108092343975,0.5483385675051824,reference_ligand,-8.433,1,0.0,0.0,5,0.6866,ok,D:\ONCS 2026\egfr-drug-discovery-ml\reports\vina_poses\optimized_candidates\row_020_rank_008_docked.pdbqt,0.6382084986268138,consensus_vina_reference,10.964369643396124,27,1,6,0,2,6,ALA743;ASP855;LEU718;LYS745;MET793;VAL726,LYS745;ASP855;VAL726;MET793;LEU718;ALA743,0.7733333333333333,True,"hbond:1;salt:2;key:ALA743,ASP855,LEU718,LYS745,MET793,VAL726",11.428369643396124,30
CC(C)Oc1ccccc1-c1cc2c(N[C@H](CO)c3ccccc3)ncnc2[nH]1,9.30296226947643,0.0099582466923038,0.4323277207116908,388.471,4.557600000000003,83.06,3,5,4,7,0.217391304347826,0,0.0,3.1064733333333336,False,,0,,0,,0,,0.8181818181818182,0.798609022556391,1.0,0.2125,Afatinib,0.1818181818181817,0.7875,0.9437697946844948,0.5683005028016863,1.0,0.946875,0.5683005028016863,0.8647363243715452,1.0,0.4316994971983137,0.5683005028016863,0.1053779604172659,9.288024899437971,-0.0119041488535265,-0.0,0.5680681818181819,9.844188932402629,0.0,0.0,0.0,0.1646243714978921,0.0,0.1646243714978921,0.0,low,,9.679564560904735,True,pass,False,,0.9804232804232804,0.2925925925925925,0.3603174603174603,0.1365079365079365,0.8592592592592593,0.6947089947089947,0.8296296296296296,0.9984126984126984,0.581058201058201,0.6759788359788359,10.54145877367247,4,0.0,10.49073916407934,0,4,0,0,lead,CCOc1ccccc1-c1cc2c(N[C@H](CO)c3ccccc3)ncnc2[nH]1,CCOc1ccccc1-c1cc2c(N[C@H](CO)c3ccccc3)ncnc2[nH]1,1,CCOc1ccccc1-c1cc2c(N[C@H](CO)c3ccccc3)ncnc2[nH]1 -> CC(C)Oc1ccccc1-c1cc2c(N[C@H](CO)c3ccccc3)ncnc2[nH]1,1,methoxy_to_isopropoxy,williamson,reaction_transform,williamson,o_alkylation,0.81,0.76,0.79,True,0.8035714285714286,0.7032381631780678,0.744,0.8852638609515725,0.7054057353024809,True,,False,True,0,0,0.6686118269193411,Osimertinib,reference_ligand,9.6213947221666,0.4521900852216164,10.64509070761073,9.696207052989768,0.0,9.6213947221666,0.4521900852216164,10.64509070761073,9.696207052989768,0.0,-0.3184324526901712,-0.0198623645099255,-0.1543515435313907,-0.0166424920850314,False,False,False,False,0,CCOc1ccccc1-c1cc2c(N[C@H](CO)c3ccccc3)ncnc2[nH]1,11.93267736893475,Osimertinib,COc1cc2ncnc(Nc3ccc(F)c(Cl)c3)c2cc1NC(=O)C=C,0.5251605370694687,0.729957805907173,0.6564077584412086,106.36334726149823,0.8301301043014028,0.6686118269193411,reference_ligand,-8.189,1,0.0,0.0,5,0.6378,ok,D:\ONCS 2026\egfr-drug-discovery-ml\reports\vina_poses\optimized_candidates\row_016_rank_004_docked.pdbqt,0.6485841394217694,consensus_vina_reference,10.977177268645669,24,3,2,0,0,6,ALA743;ASP855;LEU718;LYS745;MET793;VAL726,ASP855;LYS745;VAL726;MET793;ALA743;LEU718,0.7333333333333333,True,"hbond:3;key:ALA743,ASP855,LEU718,LYS745,MET793,VAL726",11.417177268645668,31
[2H]C([2H])([2H])Oc1cc(F)c(F)cc1-c1cc2c(N[C@H](CO)c3ccccc3)ncnc2[nH]1,9.13163959289878,0.0388804606160791,0.4555209532542893,399.4153053340001,4.057200000000003,83.06,3,5,4,6,0.1428571428571428,0,0.0,3.0794353688933342,False,,0,,0,,0,,0.7966101694915254,0.72603067046416,1.0,0.25,Osimertinib,0.2033898305084746,0.75,0.8806935757934398,0.5820967024093462,1.0,0.9375,0.5820967024093462,0.8500725695506965,1.0,0.4179032975906538,0.5820967024093462,0.0408280083236577,9.073318901974664,0.0078913622060035,-0.0,0.5665254237288135,9.64773568790948,0.0,0.0,0.0,0.1473791219883172,0.0,0.1473791219883172,0.0,low,,9.500356565921162,True,pass,False,,0.9305263157894736,0.6994736842105264,0.7173684210526315,0.0505263157894736,0.9557894736842104,0.8321052631578948,0.8136842105263158,0.9589473684210528,0.6763421052631579,0.7689736842105265,10.459346214225269,12,0.0,10.423124986973797,0,9,0,3,lead,[2H]C([2H])([2H])Oc1ccc(F)cc1-c1cc2c(N[C@H](CO)c3ccccc3)ncnc2[nH]1,[2H]C([2H])([2H])Oc1ccccc1-c1cc2c(N[C@H](CO)c3ccccc3)ncnc2[nH]1,2,[2H]C([2H])([2H])Oc1ccccc1-c1cc2c(N[C@H](CO)c3ccccc3)ncnc2[nH]1 -> [2H]C([2H])([2H])Oc1ccc(F)cc1-c1cc2c(N[C@H](CO)c3ccccc3)ncnc2[nH]1 -> [2H]C([2H])([2H])Oc1cc(F)c(F)cc1-c1cc2c(N[C@H](CO)c3ccccc3)ncnc2[nH]1,2,decorate_fluoro,scaffold_decoration,scaffold_decoration,scaffold_decoration,late_stage_fluorination,0.88,0.82,0.8,True,0.819672131147541,0.7095873103968829,0.893,0.92115976097145,0.7050444491509569,True,,False,True,0,0,0.6613550461628458,Osimertinib,reference_ligand,,,,,,9.386549939172664,0.4855433472748625,10.549651298502416,9.57922670295292,0.0,,,,,False,False,False,False,0,[2H]C([2H])([2H])Oc1ccccc1-c1cc2c(N[C@H](CO)c3ccccc3)ncnc2[nH]1,11.902130259823478,Osimertinib,COc1cc2ncnc(Nc3ccc(F)c(Cl)c3)c2cc1NC(=O)C=C,0.5006419983658223,0.695588712293221,0.7262489327547571,98.71984666230546,0.8070512709008494,0.6613550461628458,reference_ligand,-8.735,1,0.0,0.0,5,0.7469999999999999,ok,D:\ONCS 2026\egfr-drug-discovery-ml\reports\vina_poses\optimized_candidates\row_033_rank_009_docked.pdbqt,0.7170242661569959,consensus_vina_reference,10.960893186591544,29,5,3,0,0,6,ALA743;ASP855;LEU718;LYS745;MET793;VAL726,LYS745;ASP855;MET793;VAL726;LEU788;ALA743,0.76,True,"hbond:5;key:ALA743,ASP855,LEU718,LYS745,MET793,VAL726",11.416893186591544,32
CCOc1cc(OC)ccc1-c1cc2c(NC(CO)c3ccccc3)ncnc2[nH]1,9.372811294999842,0.0687238108040475,0.4080555322298784,404.47,4.177700000000002,92.29,3,6,4,8,0.217391304347826,0,0.0,3.313133333333334,False,,0,,0,,0,,0.7966101694915254,0.7468220338983051,1.0,0.2289156626506024,Afatinib,0.2033898305084746,0.7710843373493976,0.9200961561871271,0.547002337598228,1.0,0.9427710843373494,0.547002337598228,0.8524673945306762,1.0,0.4529976624017719,0.547002337598228,0.0901716822086012,9.269725578793771,-0.067175337335339,-0.0,0.5728507249336329,9.775400966392064,0.0,0.0,0.0,0.1912470780022149,0.0,0.1912470780022149,0.0,low,,9.58415388838985,True,pass,False,,0.996842105263158,0.3857894736842105,0.3157894736842105,0.0505263157894736,0.9557894736842104,0.628421052631579,0.8136842105263158,0.8726315789473684,0.5832105263157895,0.6769736842105263,10.475253597971012,11,0.0,10.39652230944248,0,11,0,0,lead,CCOc1ccccc1-c1cc2c(NC(CO)c3ccccc3)ncnc2[nH]1,COc1ccccc1-c1cc2c(NC(CO)c3ccccc3)ncnc2[nH]1,2,COc1ccccc1-c1cc2c(NC(CO)c3ccccc3)ncnc2[nH]1 -> CCOc1ccccc1-c1cc2c(NC(CO)c3ccccc3)ncnc2[nH]1 -> CCOc1cc(OC)ccc1-c1cc2c(NC(CO)c3ccccc3)ncnc2[nH]1,2,decorate_methoxy,scaffold_decoration,scaffold_decoration,scaffold_decoration,late_stage_methoxylation,0.85,0.8,0.79,True,0.7966101694915254,0.6850796874047983,0.893,0.9116309883662936,0.7031654874697928,True,,False,True,0,0,0.7033038426199042,Afatinib,reference_ligand,,,,,,9.33730942934638,0.487358116928423,10.490719978033283,9.52085324524955,0.0,,,,,False,False,False,False,0,COc1ccccc1-c1cc2c(NC(CO)c3ccccc3)ncnc2[nH]1,11.867423182724048,Afatinib,CN(C)CCOC1=CC2=C(NC3=CC=CC=C3F)N=CN=C2C=C1,0.5102618542108988,0.7574855541936614,0.8254214435263622,107.21461823445078,0.8325231764083397,0.7033038426199042,reference_ligand,-7.947,1,0.0,0.0,5,0.5894,ok,D:\ONCS 2026\egfr-drug-discovery-ml\reports\vina_poses\optimized_candidates\row_042_rank_011_docked.pdbqt,0.6292663449169665,consensus_vina_reference,10.868472068130204,54,3,3,0,1,7,ALA743;ASP800;ASP855;LEU718;LYS745;MET793;VAL726,LEU718;LYS745;VAL726;ASP855;MET793;ALA743,0.88,True,"hbond:3;salt:1;key:ALA743,ASP800,ASP855,LEU718,LYS745,MET793,VAL726",11.396472068130205,33
COc1c(C)cccc1-c1cc2c(NC(CO)c3ccccc3)ncnc2[nH]1,9.068147103335042,0.0705049176044771,0.4734806263536626,374.444,4.087420000000002,83.06,3,5,4,6,0.1818181818181818,0,0.0,2.91296,False,,0,,0,,0,,0.7586206896551724,0.7186447369601694,1.0,0.2134831460674157,Osimertinib,0.2413793103448276,0.7865168539325843,0.8426833335106264,0.5983774214175914,1.0,0.946629213483146,0.5983774214175914,0.846922492102841,1.0,0.4016225785824086,0.5983774214175914,-0.0056522114562861,8.962389726928325,0.0547184445354808,-0.0,0.5945757458349477,9.611683917298755,0.0,0.0,0.0,0.1270282232280107,0.0,0.1270282232280107,0.0,low,,9.484655694070744,True,pass,False,,0.8354497354497354,0.5306878306878307,0.5920634920634921,0.3777777777777777,0.8592592592592593,0.9,0.8296296296296296,0.8830687830687831,0.6464550264550265,0.7302645502645503,10.387429949044789,31,0.0,10.360973154388205,0,23,0,8,lead,COc1ccccc1-c1cc2c(NC(CO)c3ccccc3)ncnc2[nH]1,COc1ccccc1-c1cc2c(NC(CO)c3ccccc3)ncnc2[nH]1,1,COc1ccccc1-c1cc2c(NC(CO)c3ccccc3)ncnc2[nH]1 -> COc1c(C)cccc1-c1cc2c(NC(CO)c3ccccc3)ncnc2[nH]1,1,append_methyl,append_group,append_group,late_stage_diversification,append_group_scan,0.74,0.63,0.64,True,0.7586206896551724,0.7219254826155275,0.573,0.836656987666114,0.6902839078638277,True,,False,True,0,0,0.698996001506357,Osimertinib,reference_ligand,9.33730942934638,0.487358116928423,10.490719978033283,9.52085324524955,0.0,9.33730942934638,0.487358116928423,10.490719978033283,9.52085324524955,0.0,-0.2691623260113385,-0.0138774905747603,-0.1297468236450782,-0.0361975511788053,False,False,False,False,0,COc1ccccc1-c1cc2c(NC(CO)c3ccccc3)ncnc2[nH]1,11.751705023090237,Osimertinib,COc1cc2ncnc(Nc3ccc(F)c(Cl)c3)c2cc1NC(=O)C=C,0.5701290719114935,0.7524334847501623,0.7388617687374942,98.01372523390864,0.8047671025592117,0.698996001506357,reference_ligand,-8.515,1,0.0,0.0,5,0.7030000000000001,ok,D:\ONCS 2026\egfr-drug-discovery-ml\reports\vina_poses\optimized_candidates\row_055_rank_023_docked.pdbqt,0.701598600527225,consensus_vina_reference,10.887172104783623,51,3,6,0,0,6,ALA743;ASP855;LEU718;LYS745;MET793;VAL726,LEU718;MET793;ASP855;ALA743;VAL726;PRO794,0.84,True,"hbond:3;key:ALA743,ASP855,LEU718,LYS745,MET793,VAL726",11.391172104783623,34
COc1ccccc1-c1cc2c(NC(CF)c3ccccc3)ncnc2[nH]1,9.071690957623554,0.0459628136416805,0.5192265511151524,362.408,4.756200000000003,62.83,2,4,4,6,0.1428571428571428,0,0.0,2.83272,False,,0,,0,,0,,0.8148148148148148,0.7540868454661558,1.0,0.253012048192771,Osimertinib,0.1851851851851852,0.7469879518072289,0.8607487698567121,0.6266238338825646,1.0,0.9367469879518072,0.6266238338825646,0.8560298979227711,1.0,0.3733761661174354,0.6266238338825646,0.0062918292452547,9.002746737161033,0.1086042654008666,-0.0,0.557429718875502,9.668780721437402,0.0,0.0,0.0,0.0917202076467942,0.0,0.0917202076467942,0.0,low,,9.577060513790608,True,pass,False,,0.8396825396825397,0.701058201058201,0.6164021164021164,0.1455026455026455,0.8592592592592593,0.9582010582010582,0.8296296296296296,0.9444444444444444,0.6396296296296297,0.7451851851851852,10.436336276992956,13,0.0,10.47128273601283,0,9,0,4,lead,COc1ccccc1-c1cc2c(NC(CO)c3ccccc3)ncnc2[nH]1,COc1ccccc1-c1cc2c(NC(CO)c3ccccc3)ncnc2[nH]1,1,COc1ccccc1-c1cc2c(NC(CO)c3ccccc3)ncnc2[nH]1 -> COc1ccccc1-c1cc2c(NC(CF)c3ccccc3)ncnc2[nH]1,1,alcohol_fluorination,functional_group_swap,reaction_transform,functional_group_swap,halogen_exchange,0.74,0.66,0.7,True,0.8148148148148148,0.7316414301273396,0.835,0.89244682276731,0.7543213928155906,True,,False,True,0,0,0.6644409720237872,Osimertinib,reference_ligand,9.33730942934638,0.487358116928423,10.490719978033283,9.52085324524955,0.0,9.33730942934638,0.487358116928423,10.490719978033283,9.52085324524955,0.0,-0.265618471722826,0.0318684341867293,-0.0194372420204533,0.0562072685410584,False,False,True,True,2,COc1ccccc1-c1cc2c(NC(CO)c3ccccc3)ncnc2[nH]1,11.9360244326659,Osimertinib,COc1cc2ncnc(Nc3ccc(F)c(Cl)c3)c2cc1NC(=O)C=C,0.5183424741011579,0.6918822189686026,0.7340891887393295,94.0135461157288,0.7913072981871816,0.6644409720237872,reference_ligand,-8.674,1,0.0,0.0,5,0.7347999999999999,ok,D:\ONCS 2026\egfr-drug-discovery-ml\reports\vina_poses\optimized_candidates\row_022_rank_009_docked.pdbqt,0.7101743402083254,consensus_vina_reference,11.003913491169074,19,1,5,0,0,6,ALA743;ASP855;LEU718;LYS745;MET793;VAL726,LEU718;LYS745;ASP855;VAL726;MET793;ALA743,0.6266666666666666,True,"hbond:1;key:ALA743,ASP855,LEU718,LYS745,MET793,VAL726",11.379913491169074,35
[2H]C([2H])([2H])Oc1cc(N(C)C)c(F)cc1-c1cc2c(N[C@H](CO)c3ccccc3)ncnc2[nH]1,9.173470167312946,0.016933240048639,0.416028425882078,424.4943053340001,3.9841000000000015,86.30000000000001,3,6,4,7,0.217391304347826,0,0.0,3.3466287022266674,False,,0,,0,,0,,0.7230769230769231,0.6611357240944598,0.9293376801717448,0.2588235294117647,Afatinib,0.2769230769230769,0.7411764705882353,0.9065142737941893,0.5500991456879634,1.0,0.8822973777758675,0.5500991456879634,0.834727699314505,1.0,0.4499008543120366,0.5500991456879634,0.0957154326395789,9.148070307239989,-0.0642267490171394,-0.0,0.5793027458347915,9.66314630405764,0.0,0.0,0.0,0.1873760678900458,0.0,0.1873760678900458,0.0,low,,9.475770236167593,True,pass,False,,0.968847352024922,0.7798546209761164,0.6251298026998962,0.1204569055036344,0.8411214953271028,0.7715472481827622,0.8161993769470405,0.9844236760124612,0.7098130841121495,0.7742990654205607,10.51492200499222,9,0.0,10.404929114672266,0,12,3,0,lead,[2H]C([2H])([2H])Oc1cc(F)c(F)cc1-c1cc2c(N[C@H](CO)c3ccccc3)ncnc2[nH]1,[2H]C([2H])([2H])Oc1ccccc1-c1cc2c(N[C@H](CO)c3ccccc3)ncnc2[nH]1,3,[2H]C([2H])([2H])Oc1ccccc1-c1cc2c(N[C@H](CO)c3ccccc3)ncnc2[nH]1 -> [2H]C([2H])([2H])Oc1ccc(F)cc1-c1cc2c(N[C@H](CO)c3ccccc3)ncnc2[nH]1 -> [2H]C([2H])([2H])Oc1cc(F)c(F)cc1-c1cc2c(N[C@H](CO)c3ccccc3)ncnc2[nH]1 -> [2H]C([2H])([2H])Oc1cc(N(C)C)c(F)cc1-c1cc2c(N[C@H](CO)c3ccccc3)ncnc2[nH]1,3,aryl_f_to_dimethylamino,snar,reaction_transform,snar,snar_diversification,0.79,0.76,0.8,True,0.8412698412698413,0.6927414271428531,0.913,0.8990889029952124,0.6255282957917517,True,,False,True,0,0,0.6564629102949611,Sunvozertinib,reference_ligand,,,,,,9.386549939172664,0.4855433472748625,10.549651298502416,9.57922670295292,0.0,,,,,False,False,False,False,0,[2H]C([2H])([2H])Oc1ccccc1-c1cc2c(N[C@H](CO)c3ccccc3)ncnc2[nH]1,11.847677327637296,Sunvozertinib,C=CC(=O)Nc1cc2ncnc(Nc3ccc(F)c(Cl)c3)c2cn1,0.5018012783265544,0.7649247121346324,0.6730852696159729,88.94766711718634,0.7729218661221838,0.6564629102949611,reference_ligand,-8.552,1,0.0,0.0,5,0.7103999999999999,ok,D:\ONCS 2026\egfr-drug-discovery-ml\reports\vina_poses\optimized_candidates\row_041_rank_012_docked.pdbqt,0.6915220186032363,consensus_vina_reference,10.923570628624692,37,2,2,0,1,7,ALA743;ASP800;ASP855;LEU718;LYS745;MET793;VAL726,LEU718;LYS745;MET793;ASP800;ALA743;ASP855,0.7599999999999999,True,"hbond:2;salt:1;key:ALA743,ASP800,ASP855,LEU718,LYS745,MET793,VAL726",11.379570628624691,36
COc1c(F)cccc1-c1cc2c(NC(CO)c3ccccc3)ncnc2[nH]1,9.105738360620292,0.0907623260969486,0.4736945471819129,378.407,3.9181000000000017,83.06,3,5,4,6,0.1428571428571428,0,0.0,2.9393800000000003,False,,0,,0,,0,,0.7457627118644068,0.7153557759900023,1.0,0.2658227848101265,Afatinib,0.2542372881355932,0.7341772151898734,0.8379009618872089,0.5974789240269752,1.0,0.9335443037974684,0.5974789240269752,0.8422310474279131,1.0,0.4025210759730248,0.5974789240269752,-0.0057734473876056,8.969594871474868,0.0470732614676271,-0.0,0.584659944217979,9.601328077160474,0.0,0.0,0.0,0.128151344966281,0.0,0.128151344966281,0.0,low,,9.473176732194194,True,pass,False,,0.8756613756613757,0.5518518518518518,0.5328042328042328,0.4343915343915344,0.8592592592592593,0.8841269841269841,0.8296296296296296,0.807936507936508,0.6712169312169313,0.7398941798941798,10.406788394620792,24,0.0,10.36104974806721,0,21,0,3,lead,COc1ccccc1-c1cc2c(NC(CO)c3ccccc3)ncnc2[nH]1,COc1ccccc1-c1cc2c(NC(CO)c3ccccc3)ncnc2[nH]1,1,COc1ccccc1-c1cc2c(NC(CO)c3ccccc3)ncnc2[nH]1 -> COc1c(F)cccc1-c1cc2c(NC(CO)c3ccccc3)ncnc2[nH]1,1,decorate_fluoro,scaffold_decoration,scaffold_decoration,scaffold_decoration,late_stage_fluorination,0.88,0.82,0.8,True,0.7457627118644068,0.7177892007962653,0.893,0.9159436185914516,0.7050444491509569,True,,False,True,0,0,0.6824910797047958,Afatinib,reference_ligand,9.33730942934638,0.487358116928423,10.490719978033283,9.52085324524955,0.0,9.33730942934638,0.487358116928423,10.490719978033283,9.52085324524955,0.0,-0.2315710687260885,-0.01366356974651,-0.1296702299660737,-0.0476765130553555,False,False,False,False,0,COc1ccccc1-c1cc2c(NC(CO)c3ccccc3)ncnc2[nH]1,11.822679205733102,Afatinib,CN(C)CCOC1=CC2=C(NC3=CC=CC=C3F)N=CN=C2C=C1,0.4975442043222003,0.7103786816269284,0.8422299756056117,94.01590622404096,0.7913155069820708,0.6824910797047958,reference_ligand,-8.429,1,0.0,0.0,5,0.6858000000000001,ok,D:\ONCS 2026\egfr-drug-discovery-ml\reports\vina_poses\optimized_candidates\row_053_rank_021_docked.pdbqt,0.6846418778966785,consensus_vina_reference,10.874531156489718,53,3,1,0,2,6,ALA743;ASP855;LEU718;LYS745;MET793;VAL726,ASP855;LYS745;LEU718;ALA743;MET793;VAL726,0.8266666666666667,True,"hbond:3;salt:2;key:ALA743,ASP855,LEU718,LYS745,MET793,VAL726",11.370531156489719,37
CCOc1cc(F)c(C)cc1-c1cc2c(NC(CO)c3ccccc3)ncnc2[nH]1,9.217079981341014,0.0935327988613157,0.417250761615392,406.46100000000007,4.616620000000004,83.06,3,5,4,7,0.217391304347826,0,0.0,3.226406666666667,False,,0,,0,,0,,0.7540983606557377,0.6749659860162673,0.9544836109386676,0.2409638554216867,Afatinib,0.2459016393442623,0.7590361445783133,0.8637970361323325,0.5553953547859015,1.0,0.9056217443485792,0.5553953547859015,0.8312035338167033,1.0,0.4446046452140985,0.5553953547859015,0.0434580030875055,9.07678078304904,-0.0449711079498254,-0.0,0.576987483813079,9.608797158912294,0.0,0.0,0.0,0.1807558065176231,0.0,0.1807558065176231,0.0,low,,9.42804135239467,True,pass,False,,0.9813084112149532,0.822429906542056,0.8722741433021807,0.0612668743509865,0.8847352024922118,0.8504672897196262,0.8161993769470405,0.7237798546209762,0.7491692627206646,0.8024402907580477,10.507800274177091,11,0.0,10.390969701304329,0,13,2,0,lead,CCOc1cc(F)ccc1-c1cc2c(NC(CO)c3ccccc3)ncnc2[nH]1,COc1ccccc1-c1cc2c(NC(CO)c3ccccc3)ncnc2[nH]1,3,COc1ccccc1-c1cc2c(NC(CO)c3ccccc3)ncnc2[nH]1 -> CCOc1ccccc1-c1cc2c(NC(CO)c3ccccc3)ncnc2[nH]1 -> CCOc1cc(F)ccc1-c1cc2c(NC(CO)c3ccccc3)ncnc2[nH]1 -> CCOc1cc(F)c(C)cc1-c1cc2c(NC(CO)c3ccccc3)ncnc2[nH]1,3,append_methyl,append_group,append_group,late_stage_diversification,append_group_scan,0.74,0.63,0.64,True,0.7777777777777778,0.6963311983713001,0.573,0.829173672620433,0.6902839078638277,True,,False,True,0,0,0.6746440430780484,Afatinib,reference_ligand,,,,,,9.33730942934638,0.487358116928423,10.490719978033283,9.52085324524955,0.0,,,,,False,False,False,False,0,COc1ccccc1-c1cc2c(NC(CO)c3ccccc3)ncnc2[nH]1,11.770465908611513,Afatinib,CN(C)CCOC1=CC2=C(NC3=CC=CC=C3F)N=CN=C2C=C1,0.4877053956415336,0.7351132970314421,0.8021574263255774,92.49891702122083,0.785972039728431,0.6746440430780484,reference_ligand,-8.655,1,0.0,0.0,5,0.7309999999999999,ok,D:\ONCS 2026\egfr-drug-discovery-ml\reports\vina_poses\optimized_candidates\row_044_rank_013_docked.pdbqt,0.7112754150773168,consensus_vina_reference,10.924426262612316,36,4,2,0,0,7,ALA743;ASP800;ASP855;LEU718;LYS745;MET793;VAL726,ASP855;LYS745;VAL726;LEU718;MET793;LEU788,0.7333333333333333,True,"hbond:4;key:ALA743,ASP800,ASP855,LEU718,LYS745,MET793,VAL726",11.364426262612316,38
CC(C)Oc1ccccc1-c1cc2c(NC(CO)c3ccccc3)ncnc2[nH]1,9.30296226947643,0.0099582466923038,0.4323277207116908,388.471,4.557600000000003,83.06,3,5,4,7,0.217391304347826,0,0.0,3.1064733333333336,False,,0,,0,,0,,0.8181818181818182,0.798609022556391,1.0,0.2125,Afatinib,0.1818181818181817,0.7875,0.9437697946844948,0.5683005028016863,1.0,0.946875,0.5683005028016863,0.8647363243715452,1.0,0.4316994971983137,0.5683005028016863,0.1053779604172659,9.288024899437971,-0.0119041488535265,-0.0,0.5680681818181819,9.844188932402629,0.0,0.0,0.0,0.1646243714978921,0.0,0.1646243714978921,0.0,low,,9.679564560904735,True,pass,False,,0.9804232804232804,0.2925925925925925,0.3603174603174603,0.1365079365079365,0.8592592592592593,0.6947089947089947,0.8296296296296296,0.9984126984126984,0.581058201058201,0.6759788359788359,10.54145877367247,5,0.0,10.49073916407934,0,5,0,0,lead,COc1ccccc1-c1cc2c(NC(CO)c3ccccc3)ncnc2[nH]1,COc1ccccc1-c1cc2c(NC(CO)c3ccccc3)ncnc2[nH]1,1,COc1ccccc1-c1cc2c(NC(CO)c3ccccc3)ncnc2[nH]1 -> CC(C)Oc1ccccc1-c1cc2c(NC(CO)c3ccccc3)ncnc2[nH]1,1,methoxy_to_isopropoxy,williamson,reaction_transform,williamson,o_alkylation,0.81,0.76,0.79,True,0.8181818181818182,0.7032381631780678,0.744,0.8830658480029773,0.7054057353024809,True,,False,True,0,0,0.6367380288024741,Osimertinib,reference_ligand,9.33730942934638,0.487358116928423,10.490719978033283,9.52085324524955,0.0,9.33730942934638,0.487358116928423,10.490719978033283,9.52085324524955,0.0,-0.0343471598699505,-0.0550303962167321,1.918604605677388e-05,0.1587113156551876,True,False,False,True,2,COc1ccccc1-c1cc2c(NC(CO)c3ccccc3)ncnc2[nH]1,11.926592142488133,Osimertinib,COc1cc2ncnc(Nc3ccc(F)c(Cl)c3)c2cc1NC(=O)C=C,0.4573946018291323,0.665854846566001,0.7228672371376341,95.2670451816757,0.7956220056862028,0.6367380288024741,reference_ligand,-8.297,1,0.0,0.0,5,0.6594000000000001,ok,D:\ONCS 2026\egfr-drug-discovery-ml\reports\vina_poses\optimized_candidates\row_015_rank_005_docked.pdbqt,0.651468310080866,consensus_vina_reference,10.979340396639987,23,2,2,0,0,6,ALA743;ASP855;LEU718;LYS745;MET793;VAL726,ASP855;LYS745;VAL726;MET793;ALA743;LEU718,0.64,True,"hbond:2;key:ALA743,ASP855,LEU718,LYS745,MET793,VAL726",11.363340396639988,39
CCOc1cc(C)c(C)cc1-c1cc2c(NC(CO)c3ccccc3)ncnc2[nH]1,9.21522241622707,0.0748495000095032,0.4141026137851056,402.4980000000001,4.785940000000004,83.06,3,5,4,7,0.25,0,0.0,3.199986666666667,False,,0,,0,,0,,0.8070175438596491,0.7155970571590266,1.0,0.2073170731707317,Afatinib,0.1929824561403509,0.7926829268292683,0.8764109540501152,0.5546800273253978,1.0,0.9481707317073172,0.5546800273253978,0.8448154282707075,1.0,0.4453199726746022,0.5546800273253978,0.0421273677058768,9.102948166212816,-0.0408953862148944,-0.0,0.5746469833119384,9.63669976330986,0.0,0.0,0.0,0.1816499658432527,0.0,0.1816499658432527,0.0,low,,9.455049797466607,True,pass,False,,0.980269989615784,0.7445482866043613,0.9241952232606438,0.0119418483904465,0.968847352024922,0.8328141225337488,0.8161993769470405,0.8026998961578401,0.731048805815161,0.8012980269989616,10.513958330288052,10,0.0,10.416607429865362,0,9,0,1,lead,CCOc1cc(C)ccc1-c1cc2c(NC(CO)c3ccccc3)ncnc2[nH]1,COc1ccccc1-c1cc2c(NC(CO)c3ccccc3)ncnc2[nH]1,3,COc1ccccc1-c1cc2c(NC(CO)c3ccccc3)ncnc2[nH]1 -> CCOc1ccccc1-c1cc2c(NC(CO)c3ccccc3)ncnc2[nH]1 -> CCOc1cc(C)ccc1-c1cc2c(NC(CO)c3ccccc3)ncnc2[nH]1 -> CCOc1cc(C)c(C)cc1-c1cc2c(NC(CO)c3ccccc3)ncnc2[nH]1,3,append_methyl,append_group,append_group,late_stage_diversification,append_group_scan,0.74,0.63,0.64,True,0.8135593220338984,0.6991986129715078,0.573,0.8319922936921218,0.6902839078638277,True,,False,True,0,0,0.6526822107863988,Afatinib,reference_ligand,,,,,,9.33730942934638,0.487358116928423,10.490719978033283,9.52085324524955,0.0,,,,,False,False,False,False,0,COc1ccccc1-c1cc2c(NC(CO)c3ccccc3)ncnc2[nH]1,11.80279996325671,Afatinib,CN(C)CCOC1=CC2=C(NC3=CC=CC=C3F)N=CN=C2C=C1,0.4443944675587541,0.6947960618846695,0.7850952396582855,97.98190853370924,0.8046635473289752,0.6526822107863988,reference_ligand,-8.462,1,0.0,0.0,5,0.6923999999999999,ok,D:\ONCS 2026\egfr-drug-discovery-ml\reports\vina_poses\optimized_candidates\row_036_rank_009_docked.pdbqt,0.6784987737752395,consensus_vina_reference,10.925481510196793,35,2,5,0,0,7,ALA743;ASP800;ASP855;LEU718;LYS745;MET793;VAL726,LEU718;LYS745;VAL726;ASP855;ALA743;MET793,0.72,True,"hbond:2;key:ALA743,ASP800,ASP855,LEU718,LYS745,MET793,VAL726",11.357481510196793,40
COc1cc(C#N)ccc1-c1cc2c(NC(CF)c3ccccc3)ncnc2[nH]1,9.015212815563302,0.1052477558433463,0.5037673692390708,387.418,4.627880000000004,86.62,2,5,4,6,0.1363636363636363,0,0.0,2.9994533333333333,False,,0,,0,,0,,0.6567164179104478,0.6365921523603701,0.884713004291582,0.2307692307692307,Osimertinib,0.3432835820895522,0.7692307692307692,0.8051297748004831,0.6117084633378993,1.0,0.8558424455263788,0.6117084633378993,0.8181701709161903,1.0,0.3882915366621007,0.6117084633378993,-0.0173871948209429,8.857341181798283,0.0674857328754345,-0.0,0.6064250937824247,9.531252008456145,0.0,0.0,0.0078716337650195,0.1103644208276258,0.0,0.1182360545926454,0.0,low,,9.413015953863498,True,pass,False,,0.81,0.8952631578947369,0.8142105263157895,0.5205263157894737,0.6468421052631579,0.9236842105263158,0.8136842105263158,0.738421052631579,0.7697894736842106,0.7861052631578948,10.454999376877195,15,0.0,10.356342269652972,0,15,0,0,lead,COc1ccccc1-c1cc2c(NC(CF)c3ccccc3)ncnc2[nH]1,COc1ccccc1-c1cc2c(NC(CO)c3ccccc3)ncnc2[nH]1,2,COc1ccccc1-c1cc2c(NC(CO)c3ccccc3)ncnc2[nH]1 -> COc1ccccc1-c1cc2c(NC(CF)c3ccccc3)ncnc2[nH]1 -> COc1cc(C#N)ccc1-c1cc2c(NC(CF)c3ccccc3)ncnc2[nH]1,2,decorate_cyano,scaffold_decoration,scaffold_decoration,scaffold_decoration,snar_cyano_diversification,0.77,0.76,0.74,True,0.7666666666666667,0.722782305469772,0.893,0.8951732733138469,0.6982605048583755,True,,False,True,0,0,0.6416402236160893,Afatinib,reference_ligand,,,,,,9.33730942934638,0.487358116928423,10.490719978033283,9.52085324524955,0.0,,,,,False,False,False,False,0,COc1ccccc1-c1cc2c(NC(CO)c3ccccc3)ncnc2[nH]1,11.79276838736087,Afatinib,CN(C)CCOC1=CC2=C(NC3=CC=CC=C3F)N=CN=C2C=C1,0.4548323010400841,0.6813725490196079,0.7763488266030466,86.53851362724482,0.763618572510116,0.6416402236160893,reference_ligand,-8.861,1,0.0,0.0,5,0.7722000000000001,ok,D:\ONCS 2026\egfr-drug-discovery-ml\reports\vina_poses\optimized_candidates\row_057_rank_015_docked.pdbqt,0.7265040782656313,consensus_vina_reference,10.901220328352196,44,2,2,0,1,7,ALA743;ASP800;ASP855;LEU718;LYS745;MET793;VAL726,LYS745;LEU718;MET793;VAL726;ALA743;ASP800,0.7599999999999999,True,"hbond:2;salt:1;key:ALA743,ASP800,ASP855,LEU718,LYS745,MET793,VAL726",11.357220328352195,41
CCOc1ccc(F)cc1-c1cc2c(N[C@H](CO)c3ccccc3)ncnc2[nH]1,9.378855663959245,0.0881922285061224,0.4365765311989033,392.434,4.308200000000003,83.06,3,5,4,7,0.1818181818181818,0,0.0,3.132893333333334,False,,0,,0,,0,,0.8421052631578947,0.7471624592947201,1.0,0.2317073170731707,Afatinib,0.1578947368421053,0.7682926829268293,0.9079793560355256,0.5696211947234995,1.0,0.9420731707317074,0.5696211947234995,0.8549184303726831,1.0,0.4303788052765005,0.5696211947234995,0.0707479008837899,9.24656732120006,-0.0151756506192785,-0.0,0.5515404364569961,9.782932107037778,0.0,0.0,0.0,0.1629735065956256,0.0,0.1629735065956256,0.0,low,,9.619958600442152,True,pass,False,,0.9968253968253968,0.3201058201058201,0.2920634920634921,0.0613756613756613,0.8592592592592593,0.7058201058201058,0.8296296296296296,0.816931216931217,0.5686772486772488,0.6627248677248678,10.465344805450476,8,0.0,10.415228441711994,0,14,6,0,lead,CCOc1ccccc1-c1cc2c(N[C@H](CO)c3ccccc3)ncnc2[nH]1,CCOc1ccccc1-c1cc2c(N[C@H](CO)c3ccccc3)ncnc2[nH]1,1,CCOc1ccccc1-c1cc2c(N[C@H](CO)c3ccccc3)ncnc2[nH]1 -> CCOc1ccc(F)cc1-c1cc2c(N[C@H](CO)c3ccccc3)ncnc2[nH]1,1,decorate_fluoro,scaffold_decoration,scaffold_decoration,scaffold_decoration,late_stage_fluorination,0.88,0.82,0.8,True,0.8421052631578947,0.7003714030041917,0.893,0.9195969195732197,0.7050444491509569,True,,False,True,0,0,0.6448951377607576,Afatinib,reference_ligand,9.6213947221666,0.4521900852216164,10.64509070761073,9.696207052989768,0.0,9.6213947221666,0.4521900852216164,10.64509070761073,9.696207052989768,0.0,-0.2425390582073561,-0.015613554022713,-0.2298622658987366,-0.076248452547615,False,False,False,False,0,CCOc1ccccc1-c1cc2c(N[C@H](CO)c3ccccc3)ncnc2[nH]1,11.893301011332325,Afatinib,CN(C)CCOC1=CC2=C(NC3=CC=CC=C3F)N=CN=C2C=C1,0.4585616039165404,0.6872816212438855,0.7763805140246063,87.31670184750499,0.7666645973450804,0.6448951377607576,reference_ligand,-8.301,1,0.0,0.0,5,0.6602,ok,D:\ONCS 2026\egfr-drug-discovery-ml\reports\vina_poses\optimized_candidates\row_037_rank_014_docked.pdbqt,0.6548432982162651,consensus_vina_reference,10.906360915374194,42,3,2,0,0,6,ALA743;ASP855;LEU718;LYS745;MET793;VAL726,ASP855;LYS745;VAL726;MET793;ALA743;LEU788,0.7333333333333333,True,"hbond:3;key:ALA743,ASP855,LEU718,LYS745,MET793,VAL726",11.346360915374193,42
[2H]C([2H])([2H])Oc1ccc(F)cc1-c1cc2c(N[C@H](CO)c3ccccc3)ncnc2[nH]1,9.187960579340912,0.0869290170480671,0.4715375210917332,381.425305334,3.9181000000000026,83.06,3,5,4,6,0.1428571428571428,0,0.0,2.9595020355600004,False,,0,,0,,0,,0.8448275862068966,0.7603121634267351,1.0,0.2333333333333333,Osimertinib,0.1551724137931034,0.7666666666666666,0.8611398329015809,0.595518635232761,1.0,0.9416666666666668,0.595518635232761,0.8495812837002521,1.0,0.4044813647672389,0.595518635232761,0.015411398935105,9.05756705376881,0.0418979300434474,-0.0,0.5498275862068965,9.649292570019156,0.0,0.0,0.0,0.1306017059590487,0.0,0.1306017059590487,0.0,low,,9.518690864060106,True,pass,False,,0.9227513227513228,0.5074074074074074,0.5052910052910053,0.0502645502645502,0.8592592592592593,0.8624338624338624,0.8296296296296296,0.8222222222222222,0.6025661375661375,0.7047354497354497,10.37237193509852,35,0.0,10.364373403742649,0,20,0,15,lead,[2H]C([2H])([2H])Oc1ccccc1-c1cc2c(N[C@H](CO)c3ccccc3)ncnc2[nH]1,[2H]C([2H])([2H])Oc1ccccc1-c1cc2c(N[C@H](CO)c3ccccc3)ncnc2[nH]1,1,[2H]C([2H])([2H])Oc1ccccc1-c1cc2c(N[C@H](CO)c3ccccc3)ncnc2[nH]1 -> [2H]C([2H])([2H])Oc1ccc(F)cc1-c1cc2c(N[C@H](CO)c3ccccc3)ncnc2[nH]1,1,decorate_fluoro,scaffold_decoration,scaffold_decoration,scaffold_decoration,late_stage_fluorination,0.88,0.82,0.8,True,0.8448275862068966,0.7167197813015254,0.893,0.9298061541554524,0.7050444491509569,True,,False,True,0,0,0.685819631204646,Osimertinib,reference_ligand,9.386549939172664,0.4855433472748625,10.549651298502416,9.57922670295292,0.0,9.386549939172664,0.4855433472748625,10.549651298502416,9.57922670295292,0.0,-0.198589359831752,-0.0140058261831292,-0.1852778947597695,-0.0605358388928127,False,False,False,False,0,[2H]C([2H])([2H])Oc1ccccc1-c1cc2c(N[C@H](CO)c3ccccc3)ncnc2[nH]1,11.864609010800558,Osimertinib,COc1cc2ncnc(Nc3ccc(F)c(Cl)c3)c2cc1NC(=O)C=C,0.5243652990013236,0.7093098958333333,0.8144578219432941,93.6825756697825,0.7901529319954289,0.685819631204646,reference_ligand,-8.527,1,0.0,0.0,5,0.7053999999999998,ok,D:\ONCS 2026\egfr-drug-discovery-ml\reports\vina_poses\optimized_candidates\row_051_rank_020_docked.pdbqt,0.6985468709216259,consensus_vina_reference,10.888283556933867,50,3,3,0,0,6,ALA743;ASP855;LEU718;LYS745;MET793;VAL726,ASP855;LYS745;MET793;VAL726;ALA743;LEU788,0.76,True,"hbond:3;key:ALA743,ASP855,LEU718,LYS745,MET793,VAL726",11.344283556933867,43
CCOc1ccccc1-c1cc2c(NC(COC#N)c3ccccc3)ncnc2[nH]1,9.256988836249445,0.0055912664569422,0.4179457569862664,399.454,4.674480000000004,95.85,2,6,4,8,0.1739130434782608,0,0.0,3.2796933333333333,False,,0,,0,,0,,0.75,0.6874340175953079,0.977152759264196,0.2023809523809523,Afatinib,0.25,0.7976190476190477,0.9353333225425012,0.5537281150603952,1.0,0.9322693313529088,0.5537281150603952,0.8553326922389514,1.0,0.4462718849396048,0.5537281150603952,0.1066675070713998,9.248601936564029,-0.0566169386659074,-0.0,0.5960739041017633,9.788058901999884,0.0,0.0,0.0,0.182839856174506,0.0,0.182839856174506,0.0,low,,9.605219045825375,True,pass,False,,0.9778947368421052,0.5094736842105263,0.3957894736842105,0.111578947368421,0.8747368421052631,0.6915789473684211,0.8136842105263158,0.996842105263158,0.6236315789473684,0.7083684210526315,10.536416796736724,6,0.0,10.455261151088536,0,6,0,0,lead,CCOc1ccccc1-c1cc2c(NC(CO)c3ccccc3)ncnc2[nH]1,COc1ccccc1-c1cc2c(NC(CO)c3ccccc3)ncnc2[nH]1,2,COc1ccccc1-c1cc2c(NC(CO)c3ccccc3)ncnc2[nH]1 -> CCOc1ccccc1-c1cc2c(NC(CO)c3ccccc3)ncnc2[nH]1 -> CCOc1ccccc1-c1cc2c(NC(COC#N)c3ccccc3)ncnc2[nH]1,2,grow_nitrile_tail,fragment_growing,fragment_growing,fragment_growing,late_stage_nitrile_append,0.74,0.72,0.7,True,0.75,0.6845055102726211,0.8660000000000001,0.86568981695672,0.6510561114361624,True,,False,True,0,0,0.6476648055628202,Sunvozertinib,reference_ligand,,,,,,9.33730942934638,0.487358116928423,10.490719978033283,9.52085324524955,0.0,,,,,False,False,False,False,0,COc1ccccc1-c1cc2c(NC(CO)c3ccccc3)ncnc2[nH]1,11.845979036281166,Sunvozertinib,C=CC(=O)Nc1cc2ncnc(Nc3ccc(F)c(Cl)c3)c2cn1,0.4647302904564315,0.7131234524230633,0.7182042544103738,95.07729897972185,0.794974650145527,0.6476648055628202,reference_ligand,-8.422,1,0.0,0.0,5,0.6844000000000001,ok,D:\ONCS 2026\egfr-drug-discovery-ml\reports\vina_poses\optimized_candidates\row_025_rank_006_docked.pdbqt,0.6715426819469872,consensus_vina_reference,10.958918162548777,30,1,1,0,1,6,ALA743;ASP800;ASP855;LYS745;MET793;VAL726,ASP855;LYS745;VAL726;ALA743;MET793;ASP800,0.64,True,"hbond:1;salt:1;key:ALA743,ASP800,ASP855,LYS745,MET793,VAL726",11.342918162548777,44
CCOc1ccccc1-c1cc2c(NC(CO)c3ccccc3)ncnc2[nH]1,9.621394722166604,0.0550569653273099,0.4521900852216164,374.444,4.169100000000002,83.06,3,5,4,7,0.1818181818181818,0,0.0,3.01296,False,,0,,0,,0,,1.0,0.86495670995671,1.0,0.2151898734177215,Afatinib,0.0,0.7848101265822784,0.991808804812534,0.5828214699488121,1.0,0.9462025316455696,0.5828214699488121,0.880208201601729,1.0,0.4171785300511879,0.5828214699488121,0.1488008042810735,9.53880927417564,0.0184279034034345,-0.0,0.2854430379746835,9.842680215553758,0.0,0.0,0.0,0.1464731625639848,0.0,0.1464731625639848,0.0,low,,9.696207052989772,True,pass,False,,1.0,0.4328042328042328,0.4476190476190476,0.0026455026455026,0.8592592592592593,0.8031746031746032,0.8296296296296296,0.923809523809524,0.6042328042328042,0.7053439153439155,10.567759580633124,2,0.0,10.542619751402473,0,3,1,0,lead,COc1ccccc1-c1cc2c(NC(CO)c3ccccc3)ncnc2[nH]1,COc1ccccc1-c1cc2c(NC(CO)c3ccccc3)ncnc2[nH]1,1,COc1ccccc1-c1cc2c(NC(CO)c3ccccc3)ncnc2[nH]1 -> CCOc1ccccc1-c1cc2c(NC(CO)c3ccccc3)ncnc2[nH]1,1,methoxy_to_ethoxy,williamson,reaction_transform,williamson,o_alkylation,0.83,0.79,0.82,True,0.8333333333333334,0.7074071505932987,0.744,0.8967153229104481,0.7373522057775284,True,,False,True,0,0,0.6418217752774235,Afatinib,reference_ligand,9.33730942934638,0.487358116928423,10.490719978033283,9.52085324524955,0.0,9.33730942934638,0.487358116928423,10.490719978033283,9.52085324524955,0.0,0.2840852928202242,-0.0351680317068066,0.0518997733691879,0.1753538077402225,True,True,False,True,3,COc1ccccc1-c1cc2c(NC(CO)c3ccccc3)ncnc2[nH]1,12.003976210909563,Afatinib,CN(C)CCOC1=CC2=C(NC3=CC=CC=C3F)N=CN=C2C=C1,0.4783702816057519,0.6970490658285315,0.6660639339560271,98.72825450026656,0.8070783070339944,0.6418217752774235,reference_ligand,-8.259,1,0.0,0.0,5,0.6518,ok,D:\ONCS 2026\egfr-drug-discovery-ml\reports\vina_poses\optimized_candidates\row_009_rank_003_docked.pdbqt,0.6483076213470982,consensus_vina_reference,11.028850467412797,13,1,1,0,0,5,ALA743;ASP855;LYS745;MET793;VAL726,ASP855;LYS745;VAL726;MET793;ALA743;THR854,0.52,True,"hbond:1;key:ALA743,ASP855,LYS745,MET793,VAL726",11.340850467412796,45
[2H]C([2H])([2H])Oc1ccccc1-c1cc2c(N[C@H](CF)c3ccccc3)ncnc2[nH]1,9.101626233876978,0.0559811077548337,0.5172404728978485,365.426305334,4.756200000000003,62.83,2,4,4,6,0.1428571428571428,0,0.0,2.85284203556,False,,0,,0,,0,,0.8214285714285714,0.715247157841844,1.0,0.2278481012658227,Afatinib,0.1785714285714286,0.7721518987341772,0.8612197830408608,0.624757566418432,1.0,0.9430379746835444,0.624757566418432,0.8572538310357093,1.0,0.3752424335815679,0.624757566418432,0.0052879360068686,9.017654572244728,0.1035998818495627,-0.0,0.5620027124773961,9.683257166571686,0.0,0.0,0.0,0.0940530419769599,0.0,0.0940530419769599,0.0,low,,9.589204124594726,True,pass,False,,0.8719576719576719,0.6973544973544974,0.6137566137566137,0.119047619047619,0.8592592592592593,0.9566137566137566,0.8296296296296296,0.9195767195767196,0.6477248677248678,0.75,10.460527007841527,9,0.0,10.489204124594728,0,6,0,3,lead,[2H]C([2H])([2H])Oc1ccccc1-c1cc2c(N[C@H](CO)c3ccccc3)ncnc2[nH]1,[2H]C([2H])([2H])Oc1ccccc1-c1cc2c(N[C@H](CO)c3ccccc3)ncnc2[nH]1,1,[2H]C([2H])([2H])Oc1ccccc1-c1cc2c(N[C@H](CO)c3ccccc3)ncnc2[nH]1 -> [2H]C([2H])([2H])Oc1ccccc1-c1cc2c(N[C@H](CF)c3ccccc3)ncnc2[nH]1,1,alcohol_fluorination,functional_group_swap,reaction_transform,functional_group_swap,halogen_exchange,0.74,0.66,0.7,True,0.8214285714285714,0.7306130381220899,0.835,0.9000140990705899,0.7543213928155906,True,,False,True,0,0,0.716779327230384,Osimertinib,reference_ligand,9.386549939172664,0.4855433472748625,10.549651298502416,9.57922670295292,0.0,9.386549939172664,0.4855433472748625,10.549651298502416,9.57922670295292,0.0,-0.2849237052956859,0.0316971256229859,-0.0604471739076899,0.0099774216418069,False,False,True,True,2,[2H]C([2H])([2H])Oc1ccccc1-c1cc2c(N[C@H](CO)c3ccccc3)ncnc2[nH]1,11.975225971098302,Osimertinib,COc1cc2ncnc(Nc3ccc(F)c(Cl)c3)c2cc1NC(=O)C=C,0.6072394692773413,0.7643911139938382,0.754046972431909,97.23951257275192,0.8022315827926602,0.716779327230384,reference_ligand,-8.605,1,0.0,0.0,5,0.7210000000000001,ok,D:\ONCS 2026\egfr-drug-discovery-ml\reports\vina_poses\optimized_candidates\row_017_rank_006_docked.pdbqt,0.7195227645306345,consensus_vina_reference,11.028846197992705,14,1,1,0,0,5,ALA743;ASP855;LYS745;MET793;VAL726,ASP855;LYS745;MET793;VAL726;ALA743;THR854,0.52,True,"hbond:1;key:ALA743,ASP855,LYS745,MET793,VAL726",11.340846197992704,46
COc1ccccc1-c1cc2c(N[C@H](CF)c3ccccc3)ncnc2[nH]1,9.071690957623554,0.0459628136416805,0.5192265511151524,362.408,4.756200000000003,62.83,2,4,4,6,0.1428571428571428,0,0.0,2.83272,False,,0,,0,,0,,0.8148148148148148,0.7540868454661558,1.0,0.253012048192771,Osimertinib,0.1851851851851852,0.7469879518072289,0.8607487698567121,0.6266238338825646,1.0,0.9367469879518072,0.6266238338825646,0.8560298979227711,1.0,0.3733761661174354,0.6266238338825646,0.0062918292452547,9.002746737161033,0.1086042654008666,-0.0,0.557429718875502,9.668780721437402,0.0,0.0,0.0,0.0917202076467942,0.0,0.0917202076467942,0.0,low,,9.577060513790608,True,pass,False,,0.8396825396825397,0.701058201058201,0.6164021164021164,0.1455026455026455,0.8592592592592593,0.9582010582010582,0.8296296296296296,0.9444444444444444,0.6396296296296297,0.7451851851851852,10.436336276992956,14,0.0,10.47128273601283,0,10,0,4,lead,COc1ccccc1-c1cc2c(N[C@H](CO)c3ccccc3)ncnc2[nH]1,COc1ccccc1-c1cc2c(N[C@H](CO)c3ccccc3)ncnc2[nH]1,1,COc1ccccc1-c1cc2c(N[C@H](CO)c3ccccc3)ncnc2[nH]1 -> COc1ccccc1-c1cc2c(N[C@H](CF)c3ccccc3)ncnc2[nH]1,1,alcohol_fluorination,functional_group_swap,reaction_transform,functional_group_swap,halogen_exchange,0.74,0.66,0.7,True,0.8148148148148148,0.7316414301273396,0.835,0.8972958572386575,0.7543213928155906,True,,False,True,0,0,0.7010650994508834,Osimertinib,reference_ligand,9.33730942934638,0.487358116928423,10.490719978033283,9.52085324524955,0.0,9.33730942934638,0.487358116928423,10.490719978033283,9.52085324524955,0.0,-0.265618471722826,0.0318684341867293,-0.0194372420204533,0.0562072685410584,False,False,True,True,2,COc1ccccc1-c1cc2c(N[C@H](CO)c3ccccc3)ncnc2[nH]1,11.949420805996184,Osimertinib,COc1cc2ncnc(Nc3ccc(F)c(Cl)c3)c2cc1NC(=O)C=C,0.574792243767313,0.7393909944930352,0.7292251255407506,104.4611389484047,0.8246583605022666,0.7010650994508834,reference_ligand,-8.651,1,0.0,0.0,5,0.7302,ok,D:\ONCS 2026\egfr-drug-discovery-ml\reports\vina_poses\optimized_candidates\row_023_rank_010_docked.pdbqt,0.7200027848078092,consensus_vina_reference,11.011284824618686,18,1,1,0,0,5,ALA743;ASP855;LYS745;MET793;VAL726,ASP855;LYS745;MET793;VAL726;ALA743;THR854,0.52,True,"hbond:1;key:ALA743,ASP855,LYS745,MET793,VAL726",11.323284824618685,47
COc1c(F)cccc1-c1cc2c(N[C@H](CO)c3ccccc3)ncnc2[nH]1,9.105738360620292,0.0907623260969486,0.4736945471819129,378.407,3.9181000000000017,83.06,3,5,4,6,0.1428571428571428,0,0.0,2.9393800000000003,False,,0,,0,,0,,0.7457627118644068,0.7153557759900023,1.0,0.2658227848101265,Afatinib,0.2542372881355932,0.7341772151898734,0.8379009618872089,0.5974789240269752,1.0,0.9335443037974684,0.5974789240269752,0.8422310474279131,1.0,0.4025210759730248,0.5974789240269752,-0.0057734473876056,8.969594871474868,0.0470732614676271,-0.0,0.584659944217979,9.601328077160474,0.0,0.0,0.0,0.128151344966281,0.0,0.128151344966281,0.0,low,,9.473176732194194,True,pass,False,,0.8756613756613757,0.5518518518518518,0.5328042328042328,0.4343915343915344,0.8592592592592593,0.8841269841269841,0.8296296296296296,0.807936507936508,0.6712169312169313,0.7398941798941798,10.406788394620792,25,0.0,10.36104974806721,0,22,0,3,lead,COc1ccccc1-c1cc2c(N[C@H](CO)c3ccccc3)ncnc2[nH]1,COc1ccccc1-c1cc2c(N[C@H](CO)c3ccccc3)ncnc2[nH]1,1,COc1ccccc1-c1cc2c(N[C@H](CO)c3ccccc3)ncnc2[nH]1 -> COc1c(F)cccc1-c1cc2c(N[C@H](CO)c3ccccc3)ncnc2[nH]1,1,decorate_fluoro,scaffold_decoration,scaffold_decoration,scaffold_decoration,late_stage_fluorination,0.88,0.82,0.8,True,0.7457627118644068,0.7177892007962653,0.893,0.9147040369731352,0.7050444491509569,True,,False,True,0,0,0.6731286807749127,Osimertinib,reference_ligand,9.33730942934638,0.487358116928423,10.490719978033283,9.52085324524955,0.0,9.33730942934638,0.487358116928423,10.490719978033283,9.52085324524955,0.0,-0.2315710687260885,-0.01366356974651,-0.1296702299660737,-0.0476765130553555,False,False,False,False,0,COc1ccccc1-c1cc2c(N[C@H](CO)c3ccccc3)ncnc2[nH]1,11.819254627452532,Osimertinib,COc1cc2ncnc(Nc3ccc(F)c(Cl)c3)c2cc1NC(=O)C=C,0.522812086192368,0.7053759948026637,0.7308386584071235,100.15321130358028,0.8116060798625059,0.6731286807749127,reference_ligand,-8.376,1,0.0,0.0,5,0.6751999999999999,ok,D:\ONCS 2026\egfr-drug-discovery-ml\reports\vina_poses\optimized_candidates\row_054_rank_022_docked.pdbqt,0.6744750382712194,consensus_vina_reference,10.866906026770623,56,3,3,0,0,5,ALA743;ASP855;LYS745;MET793;VAL726,LYS745;ASP855;ALA743;MET793;VAL726;MET766,0.76,True,"hbond:3;key:ALA743,ASP855,LYS745,MET793,VAL726",11.322906026770623,48
CCOc1ccc(C#N)cc1-c1cc2c(NC(CO)c3ccccc3)ncnc2[nH]1,9.255345899293886,0.0640424693787603,0.4329281019502228,399.45400000000006,4.0407800000000025,106.85,3,6,4,7,0.1739130434782608,0,0.0,3.179693333333334,False,,0,,0,,0,,0.7704918032786885,0.6712663667789677,0.9477570305072138,0.2093023255813953,Afatinib,0.2295081967213115,0.7906976744186046,0.8940067462583392,0.5658145586367251,1.0,0.9084921914850616,0.5658145586367251,0.8420783740950315,1.0,0.4341854413632748,0.5658145586367251,0.0692378295510769,9.159282195225746,-0.0266345937019511,-0.0,0.577427248476975,9.710074850000767,0.0,0.0,0.0,0.1677318017040935,0.0,0.1677318017040935,0.0,low,,9.542343048296676,True,pass,False,,0.9768421052631578,0.5868421052631579,0.588421052631579,0.0726315789473684,0.8131578947368421,0.7863157894736842,0.8136842105263158,0.8873684210526316,0.6597368421052632,0.7328684210526315,10.501759060527084,9,0.0,10.421785153559831,0,10,1,0,lead,CCOc1ccccc1-c1cc2c(NC(CO)c3ccccc3)ncnc2[nH]1,COc1ccccc1-c1cc2c(NC(CO)c3ccccc3)ncnc2[nH]1,2,COc1ccccc1-c1cc2c(NC(CO)c3ccccc3)ncnc2[nH]1 -> CCOc1ccccc1-c1cc2c(NC(CO)c3ccccc3)ncnc2[nH]1 -> CCOc1ccc(C#N)cc1-c1cc2c(NC(CO)c3ccccc3)ncnc2[nH]1,2,decorate_cyano,scaffold_decoration,scaffold_decoration,scaffold_decoration,snar_cyano_diversification,0.77,0.76,0.74,True,0.7704918032786885,0.6975098752145082,0.893,0.8928464582573781,0.6982605048583755,True,,False,True,0,0,0.6716050438981771,Afatinib,reference_ligand,,,,,,9.33730942934638,0.487358116928423,10.490719978033283,9.52085324524955,0.0,,,,,False,False,False,False,0,COc1ccccc1-c1cc2c(NC(CO)c3ccccc3)ncnc2[nH]1,11.86111594635416,Afatinib,CN(C)CCOC1=CC2=C(NC3=CC=CC=C3F)N=CN=C2C=C1,0.4684695051783659,0.7148375768217735,0.7869207602789845,106.02033494354342,0.8291561986623894,0.6716050438981771,reference_ligand,-8.198,1,0.0,0.0,5,0.6396000000000001,ok,D:\ONCS 2026\egfr-drug-discovery-ml\reports\vina_poses\optimized_candidates\row_034_rank_010_docked.pdbqt,0.6508017653643621,consensus_vina_reference,10.909886477583102,40,2,3,0,0,7,ALA743;ASP800;ASP855;LEU718;LYS745;MET793;VAL726,ASP855;LEU718;VAL726;MET793;LYS745;ALA743,0.6666666666666666,True,"hbond:2;key:ALA743,ASP800,ASP855,LEU718,LYS745,MET793,VAL726",11.309886477583103,49
CCOc1cc(F)ccc1-c1cc2c(NC(CO)c3ccccc3)ncnc2[nH]1,9.38903133950028,0.1402803740717658,0.4365765311989033,392.434,4.308200000000003,83.06,3,5,4,7,0.1818181818181818,0,0.0,3.132893333333334,False,,0,,0,,0,,0.847457627118644,0.7764072017112217,1.0,0.2317073170731707,Afatinib,0.1525423728813559,0.7682926829268293,0.8740615730248342,0.5696211947234995,1.0,0.9420731707317074,0.5696211947234995,0.8464389846200102,1.0,0.4303788052765005,0.5696211947234995,0.0368301178730986,9.178610778392631,-0.0151756506192785,-0.0,0.549131872674659,9.712567000448011,0.0,0.0,0.0604205611076486,0.1629735065956256,0.0,0.2233940677032743,0.0,low,,9.489172932744738,True,pass,False,,0.9989473684210526,0.6457894736842106,0.6442105263157895,0.0073684210526315,0.9557894736842104,0.7968421052631579,0.8136842105263158,0.5789473684210527,0.6767894736842105,0.7472894736842106,10.524714368869066,7,0.0,10.385920301165791,0,12,5,0,lead,CCOc1ccccc1-c1cc2c(NC(CO)c3ccccc3)ncnc2[nH]1,COc1ccccc1-c1cc2c(NC(CO)c3ccccc3)ncnc2[nH]1,2,COc1ccccc1-c1cc2c(NC(CO)c3ccccc3)ncnc2[nH]1 -> CCOc1ccccc1-c1cc2c(NC(CO)c3ccccc3)ncnc2[nH]1 -> CCOc1cc(F)ccc1-c1cc2c(NC(CO)c3ccccc3)ncnc2[nH]1,2,decorate_fluoro,scaffold_decoration,scaffold_decoration,scaffold_decoration,late_stage_fluorination,0.88,0.82,0.8,True,0.8421052631578947,0.7003714030041917,0.893,0.9173881674246857,0.7050444491509569,True,,False,True,0,0,0.6282127197204702,Afatinib,reference_ligand,,,,,,9.33730942934638,0.487358116928423,10.490719978033283,9.52085324524955,0.0,,,,,False,False,False,False,0,COc1ccccc1-c1cc2c(NC(CO)c3ccccc3)ncnc2[nH]1,11.857890775915342,Afatinib,CN(C)CCOC1=CC2=C(NC3=CC=CC=C3F)N=CN=C2C=C1,0.4451523224834935,0.6743288296192315,0.748437490118854,83.5205366851434,0.7514245716145216,0.6282127197204702,reference_ligand,-8.101,1,0.0,0.0,5,0.6202000000000002,ok,D:\ONCS 2026\egfr-drug-discovery-ml\reports\vina_poses\optimized_candidates\row_046_rank_012_docked.pdbqt,0.6230044519021647,consensus_vina_reference,10.853173640092416,57,3,3,0,0,6,ALA743;ASP855;LEU718;LYS745;MET793;VAL726,LYS745;ASP855;VAL726;MET793;ALA743;MET766,0.76,True,"hbond:3;key:ALA743,ASP855,LEU718,LYS745,MET793,VAL726",11.309173640092416,50
COc1cc(C#N)ccc1-c1cc2c(N[C@H](CF)c3ccccc3)ncnc2[nH]1,9.015212815563302,0.1052477558433463,0.5037673692390708,387.418,4.627880000000004,86.62,2,5,4,6,0.1363636363636363,0,0.0,2.9994533333333333,False,,0,,0,,0,,0.6567164179104478,0.6365921523603701,0.884713004291582,0.2307692307692307,Osimertinib,0.3432835820895522,0.7692307692307692,0.8051297748004831,0.6117084633378993,1.0,0.8558424455263788,0.6117084633378993,0.8181701709161903,1.0,0.3882915366621007,0.6117084633378993,-0.0173871948209429,8.857341181798283,0.0674857328754345,-0.0,0.6064250937824247,9.531252008456145,0.0,0.0,0.0078716337650195,0.1103644208276258,0.0,0.1182360545926454,0.0,low,,9.413015953863498,True,pass,False,,0.81,0.8952631578947369,0.8142105263157895,0.5205263157894737,0.6468421052631579,0.9236842105263158,0.8136842105263158,0.738421052631579,0.7697894736842106,0.7861052631578948,10.454999376877195,14,0.0,10.356342269652972,0,14,0,0,lead,COc1ccccc1-c1cc2c(N[C@H](CF)c3ccccc3)ncnc2[nH]1,COc1ccccc1-c1cc2c(N[C@H](CO)c3ccccc3)ncnc2[nH]1,2,COc1ccccc1-c1cc2c(N[C@H](CO)c3ccccc3)ncnc2[nH]1 -> COc1ccccc1-c1cc2c(N[C@H](CF)c3ccccc3)ncnc2[nH]1 -> COc1cc(C#N)ccc1-c1cc2c(N[C@H](CF)c3ccccc3)ncnc2[nH]1,2,decorate_cyano,scaffold_decoration,scaffold_decoration,scaffold_decoration,snar_cyano_diversification,0.77,0.76,0.74,True,0.7666666666666667,0.722782305469772,0.893,0.8980880510953884,0.6982605048583755,True,,False,True,0,0,0.6636551615431394,Afatinib,reference_ligand,,,,,,9.33730942934638,0.487358116928423,10.490719978033283,9.52085324524955,0.0,,,,,False,False,False,False,0,COc1ccccc1-c1cc2c(N[C@H](CO)c3ccccc3)ncnc2[nH]1,11.800821011355826,Afatinib,CN(C)CCOC1=CC2=C(NC3=CC=CC=C3F)N=CN=C2C=C1,0.4915558749550844,0.7221537920112617,0.7838571314303945,86.03679836112174,0.7616336824821144,0.6636551615431394,reference_ligand,-8.787,1,0.0,0.0,5,0.7574000000000002,ok,D:\ONCS 2026\egfr-drug-discovery-ml\reports\vina_poses\optimized_candidates\row_058_rank_014_docked.pdbqt,0.7245893065400989,consensus_vina_reference,10.899784249558046,45,1,2,0,1,7,ALA743;ASP800;ASP855;LEU718;LYS745;MET793;VAL726,LYS745;MET793;LEU718;VAL726;ALA743;ASP800,0.6666666666666666,True,"hbond:1;salt:1;key:ALA743,ASP800,ASP855,LEU718,LYS745,MET793,VAL726",11.299784249558046,51
C#Cc1ccc(OC)c(-c2cc3c(NC(CO)c4ccccc4)ncnc3[nH]2)c1,9.15968069783507,0.0994497812640664,0.4410336463311468,384.439,3.760300000000001,83.06,3,5,4,6,0.1304347826086956,0,0.0,2.9795933333333338,False,,0,,0,,0,,0.7666666666666667,0.7189918414918415,1.0,0.2371134020618556,Erlotinib,0.2333333333333332,0.7628865979381443,0.8453053275739209,0.5779687618923872,1.0,0.940721649484536,0.5779687618923872,0.8409989347377111,1.0,0.4220312381076128,0.5779687618923872,0.0057418571149464,9.01050602593897,0.0071381245920163,-0.0,0.5838659793814432,9.601510129912429,0.0,0.0,0.0,0.1525390476345159,0.0,0.1525390476345159,0.0,low,,9.448971082277913,True,pass,False,,0.9773218142548596,0.8326133909287257,0.9541036717062636,0.0091792656587473,0.9848812095032398,0.8887688984881209,0.8612311015118791,0.7710583153347732,0.7512688984881211,0.8264578833693305,10.503032808098174,4,0.0,10.44072054232111,0,4,0,0,lead,C#Cc1ccc(OCC)c(-c2cc3c(NC(CO)c4ccccc4)ncnc3[nH]2)c1,COc1ccccc1-c1cc2c(NC(CO)c3ccccc3)ncnc2[nH]1,4,COc1ccccc1-c1cc2c(NC(CO)c3ccccc3)ncnc2[nH]1 -> CCOc1ccccc1-c1cc2c(NC(CO)c3ccccc3)ncnc2[nH]1 -> CCOc1ccc(C#N)cc1-c1cc2c(NC(CO)c3ccccc3)ncnc2[nH]1 -> C#Cc1ccc(OCC)c(-c2cc3c(NC(CO)c4ccccc4)ncnc3[nH]2)c1 -> C#Cc1ccc(OC)c(-c2cc3c(NC(CO)c4ccccc4)ncnc3[nH]2)c1,4,phenetole_to_anisole,mmp,matched_molecular_pair,matched_molecular_pair,late_stage_alkoxy_tuning,0.78,0.76,0.74,True,0.8548387096774194,0.7077437511363055,0.8600000000000001,0.897781082748554,0.6809134438286149,True,,False,True,0,0,0.6426784972679552,Osimertinib,reference_ligand,,,,,,9.33730942934638,0.487358116928423,10.490719978033283,9.52085324524955,0.0,,,,,False,False,False,False,0,COc1ccccc1-c1cc2c(NC(CO)c3ccccc3)ncnc2[nH]1,11.896295295474552,Osimertinib,COc1cc2ncnc(Nc3ccc(F)c(Cl)c3)c2cc1NC(=O)C=C,0.4993063583815028,0.7025048796356539,0.6594823242426731,91.42185473732884,0.7820953242350555,0.6426784972679552,reference_ligand,-8.684,1,0.0,0.0,5,0.7367999999999999,ok,D:\ONCS 2026\egfr-drug-discovery-ml\reports\vina_poses\optimized_candidates\row_029_rank_004_docked.pdbqt,0.7038574740437843,consensus_vina_reference,10.968613647853948,26,1,2,0,0,7,ALA743;ASP800;ASP855;LEU718;LYS745;MET793;VAL726,ASP855;LEU718;VAL726;LYS745;MET793;LEU788,0.5466666666666666,True,"hbond:1;key:ALA743,ASP800,ASP855,LEU718,LYS745,MET793,VAL726",11.296613647853947,52
CCOc1cc(N(C)C)ccc1-c1cc2c(NC(CO)c3ccccc3)ncnc2[nH]1,9.369222688621836,0.0778135714887086,0.3976603138501544,417.5130000000001,4.235100000000002,86.30000000000001,3,6,4,8,0.25,0,0.0,3.400086666666668,False,,0,,0,,0,,0.7833333333333333,0.6973748473748473,0.9952269952269952,0.2261904761904762,Afatinib,0.2166666666666666,0.7738095238095238,0.9128361721133632,0.5379406085150209,1.0,0.9398726273726272,0.5379406085150209,0.8476623520002529,1.0,0.4620593914849791,0.5379406085150209,0.0868984268174805,9.252502331388774,-0.0873526861498457,-0.0,0.5784496059496059,9.743599251188536,0.0,0.0,0.0,0.2025742393562238,0.0,0.2025742393562238,0.0,low,,9.54102501183231,True,pass,False,,0.9968847352024922,0.6479750778816199,0.5275181723779855,0.0202492211838006,0.9345794392523364,0.7092419522326064,0.8161993769470405,0.7892004153686397,0.6613707165109034,0.7365005192107995,10.537244111001618,6,0.0,10.42482563488527,0,8,2,0,lead,CCOc1cc(F)ccc1-c1cc2c(NC(CO)c3ccccc3)ncnc2[nH]1,COc1ccccc1-c1cc2c(NC(CO)c3ccccc3)ncnc2[nH]1,3,COc1ccccc1-c1cc2c(NC(CO)c3ccccc3)ncnc2[nH]1 -> CCOc1ccccc1-c1cc2c(NC(CO)c3ccccc3)ncnc2[nH]1 -> CCOc1cc(F)ccc1-c1cc2c(NC(CO)c3ccccc3)ncnc2[nH]1 -> CCOc1cc(N(C)C)ccc1-c1cc2c(NC(CO)c3ccccc3)ncnc2[nH]1,3,aryl_f_to_dimethylamino,snar,reaction_transform,snar,snar_diversification,0.79,0.76,0.8,True,0.7777777777777778,0.683099181417227,0.913,0.8929171901126771,0.6255282957917517,True,,False,True,0,0,0.6958813019164513,Afatinib,reference_ligand,,,,,,9.33730942934638,0.487358116928423,10.490719978033283,9.52085324524955,0.0,,,,,False,False,False,False,0,COc1ccccc1-c1cc2c(NC(CO)c3ccccc3)ncnc2[nH]1,11.854141049240958,Afatinib,CN(C)CCOC1=CC2=C(NC3=CC=CC=C3F)N=CN=C2C=C1,0.5043567988993349,0.7702679040448258,0.8290591371881219,95.9585794744325,0.7979640562203779,0.6958813019164513,reference_ligand,-8.058,1,0.0,0.0,5,0.6115999999999999,ok,D:\ONCS 2026\egfr-drug-discovery-ml\reports\vina_poses\optimized_candidates\row_032_rank_008_docked.pdbqt,0.6410984556707578,consensus_vina_reference,10.905649476638338,43,2,2,0,0,6,ALA743;ASP855;LEU718;LYS745;MET793;VAL726,LEU718;MET793;ASP855;VAL726;ALA743;LEU844,0.64,True,"hbond:2;key:ALA743,ASP855,LEU718,LYS745,MET793,VAL726",11.289649476638338,53
CCOc1cc(C)c(F)cc1-c1cc2c(NC(CO)c3ccccc3)ncnc2[nH]1,9.229996182720576,0.0873263170831218,0.417250761615392,406.46100000000007,4.616620000000004,83.06,3,5,4,7,0.217391304347826,0,0.0,3.226406666666667,False,,0,,0,,0,,0.7666666666666667,0.6856410256410256,0.9738927738927736,0.2439024390243902,Afatinib,0.2333333333333332,0.7560975609756098,0.8713706237219584,0.5553953547859015,1.0,0.9194439706634828,0.5553953547859015,0.8365524872928357,1.0,0.4446046452140985,0.5553953547859015,0.046424181905497,9.099006707095892,-0.0449711079498254,-0.0,0.5753024617658763,9.629338060911945,0.0,0.0,0.0,0.1807558065176231,0.0,0.1807558065176231,0.0,low,,9.44858225439432,True,pass,False,,0.9823468328141224,0.822429906542056,0.8722741433021807,0.0420560747663551,0.9158878504672896,0.8504672897196262,0.8161993769470405,0.7445482866043613,0.7457943925233644,0.8049844236760124,10.52429133193998,7,0.0,10.414563562805531,0,10,3,0,lead,CCOc1ccc(F)cc1-c1cc2c(NC(CO)c3ccccc3)ncnc2[nH]1,COc1ccccc1-c1cc2c(NC(CO)c3ccccc3)ncnc2[nH]1,3,COc1ccccc1-c1cc2c(NC(CO)c3ccccc3)ncnc2[nH]1 -> CCOc1ccccc1-c1cc2c(NC(CO)c3ccccc3)ncnc2[nH]1 -> CCOc1ccc(F)cc1-c1cc2c(NC(CO)c3ccccc3)ncnc2[nH]1 -> CCOc1cc(C)c(F)cc1-c1cc2c(NC(CO)c3ccccc3)ncnc2[nH]1,3,append_methyl,append_group,append_group,late_stage_diversification,append_group_scan,0.74,0.63,0.64,True,0.7903225806451613,0.6963311983713001,0.573,0.8297174465854564,0.6902839078638277,True,,False,True,0,0,0.6656377987289359,Afatinib,reference_ligand,,,,,,9.33730942934638,0.487358116928423,10.490719978033283,9.52085324524955,0.0,,,,,False,False,False,False,0,COc1ccccc1-c1cc2c(NC(CO)c3ccccc3)ncnc2[nH]1,11.79555105745255,Afatinib,CN(C)CCOC1=CC2=C(NC3=CC=CC=C3F)N=CN=C2C=C1,0.4717936909970066,0.7165588389578598,0.8064451409783492,91.8478201981554,0.7836368435709673,0.6656377987289359,reference_ligand,-8.324,1,0.0,0.0,5,0.6648,ok,D:\ONCS 2026\egfr-drug-discovery-ml\reports\vina_poses\optimized_candidates\row_038_rank_010_docked.pdbqt,0.6650932295551275,consensus_vina_reference,10.913383484971876,39,1,5,0,0,7,ALA743;ASP800;ASP855;LEU718;LYS745;MET793;VAL726,LEU718;LYS745;VAL726;ASP855;ALA743;MET793,0.6266666666666666,True,"hbond:1;key:ALA743,ASP800,ASP855,LEU718,LYS745,MET793,VAL726",11.289383484971875,54
[2H]C([2H])([2H])Oc1cc(N(C)C)c(OC)cc1-c1cc2c(N[C@H](CO)c3ccccc3)ncnc2[nH]1,9.33932151715661,0.0409530250932876,0.3860443153822991,436.5303053340001,3.853600000000001,95.53,3,7,4,8,0.25,0,0.0,3.526868702226668,False,,0,,0,,0,,0.7619047619047619,0.7250414593698176,1.0,0.2234042553191489,Osimertinib,0.2380952380952381,0.7765957446808511,0.9311632617238512,0.5266755772207774,1.0,0.9441489361702128,0.5266755772207774,0.8504969437787103,1.0,0.4733244227792226,0.5266755772207774,0.1075550905935213,9.27789197951668,-0.1179859899517009,-0.0,0.5901215805471125,9.750027570112092,0.0,0.0,0.0,0.2166555284740282,0.0,0.2166555284740282,0.0,low,,9.533372041638064,True,pass,False,,0.9978401727861772,0.550755939524838,0.3077753779697624,0.0107991360691144,0.9848812095032398,0.7095032397408207,0.8612311015118791,0.9578833693304536,0.6075053995680346,0.7172786177105832,10.479034049593734,6,0.0,10.394106382890763,0,6,0,0,lead,[2H]C([2H])([2H])Oc1cc(N(C)C)c(F)cc1-c1cc2c(N[C@H](CO)c3ccccc3)ncnc2[nH]1,[2H]C([2H])([2H])Oc1ccccc1-c1cc2c(N[C@H](CO)c3ccccc3)ncnc2[nH]1,4,[2H]C([2H])([2H])Oc1ccccc1-c1cc2c(N[C@H](CO)c3ccccc3)ncnc2[nH]1 -> [2H]C([2H])([2H])Oc1ccc(F)cc1-c1cc2c(N[C@H](CO)c3ccccc3)ncnc2[nH]1 -> [2H]C([2H])([2H])Oc1cc(F)c(F)cc1-c1cc2c(N[C@H](CO)c3ccccc3)ncnc2[nH]1 -> [2H]C([2H])([2H])Oc1cc(N(C)C)c(F)cc1-c1cc2c(N[C@H](CO)c3ccccc3)ncnc2[nH]1 -> [2H]C([2H])([2H])Oc1cc(N(C)C)c(OC)cc1-c1cc2c(N[C@H](CO)c3ccccc3)ncnc2[nH]1,4,aryl_f_to_methoxy,snar,reaction_transform,snar,snar_diversification,0.87,0.82,0.88,True,0.8333333333333334,0.6768350601647483,0.913,0.9102225487795552,0.6255226126863359,True,,False,True,0,0,0.6522290493211859,Osimertinib,reference_ligand,,,,,,9.386549939172664,0.4855433472748625,10.549651298502416,9.57922670295292,0.0,,,,,False,False,False,False,0,[2H]C([2H])([2H])Oc1ccccc1-c1cc2c(N[C@H](CO)c3ccccc3)ncnc2[nH]1,11.842521291412524,Osimertinib,COc1cc2ncnc(Nc3ccc(F)c(Cl)c3)c2cc1NC(=O)C=C,0.5033813263525305,0.7462807244501941,0.6071882564554542,103.35880059992051,0.821407155666682,0.6522290493211859,reference_ligand,-8.342,1,0.0,0.0,5,0.6684000000000001,ok,D:\ONCS 2026\egfr-drug-discovery-ml\reports\vina_poses\optimized_candidates\row_043_rank_006_docked.pdbqt,0.6627401672624151,consensus_vina_reference,10.891161508337577,49,1,6,0,0,7,ALA743;ASP800;ASP855;LEU718;LYS745;MET793;VAL726,LEU718;MET793;LYS745;VAL726;ALA743;ASP855,0.6533333333333333,True,"hbond:1;key:ALA743,ASP800,ASP855,LEU718,LYS745,MET793,VAL726",11.283161508337576,55
CCOc1ccccc1-c1cc2c(NC(CO)c3cccc(C)c3)ncnc2[nH]1,9.308894445279533,0.1039320302149321,0.4348209892776107,388.47100000000006,4.477520000000003,83.06,3,5,4,7,0.217391304347826,0,0.0,3.106473333333334,False,,0,,0,,0,,0.8421052631578947,0.7320574925768503,1.0,0.2023809523809523,Afatinib,0.1578947368421053,0.7976190476190477,0.8794711901694308,0.5696718005129424,1.0,0.949404761904762,0.5696718005129424,0.8496369381467838,1.0,0.4303281994870576,0.5696718005129424,0.0397790026968626,9.152996399957134,-0.0094108802876067,-0.0,0.5603383458646617,9.703923865534188,0.0,0.0,0.0058980453223982,0.1629102493588219,0.0,0.1688082946812202,0.0,low,,9.535115570852968,True,pass,False,,0.9873684210526316,0.621578947368421,0.6947368421052632,0.0147368421052631,0.9557894736842104,0.8063157894736842,0.8136842105263158,0.7431578947368421,0.6757894736842105,0.7551315789473685,10.51487123395524,8,0.0,10.44127346558981,0,7,0,1,lead,CCOc1ccccc1-c1cc2c(NC(CO)c3ccccc3)ncnc2[nH]1,COc1ccccc1-c1cc2c(NC(CO)c3ccccc3)ncnc2[nH]1,2,COc1ccccc1-c1cc2c(NC(CO)c3ccccc3)ncnc2[nH]1 -> CCOc1ccccc1-c1cc2c(NC(CO)c3ccccc3)ncnc2[nH]1 -> CCOc1ccccc1-c1cc2c(NC(CO)c3cccc(C)c3)ncnc2[nH]1,2,append_methyl,append_group,append_group,late_stage_diversification,append_group_scan,0.74,0.63,0.64,True,0.8421052631578947,0.7038365476338885,0.573,0.8348963776051265,0.6902839078638277,True,,False,True,0,0,0.6353187916217519,Sunvozertinib,reference_ligand,,,,,,9.33730942934638,0.487358116928423,10.490719978033283,9.52085324524955,0.0,,,,,False,False,False,False,0,COc1ccccc1-c1cc2c(NC(CO)c3ccccc3)ncnc2[nH]1,11.833750695539484,Sunvozertinib,C=CC(=O)Nc1cc2ncnc(Nc3ccc(F)c(Cl)c3)c2cn1,0.4559609574715315,0.6953748006379585,0.6706954162694779,99.667135603017,0.8100736525009142,0.6353187916217519,reference_ligand,-8.23,1,0.0,0.0,5,0.6460000000000001,ok,D:\ONCS 2026\egfr-drug-discovery-ml\reports\vina_poses\optimized_candidates\row_028_rank_007_docked.pdbqt,0.6422615770676132,consensus_vina_reference,10.922969648390518,38,1,1,0,0,6,ALA743;ASP855;LEU718;LYS745;MET793;VAL726,ASP855;LYS745;VAL726;ALA743;MET793;LEU718,0.52,True,"hbond:1;key:ALA743,ASP855,LEU718,LYS745,MET793,VAL726",11.234969648390518,56
CCOc1cc(C)ccc1-c1cc2c(N[C@H](CO)c3ccccc3)ncnc2[nH]1,9.293642098663089,0.0764226557130434,0.4348209892776107,388.471,4.477520000000003,83.06,3,5,4,7,0.217391304347826,0,0.0,3.1064733333333336,False,,0,,0,,0,,0.8245614035087719,0.7322241086587437,1.0,0.2048192771084337,Afatinib,0.175438596491228,0.7951807228915663,0.8949146656666418,0.5696718005129423,1.0,0.9487951807228916,0.5696718005129423,0.853345411725619,1.0,0.4303281994870577,0.5696718005129423,0.0554256719213638,9.179008115093524,-0.0094108802876067,-0.0,0.5675015852885225,9.737098820094438,0.0,0.0,0.0,0.1629102493588221,0.0,0.1629102493588221,0.0,low,,9.574188570735616,True,pass,False,,0.9777777777777776,0.3105820105820105,0.3603174603174603,0.1052910052910053,0.8592592592592593,0.7116402116402116,0.8296296296296296,0.8539682539682539,0.5772222222222222,0.6692328042328042,10.429765486761104,18,0.0,10.37726793581498,0,17,0,1,lead,CCOc1ccccc1-c1cc2c(N[C@H](CO)c3ccccc3)ncnc2[nH]1,CCOc1ccccc1-c1cc2c(N[C@H](CO)c3ccccc3)ncnc2[nH]1,1,CCOc1ccccc1-c1cc2c(N[C@H](CO)c3ccccc3)ncnc2[nH]1 -> CCOc1cc(C)ccc1-c1cc2c(N[C@H](CO)c3ccccc3)ncnc2[nH]1,1,append_methyl,append_group,append_group,late_stage_diversification,append_group_scan,0.74,0.63,0.64,True,0.8245614035087719,0.7038365476338885,0.573,0.8339201772631292,0.6902839078638277,True,,False,True,0,0,0.6462845758622449,Afatinib,reference_ligand,9.6213947221666,0.4521900852216164,10.64509070761073,9.696207052989768,0.0,9.6213947221666,0.4521900852216164,10.64509070761073,9.696207052989768,0.0,-0.3277526235035122,-0.0173690959440057,-0.2678227717957497,-0.1220184822541519,False,False,False,False,0,CCOc1ccccc1-c1cc2c(N[C@H](CO)c3ccccc3)ncnc2[nH]1,11.767063598745194,Afatinib,CN(C)CCOC1=CC2=C(NC3=CC=CC=C3F)N=CN=C2C=C1,0.4438093060477878,0.6800981079187105,0.8176115208448215,87.0531914464099,0.7656375719712512,0.6462845758622449,reference_ligand,-8.06,1,0.0,0.0,5,0.6120000000000001,ok,D:\ONCS 2026\egfr-drug-discovery-ml\reports\vina_poses\optimized_candidates\row_048_rank_017_docked.pdbqt,0.6239996015517858,consensus_vina_reference,10.84526763697882,59,2,2,0,0,7,ALA743;ASP800;ASP855;LEU718;LYS745;MET793;VAL726,LEU718;VAL726;ASP855;LYS745;MET793;ALA743,0.64,True,"hbond:2;key:ALA743,ASP800,ASP855,LEU718,LYS745,MET793,VAL726",11.22926763697882,57
COc1c(C)cccc1-c1cc2c(N[C@H](CO)c3ccccc3)ncnc2[nH]1,9.068147103335042,0.0705049176044771,0.4734806263536626,374.444,4.087420000000002,83.06,3,5,4,6,0.1818181818181818,0,0.0,2.91296,False,,0,,0,,0,,0.7586206896551724,0.7186447369601694,1.0,0.2134831460674157,Osimertinib,0.2413793103448276,0.7865168539325843,0.8426833335106264,0.5983774214175914,1.0,0.946629213483146,0.5983774214175914,0.846922492102841,1.0,0.4016225785824086,0.5983774214175914,-0.0056522114562861,8.962389726928325,0.0547184445354808,-0.0,0.5945757458349477,9.611683917298755,0.0,0.0,0.0,0.1270282232280107,0.0,0.1270282232280107,0.0,low,,9.484655694070744,True,pass,False,,0.8354497354497354,0.5306878306878307,0.5920634920634921,0.3777777777777777,0.8592592592592593,0.9,0.8296296296296296,0.8830687830687831,0.6464550264550265,0.7302645502645503,10.387429949044789,32,0.0,10.360973154388205,0,24,0,8,lead,COc1ccccc1-c1cc2c(N[C@H](CO)c3ccccc3)ncnc2[nH]1,COc1ccccc1-c1cc2c(N[C@H](CO)c3ccccc3)ncnc2[nH]1,1,COc1ccccc1-c1cc2c(N[C@H](CO)c3ccccc3)ncnc2[nH]1 -> COc1c(C)cccc1-c1cc2c(N[C@H](CO)c3ccccc3)ncnc2[nH]1,1,append_methyl,append_group,append_group,late_stage_diversification,append_group_scan,0.74,0.63,0.64,True,0.7586206896551724,0.7219254826155275,0.573,0.8370535275954983,0.6902839078638277,True,,False,True,0,0,0.7019910160787458,Afatinib,reference_ligand,9.33730942934638,0.487358116928423,10.490719978033283,9.52085324524955,0.0,9.33730942934638,0.487358116928423,10.490719978033283,9.52085324524955,0.0,-0.2691623260113385,-0.0138774905747603,-0.1297468236450782,-0.0361975511788053,False,False,False,False,0,COc1ccccc1-c1cc2c(N[C@H](CO)c3ccccc3)ncnc2[nH]1,11.752800539520525,Afatinib,CN(C)CCOC1=CC2=C(NC3=CC=CC=C3F)N=CN=C2C=C1,0.5239332096474953,0.7431578947368421,0.8199798571067234,104.2183374461904,0.8239473693336375,0.7019910160787458,reference_ligand,-8.127,1,0.0,0.0,5,0.6254000000000002,ok,D:\ONCS 2026\egfr-drug-discovery-ml\reports\vina_poses\optimized_candidates\row_056_rank_024_docked.pdbqt,0.6522068556275612,consensus_vina_reference,10.850128296108876,58,1,5,0,0,7,ALA743;ASP800;ASP855;LEU718;LYS745;MET793;VAL726,LYS745;ASP855;ALA743;MET793;VAL726;LEU718,0.6266666666666666,True,"hbond:1;key:ALA743,ASP800,ASP855,LEU718,LYS745,MET793,VAL726",11.226128296108875,58
CCOc1ccc(OC)cc1-c1cc2c(NC(CO)c3ccccc3)ncnc2[nH]1,9.31603247569417,0.0545384684189605,0.4080555322298785,404.47,4.1777000000000015,92.29,3,6,4,8,0.217391304347826,0,0.0,3.313133333333334,False,,0,,0,,0,,0.7966101694915254,0.7207312394468549,1.0,0.2289156626506024,Afatinib,0.2033898305084746,0.7710843373493976,0.91583119103027,0.547002337598228,1.0,0.9427710843373494,0.547002337598228,0.8514011532414618,1.0,0.4529976624017719,0.547002337598228,0.0859067170517442,9.23422477306573,-0.0671753373353389,-0.0,0.5728507249336329,9.739900160664025,0.0,0.0,0.0,0.1912470780022149,0.0,0.1912470780022149,0.0,low,,9.548653082661808,True,pass,False,,0.9894736842105264,0.3878947368421052,0.3157894736842105,0.0505263157894736,0.9557894736842104,0.628421052631579,0.8136842105263158,0.9189473684210526,0.5803157894736842,0.6773947368421053,10.436279108032444,16,0.0,10.361526766872334,0,13,0,3,lead,CCOc1ccccc1-c1cc2c(NC(CO)c3ccccc3)ncnc2[nH]1,COc1ccccc1-c1cc2c(NC(CO)c3ccccc3)ncnc2[nH]1,2,COc1ccccc1-c1cc2c(NC(CO)c3ccccc3)ncnc2[nH]1 -> CCOc1ccccc1-c1cc2c(NC(CO)c3ccccc3)ncnc2[nH]1 -> CCOc1ccc(OC)cc1-c1cc2c(NC(CO)c3ccccc3)ncnc2[nH]1,2,decorate_methoxy,scaffold_decoration,scaffold_decoration,scaffold_decoration,late_stage_methoxylation,0.85,0.8,0.79,True,0.7966101694915254,0.6850796874047983,0.893,0.9086024911585188,0.7031654874697928,True,,False,True,0,0,0.6804299966397294,Osimertinib,reference_ligand,,,,,,9.33730942934638,0.487358116928423,10.490719978033283,9.52085324524955,0.0,,,,,False,False,False,False,0,COc1ccccc1-c1cc2c(NC(CO)c3ccccc3)ncnc2[nH]1,11.824060844771273,Osimertinib,COc1cc2ncnc(Nc3ccc(F)c(Cl)c3)c2cc1NC(=O)C=C,0.537891077636153,0.7504041383769803,0.6706580046721117,106.96421256537926,0.8318227634290297,0.6804299966397294,reference_ligand,-7.82,1,0.0,0.0,5,0.5640000000000001,ok,D:\ONCS 2026\egfr-drug-discovery-ml\reports\vina_poses\optimized_candidates\row_052_rank_013_docked.pdbqt,0.6047504988239053,consensus_vina_reference,10.815089640990262,60,2,3,0,0,7,ALA743;ASP800;ASP855;LEU718;LYS745;MET793;VAL726,LEU718;VAL726;LYS745;ASP855;MET793;ALA743,0.6666666666666666,True,"hbond:2;key:ALA743,ASP800,ASP855,LEU718,LYS745,MET793,VAL726",11.215089640990263,59
CCOc1ccccc1-c1cc2c(N[C@H](COC#N)c3ccccc3)ncnc2[nH]1,9.256988836249445,0.0055912664569416,0.4179457569862664,399.454,4.674480000000004,95.85,2,6,4,8,0.1739130434782608,0,0.0,3.2796933333333333,False,,0,,0,,0,,0.75,0.6874340175953079,0.977152759264196,0.2023809523809523,Afatinib,0.25,0.7976190476190477,0.9353333225425016,0.5537281150603952,1.0,0.9322693313529088,0.5537281150603952,0.8553326922389514,1.0,0.4462718849396048,0.5537281150603952,0.1066675070714002,9.24860193656403,-0.0566169386659074,-0.0,0.5960739041017633,9.788058901999886,0.0,0.0,0.0,0.182839856174506,0.0,0.182839856174506,0.0,low,,9.60521904582538,True,pass,False,,0.964021164021164,0.238095238095238,0.1322751322751322,0.4174603174603175,0.6645502645502646,0.6613756613756614,0.8296296296296296,1.0,0.5847619047619048,0.6454497354497355,10.48977318771417,7,0.0,10.37975872836506,0,16,9,0,lead,CCOc1ccccc1-c1cc2c(N[C@H](CO)c3ccccc3)ncnc2[nH]1,CCOc1ccccc1-c1cc2c(N[C@H](CO)c3ccccc3)ncnc2[nH]1,1,CCOc1ccccc1-c1cc2c(N[C@H](CO)c3ccccc3)ncnc2[nH]1 -> CCOc1ccccc1-c1cc2c(N[C@H](COC#N)c3ccccc3)ncnc2[nH]1,1,grow_nitrile_tail,fragment_growing,fragment_growing,fragment_growing,late_stage_nitrile_append,0.74,0.72,0.7,True,0.75,0.6845055102726211,0.8660000000000001,0.8673051095872093,0.6510561114361624,True,,False,True,0,0,0.6598649009592659,Osimertinib,reference_ligand,9.6213947221666,0.4521900852216164,10.64509070761073,9.696207052989768,0.0,9.6213947221666,0.4521900852216164,10.64509070761073,9.696207052989768,0.0,-0.3644058859171579,-0.0342443282353499,-0.2653319792456692,-0.0909880071643893,False,False,False,False,0,CCOc1ccccc1-c1cc2c(N[C@H](CO)c3ccccc3)ncnc2[nH]1,11.774939164451805,Osimertinib,COc1cc2ncnc(Nc3ccc(F)c(Cl)c3)c2cc1NC(=O)C=C,0.4955452802526221,0.7116942014901199,0.7279985715653116,94.77585375850175,0.7939419930390471,0.6598649009592659,reference_ligand,-8.406,1,0.0,0.0,5,0.6812000000000001,ok,D:\ONCS 2026\egfr-drug-discovery-ml\reports\vina_poses\optimized_candidates\row_047_rank_016_docked.pdbqt,0.6737327153357432,consensus_vina_reference,10.885058264866869,52,1,1,0,0,6,ALA743;ASP800;ASP855;LYS745;MET793;VAL726,ASP855;LYS745;VAL726;MET793;ALA743;THR854,0.52,True,"hbond:1;key:ALA743,ASP800,ASP855,LYS745,MET793,VAL726",11.197058264866868,60
