smiles,predicted_pIC50,uncertainty,QED,MW,LogP,TPSA,HBD,HBA,ring_count,rotatable_bonds,fraction_csp3,lipinski_violations,penalty,SA_score,has_PAINS,PAINS_alert,structural_alert_count,structural_alerts,severe_alert_count,severe_alerts,covalent_warhead_count,covalent_warheads,max_train_similarity,top5_train_similarity,applicability_score,max_market_similarity,closest_market_name,novelty_score,market_novelty_score,potency_support,chemistry_support,safety_support,domain_support,agent_support_min,agent_support_mean,agent_support_max,agent_disagreement_score,multi_agent_balance,potency_vs_guardrails_gap,potency_reward,chemistry_reward,safety_reward,novelty_reward,naive_reward,applicability_penalty,market_copy_penalty,uncertainty_penalty,disagreement_penalty,reactivity_penalty,anti_hacking_penalty,reward_hacking_risk,reward_hacking_risk_level,reward_hacking_flags,verified_reward,audit_pass,audit_status,veto,veto_reasons,potency_percentile,qed_percentile,sa_percentile,novelty_percentile,applicability_percentile,balance_percentile,risk_percentile,uncertainty_percentile,naive_multi_objective_score,multi_objective_score,naive_score,naive_rank,audit_status_penalty,final_score,audit_priority,rank,audit_demote_positions,audit_promote_positions,selection_bucket
O=C(O)CCCNc1c(Br)cccc1Nc1ncnc2ccncc12,9.351509624870413,0.011703260459658473,0.5170252665618642,402.2520000000001,3.8076000000000008,100.03,3,6,3,7,0.17647058823529413,0,0.0,2.6483466666666677,False,,0,,0,,0,,1.0,0.8343145743145743,1.0,0.2727272727272727,Afatinib,0.0,0.7272727272727273,0.9546851238958424,0.6325044094295381,1.0,0.9318181818181819,0.6325044094295381,0.8797519287858906,1.0,0.3674955905704619,0.6325044094295381,0.09991092681326907,9.333954734180926,0.13742032538539345,-0.0,0.26818181818181813,9.739556877748138,0.0,0.0,0.0,0.08436948821307737,0.0,0.08436948821307737,0.0,low,,9.65518738953506,True,pass,False,,0.991,0.72,0.761,0.5005,0.5615,0.971,0.8915,0.692,0.8041999999999999,0.8084499999999999,10.704596877748138,3,0.0,10.625327389535059,0,1,0,2,lead
CN1CCN(CCC(=O)Nc2ccc3ncnc(Nc4cccc(Br)c4)c3c2)CC1,9.408758181162073,0.01703456571772799,0.5737333346179045,469.38700000000017,3.7119000000000018,73.39,2,6,4,6,0.3181818181818182,0,0.0,3.1959133333333347,False,,0,,0,,0,,1.0,0.8576411290322581,1.0,0.4074074074074074,Gefitinib,0.0,0.5925925925925926,0.9652653492881086,0.6426335904501039,1.0,0.8981481481481481,0.6426335904501039,0.8765117719715902,1.0,0.35736640954989607,0.6426335904501039,0.1183381030886913,9.38320633258548,0.1261645164360862,-0.0,0.22777777777777775,9.737148626799344,0.0,0.0,0.0,0.0717080119373701,0.0,0.0717080119373701,0.0,low,,9.665440614861975,True,pass,False,,0.995,0.789,0.613,0.5005,0.5615,0.974,0.8915,0.472,0.7976,0.7945000000000001,10.694268626799344,4,0.0,10.618840614861975,0,2,0,2,lead
OCC(O)CNc1cc2c(Nc3cccc(Br)c3)ncnc2cn1,9.358579326730815,0.027208927209164405,0.5122032504279255,390.2410000000001,2.2959999999999994,103.19,4,7,3,6,0.1875,0,0.0,2.8182733333333343,False,,0,,0,,0,,1.0,0.8094848926316788,1.0,0.30666666666666664,Sunvozertinib,0.0,0.6933333333333334,0.9455985826362888,0.6233166595302309,1.0,0.9233333333333333,0.6233166595302309,0.8730621438749633,1.0,0.37668334046976915,0.6233166595302309,0.09671525168176742,9.31776593591707,0.10821225042792533,-0.0,0.25799999999999995,9.683978186344994,0.0,0.0,0.0,0.09585417558721145,0.0,0.09585417558721145,0.0,low,,9.588124010757783,True,pass,False,,0.992,0.71,0.711,0.5005,0.5615,0.963,0.8915,0.224,0.79515,0.77805,10.638158186344995,5,0.0,10.521784010757782,0,3,0,2,lead
CN1Cc2cc3c(Nc4cccc(Br)c4)ncnc3cc21,8.646586913726878,0.014724530259465976,0.7624174722839622,341.21200000000005,4.085700000000002,41.05,1,4,4,2,0.125,0,0.0,2.0,False,,0,,0,,0,,1.0,0.7453160223762211,1.0,0.36,Gefitinib,0.0,0.64,0.7763395572500934,0.7924065328331023,1.0,0.91,0.7763395572500934,0.8696865225207989,1.0,0.2236604427499066,0.7763395572500934,-0.12446262036094069,8.624500118337679,0.4749174722839622,-0.0,0.242,9.341417590621642,0.0,0.0,0.0,0.0,0.0,0.0,0.0,low,,9.341417590621642,True,pass,False,,0.945,0.96,0.923,0.5005,0.5615,0.994,0.8915,0.552,0.8557999999999999,0.8421500000000001,10.368377590621641,8,0.0,10.351997590621643,0,4,0,4,lead
C=CC(=O)NC1=CC=C2N=CN=C(Nc3cccc(C(F)(F)F)c3)C21,8.983550673534742,0.019288599045884813,0.825307569866595,346.312,3.257500000000001,65.85,2,4,3,3,0.11764705882352941,0,0.0,2.25,False,,0,,0,,1,acrylamide_like,1.0,0.7327598418605848,1.0,0.26582278481012656,Sunvozertinib,0.0,0.7341772151898734,0.8573856490515661,0.8173807018881658,0.92,0.9335443037974683,0.8173807018881658,0.8820776636843001,0.9335443037974683,0.11616360190930253,0.8838363980906975,-0.03292268617697858,8.954617774965914,0.499572275748948,-0.0,0.270253164556962,9.724443215271824,0.0,0.0,0.0,0.0,0.1,0.2125,0.15,low,reactive_warhead_could_inflate_proxy_score,9.511943215271824,True,pass,False,,0.982,0.988,0.849,0.5005,0.5615,1.0,0.777,0.397,0.8669499999999999,0.83145,10.764783215271825,1,0.0,10.284683215271825,0,5,4,0,lead
C=C/C=C/C(=O)Cc1cc2c(Nc3cccc(Br)c3)ncnc2cn1,8.97122592036781,0.004310728081535419,0.49556314840186966,395.26000000000005,4.384700000000002,67.77000000000001,1,5,3,6,0.05263157894736842,0,0.0,2.501733333333334,False,,0,,0,,0,,1.0,0.8322453861927546,1.0,0.3466666666666667,Sunvozertinib,0.0,0.6533333333333333,0.8647889704348779,0.6263392188005155,1.0,0.9133333333333333,0.6263392188005155,0.8511153806421816,1.0,0.37366078119948454,0.6263392188005155,0.018231453056928304,8.964759828245509,0.1255663062966064,-0.0,0.24599999999999994,9.336326134542116,0.0,0.0,0.0,0.09207597649935569,0.0,0.09207597649935569,0.0,low,,9.24425015804276,True,pass,False,,0.979,0.682,0.793,0.5005,0.5615,0.968,0.8915,0.965,0.796,0.8157,10.291526134542115,9,0.0,10.22309015804276,0,6,0,3,lead
CN(C)C/C=C/C(=O)Nc1ccc2ncnc3c2c1CCN3c1ccc(F)c(Cl)c1,9.314458806464838,0.04475888359570909,0.6214205553234822,425.8950000000001,4.172800000000003,61.36000000000001,1,5,4,5,0.22727272727272727,0,0.0,2.8059666666666674,False,,0,,0,,1,acrylamide_like,1.0,0.7758626668978671,1.0,0.3258426966292135,Osimertinib,0.0,0.6741573033707865,0.9222834830992132,0.6838595105561203,0.92,0.9185393258426966,0.6838595105561203,0.8611705798745075,0.9222834830992132,0.2384239725430929,0.7615760274569071,0.08148387096627419,9.247320481071274,0.22325282805075483,-0.0,0.25224719101123594,9.722820500133265,0.0,0.0,0.0,0.0,0.1,0.2125,0.15,low,reactive_warhead_could_inflate_proxy_score,9.510320500133265,True,pass,False,,0.99,0.839,0.719,0.5005,0.5615,0.992,0.777,0.046,0.8212499999999999,0.78015,10.708320500133265,2,0.0,10.221500500133265,0,7,5,0,lead
C=CC(=O)Nc1ccc2ncnc(Cc3ccc(F)c(Cl)c3)c2c1,8.9730483560758,0.020362522305836885,0.7255853313987474,341.7730000000001,4.137600000000003,54.88,1,3,3,4,0.05555555555555555,0,0.0,2.0,False,,0,,0,,1,acrylamide_like,1.0,0.760495672260722,1.0,0.5230769230769231,Sunvozertinib,0.0,0.4769230769230769,0.8540083234048642,0.7721488553462341,0.92,0.8692307692307693,0.7721488553462341,0.8538469869954669,0.92,0.14785114465376592,0.8521488553462341,0.000215115212529704,8.942504572617045,0.4311408869543029,-0.0,0.1930769230769231,9.56672238264827,0.0,0.0,0.0,0.0,0.1,0.2125,0.15,low,reactive_warhead_could_inflate_proxy_score,9.35422238264827,True,pass,False,,0.98,0.93,0.923,0.5005,0.5615,0.999,0.777,0.364,0.8655499999999999,0.8278000000000001,10.605382382648271,6,0.0,10.12258238264827,0,8,2,0,lead
C=CC(=O)Nc1cc2c(Nc3cccc(Br)c3)ncnc2cn1,8.64989237496807,0.014522111129329662,0.6856015491097459,370.21000000000004,3.655400000000002,79.8,2,5,3,4,0.0,0,0.0,2.1347333333333336,False,,0,,0,,1,acrylamide_like,1.0,0.8456365355366465,1.0,0.5483870967741935,Sunvozertinib,0.0,0.4516129032258065,0.7773076159514868,0.7449757238052321,0.92,0.8629032258064516,0.7449757238052321,0.8262966413907926,0.92,0.1750242761947679,0.8249757238052321,-0.06531870058574119,8.628109208274076,0.36539154910974586,-0.0,0.18548387096774194,9.178984628351563,0.0,0.0,0.0,0.0,0.1,0.1,0.0,low,,9.078984628351563,True,pass,False,,0.947,0.902,0.886,0.5005,0.5615,0.998,0.8915,0.565,0.8395499999999999,0.8314,10.186444628351563,10,0.0,10.076664628351564,0,9,0,1,lead
C=CC(=O)Nc1nc2c(Cc3ccc(F)c(Cl)c3)ncnc2cc1OC,8.93329396907761,0.017730303544814443,0.6930161654077002,372.7870000000001,3.5412000000000017,77.00000000000001,1,5,3,5,0.1111111111111111,0,0.0,2.2519133333333343,False,,0,,0,,1,acrylamide_like,1.0,0.7881581641450063,1.0,0.5342465753424658,Osimertinib,0.0,0.4657534246575342,0.8459122797880324,0.7445468396921837,0.92,0.8664383561643836,0.7445468396921837,0.8442243689111499,0.92,0.17545316030781632,0.8245468396921837,0.0022505478358432196,8.906698513760388,0.3663402765188112,-0.0,0.18972602739726024,9.462764817676458,0.0,0.0,0.0,0.0,0.1,0.2125,0.15,low,reactive_warhead_could_inflate_proxy_score,9.250264817676458,True,pass,False,,0.973,0.905,0.848,0.5005,0.5615,0.997,0.777,0.448,0.84615,0.81845,10.478144817676458,7,0.0,10.007404817676457,0,10,3,0,lead
COc1cc2ncnc(Nc3cccc(Cl)c3F)c2cc1OC(=O)N1CC[C@@H](N(C)C)C1,8.689130909685371,0.008500420611569165,0.6085650769882062,459.90900000000033,4.309200000000003,79.82,1,7,4,5,0.3181818181818182,0,0.0,3.382726666666669,False,,0,,0,,0,,1.0,0.8479452054794521,1.0,0.4044943820224719,Gefitinib,0.0,0.5955056179775281,0.7913324329932443,0.6546059205486416,1.0,0.898876404494382,0.6546059205486416,0.836203689509067,1.0,0.34539407945135836,0.6546059205486416,-0.05982834202109688,8.676380278768017,0.13297425880638766,-0.0,0.22865168539325842,9.038006222967661,0.0,0.0,0.0,0.056742599314197964,0.0,0.056742599314197964,0.0,low,,8.981263623653463,True,pass,False,,0.955,0.825,0.561,0.5005,0.5615,0.977,0.8915,0.852,0.779,0.802,9.97280622296766,11,0.0,9.943663623653464,0,11,0,0,lead
Nc1ccc2ncnc(Nc3ccc4[nH]cc(Br)c4c3)c2c1,8.774759719914243,0.030988363899228055,0.47154634006109925,354.2110000000001,4.199400000000002,79.62,3,4,4,2,0.0,0,0.0,2.0280733333333343,False,,1,aniline,0,,0,,1.0,0.7139386433999437,1.0,0.28169014084507044,Sunvozertinib,0.0,0.7183098591549295,0.7969980752491012,0.631347666520784,0.88,0.9295774647887324,0.631347666520784,0.8094808016396544,0.9295774647887324,0.2982297982679484,0.7017702017320516,-0.016643635187404415,8.7282771740654,0.16733534006109912,-0.2,0.2654929577464788,8.96110547187298,0.0,0.0,0.0,0.0,0.0,0.0,0.0,low,,8.96110547187298,True,pass,False,,0.963,0.649,0.906,0.5005,0.5615,0.986,0.8915,0.172,0.79915,0.7794000000000002,9.92008547187298,14,0.0,9.89638547187298,0,12,0,2,lead
Nc1ccc2ncncc2c1,8.616008510587935,0.05170907156082782,0.5667175363853327,145.16500000000002,1.212,51.8,1,3,2,0,0.0,0,0.0,1.4,False,,1,aniline,0,,0,,1.0,0.6701298701298701,0.9456906729634001,0.1774193548387097,Sunvozertinib,0.0,0.8225806451612903,0.7428057775544044,0.7078484911657792,0.88,0.9149131660128726,0.7078484911657792,0.811391858683264,0.9149131660128726,0.20706467484709346,0.7929353251529065,-0.09144810817181293,8.538444903246694,0.35671753638533277,-0.2,0.2831968617892371,8.978359301421264,0.0,0.0,0.0,0.0,0.0,0.0,0.0,low,,8.978359301421264,True,pass,False,,0.938,0.776,0.996,0.5005,0.094,0.996,0.8915,0.022,0.8267999999999999,0.7467,9.970519301421264,12,0.0,9.874399301421263,0,13,1,0,lead
COc1ccc2c(c1)CCCN2c1nc(C)nc2ccccc12,8.189803838630695,0.015525457945487608,0.7162139925309012,305.381,4.031120000000003,38.25,0,4,4,2,0.2631578947368421,0,0.0,2.0,False,,0,,0,,0,,1.0,0.7543508125861067,1.0,0.17894736842105263,Lazertinib,0.0,0.8210526315789474,0.6615831390958324,0.7669946189689187,1.0,0.9552631578947368,0.6615831390958324,0.845960228989872,1.0,0.33841686090416756,0.6615831390958324,-0.24583611985871945,8.166515651712464,0.4425297820045855,-0.0,0.2963157894736842,8.905361223190734,0.0,0.0,0.0,0.048021076130209464,0.0,0.048021076130209464,0.0,low,,8.857340147060524,True,pass,False,,0.848,0.922,0.923,0.5005,0.5615,0.98,0.8915,0.528,0.80455,0.8047499999999999,9.870821223190735,15,0.0,9.823040147060524,0,14,0,1,lead
CN(C)C/C=C/C(=O)Nc1cc2c(Nc3ccc(F)c(Cl)c3)ncnc2cn1,8.615890149776806,0.040858717205727195,0.6148109284697318,400.845,3.6172000000000004,83.04,2,6,3,6,0.15789473684210525,0,0.0,2.538966666666667,False,,0,,0,,1,acrylamide_like,1.0,0.7720270916874118,1.0,0.6060606060606061,Sunvozertinib,0.0,0.3939393939393939,0.7503714354001926,0.6904934465557884,0.92,0.8484848484848485,0.6904934465557884,0.8023374326102074,0.92,0.22950655344421167,0.7704934465557883,-0.06928799628001969,8.554602073968216,0.24975540215394232,-0.0,0.16818181818181815,8.972539294303976,0.0,0.0,0.0,0.0,0.1,0.1,0.0,low,,8.872539294303976,True,pass,False,,0.937,0.834,0.786,0.5005,0.5615,0.993,0.8915,0.065,0.80645,0.7827000000000002,9.940279294303975,13,0.0,9.811779294303976,0,15,2,0,lead
C=CC(=O)Nc1ccc2ncnc(Nc3ccc(F)c(Br)c3)c2n1,8.356061645165354,0.011232879630008068,0.665160120975588,388.20000000000005,3.794500000000002,79.8,2,5,3,4,0.0,0,0.0,2.254666666666667,False,,0,,0,,1,acrylamide_like,1.0,0.7827326938034742,1.0,0.546875,Sunvozertinib,0.0,0.453125,0.7061523955503329,0.7291201178186246,0.92,0.86328125,0.7061523955503329,0.8046384408422393,0.92,0.2138476044496671,0.7861523955503329,-0.1313147270558752,8.339212325720343,0.3269601209755879,-0.0,0.18593749999999998,8.852109946695931,0.0,0.0,0.0,0.0,0.1,0.1,0.0,low,,8.752109946695931,True,pass,False,,0.884,0.882,0.847,0.5005,0.5615,0.995,0.8915,0.72,0.80135,0.81305,9.813729946695931,16,0.0,9.72776994669593,0,16,0,0,lead
C[C@@H](Nc1ncnc2[nH]c(-c3cccc(C(N)=O)c3)cc12)c1ccccc1,8.44120112623808,0.009269159988542703,0.5045656088609856,357.4170000000001,3.8969000000000014,96.69,3,4,4,5,0.09523809523809523,0,0.0,2.699446666666667,False,,0,,0,,0,,1.0,0.7799690689761831,1.0,0.19540229885057472,Osimertinib,0.0,0.8045977011494253,0.7288118695675403,0.6236862130786702,1.0,0.9511494252873564,0.6236862130786702,0.8259118769833917,1.0,0.3763137869213298,0.6236862130786702,-0.12946667655446853,8.427297386255267,0.109172418384795,-0.0,0.29137931034482756,8.82784911498489,0.0,0.0,0.0,0.09539223365166223,0.0,0.09539223365166223,0.0,low,,8.732456881333228,True,pass,False,,0.894,0.699,0.749,0.5005,0.5615,0.964,0.8915,0.817,0.7545499999999999,0.7805500000000001,9.73330911498489,18,0.0,9.669116881333228,0,17,0,1,lead
C=CC(=O)Nc1ccc2ncnc(Nc3cccc(C)c3)c2c1,8.2354820161303,0.03831644118637675,0.7193295336249944,304.35300000000007,3.8063200000000013,66.91,2,4,3,4,0.05555555555555555,0,0.0,2.0,False,,0,,0,,1,acrylamide_like,1.0,0.8275441595441595,1.0,0.4852941176470588,Osimertinib,0.0,0.5147058823529411,0.6570489952021112,0.7687081665706701,0.92,0.8786764705882353,0.6570489952021112,0.8061084080902541,0.92,0.2629510047978888,0.7370489952021112,-0.19874588385085734,8.178007354350735,0.42488508918054996,-0.0,0.20441176470588235,8.807304208237168,0.0,0.0,0.0,0.0,0.1,0.1,0.0,low,,8.707304208237169,True,pass,False,,0.858,0.9265,0.923,0.5005,0.5615,0.991,0.8915,0.094,0.80995,0.7878249999999999,9.779244208237168,17,0.0,9.652694208237168,0,18,1,0,lead
COc1cc2ncnc(Nc3cccc(Cl)c3F)c2cc1OC(=O)N1CCN(C)CC1,8.245826913190045,0.003507882100377361,0.6514913089774099,445.88200000000035,3.9207000000000027,79.82,1,7,4,4,0.2857142857142857,0,0.0,2.8392133333333356,False,,0,,0,,0,,1.0,0.8415962441314555,1.0,0.5128205128205128,Gefitinib,0.0,0.4871794871794872,0.6840012108272472,0.6991197071170626,1.0,0.8717948717948718,0.6840012108272472,0.8137289474347954,1.0,0.3159987891727528,0.6840012108272472,-0.17297031547673103,8.24056509003948,0.2541807375488382,-0.0,0.19615384615384618,8.690899673742164,0.0,0.0,0.0,0.01999848646594103,0.0,0.01999848646594103,0.0,low,,8.670901187276224,True,pass,False,,0.86,0.872,0.707,0.5005,0.5615,0.985,0.8915,0.98,0.76755,0.8023500000000002,9.611959673742165,22,0.0,9.633721187276224,0,19,0,3,lead
C=CC(=O)Nc1ccc2c(Nc3cccc(C)c3)ncnc2c1,8.155297503706308,0.024839354680488753,0.7193295336249944,304.353,3.8063200000000013,66.91,2,4,3,4,0.05555555555555555,0,0.0,2.0,False,,0,,0,,1,acrylamide_like,1.0,0.8201367521367521,1.0,0.5079365079365079,Sunvozertinib,0.0,0.4920634920634921,0.6464368276502348,0.7687081665706701,0.92,0.873015873015873,0.6464368276502348,0.8020402168091945,0.92,0.27356317234976524,0.7264368276502348,-0.20747118554527966,8.118038471685574,0.42488508918054996,-0.0,0.19761904761904764,8.740542608485173,0.0,0.0,0.0,0.0,0.1,0.1,0.0,low,,8.640542608485173,True,pass,False,,0.835,0.9265,0.923,0.5005,0.5615,0.989,0.8915,0.259,0.7996,0.788975,9.700062608485172,20,0.0,9.587312608485174,0,20,0,0,lead
Nc1ccc2c(Nc3cccc(Br)c3)ncnc2c1,8.11198921129116,0.01658652372732748,0.7075582965166849,315.17400000000004,3.7181000000000015,63.83,2,4,3,2,0.0,0,0.0,1.8,False,,1,aniline,0,,0,,1.0,0.8038385598141696,1.0,0.3076923076923077,Sunvozertinib,0.0,0.6923076923076923,0.6413867362136608,0.7699262938534075,0.88,0.9230769230769231,0.6413867362136608,0.8035974882859978,0.9230769230769231,0.2816901868632623,0.7183098131367377,-0.21628100276311601,8.087109425700168,0.4375582965166849,-0.2,0.25769230769230766,8.582360029909161,0.0,0.0,0.0,0.0,0.0,0.0,0.0,low,,8.582360029909161,True,pass,False,,0.821,0.916,0.9675,0.5005,0.5615,0.988,0.8915,0.488,0.797875,0.7989999999999999,9.53981002990916,24,0.0,9.541160029909161,0,21,0,3,lead
COc1cc2ncnc(Nc3cccc(Cl)c3F)c2cc1OC1CCN(C)CC1,8.1854100338623,0.019004205653431357,0.6530468045504428,416.8840000000003,4.6475000000000035,59.51000000000001,1,6,4,5,0.3333333333333333,0,0.0,2.7458933333333353,False,,0,,0,,0,,1.0,0.8347886895712981,1.0,0.5131578947368421,Gefitinib,0.0,0.48684210526315785,0.6580495645081732,0.7035644604514615,1.0,0.8717105263157895,0.6580495645081732,0.808331137818856,1.0,0.3419504354918268,0.6580495645081732,-0.20037543108091038,8.156903725382154,0.27449613788377586,-0.0,0.1960526315789473,8.627452494844878,0.0,0.0,0.0,0.05243804436478351,0.0,0.05243804436478351,0.0,low,,8.575014450480094,True,pass,False,,0.847,0.873,0.738,0.5005,0.5615,0.979,0.8915,0.411,0.76655,0.77265,9.547312494844878,23,0.0,9.502194450480093,0,22,0,1,lead
CC(=O)Nc1ccc(-c2cc3c(N[C@H](C)c4ccccc4)ncnc3[nH]2)cc1,8.339666199855497,0.01574965093362803,0.4724172405576311,371.444,4.756400000000003,82.69999999999999,3,4,4,5,0.13636363636363635,0,0.0,2.7929600000000003,False,,0,,0,,0,,1.0,0.7919722213863227,1.0,0.2564102564102564,Sunvozertinib,0.0,0.7435897435897436,0.6988917943103345,0.6024079438451586,1.0,0.9358974358974359,0.6024079438451586,0.8092992935132324,1.0,0.3975920561548414,0.6024079438451586,-0.147209998937197,8.316041723455054,0.06710960419399473,-0.0,0.27307692307692305,8.656228250725972,0.0,0.0,0.0,0.12199007019355175,0.0,0.12199007019355175,0.0,low,,8.53423818053242,True,pass,False,,0.879,0.65,0.723,0.5005,0.5615,0.952,0.8915,0.514,0.7340999999999999,0.7497500000000001,9.537148250725972,25,0.0,9.433938180532419,0,23,0,2,lead
CN(C)CCCNc1cc2ncnc(Nc3cccc(Br)c3)c2cn1,8.093824316045245,0.00426098263365907,0.5858886260712094,401.31200000000007,3.8945000000000016,65.97,2,6,3,7,0.2777777777777778,0,0.0,2.6420800000000004,False,,0,,0,,0,,1.0,0.9206606461323442,1.0,0.3561643835616438,Sunvozertinib,0.0,0.6438356164383562,0.6454733911677498,0.6706202828007037,1.0,0.910958904109589,0.6454733911677498,0.8067631445195106,1.0,0.3545266088322502,0.6454733911677498,-0.21505300446901443,8.087432842094756,0.21735440384898713,-0.0,0.24315068493150688,8.54793793087525,0.0,0.0,0.0,0.06815826104031274,0.0,0.06815826104031274,0.0,low,,8.479779669834937,True,pass,False,,0.813,0.803,0.766,0.5005,0.5615,0.975,0.8915,0.967,0.74145,0.78215,9.43767793087525,33,0.0,9.418359669834937,0,24,0,9,lead
COc1cc2ncnc(/C=C/CCc3ccccc3)c2cc1OC,8.034360846702956,0.03705749000168205,0.6793018840353737,320.3920000000001,4.293000000000004,44.24000000000001,0,4,3,6,0.2,0,0.0,2.2,False,,0,,0,,0,,1.0,0.7183139717425432,1.0,0.30666666666666664,Gefitinib,0.0,0.6933333333333334,0.6076499686745616,0.739000651604071,1.0,0.9233333333333333,0.6076499686745616,0.8174959884029914,1.0,0.39235003132543844,0.6076499686745616,-0.27979469297123993,7.978774611700433,0.36930188403537373,-0.0,0.25799999999999995,8.606076495735806,0.0,0.0,0.0,0.11543753915679807,0.0,0.11543753915679807,0.0,low,,8.490638956579009,True,pass,False,,0.799,0.895,0.8625,0.5005,0.5615,0.959,0.8915,0.105,0.7680250000000001,0.7566999999999999,9.527706495735806,27,0.0,9.398678956579008,0,25,0,2,lead
CCN1CCN(CCNc2nccc(-c3c(-c4cccc(O)c4)nc4occn34)n2)S1(=O)=O,8.640498708949101,0.036033326237456725,0.42076809022518064,469.52700000000016,2.0510999999999995,129.1,2,8,5,7,0.2857142857142857,0,0.0,3.4968466666666678,False,,0,,0,,0,,1.0,0.6354110339788089,0.882565516325107,0.17699115044247787,Lazertinib,0.0,0.8230088495575221,0.7599013488710556,0.5469283470597468,1.0,0.8676763496332107,0.5469283470597468,0.7936265113910033,1.0,0.4530716529402532,0.5469283470597468,-0.044966883359930154,8.586448719592916,-0.07518748120339099,-0.0,0.2675440339485334,8.778805272338058,0.0,0.0,0.0,0.1913395661753165,0.0,0.1913395661753165,0.0,low,,8.587465706162742,True,pass,False,,0.943,0.569,0.529,0.5005,0.075,0.905,0.8915,0.114,0.7176,0.66405,9.639925272338058,21,0.0,9.384325706162743,0,26,5,0,advance
COc1ccc2c(c1)CCCN2c1nc(Cl)nc2ccccc12,7.947933316184665,0.022861204013786177,0.6554703854786106,325.79900000000004,4.376100000000003,38.25,0,4,4,2,0.2222222222222222,0,0.0,2.0,False,,0,,0,,0,,1.0,0.7064853866074732,1.0,0.19540229885057472,Gefitinib,0.0,0.8045977011494253,0.5959804862365159,0.7335856350901588,1.0,0.9511494252873564,0.5959804862365159,0.8201788866535078,1.0,0.4040195137634841,0.5959804862365159,-0.2989312005559892,7.913641510163986,0.3776926077008328,-0.0,0.29137931034482756,8.582713428209647,0.0,0.0,0.0,0.13002439220435513,0.0,0.13002439220435513,0.0,low,,8.452689036005292,True,pass,False,,0.779,0.876,0.923,0.5005,0.5615,0.947,0.8915,0.308,0.7643,0.7628499999999999,9.499873428209646,31,0.0,9.368109036005292,0,27,0,4,advance
OCc1ccc(-c2cc3c(N[C@H](CO)c4ccccc4)ncnc3[nH]2)cc1F,8.466684488672048,0.04041539656096036,0.4125713732623113,378.40700000000004,3.4018000000000006,94.06,4,5,4,6,0.14285714285714285,0,0.0,2.9393800000000003,False,,0,,0,,0,,1.0,0.8153647645157079,1.0,0.22784810126582278,Afatinib,0.0,0.7721518987341772,0.7133803445753396,0.5638611783711943,1.0,0.9430379746835443,0.5638611783711943,0.8050698744075196,1.0,0.4361388216288057,0.5638611783711943,-0.12225270644290664,8.406061393830607,-0.01404991245197446,-0.0,0.28164556962025317,8.673657050998884,0.0,0.0,0.0,0.17017352703600713,0.0,0.17017352703600713,0.0,low,,8.503483523962876,True,pass,False,,0.901,0.552,0.68,0.5005,0.5615,0.918,0.8915,0.069,0.71795,0.7117,9.535197050998883,26,0.0,9.357523523962875,0,28,2,0,advance
CN(C)C/C=C/C(=O)Nc1cc2c(Nc3ccc(F)c(Cl)c3)ncnc2cc1O[C@@H]1CCOC1,8.585250794788253,0.015729480560051596,0.45729335341237065,485.94700000000023,4.389900000000002,88.61000000000001,2,7,4,8,0.2916666666666667,0,0.0,3.8563133333333353,False,,0,,0,,1,acrylamide_like,1.0,0.9225598751280426,1.0,0.573170731707317,Osimertinib,0.0,0.426829268292683,0.7603020623050272,0.5531916007870603,0.92,0.8567073170731707,0.5531916007870603,0.7725502450413146,0.92,0.36680839921293973,0.6331916007870603,-0.016330910315049962,8.561656573948175,-0.09198697992096294,-0.0,0.17804878048780487,8.647718374515017,0.0,0.0,0.0,0.08351049901617467,0.1,0.18351049901617467,0.0,low,,8.464207875498843,True,pass,False,,0.929,0.628,0.408,0.5005,0.5615,0.972,0.8915,0.517,0.7049500000000001,0.7321000000000001,9.493658374515018,32,0.0,9.342727875498843,0,29,0,3,advance
CNc1ccc2c(Nc3cccc(Br)c3)ncnc2c1,7.9102508762011,0.04033401662835545,0.7568777143573949,329.201,4.177600000000002,49.84,2,4,3,3,0.06666666666666667,0,0.0,1.9000000000000001,False,,0,,0,,0,,1.0,0.8018827705913306,1.0,0.3181818181818182,Sunvozertinib,0.0,0.6818181818181819,0.5743289074104261,0.7932058198196441,1.0,0.9204545454545454,0.5743289074104261,0.8219973181711538,1.0,0.4256710925895739,0.5743289074104261,-0.3302245476809704,7.849749851258567,0.47854438102406155,-0.0,0.2545454545454546,8.582839686828082,0.0,0.0,0.0,0.1570888657369674,0.0,0.1570888657369674,0.0,low,,8.425750821091114,True,pass,False,,0.774,0.952,0.9475,0.5005,0.5615,0.93,0.8915,0.07,0.780925,0.7615999999999999,9.519949686828083,28,0.0,9.339670821091113,0,30,2,0,advance
CCOc1cc2ncc(C#N)c(Nc3ccc(F)c(Cl)c3)c2cc1NC(=O)CCN(C)C,8.340817873844356,0.04660091563655775,0.5001030470167044,455.9210000000002,4.931480000000004,90.27999999999999,2,6,3,8,0.2608695652173913,0,0.0,3.1061400000000017,False,,0,,0,,0,,1.0,0.8058947714510672,1.0,0.4069767441860465,Osimertinib,0.0,0.5930232558139534,0.6775838275154986,0.6055897527822642,1.0,0.8982558139534884,0.6055897527822642,0.7953573485628128,1.0,0.39441024721773577,0.6055897527822642,-0.15703136139641893,8.27091650038952,0.060269003538443264,-0.0,0.22790697674418597,8.55909248067215,0.0,0.0,0.0,0.11801280902216972,0.0,0.11801280902216972,0.0,low,,8.44107967164998,True,pass,False,,0.88,0.691,0.644,0.5005,0.5615,0.956,0.8915,0.039,0.7309,0.7249500000000001,9.43617248067215,34,0.0,9.31101967164998,0,31,0,3,advance
CCN(CC)CC1CCN(c2ncc3ncnc(Nc4ccc(F)c(Cl)c4)c3n2)CC1,8.209326797018042,0.02161772475869489,0.5754294207462795,443.9580000000002,4.5141000000000036,70.07000000000001,1,7,4,7,0.45454545454545453,0,0.0,3.126386666666668,False,,0,,0,,0,,1.0,0.5911930349694063,0.8021691544898296,0.39285714285714285,Gefitinib,0.0,0.6071428571428572,0.662199291923424,0.6462405403848126,1.0,0.7534125801530865,0.6462405403848126,0.7654631031153307,1.0,0.3537594596151874,0.6462405403848126,-0.137685081589209,8.17690020988,0.1519259662008247,-0.0,0.18268514576531453,8.511511321846138,0.0,0.0,0.0,0.06719932451898426,0.0,0.06719932451898426,0.0,low,,8.444311997327153,True,pass,False,,0.852,0.79,0.638,0.5005,0.057,0.976,0.8915,0.339,0.7372000000000001,0.6973499999999999,9.396151321846137,37,0.0,9.281131997327153,0,32,0,5,advance
CNc1cc2ncnc(Nc3cccc(Br)c3)c2cc1[N+](=O)[O-],8.450595758595467,0.041233294080279495,0.5279750891877422,374.19800000000015,4.085800000000002,92.98,2,6,3,4,0.06666666666666667,0,0.0,2.1613200000000012,False,,1,nitroso,1,nitroso,0,,1.0,0.7961578044596912,1.0,0.3076923076923077,Osimertinib,0.0,0.6923076923076923,0.7087856337926711,0.6572586067455659,0.7,0.9230769230769231,0.6572586067455659,0.7472802909037901,0.9230769230769231,0.2658183163313572,0.7341816836686428,-0.05132620948149191,8.388745817475048,0.21044375585440867,-0.5,0.25769230769230766,8.356881881021764,0.0,0.0,0.0,0.0,0.0,0.0,0.0,low,,8.356881881021764,True,pass,False,,0.897,0.732,0.877,0.5005,0.5615,0.99,0.8915,0.06,0.7817,0.76395,9.294921881021763,44,0.0,9.273621881021764,0,33,0,11,advance
C#Cc1cccc(Nc2ncnc3cc(OC)c(OCCCN4CCOCC4)cc23)c1,8.44648676831353,0.025595493741041968,0.4437567149339546,418.49700000000036,3.464400000000002,68.74000000000001,1,7,4,8,0.3333333333333333,0,0.0,3.056646666666669,False,,0,,0,,0,,1.0,0.7545116813178111,1.0,0.7464788732394366,Erlotinib,0.0,0.2535211267605634,0.7187048464596532,0.5765028598803417,1.0,0.8133802816901409,0.5765028598803417,0.777146997007534,1.0,0.42349714011965833,0.5765028598803417,-0.07792286739717436,8.408093527701967,0.018593048267287533,-0.0,0.126056338028169,8.552742913997424,0.0,0.0,0.0,0.15437142514957292,0.0,0.15437142514957292,0.0,low,,8.39837148884785,True,pass,False,,0.896,0.609,0.65,0.5005,0.5615,0.934,0.8915,0.252,0.7226,0.7264999999999999,9.419862913997424,35,0.0,9.27017148884785,0,34,0,1,advance
CC(=O)Nc1cc2ncnc(Nc3cccc(Br)c3)c2cn1,7.813988533743794,0.011368145452675409,0.7493212692521575,358.19900000000007,3.489300000000001,79.8,2,5,3,3,0.06666666666666667,0,0.0,1.9546600000000005,False,,0,,0,,0,,1.0,0.8033069201494017,1.0,0.4838709677419355,Sunvozertinib,0.0,0.5161290322580645,0.5705394316190757,0.7869474673194559,1.0,0.8790322580645161,0.5705394316190757,0.8091297892507618,1.0,0.4294605683809243,0.5705394316190757,-0.3181204768422483,7.796936315564781,0.4627889359188241,-0.0,0.2048387096774193,8.464563961161025,0.0,0.0,0.0,0.16182571047615535,0.0,0.16182571047615535,0.0,low,,8.30273825068487,True,pass,False,,0.744,0.951,0.939,0.5005,0.5615,0.925,0.8915,0.711,0.76595,0.78315,9.383703961161025,38,0.0,9.24251825068487,0,35,0,3,advance
Cc1cccc(Nc2ncnc3cnc(N)nc23)c1,7.86070210357541,0.01738291249259422,0.7251543913095554,252.28100000000003,2.0540199999999995,89.61,2,6,3,2,0.07692307692307693,0,0.0,1.8,False,,1,aniline,0,,0,,1.0,0.7846376811594202,1.0,0.2571428571428571,Sunvozertinib,0.0,0.7428571428571429,0.5780074871490366,0.7796041459894862,0.88,0.9357142857142857,0.5780074871490366,0.7933314797132021,0.9357142857142857,0.3577067985652491,0.6422932014347509,-0.2870986567522208,7.834627734836519,0.46284669900186304,-0.2,0.27285714285714285,8.370331576695525,0.0,0.0,0.0,0.07213349820656141,0.0,0.07213349820656141,0.0,low,,8.298198078488964,True,pass,False,,0.756,0.929,0.9675,0.5005,0.5615,0.973,0.8915,0.457,0.7712249999999999,0.7784000000000002,9.295801576695526,43,0.0,9.232278078488964,0,36,0,7,advance
O=C(CCCN1Cc2cc3c(Nc4cccc(Br)c4)ncnc3cc21)N1CCOCC1,8.132148193626277,0.019215564529757836,0.5709419214812256,482.3820000000003,4.094900000000003,70.59,1,6,5,6,0.34782608695652173,0,0.0,3.4825466666666687,False,,0,,0,,0,,1.0,0.7707415947763918,1.0,0.36666666666666664,Dacomitinib,0.0,0.6333333333333333,0.6445861532357386,0.6300739542505716,1.0,0.9083333333333333,0.6300739542505716,0.7957483602049109,1.0,0.36992604574942844,0.6300739542505716,-0.20154960929222965,8.10332484683164,0.08334253017687751,-0.0,0.23999999999999994,8.426667377008517,0.0,0.0,0.0,0.08740755718678557,0.0,0.08740755718678557,0.0,low,,8.33925981982173,True,pass,False,,0.827,0.783,0.534,0.5005,0.5615,0.97,0.8915,0.401,0.7089500000000001,0.7313500000000001,9.277407377008517,46,0.0,9.216879819821731,0,37,0,9,advance
C[C@@H](Nc1ncnc2[nH]c(-c3ccc(S(C)(=O)=O)cc3)cc12)c1ccccc1,8.096887255612673,0.034067518504081275,0.531362724456095,392.4840000000001,4.201500000000002,87.74000000000001,2,5,4,5,0.14285714285714285,0,0.0,2.9332266666666675,False,,0,,0,,0,,1.0,0.8203368526897938,1.0,0.19230769230769232,Afatinib,0.0,0.8076923076923077,0.6253745509503114,0.6294330881944421,1.0,0.9519230769230769,0.6253745509503114,0.8016826790169576,1.0,0.37462544904968864,0.6253745509503114,-0.23507750408886174,8.045785977856552,0.1056644387418092,-0.0,0.2923076923076923,8.443758108906055,0.0,0.0,0.0,0.09328181131211082,0.0,0.09328181131211082,0.0,low,,8.350476297593945,True,pass,False,,0.816,0.734,0.681,0.5005,0.5615,0.966,0.8915,0.134,0.7162499999999999,0.72165,9.303258108906055,42,0.0,9.216456297593945,0,38,0,4,advance
C#Cc1cccc(Nc2ncnc3ccc(-c4cnn(C)c4)cc23)c1,8.051941070299637,0.05053407810893442,0.5828408724090139,325.37500000000006,3.755200000000002,55.63,1,4,4,3,0.05,0,0.0,2.1,False,,0,,0,,0,,1.0,0.684969262295082,0.9726713859910582,0.32941176470588235,Erlotinib,0.0,0.6705882352941177,0.6026114128986553,0.6897932490557269,1.0,0.8971505983168231,0.6026114128986553,0.7973888150678013,1.0,0.3973885871013447,0.6026114128986553,-0.25970320289219473,7.976139953136236,0.27284087240901395,-0.0,0.24434431708599985,8.49332514263125,0.0,0.0,0.0,0.12173573387668092,0.0,0.12173573387668092,0.0,low,,8.371589408754568,True,pass,False,,0.802,0.799,0.894,0.5005,0.106,0.953,0.8915,0.025,0.7549,0.6961999999999999,9.39920514263125,36,0.0,9.207029408754568,0,39,3,0,advance
CN(C)CCC(=O)Nc1ccc2ncnc(Nc3cccc(Br)c3)c2c1,7.983575455663706,0.032958508982207715,0.6376846354210275,414.3070000000001,4.026100000000001,70.15,2,5,3,6,0.21052631578947367,0,0.0,2.628713333333334,False,,0,,0,,0,,1.0,0.8221652485445589,1.0,0.38571428571428573,Afatinib,0.0,0.6142857142857143,0.5978229076283811,0.6996221905072062,1.0,0.9035714285714286,0.5978229076283811,0.800254131676754,1.0,0.4021770923716189,0.5978229076283811,-0.26990829873116384,7.9341376921903946,0.26443026699997474,-0.0,0.23428571428571426,8.432853673476084,0.0,0.0,0.0,0.12772136546452367,0.0,0.12772136546452367,0.0,low,,8.30513230801156,True,pass,False,,0.789,0.862,0.771,0.5005,0.5615,0.95,0.8915,0.149,0.7432,0.7408999999999999,9.324693673476084,40,0.0,9.19421230801156,0,40,0,0,advance
C=CC(=O)N1CC(OC2=CC3C(Nc4ccc(Cl)c(Cl)c4)=NC=NC3C=C2OC)C1,8.10328511302693,0.02257334285374783,0.6994652813315361,447.32200000000023,3.671700000000002,75.52,1,6,4,5,0.2857142857142857,0,0.0,3.648813333333335,False,,0,,0,,1,acrylamide_like,1.0,0.5825437010247136,0.7864430927722065,0.30337078651685395,Osimertinib,0.0,0.696629213483146,0.635019938259109,0.6943669303733705,0.92,0.7639896229499413,0.635019938259109,0.7533441228956053,0.92,0.2849800617408911,0.7150199382591089,-0.15776557951532832,8.069425098746308,0.18071470990296445,-0.0,0.2055995372379954,8.455739345887268,0.0,0.0,0.0,0.0,0.1,0.1,0.0,low,,8.355739345887269,True,pass,False,,0.818,0.907,0.484,0.5005,0.054,0.987,0.8915,0.314,0.7222,0.68885,9.322379345887269,41,0.0,9.182359345887269,0,41,0,0,advance
O=C(Cc1c[nH]c2cc3ncnc(Nc4cccc(Br)c4)c3cc12)N1CCOCC1,8.2074204849477,0.024723870649300674,0.4749935097424372,466.3390000000002,4.018500000000002,83.14,2,5,5,4,0.22727272727272727,0,0.0,3.175593333333335,False,,0,,0,,0,,1.0,0.7136671149786352,1.0,0.32967032967032966,Dacomitinib,0.0,0.6703296703296704,0.6595484117824146,0.5891082252301354,1.0,0.9175824175824177,0.5891082252301354,0.7915597636487419,1.0,0.4108917747698646,0.5891082252301354,-0.17601513582176975,8.170334678973749,0.021381782469709752,-0.0,0.2510989010989011,8.44281536254236,0.0,0.0,0.0,0.13861471846233075,0.0,0.13861471846233075,0.0,low,,8.30420064408003,True,pass,False,,0.851,0.657,0.621,0.5005,0.5615,0.943,0.8915,0.262,0.7076,0.7187,9.29193536254236,45,0.0,9.16664064408003,0,42,0,3,advance
C[C@@H](Nc1ncnc2[nH]c(-c3ccc(NS(C)(=O)=O)cc3)cc12)c1ccccc1,8.199714684284583,0.02895826650374029,0.44541756029525903,407.49900000000014,4.169500000000002,99.76999999999998,3,5,4,6,0.14285714285714285,0,0.0,3.133326666666668,False,,0,,0,,0,,1.0,0.8030372692441657,1.0,0.19540229885057472,Osimertinib,0.0,0.8045977011494253,0.6546578845185276,0.5744670940598283,1.0,0.9511494252873564,0.5744670940598283,0.7950686009664281,1.0,0.4255329059401717,0.5744670940598283,-0.18721428859720068,8.156277284528972,-0.010295725419026852,-0.0,0.29137931034482756,8.437360869454773,0.0,0.0,0.0,0.15691613242521463,0.0,0.15691613242521463,0.0,low,,8.280444737029558,True,pass,False,,0.85,0.611,0.63,0.5005,0.5615,0.931,0.8915,0.197,0.6993,0.7079500000000002,9.276520869454773,47,0.0,9.12998473702956,0,43,0,4,advance
C=CC(=O)N1CC(Nc2cc3c(Nc4ccc(F)c(Cl)c4)ncnc3cc2OCCOC)C1,8.87087737890563,0.024782860074050873,0.3599478511455522,471.92000000000024,3.9998000000000022,88.61000000000001,2,7,4,9,0.2608695652173913,0,0.0,3.5128000000000017,False,,0,,0,,1,acrylamide_like,1.0,0.8467699654541759,1.0,0.618421052631579,Osimertinib,0.0,0.381578947368421,0.825371342674572,0.5128636258223613,0.92,0.8453947368421053,0.5128636258223613,0.7759074263347596,0.92,0.4071363741776387,0.5928636258223613,0.0659518884530832,8.833703088794554,-0.1408851923327089,-0.0,0.16447368421052627,8.85729158067237,0.0,0.0,0.0,0.1339204677220484,0.1,0.3464204677220484,0.15,low,reactive_warhead_could_inflate_proxy_score,8.510871112950323,True,pass,False,,0.967,0.46,0.525,0.5005,0.5615,0.945,0.777,0.261,0.706,0.70305,9.704491580672371,19,0.0,9.129531112950323,0,44,25,0,advance
CN(C)CCNCc1ccc(-c2cc3c(N[C@H](CO)c4ccccc4)ncnc3[nH]2)cc1F,8.649217900279034,0.029946840658340326,0.2775664515657995,448.5460000000001,3.5607000000000015,89.1,4,6,4,10,0.28,0,0.0,3.806973333333334,False,,0,,0,,0,,1.0,0.8130021222558537,1.0,0.2857142857142857,Afatinib,0.0,0.7142857142857143,0.7663416866089202,0.45623949707913847,1.0,0.9285714285714286,0.45623949707913847,0.7877881530648718,1.0,0.5437605029208615,0.45623949707913847,-0.028595288607935365,8.604297639291524,-0.2654795484342005,-0.0,0.2642857142857143,8.603103805143038,0.0,0.0,0.0,0.30470062865107694,0.0,0.30470062865107694,0.0,low,,8.298403176491961,True,pass,False,,0.946,0.303,0.427,0.5005,0.5615,0.765,0.8915,0.185,0.6504499999999999,0.6530499999999999,9.383643805143038,39,0.0,9.08206317649196,0,45,6,0,advance
OC[C@@H](Nc1ncnc2sc(-c3ccc(CN4CCNCC4)cc3)cc12)c1ccccc1,8.30312172725411,0.01857809327381625,0.4006213640819552,445.5920000000002,3.9090000000000025,73.31,3,7,5,7,0.28,0,0.0,3.6872800000000017,False,,0,,0,,0,,1.0,0.7437572983390964,1.0,0.1958762886597938,Gefitinib,0.0,0.8041237113402062,0.6877757665218562,0.5285232887066138,1.0,0.9510309278350515,0.5285232887066138,0.7918324957658804,1.0,0.4714767112933862,0.5285232887066138,-0.13874230565869883,8.275254587343387,-0.12447063591804505,-0.0,0.2912371134020619,8.442021064827403,0.0,0.0,0.0,0.21434588911673275,0.0,0.21434588911673275,0.0,low,,8.22767517571067,True,pass,False,,0.873,0.53,0.476,0.5005,0.5615,0.884,0.8915,0.423,0.67035,0.6939,9.246441064827403,49,0.0,9.06035517571067,0,46,0,3,advance
CN1CCC(Oc2cccc3ncnc(Nc4ccc(F)c(Cl)c4)c23)CC1,7.817872190567492,0.03122960366175992,0.7075144719473033,386.8580000000001,4.638900000000004,50.28,1,5,4,4,0.3,0,0.0,2.445720000000001,False,,0,,0,,0,,1.0,0.8085096837242359,1.0,0.49333333333333335,Gefitinib,0.0,0.5066666666666666,0.5576073250786411,0.7450668057248631,1.0,0.8766666666666667,0.5576073250786411,0.7948351993675427,1.0,0.4423926749213589,0.5576073250786411,-0.3163038323852022,7.771027785074852,0.3706564719473032,-0.0,0.20199999999999996,8.343684257022156,0.0,0.0,0.0,0.17799084365169865,0.0,0.17799084365169865,0.0,low,,8.165693413370457,True,pass,False,,0.746,0.915,0.804,0.5005,0.5615,0.912,0.8915,0.169,0.7394000000000001,0.7364499999999999,9.230964257022157,51,0.0,9.049433413370457,0,47,0,4,advance
C=CC(=O)N1CC[C@H](n2nc(-c3cnc4ccccc4c3)c3c(N)ncnc32)C1,8.054662415736821,0.012264048026102918,0.5438754060502426,385.4310000000002,2.5831,102.82000000000001,1,6,5,3,0.19047619047619047,0,0.0,2.886206666666668,False,,1,aniline,0,,1,acrylamide_like,1.0,0.8350905432595572,1.0,0.1827956989247312,Sunvozertinib,0.0,0.8172043010752688,0.6300807703159333,0.6381235246096847,0.8,0.9543010752688172,0.6300807703159333,0.7556263425486087,0.9543010752688172,0.3242203049528839,0.6757796950471161,-0.16739409631023383,8.036266343697667,0.12999202509786145,-0.2,0.2951612903225806,8.26141965911811,0.0,0.0,0.0,0.030275381191104886,0.1,0.13027538119110488,0.0,low,,8.131144277927005,True,pass,False,,0.804,0.749,0.695,0.5005,0.5615,0.984,0.8915,0.674,0.71595,0.7505000000000001,9.12055965911811,58,0.0,9.031744277927006,0,48,0,10,advance
Brc1cccc(Nc2ncnc3ccc4[nH]cnc4c23)c1,7.861818785893514,0.03327225220777111,0.5785608229687813,340.1840000000001,4.012200000000001,66.49000000000001,2,4,4,2,0.0,0,0.0,2.0,False,,0,,0,,0,,1.0,0.6945054945054945,0.9900099900099898,0.22972972972972974,Sunvozertinib,0.0,0.7702702702702703,0.5671641199279388,0.6912853757097528,1.0,0.9350750600750599,0.5671641199279388,0.7983811389281879,1.0,0.4328358800720612,0.5671641199279388,-0.3082893586669988,7.811910407581857,0.2785608229687813,-0.0,0.2785835785835785,8.369054809134218,0.0,0.0,0.0,0.16604485009007652,0.0,0.16604485009007652,0.0,low,,8.203009959044142,True,pass,False,,0.758,0.795,0.923,0.5005,0.114,0.921,0.8915,0.145,0.7386499999999999,0.6889000000000001,9.255434809134217,48,0.0,9.029689959044141,0,49,1,0,advance
Brc1cccc(Nc2ncnc3ccncc23)c1,7.576652556639874,0.01823609003291822,0.7864226288611571,301.14700000000005,3.530900000000001,50.7,1,4,3,2,0.0,0,0.0,1.8,False,,0,,0,,0,,1.0,0.7691056910569106,1.0,0.3230769230769231,Sunvozertinib,0.0,0.676923076923077,0.5063978761369258,0.8133016766428671,1.0,0.9192307692307693,0.5063978761369258,0.8097325805026405,1.0,0.4936021238630742,0.5063978761369258,-0.4044462724876198,7.549298421590497,0.5164226288611571,-0.0,0.25307692307692303,8.318797973528577,0.0,0.0,0.0,0.2420026548288428,0.0,0.2420026548288428,0.0,low,,8.076795318699734,True,pass,False,,0.678,0.9745,0.9675,0.5005,0.5615,0.857,0.8915,0.431,0.7452249999999999,0.7489249999999998,9.213067973528577,53,0.0,8.975505318699733,0,50,0,3,advance
OCCN(CCO)CCNc1cc2ncnc(Nc3cccc(Br)c3)c2cn1,8.178639247556037,0.013726751216190278,0.37512894337944075,447.3370000000001,2.229399999999999,106.43,4,8,3,10,0.3157894736842105,0,0.0,3.248913333333334,False,,0,,0,,0,,1.0,0.869827137127072,1.0,0.3698630136986301,Sunvozertinib,0.0,0.6301369863013699,0.6600510860376759,0.5313627137304873,1.0,0.9075342465753424,0.5313627137304873,0.7747370115858764,1.0,0.46863728626951273,0.5313627137304873,-0.15291456739760068,8.158049120731752,-0.08062910925213833,-0.0,0.23904109589041095,8.316461107370024,0.0,0.0,0.0,0.21079660783689091,0.0,0.21079660783689091,0.0,low,,8.105664499533134,True,pass,False,,0.845,0.487,0.594,0.5005,0.5615,0.889,0.8915,0.607,0.6668499999999999,0.7005499999999999,9.116681107370024,60,0.0,8.946324499533134,0,51,0,9,advance
COc1ccccc1-c1cc(C(=O)/N=c2\[nH]c3ccccc3n2[C@H]2CC[C@@H](O)CC2)ccn1,7.83713293765247,0.003363779902927317,0.49401524227132476,442.51900000000023,4.257100000000002,92.5,2,4,5,4,0.2692307692307692,0,0.0,3.0167933333333345,False,,0,,0,,0,,1.0,0.8835820895522388,1.0,0.19811320754716982,Lazertinib,0.0,0.8018867924528301,0.5819285884810683,0.6056778704287158,1.0,0.9504716981132075,0.5819285884810683,0.7845195392557479,1.0,0.4180714115189317,0.5819285884810683,-0.2701212676995728,7.832087267798079,0.06841931919440151,-0.0,0.29056603773584905,8.19107262472833,0.0,0.0,0.0,0.1475892643986646,0.0,0.1475892643986646,0.0,low,,8.043483360329665,True,pass,False,,0.751,0.68,0.657,0.5005,0.5615,0.938,0.8915,0.982,0.6726,0.7312500000000001,8.998192624728329,67,0.0,8.920983360329664,0,52,0,15,advance
Brc1cccc(Nc2ncnc3cnccc23)c1,7.524658356310143,0.014365889801202812,0.7864226288611571,301.14700000000005,3.530900000000001,50.7,1,4,3,2,0.0,0,0.0,1.8,False,,0,,0,,0,,1.0,0.7691056910569106,1.0,0.30303030303030304,Sunvozertinib,0.0,0.696969696969697,0.49610846621669374,0.8133016766428671,1.0,0.9242424242424243,0.49610846621669374,0.8084131417754963,1.0,0.5038915337833063,0.4961084662166937,-0.41640623407840344,7.503109521608339,0.5164226288611571,-0.0,0.2590909090909091,8.278623059560406,0.0,0.0,0.0,0.2548644172291329,0.0,0.2548644172291329,0.0,low,,8.023758642331273,True,pass,False,,0.654,0.9745,0.9675,0.5005,0.5615,0.839,0.8915,0.574,0.734425,0.7470749999999999,9.159933059560405,56,0.0,8.920248642331273,0,53,0,3,advance
O=C(CCCCl)Nc1ccc2ncnc(Nc3ccc4[nH]ccc4c3)c2c1,8.030952126173265,0.016964971096414632,0.41958312780295937,379.8510000000001,4.8122000000000025,82.69999999999999,3,4,4,6,0.15,0,0.0,2.599006666666668,False,,1,alkyl_halide,0,,0,,1.0,0.7026758926301261,1.0,0.32894736842105265,Sunvozertinib,0.0,0.6710526315789473,0.6208625517758259,0.5808089254198328,0.88,0.9177631578947368,0.5808089254198328,0.7498586587725988,0.9177631578947368,0.3369542324749041,0.6630457675250959,-0.17199480932903055,8.005504669528642,0.044732127802959196,-0.2,0.2513157894736842,8.101552586805285,0.0,0.0,0.0,0.046192790593630115,0.0,0.046192790593630115,0.0,low,,8.055359796211656,True,pass,False,,0.798,0.563,0.775,0.5005,0.5615,0.981,0.8915,0.477,0.6880499999999999,0.7186499999999999,8.927212586805284,76,0.0,8.917739796211656,0,54,0,22,advance
C=C=CC(=O)Nc1cc(Nc2nccc(-c3c[nH]c4ccccc34)n2)c(OC)cc1N(C)CCN(C)C,8.573162844682713,0.01614872718667089,0.21660959951645975,497.6030000000003,4.654500000000003,98.41,3,7,4,10,0.21428571428571427,0,0.0,3.7840200000000017,False,,0,,0,,1,acrylamide_like,1.0,0.8035202162605319,1.0,0.2727272727272727,Osimertinib,0.0,0.7272727272727273,0.7569866021400087,0.42359604896482206,0.92,0.9318181818181819,0.42359604896482206,0.7581002082307531,0.9318181818181819,0.5082221328533598,0.4917778671466402,-0.001484808120992609,8.548939753902706,-0.32956482905496903,-0.0,0.26818181818181813,8.487556743029556,0.0,0.0,0.0,0.2602776660666998,0.1,0.36027766606669975,0.0,low,,8.127279076962855,True,pass,False,,0.927,0.17,0.436,0.5005,0.5615,0.829,0.8915,0.506,0.61665,0.65075,9.227536743029555,52,0.0,8.908179076962856,0,55,3,0,advance
C=CC(=O)Nc1cccc(Nc2ncnc3cc(OC)c(OCCN4CCOCC4)cc23)c1,8.060429356109278,0.02609505539411586,0.48081849626457346,449.51100000000037,3.217500000000001,97.84,2,8,4,9,0.2916666666666667,0,0.0,3.3634066666666693,False,,0,,0,,1,acrylamide_like,1.0,0.8150611256648409,1.0,0.5822784810126582,Dacomitinib,0.0,0.4177215189873418,0.6218408002514384,0.5850883780737204,0.92,0.8544303797468354,0.5850883780737204,0.7453398895179986,0.92,0.33491162192627966,0.6650883780737203,-0.16466545235541363,8.021286773018105,0.005474162931239753,-0.0,0.17531645569620252,8.202077391645547,0.0,0.0,0.0,0.043639527407849585,0.1,0.14363952740784958,0.0,low,,8.058437864237698,True,pass,False,,0.806,0.668,0.565,0.5005,0.5615,0.982,0.8915,0.246,0.68115,0.70435,9.019457391645547,66,0.0,8.903657864237697,0,56,0,10,advance
COC(C)(C)COc1cnccc1-c1[nH]c2c(c1Nc1cccc(F)c1)C(=O)NCC2,7.860080505416979,0.029659978494106773,0.5326194881145975,424.47600000000017,4.049100000000002,88.27000000000001,3,5,4,7,0.30434782608695654,0,0.0,2.9965066666666678,False,,0,,0,,0,,1.0,0.8300136044668756,1.0,0.18446601941747573,Gefitinib,0.0,0.8155339805825242,0.56925814140837,0.6276904620527722,1.0,0.9538834951456311,0.56925814140837,0.7877080246516933,1.0,0.43074185859162994,0.56925814140837,-0.2912665109910977,7.815590537675819,0.11357827072329298,-0.0,0.29466019417475725,8.223829002573869,0.0,0.0,0.0,0.16342732323953746,0.0,0.16342732323953746,0.0,low,,8.060401679334332,True,pass,False,,0.755,0.738,0.661,0.5005,0.5615,0.924,0.8915,0.19,0.6866,0.7005499999999999,9.047749002573868,64,0.0,8.901061679334331,0,57,0,7,advance
COc1ccccc1-c1cc(C(=O)/N=c2\[nH]c3cc(C)ccc3n2[C@H]2CC[C@@H](O)CC2)ccn1,7.887049739089716,0.015722816602198778,0.47066740712231186,456.5460000000002,4.565520000000003,92.5,2,4,5,4,0.2962962962962963,0,0.0,3.110306666666668,False,,0,,0,,0,,1.0,0.8233289039698171,1.0,0.19090909090909092,Lazertinib,0.0,0.8090909090909091,0.5857564631508898,0.5892398944300921,1.0,0.9522727272727273,0.5857564631508898,0.7818172712134273,1.0,0.4142435368491102,0.5857564631508898,-0.26141441075005,7.863465514186418,0.03375103675194131,-0.0,0.29272727272727267,8.189943823665631,0.0,0.0,0.0,0.14280442106138774,0.0,0.14280442106138774,0.0,low,,8.047139402604243,True,pass,False,,0.764,0.648,0.642,0.5005,0.5615,0.941,0.8915,0.519,0.6698000000000001,0.7059999999999998,8.993703823665632,68,0.0,8.894339402604242,0,58,0,10,advance
C[C@@H](Nc1c(C#N)cnc2ccc(-c3cnc(N)nc3)cc12)c1ccccc1,7.85387069649992,0.012810934427144823,0.5577664579703375,366.42800000000005,4.318780000000002,100.51,2,6,4,4,0.09090909090909091,0,0.0,2.65952,False,,1,aniline,0,,0,,1.0,0.7973361166500499,1.0,0.175,Afatinib,0.0,0.825,0.5795000200259786,0.6544823211144548,0.88,0.95625,0.5795000200259786,0.7675580852851083,0.95625,0.3767499799740215,0.6232500200259785,-0.250744087012173,7.834654294859202,0.16792936706124661,-0.2,0.29749999999999993,8.100083661920449,0.0,0.0,0.0,0.09593747496752687,0.0,0.09593747496752687,0.0,low,,8.004146186952921,True,pass,False,,0.754,0.763,0.759,0.5005,0.5615,0.962,0.8915,0.65,0.70585,0.7406000000000001,8.94710366192045,74,0.0,8.892866186952922,0,59,0,15,advance
CN(C)CCCN1Cc2cc3c(Nc4cccc(Br)c4)ncnc3cc21,7.73125730358324,0.02057108424012347,0.6500790122546696,412.3350000000001,4.407600000000003,44.29,1,5,4,6,0.3,0,0.0,2.8155666666666677,False,,0,,0,,0,,1.0,0.7815637988106616,1.0,0.35135135135135137,Afatinib,0.0,0.6486486486486487,0.5434145669277235,0.6992524310990427,1.0,0.9121621621621622,0.5434145669277235,0.7887072900472321,1.0,0.4565854330722765,0.5434145669277235,-0.3270569641593448,7.700400677223055,0.2577440122546695,-0.0,0.2445945945945946,8.202739284072319,0.0,0.0,0.0,0.19573179134034563,0.0,0.19573179134034563,0.0,low,,8.007007492731972,True,pass,False,,0.73,0.87,0.714,0.5005,0.5615,0.9,0.8915,0.361,0.7097,0.7243,9.054379284072319,63,0.0,8.876167492731973,0,60,0,3,advance
COc1cc2ncnc(N[C@H](C)c3ccccc3)c2cc1OC,7.6476773145006005,0.045949359785836356,0.776194611046763,309.3690000000001,3.8201000000000027,56.27000000000001,1,5,3,5,0.2222222222222222,0,0.0,2.45,False,,0,,0,,0,,1.0,0.744777628032345,1.0,0.37142857142857144,Gefitinib,0.0,0.6285714285714286,0.5047547767750646,0.7826762668449505,1.0,0.9071428571428571,0.5047547767750646,0.798643475190718,1.0,0.49524522322493536,0.5047547767750646,-0.3918515978875379,7.578753274821846,0.4309168332689852,-0.0,0.23857142857142855,8.24824153666226,0.0,0.0,0.0,0.2440565290311692,0.0,0.2440565290311692,0.0,low,,8.00418500763109,True,pass,False,,0.708,0.972,0.801,0.5005,0.5615,0.853,0.8915,0.041,0.73325,0.721,9.128141536662259,57,0.0,8.86938500763109,0,61,4,0,advance
Nc1ccc2c(Nc3cccc(Br)c3)ncnc2n1,7.6081817083226415,0.02891400858321673,0.759476002540334,316.16200000000003,3.113100000000001,76.72,2,5,3,2,0.0,0,0.0,1.8,False,,1,aniline,0,,0,,1.0,0.7569254057690691,1.0,0.24285714285714285,Sunvozertinib,0.0,0.7571428571428571,0.5068056210724087,0.7984810321664144,0.88,0.9392857142857143,0.5068056210724087,0.7811430918811344,0.9392857142857143,0.4324800932133056,0.5675199067866944,-0.3657832944116344,7.564810695447816,0.48947600254033397,-0.2,0.2771428571428571,8.131429555131007,0.0,0.0,0.0,0.16560011651663203,0.0,0.16560011651663203,0.0,low,,7.965829438614374,True,pass,False,,0.692,0.957,0.9675,0.5005,0.5615,0.922,0.8915,0.198,0.748025,0.74535,9.029059555131006,65,0.0,8.860249438614375,0,62,0,3,advance
COCCOc1cc2ncnc(Nc3ccc(F)c(Cl)c3)c2c2c1OCCO2,7.730707179462985,0.013948984768096343,0.6218777269859218,405.8130000000003,3.9623000000000026,74.73,1,7,4,6,0.2631578947368421,0,0.0,2.772086666666669,False,,0,,0,,0,,1.0,0.8342004436378302,1.0,0.52,Dacomitinib,0.0,0.48,0.5479125055280787,0.685414031893539,1.0,0.87,0.5479125055280787,0.7758316343554045,1.0,0.4520874944719213,0.5479125055280787,-0.3038921717697677,7.70978370231084,0.2323805164596057,-0.0,0.194,8.136164218770446,0.0,0.0,0.0,0.19010936808990164,0.0,0.19010936808990164,0.0,low,,7.946054850680545,True,pass,False,,0.729,0.842,0.731,0.5005,0.5615,0.907,0.8915,0.591,0.7061999999999999,0.7337,8.983604218770447,69,0.0,8.826494850680545,0,63,0,6,advance
CN1CCN(c2ccc(Nc3cc4c(N5CCCC5)nc(Nc5ccccc5)nc4cn3)nc2)CC1,8.009133355039276,0.00869131004280606,0.41951291248645023,481.6080000000001,4.259000000000003,85.34,2,9,6,6,0.3333333333333333,0,0.0,3.6773866666666675,False,,0,,0,,0,,1.0,0.8702578671328671,1.0,0.20430107526881722,Gefitinib,0.0,0.7956989247311828,0.6211994217298549,0.5392941531495989,1.0,0.9489247311827957,0.5392941531495989,0.7773545765155625,1.0,0.46070584685040106,0.5392941531495989,-0.20820687304760999,7.996096389975067,-0.09876175418021654,-0.0,0.28870967741935477,8.186044313214206,0.0,0.0,0.0,0.20088230856300132,0.0,0.20088230856300132,0.0,low,,7.985162004651205,True,pass,False,,0.795,0.562,0.478,0.5005,0.5615,0.895,0.8915,0.844,0.64195,0.6976500000000001,8.956384313214205,72,0.0,8.822342004651205,0,64,0,8,advance
C#Cc1cccc(Nc2ncnc3cc4c(cc23)OCCO4)c1,7.534170554238796,0.023034748012551176,0.7371467439211692,303.3210000000001,3.1259000000000015,56.27000000000001,1,5,4,2,0.1111111111111111,0,0.0,2.0,False,,0,,0,,0,,1.0,0.8228408754806271,1.0,0.358974358974359,Erlotinib,0.0,0.641025641025641,0.49241831495091315,0.7785076322335662,1.0,0.9102564102564102,0.49241831495091315,0.7952955893602224,1.0,0.5075816850490869,0.49241831495091315,-0.403836365879079,7.499618432219969,0.44825785503228033,-0.0,0.24230769230769228,8.190183979559942,0.0,0.0,0.0,0.25947710631135856,0.0,0.25947710631135856,0.0,low,,7.9307068732485835,True,pass,False,,0.657,0.944,0.923,0.5005,0.5615,0.832,0.8915,0.302,0.723,0.7246500000000001,9.057783979559941,62,0.0,8.800286873248584,0,65,3,0,advance
C=CC(=O)N(C)c1ccccc1C1CCNc2c(C(N)=O)c(-c3ccc(Oc4ccccc4)cc3)nn21,8.274687753696636,0.015180423379140806,0.35306062777379793,493.5670000000002,4.995100000000003,102.48000000000002,2,5,5,7,0.13793103448275862,0,0.0,4.007113333333335,False,,0,,0,,1,acrylamide_like,1.0,0.6940048109784952,0.9890996563245366,0.16964285714285715,Lazertinib,0.0,0.8303571428571428,0.6830456420587604,0.49006360168584523,0.92,0.9494140279576881,0.49006360168584523,0.7606308179255734,0.9494140279576881,0.4593504262718429,0.5406495737281571,-0.10344690115575073,8.251917118627924,-0.23421326877792634,-0.0,0.29638205693827696,8.314085906788275,0.0,0.0,0.0,0.19918803283980366,0.1,0.29918803283980366,0.0,low,,8.014897873948472,True,pass,False,,0.865,0.448,0.353,0.5005,0.112,0.897,0.8915,0.54,0.6319,0.6291000000000001,9.072365906788274,61,0.0,8.769817873948472,0,66,5,0,advance
CN(C)/N=C/c1c(N)ncnc1Nc1ccc2c(cnn2Cc2cccc(F)c2)c1,7.980443183190421,0.013728062617835511,0.37826084231724477,404.45300000000015,3.235000000000002,97.25,2,7,4,6,0.14285714285714285,0,0.0,2.7630200000000014,False,,1,aniline,0,,0,,1.0,0.8397509368385778,1.0,0.21978021978021978,Sunvozertinib,0.0,0.7802197802197802,0.6105011519651204,0.5517734632744846,0.88,0.945054945054945,0.5517734632744846,0.7468323900736376,0.945054945054945,0.3932814817804604,0.6067185182195396,-0.1817749841446894,7.959851089263668,-0.021906443397041127,-0.2,0.28406593406593406,8.02201057993256,0.0,0.0,0.0,0.11660185222557552,0.0,0.11660185222557552,0.0,low,,7.905408727706985,True,pass,False,,0.787,0.499,0.732,0.5005,0.5615,0.958,0.8915,0.606,0.6638499999999999,0.7056,8.81863057993256,86,0.0,8.752128727706985,0,67,0,19,advance
Brc1cccc(Nc2ncnc3cc4c(cc23)OCCOCCOCCO4)c1,7.569535044671338,0.004498279491874556,0.6393792647171523,446.3010000000004,3.9403000000000024,74.73000000000002,1,7,4,2,0.3,0,0.0,2.6420066666666697,False,,0,,0,,0,,1.0,0.9343351332745305,1.0,0.33766233766233766,Dacomitinib,0.0,0.6623376623376623,0.5142349655235223,0.7000429545687927,1.0,0.9155844155844156,0.5142349655235223,0.7824655839191827,1.0,0.4857650344764777,0.5142349655235223,-0.3576408245275472,7.5627876254335265,0.2730782647171519,-0.0,0.2487012987012987,8.084567188851977,0.0,0.0,0.0,0.2322062930955971,0.0,0.2322062930955971,0.0,low,,7.85236089575638,True,pass,False,,0.676,0.863,0.767,0.5005,0.5615,0.871,0.8915,0.964,0.69195,0.7396,8.914907188851977,81,0.0,8.73988089575638,0,68,0,13,advance
COc1ccccc1-c1cc2c(NC(CO)c3ccccc3)ncnc2s1,7.7946628956266695,0.03889072412143711,0.5173441832529433,377.46900000000005,4.512400000000002,67.27,2,6,4,6,0.14285714285714285,0,0.0,2.933126666666667,False,,0,,0,,0,,1.0,0.9272727272727274,1.0,0.25,Osimertinib,0.0,0.75,0.5464422170216614,0.6217267366865546,1.0,0.9375,0.5464422170216614,0.776417238427054,1.0,0.4535577829783386,0.5464422170216614,-0.3066333618738568,7.736326809444514,0.09166089753865758,-0.0,0.27499999999999997,8.102987706983171,0.0,0.0,0.0,0.19194722872292325,0.0,0.19194722872292325,0.0,low,,7.911040478260248,True,pass,False,,0.741,0.721,0.682,0.5005,0.5615,0.903,0.8915,0.09,0.6800499999999999,0.6888000000000001,8.919047706983172,79,0.0,8.737600478260248,0,69,0,10,advance
CN(C)CCNc1cc2ncnc(Nc3cccc(Br)c3)c2cn1,7.580001699488359,0.021143313943401718,0.6750690396489035,387.2850000000001,3.5044000000000013,65.97,2,6,3,6,0.23529411764705882,0,0.0,2.4485666666666672,False,,0,,0,,0,,1.0,0.8901091221845938,1.0,0.36619718309859156,Sunvozertinib,0.0,0.6338028169014085,0.5052001051117085,0.7271123307812559,1.0,0.9084507042253521,0.5052001051117085,0.7851907850295792,1.0,0.49479989488829146,0.5052001051117085,-0.3733209065571609,7.548286728573256,0.33131345141360935,-0.0,0.2401408450704225,8.119741025057287,0.0,0.0,0.0,0.24349986861036432,0.0,0.24349986861036432,0.0,low,,7.876241156446923,True,pass,False,,0.68,0.893,0.803,0.5005,0.5615,0.854,0.8915,0.348,0.70515,0.7164,8.965921025057288,71,0.0,8.735921156446924,0,70,0,1,advance
CN(C)CCC(=O)N(C)c1ccc2ncnc(Nc3cccc(Br)c3)c2c1,7.631562022878638,0.03159105415472631,0.6421184290289503,428.3340000000001,4.050400000000002,61.36000000000001,1,5,3,6,0.25,0,0.0,2.7222266666666677,False,,0,,0,,0,,1.0,0.7468053415511042,1.0,0.38028169014084506,Afatinib,0.0,0.619718309859155,0.5107767678113512,0.698464110324897,1.0,0.9049295774647887,0.5107767678113512,0.7785426139002591,1.0,0.4892232321886488,0.5107767678113512,-0.35702112811854403,7.584175441646549,0.2587844290289502,-0.0,0.23591549295774644,8.078875363633246,0.0,0.0,0.0,0.23652904023581106,0.0,0.23652904023581106,0.0,low,,7.842346323397435,True,pass,False,,0.703,0.865,0.746,0.5005,0.5615,0.865,0.8915,0.163,0.7013499999999999,0.70525,8.920495363633247,77,0.0,8.688646323397435,0,71,0,6,advance
C/C=C/C(=O)Cc1ccc2ncnc(Nc3cccc(Br)c3)c2c1,7.592126468985365,0.0397364796570198,0.6429479526666998,382.2610000000001,4.823600000000003,54.88,1,4,3,5,0.10526315789473684,0,0.0,2.315073333333334,False,,0,,0,,0,,1.0,0.8394148380355277,1.0,0.3125,Osimertinib,0.0,0.6875,0.4952160814864273,0.7145800919154028,1.0,0.921875,0.4952160814864273,0.7829177933504575,1.0,0.5047839185135727,0.49521608148642726,-0.3836022824853737,7.532521749499835,0.30621326845617336,-0.0,0.25625,8.094985017956008,0.0,0.0,0.0,0.2559798981419659,0.0,0.2559798981419659,0.0,low,,7.839005119814042,True,pass,False,,0.685,0.866,0.838,0.5005,0.5615,0.837,0.8915,0.08,0.70725,0.70225,8.943685017956007,75,0.0,8.681705119814042,0,72,0,3,advance
COc1ccc(CNc2cc3c(Nc4cccc(Br)c4)ncnc3cn2)cc1,8.485395978413717,0.02302461747521366,0.435660530748398,436.3130000000001,5.151600000000003,71.96000000000001,2,6,4,6,0.09523809523809523,1,0.45,2.975420000000001,False,,0,,0,,0,,1.0,0.7259564164648911,1.0,0.32432432432432434,Afatinib,0.0,0.6756756756756757,0.7302317623707796,0.5251740611423882,1.0,0.9189189189189189,0.5251740611423882,0.7935811856080216,1.0,0.4748259388576118,0.5251740611423882,-0.08446589764965617,8.450859052200896,-0.7011286597277926,-0.0,0.2527027027027027,8.002433095175805,0.0,0.0,0.0,0.2185324235720148,0.0,0.2185324235720148,0.0,low,,7.78390067160379,True,pass,False,,0.903,0.597,0.663,0.5005,0.5615,0.881,0.8915,0.303,0.7253000000000001,0.7253499999999999,8.872793095175805,82,0.0,8.65432067160379,0,73,0,9,advance
C=CC(=O)NC1=CC=C2N=CN=C(Nc3ccc(OCc4ccccc4)cc3)C21,7.558643704398392,0.03389954817642814,0.7437731031343418,384.4390000000001,3.817700000000002,75.08,2,5,4,6,0.08695652173913043,0,0.0,2.9795933333333338,False,,0,,0,,1,acrylamide_like,1.0,0.7088275726630008,1.0,0.25287356321839083,Osimertinib,0.0,0.7471264367816092,0.4909312423760983,0.7444754631341444,0.92,0.9367816091954023,0.4909312423760983,0.7730470786764113,0.9367816091954023,0.445850366819304,0.554149633180696,-0.37615444840041723,7.50779438213375,0.30552975530825477,-0.0,0.27413793103448275,8.087462068476487,0.0,0.0,0.0,0.18231295852413004,0.1,0.2823129585241301,0.0,low,,7.805149109952357,True,pass,False,,0.671,0.945,0.662,0.5005,0.5615,0.909,0.8915,0.139,0.69035,0.70245,8.915882068476487,80,0.0,8.648089109952357,0,74,0,6,advance
COc1cccc(-c2cc3c(N[C@H](C)c4ccccc4)ncnc3o2)c1,8.109455539856048,0.004873710660550962,0.5469498101670404,345.40200000000004,5.071500000000004,60.18,1,5,4,5,0.14285714285714285,1,0.45,2.65,False,,0,,0,,0,,1.0,0.800502936217222,1.0,0.23684210526315788,Afatinib,0.0,0.7631578947368421,0.6489522875016265,0.5988993186687953,1.0,0.9407894736842105,0.5988993186687953,0.7971602699636581,1.0,0.4011006813312047,0.5988993186687953,-0.19761064328270883,8.102144973865222,-0.5362644755472454,-0.0,0.2789473684210526,7.844827866739029,0.0,0.0,0.0,0.1263758516640059,0.0,0.1263758516640059,0.0,low,,7.718452015075023,True,pass,False,,0.82,0.751,0.76,0.5005,0.5615,0.951,0.8915,0.955,0.7333,0.7728499999999998,8.72478786673903,97,0.0,8.645872015075023,0,75,0,22,advance
CN(C)CCCC(=O)Nc1ccc2nccc(Nc3cccc(Br)c3)c2c1,8.161385232062282,0.015434808863442222,0.5560516324207578,427.3460000000001,5.021200000000004,57.260000000000005,2,4,3,7,0.23809523809523808,1,0.45,2.815640000000001,False,,0,,0,,0,,1.0,0.7496582987523454,1.0,0.2692307692307692,Afatinib,0.0,0.7307692307692308,0.6545419418111609,0.5975345516775707,1.0,0.9326923076923077,0.5975345516775707,0.7961922002952597,1.0,0.40246544832242925,0.5975345516775707,-0.1888670113121319,8.138233018767119,-0.5424848437697185,-0.0,0.2692307692307692,7.864978944228169,0.0,0.0,0.0,0.12808181040303657,0.0,0.12808181040303657,0.0,low,,7.736897133825133,True,pass,False,,0.839,0.762,0.713,0.5005,0.5615,0.949,0.8915,0.531,0.737,0.7540999999999999,8.74937894422817,93,0.0,8.641817133825134,0,76,0,17,advance
C=CC(=O)Nc1cc(Nc2cc(-c3cn(C)c4ccccc34)ncn2)c(OC)cc1N(C)CCN(C)C,8.119810845902144,0.016310699477717273,0.3105348061023151,499.6190000000003,4.509800000000003,87.55,2,7,4,10,0.25,0,0.0,3.797460000000002,False,,0,,0,,1,acrylamide_like,1.0,0.8447219447219447,1.0,0.3333333333333333,Osimertinib,0.0,0.6666666666666667,0.6435352218411339,0.4747379895101194,0.92,0.9166666666666667,0.4747379895101194,0.73873496950448,0.92,0.4452620104898806,0.5547379895101194,-0.12693299688446158,8.095344796685568,-0.23408419389768512,-0.0,0.25,8.111260602787883,0.0,0.0,0.0,0.1815775131123508,0.1,0.2815775131123508,0.0,low,,7.829683089675532,True,pass,False,,0.824,0.368,0.432,0.5005,0.5615,0.91,0.8915,0.499,0.6093,0.6569,8.842420602787882,84,0.0,8.617963089675532,0,77,0,7,advance
C#CC(=O)N1CCN(C(=O)Oc2cc3c(Nc4ccc(Cl)c(Cl)c4F)ncnc3cc2OC)[C@H](C)C1,9.10443264708444,0.03400782113059718,0.39079777106809205,532.3590000000002,4.492600000000004,96.89000000000001,1,7,4,4,0.25,1,0.5,3.7657266666666676,False,,0,,0,,1,propiolamide_like,1.0,0.7697444831591174,1.0,0.3917525773195876,Erlotinib,0.0,0.6082474226804124,0.877302686979692,0.4701031330618096,0.92,0.9020618556701031,0.4701031330618096,0.7923669189279011,0.92,0.4498968669381904,0.5501031330618096,0.11324769073572105,9.053420915388545,-0.8990612289319081,-0.0,0.23247422680412372,8.38683391326076,0.0,0.0,0.0,0.18737108367273803,0.1,0.399871083672738,0.15,low,reactive_warhead_could_inflate_proxy_score,7.986962829588022,True,pass,False,,0.987,0.514,0.444,0.5005,0.5615,0.908,0.777,0.136,0.71365,0.6990999999999999,9.24321391326076,50,0.0,8.600882829588022,0,78,28,0,advance
COc1cc2ncnc(Nc3ccc(F)c(Cl)c3)c2cc1NC(=O)/C(F)=C/CN1CCCCC1,8.904444779063562,0.017246796143187484,0.43119340840182824,487.9380000000004,5.452300000000005,79.38000000000001,2,6,4,7,0.2916666666666667,1,0.45,3.419586666666669,False,,0,,0,,1,acrylamide_like,1.0,0.9020435069215557,1.0,0.64,Osimertinib,0.0,0.36,0.8390384374656592,0.5056338105184414,0.92,0.84,0.5056338105184414,0.7761680619960251,0.92,0.4143661894815587,0.5856338105184413,0.08382716729284534,8.878574584848781,-0.7525779249315054,-0.0,0.15799999999999997,8.283996659917275,0.0,0.0,0.0,0.14295773685194835,0.1,0.35545773685194837,0.15,low,reactive_warhead_could_inflate_proxy_score,7.928538923065326,True,pass,False,,0.9695,0.5885,0.5515,0.5005,0.5615,0.9395,0.777,0.461,0.7368,0.7351749999999999,9.168156659917274,55,0.0,8.585748923065326,0,79,24,0,advance
COc1cc2ncnc(Nc3ccc(F)c(Cl)c3)c2cc1NC(=O)/C(F)=C\CN1CCCCC1,8.904444779063562,0.01724679614318753,0.43119340840182824,487.9380000000004,5.452300000000005,79.38000000000001,2,6,4,7,0.2916666666666667,1,0.45,3.419586666666669,False,,0,,0,,1,acrylamide_like,1.0,0.9020435069215557,1.0,0.64,Osimertinib,0.0,0.36,0.8390384374656592,0.5056338105184414,0.92,0.84,0.5056338105184414,0.7761680619960251,0.92,0.4143661894815587,0.5856338105184413,0.08382716729284534,8.878574584848781,-0.7525779249315054,-0.0,0.15799999999999997,8.283996659917275,0.0,0.0,0.0,0.14295773685194835,0.1,0.35545773685194837,0.15,low,reactive_warhead_could_inflate_proxy_score,7.928538923065326,True,pass,False,,0.9695,0.5885,0.5515,0.5005,0.5615,0.9395,0.777,0.46,0.7368,0.7351249999999999,9.168156659917274,54,0.0,8.585688923065327,0,80,26,0,advance
O=C(CCCN1CCCCC1)Nc1ccc2ncnc(Nc3cccc(Br)c3)c2c1,8.348465652839035,0.017064170530057078,0.49001474797040023,468.3990000000001,5.340500000000004,70.15,2,5,4,7,0.34782608695652173,1,0.45,3.2893266666666676,False,,0,,0,,0,,1.0,0.8442109854233013,1.0,0.35294117647058826,Gefitinib,0.0,0.6470588235294117,0.7001714938387189,0.5429955472811561,1.0,0.9117647058823529,0.5429955472811561,0.788732936750557,1.0,0.45700445271884393,0.5429955472811561,-0.11808192388245076,8.32286939704395,-0.6686016433339477,-0.0,0.2441176470588235,7.898385400768826,0.0,0.0,0.0,0.19625556589855492,0.0,0.19625556589855492,0.0,low,,7.702129834870272,True,pass,False,,0.882,0.677,0.586,0.5005,0.5615,0.899,0.8915,0.471,0.7202999999999999,0.7335499999999999,8.762745400768827,91,0.0,8.582389834870272,0,81,0,10,advance
C=CC(=O)N1CCCC(n2nc(-c3ccc(Oc4ccc(Cl)cc4)cc3)c(C(N)=O)c2N)C1,7.846543027142336,0.026177635402859334,0.532927140594745,465.9410000000002,4.026400000000002,116.46999999999998,2,5,4,6,0.20833333333333334,0,0.0,3.5229400000000015,False,,1,aniline,0,,1,acrylamide_like,1.0,0.9052961001444391,1.0,0.16494845360824742,Osimertinib,0.0,0.8350515463917526,0.5683114120035825,0.6076122350194174,0.8,0.9587628865979382,0.5683114120035825,0.7336716334052346,0.9587628865979382,0.3904514745943557,0.6095485254056443,-0.2204802952022028,7.807276574038047,0.025319473928078172,-0.2,0.30051546391752576,7.93311151188365,0.0,0.0,0.0,0.11306434324294463,0.1,0.21306434324294465,0.0,low,,7.720047168640706,True,pass,False,,0.753,0.74,0.52,0.5005,0.5615,0.96,0.8915,0.245,0.6649499999999999,0.6925,8.731051511883651,95,0.0,8.551047168640705,0,82,0,13,advance
c1ccc(-c2cccc(Nc3ncnc4cc5c(cc34)OCCO5)c2)cc1,7.518191343310191,0.02010305825362906,0.5713549779284554,355.39700000000016,4.811600000000003,56.27000000000001,1,5,5,3,0.09090909090909091,0,0.0,2.335980000000001,False,,0,,0,,0,,1.0,0.843907156673114,1.0,0.3116883116883117,Dacomitinib,0.0,0.6883116883116883,0.4904756950500074,0.6743998532452657,1.0,0.922077922077922,0.4904756950500074,0.7717383675932987,1.0,0.5095243049499927,0.4904756950500073,-0.3750168967243886,7.488036755929747,0.23004888701936432,-0.0,0.2564935064935065,7.974579149442619,0.0,0.0,0.0,0.26190538118749085,0.0,0.26190538118749085,0.0,low,,7.712673768255128,True,pass,False,,0.651,0.784,0.831,0.5005,0.5615,0.828,0.8915,0.374,0.6745,0.6928500000000001,8.783979149442619,90,0.0,8.544093768255127,0,83,0,7,advance
O=C(C#CCO)Nc1ccc2ncnc(Nc3cccc(Br)c3)c2c1,7.447792396028691,0.010943742476502311,0.5917418443447154,397.2320000000001,3.070100000000001,87.14,3,5,3,3,0.05555555555555555,0,0.0,2.214880000000001,False,,0,,0,,1,propiolamide_like,1.0,0.8298339719029375,1.0,0.32,Sunvozertinib,0.0,0.6799999999999999,0.4792874792736212,0.6902703220819012,0.92,0.9199999999999999,0.4792874792736212,0.7523894503388806,0.92,0.44071252072637884,0.5592874792736211,-0.36413596142034593,7.431376782313938,0.26506539990027084,-0.0,0.25399999999999995,7.950442182214209,0.0,0.0,0.0,0.17589065090797357,0.1,0.2758906509079736,0.0,low,,7.674551531306236,True,pass,False,,0.624,0.808,0.852,0.5005,0.5615,0.917,0.8915,0.73,0.6703,0.71715,8.75480218221421,92,0.0,8.535131531306236,0,84,0,8,advance
Fc1ccc(Nc2ncnc3ccc(-c4cnn(C5CCNCC5)c4)cc23)cc1Cl,7.604556795383471,0.006323746824192587,0.48651948937709116,422.8950000000002,4.9539000000000035,67.66,2,5,5,4,0.22727272727272727,0,0.0,2.885966666666668,False,,0,,0,,0,,1.0,0.7061337355455002,1.0,0.40789473684210525,Sunvozertinib,0.0,0.5921052631578947,0.5217125760689328,0.6065870012086823,1.0,0.8980263157894737,0.5217125760689328,0.7565814732667722,1.0,0.47828742393106716,0.5217125760689328,-0.3131585295971191,7.595071175147182,0.0763517621043637,-0.0,0.22763157894736835,7.899054516198913,0.0,0.0,0.0,0.22285927991383397,0.0,0.22285927991383397,0.0,low,,7.676195236285079,True,pass,False,,0.691,0.674,0.696,0.5005,0.5615,0.877,0.8915,0.917,0.6502499999999999,0.7068999999999999,8.679354516198913,104,0.0,8.52447523628508,0,85,0,19,advance
Nc1ccc2ncnc(Nc3ccc(F)c(Cl)c3)c2c1,7.413304383480778,0.0234919783456598,0.7050238582840093,288.713,3.748100000000001,63.83,2,4,3,2,0.0,0,0.0,1.8,False,,1,aniline,0,,0,,1.0,0.7667037770080818,1.0,0.5263157894736842,Sunvozertinib,0.0,0.4736842105263158,0.4618817110282326,0.768532352825436,0.88,0.868421052631579,0.4618817110282326,0.7447087791213118,0.88,0.4181182889717674,0.5818817110282326,-0.37710275745743893,7.378066415962288,0.43502385828400925,-0.2,0.19210526315789472,7.805195537404192,0.0,0.0,0.0,0.14764786121470924,0.0,0.14764786121470924,0.0,low,,7.657547676189482,True,pass,False,,0.611,0.912,0.9675,0.5005,0.5615,0.937,0.8915,0.29,0.7025750000000001,0.7203999999999999,8.648285537404192,107,0.0,8.522027676189483,0,86,0,21,advance
C=CC(=O)Nc1cccc(-n2c(=O)cnc3cnc(Nc4ccc(C(N)=O)cc4)nc32)c1,7.8900276741465944,0.010830544334004256,0.39976592199837196,427.42400000000015,2.1426999999999996,144.89,3,7,4,6,0.0,0,0.25,2.916160000000001,False,,0,,0,,1,acrylamide_like,1.0,0.8424918831168832,1.0,0.27380952380952384,Sunvozertinib,0.0,0.7261904761904762,0.5899255375028456,0.5577112570991045,0.92,0.9315476190476191,0.5577112570991045,0.7497961034123923,0.9315476190476191,0.37383636194851455,0.6261636380514854,-0.2131607545460622,7.8737818576455885,-0.2876580780016282,-0.0,0.26785714285714285,7.853980922501104,0.0,0.0,0.0,0.0922954524356432,0.1,0.19229545243564322,0.0,low,,7.661685470065461,True,pass,False,,0.766,0.527,0.686,0.5005,0.5615,0.967,0.8915,0.737,0.6531,0.70635,8.637700922501104,109,0.0,8.50930547006546,0,87,0,22,advance
O=C(/C=C/CN1CC2(CCOCC2)C1)Nc1cc2c(Nc3ccc(F)c(Cl)c3)ncnc2s1,7.747150000561447,0.017532907789038897,0.4845088943251985,487.9880000000001,4.834500000000003,79.38000000000001,2,7,5,6,0.34782608695652173,0,0.0,4.019920000000001,False,,0,,0,,1,acrylamide_like,1.0,0.8440792084627701,1.0,0.42168674698795183,Sunvozertinib,0.0,0.5783132530120482,0.5495144646880346,0.5618675841865515,0.92,0.8945783132530121,0.5495144646880346,0.7314900905318995,0.92,0.3704855353119655,0.6295144646880345,-0.2426341677918199,7.720850638877889,-0.08369649697914941,-0.0,0.22349397590361447,7.860648117802354,0.0,0.0,0.0,0.08810691913995687,0.1,0.18810691913995686,0.0,low,,7.6725411986623975,True,pass,False,,0.734,0.672,0.35,0.5005,0.5615,0.969,0.8915,0.452,0.6173,0.67085,8.601408117802354,114,0.0,8.477561198662398,0,88,0,26,advance
C[C@@H](Nc1ncnc2sc(-c3ccc(CO)cc3F)cc12)c1ccccc1,8.081312817459832,0.011440230090416089,0.5026465693838997,379.4600000000001,5.162800000000004,58.040000000000006,2,5,4,5,0.14285714285714285,1,0.45,2.8464000000000005,False,,0,,0,,0,,1.0,0.7436337171480615,1.0,0.24050632911392406,Afatinib,0.0,0.759493670886076,0.6373200433016667,0.5669786900842217,1.0,0.939873417721519,0.5669786900842217,0.7860430377768519,1.0,0.43302130991577825,0.5669786900842217,-0.19829732596691352,8.064152472324208,-0.6100277163303861,-0.0,0.27784810126582277,7.731972857259645,0.0,0.0,0.0,0.16627663739472281,0.0,0.16627663739472281,0.0,low,,7.565696219864923,True,pass,False,,0.81,0.695,0.705,0.5005,0.5615,0.92,0.8915,0.707,0.70935,0.74045,8.583192857259645,117,0.0,8.454236219864923,0,89,0,28,advance
C#CCOc1cc2c(Nc3ccc(F)c(Cl)c3)ncnc2cc1OC,7.3933875432581,0.01835185005288541,0.6938851755759105,357.7720000000001,4.186500000000002,56.269999999999996,1,5,3,5,0.1111111111111111,0,0.0,2.151813333333334,False,,0,,0,,0,,1.0,0.8388419798077033,1.0,0.6515151515151515,Gefitinib,0.0,0.3484848484848485,0.4605005907775053,0.7488747952846995,1.0,0.8371212121212122,0.4605005907775053,0.7616241495458542,1.0,0.5394994092224947,0.46050059077750527,-0.40149807835779855,7.3658597681787725,0.38222428668702146,-0.0,0.15454545454545454,7.902629509411248,0.0,0.0,0.0,0.2993742615281184,0.0,0.2993742615281184,0.0,low,,7.60325524788313,True,pass,False,,0.604,0.906,0.881,0.5005,0.5615,0.773,0.8915,0.43,0.68525,0.69935,8.724929509411249,96,0.0,8.442475247883129,0,90,0,6,advance
O=C(/C=C/CNC1CCOCC1)Nc1cc2c(Nc3ccc(F)c(Cl)c3)ncnc2s1,7.696274656061571,0.033444477818602006,0.44916209412710056,461.9500000000001,4.490700000000002,88.17,3,7,4,7,0.2857142857142857,0,0.0,3.246333333333334,False,,0,,0,,1,acrylamide_like,1.0,0.7756052631578948,1.0,0.41975308641975306,Sunvozertinib,0.0,0.5802469135802469,0.5256575295423713,0.572180177410931,0.92,0.8950617283950617,0.5256575295423713,0.728224858837091,0.92,0.3943424704576287,0.6056575295423713,-0.2700897723929596,7.646107939333668,-0.00921647730147097,-0.0,0.22407407407407404,7.860965536106272,0.0,0.0,0.0,0.1179280880720359,0.1,0.2179280880720359,0.0,low,,7.643037448034236,True,pass,False,,0.719,0.614,0.595,0.5005,0.5615,0.957,0.8915,0.141,0.6357,0.6654,8.623805536106271,111,0.0,8.441517448034237,0,91,0,20,advance
COc1cc2ncnc(Nc3ccc(F)c(Cl)c3)c2cc1B(O)O,7.429677128114389,0.021585199864747696,0.6244827643858579,347.5420000000001,1.8543000000000003,87.50000000000001,3,6,3,4,0.06666666666666667,0,0.0,2.0,False,,0,,0,,0,,1.0,0.7883530942741469,1.0,0.6557377049180327,Osimertinib,0.0,0.34426229508196726,0.4673096421232739,0.716542443489145,1.0,0.8360655737704918,0.4673096421232739,0.7549794148457276,1.0,0.5326903578767261,0.46730964212327386,-0.3835596969632716,7.397299328317268,0.3311494310525246,-0.0,0.15327868852459015,7.881727447894383,0.0,0.0,0.0,0.2908629473459077,0.0,0.2908629473459077,0.0,low,,7.590864500548475,True,pass,False,,0.616,0.847,0.923,0.5005,0.5615,0.792,0.8915,0.341,0.6851499999999999,0.6957500000000001,8.703907447894382,101,0.0,8.425764500548475,0,92,0,9,advance
C=CC(=O)Nc1cccc(N2C(=O)N(C)Cc3cnc(Nc4ccccc4)nc32)c1,7.4471512035826395,0.03422734852582766,0.6308243552472734,400.44200000000006,4.048200000000002,90.46000000000001,2,5,4,5,0.09090909090909091,0,0.0,2.63628,False,,0,,0,,1,acrylamide_like,1.0,0.8258721461187214,1.0,0.24705882352941178,Sunvozertinib,0.0,0.7529411764705882,0.4628286569275805,0.6955580107706159,0.92,0.9382352941176471,0.4628286569275805,0.7541554904539609,0.9382352941176471,0.47540663719006654,0.5245933628099335,-0.38843577803517376,7.395810180793898,0.2444732643381825,-0.0,0.2758823529411764,7.916165798073257,0.0,0.0,0.0,0.2192582964875832,0.1,0.3192582964875832,0.0,low,,7.596907501585673,True,pass,False,,0.623,0.857,0.769,0.5005,0.5615,0.88,0.8915,0.131,0.6671999999999999,0.68225,8.716805798073256,98,0.0,8.415607501585674,0,93,0,5,advance
C=CC(=O)Nc1ccc(OC)c(Nc2cc(-c3[nH]c(SC)nc3C3CC3)ccn2)c1,7.730693560216098,0.027902949851484758,0.35214019303501065,421.5260000000001,4.947700000000003,91.93,3,6,4,8,0.22727272727272727,0,0.0,3.0768400000000007,False,,0,,0,,1,acrylamide_like,1.0,0.8842983768850006,1.0,0.3333333333333333,Osimertinib,0.0,0.6666666666666667,0.5381413251579852,0.5253371061692558,0.92,0.9166666666666667,0.5253371061692558,0.7250362744984769,0.92,0.39466289383074427,0.6053371061692557,-0.24919326578732248,7.6888391354388705,-0.08665853423771672,-0.0,0.25,7.8521806012011535,0.0,0.0,0.0,0.11832861728843035,0.1,0.21832861728843034,0.0,low,,7.633851983912723,True,pass,False,,0.728,0.447,0.646,0.5005,0.5615,0.955,0.8915,0.21,0.614,0.6514,8.588980601201154,116,0.0,8.415531983912723,0,94,0,22,advance
COCCOc1cc2ncnc(Nc3cccc(C=O)c3)c2cc1OCCOC,7.6475222842184305,0.011123938995202523,0.38945363899856006,397.43100000000027,3.2363000000000017,91.80000000000001,1,8,3,11,0.2857142857142857,0,0.0,3.016206666666669,False,,0,,0,,0,,1.0,0.7906689536878216,1.0,0.4266666666666667,Dacomitinib,0.0,0.5733333333333333,0.5290938137579658,0.5481915527312593,1.0,0.8933333333333333,0.5290938137579658,0.7426546749556395,1.0,0.4709061862420342,0.5290938137579658,-0.2847478149302317,7.630836375725627,-0.03440593243001168,-0.0,0.22199999999999992,7.818430443295615,0.0,0.0,0.0,0.21363273280254275,0.0,0.21363273280254275,0.0,low,,7.604797710493072,True,pass,False,,0.707,0.513,0.659,0.5005,0.5615,0.885,0.8915,0.725,0.6197,0.67505,8.562070443295614,121,0.0,8.414857710493072,0,95,0,26,advance
CNCCOc1cc2c(Nc3ccc(F)c(Cl)c3)ncnc2cc1OC,7.468060008451905,0.016241167337847598,0.6116526385049302,376.8190000000001,3.772700000000002,68.3,2,6,3,7,0.2222222222222222,0,0.0,2.478793333333334,False,,0,,0,,0,,1.0,0.8511191772534785,1.0,0.703125,Gefitinib,0.0,0.296875,0.48064618497648304,0.6910707460495065,1.0,0.82421875,0.48064618497648304,0.7489839202564974,1.0,0.519353815023517,0.48064618497648304,-0.3577836470400191,7.443698257445134,0.26205586072715237,-0.0,0.13906249999999998,7.8448166181722865,0.0,0.0,0.0,0.27419226877939623,0.0,0.27419226877939623,0.0,low,,7.57062434939289,True,pass,False,,0.629,0.829,0.794,0.5005,0.5615,0.814,0.8915,0.501,0.66805,0.69425,8.646476618172287,108,0.0,8.40372434939289,0,96,0,12,advance
C=CC(=O)Nc1cccc(-c2c(-c3ccc(N4CCN(C)CC4)cc3)oc3ncnc(NCCO)c23)c1,7.889356873520052,0.010394626801674873,0.31480281911658164,498.5870000000003,3.8373000000000026,106.76,3,8,5,8,0.25,0,0.0,3.790580000000002,False,,0,,0,,1,acrylamide_like,1.0,0.8409977116034163,1.0,0.24210526315789474,Sunvozertinib,0.0,0.7578947368421053,0.5900629796188406,0.4773500120525814,0.92,0.9394736842105263,0.4773500120525814,0.7317216689704871,0.9394736842105263,0.462123672157945,0.5378763278420551,-0.18887825246886203,7.87376493331754,-0.22878418088341865,-0.0,0.27736842105263154,7.9223491734867535,0.0,0.0,0.0,0.20265459019743123,0.1,0.30265459019743124,0.0,low,,7.619694583289323,True,pass,False,,0.765,0.378,0.434,0.5005,0.5615,0.892,0.8915,0.764,0.58505,0.65235,8.624409173486754,110,0.0,8.402514583289323,0,97,0,13,advance
Cc1cc2cc(n1)-c1cnn(C)c1OCCC[C@@H](C)CN1/C(=N/C2=O)Nc2ccc(CN3CCN(C)CC3)cc21,8.589997264593222,0.029346660724751544,0.5234670292680527,542.6880000000002,3.7749200000000025,91.11999999999999,1,8,6,2,0.4666666666666667,1,0.5,5.0345866666666685,False,,0,,0,,0,,1.0,0.6370782825422,0.8855968773494545,0.14655172413793102,Gefitinib,0.0,0.853448275862069,0.7519566536409795,0.4942689173794802,1.0,0.8775597269776081,0.4942689173794802,0.780946324499517,1.0,0.5057310826205198,0.4942689173794802,-0.03865289447804998,8.545977273506095,-0.935054304065281,-0.0,0.2774337020959843,7.8883566715367985,0.0,0.0,0.0,0.2571638532756498,0.0,0.2571638532756498,0.0,low,,7.631192818261149,True,pass,False,,0.932,0.728,0.104,0.5005,0.078,0.836,0.8915,0.192,0.6807,0.6394000000000002,8.705196671536799,100,0.0,8.39847281826115,0,98,0,2,advance
CN(CCCl)c1ccc2ncnc(Nc3cccc(Br)c3)c2c1,7.460375839585625,0.03450622631044634,0.6336509855092064,391.7000000000001,4.810900000000003,41.050000000000004,1,4,3,5,0.17647058823529413,0,0.0,2.378000000000001,False,,1,alkyl_halide,0,,0,,1.0,0.8090324526833065,1.0,0.36764705882352944,Afatinib,0.0,0.6323529411764706,0.4659396014790938,0.7070465035685249,0.88,0.9080882352941176,0.4659396014790938,0.7402685850854341,0.9080882352941176,0.44214863381502384,0.5578513661849762,-0.36577197814178714,7.4086165001199555,0.2945980443327357,-0.2,0.23970588235294116,7.7429204268056315,0.0,0.0,0.0,0.1776857922687798,0.0,0.1776857922687798,0.0,low,,7.565234634536852,True,pass,False,,0.626,0.858,0.816,0.5005,0.5615,0.914,0.8915,0.13,0.6758,0.6913499999999999,8.553880426805632,122,0.0,8.394854634536852,0,99,0,23,advance
C[C@@H](Nc1ncnc2[nH]c(-c3ccccc3OC(F)(F)F)cc12)c1ccccc1,8.21552059366921,0.04218748707703407,0.4529050274077358,398.3880000000001,5.696600000000004,62.83,2,4,4,5,0.14285714285714285,1,0.45,2.9725866666666674,False,,0,,0,,0,,1.0,0.7834945950735425,1.0,0.21794871794871795,Afatinib,0.0,0.782051282051282,0.6493489074633785,0.5347675086639982,1.0,0.9455128205128205,0.5347675086639982,0.7824073091600492,1.0,0.46523249133600175,0.5347675086639982,-0.17741120226222773,8.152239363053658,-0.67869725830655,-0.0,0.2846153846153846,7.7581574893624925,0.0,0.0,0.0,0.2065406141700022,0.0,0.2065406141700022,0.0,low,,7.55161687519249,True,pass,False,,0.854,0.616,0.665,0.5005,0.5615,0.89,0.8915,0.055,0.7073499999999999,0.7021999999999999,8.606977489362492,112,0.0,8.39425687519249,0,100,0,12,advance
CN(CCO)c1cc2c(Nc3ccc4c(cnn4Cc4ccccc4)c3)ncnc2cn1,7.620548057501973,0.013908041761231407,0.4116136387845464,425.4960000000001,3.5949000000000018,91.99000000000001,2,7,5,7,0.16666666666666666,0,0.0,3.2033066666666676,False,,0,,0,,0,,1.0,0.7240560969398846,1.0,0.30864197530864196,Afatinib,0.0,0.691358024691358,0.5204013851426313,0.553183398767398,1.0,0.9228395061728395,0.5204013851426313,0.7491060725207171,1.0,0.47959861485736865,0.5204013851426313,-0.30493958317078107,7.599685994860126,-0.052215694548787106,-0.0,0.25740740740740736,7.804877707718746,0.0,0.0,0.0,0.22449826857171085,0.0,0.22449826857171085,0.0,low,,7.580379439147035,True,pass,False,,0.697,0.551,0.611,0.5005,0.5615,0.874,0.8915,0.593,0.6155999999999999,0.6652499999999999,8.543597707718746,125,0.0,8.378679439147035,0,101,0,24,advance
CNC(=O)[C@@H](C)N(C)Cc1cc2c(Nc3cccc(Cl)c3F)ncnc2cc1OC,7.50279927705849,0.02318098078779599,0.5929145157702056,431.89900000000017,3.740800000000002,79.38000000000001,2,6,3,7,0.2857142857142857,0,0.0,3.195993333333335,False,,0,,0,,0,,1.0,0.8508863819500403,1.0,0.42168674698795183,Osimertinib,0.0,0.5783132530120482,0.4844731327131654,0.6531801631607925,1.0,0.8945783132530121,0.4844731327131654,0.7580579022817425,1.0,0.5155268672868346,0.4844731327131654,-0.36477969275810274,7.468027805876797,0.142086944341634,-0.0,0.22349397590361447,7.833608726122045,0.0,0.0,0.0,0.2694085841085433,0.0,0.2694085841085433,0.0,low,,7.564200142013502,True,pass,False,,0.645,0.81,0.612,0.5005,0.5615,0.822,0.8915,0.298,0.64415,0.6686500000000001,8.606588726122045,113,0.0,8.366580142013502,0,102,0,11,advance
C#Cc1cccc(Nc2ncnc3cc(O[C@H]4CCOC4)c(NC(=O)/C=C/CNC(C)C)cc23)c1,7.87995350204406,0.015947989713596792,0.32038862723610945,471.5610000000002,4.015100000000002,97.4,3,7,4,9,0.2962962962962963,0,0.0,3.860406666666668,False,,0,,0,,1,acrylamide_like,1.0,0.8521924014020591,1.0,0.37894736842105264,Osimertinib,0.0,0.6210526315789473,0.5838247827114973,0.4777365654926807,0.92,0.9052631578947368,0.4777365654926807,0.7217061265247287,0.92,0.44226343450731936,0.5577365654926807,-0.18384179175097515,7.856031517473665,-0.2290427431342611,-0.0,0.2363157894736842,7.863304563813087,0.0,0.0,0.0,0.17782929313414922,0.1,0.2778292931341492,0.0,low,,7.585475270678938,True,pass,False,,0.763,0.394,0.403,0.5005,0.5615,0.913,0.8915,0.511,0.5827,0.6405000000000001,8.562544563813088,120,0.0,8.354075270678937,0,103,0,17,advance
Brc1cccc(Nc2ncnc3cc4c(cc23)OCCCSCCCO4)c1,7.902681165319427,0.030892666072354646,0.5674848885689406,446.37000000000035,5.420500000000003,56.27000000000001,1,6,4,2,0.3,1,0.45,2.642466666666669,False,,0,,0,,0,,1.0,0.8617847138855541,1.0,0.2891566265060241,Dacomitinib,0.0,0.7108433734939759,0.5790454250792084,0.610483355379584,1.0,0.927710843373494,0.5790454250792084,0.7793099059580716,1.0,0.4209545749207916,0.5790454250792084,-0.26701930783848415,7.8563421662108945,-0.49888511143105974,-0.0,0.26325301204819274,7.620710066828027,0.0,0.0,0.0,0.1511932186509895,0.0,0.1511932186509895,0.0,low,,7.4695168481770375,True,pass,False,,0.77,0.777,0.764,0.5005,0.5615,0.935,0.8915,0.173,0.7166,0.7214500000000001,8.480630066828027,133,0.0,8.335256848177037,0,104,0,29,advance
CS(=O)(=O)CCNC/C=C/C(=O)Nc1cc2c(Nc3ccc(F)c(Cl)c3)ncnc2s1,7.719238215370835,0.006384044983352135,0.3156863038781644,483.9780000000001,3.356300000000001,113.08,3,8,3,9,0.21052631578947367,0,0.0,3.3931866666666672,False,,0,,0,,1,acrylamide_like,1.0,0.8004385964912281,1.0,0.425,Sunvozertinib,0.0,0.575,0.5503407223543622,0.4931202876458109,0.92,0.89375,0.4931202876458109,0.7143027525000434,0.92,0.42687971235418914,0.5731202876458108,-0.21861604019424152,7.7096621478958065,-0.1722390645428883,-0.0,0.22249999999999998,7.759923083352918,0.0,0.0,0.0,0.15859964044273644,0.1,0.2585996404427364,0.0,low,,7.501323442910182,True,pass,False,,0.723,0.383,0.558,0.5005,0.5615,0.927,0.8915,0.915,0.58575,0.66395,8.462823083352918,137,0.0,8.298063442910182,0,105,0,32,advance
COc1cc2ncnc(Nc3ccc(F)c(Cl)c3)c2cc1CN1CCC[C@@H]1C(N)=O,7.493991623045678,0.03776933387657182,0.6211938715039392,429.8830000000003,3.624200000000002,93.37,2,6,4,6,0.2857142857142857,0,0.0,3.2825533333333357,False,,0,,0,,0,,1.0,0.8473684210526315,1.0,0.5512820512820513,Osimertinib,0.0,0.4487179487179487,0.4720593720478191,0.6654045780451152,1.0,0.8621794871794872,0.4720593720478191,0.7499108593181054,1.0,0.5279406279521809,0.4720593720478191,-0.37046864969371507,7.43733762223082,0.15738230007536747,-0.0,0.18461538461538457,7.779335306921572,0.0,0.0,0.0,0.28492578494022613,0.0,0.28492578494022613,0.0,low,,7.494409521981346,True,pass,False,,0.64,0.838,0.587,0.5005,0.5615,0.796,0.8915,0.101,0.6437499999999999,0.6563999999999999,8.551835306921571,123,0.0,8.282089521981346,0,106,0,17,advance
Clc1cccc(Nc2ncnc3cc(OCCCN4CCOCC4)c4c(c23)OCCO4)c1,7.517625690173572,0.01763808729233862,0.536229391610243,456.9300000000004,3.8991000000000025,77.97000000000001,1,8,5,7,0.391304347826087,0,0.0,3.4128666666666696,False,,0,,0,,0,,1.0,0.8377996381727725,1.0,0.5324675324675324,Dacomitinib,0.0,0.4675324675324676,0.492059761438756,0.613662062821531,1.0,0.8668831168831169,0.492059761438756,0.743151235285851,1.0,0.5079402385612439,0.49205976143875607,-0.33478863179612656,7.4911685592350645,0.06342982639285122,-0.0,0.1902597402597403,7.744858125887656,0.0,0.0,0.0,0.2599252982015549,0.0,0.2599252982015549,0.0,low,,7.484932827686101,True,pass,False,,0.649,0.744,0.554,0.5005,0.5615,0.831,0.8915,0.45,0.6240500000000001,0.66265,8.493718125887655,132,0.0,8.2801128276861,0,107,0,25,advance
CCN(CC)CCCNC(=O)/C=C/C(=O)Cc1cc2c(Nc3cccc(Br)c3)ncnc2cn1,8.962288892080778,0.008151857304998249,0.27197453600290517,525.4510000000001,4.046800000000002,100.11000000000001,2,7,3,12,0.32,1,0.5,3.9696733333333345,False,,0,,0,,1,acrylamide_like,1.0,0.8157174986126121,1.0,0.2988505747126437,Sunvozertinib,0.0,0.7011494252873562,0.8598659229066957,0.39690625121185424,0.92,0.9252873563218391,0.39690625121185424,0.7755148826100973,0.9252873563218391,0.5283811051099849,0.4716188948900151,0.11246805372879787,8.95006110612328,-1.041476463997095,-0.0,0.26034482758620686,8.168929469712392,0.0,0.0,0.0,0.28547638138748116,0.1,0.4979763813874812,0.15,low,reactive_warhead_could_inflate_proxy_score,7.670953088324911,True,pass,False,,0.977,0.294,0.37,0.5005,0.5615,0.795,0.777,0.864,0.65405,0.6808,8.953789469712392,73,0.0,8.262913088324911,0,108,35,0,advance
C=CC(=O)Nc1cccc(-n2c(=O)cnc3cnc(Nc4ccc(N5CCN(C)CC5)cc4)nc32)c1,8.541516035673865,0.022654565794191703,0.40412915874848737,482.5480000000003,2.7956000000000003,108.27999999999999,2,8,5,6,0.19230769230769232,0,0.0,3.4836533333333355,True,anil_di_alk_A(478),0,,0,,1,acrylamide_like,1.0,0.8797543545129146,1.0,0.25842696629213485,Sunvozertinib,0.0,0.7415730337078652,0.7445208128625321,0.5382843706450013,0.67,0.9353932584269663,0.5382843706450013,0.7220496104836249,0.9353932584269663,0.39710888778196496,0.602891112218035,0.02996160317187624,8.507534186982578,-0.09918807202074374,-0.4,0.27247191011235955,8.280818025074195,0.0,0.0,0.0,0.12138610972745621,0.1,0.4088861097274562,0.25,medium,unsafe_structure_can_game_single_score,7.871931915346739,True,pass,False,,0.916,0.537,0.533,0.5005,0.5615,0.954,0.0895,0.313,0.69965,0.6348500000000001,9.120398025074195,59,0.0,8.258751915346739,0,109,50,0,review
CC(C)N(C)C/C=C/C(=O)N1CCc2sc3ncnc(Nc4ccc(Cl)c(Cl)c4)c3c2C1,8.09601711973426,0.02161116047307068,0.4612008543488593,490.46000000000015,5.5228000000000055,61.36000000000001,1,6,4,6,0.34782608695652173,1,0.45,3.336400000000001,False,,0,,0,,1,acrylamide_like,1.0,0.7488939995619424,1.0,0.25806451612903225,Sunvozertinib,0.0,0.7419354838709677,0.6338764676024154,0.5253373929687957,0.92,0.935483870967742,0.5253373929687957,0.7536744328847382,0.935483870967742,0.4101464779989463,0.5898535220010537,-0.15973062037643038,8.063600379024654,-0.7044765369554886,-0.0,0.27258064516129027,7.631704487230456,0.0,0.0,0.0,0.1376830974986829,0.1,0.2376830974986829,0.0,low,,7.3940213897317735,True,pass,False,,0.814,0.634,0.572,0.5005,0.5615,0.944,0.8915,0.34,0.6789999999999999,0.70325,8.446504487230456,140,0.0,8.237921389731774,0,110,0,30,advance
CN1CCN(CCC(=O)N2CCOc3c2ccc2ncnc(Nc4cccc(Br)c4)c32)CC1,8.03776973634673,0.033661184960427394,0.5623964287093288,511.42400000000015,3.498800000000001,73.83,1,7,5,5,0.375,1,0.5,3.5761600000000007,False,,0,,0,,0,,1.0,0.808511952726296,1.0,0.3118279569892473,Gefitinib,0.0,0.6881720430107527,0.6108796046143834,0.5717734204055155,1.0,0.9220430107526882,0.5717734204055155,0.7761740089431468,1.0,0.4282265795944845,0.5717734204055155,-0.220392539105018,7.987277958906089,-0.6865275712906713,-0.0,0.25645161290322577,7.557202000518644,0.0,0.0,0.0,0.16028322449310567,0.0,0.16028322449310567,0.0,low,,7.396918776025538,True,pass,False,,0.8,0.769,0.504,0.5005,0.5615,0.926,0.8915,0.14,0.6895,0.7007,8.384602000518644,151,0.0,8.237758776025538,0,111,0,40,advance
CCOC(=O)c1cnc(Nc2ccc(N3CCN(C)CC3)cc2OC)nc1-c1cn(C)c2ccccc12,8.366233157505997,0.02367771801488387,0.375875248537019,500.6030000000003,4.316000000000003,84.75,1,8,5,7,0.32142857142857145,1,0.5,3.704020000000002,False,,0,,0,,0,,1.0,0.855963676797628,1.0,0.23636363636363636,Lazertinib,0.0,0.7636363636363637,0.6999838867660805,0.4642690790030527,1.0,0.9409090909090909,0.4642690790030527,0.7762905141695561,1.0,0.5357309209969473,0.4642690790030527,-0.1017421698713008,8.33071658048367,-0.8975848943201242,-0.0,0.2790909090909091,7.712222595254456,0.0,0.0,0.0,0.29466365124618416,0.0,0.29466365124618416,0.0,low,,7.417558944008272,True,pass,False,,0.885,0.489,0.465,0.5005,0.5615,0.784,0.8915,0.283,0.6658999999999999,0.67325,8.511302595254456,128,0.0,8.225458944008272,0,112,0,16,advance
C#Cc1cccc(Nc2nc3cnc(Nc4ccc(N5CCN(C)CC5)cc4)nc3n2C(C)C)c1,8.371859531882386,0.017078799328400063,0.4015297937737418,466.5930000000003,4.627500000000004,74.14000000000001,2,7,5,6,0.2962962962962963,0,0.0,3.3772866666666688,True,anil_di_alk_A(478),0,,0,,0,,1.0,0.8012118385345998,1.0,0.2222222222222222,Erlotinib,0.0,0.7777777777777778,0.7060097234407164,0.5409457455499169,0.75,0.9444444444444444,0.5409457455499169,0.7353499783587694,0.9444444444444444,0.4034986988945275,0.5965013011054725,-0.03912033989073738,8.346241332889786,-0.07543357659662885,-0.4,0.2833333333333333,8.15414108962649,0.0,0.0,0.0,0.12937337361815937,0.0,0.31687337361815937,0.25,medium,unsafe_structure_can_game_single_score,7.837267716008331,True,pass,False,,0.886,0.531,0.563,0.5005,0.5615,0.948,0.0895,0.47,0.68945,0.6352,8.98148108962649,70,0.0,8.22450771600833,0,113,43,0,review
Cn1cc(-c2cc(C(=O)/N=c3\[nH]c4ccccc4n3C3CCCS(=O)(=O)C3)ccn2)cn1,7.397183684311917,0.011734292698160616,0.5140925723197723,450.5240000000002,2.2557,115.0,1,5,5,3,0.2727272727272727,0,0.0,3.3201600000000013,False,,0,,0,,0,,1.0,0.8511900647450519,1.0,0.14655172413793102,Lazertinib,0.0,0.853448275862069,0.4660819161892669,0.6050524532374133,1.0,0.9633620689655172,0.4660819161892669,0.7586241095980494,1.0,0.5339180838107331,0.46608191618926686,-0.39005625787837656,7.379582245264676,0.043341299592499424,-0.0,0.3060344827586207,7.728958027615796,0.0,0.0,0.0,0.2923976047634164,0.0,0.2923976047634164,0.0,low,,7.43656042285238,True,pass,False,,0.606,0.713,0.576,0.5005,0.5615,0.789,0.8915,0.691,0.6018,0.6551499999999998,8.451118027615797,138,0.0,8.222740422852379,0,114,0,24,advance
C=CC(=O)Nc1cc2c(Nc3ccc(F)c(Cl)c3)c(C#N)cnc2cc1OCC,7.905246538723965,0.03599479763106413,0.5474965109344487,410.8360000000002,5.165780000000003,87.04,2,5,3,6,0.09523809523809523,1,0.45,2.605573333333335,False,,0,,0,,1,acrylamide_like,1.0,0.8386153888442218,1.0,0.5733333333333334,Osimertinib,0.0,0.42666666666666664,0.5761152763392463,0.6009087220395878,0.92,0.8566666666666667,0.5761152763392463,0.7384226662613751,0.92,0.34388472366075373,0.6561152763392463,-0.21640985322950523,7.851254342277369,-0.533815679541742,-0.0,0.178,7.495438662735627,0.0,0.0,0.0,0.05485590457594218,0.1,0.15485590457594217,0.0,low,,7.340582758159685,True,pass,False,,0.772,0.752,0.774,0.5005,0.5615,0.978,0.8915,0.116,0.714,0.72075,8.352238662735628,158,0.0,8.205482758159684,0,115,0,43,advance
N#Cc1cnc2c(Cl)cc(N[C@H](C3=CNNN3)c3cccnc3)cc2c1Nc1cnc(F)c(F)c1,8.221422362885606,0.004067316562197051,0.25267340327803584,491.8930000000002,4.178680000000001,122.61,5,9,5,6,0.043478260869565216,0,0.0,3.8959533333333347,False,,1,hydrazine,1,hydrazine,0,,1.0,0.8981853356346893,1.0,0.18181818181818182,Sunvozertinib,0.0,0.8181818181818181,0.6775084691278637,0.4391260128285607,0.7,0.9545454545454546,0.4391260128285607,0.6927949841254697,0.9545454545454546,0.5154194417168939,0.4845805582831061,-0.020382019996808,8.21532138804231,-0.32737177063500783,-0.5,0.2954545454545454,7.683404162861848,0.0,0.0,0.0,0.2692743021461174,0.0,0.2692743021461174,0.0,low,,7.414129860715731,True,pass,False,,0.856,0.248,0.391,0.5005,0.5615,0.823,0.8915,0.97,0.5935499999999999,0.6592500000000001,8.395664162861848,147,0.0,8.20522986071573,0,116,0,31,advance
COC[C@@H](Nc1ncnc2[nH]c(-c3ccccc3OC(F)F)cc12)c1ccccc1,8.171827209897863,0.0407212499170385,0.4264940859740225,410.4240000000001,5.025900000000004,72.06,2,5,4,8,0.18181818181818182,1,0.45,3.352826666666668,False,,0,,0,,0,,1.0,0.7450708339459047,1.0,0.2375,Afatinib,0.0,0.7625,0.6394519275325388,0.5056168754908406,1.0,0.940625,0.5056168754908406,0.7714234507558448,1.0,0.49438312450915944,0.5056168754908406,-0.175962030964408,8.110745335022305,-0.7582480958441594,-0.0,0.27875,7.631247239178145,0.0,0.0,0.0,0.2429789056364493,0.0,0.2429789056364493,0.0,low,,7.388268333541696,True,pass,False,,0.84,0.583,0.569,0.5005,0.5615,0.855,0.8915,0.066,0.6800499999999999,0.6805,8.447307239178144,139,0.0,8.204868333541695,0,117,0,22,advance
C=CC(=O)Nc1cccc(Nc2nc(Nc3ccc(CN4CCOCC4)cc3)ncc2Cl)c1,7.532338702291602,0.02035801862256576,0.4202841664579134,464.95700000000033,4.573900000000003,91.41,3,7,4,8,0.20833333333333334,0,0.0,3.366380000000002,False,,0,,0,,1,acrylamide_like,1.0,0.8394251706905826,1.0,0.35,Sunvozertinib,0.0,0.65,0.49383406253710443,0.5516801377056985,0.92,0.9125,0.49383406253710443,0.7195035500607008,0.92,0.4261659374628956,0.5738340625371043,-0.30089265003146176,7.501801674357753,-0.06383950020875359,-0.0,0.245,7.682962174149,0.0,0.0,0.0,0.15770742182861952,0.1,0.2577074218286195,0.0,low,,7.425254752320381,True,pass,False,,0.655,0.566,0.564,0.5005,0.5615,0.929,0.8915,0.365,0.59265,0.6443,8.394142174149,149,0.0,8.198414752320382,0,118,0,31,advance
Cc1ccccc1Nc1nc2cc(F)c(N(C)C(=O)/C=C/CN(C)C)cc2n2cncc12,7.522024925107075,0.024142421191849256,0.4638028302333239,432.50300000000016,4.154220000000003,65.77000000000001,1,5,4,6,0.20833333333333334,0,0.0,2.950020000000001,False,,0,,0,,1,acrylamide_like,1.0,0.5419569344444243,0.7126489717171349,0.26744186046511625,Afatinib,0.0,0.7325581395348837,0.48860653644247437,0.5916292489360204,0.92,0.7176262636715721,0.48860653644247437,0.6794655122625167,0.92,0.43139346355752567,0.5686065364424744,-0.2544786344267232,7.485811293319301,0.042133163566657104,-0.0,0.19792968478974882,7.725874141675707,0.0,0.0,0.0,0.1642418294469071,0.1,0.2642418294469071,0.0,low,,7.4616323122288,True,pass,False,,0.652,0.636,0.673,0.5005,0.042,0.923,0.8915,0.273,0.6216499999999999,0.6076500000000001,8.471854141675706,134,0.0,8.1908123122288,0,119,0,15,advance
CCC(=O)N1CC[C@@H](Oc2nc(Nc3ccc(N4CCN(C)CC4)cc3)c(C(N)=O)nc2CC)C1,8.160811717573019,0.061337966693909826,0.5882449025406087,481.60100000000045,2.0229999999999997,116.92,2,8,4,8,0.52,0,0.0,3.827340000000003,True,anil_di_alk_A(478),0,,0,,0,,1.0,0.7092586649550706,1.0,0.2,Gefitinib,0.0,0.8,0.6222663527075177,0.6263293117819501,0.75,0.95,0.6222663527075177,0.737148916122367,0.95,0.3277336472924822,0.6722663527075178,-0.1531767512197989,8.068804767532153,0.06614390254060827,-0.4,0.29,8.02494867007276,0.0,0.0,0.0,0.03466705911560279,0.0,0.2221670591156028,0.25,medium,unsafe_structure_can_game_single_score,7.802781610957157,True,pass,False,,0.838,0.805,0.417,0.5005,0.5615,0.983,0.0895,0.008,0.70075,0.6276999999999999,8.86584867007276,83,0.0,8.181021610957156,0,120,37,0,review
C[C@@H](Nc1ncnc2oc(-c3ccc(NCCN(C)C)cc3)cc12)c1ccccc1,8.052743004561005,0.011540285249953385,0.4313264027115034,401.51400000000007,5.036400000000004,66.22,2,6,4,8,0.25,1,0.45,3.293426666666668,False,,0,,0,,0,,1.0,0.7620240188661241,1.0,0.3026315789473684,Afatinib,0.0,0.6973684210526316,0.630107551465284,0.5105592650810704,1.0,0.924342105263158,0.5105592650810704,0.7662522304523781,1.0,0.4894407349189296,0.5105592650810704,-0.18152623864945872,8.035432576686075,-0.7376875972884968,-0.0,0.2592105263157895,7.5569555057133675,0.0,0.0,0.0,0.23680091864866198,0.0,0.23680091864866198,0.0,low,,7.320154587064706,True,pass,False,,0.803,0.59,0.583,0.5005,0.5615,0.864,0.8915,0.701,0.6668999999999999,0.7045000000000001,8.357235505713367,155,0.0,8.165554587064706,0,121,0,34,advance
O=C(O)[C@@H]1O[C@H]1C(=O)Nc1ccc2ncnc(Nc3cccc(Br)c3)c2c1,7.675855530897127,0.015165703513375099,0.53427254113592,429.23000000000013,2.9264,116.74000000000001,3,6,4,5,0.1111111111111111,0,0.0,3.528200000000001,False,,1,epoxide,1,epoxide,0,,1.0,0.8057902646739585,1.0,0.34177215189873417,Osimertinib,0.0,0.6582278481012658,0.533347890264919,0.608149897624756,0.7,0.9145569620253164,0.533347890264919,0.6890136874787478,0.9145569620253164,0.3812090717603974,0.6187909282396026,-0.2075543962851052,7.653106975627064,0.016153652247031067,-0.5,0.24746835443037968,7.416728982304474,0.0,0.0,0.0,0.10151133970049679,0.0,0.10151133970049679,0.0,low,,7.315217642603978,True,pass,False,,0.713,0.742,0.516,0.5005,0.5615,0.961,0.8915,0.542,0.6467499999999999,0.69535,8.192828982304475,188,0.0,8.149637642603977,0,122,0,66,advance
CC(C)n1c(Nc2ccccc2)nc2cnc(Nc3ccc(N4CCN(C)CC4)cc3)nc21,8.129643172404865,0.007290086986225988,0.4503207532951757,442.5710000000003,4.646200000000003,74.14000000000001,2,7,5,6,0.32,0,0.0,3.217140000000002,True,anil_di_alk_A(478),0,,0,,0,,1.0,0.858595928716847,1.0,0.20454545454545456,Gefitinib,0.0,0.7954545454545454,0.6523077322108581,0.5739402604661927,0.75,0.9488636363636364,0.5739402604661927,0.7312779072601718,0.9488636363636364,0.3749233758974436,0.6250766241025564,-0.1052935667324183,8.118708041925526,-0.00025024670482456934,-0.4,0.28863636363636364,8.007094158857065,0.0,0.0,0.0,0.09365421987180454,0.0,0.28115421987180456,0.25,medium,unsafe_structure_can_game_single_score,7.7259399389852605,True,pass,False,,0.825,0.615,0.606,0.5005,0.5615,0.965,0.0895,0.889,0.6852499999999999,0.65645,8.829394158857065,85,0.0,8.13867993898526,0,123,38,0,review
C=CC(=O)Nc1cc(Nc2nccc(-c3cnn(C)c3)n2)c(OC)cc1N1CCC(N(C)C)CC1,7.404197185683119,0.01247127123554493,0.47798029829426086,476.5850000000003,3.284200000000002,100.44,2,8,4,8,0.36,0,0.0,3.443900000000002,False,,0,,0,,1,acrylamide_like,1.0,0.8174102038969906,1.0,0.3076923076923077,Lazertinib,0.0,0.6923076923076923,0.4673194065558982,0.5804314717541511,0.92,0.9230769230769231,0.4673194065558982,0.7227069503467431,0.9230769230769231,0.4557575165210249,0.5442424834789751,-0.34051672505445996,7.385490278829801,-0.002604701705739433,-0.0,0.25769230769230766,7.640577884816369,0.0,0.0,0.0,0.19469689565128118,0.1,0.2946968956512812,0.0,low,,7.345880989165088,True,pass,False,,0.607,0.663,0.544,0.5005,0.5615,0.901,0.8915,0.663,0.58745,0.65455,8.345517884816369,160,0.0,8.131340989165087,0,124,0,36,advance
COc1cc2ncnc(Nc3cccc(Cl)c3F)c2cc1CN(C)[C@@H](CN(C)C)C(N)=O,7.4370851782544865,0.016785760281513053,0.5062586559946664,460.9410000000003,3.0218000000000007,96.61000000000001,2,7,3,9,0.3181818181818182,0,0.0,3.589606666666669,False,,0,,0,,0,,1.0,0.8748654244306419,1.0,0.3953488372093023,Osimertinib,0.0,0.6046511627906976,0.4725212623665625,0.5903804659252716,1.0,0.9011627906976745,0.4725212623665625,0.7410161297473772,1.0,0.5274787376334376,0.47252126236656244,-0.3579931565077528,7.411906537832217,-0.0003641621871521075,-0.0,0.2313953488372093,7.642937724482274,0.0,0.0,0.0,0.28434842204179694,0.0,0.28434842204179694,0.0,low,,7.358589302440477,True,pass,False,,0.62,0.703,0.499,0.5005,0.5615,0.799,0.8915,0.481,0.59455,0.64065,8.356397724482274,156,0.0,8.127369302440478,0,125,0,31,advance
C=CC(=O)Nc1cccc(Oc2nc(Nc3ccc(OC)c(N4CCN(C)CC4)c3)c(C(N)=O)nc2CC)c1,8.756489032854999,0.021132885721742635,0.3356696408715035,531.6170000000004,3.558700000000001,134.94,3,9,4,10,0.2857142857142857,1,0.5,4.010780000000003,False,,0,,0,,1,acrylamide_like,1.0,0.767233390545926,1.0,0.29591836734693877,Osimertinib,0.0,0.7040816326530612,0.7993292382085299,0.43035753324855763,0.92,0.9260204081632653,0.43035753324855763,0.7689267949050882,0.9260204081632653,0.4956628749147076,0.5043371250852924,0.04053659107125562,8.724789704272386,-0.9873759305570683,-0.0,0.26122448979591834,7.998638263511236,0.0,0.0,0.0,0.24457859364338452,0.1,0.4570785936433845,0.15,low,reactive_warhead_could_inflate_proxy_score,7.541559669867851,True,pass,False,,0.961,0.424,0.352,0.5005,0.5615,0.852,0.777,0.349,0.6701499999999999,0.67365,8.802818263511236,88,0.0,8.124939669867851,0,126,38,0,advance
C=C=CC(=O)Nc1cc(Nc2nccc(-c3cn(C)c4ccccc34)n2)c(OC)cc1N1CCN(C)CC1,8.75590177364026,0.006654876756534508,0.28172302904686913,509.6140000000004,4.4189000000000025,87.55,2,7,5,7,0.2413793103448276,1,0.5,3.764093333333336,False,,0,,0,,1,acrylamide_like,1.0,0.890812840505823,1.0,0.27522935779816515,Lazertinib,0.0,0.7247706422018348,0.8093170296804906,0.41017484546295746,0.92,0.9311926605504587,0.41017484546295746,0.7676711339234766,0.9311926605504587,0.5210178150875012,0.4789821849124988,0.05552786100935192,8.745919458505456,-1.0087530399186486,-0.0,0.26743119266055043,8.004597611247359,0.0,0.0,0.0,0.27627226885937656,0.1,0.4887722688593766,0.15,low,reactive_warhead_could_inflate_proxy_score,7.515825342387982,True,pass,False,,0.96,0.321,0.445,0.5005,0.5615,0.81,0.777,0.908,0.6630499999999999,0.69095,8.800257611247359,89,0.0,8.119965342387983,0,127,38,0,advance
COc1cc2ncnc(Nc3ccc(F)c(Cl)c3)c2cc1OCCCNCCN,7.457528015914197,0.010394219023217124,0.43281894595300474,419.8880000000003,3.4917000000000007,94.32000000000001,3,7,3,10,0.3,0,0.0,3.065920000000002,False,,0,,0,,0,,1.0,0.8818262716149257,1.0,0.696969696969697,Gefitinib,0.0,0.303030303030303,0.4821060506622973,0.5701304202741526,1.0,0.8257575757575757,0.4821060506622973,0.7194985116735064,1.0,0.5178939493377027,0.4821060506622973,-0.3165232813482788,7.441936687379371,0.0029309459530044435,-0.0,0.14090909090909087,7.585776724241466,0.0,0.0,0.0,0.2723674366721284,0.0,0.2723674366721284,0.0,low,,7.313409287569337,True,pass,False,,0.625,0.591,0.647,0.5005,0.5615,0.818,0.8915,0.765,0.5965999999999999,0.6562499999999999,8.301696724241467,164,0.0,8.100909287569337,0,128,0,36,advance
CCc1c(C(=O)O)cn2ncnc(Nc3ccc4c(cnn4Cc4ccccc4)c3)c12,7.394706542331787,0.020143772925397496,0.4351956223186028,412.4530000000001,4.131500000000003,97.34,2,5,5,6,0.13043478260869565,0,0.0,3.016353333333334,False,,0,,0,,0,,1.0,0.8841688411091397,1.0,0.22727272727272727,Sunvozertinib,0.0,0.7727272727272727,0.45957599453516845,0.5733440025316419,1.0,0.9431818181818181,0.45957599453516845,0.7440254538121571,1.0,0.5404240054648315,0.4595759945351685,-0.37926594570265154,7.364490882943691,-0.004213899420527668,-0.0,0.2818181818181818,7.642095165341345,0.0,0.0,0.0,0.30053000683103936,0.0,0.30053000683103936,0.0,low,,7.341565158510306,True,pass,False,,0.605,0.596,0.658,0.5005,0.5615,0.769,0.8915,0.371,0.5902499999999999,0.6274999999999998,8.350395165341345,159,0.0,8.094565158510306,0,129,0,30,advance
C=CC(=O)Nc1cccc(Nc2ncc(C)c(Nc3cccc(C)c3)n2)c1,7.189448969960239,0.012218035027116884,0.5558137837441531,359.43300000000005,4.705140000000003,78.94,3,5,3,6,0.09523809523809523,0,0.0,2.262886666666667,False,,0,,0,,1,acrylamide_like,1.0,0.7901959360015193,1.0,0.34285714285714286,Sunvozertinib,0.0,0.6571428571428571,0.4138096179710779,0.6686634784951817,0.92,0.9142857142857143,0.4138096179710779,0.7291897026879934,0.92,0.5061903820289222,0.4938096179710778,-0.42050677962255406,7.171121917419564,0.2259045932679626,-0.0,0.24714285714285716,7.644169367830384,0.0,0.0,0.0,0.25773797753615274,0.1,0.3577379775361528,0.0,low,,7.286431390294231,True,pass,False,,0.529,0.761,0.846,0.5005,0.5615,0.834,0.8915,0.676,0.61725,0.6700000000000002,8.384869367830383,150,0.0,8.090431390294231,0,130,0,20,advance
C[C@@H](Oc1cccc2ncnc(Nc3ccc(OCc4ccccn4)c(Cl)c3)c12)C(=O)N(C)C,7.518159542423182,0.01484476803935579,0.3874244574694995,477.95200000000017,4.856300000000003,89.47000000000001,1,7,4,8,0.2,0,0.0,3.803013333333335,False,,0,,0,,0,,1.0,0.7913180873180873,1.0,0.32954545454545453,Osimertinib,0.0,0.6704545454545454,0.49414854797824637,0.5168137080184811,1.0,0.9176136363636364,0.49414854797824637,0.7321439730900909,1.0,0.5058514520217536,0.49414854797824637,-0.3173272334824594,7.495892390364148,-0.16302754253050078,-0.0,0.2511363636363636,7.58400121147001,0.0,0.0,0.0,0.25731431502719204,0.0,0.25731431502719204,0.0,low,,7.326686896442818,True,pass,False,,0.65,0.511,0.431,0.5005,0.5615,0.835,0.8915,0.55,0.55945,0.6210999999999999,8.25534121147001,170,0.0,8.072006896442819,0,131,0,39,advance
C#CC(=O)N1CCC(c2cnn3c(C(N)=O)c(-c4ccc(Oc5ccc(F)cc5)cc4)[nH]c23)C1,7.407511917499951,0.009917006116262903,0.44867164059769554,457.46500000000015,3.3088000000000015,105.72,2,4,5,5,0.16,0,0.0,3.5664333333333342,False,,0,,0,,1,propiolamide_like,1.0,0.8463990004727494,1.0,0.10476190476190476,Osimertinib,0.0,0.8952380952380953,0.46993607509360374,0.5595988895082198,0.92,0.9738095238095238,0.46993607509360374,0.7308361221028369,0.9738095238095238,0.50387344871592,0.49612655128408,-0.34786672934564417,7.392636408325557,-0.07029335940230459,-0.0,0.31857142857142856,7.640914477494681,0.0,0.0,0.0,0.2548418108949,0.1,0.35484181089489997,0.0,low,,7.286072666599781,True,pass,False,,0.608,0.613,0.509,0.5005,0.5615,0.84,0.8915,0.788,0.57265,0.644,8.32809447749468,162,0.0,8.05887266659978,0,132,0,30,advance
C=CC(=O)Nc1cccc(-n2c(=O)ccc3cnc(Nc4ccc(N5CCN(C)CC5)cc4OC)nc32)c1,8.24345337207526,0.01505133034475751,0.36400044089239336,511.58600000000035,3.409200000000002,104.61999999999999,2,8,5,7,0.21428571428571427,1,0.5,3.7772400000000026,False,,0,,0,,1,acrylamide_like,1.0,0.8523616467920265,1.0,0.28865979381443296,Osimertinib,0.0,0.711340206185567,0.6753274117774848,0.45492178095235475,0.92,0.9278350515463918,0.45492178095235475,0.7445210610690578,0.9278350515463918,0.47291327059403704,0.5270867294059629,-0.09225819905543087,8.220876376558124,-0.9311569876790355,-0.0,0.2634020618556701,7.553121450734759,0.0,0.0,0.0,0.2161415882425463,0.1,0.31614158824254635,0.0,low,,7.236979862492213,True,pass,False,,0.859,0.468,0.44,0.5005,0.5615,0.883,0.8915,0.546,0.64625,0.6828500000000001,8.328621450734758,161,0.0,8.056399862492214,0,133,0,28,advance
Brc1cccc(Nc2ncnc3c2sc2ccccc23)c1,7.620612050424718,0.012628588221986937,0.5260725370265191,356.24800000000005,5.350600000000002,37.81,1,4,4,2,0.0,1,0.45,2.0416533333333335,False,,0,,0,,0,,1.0,0.7892261159783063,1.0,0.2191780821917808,Sunvozertinib,0.0,0.7808219178082192,0.5213130008507887,0.6108147671594574,1.0,0.9452054794520548,0.5213130008507887,0.7693333118655752,1.0,0.4786869991492113,0.5213130008507887,-0.3306937480197153,7.601669168091738,-0.4801754629734809,-0.0,0.2842465753424657,7.405740280460723,0.0,0.0,0.0,0.22335874893651414,0.0,0.22335874893651414,0.0,low,,7.182381531524209,True,pass,False,,0.698,0.731,0.905,0.5005,0.5615,0.876,0.8915,0.658,0.6961499999999999,0.7253999999999999,8.241120280460724,172,0.0,8.05286153152421,0,134,0,38,advance
C=CC(=O)Nc1cc2c(Nc3ccc(Br)cc3F)ncnc2cc1OCCCNC,7.535990136502177,0.011562186002162547,0.31516173044773466,474.33400000000023,4.387800000000003,88.17,3,6,3,9,0.19047619047619047,0,0.0,3.328893333333335,False,,0,,0,,1,acrylamide_like,1.0,0.8962579629467285,1.0,0.5333333333333333,Osimertinib,0.0,0.4666666666666667,0.5009040039240303,0.49530459277189504,0.92,0.8666666666666667,0.49530459277189504,0.695718815840648,0.92,0.424695407228105,0.5753045927718949,-0.25975308255549023,7.518646857498933,-0.16512465050464653,-0.0,0.19,7.543522206994287,0.0,0.0,0.0,0.15586925903513127,0.1,0.25586925903513125,0.0,low,,7.287652947959156,True,pass,False,,0.659,0.38,0.575,0.5005,0.5615,0.933,0.8915,0.697,0.5589000000000001,0.6357000000000002,8.214202206994287,181,0.0,8.050492947959157,0,135,0,46,advance
O=C(CCl)Nc1ccc2ncnc(Nc3cccc(I)c3)c2c1,7.368730325129398,0.024575643183993204,0.4742170730743282,438.65600000000006,4.155300000000002,66.91,2,4,3,4,0.0625,0,0.0,2.5910400000000005,False,,1,alkyl_halide,0,,0,,1.0,0.7585050232418654,1.0,0.35714285714285715,Sunvozertinib,0.0,0.6428571428571428,0.4499796310535543,0.6111640055754959,0.88,0.9107142857142857,0.4499796310535543,0.712964480585834,0.9107142857142857,0.4607346546607314,0.5392653453392686,-0.3506464660430395,7.331866860353409,0.09181107307432815,-0.2,0.24285714285714283,7.466535076284879,0.0,0.0,0.0,0.20091831832591422,0.0,0.20091831832591422,0.0,low,,7.2656167579589646,True,pass,False,,0.594,0.653,0.777,0.5005,0.5615,0.894,0.8915,0.266,0.61455,0.6519,8.20399507628488,183,0.0,8.047896757958965,0,136,0,47,advance
C#Cc1cccc(Nc2ncnc3cc4c(cc23)N(C(=O)/C=C/CN2CCOCC2)CCO4)c1,7.347364760044313,0.015407972162171366,0.4680581436987433,455.5180000000004,2.9685000000000015,79.82000000000001,1,7,5,5,0.2692307692307692,0,0.0,3.203453333333336,False,,0,,0,,1,acrylamide_like,1.0,0.9008022495008797,1.0,0.375,Erlotinib,0.0,0.625,0.4510556094975582,0.5842222354445652,0.92,0.90625,0.4510556094975582,0.7153819612355309,0.92,0.46894439050244185,0.5310556094975581,-0.3524351356506302,7.324252801801055,0.014463220621819858,-0.0,0.2375,7.576216022422875,0.0,0.0,0.0,0.21118048812805235,0.1,0.3111804881280523,0.0,low,,7.265035534294823,True,pass,False,,0.585,0.642,0.61,0.5005,0.5615,0.888,0.8915,0.533,0.5832499999999999,0.6435999999999998,8.276116022422874,166,0.0,8.037355534294823,0,137,0,29,advance
COc1cc2ncnc(Nc3cccc(Cl)c3F)c2cc1CN(CCN(C)C)[C@@H](C)C(N)=O,7.390102911469148,0.011194865825290804,0.4644259004529301,474.96800000000036,3.411900000000002,96.61000000000001,2,7,3,10,0.34782608695652173,0,0.0,3.7831200000000025,False,,0,,0,,0,,1.0,0.8551471691641478,1.0,0.38636363636363635,Osimertinib,0.0,0.6136363636363636,0.4646893217895834,0.559929629864496,1.0,0.9034090909090909,0.4646893217895834,0.7320070106407925,1.0,0.5353106782104167,0.46468932178958333,-0.3564235851349456,7.373310612731212,-0.06825949085141805,-0.0,0.23409090909090907,7.5391420309707025,0.0,0.0,0.0,0.29413834776302084,0.0,0.29413834776302084,0.0,low,,7.245003683207681,True,pass,False,,0.599,0.638,0.438,0.5005,0.5615,0.785,0.8915,0.721,0.56295,0.6291000000000001,8.214682030970703,180,0.0,7.999923683207681,0,138,0,42,advance
C=CC(=O)Nc1nc2c(Nc3ccc(F)c(Cl)c3)ncnc2cc1OCCCN1CCN(C)CC1,7.5973330156328895,0.038955701849443636,0.3397229344440666,499.9780000000004,3.7017000000000015,95.50999999999999,2,8,4,9,0.3333333333333333,0,0.0,3.6998533333333357,False,,0,,0,,1,acrylamide_like,1.0,0.7967682099072009,1.0,0.6153846153846154,Gefitinib,0.0,0.3846153846153846,0.49706426261361186,0.49454556266218525,0.92,0.8461538461538461,0.49454556266218525,0.6894409178574108,0.92,0.4254544373378148,0.5745455626621851,-0.25650220699173193,7.5388994628587245,-0.18192173222260039,-0.0,0.16538461538461535,7.522362346020739,0.0,0.0,0.0,0.1568180466722685,0.1,0.2568180466722685,0.0,low,,7.265544299348471,True,pass,False,,0.688,0.427,0.468,0.5005,0.5615,0.932,0.8915,0.089,0.5653,0.6102500000000001,8.20072234602074,185,0.0,7.997844299348471,0,139,0,46,advance
O=C(/C=C/CN1CC(O)C1)Nc1cc2c(Nc3ccc(F)c(Cl)c3)ncnc2s1,7.271188633535873,0.01791561015599446,0.5160821798293825,433.89600000000013,3.398600000000001,90.38000000000001,3,7,4,6,0.21052631578947367,0,0.0,2.959306666666668,False,,0,,0,,1,acrylamide_like,1.0,0.8406689411833319,1.0,0.4358974358974359,Sunvozertinib,0.0,0.5641025641025641,0.43025623127477214,0.6200257117266732,0.92,0.891025641025641,0.43025623127477214,0.7153268960067716,0.92,0.4897437687252279,0.510256231274772,-0.38009421964266593,7.244315218301882,0.09323881140832972,-0.0,0.21923076923076917,7.55678479894098,0.0,0.0,0.0,0.2371797109065349,0.1,0.33717971090653487,0.0,low,,7.219605088034445,True,pass,False,,0.557,0.718,0.668,0.5005,0.5615,0.863,0.8915,0.443,0.59455,0.6454000000000001,8.27024479894098,167,0.0,7.994085088034446,0,140,0,27,advance
C=CC(=O)Nc1cc(Nc2nccc(Nc3cnn(C)c3)n2)c(OC)cc1N(C)CCN(C)C,7.3902820959824655,0.007124271660431325,0.36800274925444343,465.5620000000003,2.8282000000000007,112.47,3,9,3,11,0.30434782608695654,0,0.0,3.4704133333333353,False,,0,,0,,1,acrylamide_like,1.0,0.8289198672356568,1.0,0.32608695652173914,Osimertinib,0.0,0.6739130434782609,0.46758353383331447,0.518924076192508,0.92,0.9184782608695652,0.46758353383331447,0.7062464677238469,0.92,0.45241646616668557,0.5475835338333144,-0.31821724518737654,7.379595688491818,-0.12212446813686122,-0.0,0.25217391304347825,7.509645133398435,0.0,0.0,0.0,0.19052058270835698,0.1,0.290520582708357,0.0,low,,7.219124550690078,True,pass,False,,0.6,0.473,0.537,0.5005,0.5615,0.906,0.8915,0.892,0.54525,0.6352,8.163945133398435,192,0.0,7.9813645506900786,0,141,0,51,advance
C=CC(=O)N[C@H]1CC[C@@H](n2nc(C(=O)Nc3nc4ccccc4o3)c3c(N)ncnc32)CC1,7.689418001596799,0.026603980512302415,0.39531122150908826,446.47100000000023,2.5879000000000003,153.84999999999997,3,8,5,5,0.2727272727272727,0,0.25,3.1431400000000016,False,,1,aniline,0,,1,acrylamide_like,1.0,0.8735039653929343,1.0,0.21212121212121213,Osimertinib,0.0,0.7878787878787878,0.528731714040588,0.5465311718299986,0.8,0.946969696969697,0.528731714040588,0.7055581457100709,0.946969696969697,0.41823798292910896,0.581762017070891,-0.23576857555931052,7.649512030828346,-0.29888705121818465,-0.2,0.2863636363636363,7.436988615973797,0.0,0.0,0.0,0.1477974786613862,0.1,0.2477974786613862,0.0,low,,7.18919113731241,True,pass,False,,0.718,0.521,0.626,0.5005,0.5615,0.936,0.8915,0.235,0.6213,0.65685,8.182548615973797,190,0.0,7.97741113731241,0,142,0,48,advance
Nc1nccc(C#Cc2cncnc2Nc2ccc(OCc3cccc(F)c3)c(Cl)c2)n1,7.355578631978402,0.012554414522514929,0.43914247083175295,446.8730000000002,4.363700000000002,98.84,2,7,4,5,0.043478260869565216,0,0.0,2.945820000000001,False,,1,aniline,0,,0,,1.0,0.8100020412329046,1.0,0.2604166666666667,Gefitinib,0.0,0.7395833333333333,0.45510656782883996,0.5782275897266949,0.88,0.9348958333333333,0.45510656782883996,0.7120574977222169,0.9348958333333333,0.4797892655044933,0.5202107344955067,-0.3426012398578361,7.336747010194629,0.0016172969187092908,-0.2,0.2718749999999999,7.410239307113338,0.0,0.0,0.0,0.22473658188061663,0.0,0.22473658188061663,0.0,low,,7.1855027252327215,True,pass,False,,0.59,0.602,0.676,0.5005,0.5615,0.873,0.8915,0.66,0.5874,0.6505500000000001,8.115119307113337,202,0.0,7.966162725232722,0,143,0,59,advance
Cc1cncc(Cn2ncc3cc(Nc4ncnn5ccc(CN6CCC(N)CC6)c45)ccc32)c1,7.391257740093453,0.01981277925906744,0.39402167359662726,467.58100000000036,3.497420000000001,102.19,2,7,6,6,0.3076923076923077,0,0.0,3.583873333333336,False,,0,,0,,0,,1.0,0.8130669630669631,1.0,0.20192307692307693,Gefitinib,0.0,0.7980769230769231,0.45894548954201597,0.5288706384268629,1.0,0.9495192307692308,0.45894548954201597,0.7343338396845274,1.0,0.541054510457984,0.45894548954201597,-0.36718446685668193,7.361538571204852,-0.11279009563414238,-0.0,0.28942307692307695,7.538171552493786,0.0,0.0,0.0,0.30131813807248004,0.0,0.30131813807248004,0.0,low,,7.236853414421306,True,pass,False,,0.601,0.517,0.501,0.5005,0.5615,0.768,0.8915,0.381,0.5491,0.5991499999999998,8.197091552493786,187,0.0,7.955833414421306,0,144,0,43,advance
C=CC(=O)Nc1cc(Nc2ncc3ncn(-c4ccc(F)cc4)c3n2)c(OC)cc1N(C)CCN(C)C,8.21689312404446,0.013151953067252569,0.3145117392946899,504.57000000000033,3.829100000000002,100.44,2,8,4,10,0.23076923076923078,1,0.5,3.830466666666669,False,,0,,0,,1,acrylamide_like,1.0,0.8825864430927723,1.0,0.34408602150537637,Osimertinib,0.0,0.6559139784946236,0.6700169138640384,0.4256558155864384,0.92,0.9139784946236559,0.4256558155864384,0.7324128060185332,0.92,0.49434418441356165,0.5056558155864384,-0.08319452287265972,8.197165194443581,-0.9869813376283875,-0.0,0.2467741935483871,7.456958050363581,0.0,0.0,0.0,0.24293023051695206,0.1,0.34293023051695204,0.0,low,,7.114027819846629,True,pass,False,,0.855,0.375,0.415,0.5005,0.5615,0.856,0.8915,0.631,0.6221,0.66675,8.20347805036358,184,0.0,7.9141278198466285,0,145,0,39,advance
COC1=C(C(Nc2cc(C#N)c3ncc(C#N)c(NCC(C)(C)C)c3c2)c2ccc(F)nc2C)NNN1C,8.533354671347718,0.005802942614689557,0.3392008629477986,515.5970000000002,4.2019800000000025,133.95,4,10,4,7,0.3333333333333333,1,0.5,3.953980000000002,False,,1,hydrazine,1,hydrazine,0,,1.0,0.8871169702647512,1.0,0.1623931623931624,Erlotinib,0.0,0.8376068376068376,0.7542766080066468,0.4344843207751353,0.7,0.9594017094017094,0.4344843207751353,0.7120406595458728,0.9594017094017094,0.5249173886265741,0.4750826113734259,0.05631459794769844,8.524650257425684,-0.9705628037188684,-0.5,0.30128205128205127,7.355369504988866,0.0,0.0,0.0,0.28114673578321764,0.0,0.28114673578321764,0.0,low,,7.074222769205648,True,pass,False,,0.913,0.426,0.376,0.5005,0.5615,0.805,0.8915,0.931,0.65255,0.6978000000000001,8.138429504988867,198,0.0,7.911582769205649,0,146,0,52,advance
C=CC(=O)Nc1cc(Nc2nccc(NC(=O)c3ccccc3)n2)c(OC)cc1N(C)CCN(C)C,7.379987933048909,0.006434875307174337,0.3504648702116596,489.58000000000027,3.6034000000000024,111.72,3,8,3,11,0.23076923076923078,0,0.0,3.6305333333333354,False,,0,,0,,1,acrylamide_like,1.0,0.8718955427099946,1.0,0.3258426966292135,Osimertinib,0.0,0.6741573033707865,0.4654925705472052,0.5031197811805153,0.92,0.9185393258426966,0.4654925705472052,0.7017879193926042,0.92,0.4545074294527948,0.5454925705472051,-0.3150604651271986,7.370335620088148,-0.1710382067114176,-0.0,0.25224719101123594,7.451544604387966,0.0,0.0,0.0,0.19313428681599354,0.1,0.2931342868159935,0.0,low,,7.158410317571972,True,pass,False,,0.598,0.443,0.49,0.5005,0.5615,0.902,0.8915,0.912,0.5313,0.6259999999999999,8.089104604387966,211,0.0,7.909610317571972,0,147,0,64,advance
c1ccc(-c2cccc(Nc3ncnc4cc5c(cc34)OCCCO5)c2)cc1,7.570647698723718,0.013677405588531323,0.5377094797319637,369.4240000000002,5.201700000000003,56.27000000000001,1,5,5,3,0.13043478260869565,1,0.45,2.429493333333335,False,,0,,0,,0,,1.0,0.8259743486327338,1.0,0.3037974683544304,Dacomitinib,0.0,0.6962025316455696,0.5080877407689576,0.6022981625705287,1.0,0.9240506329113924,0.5080877407689576,0.7586091340627197,1.0,0.4919122592310424,0.5080877407689576,-0.33402852439168285,7.550131590340921,-0.513671042007167,-0.0,0.2588607594936709,7.295321307827425,0.0,0.0,0.0,0.23989032403880306,0.0,0.23989032403880306,0.0,low,,7.055430983788622,True,pass,False,,0.677,0.745,0.808,0.5005,0.5615,0.858,0.8915,0.61,0.6749499999999999,0.7073,8.105261307827424,206,0.0,7.904190983788623,0,148,0,58,advance
COCCOc1cc2ncnc(Nc3ccc(C=O)c(O)c3)c2cc1OCCOC,7.391537797692166,0.02764027096787183,0.36180710472975874,413.4300000000003,2.9419000000000013,112.03000000000002,2,9,3,11,0.2857142857142857,0,0.0,3.1228666666666687,False,,0,,0,,0,,1.0,0.8127457791250894,1.0,0.43243243243243246,Gefitinib,0.0,0.5675675675675675,0.45353625974553125,0.5288836511911108,1.0,0.8918918918918919,0.45353625974553125,0.7185779507071335,1.0,0.5464637402544688,0.45353625974553125,-0.3533889212821363,7.350077391240358,-0.07805146669881298,-0.0,0.22027027027027024,7.492296194811815,0.0,0.0,0.0,0.30807967531808594,0.0,0.30807967531808594,0.0,low,,7.184216519493729,True,pass,False,,0.602,0.464,0.639,0.5005,0.5615,0.759,0.8915,0.216,0.55965,0.5961500000000001,8.163876194811815,193,0.0,7.899596519493729,0,149,0,44,advance
C=CC(=O)Nc1cc(Nc2nccc(-c3cnc4c(cnn4C)c3)n2)c(OC)cc1N(C)CCN(C)C,8.147270338342455,0.005812178399394566,0.31603643583267843,501.5950000000003,3.299800000000001,113.32999999999998,2,9,4,10,0.2692307692307692,1,0.5,3.8106333333333353,False,,0,,0,,1,acrylamide_like,1.0,0.8393284347231716,1.0,0.3020833333333333,Osimertinib,0.0,0.6979166666666667,0.6577490597060376,0.4272572191951526,0.92,0.9244791666666667,0.4272572191951526,0.7323713613919642,0.9244791666666667,0.49722194747151416,0.5027780525284858,-0.09949640224790224,8.138552070743364,-0.978635487244245,-0.0,0.25937499999999997,7.4192915834991195,0.0,0.0,0.0,0.24652743433939273,0.1,0.3465274343393927,0.0,low,,7.072764149159727,True,pass,False,,0.831,0.386,0.424,0.5005,0.5615,0.848,0.8915,0.93,0.61485,0.67625,8.15711158349912,194,0.0,7.884264149159726,0,150,0,44,advance
C=CS(=O)(=O)Oc1cccc(Nc2ncnc3cc(OCCOC)c(OCCOC)cc23)c1,7.507027141602409,0.027012671738031797,0.2913721364142833,475.5230000000004,3.275900000000002,118.10000000000002,1,10,3,13,0.2727272727272727,0,0.0,3.7368200000000025,False,,0,,0,,1,vinyl_sulfone_like,1.0,0.7879896302509771,1.0,0.38271604938271603,Gefitinib,0.0,0.617283950617284,0.48284791518397996,0.4665308288740096,0.92,0.904320987654321,0.4665308288740096,0.6934249329280777,0.92,0.45346917112599044,0.5465308288740096,-0.28076935699213024,7.466508133995361,-0.24187813631298977,-0.0,0.23518518518518522,7.459815182867556,0.0,0.0,0.0,0.19183646390748807,0.1,0.2918364639074881,0.0,low,,7.167978718960067,True,pass,False,,0.646,0.338,0.456,0.5005,0.5615,0.904,0.8915,0.228,0.5268,0.5872499999999999,8.091975182867555,209,0.0,7.872678718960067,0,151,0,58,advance
C=CC(=O)Nc1ccc(OC)c(Nc2cc(-c3nc(SC)n(C)c3-c3ccc(F)cc3)ccn2)c1,8.279754542561038,0.032400582981210964,0.23740478690142827,489.57600000000014,5.8868000000000045,81.07000000000001,2,6,4,8,0.11538461538461539,1,0.45,3.5305066666666676,False,,0,,0,,1,acrylamide_like,1.0,0.7847449500493747,1.0,0.34065934065934067,Osimertinib,0.0,0.6593406593406593,0.6722582275534119,0.3947839148470676,0.92,0.9148351648351648,0.3947839148470676,0.7254693268089111,0.92,0.5252160851529324,0.4747839148470676,-0.07094813234066555,8.231153668089222,-0.9806327515601103,-0.0,0.24780219780219775,7.49832311433131,0.0,0.0,0.0,0.2815201064411655,0.1,0.3815201064411655,0.0,low,,7.1168030078901445,True,pass,False,,0.868,0.215,0.514,0.5005,0.5615,0.8025,0.8915,0.153,0.6107999999999999,0.6273000000000001,8.23128311433131,176,0.0,7.869563007890145,0,152,0,24,advance
CCOc1cc2ncnc(Nc3cccc(-c4cscn4)c3)c2cc1OCC,7.702228282004825,0.028559042707796356,0.46052993241294277,392.48400000000015,5.294300000000004,69.16000000000001,1,7,4,7,0.19047619047619047,1,0.45,2.7832266666666676,False,,0,,0,,0,,1.0,0.7679370840895341,1.0,0.35443037974683544,Gefitinib,0.0,0.6455696202531646,0.5305657406057487,0.546244283339939,1.0,0.9113924050632911,0.5305657406057487,0.7470506072522447,1.0,0.4694342593942513,0.5305657406057487,-0.28864648886199473,7.65938971794313,-0.6379064485394382,-0.0,0.2436708860759494,7.265154155479641,0.0,0.0,0.0,0.21179282424281415,0.0,0.21179282424281415,0.0,low,,7.053361331236826,True,pass,False,,0.721,0.632,0.725,0.5005,0.5615,0.887,0.8915,0.201,0.6597,0.6777000000000001,8.05679415547964,219,0.0,7.866601331236827,0,153,0,66,advance
C=CC(=O)Nc1cccc(-c2c(-c3ccccc3)oc3ncnc(N[C@@H](C)CO)c23)c1,7.278571030436339,0.004788579566587893,0.3858105037012753,414.46500000000015,4.474000000000004,100.28000000000002,3,6,4,7,0.125,0,0.0,3.2797666666666676,False,,0,,0,,1,acrylamide_like,1.0,0.8581848259267615,1.0,0.27058823529411763,Sunvozertinib,0.0,0.7294117647058824,0.44129075191247324,0.5360509052408295,0.92,0.9323529411764706,0.44129075191247324,0.7074236495824433,0.9323529411764706,0.49106218926399736,0.5089378107360026,-0.3548438635599601,7.271388161086457,-0.09365449629872481,-0.0,0.26882352941176474,7.446557194199497,0.0,0.0,0.0,0.23882773657999673,0.1,0.33882773657999676,0.0,low,,7.1077294576195005,True,pass,False,,0.558,0.509,0.588,0.5005,0.5615,0.86,0.8915,0.957,0.5412,0.63175,8.095997194199496,208,0.0,7.8658294576195,0,154,0,54,advance
COc1cc2ncnc(Nc3ccc(F)c(Cl)c3)c2cc1OCCCN1CC2(CCO2)C1,7.3509767136403195,0.00936058254794446,0.5009866595852216,458.92100000000045,4.4181000000000035,68.74000000000001,1,7,5,8,0.391304347826087,0,0.0,4.026140000000003,False,,0,,0,,0,,1.0,0.8496584557852163,1.0,0.7714285714285715,Dacomitinib,0.0,0.22857142857142854,0.4561917706265187,0.5706911243103333,1.0,0.8071428571428572,0.4561917706265187,0.7085064380199273,1.0,0.5438082293734813,0.4561917706265187,-0.3364195565245448,7.336935839818403,-0.0638039056321702,-0.0,0.11857142857142855,7.391703362757661,0.0,0.0,0.0,0.3047602867168516,0.0,0.3047602867168516,0.0,low,,7.086943076040809,True,pass,False,,0.587,0.693,0.347,0.5005,0.5615,0.764,0.8915,0.812,0.5549,0.6271,8.057583362757661,218,0.0,7.839463076040809,0,155,0,63,advance
C=CC(=O)Nc1nc2c(Nc3ccc(F)c(Cl)c3)ncnc2cc1CCCCN1CCOCC1,7.372573672482794,0.010787810278595373,0.3445022972233042,484.9630000000004,4.340300000000003,92.27,2,7,4,9,0.3333333333333333,0,0.0,3.5997533333333362,False,,0,,0,,1,acrylamide_like,1.0,0.793934053751127,1.0,0.5,Dacomitinib,0.0,0.5,0.4605919509256817,0.501024212190766,0.92,0.875,0.4605919509256817,0.6891540407791119,0.92,0.4594080490743183,0.5405919509256817,-0.3047494531379069,7.356391957064901,-0.16212736944336287,-0.0,0.2,7.394264587621538,0.0,0.0,0.0,0.19926006134289792,0.1,0.29926006134289795,0.0,low,,7.09500452627864,True,pass,False,,0.595,0.436,0.498,0.5005,0.5615,0.896,0.8915,0.74,0.5297499999999999,0.6156500000000001,8.029964587621539,225,0.0,7.83378452627864,0,156,0,69,advance
CN(C)CCCOC(=O)/C=C/C(=O)Cc1ccc2ncnc(Nc3cccc(Br)c3)c2c1,7.52271715526229,0.029447971197538204,0.25411032410815015,497.3930000000001,4.298600000000003,84.42,1,7,3,10,0.25,0,0.0,3.582620000000001,False,,0,,0,,0,,1.0,0.8057142857142857,1.0,0.3670886075949367,Afatinib,0.0,0.6329113924050633,0.48506570897729584,0.4519676013364056,1.0,0.9082278481012658,0.4519676013364056,0.7113152896037418,1.0,0.5480323986635944,0.45196760133640557,-0.3016661075019279,7.478545198465983,-0.25828267589184994,-0.0,0.239873417721519,7.460135940295652,0.0,0.0,0.0,0.31004049832949304,0.0,0.31004049832949304,0.0,low,,7.150095441966159,True,pass,False,,0.653,0.252,0.502,0.5005,0.5615,0.756,0.8915,0.191,0.51965,0.5644,8.083715940295653,213,0.0,7.827375441966159,0,157,0,56,advance
COCCN(CCOC)CCOc1cc2c(Nc3ccc(F)c(Cl)c3)ncnc2cc1OC,7.411288044298734,0.019588908299824476,0.3923770575312333,478.95200000000017,4.148100000000002,77.97000000000001,1,8,3,13,0.391304347826087,0,0.0,3.7596800000000012,False,,0,,0,,0,,1.0,0.8832261835184102,1.0,0.6716417910447762,Gefitinib,0.0,0.32835820895522383,0.46410977526480646,0.5212043047191013,1.0,0.832089552238806,0.46410977526480646,0.7043509080556785,1.0,0.5358902247351935,0.46410977526480646,-0.3203215103878293,7.381904681848997,-0.13244450768615812,-0.0,0.14850746268656712,7.397967636849406,0.0,0.0,0.0,0.29486278091899193,0.0,0.29486278091899193,0.0,low,,7.103104855930414,True,pass,False,,0.61,0.516,0.449,0.5005,0.5615,0.783,0.8915,0.388,0.54515,0.59835,8.052147636849405,221,0.0,7.821124855930414,0,158,0,63,advance
CC(C)n1c(NC2CCCCC2)nc2cnc(Nc3ccc(N4CCN(C)CC4)cc3)nc21,7.7443227568577955,0.022899151585278617,0.5686159777515672,448.61900000000026,4.647200000000004,74.14000000000001,2,7,5,6,0.56,0,0.0,3.257460000000002,True,anil_di_alk_A(478),0,,0,,0,,1.0,0.7511900856570074,1.0,0.1935483870967742,Gefitinib,0.0,0.8064516129032258,0.5450512831047538,0.6374518646864389,0.75,0.9516129032258065,0.5450512831047538,0.7210290127542498,0.9516129032258065,0.4065616201210527,0.5934383798789473,-0.2346369728659946,7.709974029479878,0.135996977751567,-0.4,0.29193548387096774,7.737906491102413,0.0,0.0,0.0,0.13320202515131585,0.0,0.32070202515131585,0.25,medium,unsafe_structure_can_game_single_score,7.417204465951097,True,pass,False,,0.733,0.78,0.593,0.5005,0.5615,0.946,0.0895,0.305,0.6748999999999999,0.6212,8.547786491102412,124,0.0,7.787644465951097,0,159,35,0,review
C=CC(=O)Nc1cc(Nc2nccc(-c3cnc4c(cnn4C)c3)n2)c(OC)cc1N1CCN(C)CC1,7.302346296389615,0.013137112423641802,0.3704622388847072,499.57900000000035,3.0538000000000007,113.32999999999998,2,9,5,7,0.2692307692307692,0,0.0,3.697193333333336,False,,0,,0,,1,acrylamide_like,1.0,0.771986206549372,1.0,0.30526315789473685,Osimertinib,0.0,0.6947368421052631,0.4413905954008545,0.5115544877968452,0.92,0.9236842105263158,0.4413905954008545,0.6991573234310039,0.9236842105263158,0.48229361512546126,0.5177063848745387,-0.3436889707068658,7.282640627754152,-0.15719368419221624,-0.0,0.25842105263157894,7.383867996193516,0.0,0.0,0.0,0.2278670189068266,0.1,0.32786701890682657,0.0,low,,7.056000977286689,True,pass,False,,0.567,0.476,0.472,0.5005,0.5615,0.872,0.8915,0.632,0.52125,0.6028499999999999,8.009367996193516,229,0.0,7.779420977286689,0,160,0,69,advance
C=CC(=O)Nc1cc2c(Nc3ccc(Cl)cc3F)ncnc2cc1OCCNC(=O)CN(C)C,7.4173571667921125,0.024539990286910934,0.29768524501074106,486.9350000000003,3.3470000000000013,108.48,3,7,3,10,0.21739130434782608,0,0.0,3.512900000000002,False,,0,,0,,1,acrylamide_like,1.0,0.8713223787167449,1.0,0.5443037974683544,Osimertinib,0.0,0.45569620253164556,0.4621612984971905,0.4786153462943691,0.92,0.8639240506329113,0.4621612984971905,0.6811751738561178,0.92,0.45783870150280953,0.5421612984971904,-0.29201850047856975,7.380547181361746,-0.2075106245544766,-0.0,0.1867088607594936,7.359745417566763,0.0,0.0,0.0,0.19729837687851193,0.1,0.2972983768785119,0.0,low,,7.062447040688251,True,pass,False,,0.612,0.349,0.524,0.5005,0.5615,0.898,0.8915,0.267,0.5238999999999999,0.5868499999999999,7.988425417566763,234,0.0,7.766667040688251,0,161,0,73,advance
C=CC(=O)Nc1cc(Nc2ncc3nc(Nc4ccccc4)n(C)c3n2)c(OC)cc1N(C)CCN(C)C,8.222811901614023,0.022846449799755232,0.25535725460762076,515.6220000000003,3.9814000000000025,112.47,3,9,4,11,0.25925925925925924,1,0.5,4.004146666666669,False,,0,,0,,1,acrylamide_like,1.0,0.7881258023106547,1.0,0.3333333333333333,Osimertinib,0.0,0.6666666666666667,0.664710460543677,0.38644084900855036,0.92,0.9166666666666667,0.38644084900855036,0.7219544940547236,0.92,0.5335591509914497,0.4664408490085503,-0.0763253780147286,8.18854222691439,-1.0693388194664537,-0.0,0.25,7.369203407447936,0.0,0.0,0.0,0.2919489387393121,0.1,0.39194893873931214,0.0,low,,6.977254468708623,True,pass,False,,0.857,0.256,0.354,0.5005,0.5615,0.79,0.8915,0.309,0.59005,0.6207,8.077263407447935,214,0.0,7.722094468708623,0,162,0,52,advance
C=CC(=O)Nc1cccc(Nc2nc(Nc3ccc(N(C)CCOC)nc3)ncc2F)c1,7.154965126441333,0.011253884246446497,0.41259441177420847,437.4790000000002,3.705000000000002,104.3,3,8,3,10,0.18181818181818182,0,0.0,3.183193333333335,False,,0,,0,,1,acrylamide_like,1.0,0.769855072463768,1.0,0.3448275862068966,Osimertinib,0.0,0.6551724137931034,0.40586356263782064,0.5544964136553019,0.92,0.9137931034482758,0.40586356263782064,0.6985382699353496,0.92,0.5141364373621794,0.4858635626378206,-0.39023294306337186,7.138084300071663,-0.04670277004397355,-0.0,0.24655172413793097,7.337933254165621,0.0,0.0,0.0,0.2676705467027243,0.1,0.36767054670272425,0.0,low,,6.970262707462896,True,pass,False,,0.51,0.553,0.619,0.5005,0.5615,0.824,0.8915,0.719,0.53305,0.6115500000000001,7.977593254165621,237,0.0,7.704122707462896,0,163,0,74,advance
CN1CCN(C/C=C/C(=O)Nc2cc3c(Nc4ccc(Cc5ccccn5)cc4)ncnc3cn2)CC1,7.28344192322885,0.01754431031154163,0.35931201604119645,494.60300000000024,3.4963000000000015,99.17,2,8,5,8,0.25,0,0.0,3.7640200000000013,False,,0,,0,,1,acrylamide_like,1.0,0.7923040176698712,1.0,0.3488372093023256,Sunvozertinib,0.0,0.6511627906976745,0.4335794635891333,0.502851608822658,0.92,0.9127906976744187,0.4335794635891333,0.6923054425215525,0.92,0.48642053641086674,0.5135794635891333,-0.3449679719098922,7.257125457761537,-0.18029098395880375,-0.0,0.24534883720930228,7.3221833110120365,0.0,0.0,0.0,0.23302567051358344,0.1,0.33302567051358345,0.0,low,,6.989157640498453,True,pass,False,,0.559,0.458,0.446,0.5005,0.5615,0.869,0.8915,0.451,0.5101500000000001,0.5858,7.934363311012037,248,0.0,7.692117640498453,0,164,0,84,advance
O=C1CCc2c(Oc3ccc4c(c3)[C@H]3[C@H](NC(=O)c5ccc(CO)c(C(F)(F)F)c5)[C@H]3O4)ccnc2N1,7.870226587328544,0.019564422208351664,0.4791515511678761,511.45600000000013,3.9265000000000017,109.78,3,6,6,5,0.2692307692307692,1,0.5,4.8263733333333345,False,,0,,0,,0,,1.0,0.8697174411933448,1.0,0.13934426229508196,Lazertinib,0.0,0.860655737704918,0.5788615512862898,0.47790360955258826,1.0,0.9651639344262295,0.47790360955258826,0.755482273816277,1.0,0.5220963904474117,0.47790360955258826,-0.23549429670664945,7.840879954016017,-0.9678813719090471,-0.0,0.3081967213114753,7.181195303418445,0.0,0.0,0.0,0.2776204880592647,0.0,0.2776204880592647,0.0,low,,6.90357481535918,True,pass,False,,0.761,0.665,0.143,0.5005,0.5615,0.807,0.8915,0.389,0.597,0.63785,7.897595303418445,258,0.0,7.66899481535918,0,165,0,93,advance
C=CC(=O)Nc1cc(Nc2ncc3ccc(-c4cnn(C)c4)n3n2)c(OC)cc1N1CCC(N(C)C)CC1,7.975236887163338,0.039329236069955004,0.3435734470636927,515.6220000000003,3.536900000000002,104.85,2,8,5,8,0.3333333333333333,1,0.5,3.9041466666666684,False,,0,,0,,1,acrylamide_like,1.0,0.831557681916362,1.0,0.29292929292929293,Osimertinib,0.0,0.7070707070707071,0.591278756541866,0.4388059087055438,0.92,0.9267676767676768,0.4388059087055438,0.7192130855037717,0.9267676767676768,0.487961768062133,0.512038231937867,-0.17057910528254094,7.9162430330584055,-0.9587152196029741,-0.0,0.26212121212121214,7.2196490255766435,0.0,0.0,0.0,0.23495221007766626,0.1,0.3349522100776663,0.0,low,,6.884696815498977,True,pass,False,,0.785,0.432,0.389,0.5005,0.5615,0.866,0.8915,0.084,0.5981,0.6253500000000001,7.937369025576643,247,0.0,7.635116815498977,0,166,0,81,advance
C=CC(=O)Nc1cc2c(Nc3ccc(F)cc3F)ncnc2cc1OCCNC(=O)CN(C)C,7.328363581313949,0.039816679014814456,0.3088958336092876,470.48000000000025,2.8327,108.48,3,7,3,10,0.21739130434782608,0,0.0,3.403200000000002,False,,0,,0,,1,acrylamide_like,1.0,0.873894477978985,1.0,0.5,Osimertinib,0.0,0.5,0.42921922001811724,0.48900040079280044,0.92,0.875,0.42921922001811724,0.6783049052027295,0.92,0.4907807799818828,0.5092192200181171,-0.33211424691281627,7.268638562791728,-0.1798450359559301,-0.0,0.2,7.288793526835798,0.0,0.0,0.0,0.2384759749773535,0.1,0.3384759749773535,0.0,low,,6.950317551858444,True,pass,False,,0.577,0.365,0.557,0.5005,0.5615,0.861,0.8915,0.079,0.5163,0.56895,7.908353526835798,254,0.0,7.633057551858444,0,167,0,87,advance
C=CC(=O)Nc1cc(Nc2nccc(-c3cnc4c(ccn4C)c3)n2)c(OC)cc1N(C)CCN(C)C(C)C,8.060046804863118,0.007243187266333802,0.2707342600649302,528.6610000000003,4.683400000000003,100.44,2,8,4,11,0.3103448275862069,1,0.5,4.091073333333336,False,,0,,0,,1,acrylamide_like,1.0,0.8745605493773383,1.0,0.29292929292929293,Osimertinib,0.0,0.7070707070707071,0.6349414701293459,0.39155486867673717,0.92,0.9267676767676768,0.39155486867673717,0.71831600389344,0.9267676767676768,0.5352128080909396,0.46478719190906037,-0.11116604501879224,8.049182023963617,-1.0618922571764495,-0.0,0.26212121212121214,7.249410978908379,0.0,0.0,0.0,0.29401601011367456,0.1,0.3940160101136746,0.0,low,,6.8553949687947044,True,pass,False,,0.805,0.29,0.331,0.5005,0.5615,0.786,0.8915,0.89,0.57,0.63655,7.9334109789083795,249,0.0,7.619254968794705,0,168,0,81,advance
C=CC(=O)Nc1cccc(Nc2nc(Nc3ccc(OC)c(OC)c3)ncc2F)c1,7.060723115747758,0.02737758519639703,0.4787530934999191,409.42100000000016,4.244600000000002,97.4,3,7,3,8,0.09523809523809523,0,0.0,2.796140000000001,False,,0,,0,,1,acrylamide_like,1.0,0.8506958224431166,1.0,0.44594594594594594,Osimertinib,0.0,0.5540540540540541,0.3710164692994617,0.6057703552711093,0.92,0.8885135135135135,0.3710164692994617,0.6963250845210212,0.92,0.5489835307005384,0.4510164692994616,-0.43374482029541267,7.019656737953163,0.06885590302372849,-0.0,0.21621621621621617,7.3047288571931075,0.0,0.0,0.0,0.311229413375673,0.1,0.411229413375673,0.0,low,,6.893499443817435,True,pass,False,,0.477,0.664,0.721,0.5005,0.5615,0.755,0.8915,0.221,0.5557,0.5967,7.971568857193107,239,0.0,7.609539443817434,0,169,0,70,advance
CCOc1cc2ncnc(Nc3ccc(Cl)c(Cl)c3F)c2cc1NC(=O)/C=C/CN1C[C@@H]2OCCO[C@@H]2C1,8.275511321555793,0.037874842151319955,0.29838276365672195,562.4290000000002,4.812300000000003,97.84000000000002,2,8,5,8,0.34615384615384615,1,0.5,4.916193333333335,False,,0,,0,,1,acrylamide_like,1.0,0.8711197437002782,1.0,0.4222222222222222,Osimertinib,0.0,0.5777777777777777,0.6673654408830244,0.37502616103683806,0.92,0.8944444444444444,0.37502616103683806,0.7142090115910767,0.92,0.544973838963162,0.455026161036838,-0.06245809427740312,8.218699058328813,-1.1544308517278936,-0.0,0.22333333333333333,7.287601539934253,0.0,0.0,0.0,0.3062172987039525,0.1,0.4062172987039525,0.0,low,,6.8813842412303,True,pass,False,,0.866,0.352,0.123,0.5005,0.5615,0.761,0.8915,0.1,0.57865,0.6013499999999999,7.981981539934253,235,0.0,7.6030042412303,0,170,0,65,advance
COc1ccncc1-c1cc(C(=O)/N=c2\[nH]c3cc(C4CCN(C)CC4)ccc3n2CC(C)(C)O)ccn1,7.7012810048953195,0.024684857514663084,0.4056898733920781,514.6300000000003,3.7562000000000024,108.63,2,6,5,6,0.3793103448275862,1,0.5,3.6975333333333356,False,,0,,0,,0,,1.0,0.8161098161098161,1.0,0.17117117117117117,Gefitinib,0.0,0.8288288288288288,0.5330408509635657,0.48091660985282236,1.0,0.9572072072072072,0.48091660985282236,0.7427911670058989,1.0,0.5190833901471776,0.48091660985282236,-0.27966708805644414,7.664253718623325,-0.8610090921251636,-0.0,0.29864864864864865,7.10189327514681,0.0,0.0,0.0,0.27385423768397205,0.0,0.27385423768397205,0.0,low,,6.828039037462838,True,pass,False,,0.72,0.542,0.47,0.5005,0.5615,0.815,0.8915,0.263,0.603,0.6343000000000001,7.82549327514681,272,0.0,7.589199037462838,0,171,0,101,advance
CC(C)N(CC#CC(=O)Nc1ccc2ncnc(Nc3ccc(F)c(Cl)c3)c2c1)C(C)C,7.471799483136815,0.019846472322839693,0.500153846580294,453.9490000000001,5.226600000000004,70.15,2,5,3,6,0.2916666666666667,1,0.45,2.8929933333333344,False,,0,,0,,1,propiolamide_like,1.0,0.8286102808481841,1.0,0.4675324675324675,Osimertinib,0.0,0.5324675324675325,0.47905734015821594,0.5638156412601874,0.92,0.8831168831168832,0.47905734015821594,0.7114974661338216,0.92,0.4409426598417841,0.559057340158216,-0.3099201679674744,7.442029774652555,-0.6046284867530395,-0.0,0.20974025974025973,7.047141547639775,0.0,0.0,0.0,0.17617832480223014,0.1,0.27617832480223015,0.0,low,,6.770963222837545,True,pass,False,,0.632,0.692,0.693,0.5005,0.5615,0.916,0.8915,0.38,0.6268499999999999,0.6686500000000001,7.799361547639775,278,0.0,7.573343222837545,0,172,0,106,advance
C=CC(=O)Nc1cc2c(Nc3cc(Cl)c(Cl)cc3F)ncnc2cc1OCCN(C)C,7.255095519293391,0.05548863104170062,0.3654475968993783,464.3280000000002,4.884200000000004,79.38,2,6,3,8,0.19047619047619047,0,0.0,3.162186666666668,False,,0,,0,,1,acrylamide_like,1.0,0.8205926887302617,1.0,0.5833333333333334,Osimertinib,0.0,0.41666666666666663,0.3999318380941574,0.5293736141920939,0.92,0.8541666666666666,0.3999318380941574,0.6758680297382295,0.92,0.5200681619058427,0.4799318380941573,-0.36791492219209615,7.1718625727308405,-0.08983278405300281,-0.0,0.175,7.257029788677838,0.0,0.0,0.0,0.2750852023823034,0.1,0.37508520238230336,0.0,low,,6.881944586295535,True,pass,False,,0.553,0.469,0.623,0.5005,0.5615,0.813,0.8915,0.016,0.5362,0.5760000000000001,7.900469788677838,257,0.0,7.573144586295535,0,173,0,84,advance
C=CC(=O)Nc1cccc(Nc2nc(Nc3ccc(N4CCN(C(C)=O)CC4)cc3OC)ncc2Br)c1,7.899466900800735,0.015730148247271605,0.341461223502675,566.4600000000004,4.527900000000003,111.72,3,8,4,8,0.23076923076923078,1,0.5,4.043066666666669,False,,0,,0,,1,acrylamide_like,1.0,0.8267745577022726,1.0,0.34065934065934067,Osimertinib,0.0,0.6593406593406593,0.5888556214270936,0.4323011088239071,0.92,0.9148351648351648,0.4323011088239071,0.7139979737715414,0.92,0.48769889117609294,0.5123011088239071,-0.16685646979259716,7.875871678429827,-0.9919218534204023,-0.0,0.24780219780219775,7.1317520228116225,0.0,0.0,0.0,0.2346236139701162,0.1,0.3346236139701162,0.0,low,,6.797128408841506,True,pass,False,,0.769,0.429,0.346,0.5005,0.5615,0.867,0.8915,0.516,0.58385,0.6375,7.832372022811622,270,0.0,7.562128408841506,0,174,0,96,advance
O=C(/C=C/CN1CCC1CO)Nc1cc2c(Nc3ccc(F)c(Cl)c3)ncnc2cc1OC[C@H]1COCCO1,8.154152580729995,0.007796429055035699,0.3217278881366362,558.0100000000002,3.5214000000000016,118.07000000000002,3,9,5,10,0.37037037037037035,1,0.5,5.086733333333335,False,,0,,0,,1,acrylamide_like,1.0,0.9318181818181819,1.0,0.5054945054945055,Osimertinib,0.0,0.4945054945054945,0.6580806448439739,0.3813067487315601,0.92,0.8736263736263736,0.3813067487315601,0.7082534418004769,0.92,0.5386932512684399,0.4613067487315601,-0.06689706260867068,8.142457937147443,-1.154245074826327,-0.0,0.19835164835164837,7.186564510672764,0.0,0.0,0.0,0.2983665640855499,0.1,0.39836656408554993,0.0,low,,6.788197946587214,True,pass,False,,0.8335,0.3965,0.0945,0.5005,0.5615,0.7775,0.8915,0.876,0.56865,0.635875,7.8689445106727645,264,0.0,7.551247946587214,0,175,0,89,advance
O=C(/C=C/CN1CCC1CO)Nc1cc2c(Nc3ccc(F)c(Cl)c3)ncnc2cc1OC[C@@H]1COCCO1,8.154152580729995,0.007796429055035707,0.3217278881366362,558.0100000000002,3.5214000000000016,118.07000000000002,3,9,5,10,0.37037037037037035,1,0.5,5.086733333333335,False,,0,,0,,1,acrylamide_like,1.0,0.9318181818181819,1.0,0.5054945054945055,Osimertinib,0.0,0.4945054945054945,0.6580806448439739,0.3813067487315601,0.92,0.8736263736263736,0.3813067487315601,0.7082534418004769,0.92,0.5386932512684399,0.4613067487315601,-0.06689706260867068,8.142457937147443,-1.154245074826327,-0.0,0.19835164835164837,7.186564510672764,0.0,0.0,0.0,0.2983665640855499,0.1,0.39836656408554993,0.0,low,,6.788197946587214,True,pass,False,,0.8335,0.3965,0.0945,0.5005,0.5615,0.7775,0.8915,0.875,0.56865,0.6358249999999999,7.8689445106727645,263,0.0,7.5511879465872145,0,176,0,87,advance
C=CC(=O)Nc1cccc(Oc2nc(Nc3cccc(OCCN4CCCC4=O)c3)ncc2F)c1,7.092895216217878,0.01015101534487842,0.4200687653811151,477.4960000000003,4.277300000000003,105.67999999999999,2,7,4,10,0.2,0,0.0,3.6499733333333353,False,,0,,0,,1,acrylamide_like,1.0,0.815263582831658,1.0,0.2777777777777778,Sunvozertinib,0.0,0.7222222222222222,0.3911180933130545,0.5406542312160234,0.92,0.9305555555555556,0.3911180933130545,0.6955819700211583,0.9305555555555556,0.5394374622425011,0.4605625377574989,-0.4059518356108052,7.07766869320056,-0.10742723461888522,-0.0,0.26666666666666666,7.236908125248341,0.0,0.0,0.0,0.2992968278031264,0.1,0.39929682780312636,0.0,low,,6.837611297445215,True,pass,False,,0.487,0.564,0.483,0.5005,0.5615,0.774,0.8915,0.772,0.5045000000000001,0.5903499999999999,7.8423081252483415,267,0.0,7.546031297445215,0,177,0,90,advance
C#Cc1cccc(Nc2ncnc3cc(O[C@H]4CCOC4)c(NC(=O)/C=C/CN(CC)CC)cc23)c1,7.214120714753443,0.007674184445032376,0.32584908049901695,485.5880000000003,4.358900000000003,88.61,2,7,4,10,0.32142857142857145,0,0.0,4.0539200000000015,False,,0,,0,,1,acrylamide_like,1.0,0.862343205574913,1.0,0.37894736842105264,Osimertinib,0.0,0.6210526315789473,0.4231582495768382,0.4732969942744593,0.92,0.9052631578947368,0.4231582495768382,0.6804296004365086,0.92,0.49684175042316187,0.5031582495768381,-0.3430284678128938,7.2026094380858945,-0.2500960623581261,-0.0,0.2363157894736842,7.188829165201453,0.0,0.0,0.0,0.24605218802895235,0.1,0.3460521880289523,0.0,low,,6.8427769771725,True,pass,False,,0.544,0.407,0.341,0.5005,0.5615,0.849,0.8915,0.88,0.47745000000000004,0.5826,7.761769165201453,289,0.0,7.5418969771725,0,178,0,111,advance
CC(=O)N1CCC(c2ccc3c(c2)[nH]/c(=N\C(=O)c2ccnc(-c4cnn(C)c4C)c2)n3CC(C)(C)O)CC1,7.6255238914103245,0.02327863374449973,0.410883097346425,529.6450000000002,3.3112200000000023,121.40000000000002,2,5,5,5,0.41379310344827586,1,0.5,3.697633333333335,False,,0,,0,,0,,1.0,0.8095101051981205,1.0,0.12903225806451613,Lazertinib,0.0,0.8709677419354839,0.5150859292314313,0.4837690368738671,1.0,0.967741935483871,0.4837690368738671,0.7416492253972924,1.0,0.5162309631261329,0.4837690368738671,-0.3020843948878148,7.590605940793575,-0.8523825923087477,-0.0,0.3112903225806451,7.049513671065473,0.0,0.0,0.0,0.2702887039076662,0.0,0.2702887039076662,0.0,low,,6.779224967157806,True,pass,False,,0.701,0.55,0.469,0.5005,0.5615,0.821,0.8915,0.294,0.5959,0.6318500000000001,7.764593671065473,287,0.0,7.537444967157807,0,179,0,108,advance
O=C(/C=C/c1ccccc1)Nc1cc2c(Nc3cccc(Br)c3)ncnc2cn1,7.551484082803394,0.02773671877280997,0.4131264518978896,446.3080000000001,5.182800000000003,79.8,2,5,4,5,0.0,1,0.45,2.942053333333334,False,,0,,0,,1,acrylamide_like,1.0,0.8080497854806508,1.0,0.4027777777777778,Sunvozertinib,0.0,0.5972222222222222,0.4934553175598815,0.5140636511079418,0.92,0.8993055555555556,0.4934553175598815,0.7067061310558447,0.92,0.42654468244011856,0.5734553175598814,-0.28433441799461756,7.509879004644179,-0.7281815481021106,-0.0,0.22916666666666669,7.010864123208735,0.0,0.0,0.0,0.15818085305014823,0.1,0.25818085305014826,0.0,low,,6.752683270158587,True,pass,False,,0.666,0.554,0.678,0.5005,0.5615,0.928,0.8915,0.213,0.6123,0.6495000000000002,7.745624123208735,293,0.0,7.532083270158587,0,180,0,113,advance
C=CC(=O)Nc1cc(Nc2nccc(NC(=O)c3ccc(OC)c(OC)c3)n2)c(OC)cc1N(C)C,7.146704713352982,0.018052821771812094,0.3631923113840321,492.5360000000003,3.6888000000000023,126.94000000000001,3,9,3,10,0.2,0,0.0,3.550240000000002,False,,0,,0,,1,acrylamide_like,1.0,0.814570794927171,1.0,0.3493975903614458,Osimertinib,0.0,0.6506024096385542,0.39903920309797697,0.5132080789535254,0.92,0.9126506024096386,0.39903920309797697,0.6862244711152852,0.92,0.5209607969020231,0.4790392030979769,-0.3829136906897443,7.119625480695263,-0.14934368861596814,-0.0,0.24518072289156628,7.215462514970862,0.0,0.0,0.0,0.2762009961275289,0.1,0.3762009961275289,0.0,low,,6.839261518843333,True,pass,False,,0.508,0.466,0.511,0.5005,0.5615,0.811,0.8915,0.438,0.49854999999999994,0.57175,7.813722514970862,273,0.0,7.525361518843333,0,181,0,92,advance
C=CC(=O)Nc1cc(Nc2nc(-c3cnn(C)c3)c3cc[nH]c3n2)c(OC)cc1OCCN(C)C,7.178212552614329,0.014299594958069381,0.2984511511517046,476.5410000000003,3.1755000000000013,122.22,3,8,4,10,0.25,0,0.0,3.6436066666666687,False,,0,,0,,1,acrylamide_like,1.0,0.772848737141256,1.0,0.3229166666666667,Osimertinib,0.0,0.6770833333333333,0.4095434216829336,0.47400941518471956,0.92,0.9192708333333333,0.4095434216829336,0.6807059175502466,0.92,0.5104565783170665,0.4895434216829335,-0.3615499944897507,7.156763160177225,-0.22308984884829566,-0.0,0.253125,7.186798311328929,0.0,0.0,0.0,0.2630707228963331,0.1,0.36307072289633313,0.0,low,,6.823727588432596,True,pass,False,,0.522,0.353,0.485,0.5005,0.5615,0.826,0.8915,0.578,0.47834999999999994,0.5649000000000001,7.760818311328929,290,0.0,7.501607588432596,0,182,0,108,advance
C=CC(=O)N1CC[C@@H](n2cc(-c3ncnc4cc(OC)c(OC)cc34)c(-c3cccc(OC)c3)n2)C1,7.173293939691504,0.02203034981606175,0.36333725047667875,485.5440000000003,4.145500000000003,91.60000000000001,0,7,5,7,0.25925925925925924,0,0.0,3.953626666666669,False,,0,,0,,1,acrylamide_like,1.0,0.7473457675753228,1.0,0.28421052631578947,Osimertinib,0.0,0.7157894736842105,0.40290224005163283,0.4977729236596092,0.92,0.9289473684210526,0.40290224005163283,0.6874056330330737,0.9289473684210526,0.5260451283694199,0.47395487163058014,-0.37933785730858777,7.140248414967411,-0.20378082359739566,-0.0,0.2647368421052631,7.2012044334752785,0.0,0.0,0.0,0.2825564104617748,0.1,0.3825564104617748,0.0,low,,6.818648023013504,True,pass,False,,0.521,0.467,0.377,0.5005,0.5615,0.801,0.8915,0.327,0.48450000000000004,0.55585,7.782604433475279,281,0.0,7.4856680230135035,0,183,0,98,advance
C=CC(=O)NCc1cccc(Nc2cc(-c3[nH]c(SC)nc3-c3ccc(F)cc3)ccn2)c1,7.861773693489551,0.02379746924375763,0.23785790943800503,459.5500000000001,5.545500000000004,82.7,3,5,4,8,0.08,1,0.45,3.330333333333334,False,,0,,0,,1,acrylamide_like,1.0,0.7895040196752525,1.0,0.2391304347826087,Sunvozertinib,0.0,0.7608695652173914,0.5737851949017573,0.4027321066011592,0.92,0.9402173913043479,0.4027321066011592,0.7091836732018162,0.9402173913043479,0.5374852847031887,0.4625147152968113,-0.18053130440007836,7.8260774896239145,-0.953692090561995,-0.0,0.2782608695652174,7.150646268627137,0.0,0.0,0.0,0.2968566058789859,0.1,0.39685660587898586,0.0,low,,6.753789662748151,True,pass,False,,0.757,0.218,0.574,0.5005,0.5615,0.78,0.8915,0.279,0.57045,0.6045000000000001,7.835186268627137,269,0.0,7.479189662748151,0,184,0,85,advance
CCCN(CC#CC(=O)Nc1ccc2ncnc(Nc3cccc(Br)c3)c2c1)CCC,7.500000361731372,0.027226169430964727,0.434062924336078,480.4100000000002,5.199800000000004,70.15,2,5,3,8,0.2916666666666667,1,0.45,3.269400000000001,False,,0,,0,,1,propiolamide_like,1.0,0.8613078423459779,1.0,0.3076923076923077,Afatinib,0.0,0.6923076923076923,0.4809417718311677,0.512988454538689,0.92,0.9230769230769231,0.4809417718311677,0.709251787361695,0.9230769230769231,0.4421351512457554,0.5578648487542446,-0.304413354040703,7.459161107584925,-0.7271804089972554,-0.0,0.25769230769230766,6.989673006279977,0.0,0.0,0.0,0.17766893905719428,0.1,0.27766893905719425,0.0,low,,6.712004067222783,True,pass,False,,0.643,0.593,0.59,0.5005,0.5615,0.915,0.8915,0.223,0.5965499999999999,0.6388499999999999,7.705533006279977,306,0.0,7.478624067222783,0,185,0,121,advance
S=C(NCc1ccccc1)Nc1ccc2ncnc(Nc3cccc(Br)c3)c2c1,7.651047497301823,0.010584443642800109,0.3333911158567469,464.3920000000001,5.622500000000002,61.870000000000005,3,4,4,5,0.045454545454545456,1,0.45,3.062613333333334,False,,1,thiourea,0,,0,,1.0,0.8455206412257057,1.0,0.29333333333333333,Afatinib,0.0,0.7066666666666667,0.5303527637754957,0.46557229320839033,0.88,0.9266666666666666,0.46557229320839033,0.7006479309126382,0.9266666666666666,0.4610943734582763,0.5389056265417237,-0.22706022284952332,7.635170831837623,-0.8214554295977986,-0.2,0.26199999999999996,6.875715402239824,0.0,0.0,0.0,0.2013679668228454,0.0,0.2013679668228454,0.0,low,,6.674347435416979,True,pass,False,,0.709,0.421,0.649,0.5005,0.5615,0.893,0.8915,0.751,0.6007,0.6629499999999999,7.596555402239824,322,0.0,7.469887435416979,0,186,0,136,advance
Cc1ncnc(Nc2ccc(OCc3cccc(F)c3)c(Cl)c2)c1/C=C(\F)C(=O)NCCS(C)(=O)=O,7.629820327249533,0.015538615417104525,0.3701059659142024,536.9880000000002,4.371320000000003,110.28,2,7,3,10,0.20833333333333334,1,0.5,3.846586666666668,False,,0,,0,,1,acrylamide_like,1.0,0.7742771084337349,1.0,0.3191489361702128,Osimertinib,0.0,0.6808510638297872,0.52157805102041,0.4556126402271703,0.92,0.9202127659574468,0.4556126402271703,0.7043508643012568,0.9202127659574468,0.46460012573027654,0.5353998742697235,-0.24369708437446247,7.606512404123876,-0.9360487007524644,-0.0,0.2542553191489361,6.924719022520348,0.0,0.0,0.0,0.20575015716284567,0.1,0.3057501571628457,0.0,low,,6.618968865357502,True,pass,False,,0.702,0.475,0.409,0.5005,0.5615,0.891,0.8915,0.527,0.57235,0.63355,7.611539022520348,320,0.0,7.3792288653575016,0,187,0,133,advance
S=C(NCCN1CCOCC1)Nc1ccc2ncnc(Nc3ccc(Cl)cc3)c2c1,6.9541652576112725,0.03457989449508101,0.49945903522213736,442.97600000000006,3.6454000000000013,74.34,3,6,4,6,0.2857142857142857,0,0.0,3.0198400000000007,False,,1,thiourea,0,,0,,1.0,0.8323154419459777,1.0,0.45569620253164556,Dacomitinib,0.0,0.5443037974683544,0.3393353882562614,0.6085547770644832,0.88,0.8860759493670887,0.3393353882562614,0.6784915286719584,0.8860759493670887,0.5467405611108273,0.45325943888917275,-0.45220818722092915,6.902295415868651,0.07505446379356583,-0.2,0.2132911392405063,6.990641018902723,0.0,0.0,0.0,0.3084257013885341,0.0,0.3084257013885341,0.0,low,,6.6822153175141885,True,pass,False,,0.446,0.689,0.655,0.5005,0.5615,0.758,0.8915,0.128,0.53685,0.5801999999999998,7.634861018902723,318,0.0,7.378455317514188,0,188,0,130,advance
C=C=CCCCCOc1cc2c(Nc3ccc(F)c(Cl)c3)ncnc2cc1O,7.5677115675553805,0.0776868864849061,0.3719528835572489,399.8530000000001,5.761700000000004,67.27,2,5,3,8,0.19047619047619047,1,0.45,2.732353333333334,False,,0,,0,,0,,1.0,0.8937376342566422,1.0,0.5135135135135135,Osimertinib,0.0,0.4864864864864865,0.46254707134941087,0.49948357313597413,1.0,0.8716216216216216,0.46254707134941087,0.7084130665267516,1.0,0.5374529286505891,0.46254707134941087,-0.32782132690312105,7.451181237828021,-0.7188524973951321,-0.0,0.19594594594594594,6.928274686378835,0.0,0.0,0.0,0.2968161608132364,0.0,0.2968161608132364,0.0,low,,6.6314585255655984,True,pass,False,,0.674,0.481,0.742,0.5005,0.5615,0.781,0.8915,0.002,0.6109,0.6221000000000001,7.661354686378835,316,0.0,7.377978525565599,0,189,0,127,advance
CCS(=O)(=O)Nc1nc(-c2ccc(F)cc2)c(-c2ccnc(Nc3ccc(N4CCN(C)CC4)cc3)n2)s1,8.634838527092318,0.013068644154042955,0.3247677119803386,553.6890000000003,4.663200000000003,103.35,2,9,5,8,0.2692307692307692,1,0.5,4.157926666666668,True,anil_di_alk_A(478),0,,0,,0,,1.0,0.8715931852192933,1.0,0.19801980198019803,Gefitinib,0.0,0.801980198019802,0.7745615808652495,0.41870198517892976,0.75,0.9504950495049505,0.41870198517892976,0.7234396538872825,0.9504950495049505,0.5317930643260207,0.4682069356739793,0.06816256930395603,8.615235560861255,-1.0219982110965848,-0.4,0.2905940594059406,7.48383140917061,0.0,0.0,0.0,0.28974133040752587,0.0,0.47724133040752587,0.25,medium,unsafe_structure_can_game_single_score,7.006590078763084,True,pass,False,,0.942,0.405,0.314,0.5005,0.5615,0.793,0.0895,0.635,0.6521,0.6009499999999999,8.26635140917061,169,0.0,7.352730078763084,0,190,21,0,review
C=CC(=O)N1CC[C@H](N2C(=O)N(c3ccccc3)Cc3cnc(Nc4ccc(C5CCN(C)CC5)cc4)nc32)C1,7.557616786354655,0.021450343890127333,0.45656605011696544,537.6680000000002,4.762900000000005,84.91,1,6,6,6,0.3548387096774194,1,0.5,4.401120000000002,False,,0,,0,,1,acrylamide_like,1.0,0.8400422123383576,1.0,0.16822429906542055,Osimertinib,0.0,0.8317757009345794,0.4993889558655745,0.48183748141048477,0.92,0.9579439252336448,0.48183748141048477,0.714792590627426,0.9579439252336448,0.47610644382316003,0.52389355617684,-0.28720484634913546,7.5254412705194635,-0.9181180789152928,-0.0,0.2995327102803738,6.906855901884545,0.0,0.0,0.0,0.22013305477895007,0.1,0.32013305477895004,0.0,low,,6.5867228471055945,True,pass,False,,0.669,0.626,0.255,0.5005,0.5615,0.879,0.8915,0.343,0.5646,0.6205,7.584375901884545,326,0.0,7.331322847105595,0,191,0,135,advance
C=CC(=O)Nc1cc(Nc2nccc(-c3ccc4ncsc4c3)n2)c(OC)cc1N(C)CCN(C)C,7.6537435694198095,0.004022565831274564,0.3026472795320161,503.6320000000003,4.627800000000004,95.50999999999999,2,9,4,10,0.23076923076923078,1,0.5,3.8242133333333355,False,,0,,0,,1,acrylamide_like,1.0,0.7623135398737808,1.0,0.3191489361702128,Osimertinib,0.0,0.6808510638297872,0.5356200962730602,0.4193708755374806,0.92,0.9202127659574468,0.4193708755374806,0.698800934441997,0.9202127659574468,0.5008418904199663,0.4991581095800337,-0.21757445089191563,7.647709720672897,-0.9979077973910612,-0.0,0.2542553191489361,6.904057242430772,0.0,0.0,0.0,0.25105236302495787,0.1,0.3510523630249579,0.0,low,,6.553004879405814,True,pass,False,,0.71,0.358,0.418,0.5005,0.5615,0.845,0.8915,0.971,0.5539,0.6368999999999999,7.568737242430772,330,0.0,7.317284879405815,0,192,0,138,advance
C=C(C)c1c(C)nc2c(F)cc(-c3nc(Nc4ccc(N5CCN(C)CC5)cc4OC)ncc3F)cn12,7.4995097513993985,0.011294606728001312,0.3991076555286797,505.5730000000003,4.915020000000004,70.82000000000001,1,7,5,6,0.2962962962962963,1,0.5,3.6371533333333352,False,,0,,0,,0,,1.0,0.6785294596290199,0.9609626538709451,0.2376237623762376,Gefitinib,0.0,0.7623762376237624,0.4919712131402487,0.479618697720261,1.0,0.9113160498091495,0.479618697720261,0.7207264901674149,1.0,0.520381302279739,0.479618697720261,-0.3050070360362215,7.482567841307397,-0.866835714841691,-0.0,0.268953534754865,6.884685661220571,0.0,0.0,0.0,0.27547662784967375,0.0,0.27547662784967375,0.0,low,,6.609209033370897,True,pass,False,,0.642,0.526,0.488,0.5005,0.1,0.812,0.8915,0.717,0.5674,0.58655,7.565565661220571,331,0.0,7.313069033370897,0,193,0,138,advance
CCS(=O)(=O)n1cc(-c2ccnc(Nc3ccc4c(cnn4CC(=O)N(C)C)c3)n2)c2ccccc21,7.490748074552871,0.008194871755673717,0.361551457123466,503.5880000000003,3.4776000000000025,115.00999999999999,1,7,5,7,0.2,1,0.5,3.7239200000000023,False,,0,,0,,0,,1.0,0.7717970467535029,1.0,0.16666666666666666,Lazertinib,0.0,0.8333333333333334,0.49195060840924626,0.45562560911021394,1.0,0.9583333333333334,0.45562560911021394,0.7264773877131984,1.0,0.544374390889786,0.455625609110214,-0.3127023724052695,7.478455766919361,-0.9270365428765344,-0.0,0.3,6.851419224042827,0.0,0.0,0.0,0.3054679886122325,0.0,0.3054679886122325,0.0,low,,6.545951235430595,True,pass,False,,0.639,0.463,0.458,0.5005,0.5615,0.762,0.8915,0.862,0.54895,0.6216,7.510159224042827,347,0.0,7.291871235430595,0,194,0,153,advance
O=C(NO)c1sccc1Nc1nc(Nc2ccc(N3CCOCC3)cc2)ncc1Cl,7.582181563727279,0.015550222477397612,0.33524081867694305,446.9200000000003,3.6343000000000023,111.64,4,9,4,6,0.21052631578947367,0,0.0,3.046133333333336,True,anil_di_alk_A(478),0,,0,,0,,1.0,0.7281446851040886,1.0,0.22340425531914893,Dacomitinib,0.0,0.7765957446808511,0.5096602351976415,0.5172234759133443,0.75,0.9441489361702128,0.5096602351976415,0.6802581618202996,0.9441489361702128,0.4344887009725713,0.5655112990274287,-0.22746390216354417,7.558856230011183,-0.10062654974410991,-0.4,0.2829787234042553,7.341208403671328,0.0,0.0,0.0,0.16811087621571413,0.0,0.35561087621571413,0.25,medium,unsafe_structure_can_game_single_score,6.985597527455615,True,pass,False,,0.681,0.422,0.652,0.5005,0.5615,0.919,0.0895,0.526,0.58875,0.5661499999999999,8.047708403671328,222,0.0,7.289977527455615,0,195,0,27,review
C=CC(=O)N1CC[C@H](N2C(=O)N(c3ccccc3)Cc3cnc(Nc4ccc(N5CCN(C)CC5)cc4OC)nc32)C1,7.590976757837666,0.014657089606326666,0.4311803074885542,568.6820000000001,3.714100000000003,97.38,1,8,6,7,0.3548387096774194,1,0.5,4.707880000000001,False,,0,,0,,1,acrylamide_like,1.0,0.8526052048726468,1.0,0.21296296296296297,Osimertinib,0.0,0.787037037037037,0.5124842267349878,0.45607686142639714,0.92,0.9467592592592593,0.45607686142639714,0.7088300868551611,0.9467592592592593,0.49068239783286216,0.5093176021671378,-0.2617944801602311,7.568991123428176,-0.989517821543704,-0.0,0.28611111111111104,6.865584412995583,0.0,0.0,0.0,0.23835299729107773,0.1,0.3383529972910777,0.0,low,,6.527231415704505,True,pass,False,,0.683,0.587,0.178,0.5005,0.5615,0.862,0.8915,0.555,0.55155,0.6200500000000001,7.527444412995583,343,0.0,7.271291415704505,0,196,0,147,advance
CCC1=C2C(Nc3ccc4c(cnn4Cc4ccccc4)c3)=NC=NC2N=C1NC(=O)OCCN1CCCCC1,7.48651349500968,0.02287394475969385,0.45735941782378225,538.6560000000002,4.593800000000003,108.5,2,8,6,7,0.36666666666666664,1,0.5,4.507706666666668,False,,0,,0,,0,,1.0,0.8599884807051812,1.0,0.1875,Gefitinib,0.0,0.8125,0.48061661242063425,0.4781743464697469,1.0,0.953125,0.4781743464697469,0.7279789897225952,1.0,0.5218256535302531,0.4781743464697469,-0.32981650306928134,7.452202577870139,-0.9321299155095513,-0.0,0.29375,6.813822662360588,0.0,0.0,0.0,0.2772820669128164,0.0,0.2772820669128164,0.0,low,,6.5365405954477716,True,pass,False,,0.637,0.629,0.229,0.5005,0.5615,0.808,0.8915,0.307,0.5468999999999999,0.59985,7.4701026623605875,360,0.0,7.256360595447772,0,197,0,163,advance
C=CC(=O)Nc1cc2c(Nc3cc(Cl)c(Cl)cc3F)ncnc2cc1OCCNCC(C)=O,7.203704082952449,0.05118715973096471,0.21749407128753426,492.33800000000025,4.501200000000003,105.24000000000001,3,7,3,10,0.18181818181818182,0,0.0,3.5489200000000016,False,,0,,0,,1,acrylamide_like,1.0,0.8485171875369225,1.0,0.56,Osimertinib,0.0,0.43999999999999995,0.39009500892643684,0.4331248161312207,0.92,0.86,0.39009500892643684,0.6508049562644144,0.92,0.5299049910735631,0.47009500892643685,-0.3476132631173035,7.126923343356001,-0.2966621105306477,-0.0,0.182,7.012261232825354,0.0,0.0,0.0,0.28738123884195393,0.1,0.38738123884195397,0.0,low,,6.6248799939834,True,pass,False,,0.536,0.172,0.512,0.5005,0.5615,0.794,0.8915,0.023,0.4525,0.5137,7.555261232825354,335,0.0,7.2413199939834,0,198,0,137,advance
C=CC(=O)Nc1cc(Nc2nccc(Nc3ccc4c(ccn4C)c3)n2)c(OC)cc1N1CCN(C)CC1,7.6323229357910405,0.014376160463228383,0.3000155702038459,512.6180000000004,4.340400000000003,99.57999999999998,3,8,5,8,0.25,1,0.5,3.884120000000003,False,,0,,0,,1,acrylamide_like,1.0,0.7533620558182095,1.0,0.34782608695652173,Osimertinib,0.0,0.6521739130434783,0.5230174216235003,0.4156193328428844,0.92,0.9130434782608696,0.4156193328428844,0.6929200581818136,0.92,0.5043806671571156,0.4956193328428844,-0.22653684874441782,7.610758695096198,-1.0076024297961546,-0.0,0.24565217391304345,6.848808439213087,0.0,0.0,0.0,0.2554758339463945,0.1,0.3554758339463945,0.0,low,,6.493332605266692,True,pass,False,,0.705,0.355,0.397,0.5005,0.5615,0.838,0.8915,0.573,0.5478999999999999,0.6122499999999998,7.506288439213087,350,0.0,7.228032605266693,0,199,0,151,advance
CCC1=C2C(Nc3ccc4c(cnn4Cc4ccccc4)c3)=NC=NC2N=C1NC(=O)OCCN1CCNCC1,7.480383052564193,0.009730416666445266,0.42463905893458836,539.6440000000001,3.0131000000000006,120.53,3,9,6,7,0.3448275862068966,1,0.5,4.514293333333335,False,,0,,0,,0,,1.0,0.8734518028541179,1.0,0.18421052631578946,Gefitinib,0.0,0.8157894736842105,0.4882844714745365,0.45992481574735694,1.0,0.9539473684210527,0.45992481574735694,0.7255391639107365,1.0,0.540075184252643,0.459924815747357,-0.31633958991493344,7.465787427564525,-0.9680221824447223,-0.0,0.29473684210526313,6.792502087225066,0.0,0.0,0.0,0.30009398031580375,0.0,0.30009398031580375,0.0,low,,6.492408106909262,True,pass,False,,0.635,0.576,0.225,0.5005,0.5615,0.771,0.8915,0.794,0.5348,0.6115499999999999,7.434262087225066,374,0.0,7.226268106909262,0,200,0,174,advance
C=CC(=O)Nc1cccc(NC(=O)Nc2ccnc(Nc3ccc(N4CCN(C)CC4)cc3OC)n2)c1,7.467048725524812,0.01099834921682052,0.34357765619675074,502.57900000000035,3.749100000000002,123.75,4,8,4,8,0.23076923076923078,1,0.5,3.6171933333333355,False,,0,,0,,1,acrylamide_like,1.0,0.8740862799901967,1.0,0.30434782608695654,Osimertinib,0.0,0.6956521739130435,0.4840633369294286,0.4498448903953923,0.92,0.9239130434782609,0.4498448903953923,0.6944553177007704,0.9239130434782609,0.47406815308286854,0.5259318469171315,-0.2805226410284558,7.450551201699581,-0.9259244207263264,-0.0,0.25869565217391305,6.783322433147169,0.0,0.0,0.0,0.21758519135358567,0.1,0.31758519135358565,0.0,low,,6.465737241793583,True,pass,False,,0.628,0.433,0.494,0.5005,0.5615,0.882,0.8915,0.727,0.5434,0.6226499999999999,7.435402433147169,373,0.0,7.212917241793583,0,201,0,172,advance
C=CC(=O)N(C)c1nc2c(Nc3ccc(F)c(Cl)c3)ncnc2cc1OCCCN1CCOCC1,7.564069443486547,0.02619595361933648,0.3500600279212501,500.96200000000044,3.810800000000002,92.71000000000001,1,8,4,9,0.3333333333333333,1,0.5,3.706413333333336,False,,0,,0,,1,acrylamide_like,1.0,0.7638340601676271,1.0,0.6024096385542169,Dacomitinib,0.0,0.3975903614457831,0.4976801933381012,0.44997865638232853,0.92,0.8493975903614458,0.44997865638232853,0.6792641100204688,0.92,0.4700213436176715,0.5299786563823286,-0.2421118889098236,7.524775513057542,-0.922568638745417,-0.0,0.1692771084337349,6.771483982745861,0.0,0.0,0.0,0.2125266795220894,0.1,0.3125266795220894,0.0,low,,6.458957303223771,True,pass,False,,0.673,0.442,0.463,0.5005,0.5615,0.886,0.8915,0.244,0.5608,0.6106499999999999,7.44444398274586,368,0.0,7.191737303223771,0,202,0,166,advance
C=CC(=O)Nc1cccc(Nc2ncc(C)c(Nc3cccc(Br)c3)n2)c1,7.184913295542396,0.01605611581747949,0.4767587825096586,424.302,5.159220000000002,78.94,3,5,3,6,0.05,1,0.45,2.695346666666667,False,,0,,0,,1,acrylamide_like,1.0,0.775051392040053,1.0,0.3333333333333333,Sunvozertinib,0.0,0.6666666666666667,0.4099890428133633,0.5585501508931328,0.92,0.9166666666666667,0.4099890428133633,0.7013014650932907,0.92,0.5100109571866367,0.4899890428133633,-0.3884165630399033,7.160829121816176,-0.6225432174903415,-0.0,0.25,6.788285904325835,0.0,0.0,0.0,0.26251369648329587,0.1,0.3625136964832959,0.0,low,,6.425772207842539,True,pass,False,,0.527,0.662,0.752,0.5005,0.5615,0.827,0.8915,0.509,0.58245,0.6360999999999999,7.487225904325835,354,0.0,7.189092207842539,0,203,0,151,advance
C=CC(=O)N1CCC(Oc2nc(Nc3ccc(N4CCN(C)CC4)cc3OC)nc3ccsc23)CC1,7.286931208045587,0.01153306110500553,0.48345780055066345,508.6480000000004,3.7511000000000028,83.06000000000002,1,9,5,7,0.4230769230769231,1,0.5,3.7576533333333364,False,,0,,0,,1,acrylamide_like,1.0,0.8562791393670951,1.0,0.23711340206185566,Osimertinib,0.0,0.7628865979381443,0.4386596592378929,0.5213766620977366,0.92,0.9407216494845361,0.4386596592378929,0.7051894927050415,0.9407216494845361,0.5020619902466432,0.4979380097533568,-0.35537311128953136,7.269631616388079,-0.7878825071416448,-0.0,0.27886597938144325,6.760615088627877,0.0,0.0,0.0,0.252577487808304,0.1,0.352577487808304,0.0,low,,6.408037600819573,True,pass,False,,0.56,0.67,0.45,0.5005,0.5615,0.842,0.8915,0.702,0.5536000000000001,0.6281500000000001,7.424935088627877,376,0.0,7.161817600819573,0,204,0,172,advance
C=CC(=O)N1CCC(Oc2nc(Nc3ccc(N4CCN(C(C)=O)CC4)cc3OC)nc3[nH]ccc23)CC1,7.315011660279145,0.011695465606992026,0.45805178992183443,519.6060000000003,2.9344,115.92000000000002,2,8,5,7,0.4074074074074074,1,0.5,3.830706666666669,False,,0,,0,,1,acrylamide_like,1.0,0.7951941391941392,1.0,0.23469387755102042,Osimertinib,0.0,0.7653061224489796,0.44556608914489193,0.5045936126621371,0.92,0.9413265306122449,0.44556608914489193,0.7028715581048185,0.9413265306122449,0.495760441467353,0.504239558532647,-0.3430739586132354,7.297468461868657,-0.8258134693374253,-0.0,0.27959183673469384,6.751246829265926,0.0,0.0,0.0,0.24470055183419126,0.1,0.34470055183419124,0.0,low,,6.406546277431735,True,pass,False,,0.574,0.63,0.414,0.5005,0.5615,0.851,0.8915,0.693,0.5465,0.6232,7.407046829265926,382,0.0,7.154386277431735,0,205,0,177,advance
C=CC(=O)Nc1cc(Nc2ncc3c(C)cc(-c4cnn(C)c4)n3n2)c(OC)cc1N(C)CCN(C)C,7.55520208135618,0.033368796844612233,0.3177736050455844,503.6110000000003,3.3127200000000014,104.85,2,8,4,10,0.3076923076923077,1,0.5,3.8240733333333354,False,,0,,0,,1,acrylamide_like,1.0,0.7717336789016531,1.0,0.2828282828282828,Osimertinib,0.0,0.7171717171717171,0.4904423625478164,0.4276957391853278,0.92,0.9292929292929293,0.4276957391853278,0.6918577577565184,0.9292929292929293,0.5015971901076015,0.4984028098923985,-0.2685538602782693,7.505148886089262,-0.9750681641851852,-0.0,0.2651515151515151,6.7952322370555915,0.0,0.0,0.0,0.2519964876345019,0.1,0.35199648763450186,0.0,low,,6.44323574942109,True,pass,False,,0.667,0.389,0.419,0.5005,0.5615,0.843,0.8915,0.143,0.5408999999999999,0.58715,7.444312237055591,369,0.0,7.14781574942109,0,206,0,163,advance
C=CC(=O)Nc1cc(-c2c(-c3ccccc3)oc3ncnc(NC(C)C)c23)ccc1N(C)CCN(C)C,7.533884583551187,0.015854264285027175,0.279287099321386,498.6310000000003,5.499400000000005,86.53,2,7,4,10,0.27586206896551724,1,0.45,3.7908733333333355,False,,0,,0,,1,acrylamide_like,1.0,0.8518392045924363,1.0,0.25773195876288657,Osimertinib,0.0,0.7422680412371134,0.4973731608882778,0.4078050841139418,0.92,0.9355670103092784,0.4078050841139418,0.6901863138278745,0.9355670103092784,0.5277619261953366,0.4722380738046634,-0.25708420391946213,7.510103187123646,-0.9617576937820624,-0.0,0.272680412371134,6.821025905712718,0.0,0.0,0.0,0.2847024077441707,0.1,0.38470240774417075,0.0,low,,6.436323497968547,True,pass,False,,0.656,0.308,0.433,0.5005,0.5615,0.797,0.8915,0.512,0.52185,0.58695,7.447245905712718,366,0.0,7.140663497968547,0,207,0,159,advance
C=CC(=O)Nc1cc2c(Nc3c(F)cc(Br)cc3F)ncnc2cc1OCCNC(C)=O,7.545745223066577,0.042834888915051224,0.31467815269335153,506.30700000000024,4.053500000000002,105.24000000000001,3,6,3,8,0.14285714285714285,1,0.5,3.442046666666669,False,,0,,0,,1,acrylamide_like,1.0,0.8436913895993181,1.0,0.5131578947368421,Osimertinib,0.0,0.48684210526315785,0.48145188352610835,0.44068657372493303,0.92,0.8717105263157895,0.44068657372493303,0.6784622458917077,0.92,0.479313426275067,0.520686573724933,-0.2626804831541325,7.4814928896940005,-0.9373431330209345,-0.0,0.1960526315789473,6.740202388252014,0.0,0.0,0.0,0.2241417828438338,0.1,0.32414178284383377,0.0,low,,6.41606060540818,True,pass,False,,0.663,0.376,0.545,0.5005,0.5615,0.875,0.8915,0.052,0.5554,0.59525,7.406682388252014,383,0.0,7.13036060540818,0,208,0,175,advance
Oc1cc2ncnc(Nc3cccc(Br)c3)c2cc1O,7.159579360121269,0.04929545450670303,0.6257271479541844,332.1570000000001,3.5471000000000017,78.27000000000001,3,5,3,2,0.0,0,0.0,1.8,True,catechol_A(92),0,,0,,0,,1.0,0.7699186991869919,1.0,0.328125,Sunvozertinib,0.0,0.671875,0.38038802187562504,0.7249191621440323,0.75,0.91796875,0.38038802187562504,0.6933189835049143,0.91796875,0.537580728124375,0.46241927187562504,-0.41724128217238576,7.085636178361214,0.35572714795418436,-0.4,0.25156249999999997,7.292925826315399,0.0,0.0,0.0,0.2969759101554687,0.0,0.4844759101554687,0.25,medium,unsafe_structure_can_game_single_score,6.80844991615993,True,pass,False,,0.513,0.849,0.9675,0.5005,0.5615,0.779,0.0895,0.027,0.645875,0.5723999999999999,8.067975826315399,216,0.0,7.120329916159929,0,209,0,7,review
C=CC(=O)Nc1cccc(Oc2nc(Nc3ccc(N4CCN(C(=O)CC)CC4)cc3OC)ncc2SC)c1,7.615411302059655,0.007987193444021866,0.26933589415163056,548.6690000000003,4.926100000000004,108.91999999999999,2,9,4,10,0.2857142857142857,1,0.5,4.124460000000002,False,,0,,0,,1,acrylamide_like,1.0,0.8761785022150969,1.0,0.27450980392156865,Osimertinib,0.0,0.7254901960784313,0.5232617901040986,0.3895016648603199,0.92,0.9313725490196079,0.3895016648603199,0.6910340009960065,0.9313725490196079,0.541870884159288,0.45812911584071203,-0.2236962811892107,7.603430511893623,-1.0707616772769413,-0.0,0.2676470588235294,6.800315893440211,0.0,0.0,0.0,0.30233860519911,0.1,0.40233860519911,0.0,low,,6.397977288241101,True,pass,False,,0.693,0.286,0.325,0.5005,0.5615,0.767,0.8915,0.87,0.5179,0.59885,7.421795893440211,377,0.0,7.116597288241101,0,210,0,167,advance
C=CC(=O)Nc1cc2c(Nc3ccc(Br)c(F)c3)ncnc2cc1OCCNC(=O)CN(C)C,7.624156940948277,0.014088156369015465,0.2717815831211936,531.3860000000002,3.456100000000002,108.48,3,7,3,10,0.21739130434782608,1,0.5,3.8092400000000013,False,,0,,0,,1,acrylamide_like,1.0,0.8395675675675676,1.0,0.5569620253164557,Osimertinib,0.0,0.44303797468354433,0.5211775257787584,0.4029706399474257,0.92,0.8607594936708861,0.4029706399474257,0.6762269148492676,0.92,0.5170293600525744,0.4829706399474256,-0.20673251876067877,7.603024706394754,-1.0278652864440239,-0.0,0.18291139240506332,6.758070812355792,0.0,0.0,0.0,0.271286700065718,0.1,0.37128670006571796,0.0,low,,6.386784112290075,True,pass,False,,0.7,0.293,0.426,0.5005,0.5615,0.82,0.8915,0.584,0.5376,0.6031,7.403190812355792,385,0.0,7.110504112290075,0,211,0,174,advance
S=C(NCc1ccc(Cl)cc1)Nc1ccc2ncnc(Nc3cccc(Br)c3)c2c1,7.446069586438718,0.010659365072024531,0.281679119232551,498.8370000000001,6.275900000000003,61.870000000000005,3,4,4,5,0.045454545454545456,1,0.45,3.292246666666667,False,,1,thiourea,0,,0,,1.0,0.8274112004148302,1.0,0.32051282051282054,Sunvozertinib,0.0,0.6794871794871795,0.47905584105926224,0.4282986437830313,0.88,0.9198717948717949,0.4282986437830313,0.6768065699285222,0.9198717948717949,0.49157315108876365,0.5084268489112364,-0.26366763849234653,7.430080538830681,-0.9076124262219946,-0.2,0.25384615384615383,6.5763142664548395,0.0,0.0,0.0,0.2394664388609546,0.0,0.2394664388609546,0.0,low,,6.336847827593885,True,pass,False,,0.622,0.32,0.585,0.5005,0.5615,0.859,0.8915,0.747,0.53175,0.6116999999999999,7.214414266454839,433,0.0,7.070887827593885,0,212,0,221,advance
CCOc1cc2ncc(C#N)c(Nc3ccc(Cl)c(F)c3)c2cc1NC(=O)/C=C/CN(C)C,7.121255522438284,0.006151887130013956,0.44792324774633824,467.93200000000024,5.097580000000004,90.27999999999999,2,6,3,8,0.20833333333333334,1,0.45,3.1862133333333347,False,,0,,0,,1,acrylamide_like,1.0,0.8488309501385528,1.0,0.37777777777777777,Osimertinib,0.0,0.6222222222222222,0.4010075596185613,0.5238111195938193,0.92,0.9055555555555556,0.4010075596185613,0.687593558691984,0.92,0.5189924403814388,0.48100755961856123,-0.38211466543123035,7.112027691743263,-0.7091754189203286,-0.0,0.23666666666666664,6.639518939489601,0.0,0.0,0.0,0.27374055047679846,0.1,0.37374055047679844,0.0,low,,6.2657783890128025,True,pass,False,,0.499,0.612,0.616,0.5005,0.5615,0.816,0.8915,0.921,0.53945,0.6261,7.2868589394896,406,0.0,7.017098389012802,0,213,0,193,advance
C=CC(=O)Nc1cccc(-c2c(-c3ccccc3)oc3ncnc(N[C@H](CO)C(C)C)c23)c1,7.2651530545021386,0.006710744326144234,0.32796761253168655,442.5190000000002,5.1101000000000045,100.28000000000002,3,6,4,8,0.19230769230769232,1,0.45,3.566793333333335,False,,0,,0,,1,acrylamide_like,1.0,0.8434954751131223,1.0,0.26436781609195403,Sunvozertinib,0.0,0.735632183908046,0.4365907425972337,0.4431978279180686,0.92,0.9339080459770115,0.4365907425972337,0.6834241541230786,0.9339080459770115,0.4973173033797778,0.5026826966202222,-0.32911121536779303,7.255086938012922,-0.8878206182375444,-0.0,0.2706896551724138,6.637955974947792,0.0,0.0,0.0,0.24664662922472227,0.1,0.3466466292247223,0.0,low,,6.29130934572307,True,pass,False,,0.555,0.412,0.506,0.5005,0.5615,0.847,0.8915,0.906,0.50815,0.6042500000000001,7.247735974947791,418,0.0,7.01640934572307,0,214,0,204,advance
C=CC(=O)Nc1cc2c(Nc3ccc(Br)cc3F)ncnc2cc1OCCNS(C)(=O)=O,7.438427494412773,0.008880688105321688,0.290054957519198,524.3720000000002,3.3275000000000015,122.31,3,7,3,9,0.15,1,0.5,3.6624800000000013,False,,0,,0,,1,acrylamide_like,1.0,0.8482489513218223,1.0,0.5128205128205128,Osimertinib,0.0,0.4871794871794872,0.47839039192946803,0.41866561125094354,0.92,0.8717948717948718,0.41866561125094354,0.6722127187438208,0.92,0.5013343887490564,0.49866561125094355,-0.2584297690858037,7.42510646225479,-0.9943170424808022,-0.0,0.19615384615384618,6.626943265927834,0.0,0.0,0.0,0.25166798593632056,0.1,0.35166798593632054,0.0,low,,6.275275279991513,True,pass,False,,0.621,0.335,0.481,0.5005,0.5615,0.844,0.8915,0.832,0.5187,0.606,7.249383265927834,417,0.0,7.002475279991513,0,215,0,202,advance
C=CC(=O)Nc1cc2c(Nc3ccc(Br)cc3F)ncnc2cc1OCCNC(=O)C(C)C,7.435055362507694,0.015688405406391482,0.2848531960006131,516.3710000000002,4.550500000000004,105.24000000000001,3,6,3,9,0.21739130434782608,1,0.5,3.6091400000000013,False,,0,,0,,1,acrylamide_like,1.0,0.8918689615800671,1.0,0.5063291139240507,Osimertinib,0.0,0.49367088607594933,0.47278195684244956,0.4178561808772603,0.92,0.8734177215189873,0.4178561808772603,0.6710139648096742,0.92,0.5021438191227398,0.49785618087726025,-0.26430934395629974,7.411522754398107,-0.9847786735646046,-0.0,0.1981012658227848,6.624845346656287,0.0,0.0,0.0,0.2526797739034247,0.1,0.35267977390342475,0.0,low,,6.272165572752862,True,pass,False,,0.618,0.327,0.496,0.5005,0.5615,0.841,0.8915,0.522,0.518,0.5896,7.246445346656287,419,0.0,6.979685572752862,0,216,0,203,advance
C=CC(=O)Nc1cccc(-n2c(=O)cc(C(F)(F)F)c3cnc(Nc4ccc(N5CCN(C)CC5)cc4OC)nc32)c1,7.48392746390067,0.02165222685778638,0.3102341264189037,579.5830000000002,4.428000000000003,104.61999999999999,2,8,5,7,0.2413793103448276,1,0.5,4.230553333333335,False,,0,,0,,1,acrylamide_like,1.0,0.8656120779413952,1.0,0.3,Osimertinib,0.0,0.7,0.4808253071747171,0.40791517978680725,0.92,0.925,0.40791517978680725,0.6834351217403811,0.925,0.5170848202131928,0.4829151797868072,-0.2701464194208854,7.45144912361399,-1.0502109425466137,-0.0,0.25999999999999995,6.661238181067376,0.0,0.0,0.0,0.271356025266491,0.1,0.37135602526649103,0.0,low,,6.2898821558008855,True,pass,False,,0.636,0.367,0.299,0.5005,0.5615,0.819,0.8915,0.338,0.50455,0.5699,7.266698181067376,411,0.0,6.973762155800886,0,217,0,194,advance
C=CC(=O)N1CCOc2ccc(Nc3nc(Nc4ccc(N5CCOCC5)nc4)ncc3C(C)=O)cc21,7.19868798845985,0.014349111010411288,0.36827289174523986,501.5470000000004,3.309400000000002,121.81,2,10,5,7,0.2692307692307692,1,0.5,3.7103133333333362,False,,0,,0,,1,acrylamide_like,1.0,0.7811467811467812,1.0,0.23655913978494625,Sunvozertinib,0.0,0.7634408602150538,0.4146276194076745,0.4598457314855229,0.92,0.9408602150537635,0.4146276194076745,0.6838333914867403,0.9408602150537635,0.5262325956460889,0.47376740435391107,-0.3589410294387542,7.1771643219442325,-0.9113510313316836,-0.0,0.2790322580645161,6.544845548677065,0.0,0.0,0.0,0.28279074455761116,0.1,0.3827907445576112,0.0,low,,6.162054804119454,True,pass,False,,0.534,0.474,0.462,0.5005,0.5615,0.8,0.8915,0.575,0.5045,0.5816000000000001,7.150245548677065,444,0.0,6.859974804119454,0,218,0,226,advance
C=CC(=O)Nc1cccc(Oc2nc(Nc3ccc(N4CCN(C(=O)OC)CC4)cc3OC)ncc2C(F)(F)F)c1,7.890118845350107,0.006153548490506491,0.35756965647484074,572.5440000000006,5.052800000000004,118.14999999999999,2,9,4,8,0.25925925925925924,2,0.95,4.08362666666667,False,,0,,0,,1,acrylamide_like,1.0,0.9075273475952139,1.0,0.29292929292929293,Osimertinib,0.0,0.7070707070707071,0.5932222273941723,0.38960074695859814,0.92,0.9267676767676768,0.38960074695859814,0.7073976627801118,0.9267676767676768,0.5371669298090787,0.46283307019092135,-0.1522339138479194,7.880888522614348,-1.679048417599234,-0.0,0.26212121212121214,6.4639613171363255,0.0,0.0,0.0,0.2964586622613483,0.1,0.3964586622613483,0.0,low,,6.0675026548749775,True,pass,False,,0.767,0.456,0.333,0.5005,0.5615,0.782,0.8915,0.92,0.5864,0.6513500000000001,7.167641317136326,439,0.0,6.849122654874978,0,219,0,220,advance
Nc1ncnc(Nc2ccc(OCc3ccccc3)c(Cl)c2)c1-c1nnc(CCN2CCOCC2)o1,7.353006520607745,0.017880726173957088,0.34359591014842067,507.9820000000004,3.959500000000003,124.45,2,10,5,9,0.28,1,0.5,3.9532133333333364,False,,1,aniline,0,,0,,1.0,0.6595571792464627,0.9264675986299321,0.3956043956043956,Dacomitinib,0.0,0.6043956043956045,0.4507351218301663,0.4369310839149646,0.88,0.8459496000713502,0.4369310839149646,0.6534039514541203,0.88,0.4430689160850354,0.5569310839149646,-0.27022510616527207,7.3261854313468096,-0.9713860898515798,-0.2,0.21293558097616433,6.367734922471394,0.0,0.0,0.0,0.17883614510629425,0.0,0.17883614510629425,0.0,low,,6.188898777365099,True,pass,False,,0.588,0.434,0.378,0.5005,0.087,0.911,0.8915,0.446,0.5082,0.5406,6.977574922471394,498,0.0,6.837618777365099,0,220,0,278,advance
C=CC(=O)Nc1cc2c(Nc3ccc(Br)cc3F)ncnc2cc1OCCNC(=O)C1CCCN1C,7.511684874387717,0.01973778998813809,0.26986897676304133,557.4240000000001,3.9887000000000024,108.48,3,7,4,9,0.28,1,0.5,4.432826666666667,False,,0,,0,,1,acrylamide_like,1.0,0.8406647346406382,1.0,0.4659090909090909,Osimertinib,0.0,0.5340909090909092,0.4891047656052325,0.37793460388633937,0.92,0.8835227272727273,0.37793460388633937,0.6676405241910748,0.92,0.5420653961136607,0.45793460388633933,-0.23804767811445626,7.4820781894055095,-1.1170550232369587,-0.0,0.21022727272727276,6.575250438895823,0.0,0.0,0.0,0.30258174514207586,0.1,0.4025817451420759,0.0,low,,6.172668693753748,True,pass,False,,0.647,0.288,0.248,0.5005,0.5615,0.766,0.8915,0.383,0.48605,0.5531999999999999,7.158510438895823,442,0.0,6.836508693753747,0,221,0,221,advance
C=CC(=O)Nc1ccc(OC)c(Nc2cc(-c3c(-c4ccc(F)cc4)nc(SC)n3C)ccn2)c1,7.357098327962051,0.04030819452817595,0.23740478690142836,489.5760000000001,5.8868000000000045,81.07000000000001,2,6,4,8,0.11538461538461539,1,0.45,3.5305066666666667,False,,0,,0,,1,acrylamide_like,1.0,0.7928100203292019,1.0,0.34065934065934067,Osimertinib,0.0,0.6593406593406593,0.4360588458207896,0.39478391484706765,0.92,0.9148351648351648,0.39478391484706765,0.6664194813757555,0.92,0.5252160851529324,0.4747839148470676,-0.3071475140732879,7.296636036169787,-0.9806327515601101,-0.0,0.24780219780219775,6.563805482411874,0.0,0.0,0.0,0.2815201064411655,0.1,0.3815201064411655,0.0,low,,6.182285375970709,True,pass,False,,0.591,0.216,0.515,0.5005,0.5615,0.8025,0.8915,0.072,0.48650000000000004,0.5404,7.147605482411874,445,0.0,6.830765375970709,0,222,0,223,advance
C=CC(=O)Nc1cccc(Oc2nc(Nc3ccc(N4CCOCC4)cc3OC)ncc2C(F)(F)F)c1,7.667720336649495,0.005042316454754783,0.4047656259544681,515.4920000000003,5.001000000000004,97.84,2,8,4,8,0.24,2,0.95,3.703280000000002,False,,0,,0,,1,acrylamide_like,1.0,0.871222817267121,1.0,0.29292929292929293,Osimertinib,0.0,0.7070707070707071,0.5384004626440454,0.4301872481211112,0.92,0.9267676767676768,0.4301872481211112,0.7038388468832084,0.9267676767676768,0.4965804286465656,0.5034195713534344,-0.22058451231888399,7.660156861967363,-1.5767263740455322,-0.0,0.26212121212121214,6.345551700043043,0.0,0.0,0.0,0.245725535808207,0.1,0.345725535808207,0.0,low,,5.999826164234836,True,pass,False,,0.711,0.54,0.467,0.5005,0.5615,0.85,0.8915,0.953,0.5981000000000001,0.669,7.0632717000430425,474,0.0,6.8026261642348365,0,223,0,251,advance
C=CC(=O)Nc1cc2c(Nc3ccc(Br)cc3F)ncnc2cc1OCCNC(=O)C(C)N(C)C,7.4273806975030725,0.014669289298319883,0.26252931254690653,545.4130000000001,3.8446000000000025,108.48,3,7,3,10,0.25,1,0.5,4.2527533333333345,False,,0,,0,,1,acrylamide_like,1.0,0.8749542735867258,1.0,0.4819277108433735,Osimertinib,0.0,0.5180722891566265,0.4715766718669442,0.3808236860033627,0.92,0.8795180722891567,0.3808236860033627,0.662979607539866,0.92,0.5391763139966373,0.46082368600336265,-0.25520391423056243,7.4053767635555925,-1.1003836874530937,-0.0,0.20542168674698796,6.510414762849487,0.0,0.0,0.0,0.2989703924957967,0.1,0.3989703924957967,0.0,low,,6.11144437035369,True,pass,False,,0.615,0.274,0.297,0.5005,0.5615,0.776,0.8915,0.554,0.47619999999999996,0.5559499999999999,7.081854762849487,468,0.0,6.778584370353689,0,224,0,244,advance
C=CC(=O)Nc1cccc(NC(=O)Nc2ccnc(Nc3ccc(N4CCC(N(C)C)CC4)cc3OC)n2)c1,7.217649224381842,0.010019198407081275,0.2977310593594332,530.6330000000004,4.527700000000004,123.75,4,8,4,9,0.2857142857142857,1,0.5,3.9042200000000027,False,,0,,0,,1,acrylamide_like,1.0,0.8501768190575654,1.0,0.2916666666666667,Osimertinib,0.0,0.7083333333333333,0.42239886721050357,0.4135897749553805,0.92,0.9270833333333333,0.4135897749553805,0.6707679938748043,0.9270833333333333,0.5134935583779527,0.48650644162204726,-0.331158835552401,7.20262042677122,-1.0093305120691387,-0.0,0.26249999999999996,6.455789914702081,0.0,0.0,0.0,0.2668669479724409,0.1,0.3668669479724409,0.0,low,,6.0889229667296405,True,pass,False,,0.545,0.35,0.388,0.5005,0.5615,0.825,0.8915,0.78,0.47355,0.5716500000000001,7.024049914702081,486,0.0,6.77490296672964,0,225,0,261,advance
C=CC(=O)Nc1cccc(Nc2nc(Nc3ccc(OCCn4ccnc4)cc3)ncc2Cl)c1,7.113649572350603,0.012171309710506424,0.2764518431400207,475.94000000000017,5.017200000000003,105.99000000000001,3,7,4,10,0.08333333333333333,1,0.45,3.6396000000000015,False,,0,,0,,1,acrylamide_like,1.0,0.8186143641285651,1.0,0.3333333333333333,Sunvozertinib,0.0,0.6666666666666667,0.3948924762902963,0.412063898342396,0.92,0.9166666666666667,0.3948924762902963,0.6609057603248398,0.92,0.5251075237097038,0.4748924762902962,-0.3546843787127247,7.095392607784843,-0.9611548235266463,-0.0,0.25,6.384237784258197,0.0,0.0,0.0,0.28138440463712977,0.1,0.38138440463712975,0.0,low,,6.002853379621067,True,pass,False,,0.495,0.3,0.486,0.5005,0.5615,0.804,0.8915,0.678,0.45575,0.5517500000000002,6.931137784258197,508,0.0,6.664953379621068,0,226,0,282,advance
O=C1Nc2ncnc(Nc3ccc(F)c(Cl)c3)c2/C1=C/c1ccc(C(=O)NCCN2CCOCC2)[nH]1,7.075990252577507,0.012798222048518331,0.3594565557908185,511.9450000000004,2.895500000000001,124.26999999999998,4,7,5,7,0.25,1,0.5,3.779633333333336,False,,0,,0,,1,acrylamide_like,1.0,0.7272981457350512,1.0,0.4148936170212766,Dacomitinib,0.0,0.5851063829787234,0.385038807710414,0.4523305928644373,0.92,0.8962765957446809,0.385038807710414,0.6634114990798831,0.92,0.534961192289586,0.46503880771041395,-0.37116358849262543,7.05679291950473,-0.9324884442091819,-0.0,0.225531914893617,6.349836390189165,0.0,0.0,0.0,0.29370149036198256,0.1,0.39370149036198254,0.0,low,,5.956134899827183,True,pass,False,,0.481,0.459,0.439,0.5005,0.5615,0.787,0.8915,0.651,0.47419999999999995,0.5636499999999999,6.9188763901891654,513,0.0,6.632514899827183,0,227,0,286,advance
C=CC(=O)Nc1cc(Nc2nccc(NC(=O)c3cccc4ccccc34)n2)c(OC)cc1N1CCN(C)CC1,7.170868705184011,0.0136499749152378,0.28167841738735894,537.6240000000001,4.510600000000003,111.72,3,8,5,8,0.2,1,0.5,4.0508266666666675,False,,0,,0,,1,acrylamide_like,1.0,0.8012934587934588,1.0,0.3191489361702128,Osimertinib,0.0,0.6808510638297872,0.40816219385533636,0.3991221039220218,0.92,0.9202127659574468,0.3991221039220218,0.6618742659337014,0.9202127659574468,0.521090662035425,0.478909337964575,-0.3382827627711531,7.150393742811154,-1.0559455826126412,-0.0,0.2542553191489361,6.348703479347449,0.0,0.0,0.0,0.2763633275442812,0.1,0.37636332754428126,0.0,low,,5.972340151803168,True,pass,False,,0.518,0.319,0.343,0.5005,0.5615,0.809,0.8915,0.613,0.44845,0.54445,6.88684347934745,516,0.0,6.625680151803168,0,228,0,288,advance
Cc1cc(C(=O)NCCN2CCOCC2)[nH]c1/C=C1\C(=O)N(C)c2ncnc(Nc3ccc(F)c(Cl)c3)c21,7.104332891167648,0.029858853681009136,0.3947889424056135,539.9990000000001,3.228220000000002,115.48,3,7,5,7,0.3076923076923077,1,0.5,3.966660000000001,False,,0,,0,,1,acrylamide_like,1.0,0.7325717338217338,1.0,0.4166666666666667,Dacomitinib,0.0,0.5833333333333333,0.3801820252152057,0.4645700721692413,0.92,0.8958333333333333,0.3801820252152057,0.6651463576794451,0.92,0.5398179747847943,0.4601820252152057,-0.37995244328565236,7.059544610646134,-0.9194408268251558,-0.0,0.22499999999999992,6.365103783820978,0.0,0.0,0.0,0.2997724684809929,0.1,0.3997724684809929,0.0,low,,5.965331315339985,True,pass,False,,0.491,0.519,0.371,0.5005,0.5615,0.772,0.8915,0.186,0.4804999999999999,0.5440999999999999,6.941703783820978,505,0.0,6.618251315339985,0,229,0,276,advance
Cn1cnc([C@H](Nc2cc(Cl)c3ncc(C#N)c(Nc4ccc(F)c(Cl)c4)c3c2)C2=CNNN2)c1,7.5384816423024095,0.007347924285401326,0.255128812200392,510.36400000000003,4.636480000000002,114.65,5,8,5,6,0.08695652173913043,1,0.5,4.019093333333334,False,,1,hydrazine,1,hydrazine,0,,1.0,0.7846634378279947,1.0,0.26732673267326734,Dacomitinib,0.0,0.7326732673267327,0.5044768635758214,0.3857403338897028,0.7,0.9331683168316831,0.3857403338897028,0.6308463785743018,0.9331683168316831,0.5474279829419804,0.45257201705801964,-0.16849268666464046,7.5274597558743075,-1.089039535625695,-0.5,0.26980198019801976,6.208222200446633,0.0,0.0,0.0,0.30928497867747545,0.0,0.30928497867747545,0.0,low,,5.898937221769157,True,pass,False,,0.661,0.255,0.351,0.5005,0.5615,0.757,0.8915,0.888,0.5012,0.5871,6.809662200446633,556,0.0,6.6034572217691565,0,230,0,326,advance
Cc1cccc(Nc2ncnc3ccc(N(C)C(=O)N(CCCl)N=O)cc23)c1,7.3024884952346145,0.05560244276425781,0.3757567758793725,398.85400000000016,4.460220000000003,90.78999999999999,1,6,3,6,0.21052631578947367,0,0.0,2.5256933333333347,False,,2,nitroso;alkyl_halide,1,nitroso,0,,1.0,0.8028098195069788,1.0,0.32051282051282054,Afatinib,0.0,0.6794871794871795,0.4117004138736732,0.5595241754516036,0.5800000000000001,0.9198717948717949,0.4117004138736732,0.6177740960492679,0.9198717948717949,0.5081713809981218,0.49182861900187824,-0.2747649095674598,7.219084831088228,0.017955407458319684,-0.7,0.25384615384615383,6.790886392392701,0.0,0.0,0.0,0.2602142262476522,0.0,0.4477142262476522,0.25,medium,unsafe_structure_can_game_single_score,6.343172166145049,True,pass,False,,0.568,0.488,0.789,0.5005,0.5615,0.83,0.0895,0.015,0.57165,0.5214,7.476866392392701,358,0.0,6.593852166145049,0,231,0,127,review
C=CC(=O)Nc1cccc(-n2c(=O)cc(N(C)C)c3cnc(Nc4ccc(N5CCN(C)CC5)cc4OC)nc32)c1,7.141404588228857,0.023294807186411207,0.3166651887056535,554.6550000000002,3.475200000000002,107.86,2,9,5,8,0.26666666666666666,1,0.5,4.164366666666668,False,,0,,0,,1,acrylamide_like,1.0,0.8595150766959956,1.0,0.28431372549019607,Osimertinib,0.0,0.7156862745098039,0.3940447820267265,0.4139979050701607,0.92,0.928921568627451,0.3940447820267265,0.6642410639310845,0.928921568627451,0.5348767866007245,0.46512321339927554,-0.36026170920581085,7.10646237744924,-1.03132314462768,-0.0,0.2647058823529412,6.3398451151745014,0.0,0.0,0.0,0.2935959832509056,0.1,0.3935959832509056,0.0,low,,5.9462491319235955,True,pass,False,,0.506,0.387,0.311,0.5005,0.5615,0.788,0.8915,0.293,0.45185,0.5297499999999999,6.882065115174502,521,0.0,6.581949131923595,0,232,0,289,advance
N#Cc1cnc2sc3c(c2c1Nc1ccc(Cl)c(Cl)c1)CCN(C(=O)/C=C/CN1CCCOCC1)C3,7.501724776977919,0.04859594921563069,0.43629923857254677,542.4920000000002,5.381580000000006,81.49000000000001,1,7,5,5,0.34615384615384615,2,0.95,3.7832800000000013,False,,0,,0,,1,acrylamide_like,1.0,0.7099993014718248,1.0,0.2777777777777778,Erlotinib,0.0,0.7222222222222222,0.4664140297935382,0.4444538119841315,0.92,0.9305555555555556,0.4444538119841315,0.6903558493333064,0.9305555555555556,0.4861017435714241,0.5138982564285759,-0.2985890927196908,7.428830853154473,-1.5465773768120687,-0.0,0.26666666666666666,6.148920143009071,0.0,0.0,0.0,0.23262717946428013,0.1,0.3326271794642801,0.0,low,,5.81629296354479,True,pass,False,,0.644,0.598,0.437,0.5005,0.5615,0.87,0.8915,0.031,0.57505,0.6104999999999999,6.838980143009071,538,0.0,6.54889296354479,0,233,0,305,advance
CCC(=O)N1CC[C@H](N2C(=O)N(c3ccccc3Cl)Cc3cnc(Nc4ccc(N5CCN(C)CC5)c(C)c4)nc32)C1,7.736176741863822,0.010686103471758891,0.4385028055820657,589.1440000000001,4.891320000000005,88.14999999999999,1,7,6,6,0.41935483870967744,1,0.5,4.744293333333335,True,anil_di_alk_A(478),0,,0,,0,,1.0,0.9382347184582956,1.0,0.21621621621621623,Gefitinib,0.0,0.7837837837837838,0.5515639130357244,0.4587037225573156,0.75,0.9459459459459459,0.4587037225573156,0.6765533953847465,0.9459459459459459,0.4872422233886303,0.5127577766113697,-0.16665264313202954,7.720147586656184,-0.9812057105469667,-0.4,0.2851351351351351,6.624077011244353,0.0,0.0,0.0,0.23405277923578793,0.0,0.42155277923578793,0.25,medium,unsafe_structure_can_game_single_score,6.202524232008565,True,pass,False,,0.731,0.6,0.166,0.5005,0.5615,0.868,0.0895,0.745,0.57395,0.5651,7.312817011244353,402,0.0,6.505644232008565,0,234,0,168,review
CC(=O)Nc1cccc(Nc2nc3cnc(Nc4ccc(C(=O)N[N+]5=CCN(C)CC5)cc4F)nc3n2C(C)C)c1,7.473287972030138,0.031352460090493514,0.24063290989580524,559.6300000000002,3.6654000000000018,132.10999999999999,4,8,5,8,0.2857142857142857,1,0.5,4.197533333333335,False,,1,hydrazine,1,hydrazine,0,,1.0,0.6746937310259111,0.9539886018652929,0.20192307692307693,Sunvozertinib,0.0,0.7980769230769231,0.4713752709441891,0.37090451069910313,0.7,0.9150106821682005,0.37090451069910313,0.6143226159528732,0.9150106821682005,0.5441061714690973,0.45589382853090266,-0.19059646001157882,7.4262592818943975,-1.1104256615327666,-0.5,0.27792022738940014,6.093753847751032,0.0,0.0,0.0,0.3051327143363717,0.0,0.3051327143363717,0.0,low,,5.78862113341466,True,pass,False,,0.633,0.232,0.305,0.5005,0.095,0.763,0.8915,0.165,0.47709999999999997,0.48845,6.6662738477510315,608,0.0,6.37476113341466,0,235,0,373,advance
C=CC(=O)Nc1cccc(-n2c(=O)n(C(C)C)c(=O)c3cnc(Nc4ccc(N5CCN(C)CC5)c(OC)c4)nc32)c1,7.767369462897463,0.013545013818749,0.30730244056215666,570.6540000000002,3.1518000000000006,126.61999999999999,2,9,5,8,0.3,1,0.5,4.2710266666666685,True,anil_di_alk_A(478),0,,0,,1,acrylamide_like,1.0,0.8368574920801217,1.0,0.2871287128712871,Osimertinib,0.0,0.7128712871287128,0.5573608560512414,0.40474608589892974,0.67,0.9282178217821782,0.40474608589892974,0.6400811909330872,0.9282178217821782,0.5234717358832484,0.47652826411675164,-0.11029377984246125,7.74705194216934,-1.0533515594378435,-0.4,0.2638613861386138,6.5575617688701096,0.0,0.0,0.0,0.27933966985406045,0.1,0.5668396698540604,0.25,medium,unsafe_structure_can_game_single_score,5.9907220990160495,True,pass,False,,0.737,0.363,0.2905,0.5005,0.5615,0.806,0.0895,0.614,0.547925,0.5310499999999999,7.21507176887011,431,0.0,6.252982099016049,0,236,0,195,review
C=CC(=O)Nc1cc2c(Nc3ccc(Br)cc3F)ncnc2cc1OCC1CCN(C(=O)C=C)CC1,7.373869616330346,0.032124160373806894,0.3718457640624207,554.4200000000001,5.202900000000005,96.44999999999999,2,6,4,8,0.23076923076923078,2,0.95,3.9628000000000005,False,,0,,0,,1,acrylamide_like,1.0,0.8860597439544808,1.0,0.4878048780487805,Osimertinib,0.0,0.5121951219512195,0.44598049182092164,0.40209978561894677,0.92,0.8780487804878049,0.40209978561894677,0.6615322644819183,0.92,0.5179002143810533,0.48209978561894673,-0.2874023635479956,7.325683375769636,-1.6494973128606563,-0.0,0.20365853658536587,5.879844599494345,0.0,0.0,0.0,0.2723752679763166,0.1,0.3723752679763166,0.0,low,,5.5074693315180285,True,pass,False,,0.596,0.48,0.373,0.5005,0.5615,0.817,0.8915,0.156,0.52025,0.5729500000000001,6.504144599494345,657,0.0,6.195009331518029,0,237,0,420,advance
C=CC(=O)N1CCC[C@@H](n2nc(-c3cn(Cc4nc5ccc(Cl)cn5c4Br)nn3)c3c(N)ncnc32)C1,6.953971669693395,0.0264364678309412,0.31207555717091395,582.8539999999998,3.128400000000001,137.94,1,8,6,5,0.2608695652173913,1,0.5,4.602359999999999,False,,1,aniline,0,,1,acrylamide_like,1.0,0.6387617062502391,0.8886576477277073,0.15384615384615385,Osimertinib,0.0,0.8461538461538461,0.3449873899416899,0.3946277102901566,0.8,0.878031697334242,0.3449873899416899,0.6044116993915222,0.878031697334242,0.5330443073925522,0.46695569260744785,-0.34589907926644287,6.914316967946983,-1.1021914863073465,-0.2,0.27601056577808064,5.888136047417717,0.0,0.0,0.0,0.2913053842406902,0.1,0.39130538424069017,0.0,low,,5.496830663177027,True,pass,False,,0.445,0.369,0.208,0.5005,0.08,0.791,0.8915,0.239,0.40535,0.4479,6.374556047417717,692,0.0,6.034310663177028,0,238,0,454,advance
CN1CCN(c2ccc(Nc3ncc4nc(Nc5ccc(F)cc5)n(C5CCN(C(=O)CO)CC5)c4n3)cc2)CC1,7.408891071789425,0.010806474184819307,0.31361507387836707,559.6500000000002,3.3602000000000016,114.68,3,9,6,7,0.3793103448275862,1,0.5,4.297666666666668,True,anil_di_alk_A(478),0,,0,,0,,1.0,0.7927653157590097,1.0,0.21,Gefitinib,0.0,0.79,0.4696582360179827,0.40719341883823007,0.75,0.9475,0.40719341883823007,0.6435879137140532,0.9475,0.54030658116177,0.45969341883823,-0.23190623692809403,7.392681360512196,-1.0431038916388744,-0.4,0.287,6.236577468873321,0.0,0.0,0.0,0.3003832264522125,0.0,0.4878832264522125,0.25,medium,unsafe_structure_can_game_single_score,5.7486942424211085,True,pass,False,,0.609,0.3725,0.281,0.5005,0.5615,0.77,0.0895,0.738,0.4908,0.49572499999999997,6.825537468873321,549,0.0,5.968564242421109,0,239,0,310,review
Cc1cc(NC2=NC(=O)/C(=C\c3c4ccccc4cc4ccccc34)S2)no1,7.117315394622726,0.02052418794284201,0.3709830509642118,385.4480000000001,5.371820000000003,67.49000000000001,1,5,5,2,0.045454545454545456,1,0.45,2.4363200000000007,True,ene_five_het_B(90),0,,0,,1,acrylamide_like,1.0,0.6273450375004204,0.8679000681825824,0.13924050632911392,Afatinib,0.0,0.8607594936708861,0.3899619170956921,0.5103360626457011,0.67,0.8661149245546583,0.3899619170956921,0.6091032260740129,0.8661149245546583,0.4761530074589662,0.5238469925410338,-0.2921884119710943,7.0865291127084635,-0.6899194944903339,-0.4,0.2752028651469114,6.271812483365041,0.0,0.0,0.0,0.22019125932370778,0.1,0.5076912593237077,0.25,medium,unsafe_structure_can_game_single_score,5.764121224041333,True,pass,False,,0.497,0.478,0.806,0.5005,0.071,0.878,0.0895,0.362,0.54025,0.4734,6.920112483365041,511,0.0,5.9572012240413335,0,240,0,271,review
CCC(=O)N1CC[C@H](N2C(=O)N(c3cccc(F)c3)Cc3cnc(Nc4ccc(N5CCN(C)CC5)c(C)c4)nc32)C1,7.235164886255598,0.013085181069179119,0.4692617475272943,572.6890000000002,4.377020000000004,88.14999999999999,1,7,6,6,0.41935483870967744,1,0.5,4.634593333333335,True,anil_di_alk_A(478),0,,0,,0,,1.0,0.8929745560314346,1.0,0.19130434782608696,Gefitinib,0.0,0.808695652173913,0.4246315948154741,0.4798403713964221,0.75,0.9521739130434783,0.4246315948154741,0.6516614698138437,0.9521739130434783,0.5275423182280042,0.47245768177199576,-0.3027064999978262,7.21553711465183,-0.933991768601738,-0.4,0.2926086956521739,6.1741540417022645,0.0,0.0,0.0,0.2844278977850053,0.0,0.4719278977850053,0.25,medium,unsafe_structure_can_game_single_score,5.702226143917259,True,pass,False,,0.549,0.645,0.199,0.5005,0.5615,0.798,0.0895,0.634,0.506,0.5079999999999999,6.781354041702264,563,0.0,5.9368261439172585,0,241,0,322,review
CCC(=O)N1CC[C@H](N2C(=O)N(c3ccccc3OC)Cc3cnc(Nc4ccc(N5CCN(C)CC5)c(C)c4)nc32)C1,7.306803784997088,0.022315941947238734,0.4405536650090555,584.7250000000003,4.246520000000004,97.38,1,8,6,7,0.4375,1,0.5,4.814833333333335,True,anil_di_alk_A(478),0,,0,,0,,1.0,0.8999149177538287,1.0,0.226890756302521,Lazertinib,0.0,0.773109243697479,0.4360797868862049,0.45711861831908307,0.75,0.9432773109243697,0.4360797868862049,0.6466189290324145,0.9432773109243697,0.5071975240381648,0.49280247596183524,-0.2807188561949459,7.27332987207623,-0.9879213349909448,-0.4,0.2819327731092437,6.167341310194528,0.0,0.0,0.0,0.25899690504770595,0.0,0.44649690504770595,0.25,medium,unsafe_structure_can_game_single_score,5.720844405146822,True,pass,False,,0.571,0.604,0.147,0.5005,0.5615,0.833,0.0895,0.32,0.4999,0.49104999999999993,6.767221310194528,568,0.0,5.935104405146822,0,242,0,326,review
CN(C)C1CCN(c2ccc(Nc3nccc(-c4cn(C)c5ccccc45)n3)cc2NS(C)(=O)=O)CC1,7.24234811396138,0.04378075224595966,0.3762819108230937,519.6750000000002,4.280800000000003,95.38999999999999,2,7,5,7,0.3333333333333333,1,0.5,3.831166666666668,True,anil_di_alk_A(478),0,,0,,0,,1.0,0.611243420888523,0.8386244016154962,0.24074074074074073,Lazertinib,0.0,0.7592592592592593,0.40494050191817316,0.4596024868501374,0.75,0.8187831160264369,0.40494050191817316,0.6083315261986868,0.8187831160264369,0.4138426141082638,0.5861573858917362,-0.2711880323740184,7.17667698559244,-0.9150597558435731,-0.4,0.2374338781816518,6.099051107930519,0.0,0.0,0.0,0.14230326763532974,0.0,0.32980326763532974,0.25,medium,unsafe_structure_can_game_single_score,5.769247840295189,True,pass,False,,0.551,0.491,0.413,0.5005,0.065,0.942,0.0895,0.048,0.5082000000000001,0.44235,6.708891107930519,589,0.0,5.925067840295189,0,243,0,346,review
COc1cc(N(C)CCN(C)C)c([N+](=O)[O-])cc1Nc1nccc(-c2cc(F)c3c(cnn3C3CCCCO3)c2)n1,6.794052766771715,0.03544818810812746,0.208090614296733,564.6220000000002,4.9897000000000045,123.71000000000001,1,10,5,10,0.39285714285714285,1,0.5,4.7808133333333345,False,,1,nitroso,1,nitroso,0,,1.0,0.6018627112386497,0.8215685658884538,0.26956521739130435,Lazertinib,0.0,0.7304347826086957,0.29869946001723957,0.33057240196576726,0.7,0.7987851200685143,0.29869946001723957,0.5320142455128802,0.7987851200685143,0.5000856600512747,0.49991433994872525,-0.31108638066085426,6.740880484609524,-1.2197456714175527,-0.5,0.2245225762547221,5.245657389446693,0.0,0.0,0.0,0.25010707506409346,0.0,0.25010707506409346,0.0,low,,4.9955503143826,True,pass,False,,0.409,0.156,0.156,0.5005,0.064,0.846,0.8915,0.123,0.33875,0.39804999999999996,5.652157389446693,842,0.0,5.4732103143826,0,244,0,598,advance
CN1CCC(c2ccc(-c3ccc4ncn(C(C(=O)Nc5nccs5)c5ccccc5)c(=O)c4n3)cc2)CC1,8.943780155758063,0.04503097477178198,0.3300778819342919,536.6610000000001,4.952300000000004,93.01,1,7,6,6,0.23333333333333334,1,0.5,4.394406666666668,False,,0,,0,,0,,1.0,0.784707917243219,1.0,0.14545454545454545,Gefitinib,0.0,0.8545454545454545,0.8294233565992684,0.41252719403821947,1.0,0.9636363636363636,0.41252719403821947,0.8013967285684629,1.0,0.5874728059617805,0.41252719403821947,0.03736883737440733,8.87623369360039,-1.0557497847323747,-0.0,0.30636363636363634,8.126847545231652,0.0,0.0,0.0,0.3593410074522257,0.0,0.5093410074522258,0.2,low,agents_strongly_disagree,7.617506537779426,False,review,False,,0.975,0.416,0.259,0.5005,0.5615,0.684,0.4345,0.045,0.6608999999999999,0.6011,8.919927545231651,78,0.75,7.288826537779425,1,245,167,0,review
CNc1ccc2ncnc(Nc3cccc(Cl)c3)c2c1,7.3043475686977235,0.02731065041353804,0.7611138803898639,284.75000000000006,4.068500000000002,49.84,2,4,3,3,0.06666666666666667,0,0.0,1.9000000000000001,False,,0,,0,,0,,1.0,0.7939726058207008,1.0,0.36764705882352944,Osimertinib,0.0,0.6323529411764706,0.43196943688495426,0.7955357111375021,1.0,0.9080882352941176,0.43196943688495426,0.7838983458291435,1.0,0.5680305631150457,0.43196943688495426,-0.46923854525891895,7.263381593077416,0.48278054705653056,-0.0,0.23970588235294116,7.985868022486888,0.0,0.0,0.0,0.3350382038938072,0.0,0.4850382038938072,0.2,low,agents_strongly_disagree,7.500829818593081,False,review,False,,0.569,0.958,0.9475,0.5005,0.5615,0.714,0.4345,0.222,0.6898749999999999,0.6413,8.813718022486889,87,0.75,7.220389818593081,1,246,159,0,review
OCCNCc1ccc(-c2cc3nccc(Nc4ccc5[nH]ccc5c4)c3s2)cc1,8.547696984751747,0.01638204330191515,0.27382631058149587,414.5340000000001,5.270100000000003,72.97,4,5,5,7,0.125,1,0.45,3.1302266666666676,False,,0,,0,,0,,1.0,0.8592827448222604,1.0,0.15463917525773196,Osimertinib,0.0,0.845360824742268,0.7504568158765962,0.4302111374864894,1.0,0.961340206185567,0.4302111374864894,0.7855020398871632,1.0,0.5697888625135106,0.4302111374864894,-0.0467269653474226,8.523123919798874,-0.8832076894185044,-0.0,0.3036082474226804,7.94352447780305,0.0,0.0,0.0,0.3372360781418882,0.0,0.48723607814188824,0.2,low,agents_strongly_disagree,7.456288399661162,False,review,False,,0.92,0.298,0.633,0.5005,0.5615,0.712,0.4345,0.493,0.66865,0.6295000000000001,8.74590447780305,94,0.75,7.161688399661162,1,247,153,0,review
CCOc1cc2ncnc(Nc3ccccc3F)c2cc1OCC,7.306782967574263,0.023706628740146462,0.7309241603093473,327.35900000000015,4.309900000000003,56.27000000000001,1,5,3,6,0.2222222222222222,0,0.0,2.2,False,,0,,0,,0,,1.0,0.7347196518839644,1.0,0.5636363636363636,Afatinib,0.0,0.4363636363636364,0.43510110177546313,0.7673929035547564,1.0,0.8590909090909091,0.43510110177546313,0.7653962286052822,1.0,0.5648988982245369,0.43510110177546313,-0.44039350243975883,7.271223024464043,0.42314638253156944,-0.0,0.1809090909090909,7.875278497904703,0.0,0.0,0.0,0.3311236227806711,0.0,0.4811236227806711,0.2,low,agents_strongly_disagree,7.394154875124032,False,review,False,,0.57,0.935,0.8625,0.5005,0.5615,0.717,0.4345,0.28,0.672975,0.63285,8.682848497904702,103,0.75,7.103574875124033,1,248,145,0,review
NC1CCN(Cc2ccn3ncnc(Nc4ccccc4)c23)CC1,7.1810439570001705,0.019042427782230243,0.7715933639145311,322.4160000000001,2.395999999999999,71.48,2,5,4,4,0.3333333333333333,0,0.0,2.2,False,,0,,0,,0,,1.0,0.8306293706293706,1.0,0.19540229885057472,Gefitinib,0.0,0.8045977011494253,0.40693128980248144,0.7897609655376077,1.0,0.9511494252873564,0.40693128980248144,0.7869604201568614,1.0,0.5930687101975185,0.4069312898024815,-0.5067055071391733,7.152480315326825,0.47492669724786446,-0.0,0.29137931034482756,7.918786322919517,0.0,0.0,0.0,0.3663358877468981,0.0,0.5163358877468982,0.2,low,agents_strongly_disagree,7.402450435172619,False,review,False,,0.525,0.967,0.8625,0.5005,0.5615,0.667,0.4345,0.409,0.659125,0.6255999999999999,8.709736322919516,99,0.75,7.103170435172619,1,249,150,0,review
CN(CCO)Cc1ccc(-c2cc3nccc(Nc4ccc5[nH]ccc5c4)c3s2)cc1,8.437832241326667,0.017119779412003856,0.31513519243676674,428.5610000000001,5.612300000000003,64.18,3,5,5,7,0.16,1,0.45,3.2237400000000007,False,,0,,0,,0,,1.0,0.7724324324324324,1.0,0.19101123595505617,Afatinib,0.0,0.8089887640449438,0.7224742147432641,0.4493343558402217,1.0,0.952247191011236,0.4493343558402217,0.7810139403986804,1.0,0.5506656441597784,0.44933435584022163,-0.07805296754055513,8.412152572208662,-0.8524258075632334,-0.0,0.2926966292134831,7.852423393858912,0.0,0.0,0.0,0.31333205519972296,0.0,0.463332055199723,0.2,low,agents_strongly_disagree,7.389091338659188,False,review,False,,0.893,0.379,0.604,0.5005,0.5615,0.754,0.4345,0.467,0.66835,0.63355,8.654443393858912,106,0.75,7.099351338659189,1,250,144,0,review
Fc1ccc(Nc2ncnc3ccc4c(c23)OCCN4)cc1Cl,7.230327088732695,0.021826921122058803,0.7442361830556852,330.75,3.970200000000001,59.07000000000001,2,5,4,2,0.125,0,0.0,2.0,False,,0,,0,,0,,1.0,0.7145493479989653,1.0,0.4,Sunvozertinib,0.0,0.6,0.41730292739773256,0.7824068237575499,1.0,0.9,0.41730292739773256,0.7749274377888206,1.0,0.5826970726022674,0.41730292739773256,-0.4768326805214508,7.197586707049607,0.4567361830556852,-0.0,0.22999999999999998,7.884322890105292,0.0,0.0,0.0,0.35337134075283433,0.0,0.5033713407528344,0.2,low,agents_strongly_disagree,7.380951549352457,False,review,False,,0.548,0.946,0.923,0.5005,0.5615,0.693,0.4345,0.332,0.67435,0.63415,8.693542890105292,102,0.75,7.091931549352457,1,251,149,0,review
OCc1ccc(-c2cc3c(NCc4ccccc4)ncnc3s2)cc1,7.3234112339356825,0.0184764713936767,0.5594104147193818,347.44300000000004,4.4627000000000026,58.04,2,5,4,5,0.1,0,0.0,2.3,False,,0,,0,,0,,1.0,0.7258567577974586,1.0,0.20270270270270271,Afatinib,0.0,0.7972972972972973,0.44291927850834695,0.6692141896341215,1.0,0.9493243243243243,0.44291927850834695,0.7653644481166981,1.0,0.5570807214916531,0.4429192785083469,-0.4299268928111349,7.295696526845167,0.22441041471938183,-0.0,0.2891891891891892,7.809296130753738,0.0,0.0,0.0,0.3213509018645664,0.0,0.4713509018645664,0.2,low,agents_strongly_disagree,7.337945228889172,False,review,False,,0.576,0.765,0.842,0.5005,0.5615,0.737,0.4345,0.428,0.6386,0.6164999999999999,8.575616130753739,118,0.75,7.027745228889173,1,252,134,0,review
OCC#Cc1ccc2ncnc(Nc3ccc(F)c(Cl)c3)c2c1,7.166458650218435,0.011329495118979344,0.7071791441171912,327.74600000000004,3.5097000000000014,58.040000000000006,2,4,3,2,0.058823529411764705,0,0.0,1.8,False,,0,,0,,0,,1.0,0.8283831513576242,1.0,0.4782608695652174,Osimertinib,0.0,0.5217391304347826,0.40868401597132326,0.769717760033686,1.0,0.8804347826086957,0.40868401597132326,0.7647091396534262,1.0,0.5913159840286768,0.4086840159713232,-0.4747001649094706,7.149464407539966,0.4430614970583676,-0.0,0.20652173913043476,7.799047643728769,0.0,0.0,0.0,0.364144980035846,0.0,0.514144980035846,0.2,low,agents_strongly_disagree,7.284902663692923,False,review,False,,0.515,0.914,0.9675,0.5005,0.5615,0.674,0.4345,0.715,0.659775,0.6411499999999999,8.590777643728769,115,0.75,7.004282663692922,1,253,138,0,review
COc1ccc(N(c2nc(C)nc3oc(C)cc23)C(C)C)cc1,7.06805633365168,0.00926885783002297,0.7147431451300982,311.38500000000005,4.394740000000003,51.39,0,5,3,4,0.3333333333333333,0,0.0,2.0,False,,0,,0,,0,,1.0,0.7353006108103619,1.0,0.14473684210526316,Afatinib,0.0,0.8552631578947368,0.38552588293190393,0.7661856528984772,1.0,0.9638157894736842,0.38552588293190393,0.7788818313260163,1.0,0.6144741170680961,0.38552588293190393,-0.5244745978588164,7.054153046906645,0.4480764784634315,-0.0,0.306578947368421,7.808808472738498,0.0,0.0,0.0,0.3930926463351201,0.0,0.5430926463351201,0.2,low,agents_strongly_disagree,7.265715826403378,False,review,False,,0.478,0.921,0.923,0.5005,0.5615,0.621,0.4345,0.818,0.6378499999999999,0.6265000000000001,8.574228472738499,119,0.75,6.967515826403377,1,254,135,0,review
Cc1cccc(-c2cc(C(=O)/N=c3\[nH]c4ccccc4n3[C@H]3CC[C@@H](O)CC3)ccn2)c1,7.360826946581689,0.02671601870708211,0.5038476900411488,426.52000000000027,4.5569200000000025,83.27,2,3,5,3,0.2692307692307692,0,0.0,2.8101333333333347,False,,0,,0,,0,,1.0,0.8591908797417271,1.0,0.16822429906542055,Lazertinib,0.0,0.8317757009345794,0.44650552355046474,0.6190341782405806,1.0,0.9579439252336448,0.44650552355046474,0.7558709067561724,1.0,0.5534944764495353,0.4465055235504647,-0.4124871776076103,7.320752918521066,0.10925076696422557,-0.0,0.2995327102803738,7.729536395765666,0.0,0.0,0.0,0.31686809556191914,0.0,0.46686809556191916,0.2,low,agents_strongly_disagree,7.262668300203747,False,review,False,,0.592,0.698,0.716,0.5005,0.5615,0.744,0.4345,0.234,0.6134999999999999,0.58965,8.465736395765665,136,0.75,6.920248300203747,1,255,119,0,review
CN(C)C1CCN(c2ccc(C(=O)N[C@@H]3[C@H]4Oc5ccc(Oc6ccnc7c6CCC(=O)N7)cc5[C@@H]34)cc2C(F)(F)F)CC1,8.62498665348556,0.011883705901196674,0.40898864324016176,607.6330000000004,4.9646000000000035,96.03,2,7,7,6,0.40625,1,0.5,5.7675533333333355,False,,0,,0,,0,,1.0,0.8812260536398467,1.0,0.192,Lazertinib,0.0,0.808,0.7729280692405525,0.4031147794231146,1.0,0.952,0.4031147794231146,0.7820107121659168,1.0,0.5968852205768854,0.4031147794231146,-0.012110190567152346,8.607161094633765,-1.1655193567598385,-0.0,0.2924,7.734041737873927,0.0,0.0,0.0,0.3711065257211068,0.0,0.5211065257211068,0.2,low,agents_strongly_disagree,7.21293521215282,False,review,False,,0.94,0.547,0.035,0.5005,0.5615,0.659,0.4345,0.686,0.6377499999999999,0.6174,8.499341737873927,130,0.75,6.90381521215282,1,256,126,0,review
CN1CCC(Oc2ccc(C(=O)N[C@@H]3[C@H]4Oc5ccc(Oc6ccnc7c6CCC(=O)N7)cc5[C@@H]34)cc2C(F)(F)F)CC1,8.60955442604172,0.02535609227500411,0.41848785004886346,594.5900000000003,4.907200000000004,102.02000000000001,2,7,7,6,0.3870967741935484,1,0.5,5.680600000000002,False,,0,,0,,0,,1.0,0.8406300831557305,1.0,0.13934426229508196,Gefitinib,0.0,0.860655737704918,0.7596393419179271,0.41168370214225947,1.0,0.9651639344262295,0.41168370214225947,0.784121744621604,1.0,0.5883162978577405,0.41168370214225947,-0.03264320360490258,8.571520287629214,-1.144892472531782,-0.0,0.3081967213114753,7.734824536408907,0.0,0.0,0.0,0.36039537232217567,0.0,0.5103953723221757,0.2,low,agents_strongly_disagree,7.2244291640867315,False,review,False,,0.936,0.56,0.042,0.5005,0.5615,0.682,0.4345,0.254,0.6396,0.59955,8.502344536408907,129,0.75,6.8938891640867315,1,257,128,0,review
Cc1ccc(Nc2ncnn3ccc(CN4CCC(N)CC4)c23)cc1,7.036353588806875,0.017910234869240753,0.7663711485884525,336.4430000000001,2.7044200000000007,71.48,2,5,4,4,0.3684210526315789,0,0.0,2.2,False,,0,,0,,0,,1.0,0.8089695392326972,1.0,0.21839080459770116,Gefitinib,0.0,0.7816091954022988,0.3715512327932503,0.7868887471082642,1.0,0.9454022988505747,0.3715512327932503,0.7759605696880223,1.0,0.6284487672067497,0.3715512327932503,-0.5392124491930294,7.009488236503014,0.47321325385161034,-0.0,0.2844827586206896,7.767184248975314,0.0,0.0,0.0,0.41056095900843714,0.0,0.5605609590084372,0.2,low,agents_strongly_disagree,7.206623289966877,False,review,False,,0.472,0.962,0.8625,0.5005,0.5615,0.597,0.4345,0.444,0.634275,0.6036999999999999,8.528314248975313,126,0.75,6.881063289966876,1,258,132,0,review
Cc1nn(C)cc1-c1cc(C(=O)/N=c2\[nH]c3ccccc3n2C2CCCC2)ccn1,7.208325223134293,0.01387286822065361,0.565729585019554,400.4860000000002,3.929520000000003,80.86,1,3,5,3,0.30434782608695654,0,0.0,2.6365733333333345,False,,0,,0,,0,,1.0,0.781841432225064,1.0,0.15454545454545454,Lazertinib,0.0,0.8454545454545455,0.4173702980291156,0.659744605094088,1.0,0.9613636363636364,0.4173702980291156,0.75961963487171,1.0,0.5826297019708844,0.4173702980291156,-0.45633244912345916,7.187515920803312,0.20067836762824942,-0.0,0.30363636363636365,7.691830652067925,0.0,0.0,0.0,0.35328712746360547,0.0,0.5032871274636055,0.2,low,agents_strongly_disagree,7.18854352460432,False,review,False,,0.541,0.774,0.768,0.5005,0.5615,0.694,0.4345,0.596,0.61355,0.60405,8.428090652067926,143,0.75,6.86340352460432,1,259,116,0,review
COc1cc2ncnc(Nc3ccc(F)c(Cl)c3)c2c2c1OCCO2,7.0761783780196,0.013318622553143793,0.7617449044319509,361.7600000000002,3.945700000000002,65.50000000000001,1,6,4,3,0.17647058823529413,0,0.0,2.1784000000000017,False,,0,,0,,0,,1.0,0.8365738302537267,1.0,0.5352112676056338,Dacomitinib,0.0,0.46478873239436624,0.38472155871769936,0.7851750820529575,1.0,0.8661971830985915,0.38472155871769936,0.759023455967312,1.0,0.6152784412823007,0.3847215587176993,-0.49906919633281693,7.0562004441898845,0.45263196325548005,-0.0,0.18943661971830988,7.698269027163675,0.0,0.0,0.0,0.39409805160287587,0.0,0.5440980516028759,0.2,low,agents_strongly_disagree,7.154170975560799,False,review,False,,0.482,0.959,0.875,0.5005,0.5615,0.618,0.4345,0.624,0.64005,0.6185999999999999,8.466329027163674,135,0.75,6.8464909755607986,1,260,125,0,review
COc1cc(NC(=O)Nc2ccccn2)cc(-c2c[nH]cn2)c1OC,7.132242854276088,0.017816801909599445,0.6627788908367291,339.3550000000001,3.1329000000000002,101.16,3,5,3,5,0.11764705882352941,0,0.0,2.1,False,,0,,0,,0,,1.0,0.6515591321274272,0.9119256947771402,0.20689655172413793,Osimertinib,0.0,0.7931034482758621,0.39558895223230234,0.7337591591909702,1.0,0.8822201331518207,0.39558895223230234,0.7528920611437733,1.0,0.6044110477676976,0.3955889522323024,-0.47640414521529467,7.105517651411689,0.3595435967190821,-0.0,0.2659124581770437,7.730973706307815,0.0,0.0,0.0,0.380513809709622,0.0,0.530513809709622,0.2,low,agents_strongly_disagree,7.200459896598193,False,review,False,,0.504,0.879,0.894,0.5005,0.084,0.645,0.4345,0.447,0.6367999999999999,0.5612,8.495133706307815,131,0.75,6.823899896598194,1,261,130,0,review
c1ccc(NCCN(c2cc3ncnc(Nc4ccc5[nH]ccc5c4)c3s2)n2cccc2)cc1,8.542822737697692,0.0321228704889226,0.25328628436999395,465.5860000000001,6.099500000000004,73.80000000000001,3,6,6,8,0.07692307692307693,1,0.45,3.770573333333334,False,,0,,0,,0,,1.0,0.6690342550303381,0.9436986455097055,0.22988505747126436,Afatinib,0.0,0.7701149425287357,0.7382196750821772,0.3942854051214454,1.0,0.9003027197644631,0.3942854051214454,0.7582019499920214,1.0,0.6057145948785546,0.3942854051214454,-0.026643033213125555,8.494638431964308,-1.0046074079376983,-0.0,0.2669591441360471,7.756990168162657,0.0,0.0,0.0,0.3821432435981933,0.0,0.5321432435981933,0.2,low,agents_strongly_disagree,7.2248469245644635,False,review,False,,0.918,0.249,0.442,0.5005,0.093,0.642,0.4345,0.157,0.6293,0.5317999999999999,8.512150168162657,127,0.75,6.813006924564464,1,262,135,0,review
COc1cc2ncnc(Nc3cccc(C#CCCO)c3)c2cc1OC,7.112411087032365,0.03566242508046645,0.6894091866137548,349.3900000000001,3.124500000000002,76.50000000000001,2,6,3,5,0.2,0,0.0,2.1,False,,0,,0,,0,,1.0,0.8313270155667493,1.0,0.41333333333333333,Gefitinib,0.0,0.5866666666666667,0.3781390742017648,0.7484058218683345,1.0,0.8966666666666667,0.3781390742017648,0.7558028906841914,1.0,0.6218609257982353,0.37813907420176474,-0.5035517553099023,7.058917449411665,0.39440918661375485,-0.0,0.22599999999999998,7.67932663602542,0.0,0.0,0.0,0.4023261572477941,0.0,0.5523261572477941,0.2,low,agents_strongly_disagree,7.127000478777626,False,review,False,,0.493,0.904,0.894,0.5005,0.5615,0.607,0.4345,0.121,0.63685,0.5892999999999999,8.44354663602542,141,0.75,6.784160478777626,1,263,122,0,review
O=C1COc2cc3ncnc(Nc4cccc(Br)c4)c3cc2N1CCCN1CCCCC1,7.346380081856644,0.01857770049845693,0.5320374355356072,496.40900000000045,4.737300000000004,70.58999999999999,1,6,5,6,0.375,0,0.0,3.576060000000003,False,,0,,0,,0,,1.0,0.8742198100407055,1.0,0.34444444444444444,Dacomitinib,0.0,0.6555555555555556,0.44859063011524114,0.6050798203138146,1.0,0.9138888888888889,0.44859063011524114,0.7418898348294861,1.0,0.5514093698847589,0.44859063011524114,-0.39106560628566,7.318513531108959,0.033128435535606765,-0.0,0.24666666666666665,7.598308633311233,0.0,0.0,0.0,0.3142617123559486,0.0,0.4642617123559486,0.2,low,agents_strongly_disagree,7.134046920955284,False,review,False,,0.584,0.736,0.505,0.5005,0.5615,0.751,0.4345,0.424,0.58585,0.5820499999999998,8.301328633311233,165,0.75,6.782506920955284,1,264,99,0,review
Cc1cccc(Nc2ncnc3cnc(Cl)nc23)c1,6.985935350387075,0.029216836467413024,0.7256571340036955,271.71100000000007,3.1252200000000014,63.59,1,5,3,2,0.07692307692307693,0,0.0,1.8,False,,0,,0,,0,,1.0,0.7796687370600414,1.0,0.29411764705882354,Sunvozertinib,0.0,0.7058823529411764,0.3510320520695797,0.7798806544712633,1.0,0.9264705882352942,0.3510320520695797,0.7643458236940344,1.0,0.6489679479304202,0.35103205206957977,-0.5510850288326061,6.942110095685956,0.4633494416960031,-0.0,0.2617647058823529,7.667224243264312,0.0,0.0,0.0,0.4362099349130253,0.0,0.5862099349130253,0.2,low,agents_strongly_disagree,7.081014308351286,False,review,False,,0.456,0.932,0.9675,0.5005,0.5615,0.557,0.4345,0.195,0.6368250000000001,0.58845,8.431414243264312,142,0.75,6.737154308351287,1,265,123,0,review
C[C@@H](Nc1ncnc2[nH]c(-c3ccc(O)cc3)cc12)c1ccc(F)cc1,7.23003540498558,0.030603349354615585,0.5020954472034003,348.3810000000001,4.642700000000002,73.83,3,4,4,4,0.1,0,0.0,2.55,False,,0,,0,,0,,1.0,0.8610430839002268,1.0,0.19736842105263158,Afatinib,0.0,0.8026315789473684,0.41108650669816416,0.6280755728849472,1.0,0.950657894736842,0.41108650669816416,0.7474549935799883,1.0,0.5889134933018358,0.41108650669816416,-0.4484913158424322,7.184130380953657,0.12959544720340033,-0.0,0.2907894736842105,7.604515301841268,0.0,0.0,0.0,0.3611418666272948,0.0,0.5111418666272949,0.2,low,agents_strongly_disagree,7.093373435213973,False,review,False,,0.547,0.694,0.782,0.5005,0.5615,0.68,0.4345,0.178,0.6023499999999999,0.57295,8.327335301841268,163,0.75,6.7309134352139735,1,266,103,0,review
COc1cc2ncnc(Nc3cc(Br)cc(Br)c3)c2cc1OC,7.1893016862991574,0.03565039175621098,0.6262278248292079,439.10700000000014,4.915600000000002,56.27000000000001,1,5,3,4,0.125,0,0.0,2.5940466666666677,False,,0,,0,,0,,1.0,0.8013553113553114,1.0,0.4307692307692308,Gefitinib,0.0,0.5692307692307692,0.3973701473454417,0.6946542780150387,1.0,0.8923076923076922,0.3973701473454417,0.7460830294170432,1.0,0.6026298526545584,0.3973701473454416,-0.46495050942880206,7.135826098664841,0.24962082482920778,-0.0,0.22076923076923077,7.60621615426328,0.0,0.0,0.0,0.37828731581819797,0.0,0.528287315818198,0.2,low,agents_strongly_disagree,7.077928838445082,False,review,False,,0.528,0.852,0.776,0.5005,0.5615,0.649,0.4345,0.122,0.6244999999999999,0.5844499999999999,8.35561615426328,157,0.75,6.7292688384450825,1,267,110,0,review
C#Cc1cc(Nc2ncnc3cc(OC)c(OC)cc23)ccc1F,7.004654844647439,0.03327743476273136,0.744696458691166,323.327,3.511000000000002,56.27000000000001,1,5,3,4,0.1111111111111111,0,0.0,2.0,False,,0,,0,,0,,1.0,0.7486021505376345,1.0,0.5507246376811594,Erlotinib,0.0,0.4492753623188406,0.3528695068279477,0.7826599753570644,1.0,0.8623188405797102,0.3528695068279477,0.7494620806911805,1.0,0.6471304931720523,0.3528695068279477,-0.5287900984843105,6.954738692503342,0.4558075698022771,-0.0,0.18478260869565216,7.595328871001271,0.0,0.0,0.0,0.43391311646506536,0.0,0.5839131164650654,0.2,low,agents_strongly_disagree,7.011415754536206,False,review,False,,0.462,0.947,0.923,0.5005,0.5615,0.562,0.4345,0.144,0.6358499999999999,0.586,8.35834887100127,154,0.75,6.664615754536206,1,268,114,0,review
COCCOc1cc2ncnc(Nc3cccc(OC)c3)c2c2c1OCCO2,7.082582125501446,0.015140237441360617,0.6230309292396419,383.4040000000003,3.1784000000000017,83.96000000000001,1,8,4,7,0.3,0,0.0,2.7226933333333356,False,,0,,0,,0,,1.0,0.7998891849937639,1.0,0.3493975903614458,Dacomitinib,0.0,0.6506024096385542,0.3850473651664091,0.6879480367228286,1.0,0.9126506024096386,0.3850473651664091,0.746411501074719,1.0,0.614952634833591,0.38504736516640903,-0.4818188478777466,7.059871769339405,0.24462692923964155,-0.0,0.24518072289156628,7.549679421470613,0.0,0.0,0.0,0.3936907935419887,0.0,0.5436907935419888,0.2,low,agents_strongly_disagree,7.005988627928625,False,review,False,,0.483,0.843,0.745,0.5005,0.5615,0.619,0.4345,0.544,0.5978,0.5845999999999999,8.267039421470614,168,0.75,6.657508627928625,1,269,101,0,review
CCOc1cc2ncnc(Nc3ccc(F)c(Cl)c3)c2cc1OC(=O)CSc1ncc[nH]1,7.676307557573104,0.02461885710484383,0.20959010667347794,473.9170000000002,4.985400000000003,102.02000000000001,2,8,4,8,0.14285714285714285,0,0.0,3.4261133333333342,False,,0,,0,,0,,1.0,0.7977118553960659,1.0,0.47560975609756095,Osimertinib,0.0,0.524390243902439,0.5268436894198852,0.4335009689268231,1.0,0.8810975609756098,0.4335009689268231,0.7103605548305796,1.0,0.5664990310731769,0.4335009689268231,-0.24468915388092582,7.639379271915838,-0.29004117904080784,-0.0,0.20731707317073172,7.556655166045762,0.0,0.0,0.0,0.33312378884147115,0.0,0.48312378884147117,0.2,low,agents_strongly_disagree,7.073531377204291,False,review,False,,0.714,0.16,0.547,0.5005,0.5615,0.716,0.4345,0.265,0.53545,0.5274,8.199195166045762,186,0.75,6.656411377204291,1,270,84,0,review
COc1cc(/C=C/S(=O)(=O)c2ccccc2)cc(OC)c1OC,7.002324063928647,0.049554658247411155,0.811905258332886,334.39300000000014,3.157000000000002,61.83000000000001,0,5,2,6,0.17647058823529413,0,0.0,2.0,False,,0,,0,,1,vinyl_sulfone_like,1.0,0.4611030166730344,0.5656418484964262,0.16,Osimertinib,0.0,0.84,0.34089275520897394,0.8196248151600103,0.92,0.6342313863723196,0.34089275520897394,0.678687239185326,0.92,0.5791072447910262,0.42089275520897385,-0.45039264530180273,6.927992076557531,0.5295523171564155,-0.0,0.19341046212410656,7.6509548558380525,0.0,0.0,0.0,0.3488840559887827,0.1,0.5988840559887827,0.2,low,agents_strongly_disagree,7.05207079984927,False,review,False,,0.461,0.983,0.923,0.5005,0.013,0.698,0.4345,0.026,0.6426,0.5439499999999999,8.422074855838053,144,0.75,6.65481079984927,1,271,127,0,review
CNc1nc(C)c(C(=O)/C=C/c2ccc(O)cc2)s1,6.9896594144018085,0.022047811580360736,0.6640516896241225,274.345,3.094920000000001,62.22,2,5,2,4,0.14285714285714285,0,0.0,1.7999999999999998,False,,0,,0,,0,,1.0,0.582456865191106,0.7862852094383743,0.12048192771084337,Osimertinib,0.0,0.8795180722891567,0.3569813854941996,0.7459976600624982,1.0,0.8095934251510699,0.3569813854941996,0.728143117676942,1.0,0.6430186145058003,0.35698138549419967,-0.4948823095769898,6.956587697031267,0.40833740390983686,-0.0,0.26042672404634054,7.625351824987445,0.0,0.0,0.0,0.4287732681322504,0.0,0.5787732681322504,0.2,low,agents_strongly_disagree,7.046578556855194,False,review,False,,0.457,0.88,0.976,0.5005,0.053,0.569,0.4345,0.325,0.62815,0.5386500000000001,8.379131824987445,152,0.75,6.642958556855194,1,272,120,0,review
CCN(c1ccccc1)c1ncnc2cc(OC)c(OC)cc12,7.034240617529507,0.04787365095790234,0.7170814318500205,309.369,3.8050000000000024,47.480000000000004,0,5,3,5,0.2222222222222222,0,0.0,2.1,False,,0,,0,,0,,1.0,0.6778205980066445,0.9596738145575353,0.2972972972972973,Gefitinib,0.0,0.7027027027027026,0.3500485987118451,0.7636255567482806,1.0,0.8954310365938272,0.3500485987118451,0.7522762980134883,1.0,0.6499514012881549,0.3500485987118451,-0.5363035990688574,6.9624301410926535,0.4243036540722427,-0.0,0.2507292644501946,7.637463059615091,0.0,0.0,0.0,0.4374392516101936,0.0,0.5874392516101936,0.2,low,agents_strongly_disagree,7.050023808004897,False,review,False,,0.471,0.923,0.894,0.5005,0.097,0.551,0.4345,0.034,0.63075,0.52915,8.394363059615092,148,0.75,6.635003808004897,1,273,125,0,review
COc1cc2cnnc(Nc3ccc(Cl)cc3F)c2cc1OC,6.958478521426509,0.03210122663960374,0.7757387424369416,333.7500000000001,4.183100000000002,56.27000000000001,1,5,3,4,0.125,0,0.0,2.0,False,,0,,0,,0,,1.0,0.5936076484904526,0.8065593608917319,0.3150684931506849,Osimertinib,0.0,0.6849315068493151,0.3421487717089045,0.799733231417241,1.0,0.7761523973811277,0.3421487717089045,0.7295086001268183,1.0,0.6578512282910955,0.34214877170890445,-0.5164797712238849,6.910326681467103,0.48823874243694165,-0.0,0.20711929227772746,7.605684716181772,0.0,0.0,0.0,0.44731403536386943,0.0,0.5973140353638695,0.2,low,agents_strongly_disagree,7.008370680817903,False,review,False,,0.447,0.971,0.923,0.5005,0.058,0.529,0.4345,0.158,0.6338999999999999,0.53215,8.366364716181772,153,0.75,6.596950680817903,1,274,121,0,review
C=CC(=O)N1CC[C@H](Oc2cc3c(Nc4ccc(F)c(Cl)c4F)ncnc3cc2OC)C[C@H]1C(=O)NCCS(C)(=O)=O,8.5878647644838,0.008295551034188926,0.25684731179391274,624.0660000000001,3.3988000000000014,139.82,2,9,4,10,0.3333333333333333,1,0.5,5.327106666666667,False,,0,,0,,1,acrylamide_like,1.0,0.8733503295609999,1.0,0.4166666666666667,Osimertinib,0.0,0.5833333333333333,0.7661593053970178,0.33637730353793405,0.92,0.8958333333333333,0.33637730353793405,0.7295924855670712,0.92,0.583622696462066,0.416377303537934,0.048755759773262186,8.575421437932517,-1.2588853548727539,-0.0,0.22499999999999992,7.541536083059763,0.0,0.0,0.0,0.3545283705775825,0.1,0.6045283705775826,0.2,low,agents_strongly_disagree,6.937007712482181,False,review,False,,0.931,0.26,0.072,0.5005,0.5615,0.691,0.4345,0.859,0.58185,0.5871999999999999,8.239756083059763,173,0.75,6.591647712482181,1,275,102,0,review
O=C1CCc2c(Oc3ccc4c(c3)[C@H]3[C@H](NC(=O)c5ccnc(C(F)(F)F)c5)[C@H]3O4)ccnc2N1,7.236467893425642,0.01944187106593299,0.5862421224742111,482.41800000000006,3.829200000000001,102.44,2,6,6,4,0.25,0,0.0,4.532786666666667,False,,0,,0,,0,,1.0,0.8552868658131816,1.0,0.12962962962962962,Osimertinib,0.0,0.8703703703703703,0.42050766361025743,0.5980952186428674,1.0,0.9675925925925926,0.42050766361025743,0.7465488687114293,1.0,0.5794923363897426,0.4205076636102574,-0.4347216068015625,7.207305086826743,-0.06867587752578899,-0.0,0.31111111111111106,7.449740320412065,0.0,0.0,0.0,0.3493654204871783,0.0,0.4993654204871783,0.2,low,agents_strongly_disagree,6.950374899924887,False,review,False,,0.55,0.804,0.224,0.5005,0.5615,0.697,0.4345,0.394,0.542,0.54705,8.100140320412065,207,0.75,6.556834899924887,1,276,69,0,review
Cn1ncc(-c2cc(C(=O)/N=c3\[nH]c4ccccc4n3[C@H]3CC[C@@H](O)CC3)ccn2)c1Cl,7.101402552106292,0.014285859307392398,0.4972019006749499,450.9300000000003,3.6354000000000024,101.09,2,4,5,3,0.30434782608695654,0,0.0,2.9728666666666683,False,,0,,0,,0,,1.0,0.7827202018078621,1.0,0.14035087719298245,Lazertinib,0.0,0.8596491228070176,0.3903505365113982,0.6091200197301967,1.0,0.9649122807017544,0.3903505365113982,0.7410957092358373,1.0,0.6096494634886018,0.39035053651139817,-0.46766023029925213,7.079973763145203,0.08170668328364535,-0.0,0.30789473684210517,7.469575183270953,0.0,0.0,0.0,0.3870618293607523,0.0,0.5370618293607523,0.2,low,agents_strongly_disagree,6.932513353910201,False,review,False,,0.49,0.685,0.664,0.5005,0.5615,0.631,0.4345,0.58,0.5572,0.5579000000000001,8.138215183270953,199,0.75,6.551993353910201,1,277,78,0,review
COc1cc(C(=O)c2csc(-c3ccc4[nH]ccc4c3)n2)cc(OC)c1OC,7.289255395501132,0.05705047533830206,0.4858742024886352,394.45200000000017,4.548200000000004,73.44000000000001,1,6,4,6,0.14285714285714285,0,0.0,2.6963466666666682,False,,0,,0,,0,,1.0,0.4800581403553335,0.60010570973697,0.15730337078651685,Osimertinib,0.0,0.8426966292134832,0.4073785161384716,0.6135251703431084,1.0,0.6607534396060983,0.4073785161384716,0.6704142815219195,1.0,0.5926214838615285,0.40737851613847154,-0.3507143538445972,7.203679682493679,0.09570791677434931,-0.0,0.20283541619828743,7.502223015466316,0.0,0.0,0.0,0.3657768548269106,0.0,0.5157768548269106,0.2,low,agents_strongly_disagree,6.986446160639406,False,review,False,,0.563,0.673,0.751,0.5005,0.023,0.671,0.4345,0.012,0.6007,0.5084500000000001,8.223063015466316,177,0.75,6.546586160639406,1,278,101,0,review
N[C@@H]1CCN(Cc2ccn3ncnc(Nc4ccc5c(cnn5Cc5cccc(F)c5)c4)c23)C1,7.309273852192447,0.01692948259111554,0.4063165592166804,456.5290000000002,3.543000000000001,89.30000000000001,2,6,6,6,0.24,0,0.0,3.860193333333335,False,,0,,0,,0,,1.0,0.9159124839124839,1.0,0.21153846153846154,Gefitinib,0.0,0.7884615384615384,0.440467825234331,0.5250051332101999,1.0,0.9471153846153846,0.440467825234331,0.7281470857649789,1.0,0.559532174765669,0.44046782523433103,-0.38357234737419715,7.283879628305774,-0.14871244078331983,-0.0,0.2865384615384615,7.421705649060916,0.0,0.0,0.0,0.3244152184570862,0.0,0.47441521845708623,0.2,low,agents_strongly_disagree,6.947290430603831,False,review,False,,0.572,0.544,0.404,0.5005,0.5615,0.729,0.4345,0.478,0.5268999999999999,0.54005,8.053985649060916,220,0.75,6.545350430603831,1,279,59,0,review
O=C(Nc1nccs1)Nc1cc(-c2cncnc2)ccc1OC(F)(F)F,6.864044051639129,0.017091318418398026,0.7089617429985423,381.33900000000006,4.1427000000000005,89.03,2,6,3,4,0.06666666666666667,0,0.0,2.208926666666667,False,,0,,0,,0,,1.0,0.7820636523032782,1.0,0.19540229885057472,Osimertinib,0.0,0.8045977011494253,0.3290470900169037,0.7549702407004804,1.0,0.9511494252873564,0.3290470900169037,0.7587916890011851,1.0,0.6709529099830963,0.3290470900169037,-0.5729927986457085,6.838407074011532,0.3842894096652089,-0.0,0.29137931034482756,7.5140757940215686,0.0,0.0,0.0,0.4636911374788704,0.0,0.6136911374788705,0.2,low,agents_strongly_disagree,6.900384656542698,False,review,False,,0.42,0.918,0.854,0.5005,0.5615,0.503,0.4345,0.469,0.6008,0.5724999999999999,8.235035794021568,174,0.75,6.537384656542698,1,280,106,0,review
O=C(N/N=C/c1cccs1)N1CCc2ncnc(Nc3ccc(F)c(Cl)c3)c2C1,7.2222071633795455,0.033945979193695436,0.4802802160548525,430.89600000000013,4.176000000000003,82.51,2,6,4,4,0.15789473684210525,0,0.0,2.7393066666666672,False,,0,,0,,0,,1.0,0.6670404368797943,0.9400735215996259,0.3614457831325301,Sunvozertinib,0.0,0.6385542168674698,0.4067896054092996,0.6087961701122202,1.0,0.8646936954165869,0.4067896054092996,0.7200698677345266,1.0,0.5932103945907004,0.40678960540929965,-0.4177070164336361,7.171288194589002,0.08517368973906292,-0.0,0.2265846454601474,7.483046529788212,0.0,0.0,0.0,0.36651299323837544,0.0,0.5165129932383754,0.2,low,agents_strongly_disagree,6.966533536549837,False,review,False,,0.546,0.666,0.739,0.5005,0.091,0.665,0.4345,0.138,0.58985,0.5136000000000001,8.190866529788213,189,0.75,6.532853536549837,1,281,92,0,review
CC(C)Cn1/c(=N/C(=O)c2ccnc(-c3cnn(C)c3)c2)[nH]c2ccccc21,6.970333845135533,0.026093023747639662,0.5957001618913101,374.44800000000004,3.1620000000000017,80.85999999999999,1,3,4,4,0.23809523809523808,0,0.0,2.362986666666667,False,,0,,0,,0,,1.0,0.8186890224203657,1.0,0.1574074074074074,Lazertinib,0.0,0.8425925925925926,0.3493183446605355,0.6867509864761181,1.0,0.9606481481481481,0.3493183446605355,0.7491793698212004,1.0,0.6506816553394645,0.34931834466053546,-0.5331480335475534,6.931194309514074,0.2650616857008339,-0.0,0.30277777777777776,7.499033772992686,0.0,0.0,0.0,0.43835206917433067,0.0,0.5883520691743307,0.2,low,agents_strongly_disagree,6.910681703818355,False,review,False,,0.45,0.818,0.821,0.5005,0.5615,0.549,0.4345,0.247,0.5893499999999999,0.5566999999999999,8.206253772992685,182,0.75,6.528721703818355,1,282,100,0,review
C=CC(=O)N1C[C@H](COc2nc(Nc3cnn(C)c3)nc3[nH]ccc23)[C@@H](C(F)(F)F)C1,7.113207788245316,0.010955890479542162,0.5776509271612033,435.4100000000001,2.6367000000000003,100.96000000000001,2,6,4,6,0.3684210526315789,0,0.0,3.669400000000001,False,,0,,0,,1,acrylamide_like,1.0,0.7239567901234568,1.0,0.21,Osimertinib,0.0,0.79,0.3956328237256495,0.6265772407078927,0.92,0.9475,0.3956328237256495,0.7224275161083855,0.9475,0.5518671762743506,0.44813282372564944,-0.43572625651031466,7.096773952526003,0.06408303242436109,-0.0,0.287,7.447856984950364,0.0,0.0,0.0,0.3148339703429382,0.1,0.5648339703429383,0.2,low,agents_strongly_disagree,6.883023014607425,False,review,False,,0.494,0.792,0.48,0.5005,0.5615,0.75,0.4345,0.728,0.5528000000000001,0.5760500000000001,8.111216984950364,204,0.75,6.524283014607425,1,283,79,0,review
C[C@@H](Nc1ncnc2oc(-c3ccc(NCCN4CCCCC4)cc3)cc12)c1ccccc1,7.998389895829891,0.034222610430726774,0.3516189641319378,441.57900000000024,5.960700000000005,66.22,2,6,5,8,0.3333333333333333,1,0.45,3.760526666666668,False,,0,,0,,0,,1.0,0.770812850353583,1.0,0.26881720430107525,Dacomitinib,0.0,0.7311827956989247,0.600641646655964,0.4487547892469247,1.0,0.9327956989247312,0.4487547892469247,0.7455480337069049,1.0,0.5512452107530753,0.4487547892469247,-0.19320851606792133,7.9470559801838005,-0.8791267025347291,-0.0,0.2693548387096774,7.337284116358749,0.0,0.0,0.0,0.31405651344134417,0.0,0.4640565134413442,0.2,low,agents_strongly_disagree,6.873227602917405,False,review,False,,0.791,0.446,0.448,0.5005,0.5615,0.753,0.4345,0.132,0.61245,0.5805500000000001,8.072224116358749,215,0.75,6.5198876029174055,1,284,69,0,review
Cc1ccn2ncnc(Nc3ccc4c(cnn4Cc4cccc(F)c4)c3)c12,7.022108873930415,0.009408163197771418,0.5104322340747527,372.4070000000001,4.318420000000002,60.04,1,4,5,4,0.09523809523809523,0,0.0,2.5493800000000006,False,,0,,0,,0,,1.0,0.8258882713331867,1.0,0.2127659574468085,Gefitinib,0.0,0.7872340425531915,0.37394150424416384,0.6326846518180371,1.0,0.9468085106382979,0.37394150424416384,0.7383586666751247,1.0,0.6260584957558362,0.37394150424416384,-0.48588954990794775,7.007996629133758,0.1375490435985621,-0.0,0.28617021276595744,7.431715885498277,0.0,0.0,0.0,0.4075731196947952,0.0,0.5575731196947953,0.2,low,agents_strongly_disagree,6.874142765803482,False,review,False,,0.467,0.707,0.785,0.5005,0.5615,0.602,0.4345,0.809,0.5694,0.57495,8.114995885498278,203,0.75,6.514082765803482,1,285,82,0,review
CN1CCN(c2ccc(-c3ccc4c(c3)C(=O)N(C(C(=O)Nc3nccs3)c3cc(F)ccc3O)C4)cc2)CC1,9.05846586523801,0.030461487447166754,0.3560995565687976,557.6510000000001,4.7424000000000035,89.01,2,7,6,6,0.23333333333333334,1,0.5,4.53434,True,mannich_A(296),0,,0,,0,,1.0,0.8337416681281138,1.0,0.1574074074074074,Gefitinib,0.0,0.8425925925925926,0.8682934250964855,0.4214570638051464,0.75,0.9606481481481481,0.4214570638051464,0.7500996592624449,0.9606481481481481,0.5391910843430017,0.46080891565699833,0.15759168777872068,9.012773634067258,-1.050718110097869,-0.4,0.30277777777777776,7.864833301747167,0.0,0.0,0.0,0.2989888554287521,0.0,0.6364888554287521,0.45,medium,potency_dominates_drug_likeness;unsafe_structure_can_game_single_score,7.228344446318415,False,review,False,,0.986,0.454,0.222,0.5005,0.5615,0.775,0.043,0.18,0.6678999999999999,0.5831,8.666313301747167,105,0.75,6.503064446318415,1,286,181,0,review
COc1cc2ncnc3c2cc1OCCOCCOCCOc1cc(Cl)ccc1N3,7.0899485678027006,0.023503523141076944,0.6217993915291041,431.87600000000015,3.839800000000002,83.96000000000002,1,8,4,1,0.3333333333333333,0,0.0,3.445840000000001,False,,0,,0,,0,,1.0,0.8612858141160029,1.0,0.345679012345679,Dacomitinib,0.0,0.654320987654321,0.3810346757519213,0.6594573576486995,1.0,0.9135802469135803,0.3810346757519213,0.7385180700785503,1.0,0.6189653242480787,0.3810346757519213,-0.47664452576883853,7.054693283091085,0.13825672486243734,-0.0,0.2462962962962963,7.439246304249818,0.0,0.0,0.0,0.3987066553100984,0.0,0.5487066553100984,0.2,low,agents_strongly_disagree,6.890539648939719,False,review,False,,0.486,0.8405,0.5425,0.5005,0.5615,0.614,0.4345,0.289,0.568275,0.5516249999999999,8.121176304249818,201,0.75,6.5024896489397195,1,287,86,0,review
C=CC(=O)N1CCC[C@@H](n2nc(-c3ccc(F)cc3)c3c(N)ncnc32)C1,6.982150684404641,0.008187601716471286,0.7197084247985834,366.40000000000015,2.5641,89.93,1,5,4,3,0.2631578947368421,0,0.0,2.559333333333335,False,,1,aniline,0,,1,acrylamide_like,1.0,0.8642460317460318,1.0,0.18085106382978725,Osimertinib,0.0,0.8191489361702128,0.3648063498996304,0.7474037362033235,0.8,0.9547872340425532,0.3648063498996304,0.7167493300363768,0.9547872340425532,0.5899808841429228,0.4100191158570772,-0.4692573068489952,6.969869281829935,0.3621242142722675,-0.2,0.2957446808510638,7.427738176953265,0.0,0.0,0.0,0.36247610517865353,0.1,0.6124761051786536,0.2,low,agents_strongly_disagree,6.815262071774612,False,review,False,,0.454,0.928,0.779,0.5005,0.5615,0.678,0.4345,0.863,0.60685,0.6139,8.155958176953265,195,0.75,6.501942071774612,1,288,93,0,review
COc1cc2ncnc(Nc3cc(Cl)c(Cl)cc3F)c2cc1OC,6.9160884660759425,0.017007553314718905,0.6683970978887566,368.1950000000001,4.836500000000003,56.27000000000001,1,5,3,4,0.125,0,0.0,2.1213000000000006,False,,0,,0,,0,,1.0,0.736286154794943,1.0,0.49230769230769234,Gefitinib,0.0,0.5076923076923077,0.3421168291986824,0.7360299423003547,1.0,0.8769230769230769,0.3421168291986824,0.7387674621055286,1.0,0.6578831708013175,0.34211682919868247,-0.5288675105424616,6.890577136103865,0.3627020978887565,-0.0,0.20230769230769224,7.455586926300313,0.0,0.0,0.0,0.4473539635016469,0.0,0.5973539635016469,0.2,low,agents_strongly_disagree,6.858232962798667,False,review,False,,0.432,0.884,0.887,0.5005,0.5615,0.528,0.4345,0.473,0.6043499999999999,0.5769999999999998,8.180806926300313,191,0.75,6.500632962798667,1,289,98,0,review
Cc1ncnc(Nc2ccc(OCc3cccc(F)c3)c(Cl)c2)c1C,7.345233644070722,0.021526490628918406,0.6806239527963283,357.81600000000003,5.208540000000003,47.040000000000006,1,4,3,5,0.15789473684210525,1,0.45,2.152106666666667,False,,0,,0,,0,,1.0,0.7979339742799623,1.0,0.34177215189873417,Gefitinib,0.0,0.6582278481012658,0.4462398675774377,0.6915698407046472,1.0,0.9145569620253164,0.4462398675774377,0.7630916675768503,1.0,0.5537601324225623,0.4462398675774377,-0.42246906666588346,7.312943908127345,-0.3264025735194613,-0.0,0.24746835443037968,7.234009689038263,0.0,0.0,0.0,0.31720016552820285,0.0,0.46720016552820287,0.2,low,agents_strongly_disagree,6.7668095235100605,False,review,False,,0.583,0.897,0.88,0.5005,0.5615,0.743,0.4345,0.342,0.67385,0.6385000000000001,8.042629689038263,223,0.75,6.483009523510061,1,290,67,0,review
O=C(CSC(=S)N1CCCCC1)Nc1cccc(NC(=O)c2ccccn2)c1,6.914906761637366,0.021200191199461926,0.7256566960525404,414.55600000000004,3.7764000000000015,74.33000000000001,2,5,3,5,0.3,0,0.0,2.530373333333334,False,,0,,0,,0,,1.0,0.56519617724437,0.7549021404443089,0.16,Lazertinib,0.0,0.84,0.3388865565697181,0.7517891315468459,1.0,0.7761766053332316,0.3388865565697181,0.7167130733624488,1.0,0.6611134434302819,0.3388865565697181,-0.5037686890569744,6.883106474838173,0.37610069605254026,-0.0,0.24072553511107725,7.499932706001791,0.0,0.0,0.0,0.45139180428785236,0.0,0.6013918042878523,0.2,low,agents_strongly_disagree,6.898540901713938,False,review,False,,0.431,0.931,0.788,0.5005,0.05,0.522,0.4345,0.346,0.59845,0.51575,8.218072706001792,178,0.75,6.467440901713938,1,291,113,0,review
CS(=O)(=O)CCNc1nc(-c2ccc3ncnc(Nc4ccc(F)c(Cl)c4)c3c2)cs1,7.2999045230537565,0.043482425569558524,0.39625104605159506,477.9740000000001,4.7459000000000024,96.87,2,8,4,7,0.15,0,0.0,3.353160000000001,False,,0,,0,,0,,1.0,0.7894046655099286,1.0,0.39285714285714285,Osimertinib,0.0,0.6071428571428572,0.4195384328647482,0.5389703830206849,1.0,0.9017857142857143,0.4195384328647482,0.7150736325427869,1.0,0.5804615671352518,0.41953843286474823,-0.3940469329040516,7.234680884699419,-0.09172295394840509,-0.0,0.23214285714285715,7.37510078789387,0.0,0.0,0.0,0.3505769589190647,0.0,0.5005769589190647,0.2,low,agents_strongly_disagree,6.874523828974805,False,review,False,,0.566,0.523,0.568,0.5005,0.5615,0.695,0.4345,0.05,0.5446,0.5267,8.02862078789387,226,0.75,6.456563828974805,1,292,66,0,review
C=CC(=O)N1CC[C@H](Oc2cc3c(Nc4ccc(F)c(Cl)c4F)ncnc3cc2OC)C[C@H]1C(=O)NCCOC,8.49085166858309,0.008694794321120063,0.21177344833876124,576.0000000000001,4.000600000000003,114.91000000000001,2,8,4,10,0.3333333333333333,1,0.5,5.006666666666668,False,,0,,0,,1,acrylamide_like,1.0,0.891345634112976,1.0,0.43010752688172044,Osimertinib,0.0,0.5698924731182795,0.7416265611209886,0.3239112940222161,0.92,0.8924731182795699,0.3239112940222161,0.7195027433556936,0.92,0.596088705977784,0.40391129402221604,0.029498423687059905,8.47780947710141,-1.2558932183279055,-0.0,0.2209677419354838,7.442884000708988,0.0,0.0,0.0,0.37011088247222995,0.1,0.62011088247223,0.2,low,agents_strongly_disagree,6.822773118236758,False,review,False,,0.905,0.162,0.106,0.5005,0.5615,0.66,0.4345,0.842,0.55565,0.56415,8.109664000708987,205,0.75,6.4497531182367585,1,293,88,0,review
O=C1CCc2c(Oc3ccc4c(c3)[C@H]3[C@H](NC(=O)c5ccc(CN6CCC[C@H](O)C6)c(C(F)(F)F)c5)[C@H]3O4)ccnc2N1,8.289368825162892,0.01303568822567896,0.3881810658961396,594.5900000000001,4.390900000000002,113.02000000000001,3,7,7,6,0.3870967741935484,1,0.5,6.0306000000000015,False,,0,,0,,0,,1.0,0.9137951860286624,1.0,0.15037593984962405,Lazertinib,0.0,0.849624060150376,0.6882172245327478,0.3815534323967229,1.0,0.9624060150375939,0.3815534323967229,0.7580441679917662,1.0,0.6184465676032771,0.3815534323967229,-0.09310259127869125,8.269815292824374,-1.2276992566845057,-0.0,0.3048872180451127,7.347003254184981,0.0,0.0,0.0,0.39805820950409637,0.0,0.5480582095040964,0.2,low,agents_strongly_disagree,6.798945044680885,False,review,False,,0.871,0.512,0.028,0.5005,0.5615,0.615,0.4345,0.638,0.59865,0.58395,8.065383254184981,217,0.75,6.449685044680884,1,294,77,0,review
C=CC(=O)N1C[C@@H](COc2nc(Nc3cnn(C)c3)nc3[nH]cc(Cl)c23)[C@H](OC)C1,7.094611700174783,0.014650221015676269,0.5511036552632873,431.8840000000001,2.126599999999999,110.19000000000001,2,7,4,7,0.3684210526315789,0,0.0,3.745893333333335,False,,0,,0,,1,acrylamide_like,1.0,0.9061971830985914,1.0,0.21,Osimertinib,0.0,0.79,0.38839777033272227,0.6090341898819875,0.92,0.9475,0.38839777033272227,0.7162329900536775,0.9475,0.5591022296672777,0.44089777033272226,-0.4371136262946069,7.072636368651268,0.026061760526445037,-0.0,0.287,7.385698129177713,0.0,0.0,0.0,0.3238777870840972,0.1,0.5738777870840972,0.2,low,agents_strongly_disagree,6.811820342093616,False,review,False,,0.488,0.755,0.4525,0.5005,0.5615,0.731,0.4345,0.556,0.538575,0.5554500000000001,8.031988129177712,224,0.75,6.428360342093616,1,295,71,0,review
COc1cc2c(Nc3ccc(Cl)cc3F)ncnc2cc1OCC1CCNCC1,7.01296766752013,0.03610746985631289,0.6139256557248796,416.8840000000003,4.552900000000004,68.3,2,6,4,6,0.3333333333333333,0,0.0,2.8458933333333354,False,,0,,0,,0,,1.0,0.8312093765045739,1.0,0.45569620253164556,Gefitinib,0.0,0.5443037974683544,0.35296668798061337,0.6782016747512478,1.0,0.8860759493670887,0.35296668798061337,0.7293110780247374,1.0,0.6470333120193866,0.35296668798061337,-0.501792520058832,6.9588064627356605,0.22037498905821257,-0.0,0.2132911392405063,7.392472591034379,0.0,0.0,0.0,0.4337916400242333,0.0,0.5837916400242333,0.2,low,agents_strongly_disagree,6.808680951010146,False,review,False,,0.465,0.832,0.706,0.5005,0.5615,0.563,0.4345,0.112,0.58165,0.54645,8.09045259103438,210,0.75,6.414420951010146,1,296,86,0,review
Cc1nc(-c2ccc(F)cc2)c(-c2ccnc(Nc3ccc4c(ccn4CCN(C)C)c3)n2)s1,7.868633894411734,0.01976574076863677,0.3160243436217307,472.59300000000025,5.974520000000005,58.870000000000005,1,6,5,7,0.19230769230769232,1,0.45,3.5172866666666684,False,,0,,0,,0,,1.0,0.8497756470390743,1.0,0.19444444444444445,Lazertinib,0.0,0.8055555555555556,0.5783224550648878,0.43853313258169546,1.0,0.9513888888888888,0.43853313258169546,0.7420611191338681,1.0,0.5614668674183045,0.43853313258169546,-0.21831821875864033,7.838985283258779,-0.8923378871475002,-0.0,0.2916666666666667,7.238314062777946,0.0,0.0,0.0,0.3268335842728807,0.0,0.4768335842728807,0.2,low,agents_strongly_disagree,6.7614804785050655,False,review,False,,0.76,0.385,0.521,0.5005,0.5615,0.726,0.4345,0.382,0.5972500000000001,0.5791999999999999,7.955014062777947,243,0.75,6.406520478505065,1,297,54,0,review
COc1cc2ncnc(Nc3cc(Cl)ccc3F)c2cc1OCCCN1CCOCC1,7.107146474456824,0.0075738672046937435,0.517854527865434,446.9100000000004,4.275600000000003,68.74000000000001,1,7,4,8,0.36363636363636365,0,0.0,3.2460666666666693,False,,0,,0,,0,,1.0,0.8513024620487307,1.0,0.7761194029850746,Dacomitinib,0.0,0.22388059701492535,0.3964849115709204,0.6099712723772707,1.0,0.8059701492537313,0.3964849115709204,0.7031065833004806,1.0,0.6035150884290796,0.39648491157092036,-0.40882889563941366,7.095785673649783,0.06730816422906993,-0.0,0.11716417910447757,7.280258016983331,0.0,0.0,0.0,0.37939386053634955,0.0,0.5293938605363495,0.2,low,agents_strongly_disagree,6.750864156446982,False,review,False,,0.492,0.7225,0.5965,0.5005,0.5615,0.648,0.4345,0.883,0.5554749999999999,0.574225,7.946828016983331,245,0.75,6.389934156446982,1,298,53,0,review
COC(C)(C)COc1cnccc1-c1[nH]c2c(c1Nc1cccc(F)c1CC(F)F)C(=O)NCC2,7.269915346742186,0.06816451535092415,0.40060381735490797,488.5100000000002,4.856700000000004,88.27000000000001,3,5,4,9,0.36,0,0.0,3.6234000000000015,False,,0,,0,,0,,1.0,0.8458461538461538,1.0,0.1717171717171717,Afatinib,0.0,0.8282828282828283,0.39476367593989964,0.5309705610836608,1.0,0.9570707070707071,0.39476367593989964,0.7207012360235668,1.0,0.6052363240601004,0.3947636759398996,-0.43458341344488965,7.1676685737158,-0.10690618264509219,-0.0,0.29848484848484846,7.359247239555557,0.0,0.0,0.0,0.3815454050751255,0.0,0.5315454050751256,0.2,low,agents_strongly_disagree,6.827701834480431,False,review,False,,0.556,0.528,0.493,0.5005,0.5615,0.643,0.4345,0.005,0.52985,0.5095,7.995067239555556,231,0.75,6.389101834480431,1,299,68,0,review
Cn1cc(-c2cc(C(=O)/N=c3\[nH]c4cc(CC#N)ccc4n3CC(C)(C)O)ccn2)cn1,6.97850594680943,0.017991759420335183,0.503737382634926,429.48400000000015,2.34298,124.88000000000001,2,5,4,5,0.2608695652173913,0,0.0,2.8298933333333345,False,,0,,0,,0,,1.0,0.8276115062430852,1.0,0.12605042016806722,Lazertinib,0.0,0.8739495798319328,0.3570322551081229,0.618213509167158,1.0,0.9684873949579832,0.3570322551081229,0.7359332898083161,1.0,0.6429677448918771,0.35703225510812286,-0.5052013796002575,6.951518307678928,0.10534033915666495,-0.0,0.3121848739495798,7.369043520785172,0.0,0.0,0.0,0.4287096811148464,0.0,0.5787096811148464,0.2,low,agents_strongly_disagree,6.790333839670326,False,review,False,,0.451,0.697,0.709,0.5005,0.5615,0.57,0.4345,0.441,0.5488000000000001,0.5394500000000001,8.027603520785172,227,0.75,6.387673839670326,1,300,73,0,review
COc1ccccc1-c1cc(C(=O)/N=c2\[nH]c3cc(CN4CCOCC4)ccc3n2[C@H]2CCC[C@H](O)C2)ccn1,7.987659479383089,0.006833484289589201,0.3811091672533465,541.6520000000004,4.089300000000003,104.97,2,6,6,6,0.3870967741935484,1,0.5,4.777680000000004,False,,0,,0,,0,,1.0,0.8353387533875338,1.0,0.23728813559322035,Lazertinib,0.0,0.7627118644067796,0.6171314308430598,0.4258531189124174,1.0,0.9406779661016949,0.4258531189124174,0.745915628964293,1.0,0.5741468810875826,0.4258531189124174,-0.1717122641616443,7.977409252948704,-1.0468331553272991,-0.0,0.27881355932203383,7.209389656943439,0.0,0.0,0.0,0.3426836013594783,0.0,0.4926836013594783,0.2,low,agents_strongly_disagree,6.716706055583961,False,review,False,,0.79,0.502,0.157,0.5005,0.5615,0.706,0.4345,0.901,0.57955,0.5932999999999999,7.904849656943439,255,0.75,6.3786660555839605,1,301,46,0,review
CC1(N)CCN(Cc2ccn3ncnc(Nc4ccc5c(cnn5Cc5cccc(F)c5)c4)c23)CC1,7.184436120647142,0.01181611207031807,0.37312189139207935,484.5830000000003,4.323200000000003,89.30000000000001,2,6,6,6,0.2962962962962963,0,0.0,3.6972200000000024,False,,0,,0,,0,,1.0,0.8412791212264896,1.0,0.22115384615384615,Gefitinib,0.0,0.7788461538461539,0.4128377517125628,0.5130162710348743,1.0,0.9447115384615384,0.4128377517125628,0.7176413903022439,1.0,0.5871622482874372,0.41283775171256276,-0.4064048514529081,7.1667119525416645,-0.1518314789782914,-0.0,0.28365384615384615,7.298534319717219,0.0,0.0,0.0,0.35895281035929655,0.0,0.5089528103592966,0.2,low,agents_strongly_disagree,6.789581509357922,False,review,False,,0.526,0.483,0.471,0.5005,0.5615,0.685,0.4345,0.687,0.50405,0.5298499999999999,7.9033943197172185,256,0.75,6.375401509357922,1,302,46,0,review
COc1cc2ncnc(Nc3cccc(Cl)c3F)c2cc1Oc1ccnc(/C=C/CN2CCOCC2)c1,8.758477453931942,0.01926231328629078,0.3157291122234408,521.9800000000005,5.707200000000005,81.63000000000001,1,8,5,8,0.2222222222222222,2,0.95,3.9465333333333366,False,,0,,0,,0,,1.0,0.7826981351981352,1.0,0.4943820224719101,Dacomitinib,0.0,0.5056179775280899,0.8011357441825819,0.3718612681331488,1.0,0.8764044943820225,0.3718612681331488,0.7623503766744383,1.0,0.6281387318668512,0.3718612681331488,0.0517138233441915,8.729583984002506,-1.7040286655543375,-0.0,0.201685393258427,7.227240711706595,0.0,0.0,0.0,0.410173414833564,0.0,0.560173414833564,0.2,low,agents_strongly_disagree,6.667067296873031,False,review,False,,0.962,0.384,0.381,0.5005,0.5615,0.599,0.4345,0.399,0.66695,0.6137999999999999,8.027580711706594,228,0.75,6.353627296873031,1,303,75,0,review
COc1cc2c(Nc3ccc(Cl)cc3F)ncnc2cc1OCCN1CCN(C)CC1,6.97874283508925,0.013054684307990031,0.5930439926818073,445.9260000000004,3.8007000000000035,62.75,1,7,4,7,0.36363636363636365,0,0.0,3.1395066666666693,False,,0,,0,,0,,1.0,0.8680375180375179,1.0,0.6911764705882353,Gefitinib,0.0,0.3088235294117647,0.36054742975671944,0.6554239395647375,1.0,0.8272058823529411,0.36054742975671944,0.7107943129185995,1.0,0.6394525702432805,0.3605474297567195,-0.4669958442158401,6.9591608086272645,0.15848162904544327,-0.0,0.1426470588235294,7.260289496496237,0.0,0.0,0.0,0.42431571280410063,0.0,0.5743157128041007,0.2,low,agents_strongly_disagree,6.685973783692137,False,review,False,,0.452,0.811,0.627,0.5005,0.5615,0.578,0.4345,0.636,0.55975,0.5592,7.931989496496238,250,0.75,6.3070137836921365,1,304,54,0,review
Cc1nc(F)ccc1[C@H](Nc1cc(Cl)c2ncc(C#N)c(NCC(C)(C)C)c2c1)C1=CN(C2(CO)COC2)NN1,8.50948809501833,0.0028911779959576154,0.25352776281664663,567.0690000000003,4.141100000000003,130.39,5,10,5,8,0.39285714285714285,1,0.5,4.597126666666669,False,,1,hydrazine,1,hydrazine,0,,1.0,0.8899456814884031,1.0,0.17355371900826447,Dacomitinib,0.0,0.8264462809917356,0.7503481991574122,0.3626277054465915,0.7,0.9566115702479339,0.3626277054465915,0.6923968687129844,0.9566115702479339,0.5939838648013424,0.40601613519865765,0.07726844059257054,8.505151328024393,-1.1467555228976394,-0.5,0.29793388429752066,7.1563296894242745,0.0,0.0,0.0,0.36747983100167797,0.0,0.5174798310016779,0.2,low,agents_strongly_disagree,6.638849858422597,False,review,False,,0.909,0.25,0.211,0.5005,0.5615,0.664,0.4345,0.988,0.5908,0.59675,7.865289689424275,265,0.75,6.304949858422597,1,305,40,0,review
Cc1nc(F)ccc1[C@H](Nc1cc(C#N)c2ncc(C#N)c(NCC(C)(C)C)c2c1)C1=CN(C2(CO)CC2)NN1,8.682277774161273,0.0042395343408338365,0.2640667098542447,541.6350000000003,4.122980000000001,144.95,5,10,5,8,0.3793103448275862,1,0.75,4.427566666666669,False,,1,hydrazine,1,hydrazine,0,,1.0,0.8926763966434844,1.0,0.12903225806451613,Erlotinib,0.0,0.8709677419354839,0.7926017695017346,0.37494566477880886,0.7,0.967741935483871,0.37494566477880886,0.7088223424411035,0.967741935483871,0.5927962707050621,0.40720372929493787,0.11170590274750791,8.675918472650022,-1.3621372556629971,-0.5,0.3112903225806451,7.12507153956767,0.0,0.0,0.0,0.3659953383813277,0.0,0.5159953383813277,0.2,low,agents_strongly_disagree,6.609076201186342,False,review,False,,0.953,0.277,0.25,0.5005,0.5615,0.669,0.4345,0.968,0.62185,0.6174,7.87129153956767,262,0.75,6.299956201186342,1,306,44,0,review
COc1cc(N2CCN(C)CC2)ccc1Nc1ncc(C(=O)Oc2ccc(F)cc2)c(-c2cn(C)c3ccccc23)n1,8.994828013763236,0.03405018391232499,0.20437645749373845,566.6370000000003,5.497600000000005,84.75000000000001,1,8,6,7,0.21875,2,0.95,4.344246666666669,False,,0,,0,,0,,1.0,0.8539999999999999,1.0,0.2358490566037736,Gefitinib,0.0,0.7641509433962264,0.8498718747021815,0.2953206413651458,1.0,0.9410377358490566,0.2953206413651458,0.771557562979096,1.0,0.7046793586348542,0.2953206413651458,0.10441908229744745,8.943752737894748,-1.8753855425062618,-0.0,0.2792452830188679,7.347612478407354,0.0,0.0,0.0,0.5058491982935678,0.0,0.6558491982935678,0.2,low,agents_strongly_disagree,6.691763280113786,False,review,False,,0.984,0.149,0.274,0.5005,0.5615,0.433,0.4345,0.135,0.6138,0.54465,8.084172478407355,212,0.75,6.295343280113786,1,307,95,0,review
Cn1cc(-c2cc(C(=O)/N=c3\[nH]c4ccccc4n3[C@H]3CC[C@@H](O)CC3)cc(C#N)n2)cn1,6.981495376671505,0.045503708576308456,0.5057316653978164,441.49500000000023,2.8536800000000007,124.88,2,5,5,3,0.2916666666666667,0,0.0,2.9099666666666684,False,,0,,0,,0,,1.0,0.8562983379730437,1.0,0.13793103448275862,Lazertinib,0.0,0.8620689655172413,0.3385212481644604,0.6162306210970041,1.0,0.9655172413793103,0.3385212481644604,0.7300672776601937,1.0,0.6614787518355396,0.3385212481644604,-0.5220613726609777,6.913239813807043,0.09840333206448287,-0.0,0.30862068965517236,7.320263835526698,0.0,0.0,0.0,0.4518484397944245,0.0,0.6018484397944246,0.2,low,agents_strongly_disagree,6.718415395732274,False,review,False,,0.453,0.7,0.689,0.5005,0.5615,0.521,0.4345,0.044,0.5473,0.51375,7.9770238355266985,238,0.75,6.284915395732274,1,308,70,0,review
C=CC(=O)Nc1cc2c(Cc3cccc(Br)c3)ncnc2cc1OCCCN1CCC(C)CC1,8.652562912073195,0.02000023124137501,0.29191722771370804,523.4750000000004,5.608400000000006,67.35,1,5,4,9,0.37037037037037035,2,0.95,3.8565000000000027,False,,0,,0,,1,acrylamide_like,1.0,0.8131966771966772,1.0,0.3626373626373626,Osimertinib,0.0,0.6373626373626373,0.7741405661493364,0.3622275521656162,0.92,0.9093406593406593,0.3622275521656162,0.7414271944139029,0.92,0.5577724478343838,0.44222755216561616,0.043617828980577866,8.622562565211133,-1.6995207352492554,-0.0,0.24120879120879118,7.16425062117067,0.0,0.0,0.0,0.32221555979297983,0.1,0.5722155597929799,0.2,low,agents_strongly_disagree,6.59203506137769,False,review,False,,0.948,0.339,0.407,0.5005,0.5615,0.735,0.4345,0.377,0.65555,0.61795,7.950910621170669,244,0.75,6.2835750613776895,1,309,65,0,review
Cc1cc(C)c(/C=C2\C(=O)Nc3ncnc(Nc4ccc(F)c(Cl)c4)c32)[nH]1,6.822234664390424,0.01718850287501142,0.5833573872884239,383.814,4.450340000000002,82.69999999999999,3,4,4,3,0.10526315789473684,0,0.0,2.325426666666667,False,,0,,0,,1,acrylamide_like,1.0,0.7867055914610261,1.0,0.38666666666666666,Sunvozertinib,0.0,0.6133333333333333,0.3185267140850981,0.681407075829146,0.92,0.9033333333333333,0.3185267140850981,0.7058167808118944,0.92,0.6014732859149019,0.3985267140850981,-0.5163867556357284,6.7964519100779075,0.24506970307789758,-0.0,0.23399999999999993,7.275521613155805,0.0,0.0,0.0,0.3768416073936274,0.1,0.6268416073936274,0.2,low,agents_strongly_disagree,6.648680005762177,False,review,False,,0.413,0.801,0.834,0.5005,0.5615,0.652,0.4345,0.463,0.5712499999999999,0.56545,7.961021613155805,240,0.75,6.277220005762177,1,310,70,0,review
C=CC(=O)N1CCCCCCn2cc(c3ccccc32)-c2ccnc(n2)Nc2cccc1c2,8.107675336326775,0.014733593151815999,0.3747082314450417,437.54700000000014,5.934900000000005,63.050000000000004,1,4,5,1,0.2222222222222222,1,0.45,5.683646666666667,False,,0,,0,,1,acrylamide_like,1.0,0.9514285714285714,1.0,0.1595744680851064,Sunvozertinib,0.0,0.8404255319148937,0.6416053188754225,0.38748773242297807,0.92,0.9601063829787234,0.38748773242297807,0.727299858569281,0.9601063829787234,0.5726186505557453,0.42738134944425465,-0.11425938625847798,8.085574946599051,-1.1556165463327361,-0.0,0.30212765957446813,7.232086059840784,0.0,0.0,0.0,0.3407733131946817,0.1,0.5907733131946817,0.2,low,agents_strongly_disagree,6.641312746646102,False,review,False,,0.819,0.486,0.041,0.5005,0.5615,0.708,0.4345,0.551,0.572,0.5706999999999999,7.918486059840784,252,0.75,6.276152746646102,1,311,59,0,review
COc1cc(N2CCC(N(C)C)CC2)c(-c2cn[nH]c2)cc1Nc1ncc(Cl)c(Nc2ccccc2P(C)(C)=O)n1,8.918980461522754,0.010066899311274026,0.20718202783329417,595.088,5.794300000000004,111.3,3,9,5,9,0.3448275862068966,2,0.95,4.53392,False,,0,,0,,0,,1.0,0.8155575588147908,1.0,0.29357798165137616,Lazertinib,0.0,0.7064220183486238,0.8476982858627966,0.28956857684677334,1.0,0.926605504587156,0.28956857684677334,0.7659680918241815,1.0,0.7104314231532267,0.2895685768467733,0.10897359205148682,8.903880112555843,-1.8884232135460162,-0.0,0.26192660550458713,7.277383504514414,0.0,0.0,0.0,0.5130392789415334,0.0,0.6630392789415335,0.2,low,agents_strongly_disagree,6.61434422557288,False,review,False,,0.972,0.153,0.223,0.5005,0.5615,0.422,0.4345,0.779,0.60155,0.56765,7.999243504514414,230,0.75,6.245524225572881,1,312,82,0,review
CCN1CCN(Cc2ccc(C(=O)N[C@H]3[C@@H]4Oc5ccc(Oc6ccnc7c6CCC(=O)N7)cc5[C@H]34)cc2C(F)(F)F)CC1,8.096461848015117,0.04174539341288378,0.40645020510371827,607.6330000000004,4.5717000000000025,96.03,2,7,7,7,0.40625,1,0.5,5.867553333333336,False,,0,,0,,0,,1.0,0.9398021919272921,1.0,0.1640625,Lazertinib,0.0,0.8359375,0.6198936866147607,0.3978724846019168,1.0,0.958984375,0.3978724846019168,0.7441876365541694,1.0,0.6021275153980832,0.3978724846019168,-0.16572526658587816,8.033843757895792,-1.1830577948962822,-0.0,0.30078124999999994,7.15156721299951,0.0,0.0,0.0,0.377659394247604,0.0,0.527659394247604,0.2,low,agents_strongly_disagree,6.623907818751905,False,review,False,,0.815,0.545,0.033,0.5005,0.5615,0.65,0.4345,0.057,0.5808,0.54705,7.848527212999509,266,0.75,6.230367818751906,1,313,47,0,review
COc1cc(N2CCC3(CC2)CN(C)C3)c(C)cc1Nc1ncc(C#N)c(Nc2ccc3ccccc3c2P(C)(C)=O)n1,8.943102933304917,0.01736149810181293,0.24574792646901922,595.6880000000001,6.085700000000005,106.41000000000001,2,9,6,7,0.36363636363636365,2,0.95,5.037920000000001,False,,0,,0,,0,,1.0,0.8106797672114411,1.0,0.24561403508771928,Lazertinib,0.0,0.7543859649122807,0.8486226846549603,0.2913952057118067,1.0,0.9385964912280702,0.2913952057118067,0.7696535953987094,1.0,0.7086047942881932,0.29139520571180677,0.10529211900833457,8.917060686152197,-1.9235764371673443,-0.0,0.2763157894736842,7.269800038458537,0.0,0.0,0.0,0.5107559928602415,0.0,0.6607559928602416,0.2,low,agents_strongly_disagree,6.609044045598296,False,review,False,,0.974,0.24,0.102,0.5005,0.5615,0.426,0.4345,0.458,0.6017,0.5535499999999999,7.991840038458537,232,0.75,6.2233040455982955,1,314,82,0,review
O=C(/C=C/CN1C[C@@H]2OCCO[C@@H]2C1)Nc1cc2c(Nc3ccc(Cl)c(Cl)c3F)ncnc2cc1O[C@H]1CCOC1,8.288548482107483,0.018208409049138653,0.2823913083217715,604.466,4.581300000000002,107.07000000000001,2,9,6,8,0.39285714285714285,1,0.5,5.74644,False,,0,,0,,1,acrylamide_like,1.0,0.8304564783196959,1.0,0.38144329896907214,Osimertinib,0.0,0.6185567010309279,0.6843912341924737,0.3342982965000513,0.92,0.904639175257732,0.3342982965000513,0.7108321764875642,0.92,0.5857017034999488,0.41429829650005123,-0.03525458972678741,8.261235868533776,-1.2902889773925141,-0.0,0.23556701030927835,7.20651390145054,0.0,0.0,0.0,0.35712712937493596,0.1,0.607127129374936,0.2,low,agents_strongly_disagree,6.599386772075604,False,review,False,,0.87,0.322,0.037,0.5005,0.5615,0.688,0.4345,0.433,0.56155,0.5530999999999999,7.8803739014505405,260,0.75,6.213106772075604,1,315,55,0,review
CC1=NNC2Oc3ncn(N)c(=N)c3C(c3ccccc3Br)C12,6.903718361078302,0.026851684005434258,0.6539918126506894,375.23,1.2845700000000009,101.31,3,6,4,1,0.26666666666666666,0,0.0,3.1182000000000003,False,,0,,0,,0,,1.0,0.46446339729921815,0.5717516314531238,0.11538461538461539,Lazertinib,0.0,0.8846153846153846,0.3321334114657715,0.68976472772711,1.0,0.649967569743689,0.3321334114657715,0.6679664272341426,1.0,0.6678665885342285,0.33213341146577147,-0.4477773543578281,6.863440835070151,0.21292847931735603,-0.0,0.2083225232478963,7.284691837635403,0.0,0.0,0.0,0.45983323566778567,0.0,0.6098332356677857,0.2,low,agents_strongly_disagree,6.6748586019676175,False,review,False,,0.427,0.874,0.64,0.5005,0.016,0.511,0.4345,0.229,0.5630499999999999,0.48084999999999994,7.960351837635403,241,0.75,6.201878601967618,1,316,75,0,review
CCS(=O)(=O)n1cc(-c2nc(Nc3ccc(N4CCC(N5CCN(C)CC5)CC4)cc3OC)ncc2Cl)c2ccccc21,8.044147141598625,0.020789377192472647,0.2934466139916748,624.2110000000004,4.917900000000005,95.83,1,9,6,8,0.41935483870967744,1,0.5,4.828073333333336,False,,0,,0,,0,,1.0,0.8855911175145506,1.0,0.24299065420560748,Gefitinib,0.0,0.7570093457943925,0.6214842213649254,0.3757005094902929,1.0,0.9392523364485981,0.3757005094902929,0.7341092668259541,1.0,0.6242994905097071,0.3757005094902929,-0.15016672728137148,8.012963075809916,-1.1388289021373579,-0.0,0.2771028037383177,7.151236977410876,0.0,0.0,0.0,0.40537436313713393,0.0,0.555374363137134,0.2,low,agents_strongly_disagree,6.5958626142737415,False,review,False,,0.801,0.34,0.142,0.5005,0.5615,0.604,0.4345,0.354,0.5498500000000001,0.53325,7.811056977410876,274,0.75,6.185762614273742,1,317,43,0,review
COc1ccc(OC)c(Nc2cc(Nc3ccc(F)cc3)ncn2)c1,6.595945021254634,0.005182103686456574,0.7034342958363422,340.35800000000006,4.1201000000000025,68.30000000000001,2,6,3,6,0.1111111111111111,0,0.0,2.2,False,,0,,0,,0,,1.0,0.7212035194627534,1.0,0.2916666666666667,Osimertinib,0.0,0.7083333333333333,0.2703587827331389,0.7522734780946037,1.0,0.9270833333333333,0.2703587827331389,0.7374288985402688,1.0,0.7296412172668612,0.27035878273313885,-0.6227601544095067,6.5881718657249495,0.3845454069474533,-0.0,0.26249999999999996,7.235217272672403,0.0,0.0,0.0,0.5370515215835765,0.0,0.6870515215835765,0.2,low,agents_strongly_disagree,6.548165751088827,False,review,False,,0.359,0.911,0.8625,0.5005,0.5615,0.381,0.4345,0.951,0.573225,0.5659,7.9230872726724035,251,0.75,6.177245751088827,1,318,67,0,review
OC1CCN(CCCOc2n[nH]c3ncnc(Nc4ccc(OCc5ccccn5)c(Cl)c4)c23)CC1,7.902905925865585,0.009965871739357831,0.2726429609642528,509.99800000000033,3.949500000000003,121.31000000000002,3,9,5,10,0.36,1,0.5,4.066653333333336,False,,0,,0,,0,,1.0,0.8724622040524028,1.0,0.3956043956043956,Gefitinib,0.0,0.6043956043956045,0.5937503712488457,0.39354388494059533,1.0,0.9010989010989011,0.39354388494059533,0.7220982893220855,1.0,0.6064561150594047,0.39354388494059533,-0.17113055743098637,7.887957118256548,-1.0513550390357476,-0.0,0.23131868131868133,7.067920760539481,0.0,0.0,0.0,0.38307014382425586,0.0,0.5330701438242559,0.2,low,agents_strongly_disagree,6.534850616715225,False,review,False,,0.771,0.295,0.336,0.5005,0.5615,0.638,0.4345,0.784,0.55645,0.5618000000000001,7.735660760539481,296,0.75,6.159010616715226,1,319,23,0,review
COc1cc(N2CCC(N(C)C)CC2)c(-c2cnn(C)c2)cc1Nc1ncc(Cl)c(Nc2ccccc2P(C)(C)=O)n1,8.794749937542392,0.014233505332597747,0.22819479387401745,609.115,5.804700000000005,100.44000000000001,2,9,5,9,0.36666666666666664,2,0.95,4.627433333333333,False,,0,,0,,0,,1.0,0.8515880595552943,1.0,0.3055555555555556,Lazertinib,0.0,0.6944444444444444,0.8137240306527795,0.2975289315025045,1.0,0.9236111111111112,0.2975289315025045,0.7587160183165987,1.0,0.7024710684974955,0.2975289315025045,0.07334401644824096,8.773399679543495,-1.8792535394593157,-0.0,0.2583333333333333,7.152479473417513,0.0,0.0,0.0,0.5030888356218695,0.0,0.6530888356218695,0.2,low,agents_strongly_disagree,6.499390637795643,False,review,False,,0.965,0.196,0.204,0.5005,0.5615,0.439,0.4345,0.582,0.60415,0.56195,7.877459473417513,261,0.75,6.123730637795643,1,320,59,0,review
CCS(=O)(=O)Nc1nc(-c2ccc(F)cc2)c(-c2ccnc(Nc3ccc(C4CCN(C)CC4)cc3)n2)s1,8.49826586478513,0.00753231797103979,0.2883479091630245,552.7010000000002,5.720600000000005,100.11,2,8,5,8,0.2962962962962963,2,0.95,4.151340000000002,False,,0,,0,,0,,1.0,0.7872478632478632,1.0,0.18269230769230768,Gefitinib,0.0,0.8173076923076923,0.7442938436165548,0.34892442696274034,1.0,0.9543269230769231,0.34892442696274034,0.7618862984140546,1.0,0.6510755730372597,0.3489244269627403,-0.023456606396666357,8.486967387828571,-1.7547234612073461,-0.0,0.2951923076923077,7.027436234313532,0.0,0.0,0.0,0.43884446629657464,0.0,0.5888444662965746,0.2,low,agents_strongly_disagree,6.438591768016957,False,review,False,,0.908,0.333,0.318,0.5005,0.5615,0.548,0.4345,0.884,0.623,0.6027999999999999,7.775036234313532,283,0.75,6.111951768016957,1,321,38,0,review
COc1cc2c(Nc3ccc(Cl)cc3F)ncnc2cc1OCCCN1CCOCC1,6.919929905378426,0.008831770975943436,0.517854527865434,446.9100000000004,4.275600000000004,68.74,1,7,4,8,0.36363636363636365,0,0.0,3.2460666666666693,False,,0,,0,,0,,1.0,0.9018273169482847,1.0,0.7647058823529411,Dacomitinib,0.0,0.23529411764705888,0.34880023666144616,0.6099712723772707,1.0,0.8088235294117647,0.34880023666144616,0.6918987596126204,1.0,0.6511997633385538,0.3488002366614462,-0.4574646972682323,6.906682248914511,0.06730816422906993,-0.0,0.12058823529411766,7.0945786484376985,0.0,0.0,0.0,0.43899970417319223,0.0,0.5889997041731923,0.2,low,agents_strongly_disagree,6.5055789442645064,False,review,False,,0.434,0.7225,0.5965,0.5005,0.5615,0.547,0.4345,0.834,0.5293749999999999,0.544275,7.729828648437699,297,0.75,6.108708944264507,1,322,25,0,review
CCN(CC)C/C=C/C(=O)N1CCc2c(sc3ncnc(N[C@H](CO)c4ccccc4)c23)C1,6.947761710582904,0.014066265170166,0.46998100898451434,465.62300000000016,3.619500000000002,81.59,2,7,4,9,0.4,0,0.0,3.820820000000001,False,,0,,0,,1,acrylamide_like,1.0,0.8299220248284497,1.0,0.16494845360824742,Afatinib,0.0,0.8350515463917526,0.3520940420266099,0.5615349395568674,0.92,0.9587628865979382,0.3520940420266099,0.6980979670453539,0.9587628865979382,0.6066688445713283,0.3933311554286717,-0.4613385666916586,6.926662312827656,-0.06314199101548582,-0.0,0.30051546391752576,7.164035785729696,0.0,0.0,0.0,0.3833360557141604,0.1,0.6333360557141604,0.2,low,agents_strongly_disagree,6.530699730015535,False,review,False,,0.444,0.647,0.42,0.5005,0.5615,0.637,0.4345,0.586,0.49230000000000007,0.5148999999999999,7.754795785729696,291,0.75,6.098579730015535,1,323,32,0,review
C=CC(=O)N1CCOc2ccc(Nc3nc(Nc4ccc(N5CCCC5=O)cc4)ncc3C(C)=O)cc21,7.027499467826419,0.014378220558654821,0.3676940789881437,498.5430000000004,4.204600000000003,116.75999999999999,2,8,5,7,0.2222222222222222,0,0.0,3.6902866666666694,False,,0,,0,,1,acrylamide_like,1.0,0.7585459266471924,1.0,0.23157894736842105,Sunvozertinib,0.0,0.7684210526315789,0.3718101125655464,0.5102976408793765,0.92,0.9421052631578948,0.3718101125655464,0.6860532541507044,0.9421052631578948,0.5702951505923484,0.42970484940765163,-0.4189908554468774,7.005932136988437,-0.1636266987896344,-0.0,0.2805263157894737,7.122831753988277,0.0,0.0,0.0,0.33786893824043546,0.1,0.5878689382404355,0.2,low,agents_strongly_disagree,6.534962815747841,False,review,False,,0.468,0.472,0.475,0.5005,0.5615,0.711,0.4345,0.572,0.47634999999999994,0.50805,7.694451753988277,310,0.75,6.094622815747841,1,324,14,0,review
COc1cc2ncnc(N(C)c3cccc(C)c3)c2cc1OC,6.596968034253931,0.054849037481009055,0.7347799631954253,309.3690000000001,3.723320000000003,47.480000000000004,0,5,3,4,0.2222222222222222,0,0.0,2.0,False,,0,,0,,0,,1.0,0.8034403839055002,1.0,0.27631578947368424,Gefitinib,0.0,0.7236842105263157,0.23584768232677636,0.7772059028344069,1.0,0.930921052631579,0.23584768232677636,0.7359936594481906,1.0,0.7641523176732237,0.23584768232677633,-0.6668613028285523,6.514694478032417,0.4570021854176475,-0.0,0.2671052631578947,7.238801926607959,0.0,0.0,0.0,0.5801903970915296,0.0,0.7301903970915297,0.2,low,agents_strongly_disagree,6.508611529516429,False,review,False,,0.361,0.942,0.923,0.5005,0.5615,0.322,0.4345,0.017,0.5893999999999999,0.5246,7.946081926607959,246,0.75,6.0881315295164296,1,325,79,0,review
C=CC(=O)N1CCC[C@H](Nc2nc(Nc3ccc(C=C)nc3)ncc2F)C1,6.6132092442647945,0.03502365647924706,0.7629853794320929,368.4160000000001,2.986200000000001,83.04,2,6,3,6,0.2631578947368421,0,0.0,2.672773333333334,False,,0,,0,,1,acrylamide_like,1.0,0.785953177257525,1.0,0.25,Sunvozertinib,0.0,0.75,0.2537857515307257,0.7668429843286768,0.92,0.9375,0.2537857515307257,0.7195321839648506,0.9375,0.6837142484692743,0.3162857515307257,-0.6209952432454999,6.560673759545924,0.388385168905777,-0.0,0.27499999999999997,7.224058928451702,0.0,0.0,0.0,0.4796428105865929,0.1,0.729642810586593,0.2,low,agents_strongly_disagree,6.494416117865109,False,review,False,,0.37,0.961,0.758,0.5005,0.5615,0.479,0.4345,0.127,0.5725,0.5348499999999999,7.911058928451702,253,0.75,6.086236117865109,1,326,73,0,review
C=CC(=O)Nc1cccc(Nc2nc(Nc3ccc(OC)nc3)ncc2OC)c1,6.786372110695628,0.01233870670691502,0.4997436768112827,392.41900000000015,3.5005000000000015,110.29,3,8,3,8,0.1,0,0.0,2.6827933333333345,False,,0,,0,,1,acrylamide_like,1.0,0.8387719517964989,1.0,0.38961038961038963,Osimertinib,0.0,0.6103896103896104,0.31295593297906643,0.6216746632718465,0.92,0.9025974025974026,0.31295593297906643,0.6893069997120789,0.92,0.6070440670209336,0.3929559329790664,-0.5018014223106834,6.767864050635255,0.10732467681128255,-0.0,0.2331168831168831,7.108305610563422,0.0,0.0,0.0,0.383805083776167,0.1,0.6338050837761671,0.2,low,agents_strongly_disagree,6.474500526787255,False,review,False,,0.407,0.69,0.756,0.5005,0.5615,0.635,0.4345,0.672,0.53465,0.5479499999999999,7.749885610563422,292,0.75,6.082040526787255,1,327,35,0,review
COc1cc2ncnc(Nc3ccc(OCc4cccc(F)c4)c(Cl)c3)c2cc1NC(=O)/C(F)=C/CN(C)C,8.685491200954655,0.01262505950992473,0.2291280896022474,553.9970000000002,6.1070000000000055,88.61,2,7,4,10,0.17857142857142858,2,0.95,4.159980000000001,False,,0,,0,,1,acrylamide_like,1.0,0.8422508709835231,1.0,0.5238095238095238,Osimertinib,0.0,0.47619047619047616,0.7875352585817164,0.31602121851200526,0.92,0.8690476190476191,0.31602121851200526,0.7231510240353352,0.92,0.6039787814879948,0.3960212185120052,0.08584564606184153,8.666553611689768,-1.82701176754061,-0.0,0.19285714285714284,7.032398987006301,0.0,0.0,0.0,0.3799734768599935,0.1,0.6299734768599935,0.2,low,agents_strongly_disagree,6.4024255101463075,False,review,False,,0.954,0.198,0.312,0.5005,0.5615,0.647,0.4345,0.659,0.6158,0.5943999999999999,7.771358987006301,284,0.75,6.065705510146308,1,328,44,0,review
COc1ccc(Nc2[nH]nc3ncnc(Nc4cccc(Cl)c4)c23)cc1,6.775904205286748,0.018168948423342778,0.4816241143993614,366.81200000000007,4.502100000000002,87.75,3,6,4,5,0.05555555555555555,0,0.0,2.4120800000000004,False,,0,,0,,0,,1.0,0.8395380305968541,1.0,0.3037974683544304,Osimertinib,0.0,0.6962025316455696,0.3062577874253471,0.6221209552273411,1.0,0.9240506329113924,0.3062577874253471,0.7131073438910202,1.0,0.6937422125746529,0.30625778742534715,-0.5424660752875641,6.748650782651734,0.1253676699549169,-0.0,0.2588607594936709,7.132879212100322,0.0,0.0,0.0,0.49217776571831606,0.0,0.6421777657183161,0.2,low,agents_strongly_disagree,6.4907014463820065,False,review,False,,0.406,0.669,0.809,0.5005,0.5615,0.459,0.4345,0.435,0.53795,0.52035,7.778419212100323,282,0.75,6.0651214463820065,1,329,47,0,review
Cc1nc(N(C)c2ccc3ccoc3c2)c2cc(C)oc2n1,6.574758290421475,0.0037544272080725347,0.5495445820028055,293.326,4.353740000000003,55.300000000000004,0,5,4,2,0.17647058823529413,0,0.0,2.0,False,,0,,0,,0,,1.0,0.7269186765615336,1.0,0.12631578947368421,Lazertinib,0.0,0.8736842105263158,0.2660614735597181,0.6753264431784661,1.0,0.968421052631579,0.2660614735597181,0.7274522423424408,1.0,0.7339385264402819,0.2660614735597181,-0.6151876917102969,6.569126649609367,0.26719164082633495,-0.0,0.3121052631578947,7.148423553593596,0.0,0.0,0.0,0.5424231580503523,0.0,0.6924231580503524,0.2,low,agents_strongly_disagree,6.456000395543244,False,review,False,,0.349,0.754,0.923,0.5005,0.5615,0.377,0.4345,0.976,0.5464,0.54625,7.804103553593596,277,0.75,6.061500395543244,1,330,53,0,review
Cc1ccc(CN(C)c2ncnc3[nH]c(-c4ccc(CO)cc4)cc23)cc1,6.7002915367538005,0.03316537814725869,0.564549575608362,358.4450000000001,4.062020000000003,65.04,2,4,4,5,0.18181818181818182,0,0.0,2.356300000000001,False,,0,,0,,0,,1.0,0.8438287965403868,1.0,0.18181818181818182,Afatinib,0.0,0.8181818181818181,0.27685711948536906,0.6698753435076761,1.0,0.9545454545454546,0.27685711948536906,0.7253194793846249,1.0,0.7231428805146309,0.27685711948536906,-0.5979498131990079,6.650543469532913,0.22928639379018012,-0.0,0.2954545454545454,7.175284408777639,0.0,0.0,0.0,0.5289286006432887,0.0,0.6789286006432887,0.2,low,agents_strongly_disagree,6.49635580813435,False,review,False,,0.388,0.7725,0.8255,0.5005,0.5615,0.397,0.4345,0.147,0.553025,0.511525,7.838914408777638,268,0.75,6.06018580813435,1,331,63,0,review
C=CC(=O)Nc1cccc(-c2coc3ncnc(N[C@H](CO)c4ccccc4)c23)c1,6.940023796226147,0.02359765217400079,0.4028995150086992,400.4380000000001,4.1598000000000015,100.28000000000002,3,6,4,7,0.08695652173913043,0,0.0,3.1862533333333345,False,,0,,0,,1,acrylamide_like,1.0,0.7899159663865547,1.0,0.2857142857142857,Sunvozertinib,0.0,0.7142857142857143,0.34348759253473626,0.5490465281265794,0.92,0.9285714285714286,0.34348759253473626,0.6852763873081861,0.9285714285714286,0.5850838360366923,0.41491616396330766,-0.4557183930312665,6.904627317965146,-0.0663428328173879,-0.0,0.2642857142857143,7.1025701994334725,0.0,0.0,0.0,0.3563547950458654,0.1,0.6063547950458654,0.2,low,agents_strongly_disagree,6.496215404387607,False,review,False,,0.439,0.534,0.615,0.5005,0.5615,0.689,0.4345,0.286,0.49670000000000003,0.50615,7.698610199433473,308,0.75,6.0535954043876075,1,332,24,0,review
CO[C@H]1[C@@H]([N+](C)(C)C)C[C@@H]2O[C@@]1(C)n1c3ccccc3c3c4c(c5c6ccccc6n2c5c31)C(=O)NC4,7.286944241899709,0.018000508263649503,0.35672413042437073,495.6030000000003,4.840800000000004,57.42,1,3,8,2,0.36666666666666664,0,0.0,6.170686666666669,False,,0,,0,,0,,1.0,0.8152461529852835,1.0,0.12173913043478261,Lazertinib,0.0,0.8782608695652174,0.43413570469037266,0.40886416916930124,1.0,0.9695652173913043,0.40886416916930124,0.7031412728127445,1.0,0.5911358308306988,0.40886416916930124,-0.35867409082982915,7.259943479504235,-0.5322122029089631,-0.0,0.31347826086956515,7.041209537464837,0.0,0.0,0.0,0.3639197885383735,0.0,0.5139197885383735,0.2,low,agents_strongly_disagree,6.527289748926464,False,review,False,,0.561,0.455,0.024,0.5005,0.5615,0.675,0.4345,0.439,0.44715000000000005,0.4780500000000001,7.577789537464837,328,0.75,6.050949748926464,1,333,5,0,review
O=C(/C=C/CN1CCCCC1)Nc1ccc2ncnc3c2c1CCN3c1ccc(OCc2ccccn2)c(Cl)c1,8.542417964157675,0.0056496691068725555,0.27012151115788363,555.0820000000004,5.932000000000006,83.48,1,7,6,8,0.2903225806451613,2,0.95,4.3672133333333365,False,,0,,0,,1,acrylamide_like,1.0,0.8749756097560976,1.0,0.23809523809523808,Osimertinib,0.0,0.7619047619047619,0.756649722664608,0.33059708754709227,0.92,0.9404761904761905,0.33059708754709227,0.7369307501719726,0.9404761904761905,0.6098791029290982,0.3901208970709018,0.02629196332351369,8.533943460497365,-1.8059282307776006,-0.0,0.2785714285714285,7.0065866582911935,0.0,0.0,0.0,0.38734887866137274,0.1,0.6373488786613728,0.2,low,agents_strongly_disagree,6.36923777962982,False,review,False,,0.917,0.289,0.268,0.5005,0.5615,0.63,0.4345,0.938,0.61075,0.6048,7.739486658291193,295,0.75,6.044997779629821,1,334,39,0,review
CC(C)OCCOc1cc2ncnc(Nc3ccc(F)c(Cl)c3)c2cc1NC(=O)/C=C/CN(C)C,8.531872374598327,0.03864494453254903,0.2813082231261116,501.99000000000024,5.026000000000004,88.61,2,7,3,11,0.32,2,0.95,3.7132666666666685,False,,0,,0,,1,acrylamide_like,1.0,0.8631963470319635,1.0,0.5897435897435898,Osimertinib,0.0,0.41025641025641024,0.7309166324767975,0.36190157400141254,0.92,0.8525641025641025,0.36190157400141254,0.7163455772605781,0.92,0.5580984259985875,0.4419015740014125,0.019428073621625797,8.473904957799505,-1.6936817768738885,-0.0,0.17307692307692307,6.9533001040025395,0.0,0.0,0.0,0.3226230324982344,0.1,0.5726230324982344,0.2,low,agents_strongly_disagree,6.380677071504305,False,review,False,,0.912,0.315,0.461,0.5005,0.5615,0.733,0.4345,0.093,0.64265,0.59455,7.72448010400254,299,0.75,6.044137071504305,1,335,36,0,review
C=CC(=O)Nc1cccc(Nc2nc(Nc3ccc4c(c3)OCCO4)ncc2F)c1,6.742589855904572,0.014494760574653414,0.5315399570172398,407.4050000000002,3.9986000000000015,97.4,3,7,4,6,0.09523809523809523,0,0.0,2.7827000000000015,False,,0,,0,,1,acrylamide_like,1.0,0.8362077067669172,1.0,0.3783783783783784,Sunvozertinib,0.0,0.6216216216216216,0.3005011315738856,0.6353200532825588,0.92,0.9054054054054054,0.3005011315738856,0.6903066475654625,0.92,0.6194988684261145,0.38050113157388554,-0.5197406879887692,6.720847715042591,0.1236587665410491,-0.0,0.23648648648648646,7.080992968070127,0.0,0.0,0.0,0.39937358553264307,0.1,0.6493735855326431,0.2,low,agents_strongly_disagree,6.431619382537484,False,review,False,,0.4,0.735,0.727,0.5005,0.5615,0.613,0.4345,0.567,0.53615,0.54225,7.724372968070127,300,0.75,6.032319382537484,1,336,36,0,review
CCC(=O)Nc1cc2c(Nc3ccc(OCc4ccccn4)cc3)ncnc2cc1OC,6.911352377862585,0.014617612864912083,0.4186679732190957,429.4800000000001,4.704500000000002,98.26,2,7,4,8,0.16666666666666666,0,0.0,3.1298666666666675,False,,0,,0,,0,,1.0,0.8183241758241758,1.0,0.4675324675324675,Osimertinib,0.0,0.5324675324675325,0.3426057654602077,0.5598878980910155,1.0,0.8831168831168832,0.3426057654602077,0.6964026366670266,1.0,0.6573942345397923,0.3426057654602077,-0.47172916160909184,6.889425958565217,-0.034145360114237744,-0.0,0.20974025974025973,7.065020858191239,0.0,0.0,0.0,0.44674279317474036,0.0,0.5967427931747404,0.2,low,agents_strongly_disagree,6.468278065016499,False,review,False,,0.43,0.561,0.635,0.5005,0.5615,0.532,0.4345,0.559,0.50105,0.5074500000000001,7.6662808581912385,314,0.75,6.027218065016499,1,337,23,0,review
COC[C@@H]1CCN1C/C=C/C(=O)Nc1cc2c(Nc3ccc(F)c(Cl)c3)ncnc2cc1OC[C@H]1[C@@H]2COC[C@@H]21,8.130739469183311,0.009775437976606408,0.32315621032883757,568.0490000000001,4.652500000000003,97.84000000000002,2,8,6,11,0.41379310344827586,1,0.5,6.15366,False,,0,,0,,1,acrylamide_like,1.0,0.9142857142857143,1.0,0.5517241379310345,Osimertinib,0.0,0.4482758620689655,0.6508420607122033,0.3410566849116299,0.92,0.8620689655172413,0.3410566849116299,0.6934919277852687,0.92,0.5789433150883702,0.42105668491162984,-0.0568664894307539,8.116076312218402,-1.3085134793263347,-0.0,0.18448275862068964,6.992045591512757,0.0,0.0,0.0,0.3486791438604627,0.1,0.5986791438604627,0.2,low,agents_strongly_disagree,6.393366447652294,False,review,False,,0.826,0.399,0.025,0.5005,0.5615,0.699,0.4345,0.792,0.55535,0.5693,7.658465591512757,317,0.75,6.026526447652294,1,338,21,0,review
Cc1ccc(Nc2ncnc3cc(OC(C)C)c4c(c23)OCCO4)cc1C#N,6.515348843169451,0.01524642793102236,0.7326422342799789,376.41600000000017,4.111900000000003,89.29000000000002,1,7,4,4,0.2857142857142857,0,0.0,2.3761066666666677,False,,0,,0,,0,,1.0,0.7663782051282051,1.0,0.3146067415730337,Erlotinib,0.0,0.6853932584269663,0.24316471124064712,0.7615645109052704,1.0,0.9213483146067416,0.24316471124064712,0.7315193841881649,1.0,0.7568352887593529,0.2431647112406471,-0.6511395639300236,6.492479201272918,0.40479766285140734,-0.0,0.25561797752808985,7.152894841652414,0.0,0.0,0.0,0.5710441109491912,0.0,0.7210441109491912,0.2,low,agents_strongly_disagree,6.431850730703223,False,review,False,,0.339,0.939,0.817,0.5005,0.5615,0.338,0.4345,0.539,0.5630000000000001,0.5346500000000001,7.8284948416524145,271,0.75,6.0234307307032235,1,339,68,0,review
COc1ccc(-c2[nH]nc3ncnc(Nc4cccc(Cl)c4)c23)cc1,6.612648265694152,0.010069344455289614,0.5686718730961793,351.7970000000001,4.425500000000002,75.72,2,5,4,4,0.05555555555555555,0,0.0,2.2119800000000005,False,,0,,0,,0,,1.0,0.7931661734491924,1.0,0.2875,Osimertinib,0.0,0.7125,0.2711135253048353,0.6776933763567448,1.0,0.928125,0.2711135253048353,0.719232975415395,1.0,0.7288864746951647,0.27111352530483535,-0.597492600147413,6.597544249011218,0.24243042865173478,-0.0,0.26375,7.103724677662953,0.0,0.0,0.0,0.5361080933689558,0.0,0.6861080933689558,0.2,low,agents_strongly_disagree,6.417616584293997,False,review,False,,0.369,0.782,0.853,0.5005,0.5615,0.385,0.4345,0.778,0.5505,0.54035,7.764324677662953,288,0.75,6.016036584293997,1,340,52,0,review
COc1ccccc1-c1cc2c(NC(C)c3ccccc3)ncnc2s1,7.208047420898161,0.018210828721688752,0.5068538258732086,361.47,5.540000000000004,47.04,1,5,4,5,0.14285714285714285,1,0.45,2.726466666666667,False,,0,,0,,0,,1.0,0.9450980392156862,1.0,0.23170731707317074,Osimertinib,0.0,0.7682926829268293,0.4142642751193582,0.5739055016661622,1.0,0.9420731707317074,0.4142642751193582,0.732560736879307,1.0,0.5857357248806419,0.41426427511935815,-0.42439528234659823,7.180731177815628,-0.5878304598410773,-0.0,0.28048780487804875,6.873388522852599,0.0,0.0,0.0,0.3571696561008023,0.0,0.5071696561008023,0.2,low,agents_strongly_disagree,6.3662188667517965,False,review,False,,0.54,0.704,0.743,0.5005,0.5615,0.687,0.4345,0.432,0.59535,0.5818499999999999,7.587808522852599,325,0.75,6.014438866751797,1,341,16,0,review
O=C(/C=C/CN1CCC1CO)Nc1cc2c(Nc3ccc(F)c(Cl)c3)ncnc2cc1OC[C@H]1[C@@H]2COC[C@@H]21,8.071999460784022,0.011747658919863922,0.32335157589407365,554.0220000000003,3.998400000000002,108.84000000000002,3,8,6,10,0.39285714285714285,1,0.5,5.9601466666666685,False,,0,,0,,1,acrylamide_like,1.0,0.8843099989441452,1.0,0.5287356321839081,Osimertinib,0.0,0.47126436781609193,0.6347765039521008,0.34860695648533024,0.92,0.867816091954023,0.34860695648533024,0.6927998880978635,0.92,0.5713930435146698,0.4286069564853302,-0.07736451219435025,8.054377972404227,-1.2813847098202122,-0.0,0.19137931034482752,6.964372572928842,0.0,0.0,0.0,0.3392413043933373,0.1,0.5892413043933373,0.2,low,agents_strongly_disagree,6.375131268535505,False,review,False,,0.808,0.4,0.031,0.5005,0.5615,0.709,0.4345,0.69,0.54835,0.56055,7.622392572928842,319,0.75,5.997791268535504,1,342,23,0,review
COc1cc2ncnc(Nc3cccc(Cl)c3OC)c2cc1N1CC2(CCN(C)CC2)OC1=O,6.906809689849948,0.04785527773545775,0.5684504150731631,483.9560000000005,4.465000000000004,89.05000000000001,1,8,5,5,0.375,0,0.0,3.893040000000003,False,,0,,0,,0,,1.0,0.7194527500922849,1.0,0.37777777777777777,Gefitinib,0.0,0.6222222222222222,0.3182037280476665,0.6129154205979319,1.0,0.9055555555555556,0.3182037280476665,0.7091686760502884,1.0,0.6817962719523335,0.3182037280476665,-0.5212865973368294,6.835026773246761,0.021994415073162604,-0.0,0.23666666666666664,7.09368785498659,0.0,0.0,0.0,0.4772453399404169,0.0,0.627245339940417,0.2,low,agents_strongly_disagree,6.4664425150461735,False,review,False,,0.428,0.779,0.392,0.5005,0.5615,0.484,0.4345,0.035,0.5073000000000001,0.4842499999999999,7.70244785498659,307,0.75,5.997542515046174,1,343,36,0,review
Fc1cccc(COc2ccc(Nc3ncnc4nn5ccccc5c34)cc2Cl)c1,7.353789974767551,0.027558743421149196,0.41333954857532906,419.8470000000001,5.3926000000000025,64.34,1,5,5,5,0.045454545454545456,1,0.45,2.965646666666667,False,,0,,0,,0,,1.0,0.7384467115498465,1.0,0.3111111111111111,Dacomitinib,0.0,0.6888888888888889,0.44415637329708335,0.5132734183830977,1.0,0.9222222222222223,0.44415637329708335,0.7199130034756008,1.0,0.5558436267029166,0.44415637329708335,-0.3676755069046901,7.312451859635828,-0.7269619968792165,-0.0,0.25666666666666665,6.842156529423278,0.0,0.0,0.0,0.31980453337864584,0.0,0.46980453337864586,0.2,low,agents_strongly_disagree,6.372351996044632,False,review,False,,0.589,0.555,0.667,0.5005,0.5615,0.738,0.4345,0.219,0.5761999999999999,0.5610499999999999,7.533596529423278,341,0.75,5.995611996044632,1,344,3,0,review
C#Cc1cccc(Nc2ncnc3cc4c(cc23)N(CCCN2CCCCC2)C(=O)CO4)c1,6.72784547248158,0.01615781084096057,0.5842536181492723,441.5350000000005,3.9561000000000037,70.59,1,6,5,6,0.34615384615384615,0,0.0,3.2102333333333366,False,,0,,0,,0,,1.0,0.8497786720321931,1.0,0.3763440860215054,Erlotinib,0.0,0.6236559139784946,0.2956509005317227,0.6478689771615869,1.0,0.9059139784946236,0.2956509005317227,0.7123584640469833,1.0,0.7043490994682773,0.2956509005317227,-0.5556100846870141,6.70360875622014,0.13733400276465646,-0.0,0.2370967741935484,7.0780395331783446,0.0,0.0,0.0,0.5054363743353466,0.0,0.6554363743353466,0.2,low,agents_strongly_disagree,6.422603158842998,False,review,False,,0.396,0.802,0.609,0.5005,0.5615,0.434,0.4345,0.505,0.53005,0.5183,7.714099533178344,302,0.75,5.994563158842998,1,345,43,0,review
Nc1ncnc2c1c(-c1ccc(O)cc1)cn2C1CCCC1,6.488344636572632,0.013664398221232393,0.7580244739154796,294.3580000000001,3.5012000000000016,76.96000000000001,2,4,4,2,0.29411764705882354,0,0.0,2.0,False,,1,aniline,0,,0,,1.0,0.8417281324946829,1.0,0.11458333333333333,Lazertinib,0.0,0.8854166666666666,0.23752108038829522,0.789990383730437,0.88,0.9713541666666666,0.23752108038829522,0.7197164076963497,0.9713541666666666,0.7338330862783714,0.2661669137216286,-0.642927103077406,6.467848039240783,0.48743623862136193,-0.2,0.315625,7.070909277862144,0.0,0.0,0.0,0.5422913578479642,0.0,0.6922913578479643,0.2,low,agents_strongly_disagree,6.37861792001418,False,review,False,,0.334,0.954,0.923,0.5005,0.5615,0.378,0.4345,0.612,0.57965,0.55365,7.766489277862144,286,0.75,5.99299792001418,1,346,60,0,review
COC[C@@H]1CCCN1C/C=C\C(=O)Nc1ccc2ncnc(Nc3cccc(Br)c3)c2c1,6.89172120204554,0.0068281914931956015,0.43892689530067913,496.40900000000016,4.741400000000003,79.38,2,6,4,8,0.2916666666666667,0,0.0,3.9260600000000014,False,,0,,0,,1,acrylamide_like,1.0,0.8886195995785038,1.0,0.34065934065934067,Osimertinib,0.0,0.6593406593406593,0.34315056646614805,0.5404074847230658,0.92,0.9148351648351648,0.34315056646614805,0.6795983040060947,0.92,0.576849433533852,0.423150566466148,-0.44859698338659537,6.881478914805746,-0.12081543803265443,-0.0,0.24780219780219775,7.00846567457529,0.0,0.0,0.0,0.346061791917315,0.1,0.596061791917315,0.2,low,agents_strongly_disagree,6.412403882657975,False,review,False,,0.425,0.601,0.383,0.5005,0.5615,0.701,0.4345,0.902,0.469,0.5207999999999999,7.57126567457529,329,0.75,5.9873638826579745,1,347,18,0,review
Cc1ncnc(Nc2ccc(OCc3cccc(F)c3)c(Cl)c2)c1C#CCCCN1CCOCC1,7.512335030546889,0.01716374541106384,0.33566769320339057,494.9980000000004,5.364020000000005,59.510000000000005,1,6,4,8,0.3333333333333333,1,0.45,3.5666533333333357,False,,0,,0,,0,,1.0,0.8969100333209923,1.0,0.4606741573033708,Dacomitinib,0.0,0.5393258426966292,0.4910691358489775,0.4474382569028904,1.0,0.8848314606741573,0.4474382569028904,0.7058347133565063,1.0,0.5525617430971096,0.4474382569028904,-0.28635410334337175,7.486589412430293,-0.8659969734632764,-0.0,0.21179775280898877,6.832390191776006,0.0,0.0,0.0,0.315702178871387,0.0,0.46570217887138704,0.2,low,agents_strongly_disagree,6.366688012904619,False,review,False,,0.648,0.423,0.508,0.5005,0.5615,0.747,0.4345,0.465,0.5525,0.5562499999999999,7.495390191776006,353,0.75,5.984188012904618,1,348,0,5,review
CCC(=O)Nc1cc2c(NCc3ccccc3)ncnc2cc1OC,6.544491607897808,0.03451853420416914,0.7191434535046699,336.3950000000001,3.599000000000003,76.14,2,5,3,6,0.21052631578947367,0,0.0,2.2,False,,0,,0,,0,,1.0,0.7883677208329736,1.0,0.4246575342465753,Osimertinib,0.0,0.5753424657534247,0.2369599280315337,0.7609135148121839,1.0,0.8938356164383562,0.2369599280315337,0.7229272648205185,1.0,0.7630400719684662,0.23695992803153376,-0.6479564490519796,6.492713806591555,0.41019608508361727,-0.0,0.2226027397260274,7.125512631401199,0.0,0.0,0.0,0.5788000899605829,0.0,0.7288000899605829,0.2,low,agents_strongly_disagree,6.396712541440617,False,review,False,,0.344,0.925,0.8625,0.5005,0.5615,0.326,0.4345,0.129,0.569275,0.5169,7.8086426314012,275,0.75,5.966992541440617,1,349,74,0,review
Cc1ccccc1CN(C)c1ncnc2[nH]c(-c3ccc(CO)cc3)cc12,6.653813090901839,0.040032610553293546,0.564549575608362,358.4450000000001,4.062020000000003,65.04,2,4,4,5,0.18181818181818182,0,0.0,2.356300000000001,False,,0,,0,,0,,1.0,0.8180272383102573,1.0,0.20512820512820512,Afatinib,0.0,0.7948717948717949,0.26043044533815435,0.6698753435076761,1.0,0.9487179487179487,0.26043044533815435,0.7197559343909448,1.0,0.7395695546618457,0.2604304453381543,-0.6124339854037206,6.593764175071899,0.22928639379018012,-0.0,0.2884615384615385,7.111512107323618,0.0,0.0,0.0,0.5494619433273071,0.0,0.6994619433273072,0.2,low,agents_strongly_disagree,6.412050163996311,False,review,False,,0.378,0.7725,0.8255,0.5005,0.5615,0.367,0.4345,0.077,0.5485249999999999,0.5020249999999999,7.7697421073236175,285,0.75,5.964480163996311,1,350,65,0,review
C=CC(=O)N1CCOc2ccc(Nc3nc(Nc4ccc(OC)nc4)ncc3F)cc21,6.6532299406763995,0.017170257073742128,0.5830058917235363,422.4200000000002,3.4179000000000013,101.5,2,8,4,6,0.14285714285714285,0,0.0,2.8828000000000014,False,,0,,0,,1,acrylamide_like,1.0,0.8073788073788073,1.0,0.2967032967032967,Osimertinib,0.0,0.7032967032967032,0.2762883052174804,0.6597763173710218,0.92,0.9258241758241759,0.2762883052174804,0.6954721996031695,0.9258241758241759,0.6495358706066955,0.3504641293933045,-0.5589118591809189,6.6274745550657865,0.16487160600925044,-0.0,0.26098901098901095,7.053335172064048,0.0,0.0,0.0,0.4369198382583694,0.1,0.6869198382583694,0.2,low,agents_strongly_disagree,6.366415333805678,False,review,False,,0.377,0.8,0.697,0.5005,0.5615,0.554,0.4345,0.464,0.5343,0.5310499999999999,7.694495172064048,309,0.75,5.953675333805678,1,351,42,0,review
CC[C@@H](Nc1ncnc2sc3c(c12)CCN(C(=O)/C=C/CN(C)C)C3)c1ccccc1,6.753811007508675,0.026797715247612586,0.5621602899910161,435.59700000000015,4.257000000000003,61.36000000000001,1,6,4,7,0.375,0,0.0,3.4206466666666677,False,,0,,0,,1,acrylamide_like,1.0,0.8535683509596554,1.0,0.20652173913043478,Afatinib,0.0,0.7934782608695652,0.29469435120384,0.6276248261617254,0.92,0.9483695652173914,0.29469435120384,0.6976721856457393,0.9483695652173914,0.6536752140135513,0.34632478598644867,-0.5373037792558657,6.713614434637257,0.08656328999101595,-0.0,0.28804347826086957,7.088221202889142,0.0,0.0,0.0,0.44209401751693916,0.1,0.6920940175169392,0.2,low,agents_strongly_disagree,6.396127185372203,False,review,False,,0.401,0.767,0.55,0.5005,0.5615,0.542,0.4345,0.232,0.5164500000000001,0.5058,7.707961202889142,304,0.75,5.953087185372203,1,352,48,0,review
Cc1nc(F)ccc1[C@H](Nc1cc(C#N)c2ncc(C#N)c(NCC(C)(C)C)c2c1)C1=CN(C2(C)CC2)NN1,8.704051918594711,0.0027431629701392167,0.30995418633835276,525.6360000000003,5.150580000000003,124.72,4,9,5,7,0.3793103448275862,2,0.95,4.220906666666669,False,,1,hydrazine,1,hydrazine,0,,1.0,0.9170512820512821,1.0,0.1322314049586777,Erlotinib,0.0,0.8677685950413223,0.7990927655695803,0.3581322383835298,0.7,0.9669421487603306,0.3581322383835298,0.7060417881783602,0.9669421487603306,0.6088099103768008,0.39119008962319923,0.12406796985496016,8.699937174139503,-1.735250779178889,-0.5,0.3103305785123966,6.775016973473011,0.0,0.0,0.0,0.38601238797100096,0.0,0.536012387971001,0.2,low,agents_strongly_disagree,6.239004585502009,False,review,False,,0.957,0.366,0.301,0.5005,0.5615,0.632,0.4345,0.989,0.6491,0.6344,7.553936973473011,336,0.75,5.9502845855020094,1,353,17,0,review
NC(=O)CN1CCC(n2cc(-c3cccc(O)c3)c3c(N)ncnc32)CC1,6.588124196863395,0.016118832357712547,0.6429647259188606,366.4250000000002,1.5083,123.29,3,6,4,4,0.3157894736842105,0,0.0,2.309500000000001,False,,1,aniline,0,,0,,1.0,0.857446545544432,1.0,0.1523809523809524,Lazertinib,0.0,0.8476190476190476,0.26074786656544985,0.7148036761784502,0.88,0.9619047619047619,0.26074786656544985,0.7043640761621656,0.9619047619047619,0.7011568953393121,0.29884310466068786,-0.5914882794622875,6.563945948326825,0.32811867328728145,-0.2,0.3042857142857142,6.996350335899821,0.0,0.0,0.0,0.5014461191741402,0.0,0.6514461191741402,0.2,low,agents_strongly_disagree,6.3449042167256815,False,review,False,,0.355,0.867,0.839,0.5005,0.5615,0.443,0.4345,0.507,0.5590999999999999,0.53975,7.667270335899821,313,0.75,5.942604216725681,1,354,41,0,review
COc1cc2ncnc(N(C)c3cccc(C(F)(F)F)c3)c2cc1OC,6.528510773564004,0.045830817890660985,0.6861101915728354,363.3390000000001,4.4337000000000035,47.480000000000004,0,5,3,4,0.2222222222222222,0,0.0,2.0889266666666675,False,,0,,0,,0,,1.0,0.7583481218574386,1.0,0.27848101265822783,Gefitinib,0.0,0.7215189873417722,0.22504612086753825,0.7470172720317261,1.0,0.9303797468354431,0.22504612086753825,0.7256107849336768,1.0,0.7749538791324617,0.22504612086753828,-0.6674195520881848,6.459764546728012,0.3949934137950575,-0.0,0.2664556962025317,7.121213656725601,0.0,0.0,0.0,0.5936923489155772,0.0,0.7436923489155772,0.2,low,agents_strongly_disagree,6.3775213078100235,False,review,False,,0.341,0.903,0.9,0.5005,0.5615,0.31,0.4345,0.042,0.56915,0.5105,7.804193656725601,276,0.75,5.940121307810023,1,355,79,0,review
O=C(Cc1csc2nc3ccccc3n12)Nc1ccccc1O,6.663167044192856,0.04113486493252575,0.5676373884528724,323.37700000000007,3.435800000000001,66.63000000000001,2,4,4,3,0.058823529411764705,0,0.0,2.1,False,,0,,0,,0,,1.0,0.6007437934458789,0.8195341699015979,0.14102564102564102,Afatinib,0.0,0.858974358974359,0.261997355595446,0.6814313328798491,1.0,0.8293942171697882,0.261997355595446,0.6932057264112709,1.0,0.738002644404554,0.261997355595446,-0.5749444944210998,6.6014647467940675,0.2585197413940488,-0.0,0.2625758501677072,7.122560338355823,0.0,0.0,0.0,0.5475033055056925,0.0,0.6975033055056925,0.2,low,agents_strongly_disagree,6.42505703285013,False,review,False,,0.381,0.778,0.894,0.5005,0.063,0.373,0.4345,0.062,0.56125,0.4606,7.796060338355823,279,0.75,5.9277770328501305,1,356,77,0,review
CN(C)C/C=C/C(=O)Nc1ccc2ncnc3c2c1C=CN3c1ccc(OCc2ccccn2)c(Cl)c1,9.0391464972611,0.009973279081111163,0.3147753887532181,513.0010000000002,5.435900000000005,83.48,1,7,5,8,0.14285714285714285,2,0.95,3.8866733333333343,False,,0,,0,,1,acrylamide_like,1.0,0.8445242396868412,1.0,0.2727272727272727,Osimertinib,0.0,0.7272727272727273,0.8778053289584973,0.373639027916834,0.92,0.9318181818181819,0.373639027916834,0.7758156346733782,0.9318181818181819,0.5581791539013479,0.44182084609865213,0.13598625904682538,9.024186578639434,-1.7039398969610677,-0.0,0.26818181818181813,7.588428499860185,0.0,0.0,0.0,0.32272394237668484,0.1,0.835223942376685,0.55,high,potency_dominates_drug_likeness;agents_strongly_disagree;reactive_warhead_could_inflate_proxy_score,6.7532045574835,False,review,False,,0.985,0.377,0.395,0.5005,0.5615,0.732,0.009,0.783,0.6779999999999999,0.611,8.402028499860185,145,0.75,5.9114045574834995,1,357,212,0,review
C=CC(=O)Nc1cccc(-n2c(=O)c(=O)n(C(C)C)c3cnc(Nc4ccc(N5CCN(C)CC5)c(C)c4)nc32)c1,8.596980298837646,0.010252238369719283,0.26359914311057514,554.6550000000003,3.451620000000002,117.38999999999999,2,8,5,7,0.3,1,0.5,4.064366666666669,True,anil_di_alk_A(478),0,,0,,1,acrylamide_like,1.0,0.8072874337242153,1.0,0.23232323232323232,Sunvozertinib,0.0,0.7676767676767677,0.7670685078506081,0.3886577338390214,0.67,0.9419191919191919,0.3886577338390214,0.6919113584022054,0.9419191919191919,0.5532614580801705,0.44673854191982953,0.10020953259787035,8.581601941283068,-1.0660558568894252,-0.4,0.28030303030303033,7.395849114696673,0.0,0.0,0.0,0.3165768226002131,0.1,0.7540768226002131,0.45,medium,unsafe_structure_can_game_single_score;agents_strongly_disagree,6.6417722920964595,False,review,False,,0.933,0.276,0.338,0.5005,0.5615,0.745,0.043,0.769,0.62585,0.5785499999999999,8.146869114696672,196,0.75,5.9110322920964595,1,358,162,0,review
Cn1c(=O)c(-c2c(Cl)cccc2Cl)cc2cnc(Nc3ccc(CC(=O)O)cc3)nc21,6.711066229841334,0.010690318055480768,0.4540340574260972,455.3010000000002,4.673000000000004,97.11,2,5,4,5,0.09090909090909091,0,0.0,3.0020066666666683,False,,0,,0,,0,,1.0,0.8089003250854461,1.0,0.19767441860465115,Sunvozertinib,0.0,0.8023255813953488,0.295283334821497,0.5842569367125585,1.0,0.9505813953488372,0.295283334821497,0.7075304167207231,1.0,0.7047166651785031,0.29528333482149693,-0.549662775865635,6.695030752758113,0.012823966517006067,-0.0,0.2906976744186046,6.998552393693723,0.0,0.0,0.0,0.5058958314731289,0.0,0.6558958314731289,0.2,low,agents_strongly_disagree,6.342656562220594,False,review,False,,0.392,0.62,0.66,0.5005,0.5615,0.432,0.4345,0.742,0.49949999999999994,0.5065500000000001,7.597952393693723,321,0.75,5.900516562220594,1,359,38,0,review
CCOc1cc2ncnc(Nc3ccc4c(cnn4Cc4ccccc4)c3)c2cc1NC(=O)/C=C/CN1CCN(C)CC1,7.876858957424973,0.00811553464288443,0.22634110296716636,576.705,4.912200000000004,100.44,2,8,6,10,0.2727272727272727,1,0.5,4.711366666666667,False,,0,,0,,1,acrylamide_like,1.0,0.9073373096000832,1.0,0.38144329896907214,Osimertinib,0.0,0.6185567010309279,0.5885338651062243,0.3432811963755313,0.92,0.904639175257732,0.3432811963755313,0.6891135591848718,0.92,0.5767188036244688,0.4232811963755312,-0.13410625877153015,7.864685655460646,-1.2030911697601063,-0.0,0.23556701030927835,6.897161496009819,0.0,0.0,0.0,0.345898504530586,0.1,0.595898504530586,0.2,low,agents_strongly_disagree,6.301262991479232,False,review,False,,0.762,0.191,0.174,0.5005,0.5615,0.702,0.4345,0.865,0.5073000000000001,0.5377499999999998,7.505921496009819,352,0.75,5.896562991479232,1,360,8,0,review
COc1cc(N2CCC3(CC2)CN(C)C3)c(C)cc1Nc1ncc(C2CC2)c(Nc2ccc3ccccc3c2P(C)(C)=O)n1,8.784282208738409,0.015718568358710064,0.20476426057729197,610.7430000000002,7.091420000000007,82.62,2,8,7,8,0.42857142857142855,2,0.95,5.438286666666668,False,,0,,0,,0,,1.0,0.815986055132875,1.0,0.24778761061946902,Lazertinib,0.0,0.752212389380531,0.8100675543335052,0.2534554715226387,1.0,0.9380530973451328,0.2534554715226387,0.7503940308003192,1.0,0.7465445284773613,0.2534554715226387,0.07956469804424804,8.760704356200344,-2.0181215965655657,-0.0,0.2756637168141593,7.018246476448938,0.0,0.0,0.0,0.5581806605967017,0.0,0.7081806605967017,0.2,low,agents_strongly_disagree,6.310065815852236,False,review,False,,0.964,0.151,0.058,0.5005,0.5615,0.356,0.4345,0.52,0.5728,0.5289,7.705606476448938,305,0.75,5.894745815852237,1,361,56,0,review
C=CC(=O)N1CC[C@H](Nc2nc(Nc3ccccc3)nc3cnc(Nc4ccc(N5CCN(C)CC5)cn4)cc23)C1,7.779805101067382,0.01899191316765607,0.2795352891812717,550.6710000000003,3.8576000000000024,114.44,3,10,6,8,0.3,1,0.5,4.687806666666669,False,,0,,0,,1,acrylamide_like,1.0,0.8401300813008131,1.0,0.22916666666666666,Sunvozertinib,0.0,0.7708333333333334,0.5566569360494862,0.37344415263944297,0.92,0.9427083333333334,0.37344415263944297,0.6982023555055656,0.9427083333333334,0.5692641806938904,0.4307358193061096,-0.1887272259414393,7.751317231315897,-1.1436357108187287,-0.0,0.28125,6.888931520497168,0.0,0.0,0.0,0.336580225867363,0.1,0.586580225867363,0.2,low,agents_strongly_disagree,6.302351294629806,False,review,False,,0.74,0.309,0.185,0.5005,0.5615,0.713,0.4345,0.412,0.5226500000000001,0.5284,7.5161115204971685,346,0.75,5.886431294629806,1,362,16,0,review
CN(C)C1CCN(c2ccc(Nc3cc4c(N5CCC(CO)CC5)nc(Nc5ccc(F)cc5)nc4cn3)nc2)CC1,7.682556326069121,0.013828775115729738,0.2735279534418559,571.705,4.785200000000004,105.57000000000001,3,10,6,8,0.41935483870967744,1,0.5,4.478033333333333,False,,0,,0,,0,,1.0,0.8474774812106813,1.0,0.2,Sunvozertinib,0.0,0.8,0.5359589389362694,0.3782083231109695,1.0,0.95,0.3782083231109695,0.7160418155118098,1.0,0.6217916768890305,0.3782083231109695,-0.24011050210072027,7.661813163395526,-1.1062415626871762,-0.0,0.29,6.845571600708349,0.0,0.0,0.0,0.4022395961112881,0.0,0.5522395961112881,0.2,low,agents_strongly_disagree,6.293332004597061,False,review,False,,0.715,0.297,0.236,0.5005,0.5615,0.608,0.4345,0.6,0.5166499999999999,0.5231,7.465551600708349,362,0.75,5.871052004597061,1,363,1,0,review
CCOC(=O)CCC(=O)Nc1cc(Nc2cccc(Br)c2)ncn1,6.39758207870398,0.010632615190458801,0.7018351742887791,393.24100000000004,3.264500000000001,93.21000000000001,2,6,2,7,0.25,0,0.0,2.3882733333333337,False,,0,,0,,0,,1.0,0.7057018453244869,1.0,0.21794871794871795,Sunvozertinib,0.0,0.782051282051282,0.21695268904267387,0.7441526791921618,1.0,0.9455128205128205,0.21695268904267387,0.726654547186914,1.0,0.7830473109573262,0.21695268904267384,-0.6796024775256535,6.3816331559182915,0.36859417428877905,-0.0,0.2846153846153846,7.034842714822455,0.0,0.0,0.0,0.6038091386966578,0.0,0.7538091386966578,0.2,low,agents_strongly_disagree,6.281033576125797,False,review,False,,0.315,0.909,0.815,0.5005,0.5615,0.306,0.4345,0.749,0.5458999999999999,0.53005,7.689922714822455,311,0.75,5.8670935761257965,1,364,53,0,review
COc1ccccc1-c1cc2c(Nc3ccccc3)ncnc2s1,6.983177549764423,0.01119171979788901,0.5635452787010606,333.41600000000005,5.110500000000003,47.04,1,5,4,4,0.05263157894736842,1,0.45,2.2,False,,0,,0,,0,,1.0,0.789727463312369,1.0,0.29333333333333333,Osimertinib,0.0,0.7066666666666667,0.3629601835825834,0.6253345186701987,1.0,0.9266666666666666,0.3629601835825834,0.7287403422298622,1.0,0.6370398164174166,0.3629601835825834,-0.4877068781963718,6.966389970067589,-0.46119156340420253,-0.0,0.26199999999999996,6.767198406663386,0.0,0.0,0.0,0.42129977052177076,0.0,0.5712997705217708,0.2,low,agents_strongly_disagree,6.1958986361416155,False,review,False,,0.455,0.771,0.8625,0.5005,0.5615,0.581,0.4345,0.722,0.588425,0.58225,7.473308406663386,359,0.75,5.844598636141615,1,365,6,0,review
Cc1ncccc1[C@H](Nc1cc(Cl)c2ncc(C#N)c(Nc3cnc(F)c(F)c3)c2c1)C1=CN(C2COC2)NN1,8.155730562739162,0.008767667040209893,0.23805644806568518,561.984,4.598300000000003,123.05,4,10,6,7,0.18518518518518517,1,0.5,4.663226666666667,False,,1,hydrazine,1,hydrazine,0,,1.0,0.8148129423660263,1.0,0.19827586206896552,Dacomitinib,0.0,0.8017241379310345,0.6577952737566436,0.35157617464125507,0.7,0.9504310344827587,0.35157617464125507,0.6649506207201643,0.9504310344827587,0.5988548598415036,0.40114514015849645,-0.009540462618027767,8.142579062178847,-1.1929090334157961,-0.5,0.2905172413793103,6.740187270142361,0.0,0.0,0.0,0.37356857480187944,0.0,0.5235685748018795,0.2,low,agents_strongly_disagree,6.216618695340481,False,review,False,,0.836,0.219,0.191,0.5005,0.5615,0.655,0.4345,0.837,0.54875,0.55975,7.398687270142361,387,0.75,5.83831869534048,1,366,0,21,review
COc1cc2ncnc(Nc3ccc(F)c(Cl)c3)c2cc1OCCN1CCCCC1,7.212723912706193,0.03186788739441519,0.5663336288782064,430.9110000000004,5.039200000000005,59.51000000000001,1,6,4,7,0.36363636363636365,1,0.45,3.03940666666667,False,,0,,0,,0,,1.0,0.9335950532067875,1.0,0.796875,Gefitinib,0.0,0.203125,0.40587345700045757,0.594583239472757,1.0,0.80078125,0.40587345700045757,0.7003094866183037,1.0,0.5941265429995424,0.4058734570004576,-0.39258137282379485,7.16492208161457,-0.5532137347581577,-0.0,0.11093749999999997,6.7226458468564125,0.0,0.0,0.0,0.36765817874942797,0.0,0.517658178749428,0.2,low,agents_strongly_disagree,6.204987668106985,False,review,False,,0.543,0.775,0.653,0.5005,0.5615,0.663,0.4345,0.16,0.5974,0.5684,7.439525846856412,371,0.75,5.837067668106985,1,367,0,4,review
Fc1cccc(COc2ccc(Nc3ncnc4sc(-c5ccc[nH]5)cc34)cc2Cl)c1,7.330858278731552,0.007026613851578119,0.29831263449481793,450.92600000000016,6.801500000000003,62.83,2,5,5,6,0.043478260869565216,1,0.45,3.2728400000000013,False,,0,,0,,0,,1.0,0.7961932883825467,1.0,0.3076923076923077,Gefitinib,0.0,0.6923076923076923,0.45279593998678325,0.43819348743368836,1.0,0.9230769230769231,0.43819348743368836,0.7035165876243488,1.0,0.5618065125663116,0.43819348743368836,-0.3342941968500872,7.320318357954185,-0.8882655394182257,-0.0,0.25769230769230766,6.689745126228267,0.0,0.0,0.0,0.32725814070788956,0.0,0.4772581407078896,0.2,low,agents_strongly_disagree,6.2124869855203775,False,review,False,,0.58,0.351,0.589,0.5005,0.5615,0.725,0.4345,0.895,0.51965,0.5524499999999999,7.313325126228267,401,0.75,5.8254269855203775,1,368,0,33,review
Cc1nc(F)ccc1[C@H](Nc1cc(Cl)c2ncc(C#N)c(NCC(C)(C)C)c2c1)C1=CN(C2(C)CC2)NN1,8.663382822368625,0.0037079744560311366,0.27656417920194537,535.0710000000004,5.932300000000005,100.92999999999999,4,8,5,7,0.39285714285714285,2,0.95,4.283806666666669,False,,1,hydrazine,1,hydrazine,0,,1.0,0.9121459006758743,1.0,0.16379310344827586,Gefitinib,0.0,0.8362068965517242,0.7882501234729344,0.33734850368927505,0.7,0.959051724137931,0.33734850368927505,0.696162587825035,0.959051724137931,0.621703220448656,0.378296779551344,0.12278338086386575,8.657820860684579,-1.7767211065123405,-0.5,0.3008620689655172,6.6819618231377556,0.0,0.0,0.0,0.40212902556082003,0.0,0.55212902556082,0.2,low,agents_strongly_disagree,6.1298327975769356,False,review,False,,0.949,0.302,0.288,0.5005,0.5615,0.609,0.4345,0.977,0.6307499999999999,0.6181999999999999,7.4388618231377555,372,0.75,5.821672797576936,1,369,0,3,review
C#Cc1cc2c(Nc3ccc(OCc4cccc(F)c4)c(Cl)c3)ncnc2s1,7.151731734171591,0.011478741889634133,0.42378149723534525,409.873,5.787700000000003,47.04,1,5,4,5,0.047619047619047616,1,0.45,2.6991533333333333,False,,0,,0,,0,,1.0,0.7950700280112045,1.0,0.3218390804597701,Gefitinib,0.0,0.6781609195402298,0.40489781422015386,0.5292662337358502,1.0,0.9195402298850575,0.40489781422015386,0.7134260694602654,1.0,0.5951021857798462,0.4048978142201538,-0.41137100698681534,7.13451362133714,-0.6763295980027499,-0.0,0.2534482758620689,6.7116322991964585,0.0,0.0,0.0,0.36887773222480774,0.0,0.5188777322248077,0.2,low,agents_strongly_disagree,6.192754566971651,False,review,False,,0.509,0.573,0.75,0.5005,0.5615,0.661,0.4345,0.705,0.55625,0.56465,7.379132299196458,391,0.75,5.820334566971651,1,370,0,21,review
O=C(CN1CCOCC1)Nc1ccc(Nc2ncc(Cl)c(Nc3ccccc3C(=O)NO)n2)cc1,7.129689670799857,0.019658967159201853,0.23437086964998682,497.9430000000002,3.0069,140.74,5,9,4,8,0.21739130434782608,0,0.25,3.586286666666668,False,,0,,0,,0,,1.0,0.8095225155279504,1.0,0.25,Dacomitinib,0.0,0.75,0.39366114068852304,0.4409698757433902,1.0,0.9375,0.39366114068852304,0.6930327541079784,1.0,0.6063388593114769,0.3936611406885231,-0.3991621512259404,7.100201220061055,-0.5318329999152308,-0.0,0.27499999999999997,6.843368220145824,0.0,0.0,0.0,0.38292357413934613,0.0,0.5329235741393461,0.2,low,agents_strongly_disagree,6.310444646006478,False,review,False,,0.503,0.206,0.5,0.5005,0.5615,0.64,0.4345,0.386,0.44265,0.46474999999999994,7.374548220145824,393,0.75,5.818144646006478,1,371,0,22,review
CN1CCC(c2ccc(-c3ccc4c(=O)n(C(C(=O)Nc5nccs5)c5ccccc5)ncc4c3)cc2)CC1,8.297045720564455,0.027694200008908668,0.3081011718884823,535.673,5.557300000000005,80.12,1,6,6,6,0.22580645161290322,2,0.95,4.3878200000000005,False,,0,,0,,0,,1.0,0.8320612060137431,1.0,0.1574074074074074,Gefitinib,0.0,0.8425925925925926,0.6798754901348777,0.3506933368463575,1.0,0.9606481481481481,0.3506933368463575,0.7478042437823458,1.0,0.6493066631536425,0.3506933368463575,-0.09057167152995749,8.255504420551093,-1.7774911829502273,-0.0,0.30277777777777776,6.780791015378644,0.0,0.0,0.0,0.43663332894205314,0.0,0.5866333289420531,0.2,low,agents_strongly_disagree,6.194157686436591,False,review,False,,0.872,0.364,0.26,0.5005,0.5615,0.555,0.4345,0.214,0.6043000000000001,0.55805,7.505951015378644,351,0.75,5.813817686436591,1,372,21,0,review
CC(C)(C)CNc1c(C#N)cnc2c(Cl)cc(N[C@H](C3=CN(C4CC4)NN3)c3cccc4c3CNC4)cc12,8.67290557080644,0.002295452575991377,0.2814519297669588,529.0920000000002,5.302880000000003,100.07000000000001,5,8,6,7,0.3793103448275862,2,0.95,4.443946666666668,False,,1,hydrazine,1,hydrazine,0,,1.0,0.826546942608785,1.0,0.15833333333333333,Erlotinib,0.0,0.8416666666666667,0.7916195758984161,0.3338775357308017,0.7,0.9604166666666667,0.3338775357308017,0.6964784445739711,0.9604166666666667,0.626539130935865,0.373460869064135,0.12685484176592665,8.669462391942453,-1.7972090357502828,-0.5,0.30249999999999994,6.67475335619217,0.0,0.0,0.0,0.40817391366983125,0.0,0.5581739136698313,0.2,low,agents_strongly_disagree,6.1165794425223385,False,review,False,,0.951,0.316,0.245,0.5005,0.5615,0.601,0.4345,0.995,0.6279999999999999,0.6167,7.4283533561921695,375,0.75,5.806619442522339,1,373,0,2,review
CC(C)n1c2cc(Nc3ccnc(-c4cnn(S(=O)(=O)C5CC5)c4)n3)ncc2c2c(OCC(F)(F)F)cc(N3CCN(C)CC3)cc21,8.74348658926822,0.017994737845075617,0.2241059752381973,669.7339999999998,5.200700000000005,123.3,1,10,7,9,0.41935483870967744,2,0.95,5.431559999999999,False,,0,,0,,0,,1.0,0.6283927072658129,0.8698049223014779,0.22131147540983606,Lazertinib,0.0,0.7786885245901639,0.7982753308255023,0.2643521325348547,1.0,0.8470258228736494,0.2643521325348547,0.7274133215585017,1.0,0.7356478674651453,0.2643521325348547,0.09448267902266749,8.716494482500607,-1.9986925408908345,-0.0,0.2510577879524186,6.968859729562191,0.0,0.0,0.0,0.5445598343314316,0.0,0.6945598343314316,0.2,low,agents_strongly_disagree,6.27429989523076,False,review,False,,0.959,0.185,0.059,0.5005,0.073,0.374,0.4345,0.44,0.5775,0.4815499999999999,7.661859729562191,315,0.75,5.80215989523076,1,374,59,0,review
Cc1cccc(CN(C)c2ncnc3[nH]c(-c4ccc(S(N)(=O)=O)cc4)cc23)c1,6.554951961322978,0.019431548300057867,0.5284525591211099,407.4990000000002,3.2171200000000013,104.97,2,5,4,5,0.14285714285714285,0,0.0,2.6833266666666677,False,,0,,0,,0,,1.0,0.7855022614006281,1.0,0.18072289156626506,Afatinib,0.0,0.8192771084337349,0.2501359065207039,0.6374440357217386,1.0,0.9548192771084337,0.2501359065207039,0.710599804837719,1.0,0.7498640934792962,0.25013590652070383,-0.6139518644226869,6.5258046388728905,0.14023927340682402,-0.0,0.29578313253012045,6.9618270448098345,0.0,0.0,0.0,0.5623301168491203,0.0,0.7123301168491203,0.2,low,agents_strongly_disagree,6.249496927960714,False,review,False,,0.346,0.733,0.754,0.5005,0.5615,0.351,0.4345,0.395,0.5155,0.49365,7.580427044809834,327,0.75,5.791876927960714,1,375,48,0,review
CCOc1cc2ncnc(Nc3cc(F)cc(C(F)(F)F)c3)c2cc1OCC,7.044516161196943,0.03951022294046576,0.5720657865625117,395.3560000000001,5.328700000000003,56.27000000000001,1,5,3,6,0.2631578947368421,1,0.45,2.5023733333333342,False,,0,,0,,0,,1.0,0.7390878169449598,1.0,0.3783783783783784,Gefitinib,0.0,0.6216216216216216,0.35847188424090964,0.6183910544042532,1.0,0.9054054054054054,0.35847188424090964,0.7205670860126421,1.0,0.6415281157590904,0.3584718842409096,-0.4827936023623099,6.985250826786244,-0.4769744239638042,-0.0,0.23648648648648646,6.744762889308927,0.0,0.0,0.0,0.426910144698863,0.0,0.576910144698863,0.2,low,agents_strongly_disagree,6.167852744610063,False,review,False,,0.473,0.786,0.792,0.5005,0.5615,0.572,0.4345,0.081,0.58895,0.5499,7.451502889308927,364,0.75,5.777732744610064,1,376,12,0,review
O=C1Nc2ccc(S(=O)(=O)N3CCOCC3)cc2/C1=N/Nc1ccccc1,6.943540696961658,0.015417690058350341,0.7755112258273426,386.433,1.4757999999999996,100.10000000000001,2,6,4,4,0.2222222222222222,0,0.0,2.442886666666667,True,imine_one_isatin(189),0,,0,,0,,1.0,0.7011886470337174,1.0,0.16,Lazertinib,0.0,0.84,0.3500927911995692,0.7825739947178589,0.75,0.96,0.3500927911995692,0.7106666964793571,0.96,0.6099072088004307,0.3900927911995693,-0.4807652070397171,6.920414161874132,0.43130044804956474,-0.4,0.302,7.253714609923696,0.0,0.0,0.0,0.3873840110005384,0.0,0.7248840110005383,0.45,medium,unsafe_structure_can_game_single_score;agents_strongly_disagree,6.528830598923157,False,review,False,,0.443,0.97,0.805,0.5005,0.5615,0.629,0.043,0.532,0.6142,0.5588999999999998,7.990754609923696,233,0.75,5.7745105989231575,1,377,144,0,review
Cc1nc(F)ccc1[C@H](Nc1cc(C#N)c2ncc(C#N)c(NCC(C)(C)C)c2c1)C1=CN(C2(CF)CC2)NN1,8.633423453569232,0.005457327969439524,0.2872585152720533,543.6260000000003,5.100180000000003,124.72,4,9,5,8,0.3793103448275862,2,0.95,4.440840000000002,False,,1,hydrazine,1,hydrazine,0,,1.0,0.8965672990063235,1.0,0.13008130081300814,Erlotinib,0.0,0.8699186991869918,0.7795357338137004,0.3371906449380908,0.7,0.967479674796748,0.3371906449380908,0.6960515133871348,0.967479674796748,0.6302890298586572,0.3697109701413428,0.11131229390208763,8.625237461615074,-1.7909364502451883,-0.5,0.31097560975609756,6.645276621125983,0.0,0.0,0.0,0.4128612873233215,0.0,0.5628612873233215,0.2,low,agents_strongly_disagree,6.082415333802661,False,review,False,,0.941,0.331,0.246,0.5005,0.5615,0.59,0.4345,0.944,0.62665,0.6123999999999999,7.397256621125982,389,0.75,5.767295333802661,1,378,0,11,review
C=C=CC(=O)Nc1cc(Nc2nccc(-c3cn(C)c4ccccc34)n2)c(OC)cc1N(CC)CCN(C)C,8.33453547431857,0.006926861070147556,0.20918238071819056,525.6570000000004,5.055000000000004,87.55,2,7,4,11,0.26666666666666666,2,0.95,4.071046666666669,False,,0,,0,,1,acrylamide_like,1.0,0.8231442577030812,1.0,0.24761904761904763,Osimertinib,0.0,0.7523809523809524,0.703785065830539,0.3084715914462868,0.92,0.9380952380952381,0.3084715914462868,0.717587973843016,0.9380952380952381,0.6296236466489513,0.3703763533510487,-0.01840387734996929,8.324145182713348,-1.824807952615143,-0.0,0.2757142857142857,6.775051515812491,0.0,0.0,0.0,0.41202955831118915,0.1,0.6620295583111891,0.2,low,agents_strongly_disagree,6.113021957501302,False,review,False,,0.876,0.158,0.334,0.5005,0.5615,0.594,0.4345,0.898,0.576,0.57385,7.466251515812491,361,0.75,5.7516419575013025,1,379,18,0,review
CCOC(C)Oc1cc2ncnc(Nc3ccc(F)c(C#N)c3)c2c2c1OCCO2,6.5171243125691545,0.013390530385814545,0.6108436333217806,410.40500000000026,3.916680000000002,98.52000000000001,1,8,4,6,0.2857142857142857,0,0.0,3.152700000000002,False,,0,,0,,0,,1.0,0.7823067632850241,1.0,0.32967032967032966,Dacomitinib,0.0,0.6703296703296704,0.24490770687221844,0.664706306019287,1.0,0.9175824175824177,0.24490770687221844,0.7067991076184807,1.0,0.7550922931277816,0.2449077068722184,-0.6158552009950166,6.4970385169904326,0.16651006189320888,-0.0,0.2510989010989011,6.914647479982542,0.0,0.0,0.0,0.568865366409727,0.0,0.718865366409727,0.2,low,agents_strongly_disagree,6.1957821135728155,False,review,False,,0.34,0.828,0.624,0.5005,0.5615,0.34,0.4345,0.62,0.5123,0.5032500000000001,7.529407479982542,342,0.75,5.749682113572816,1,380,38,0,review
Nc1ncnc2c1c(-c1ccc(Br)c(O)c1)nn2C1CCC1,6.328159212504454,0.008026445691760746,0.7321559148328971,360.21500000000015,3.268600000000001,89.85,2,5,4,2,0.26666666666666666,0,0.0,2.068100000000001,False,,1,aniline,0,,0,,1.0,0.8521228458650236,1.0,0.13,Lazertinib,0.0,0.87,0.20142129114188106,0.7731434454657857,0.88,0.9675,0.20142129114188106,0.7055161841519166,0.9675,0.7660787088581189,0.2339212911418811,-0.6721265240133807,6.316119543966813,0.4486075814995636,-0.2,0.311,6.875727125466377,0.0,0.0,0.0,0.5825983860726487,0.0,0.7325983860726487,0.2,low,agents_strongly_disagree,6.143128739393728,False,review,False,,0.304,0.938,0.902,0.5005,0.5615,0.319,0.4345,0.869,0.5598,0.5471,7.547487125466377,338,0.75,5.749648739393728,1,381,43,0,review
CN(C)CCn1ncc2cc(Nc3nccc(-c4cn(C)c5ccccc45)n3)cc(Cl)c21,6.70065832971427,0.018712833385244067,0.40061014203936635,445.95800000000014,4.943600000000004,63.800000000000004,1,5,5,6,0.20833333333333334,0,0.0,3.239720000000001,False,,0,,0,,0,,1.0,0.7995904041436652,1.0,0.20224719101123595,Afatinib,0.0,0.797752808988764,0.2870655990588966,0.5457309627370361,1.0,0.949438202247191,0.2870655990588966,0.6955586910107809,1.0,0.7129344009411034,0.2870655990588966,-0.5446574559358457,6.672589079636404,-0.06451452462730042,-0.0,0.28932584269662914,6.897400397705732,0.0,0.0,0.0,0.5161680011763793,0.0,0.6661680011763793,0.2,low,agents_strongly_disagree,6.231232396529352,False,review,False,,0.389,0.529,0.6,0.5005,0.5615,0.415,0.4345,0.418,0.47095,0.46809999999999996,7.462540397705732,363,0.75,5.742952396529352,1,382,19,0,review
C=CC(=O)Nc1cccc(N2C(=O)CN(c3ccccc3)C(=O)c3cnc(Nc4ccc(N5CCN(C)CC5)cc4OC)nc32)c1,7.623114090564101,0.00640846039128319,0.2762352669777374,618.6980000000001,4.430200000000004,123.24,2,9,6,8,0.20588235294117646,1,0.5,4.791320000000001,False,,0,,0,,1,acrylamide_like,1.0,0.8575899745710428,1.0,0.2815533980582524,Osimertinib,0.0,0.7184466019417476,0.5262926003671271,0.36764785837621716,0.92,0.9296116504854369,0.36764785837621716,0.6858880273071953,0.9296116504854369,0.5619637921092198,0.43803620789078024,-0.21279390258675757,7.613501399977176,-1.171874497728145,-0.0,0.26553398058252425,6.707160882831555,0.0,0.0,0.0,0.3274547401365247,0.1,0.5774547401365248,0.2,low,agents_strongly_disagree,6.129706142695031,False,review,False,,0.699,0.299,0.153,0.5005,0.5615,0.723,0.4345,0.913,0.49739999999999995,0.5374499999999999,7.304040882831555,403,0.75,5.724646142695031,1,383,0,20,review
CNS(=O)(=O)c1cccc(Nc2cc(Nc3ccc(Cl)cn3)ncn2)c1,6.457978379244321,0.023198880271946897,0.5932309283808828,390.85600000000005,2.9203,108.9,3,7,3,6,0.0625,0,0.0,2.472373333333334,False,,0,,0,,0,,1.0,0.7690637629847357,1.0,0.25675675675675674,Sunvozertinib,0.0,0.7432432432432432,0.22325537862071743,0.6811857285582035,1.0,0.9358108108108107,0.22325537862071743,0.7100629794974329,1.0,0.7767446213792826,0.22325537862071743,-0.6490768011689539,6.423180058836401,0.2286249283808827,-0.0,0.2729729729729729,6.924777960190256,0.0,0.0,0.0,0.5959307767241032,0.0,0.7459307767241032,0.2,low,agents_strongly_disagree,6.178847183466153,False,review,False,,0.327,0.815,0.795,0.5005,0.5615,0.308,0.4345,0.297,0.5295,0.49515,7.560177960190256,333,0.75,5.723027183466153,1,384,51,0,review
CC(C)(C)CNc1c(C#N)cnc2c(C#N)cc(N[C@H](C3=CN(C4C[C@@H]4F)NN3)c3cccc4cnccc34)cc12,8.904386084819388,0.011424676497469501,0.24019208161242353,547.642,5.414160000000003,124.72,4,9,6,7,0.2903225806451613,2,0.95,5.267613333333334,False,,1,hydrazine,1,hydrazine,0,,1.0,0.8417834932351701,1.0,0.128,Erlotinib,0.0,0.872,0.8430992476566183,0.2795051320663201,0.7,0.968,0.2795051320663201,0.6976510949307346,0.968,0.6884948679336799,0.31150513206632013,0.19393087030117817,8.887249070073183,-1.9709176603230603,-0.5,0.31160000000000004,6.7279314097501235,0.0,0.0,0.0,0.48561858491709986,0.0,0.6356185849170999,0.2,low,agents_strongly_disagree,6.092312824833024,False,review,False,,0.968,0.23,0.076,0.5005,0.5615,0.47,0.4345,0.708,0.5931,0.56455,7.439651409750123,370,0.75,5.719772824833024,1,385,15,0,review
C/C=C/C(=O)N1CCC[C@@H](n2nc(C(=O)Nc3nc4ccccc4o3)c3c(N)ncnc32)C1,6.938602671296286,0.006808992744304026,0.45497423789188857,446.4710000000003,2.5416000000000007,145.06,2,8,5,4,0.2727272727272727,0,0.25,3.393140000000002,False,,1,aniline,0,,1,acrylamide_like,1.0,0.8423437996602553,1.0,0.14678899082568808,Osimertinib,0.0,0.8532110091743119,0.3548843729030586,0.569730446225154,0.8,0.963302752293578,0.3548843729030586,0.6719793928554476,0.963302752293578,0.6084183793905193,0.39158162060948065,-0.42279335993651873,6.92838918217983,-0.27672403483538444,-0.2,0.3059633027522936,6.757628450096739,0.0,0.0,0.0,0.3855229742381492,0.1,0.6355229742381492,0.2,low,agents_strongly_disagree,6.122105475858589,False,review,False,,0.438,0.623,0.559,0.5005,0.5615,0.633,0.4345,0.904,0.5056499999999999,0.5389,7.364408450096739,394,0.75,5.718785475858589,1,386,0,8,review
CNS(=O)(=O)c1cccc(Nc2cc(Nc3cccc(C(C)(C)C)c3)ncn2)c1,6.43426388885748,0.012546198749305987,0.5633796461005993,411.5310000000002,4.169400000000003,96.01,3,6,3,6,0.23809523809523808,0,0.0,2.610206666666668,False,,0,,0,,0,,1.0,0.7766477481766831,1.0,0.18421052631578946,Sunvozertinib,0.0,0.8157894736842105,0.22478363308985572,0.6594662412527655,1.0,0.9539473684210527,0.22478363308985572,0.7095493106909185,1.0,0.7752163669101443,0.22478363308985572,-0.646354236801417,6.415444590733521,0.19565816991012294,-0.0,0.29473684210526313,6.905839602748907,0.0,0.0,0.0,0.5940204586376804,0.0,0.7440204586376804,0.2,low,agents_strongly_disagree,6.161819144111226,False,review,False,,0.322,0.77,0.773,0.5005,0.5615,0.309,0.4345,0.661,0.51495,0.5029999999999999,7.523779602748907,344,0.75,5.715419144111227,1,387,43,0,review
CC(C)NC/C=C/C(=O)Nc1ccc2ncnc3c2c1CCN3c1ccc(OCc2ccccn2)c(Cl)c1,8.982097289624129,0.016673513969314553,0.27920121226327577,529.0440000000003,5.444100000000005,92.27,2,7,5,9,0.2413793103448276,2,0.95,4.093626666666669,False,,0,,0,,1,acrylamide_like,1.0,0.8482396484894281,1.0,0.24761904761904763,Osimertinib,0.0,0.7523809523809524,0.858852862627512,0.34611348725762214,0.92,0.9380952380952381,0.34611348725762214,0.765765396995093,0.9380952380952381,0.591981750837616,0.40801824916238405,0.12411662084322539,8.957087018670157,-1.7607048567022419,-0.0,0.2757142857142857,7.4720964476822,0.0,0.0,0.0,0.36497718854701994,0.1,0.8774771885470201,0.55,high,agents_strongly_disagree;potency_not_supported_by_other_agents;reactive_warhead_could_inflate_proxy_score,6.594619259135181,False,review,False,,0.981,0.307,0.33,0.5005,0.5615,0.673,0.009,0.485,0.65245,0.572,8.255036447682201,171,0.75,5.70601925913518,1,388,217,0,review
Cc1cccc(CN(C)c2ncnc3[nH]c(-c4ccc(CCC(=O)O)cc4)cc23)c1,6.600422712903518,0.039918598675168344,0.4742241936940234,400.48200000000026,4.586920000000003,82.11,2,4,4,7,0.20833333333333334,0,0.0,2.8365466666666688,False,,0,,0,,0,,1.0,0.8012187247780467,1.0,0.1744186046511628,Afatinib,0.0,0.8255813953488372,0.24716265915326155,0.601725357813764,1.0,0.9563953488372093,0.24716265915326155,0.7013208414510588,1.0,0.7528373408467385,0.24716265915326152,-0.6055442430637297,6.540544814890765,0.06957552702735645,-0.0,0.29767441860465116,6.907794760522773,0.0,0.0,0.0,0.5660466760584231,0.0,0.7160466760584231,0.2,low,agents_strongly_disagree,6.19174808446435,False,review,False,,0.364,0.654,0.708,0.5005,0.5615,0.344,0.4345,0.078,0.5008999999999999,0.46604999999999996,7.508874760522772,349,0.75,5.70100808446435,1,389,40,0,review
CCOc1cc2ncnc(Nc3ccc(OCc4ccccn4)c(Cl)c3)c2cc1NC(=O)/C=C/CN1C[C@@H]2OCCO[C@@H]2C1,7.952595464034502,0.012057102858338683,0.22294393902889942,617.106,4.993800000000004,119.96000000000002,2,10,6,11,0.3125,1,0.5,5.780706666666667,False,,0,,0,,1,acrylamide_like,1.0,0.8614097081106316,1.0,0.44680851063829785,Osimertinib,0.0,0.5531914893617021,0.6047088940077884,0.3002842946710229,0.92,0.8882978723404256,0.3002842946710229,0.6783227652548092,0.92,0.6197157053289771,0.38028429467102287,-0.09815182832936109,7.934509809746994,-1.3629120609711007,-0.0,0.21595744680851064,6.787555195584404,0.0,0.0,0.0,0.39964463166122144,0.1,0.6496446316612214,0.2,low,agents_strongly_disagree,6.137910563923183,False,review,False,,0.783,0.181,0.034,0.5005,0.5615,0.612,0.4345,0.682,0.49375,0.5104000000000001,7.380055195584404,390,0.75,5.700390563923182,1,390,0,0,review
COc1cc(N2CCOCC2)c(-c2cn[nH]c2)cc1Nc1ncc(Cl)c(Nc2ccccc2P(C)(C)=O)n1,8.262989909390884,0.01635616827178627,0.25607252030931804,553.9910000000002,5.100500000000003,117.29,3,9,5,8,0.2692307692307692,2,0.95,4.1599400000000015,False,,0,,0,,0,,1.0,0.8159695745005339,1.0,0.33980582524271846,Lazertinib,0.0,0.6601941747572815,0.6792981595574705,0.3308421938624326,1.0,0.9150485436893203,0.3308421938624326,0.7312972242773058,1.0,0.6691578061375674,0.33084219386243263,-0.06933208629311383,8.238455656983204,-1.7909954027676052,-0.0,0.24805825242718443,6.695518506642784,0.0,0.0,0.0,0.4614472576719592,0.0,0.6114472576719592,0.2,low,agents_strongly_disagree,6.084071248970824,False,review,False,,0.861,0.257,0.313,0.5005,0.5615,0.507,0.4345,0.498,0.5859,0.5534,7.3985985066427835,388,0.75,5.698151248970825,1,391,3,0,review
Cc1ccc(C2CC(c3ccc(C)c(C)c3)=NN2C(N)=S)cc1,6.2313426179004505,0.018171489643789784,0.8492245928243808,323.46500000000003,4.006560000000002,41.62,1,2,3,2,0.2631578947368421,0,0.0,2.1500000000000004,False,,1,thiourea,0,,0,,1.0,0.8645410628019323,1.0,0.125,Lazertinib,0.0,0.875,0.17011561172445977,0.8343812183611017,0.88,0.96875,0.17011561172445977,0.7133117075213904,0.96875,0.7986343882755402,0.20136561172445977,-0.724261461062574,6.204085383434766,0.5530403822980648,-0.2,0.31249999999999994,6.86962576573283,0.0,0.0,0.0,0.6232929853444253,0.0,0.7732929853444254,0.2,low,agents_strongly_disagree,6.096332780388405,False,review,False,,0.292,0.993,0.883,0.5005,0.5615,0.292,0.4345,0.434,0.5625499999999999,0.5254,7.54468576573283,340,0.75,5.676812780388405,1,392,52,0,review
O=C(CN1CCCC1)Nc1ccc2ncnc(Nc3ccc(OCc4cccc(F)c4)cc3)c2c1,7.206668224650564,0.006098573420053408,0.371138733085341,471.53600000000023,5.125800000000004,79.38000000000001,2,6,5,8,0.2222222222222222,1,0.45,3.610240000000002,False,,0,,0,,0,,1.0,0.6951367567431824,0.9911577395330589,0.32098765432098764,Afatinib,0.0,0.6790123456790124,0.4223980547686035,0.4652709185815529,1.0,0.9131213910695472,0.4223980547686035,0.7001975911049259,1.0,0.5776019452313965,0.4223980547686035,-0.37039938178176324,7.197520364520483,-0.848175044692437,-0.0,0.25149313858696837,6.600838458415015,0.0,0.0,0.0,0.34700243153924565,0.0,0.49700243153924567,0.2,low,agents_strongly_disagree,6.103836026875769,False,review,False,,0.539,0.479,0.495,0.5005,0.116,0.7,0.4345,0.923,0.5127,0.5043,7.216078458415015,430,0.75,5.658996026875769,1,393,0,37,review
COc1cc(N2CCC(N(C)C)CC2)ccc1Nc1ncc(Cl)c(Nc2ccccc2C(=O)C(N)=O)n1,7.426027116888124,0.04007319367296015,0.28315720395743105,524.0250000000002,3.824200000000001,125.71,3,9,4,9,0.3076923076923077,1,0.5,3.8601666666666676,False,,0,,0,,0,,1.0,0.7522051282051282,1.0,0.24742268041237114,Osimertinib,0.0,0.7525773195876289,0.4534555436509588,0.40726851345863835,1.0,0.9381443298969072,0.40726851345863835,0.6997170967516261,1.0,0.5927314865413617,0.40726851345863835,-0.3283487374675565,7.365917326378684,-1.0150985652733384,-0.0,0.2757731958762886,6.626591956981634,0.0,0.0,0.0,0.3659143581767021,0.0,0.5159143581767021,0.2,low,agents_strongly_disagree,6.110677598804932,False,review,False,,0.614,0.324,0.405,0.5005,0.5615,0.67,0.4345,0.076,0.50195,0.49374999999999997,7.228931956981634,426,0.75,5.653177598804932,1,394,0,32,review
C=CC(=O)Nc1cc(-c2c(-c3ccccc3)oc3ncnc(N[C@H]4C[C@@H](O)C4)c23)ccc1N(C)CCN(C)C,7.489138545994344,0.013722230680872975,0.2572633633554935,526.6410000000003,4.614300000000003,106.76,3,8,5,10,0.3,1,0.5,4.1776066666666685,False,,0,,0,,1,acrylamide_like,1.0,0.905965156794425,1.0,0.25742574257425743,Osimertinib,0.0,0.7425742574257426,0.48767907502197483,0.3808176703583419,0.92,0.9356435643564356,0.3808176703583419,0.6810350774341881,0.9356435643564356,0.5548258939980937,0.4451741060019063,-0.2578080032162844,7.468555199973034,-1.0893776366445067,-0.0,0.27277227722772274,6.65194984055625,0.0,0.0,0.0,0.3185323674976171,0.1,0.5685323674976172,0.2,low,agents_strongly_disagree,6.083417473058632,False,review,False,,0.638,0.262,0.309,0.5005,0.5615,0.741,0.4345,0.608,0.48595,0.51575,7.23508984055625,424,0.75,5.652317473058632,1,395,0,29,review
C[C@@H](Nc1ncnc2ccc(-c3cnc(Cl)c(NS(C)(=O)=O)c3)cc12)c1ccc(F)cc1,7.166596613604364,0.012645868504214806,0.38273176990942115,471.94500000000016,5.028900000000003,96.87,2,6,4,6,0.13636363636363635,1,0.45,3.562966666666668,False,,0,,0,,0,,1.0,0.744873031179685,1.0,0.275,Afatinib,0.0,0.725,0.4077970454481406,0.47346529396300213,1.0,0.93125,0.4077970454481406,0.7031280848527857,1.0,0.5922029545518595,0.40779704544814055,-0.3937747192061935,7.147627810848042,-0.8380768664542153,-0.0,0.2675,6.577050944393827,0.0,0.0,0.0,0.3652536931898243,0.0,0.5152536931898244,0.2,low,agents_strongly_disagree,6.061797251204003,False,review,False,,0.516,0.503,0.51,0.5005,0.5615,0.672,0.4345,0.657,0.5094000000000001,0.53095,7.188330944393827,437,0.75,5.648937251204003,1,396,0,41,review
Oc1cccc(Nc2ccnc3[nH]c4ccccc4c23)c1,6.508567257790448,0.03125348633851043,0.5143775427973287,275.31100000000004,4.165300000000001,60.94,3,3,4,2,0.0,0,0.0,2.0,False,,0,,0,,0,,1.0,0.5503728724106083,0.7279506771101968,0.17721518987341772,Osimertinib,0.0,0.8227848101265822,0.23026437401065467,0.655984571615454,1.0,0.7516592103642932,0.23026437401065467,0.6594770389976005,1.0,0.7697356259893453,0.2302643740106547,-0.5722835533159276,6.461687028282682,0.21437754279732874,-0.0,0.22882311231552382,6.904887683395535,0.0,0.0,0.0,0.5871695324866817,0.0,0.7371695324866817,0.2,low,agents_strongly_disagree,6.167718150908853,False,review,False,,0.337,0.715,0.923,0.5005,0.047,0.314,0.4345,0.168,0.5331999999999999,0.43865,7.544727683395535,339,0.75,5.644098150908853,1,397,58,0,review
Cc1nc(F)ccc1[C@H](Nc1cc(C#N)c2ncc(C#N)c(NCC(C)(C)C)c2c1)C1=CN(C2(C(C)C)CC2)NN1,8.584294001142197,0.0019658254210923884,0.2566827955763234,553.6900000000003,5.786680000000004,124.72,4,9,5,8,0.41935483870967744,2,0.95,4.507933333333336,False,,1,hydrazine,1,hydrazine,0,,1.0,0.8987895212285457,1.0,0.13008130081300814,Erlotinib,0.0,0.8699186991869918,0.7696974224907847,0.31779348628492654,0.7,0.967479674796748,0.31779348628492654,0.6887426458931147,0.967479674796748,0.6496861885118215,0.35031381148817853,0.10793970213022652,8.581345263010558,-1.8275717205527091,-0.5,0.31097560975609756,6.564749152213946,0.0,0.0,0.0,0.43710773563977684,0.0,0.5871077356397769,0.2,low,agents_strongly_disagree,5.977641416574169,False,review,False,,0.928,0.259,0.228,0.5005,0.5615,0.553,0.4345,1.0,0.6037,0.595,7.289189152213947,405,0.75,5.64164141657417,1,398,0,7,review
C#CC(=O)N1CCCC(N(C)c2nc(-c3cnn(C)c3)c3c(c2F)CNC3=O)C1,6.293609116545362,0.03140870721125156,0.7806529726189153,396.42600000000016,0.9249999999999996,83.36000000000001,1,5,4,3,0.4,0,0.0,2.7595066666666677,False,,0,,0,,1,propiolamide_like,1.0,0.6559504661301158,0.9199099384183922,0.1282051282051282,Lazertinib,0.0,0.8717948717948718,0.17641618408846438,0.7732242631455317,0.92,0.907881171762512,0.17641618408846438,0.694380404749127,0.92,0.7435838159115357,0.25641618408846434,-0.6906189608808836,6.2464960557284845,0.4067269726189152,-0.0,0.2915159461430596,6.944738974490459,0.0,0.0,0.0,0.5544797698894196,0.1,0.8044797698894196,0.2,low,agents_strongly_disagree,6.14025920460104,False,review,False,,0.3,0.973,0.734,0.5005,0.086,0.36,0.4345,0.164,0.5398,0.45564999999999994,7.592498974490459,323,0.75,5.63703920460104,1,399,76,0,review
COc1ccccc1-c1cc2c(NCc3cccs3)ncnc2s1,6.87456565689362,0.0169899697027669,0.5458623574789997,353.47200000000004,5.040500000000002,47.04,1,6,4,5,0.1111111111111111,1,0.45,2.323146666666667,False,,0,,0,,0,,1.0,0.7682609301030354,1.0,0.22988505747126436,Gefitinib,0.0,0.7701149425287357,0.33174843543146815,0.610872501741655,1.0,0.9425287356321839,0.33174843543146815,0.7212874182013267,1.0,0.6682515645685319,0.33174843543146815,-0.5193853103598115,6.84908070233947,-0.49149853140988925,-0.0,0.2810344827586207,6.638616653688201,0.0,0.0,0.0,0.4603144557106648,0.0,0.6103144557106648,0.2,low,agents_strongly_disagree,6.028302197977537,False,review,False,,0.424,0.75,0.835,0.5005,0.5615,0.508,0.4345,0.475,0.5661499999999999,0.5474000000000001,7.317996653688201,400,0.75,5.635182197977537,1,400,0,0,review
C=CC(=O)N1CCC(Oc2cc3c(Nc4ccc(OCc5ccccn5)c(Cl)c4)ncnc3cc2O[C@H]2CCOC2)CC1,8.541266621111063,0.03869765788949421,0.22816163266290818,602.0909999999999,5.724300000000006,107.93,1,9,6,10,0.3125,2,0.95,5.230606666666666,False,,0,,0,,1,acrylamide_like,1.0,0.8127255346469824,1.0,0.40425531914893614,Osimertinib,0.0,0.5957446808510638,0.7332282947551199,0.2743117184774201,0.92,0.898936170212766,0.2743117184774201,0.7066190458613265,0.92,0.64568828152258,0.35431171847742005,0.03547899852505776,8.483220134276822,-1.9751793673370917,-0.0,0.22872340425531912,6.73676417119505,0.0,0.0,0.0,0.43211035190322494,0.1,0.682110351903225,0.2,low,agents_strongly_disagree,6.054653819291826,False,review,False,,0.915,0.195,0.082,0.5005,0.5615,0.565,0.4345,0.091,0.5631499999999999,0.5226500000000001,7.41254417119505,380,0.75,5.631833819291826,1,401,21,0,review
CC(Nc1ncnc2[nH]c(-c3ccc(O)cc3)cc12)c1ccc(C(F)(F)F)cc1,7.028945050447069,0.021182311298118886,0.4230438576539043,398.3880000000001,5.522400000000003,73.83,3,4,4,4,0.14285714285714285,1,0.45,2.8725866666666673,False,,0,,0,,0,,1.0,0.8124818577648767,1.0,0.175,Afatinib,0.0,0.825,0.36740864470308404,0.5221900191455449,1.0,0.95625,0.36740864470308404,0.7114621659621572,1.0,0.632591355296916,0.367408644703084,-0.4587380283454308,6.997171583499891,-0.6935584280603816,-0.0,0.29749999999999993,6.60111315543951,0.0,0.0,0.0,0.415739194121145,0.0,0.565739194121145,0.2,low,agents_strongly_disagree,6.035373961318365,False,review,False,,0.469,0.572,0.701,0.5005,0.5615,0.587,0.4345,0.347,0.5307,0.5222999999999999,7.23795315543951,423,0.75,5.612133961318365,1,402,0,21,review
COc1cc2ncnc(Nc3cc4ccccc4cn3)c2cc1OC,6.349847841678697,0.023557560013930695,0.6103323221697953,332.3630000000001,3.9388000000000023,69.16000000000001,1,6,4,4,0.10526315789473684,0,0.0,2.2,False,,0,,0,,0,,1.0,0.7338816425120773,1.0,0.38028169014084506,Gefitinib,0.0,0.619718309859155,0.19597166840992275,0.7010673925780029,1.0,0.9049295774647887,0.19597166840992275,0.7004921596131786,1.0,0.8040283315900772,0.19597166840992275,-0.6726939882710078,6.314511501657801,0.2908586379592689,-0.0,0.23591549295774644,6.841285632574816,0.0,0.0,0.0,0.6300354144875966,0.0,0.7800354144875966,0.2,low,agents_strongly_disagree,6.061250218087219,False,review,False,,0.308,0.826,0.8625,0.5005,0.5615,0.284,0.4345,0.287,0.5332749999999999,0.4949499999999999,7.481215632574815,357,0.75,5.605190218087219,1,403,46,0,review
C=CC(=O)N1CCC(C2CCNc3c(C(N)=O)c(-c4cc(OC)c5ccoc5c4)nn32)CC1,6.479897960669939,0.015587272726158317,0.5782199823924515,449.51100000000025,3.185100000000002,115.62,2,6,5,5,0.375,0,0.0,3.5134066666666683,False,,0,,0,,1,acrylamide_like,1.0,0.8095520177711958,1.0,0.20388349514563106,Osimertinib,0.0,0.7961165048543689,0.23406339925917402,0.6328899646748227,0.92,0.9490291262135923,0.23406339925917402,0.6839956225368973,0.9490291262135923,0.7149657269544183,0.2850342730455817,-0.5999096310369643,6.456517051580702,0.08870898239245131,-0.0,0.28883495145631066,6.834060985429464,0.0,0.0,0.0,0.5187071586930229,0.1,0.7687071586930229,0.2,low,agents_strongly_disagree,6.065353826736441,False,review,False,,0.332,0.794,0.523,0.5005,0.5615,0.413,0.4345,0.524,0.48675,0.48815,7.418160985429465,378,0.75,5.601133826736441,1,404,26,0,review
C=CC(=O)N1CCC(Cn2nc(C(=O)Nc3nc4cc(F)ccc4o3)c3c(N)ncnc32)CC1,6.9079947388860345,0.02018194511736783,0.42829189465311723,464.46100000000024,2.3656999999999995,145.06,2,8,5,5,0.2727272727272727,0,0.25,3.263073333333335,False,,1,aniline,0,,1,acrylamide_like,1.0,0.8542273589378853,1.0,0.20202020202020202,Sunvozertinib,0.0,0.797979797979798,0.33787132313935114,0.560057721546394,0.8,0.9494949494949495,0.33787132313935114,0.6618559985451736,0.9494949494949495,0.6116236263555983,0.3883763736444017,-0.43197956720776337,6.877721821209983,-0.28389637807415574,-0.2,0.28939393939393937,6.683219382529766,0.0,0.0,0.0,0.3895295329444979,0.1,0.6395295329444979,0.2,low,agents_strongly_disagree,6.0436898495852684,False,review,False,,0.429,0.584,0.592,0.5005,0.5615,0.623,0.4345,0.368,0.49875,0.5058499999999999,7.281719382529767,407,0.75,5.600709849585269,1,405,0,2,review
Cc1nc(F)ccc1[C@H](Nc1cc(C#N)c2ncc(C#N)c(NCC(C)(C)C)c2c1)C1=CN(C2(C(C)(C)C)CC2)NN1,8.56186031164442,0.005502718602202704,0.24784474244513854,567.7170000000002,6.176780000000004,124.72,4,9,5,7,0.4375,2,0.95,4.501446666666668,False,,1,hydrazine,1,hydrazine,0,,1.0,0.9050562587904359,1.0,0.13114754098360656,Erlotinib,0.0,0.8688524590163934,0.761613174889563,0.31318204424226204,0.7,0.9672131147540983,0.31318204424226204,0.6855020834714809,0.9672131147540983,0.6540310705118363,0.3459689294881637,0.10148145522410967,8.553606233741116,-1.8336222575548617,-0.5,0.310655737704918,6.530639713891172,0.0,0.0,0.0,0.4425388381397954,0.0,0.5925388381397954,0.2,low,agents_strongly_disagree,5.938100875751377,False,review,False,,0.925,0.243,0.23,0.5005,0.5615,0.54,0.4345,0.943,0.5994499999999999,0.5877500000000001,7.249979713891172,416,0.75,5.593400875751377,1,406,0,10,review
CC(C)(C)CNc1c(C#N)cnc2c(Cl)cc(N[C@H](C3=CN(C4CC4)NN3)c3cccc4ncsc34)cc12,8.645057927952468,0.004082998934542188,0.21463114822440713,545.1160000000001,6.309380000000004,100.93,4,9,6,7,0.32142857142857145,2,0.95,4.550773333333334,False,,1,hydrazine,1,hydrazine,0,,1.0,0.9067865768184966,1.0,0.1652892561983471,Erlotinib,0.0,0.8347107438016529,0.7834063827339375,0.2930173879336804,0.7,0.9586776859504132,0.2930173879336804,0.6837753641545078,0.9586776859504132,0.6656602980167329,0.3343397019832671,0.13284135810590636,8.638933429550654,-1.8858419946327356,-0.5,0.30041322314049584,6.553504658058415,0.0,0.0,0.0,0.4570753725209161,0.0,0.6070753725209161,0.2,low,agents_strongly_disagree,5.946429285537499,False,review,False,,0.944,0.166,0.217,0.5005,0.5615,0.516,0.4345,0.969,0.59065,0.5794999999999999,7.262284658058415,412,0.75,5.591829285537499,1,407,0,5,review
O=C(/C=C/CNC1CCC1)Nc1ccc2ncnc3c2c1C=CN3c1ccc(OCc2ccccn2)c(Cl)c1,8.949449243429914,0.0062469498354209285,0.2517902061955021,539.0390000000003,6.016400000000005,92.27,2,7,6,9,0.2,2,0.95,4.360260000000003,False,,0,,0,,1,acrylamide_like,1.0,0.8659219164959774,1.0,0.2571428571428571,Osimertinib,0.0,0.7428571428571429,0.8579894459726839,0.3207823057152184,0.92,0.9357142857142857,0.3207823057152184,0.7586215093505471,0.9357142857142857,0.6149319799990673,0.38506802000093265,0.13249058216284926,8.940078818676783,-1.8322487938044982,-0.0,0.27285714285714285,7.380687167729428,0.0,0.0,0.0,0.3936649749988342,0.1,0.9061649749988343,0.55,high,agents_strongly_disagree;potency_not_supported_by_other_agents;reactive_warhead_could_inflate_proxy_score,6.474522192730594,False,review,False,,0.976,0.247,0.271,0.5005,0.5615,0.62,0.009,0.919,0.62935,0.5720000000000001,8.135907167729428,200,0.75,5.585922192730593,1,408,208,0,review
O=C1CCN(Cc2ccn3ncnc(Nc4ccc5c(cnn5Cc5cccc(F)c5)c4)c23)CCN1,6.620928611762459,0.006624219338686971,0.3842078312463455,484.5390000000002,3.331900000000002,92.38,2,6,6,6,0.23076923076923078,0,0.0,3.6969266666666685,False,,0,,0,,0,,1.0,0.8646680526680527,1.0,0.205607476635514,Gefitinib,0.0,0.794392523364486,0.2755951994035338,0.5191248200060028,1.0,0.9485981308411215,0.2755951994035338,0.6858295375626645,1.0,0.7244048005964663,0.2755951994035337,-0.5469791175455077,6.610992282754428,-0.14725424567673165,-0.0,0.28831775700934575,6.752055794087043,0.0,0.0,0.0,0.5305060007455829,0.0,0.6805060007455829,0.2,low,agents_strongly_disagree,6.07154979334146,False,review,False,,0.372,0.507,0.473,0.5005,0.5615,0.394,0.4345,0.91,0.43984999999999996,0.4694999999999999,7.279875794087043,409,0.75,5.58494979334146,1,409,0,0,review
Cc1nc(F)ccc1[C@H](Nc1cc(C#N)c2ncc(C#N)c(NCC(C)(C)C)c2c1)C1=CN(C(C)(C)C(F)F)NN1,8.494523788375824,0.0026947390383762534,0.25770969004678823,563.6320000000003,5.641780000000003,124.72,4,9,4,8,0.3793103448275862,2,0.95,4.374213333333335,False,,1,hydrazine,1,hydrazine,0,,1.0,0.8927714856762158,1.0,0.12396694214876033,Erlotinib,0.0,0.8760330578512396,0.7467446297670927,0.3235013551667591,0.7,0.96900826446281,0.3235013551667591,0.6848135623491654,0.96900826446281,0.6455069092960508,0.3544930907039492,0.08257475655723634,8.49048167981826,-1.8104912754704534,-0.5,0.31280991735537195,6.492800321703178,0.0,0.0,0.0,0.4318836366200635,0.0,0.5818836366200635,0.2,low,agents_strongly_disagree,5.910916685083114,False,review,False,,0.906,0.265,0.264,0.5005,0.5615,0.566,0.4345,0.991,0.6003999999999999,0.5937499999999999,7.213280321703178,434,0.75,5.573416685083114,1,410,0,24,review
Cc1ccc([C@H](Nc2cc(C#N)c3ncc(C#N)c(NCC(C)(C)C)c3c2)C2=CN(C3(C(F)F)CC3)NN2)c(C)n1,8.495136650562596,0.009177404368076462,0.281491278481535,557.6530000000001,5.565100000000004,124.72,4,9,5,8,0.4,2,0.95,4.534353333333335,False,,1,hydrazine,1,hydrazine,0,,1.0,0.883036198219125,1.0,0.14049586776859505,Erlotinib,0.0,0.859504132231405,0.7423599795829955,0.3304219980366391,0.7,0.9648760330578512,0.3304219980366391,0.6844145026693714,0.9648760330578512,0.6344540350212121,0.3655459649787879,0.07726063588483201,8.481370544010481,-1.808661721518465,-0.5,0.30785123966942146,6.480560062161437,0.0,0.0,0.0,0.41806754377651517,0.0,0.5680675437765152,0.2,low,agents_strongly_disagree,5.912492518384922,False,review,False,,0.907,0.317,0.221,0.5005,0.5615,0.583,0.4345,0.822,0.6048,0.5908,7.206320062161438,435,0.75,5.571452518384922,1,411,0,24,review
CN(C)C/C=C/C(=O)N1CCC[C@H]1Cn1nc(-c2ccc(Oc3ccccc3)cc2)c2c(N)ncnc21,6.916163705020379,0.04032720954311988,0.3674820274818921,497.6030000000002,3.976600000000002,102.4,1,7,5,8,0.2857142857142857,0,0.0,4.134020000000001,False,,1,aniline,0,,1,acrylamide_like,1.0,0.8767123287671232,1.0,0.2127659574468085,Afatinib,0.0,0.7872340425531915,0.32581187957491087,0.49311434588427144,0.8,0.9468085106382979,0.32581187957491087,0.6414336840243701,0.9468085106382979,0.620996631063387,0.379003368936613,-0.42082907259927893,6.8556728907057,-0.22404954394667947,-0.2,0.28617021276595744,6.717793559524977,0.0,0.0,0.0,0.40124578882923373,0.1,0.6512457888292338,0.2,low,agents_strongly_disagree,6.066547770695744,False,review,False,,0.433,0.471,0.321,0.5005,0.5615,0.61,0.4345,0.071,0.4373,0.44684999999999997,7.242553559524977,420,0.75,5.552767770695744,1,412,0,8,review
O=C(Nc1nc2ccccc2n1[C@H]1CC[C@H](O)CC1)c1cccc(C(F)(F)F)c1,6.2076195310350295,0.015491723157603648,0.6612347418281451,403.40400000000005,4.783400000000003,67.15,2,3,4,3,0.3333333333333333,0,0.0,2.4560266666666672,False,,0,,0,,0,,1.0,0.8186440677966103,1.0,0.13978494623655913,Osimertinib,0.0,0.8602150537634409,0.16606067654843482,0.7192165439029157,1.0,0.9650537634408602,0.16606067654843482,0.7125827459730527,1.0,0.8339393234515652,0.16606067654843482,-0.7286960925661572,6.184381946298624,0.3261640751614784,-0.0,0.30806451612903224,6.818610537589134,0.0,0.0,0.0,0.6674241543144566,0.0,0.8174241543144566,0.2,low,agents_strongly_disagree,6.0011863832746775,False,review,False,,0.284,0.878,0.799,0.5005,0.5615,0.254,0.4345,0.53,0.52335,0.49835,7.446630537589134,367,0.75,5.549206383274678,1,413,46,0,review
C[C@@H](CF)N1C=C([C@@H](Nc2cc(C#N)c3ncc(C#N)c(NCC(C)(C)C)c3c2)c2cccc3ncccc23)NN1,8.669142421265546,0.008742250449758572,0.22023893159892308,549.6580000000002,5.661760000000005,124.72000000000001,4,9,5,8,0.2903225806451613,2,0.95,4.831053333333335,False,,1,hydrazine,1,hydrazine,0,,1.0,0.8723090050266983,1.0,0.13934426229508196,Erlotinib,0.0,0.860655737704918,0.7861660300015555,0.28532166878966403,0.7,0.9651639344262295,0.28532166878966403,0.6841629083043622,0.9651639344262295,0.6798422656365655,0.32015773436343453,0.13600416226292433,8.656029045590907,-1.925386810336561,-0.5,0.3081967213114753,6.538838956565821,0.0,0.0,0.0,0.47480283204570684,0.0,0.6248028320457069,0.2,low,agents_strongly_disagree,5.9140361245201145,False,review,False,,0.95,0.177,0.141,0.5005,0.5615,0.491,0.4345,0.838,0.58415,0.5663,7.239818956565822,422,0.75,5.543596124520115,1,414,0,8,review
CCOc1cc2ncnc(Nc3ccc(OCc4cccc(F)c4)c(Cl)c3)c2cc1NC(=O)[C@@H]1COC(=O)N1,8.213335931040357,0.009703083766568208,0.2595444183223604,551.9620000000002,5.190500000000004,123.70000000000002,3,8,5,9,0.18518518518518517,2,0.95,4.596413333333335,False,,0,,0,,0,,1.0,0.8439091915836101,1.0,0.43478260869565216,Osimertinib,0.0,0.5652173913043479,0.6715418241234914,0.31596430187216995,1.0,0.8913043478260869,0.31596430187216995,0.719702618455437,1.0,0.68403569812783,0.31596430187216995,-0.0642143924425943,8.198781305390504,-1.861399063159121,-0.0,0.21956521739130436,6.5569474596226875,0.0,0.0,0.0,0.4800446226597876,0.0,0.6300446226597876,0.2,low,agents_strongly_disagree,5.9269028369629,False,review,False,,0.853,0.268,0.212,0.5005,0.5615,0.477,0.4345,0.796,0.56935,0.5544500000000001,7.240167459622688,421,0.75,5.542242836962901,1,415,0,6,review
COc1cc2ncnc(-c3c[nH]c4cc(F)c(Cl)cc34)c2cc1OCCCN1CCOCC1,6.659779642561442,0.014618504797119068,0.39529442661103237,470.93200000000047,4.680300000000005,72.5,1,6,5,7,0.3333333333333333,0,0.0,3.5062133333333367,False,,0,,0,,0,,1.0,0.7063119301925271,1.0,0.5974025974025974,Dacomitinib,0.0,0.4025974025974026,0.2797119572823771,0.5325575756617087,1.0,0.8506493506493507,0.2797119572823771,0.6657297208983591,1.0,0.7202880427176229,0.2797119572823771,-0.514690351487976,6.637851885365763,-0.09730424005563482,-0.0,0.17077922077922075,6.711326866089349,0.0,0.0,0.0,0.5253600533970286,0.0,0.6753600533970286,0.2,low,agents_strongly_disagree,6.035966812692321,False,review,False,,0.379,0.52,0.526,0.5005,0.5615,0.403,0.4345,0.558,0.45355,0.46215,7.255586866089349,413,0.75,5.5405468126923205,1,416,3,0,review
CC1=NNC2=NC(=O)NC(c3ccccc3Br)C12,6.268212483961766,0.047110699292768426,0.8351607548156395,307.151,2.2072000000000003,65.85,2,3,3,1,0.25,0,0.0,2.4,False,,0,,0,,0,,1.0,0.40526182646091574,0.46411241174711954,0.09090909090909091,Afatinib,0.0,0.9090909090909091,0.15907563148550358,0.8170307228409095,1.0,0.5753570360830669,0.15907563148550358,0.63786584760237,1.0,0.8409243685144965,0.15907563148550352,-0.6383869548224885,6.1975464350226135,0.5001607548156395,-0.0,0.1887553756640526,6.886462565502305,0.0,0.0,0.0,0.6761554606431206,0.0,0.8261554606431206,0.2,low,agents_strongly_disagree,6.060307104859184,False,review,False,,0.296,0.989,0.812,0.5005,0.004,0.25,0.4345,0.037,0.5529,0.4391,7.549942565502305,337,0.75,5.537227104859184,1,417,80,0,review
COc1cccc(-c2cn(C3CC(CO)C3)c3ncnc(N)c23)c1,6.2192670401651124,0.02896377386115816,0.7702714772989594,324.384,2.6324999999999994,86.19,2,5,4,4,0.3333333333333333,0,0.0,2.2,False,,1,aniline,0,,0,,1.0,0.7982497226673241,1.0,0.19,Lazertinib,0.0,0.81,0.1595421183384674,0.789033927899043,0.88,0.9525,0.1595421183384674,0.6952690115593776,0.9525,0.7929578816615326,0.20704211833846742,-0.714302524294547,6.175821379373375,0.4736048106322927,-0.2,0.293,6.742426190005668,0.0,0.0,0.0,0.6161973520769157,0.0,0.7661973520769157,0.2,low,agents_strongly_disagree,5.976228837928752,False,review,False,,0.288,0.966,0.8625,0.5005,0.5615,0.298,0.4345,0.196,0.552275,0.5067999999999999,7.405156190005668,384,0.75,5.534388837928752,1,418,34,0,review
O=C1COc2cc3ncnc(Nc4ccc(F)cc4)c3cc2N1CCCN1CCOCC1,6.337758521654456,0.0055782299236642454,0.6351499321369143,437.47500000000036,2.9602000000000013,79.82,1,7,5,6,0.34782608695652173,0,0.0,3.183166666666669,False,,0,,0,,0,,1.0,0.881814713064713,1.0,0.4634146341463415,Dacomitinib,0.0,0.5365853658536586,0.20553486946704894,0.6769029754958156,1.0,0.8841463414634146,0.20553486946704894,0.6916460466065698,1.0,0.7944651305329511,0.2055348694670489,-0.6481482361860278,6.32939117676896,0.19245754083256614,-0.0,0.21097560975609758,6.732824327357624,0.0,0.0,0.0,0.6180814131661889,0.0,0.7680814131661889,0.2,low,agents_strongly_disagree,5.964742914191435,False,review,False,,0.305,0.86,0.62,0.5005,0.5615,0.295,0.4345,0.94,0.50235,0.5086499999999999,7.335644327357624,397,0.75,5.525122914191435,1,419,22,0,review
COc1cc2c(Nc3ccc(Oc4ccccc4)cc3F)ncnc2cc1OCC1CCN(C)CC1,7.203220658853539,0.023897968312514405,0.3245491891454799,488.5630000000004,6.034000000000006,68.74,1,7,5,8,0.2857142857142857,1,0.45,3.7237533333333355,False,,0,,0,,0,,1.0,0.8464442493415276,1.0,0.4578313253012048,Gefitinib,0.0,0.5421686746987953,0.4090765868946246,0.4352807719787319,1.0,0.8855421686746988,0.4090765868946246,0.6824748818870138,1.0,0.5909234131053753,0.40907658689462467,-0.3645310599898523,7.167373706384767,-0.9054423822830918,-0.0,0.21265060240963857,6.474581926511314,0.0,0.0,0.0,0.36365426638171916,0.0,0.5136542663817192,0.2,low,agents_strongly_disagree,5.960927660129594,False,review,False,,0.535,0.404,0.459,0.5005,0.5615,0.677,0.4345,0.277,0.49049999999999994,0.4982,7.063181926511313,475,0.75,5.508767660129594,1,420,0,55,review
Oc1ccc(-c2cc3c(NCc4cccc(F)c4)ncnc3[nH]2)cc1,6.353712405843805,0.03828381472191516,0.5256002400726073,334.354,4.081700000000002,73.83,3,4,4,4,0.05263157894736842,0,0.0,2.2,False,,0,,0,,0,,1.0,0.7740650037792894,1.0,0.21052631578947367,Afatinib,0.0,0.7894736842105263,0.18662943115561054,0.6544647474245495,1.0,0.9473684210526316,0.18662943115561054,0.6971156499081979,1.0,0.8133705688443895,0.18662943115561048,-0.6806482916701164,6.296286683760932,0.20086339796734412,-0.0,0.28684210526315784,6.783992186991434,0.0,0.0,0.0,0.6417132110554868,0.0,0.7917132110554869,0.2,low,agents_strongly_disagree,5.992278975935948,False,review,False,,0.31,0.73,0.8625,0.5005,0.5615,0.271,0.4345,0.096,0.514975,0.47030000000000005,7.401962186991434,386,0.75,5.506638975935948,1,421,35,0,review
O=C1COc2cc3ncnc(Nc4ccc(Cl)cc4)c3cc2N1CCCN1CCOCC1,6.386267705198261,0.012951330974047156,0.6116567670139196,453.9300000000004,3.4745000000000017,79.82,1,7,5,6,0.34782608695652173,0,0.0,3.2928666666666695,False,,0,,0,,0,,1.0,0.881814713064713,1.0,0.48148148148148145,Dacomitinib,0.0,0.5185185185185186,0.2125009946177322,0.6597625039089378,1.0,0.8796296296296297,0.2125009946177322,0.6879732820390749,1.0,0.7874990053822678,0.2125009946177322,-0.6339630498951236,6.36684070873719,0.15250937570957132,-0.0,0.20555555555555555,6.724905640002317,0.0,0.0,0.0,0.6093737567278348,0.0,0.7593737567278348,0.2,low,agents_strongly_disagree,5.9655318832744815,False,review,False,,0.314,0.83,0.584,0.5005,0.5615,0.301,0.4345,0.643,0.495,0.489,7.318905640002317,399,0.75,5.502331883274482,1,422,23,0,review
COc1cc(N2CCC(NC(C)=O)CC2)ccc1Nc1ncc(Cl)c(Nc2ccccc2NS(C)(=O)=O)n1,7.26124017908445,0.021206095314712826,0.3050340821128889,560.0800000000002,4.102200000000002,137.57999999999998,4,9,4,9,0.32,1,0.5,4.100533333333335,False,,0,,0,,0,,1.0,0.8408149608890898,1.0,0.24742268041237114,Osimertinib,0.0,0.7525773195876289,0.4254657780508136,0.4100559246492684,1.0,0.9381443298969072,0.4100559246492684,0.6934165081492474,1.0,0.5899440753507317,0.4100559246492683,-0.35726764013124496,7.2294310361123815,-1.0280459178871113,-0.0,0.2757731958762886,6.477158314101558,0.0,0.0,0.0,0.3624300941884146,0.0,0.5124300941884146,0.2,low,agents_strongly_disagree,5.964728219913144,False,review,False,,0.554,0.36,0.327,0.5005,0.5615,0.679,0.4345,0.345,0.47045000000000003,0.48769999999999997,7.041698314101558,479,0.75,5.499968219913144,1,423,0,56,review
C=CC(=O)Nc1cccc(-n2c(=O)c(=O)n(C(C)C)c3cnc(Nc4ccc(N5CCN(C)CC5)c(OC)c4)nc32)c1,8.313328600886434,0.013963752860909479,0.24265440002420652,570.6540000000002,3.1518000000000015,126.61999999999999,2,9,5,8,0.3,1,0.5,4.2710266666666685,True,anil_di_alk_A(478),0,,0,,1,acrylamide_like,1.0,0.8313391989491453,1.0,0.27184466019417475,Osimertinib,0.0,0.7281553398058253,0.6935575232189719,0.36918966360305716,0.67,0.9320388349514563,0.36918966360305716,0.6661965054433714,0.9320388349514563,0.5628491713483992,0.4371508286516008,0.03648135703413402,8.29238297159507,-1.1179995999757937,-0.4,0.2684466019417476,7.042829973561023,0.0,0.0,0.0,0.328561464185499,0.1,0.766061464185499,0.45,medium,unsafe_structure_can_game_single_score;agents_strongly_disagree,6.276768509375524,False,review,False,,0.875,0.236,0.2905,0.5005,0.5615,0.718,0.043,0.59,0.584625,0.53875,7.744379973561023,294,0.75,5.4982685093755235,1,424,130,0,review
Cc1ccc2c([C@H](Nc3cc(C#N)c4ncc(C#N)c(NCC(C)(C)C)c4c3)C3=CN(C4(C)CC4)NN3)cccc2n1,8.586921137486787,0.007379126617491722,0.21122633870785718,557.7060000000002,6.164680000000004,124.72,4,9,6,7,0.3333333333333333,2,0.95,4.634706666666668,False,,1,hydrazine,1,hydrazine,0,,1.0,0.8413028149433341,1.0,0.13934426229508196,Erlotinib,0.0,0.860655737704918,0.7665648957394524,0.2879165375713727,0.7,0.9651639344262295,0.2879165375713727,0.6799113419342636,0.9651639344262295,0.6772473968548568,0.3227526031451432,0.11553807174025166,8.57585244756055,-1.9006463279588095,-0.5,0.3081967213114753,6.483402840913215,0.0,0.0,0.0,0.471559246068571,0.0,0.621559246068571,0.2,low,agents_strongly_disagree,5.861843594844644,False,review,False,,0.93,0.161,0.198,0.5005,0.5615,0.495,0.4345,0.887,0.5805,0.56645,7.1800028409132155,438,0.75,5.491583594844644,1,425,0,13,review
CC[C@@H](Nc1c(C#N)cnc2c(Cl)cc(N[C@@H](C3=CN(C4CC4)NN3)c3cccnc3)cc12)c1ccccc1,8.692568944258488,0.0031011059882960434,0.20048463052405477,537.0710000000003,6.199880000000004,100.93,4,8,6,9,0.23333333333333334,2,0.95,5.047140000000002,False,,1,hydrazine,1,hydrazine,0,,1.0,0.9408125658125659,1.0,0.16521739130434782,Erlotinib,0.0,0.8347826086956522,0.7959714618728148,0.2661457775574608,0.7,0.9586956521739131,0.2661457775574608,0.6802032229010472,0.9586956521739131,0.6925498746164522,0.30745012538354777,0.15435765196235685,8.687917285276043,-1.983253036142612,-0.5,0.30043478260869566,6.505099031742127,0.0,0.0,0.0,0.4906873432705653,0.0,0.6406873432705653,0.2,low,agents_strongly_disagree,5.864411688471561,False,review,False,,0.956,0.143,0.101,0.5005,0.5615,0.463,0.4345,0.986,0.57405,0.5636,7.193959031742127,436,0.75,5.490731688471561,1,426,0,10,review
CN(c1ccccc1)c1ncnc2ccccc12,6.179515030490203,0.023950043308849384,0.6813434299872798,235.29,3.397700000000002,29.020000000000003,0,3,3,2,0.06666666666666667,0,0.0,1.8,False,,0,,0,,0,,1.0,0.690896040896041,0.9834473470837107,0.27586206896551724,Afatinib,0.0,0.7241379310344828,0.1531137273063561,0.7555081172622347,1.0,0.9186199930714037,0.1531137273063561,0.7068104594099986,1.0,0.8468862726936439,0.15311372730635608,-0.7382623094715234,6.143589965526928,0.41801009665394645,-0.0,0.26310321608127246,6.824703278262147,0.0,0.0,0.0,0.6836078408670548,0.0,0.8336078408670549,0.2,low,agents_strongly_disagree,5.991095437395092,False,review,False,,0.276,0.898,0.9675,0.5005,0.109,0.245,0.4345,0.275,0.549025,0.4569,7.483533278262147,355,0.75,5.4893754373950925,1,427,72,0,review
COc1cc(OC2CCN(C(C)=O)CC2)c2c(Nc3ccc(F)c(Cl)c3)ncnc2c1,6.342965110831573,0.022563563622189375,0.6211044575814796,444.89400000000006,4.564200000000004,76.58000000000001,1,6,4,5,0.3181818181818182,0,0.0,2.932626666666667,False,,0,,0,,0,,1.0,0.8090094219505983,1.0,0.4810126582278481,Osimertinib,0.0,0.5189873417721519,0.19494678317236064,0.6788141183364804,1.0,0.879746835443038,0.19494678317236064,0.6883769342379698,1.0,0.8050532168276394,0.19494678317236058,-0.6579068680874789,6.309119765398289,0.21302863939966135,-0.0,0.20569620253164556,6.727844607329596,0.0,0.0,0.0,0.6313165210345493,0.0,0.7813165210345493,0.2,low,agents_strongly_disagree,5.9465280862950465,False,review,False,,0.306,0.837,0.683,0.5005,0.5615,0.281,0.4345,0.315,0.5076499999999999,0.47915,7.337024607329596,396,0.75,5.471508086295047,1,428,32,0,review
c1ccc(CNc2ncnc3ccncc23)cc1,6.030246953337892,0.012999463621976855,0.7591376265363269,236.27800000000002,2.6369000000000007,50.7,1,4,3,3,0.07142857142857142,0,0.0,1.9000000000000001,False,,0,,0,,0,,1.0,0.7449469052896226,1.0,0.2698412698412698,Afatinib,0.0,0.7301587301587302,0.12346211379908925,0.7944487715180568,1.0,0.9325396825396826,0.12346211379908925,0.7126126419642071,1.0,0.8765378862009108,0.12346211379908922,-0.7855340375534906,6.010747757904927,0.48128048367918397,-0.0,0.26904761904761904,6.761075860631729,0.0,0.0,0.0,0.7206723577511385,0.0,0.8706723577511385,0.2,low,agents_strongly_disagree,5.890403502880591,False,review,False,,0.24,0.956,0.9475,0.5005,0.5615,0.213,0.4345,0.639,0.541425,0.51305,7.410785860631729,381,0.75,5.456063502880591,1,429,48,0,review
N#Cc1cnc2c(Cl)cc(N[C@H](C3=CN(CCO)NN3)c3cccnc3)cc2c1Nc1ccc(F)c(Cl)c1,8.539655468770025,0.009959819922274979,0.20600737972967148,551.4130000000001,5.0026800000000025,121.16000000000001,5,9,5,8,0.11538461538461539,2,0.95,4.492753333333335,False,,1,hydrazine,1,hydrazine,0,,1.0,0.8695751647705805,1.0,0.24528301886792453,Gefitinib,0.0,0.7547169811320755,0.7529419932469138,0.2905058537231141,0.7,0.9386792452830188,0.2905058537231141,0.6705317730632616,0.9386792452830188,0.6481733915599047,0.3518266084400953,0.10988029357820284,8.524715738886613,-1.9063671587318671,-0.5,0.27641509433962264,6.394763674494368,0.0,0.0,0.0,0.43521673944988093,0.0,0.585216739449881,0.2,low,agents_strongly_disagree,5.809546935044487,False,review,False,,0.914,0.152,0.234,0.5005,0.5615,0.561,0.4345,0.785,0.5769,0.5654,7.087043674494368,466,0.75,5.438026935044488,1,430,0,36,review
COCCOc1cc2ncnc(Nc3cc(Cl)cc(C=O)c3)c2cc1OCCOC,6.686548140048757,0.081614337288588,0.36087004378789805,431.87600000000026,3.889700000000002,91.80000000000001,1,8,3,11,0.2857142857142857,0,0.0,3.245840000000002,False,,0,,0,,0,,1.0,0.7975848712690817,1.0,0.43243243243243246,Gefitinib,0.0,0.5675675675675675,0.2395069989101776,0.5236385240833439,1.0,0.8918918918918919,0.2395069989101776,0.6637593537213533,1.0,0.7604930010898224,0.23950699891017757,-0.565669806414901,6.564126634115874,-0.09743452764067369,-0.0,0.22027027027027024,6.686962376745471,0.0,0.0,0.0,0.575616251362278,0.0,0.725616251362278,0.2,low,agents_strongly_disagree,5.9613461253831925,False,review,False,,0.383,0.462,0.598,0.5005,0.5615,0.332,0.4345,0.001,0.45455,0.42689999999999995,7.232422376745471,425,0.75,5.423626125383192,1,431,6,0,review
CCN(CC)C/C=C/C(=O)N1CC[C@@H](n2cc(C(=O)Nc3nc4cc(-c5ccccc5)ccc4o3)c3c(N)ncnc32)C1,7.631724537955984,0.0036918032343750307,0.23944184392155554,578.677,4.745400000000003,135.41,2,8,6,9,0.28125,1,0.5,4.974513333333333,False,,1,aniline,0,,1,acrylamide_like,1.0,0.8904348796753986,1.0,0.1951219512195122,Lazertinib,0.0,0.8048780487804879,0.5303468722249335,0.3403655782594197,0.8,0.9512195121951219,0.3403655782594197,0.6554829906698688,0.9512195121951219,0.6108539339357022,0.3891460660642978,-0.16684815792658048,7.626186833104422,-1.2286101560784444,-0.2,0.2914634146341463,6.489040091660123,0.0,0.0,0.0,0.38856741741962775,0.1,0.6385674174196277,0.2,low,agents_strongly_disagree,5.850472674240495,False,review,False,,0.704,0.224,0.115,0.5005,0.5615,0.625,0.4345,0.978,0.47895,0.51735,7.063780091660123,473,0.75,5.421292674240496,1,432,0,41,review
c1ccc(CNc2ncnc3ccccc23)cc1,6.008442520159546,0.012406743416107282,0.7569144577736235,235.29000000000002,3.241900000000001,37.81,1,3,3,3,0.06666666666666667,0,0.0,1.9000000000000001,False,,0,,0,,0,,1.0,0.7797886608412925,1.0,0.29310344827586204,Afatinib,0.0,0.7068965517241379,0.11842590964861144,0.79322602869857,1.0,0.9267241379310345,0.11842590964861144,0.709594019069554,1.0,0.8815740903513886,0.11842590964861144,-0.78822414589459,5.9898324050353855,0.47858112444029016,-0.0,0.26206896551724135,6.730482494992917,0.0,0.0,0.0,0.7269676129392357,0.0,0.8769676129392358,0.2,low,agents_strongly_disagree,5.853514882053681,False,review,False,,0.238,0.953,0.9475,0.5005,0.5615,0.203,0.4345,0.667,0.539925,0.5124,7.378392494992918,392,0.75,5.418394882053682,1,433,41,0,review
Cn1ncc2cccc([C@H](Nc3cc(C#N)c4ncc(C#N)c(NCC(C)(C)C)c4c3)C3=CN(C4(C(F)F)CC4)NN3)c21,8.568737425516298,0.007908641086742604,0.2145935684885482,582.6630000000001,5.439960000000004,129.64999999999998,4,9,6,8,0.3548387096774194,2,0.95,4.901086666666667,False,,1,hydrazine,1,hydrazine,0,,1.0,0.8447653191188265,1.0,0.13709677419354838,Erlotinib,0.0,0.8629032258064516,0.7616483076183548,0.27952312933536816,0.7,0.9657258064516129,0.27952312933536816,0.6767243108513339,0.9657258064516129,0.6862026771162447,0.3137973228837553,0.11323199568936104,8.556874463886185,-1.93508556054371,-0.5,0.3088709677419354,6.43065987108441,0.0,0.0,0.0,0.4827533463953059,0.0,0.6327533463953059,0.2,low,agents_strongly_disagree,5.797906524689104,False,review,False,,0.926,0.165,0.126,0.5005,0.5615,0.474,0.4345,0.872,0.5687,0.5558,7.11309987108441,456,0.75,5.414866524689104,1,434,0,22,review
CCS(=O)(=O)Nc1nc(-c2ccc(F)cc2)c(-c2ccnc(Nc3ccc4c(ccn4CCN4CCOCC4)c3)n2)s1,8.175111987179877,0.008588219931710026,0.2228379133387089,607.7370000000001,5.198300000000004,114.27,2,9,6,10,0.27586206896551724,2,0.95,4.9182466666666675,False,,0,,0,,0,,1.0,0.7994413648681942,1.0,0.2523364485981308,Dacomitinib,0.0,0.7476635514018692,0.6627662428427722,0.2833975190029565,1.0,0.9369158878504673,0.2833975190029565,0.720769912424049,1.0,0.7166024809970435,0.2833975190029565,-0.07733822610836905,8.162229657282312,-1.9373128797647394,-0.0,0.27429906542056076,6.499215842938133,0.0,0.0,0.0,0.5207531012463044,0.0,0.6707531012463044,0.2,low,agents_strongly_disagree,5.828462741691829,False,review,False,,0.841,0.18,0.122,0.5005,0.5615,0.409,0.4345,0.849,0.5328499999999999,0.5245,7.1386358429381325,448,0.75,5.407862741691829,1,435,0,13,review
Cc1ccc(C2=NN(C(N)=S)C(c3ccc(F)cc3)C2)cc1C,6.027153863319678,0.013268921515993787,0.8522956704014689,327.4280000000001,3.837240000000002,41.62,1,2,3,2,0.2222222222222222,0,0.0,2.1500000000000004,False,,1,thiourea,0,,0,,1.0,0.843586185630589,1.0,0.12244897959183673,Lazertinib,0.0,0.8775510204081632,0.1225002207687239,0.8360703110285002,0.88,0.9693877551020408,0.1225002207687239,0.7019895717248162,0.9693877551020408,0.8468875343333169,0.15311246566668313,-0.7726524679414564,6.007250481045688,0.552017892623691,-0.2,0.313265306122449,6.672533679791827,0.0,0.0,0.0,0.6836094179166461,0.0,0.8336094179166461,0.2,low,agents_strongly_disagree,5.838924261875181,False,review,False,,0.239,0.995,0.883,0.5005,0.5615,0.244,0.4345,0.625,0.5390999999999999,0.51455,7.319453679791827,398,0.75,5.406384261875181,1,436,38,0,review
COc1nccc2c([C@H](Nc3cc(C#N)c4ncc(C#N)c(NCC(C)(C)C)c4c3)C3=CN(C4CC4)NN3)cccc12,8.513211788959964,0.005961114697202665,0.21998132473547805,559.6780000000003,5.474760000000004,133.95,4,10,6,8,0.3125,2,0.95,4.747853333333336,False,,1,hydrazine,1,hydrazine,0,,1.0,0.8741738405103977,1.0,0.175,Erlotinib,0.0,0.825,0.7491301669519491,0.28837998501476925,0.7,0.95625,0.28837998501476925,0.6734400379916796,0.95625,0.6678700149852308,0.3321299850147692,0.10092017194702607,8.50427011691416,-1.9109466752645223,-0.5,0.29749999999999993,6.390823441649638,0.0,0.0,0.0,0.4598375187315385,0.0,0.6098375187315386,0.2,low,agents_strongly_disagree,5.7809859229180995,False,review,False,,0.91,0.176,0.164,0.5005,0.5615,0.51,0.4345,0.927,0.5694,0.5628000000000001,7.074103441649638,471,0.75,5.4063459229181,1,437,0,34,review
CN(C)C/C=C/C(=O)N1CCC(n2nc(-c3ccc(Oc4ccccc4)cc3)c3c(N)ncnc32)CC1,6.692337733169954,0.020775725812834395,0.38277044725358156,497.6030000000003,4.1491000000000025,102.4,1,7,5,7,0.2857142857142857,0,0.0,3.684020000000002,False,,1,aniline,0,,1,acrylamide_like,1.0,0.8316066066066066,1.0,0.21296296296296297,Lazertinib,0.0,0.787037037037037,0.2835414252235045,0.5188306690663929,0.8,0.9467592592592593,0.2835414252235045,0.6372828383872892,0.9467592592592593,0.6632178340357548,0.33678216596424515,-0.47165521755171286,6.661174144450703,-0.14126112417499015,-0.2,0.28611111111111104,6.606024131386824,0.0,0.0,0.0,0.45402229254469356,0.1,0.7040222925446936,0.2,low,agents_strongly_disagree,5.90200183884213,False,review,False,,0.385,0.504,0.477,0.5005,0.5615,0.519,0.4345,0.356,0.4457,0.45814999999999995,7.140864131386824,447,0.75,5.401781838842131,1,438,0,9,review
CCc1ncccc1[C@H](Nc1cc(Cl)c2ncc(C#N)c(NCC(C)(C)C)c2c1)C1=CN(C2(C(F)F)CC2)NN1,8.451234211401301,0.009041184578775093,0.23959028750486053,567.0880000000001,6.292380000000005,100.92999999999999,4,8,5,9,0.41379310344827586,2,0.95,4.697253333333334,False,,1,hydrazine,1,hydrazine,0,,1.0,0.8943998992485621,1.0,0.15126050420168066,Gefitinib,0.0,0.8487394957983193,0.7314797236451828,0.3011110683840835,0.7,0.9621848739495799,0.3011110683840835,0.6736939164947116,0.9621848739495799,0.6610738055654963,0.33892619443450367,0.07704774286729488,8.43767243453314,-1.8736184021503117,-0.5,0.30462184873949577,6.368675881122323,0.0,0.0,0.0,0.4513422569568704,0.0,0.6013422569568705,0.2,low,agents_strongly_disagree,5.7673336241654525,False,review,False,,0.898,0.226,0.184,0.5005,0.5615,0.523,0.4345,0.827,0.5770000000000001,0.565,7.061075881122323,476,0.75,5.395333624165453,1,439,0,37,review
C=CC(=O)N1CCCCC(n2c(NC(=O)c3cccc(C(F)(F)F)c3)nc3cc(C)ccc32)C1,6.870761947604211,0.022919594413148486,0.5226081367498023,470.49500000000023,5.355420000000004,67.23,1,3,4,4,0.32,1,0.45,3.3533000000000017,False,,0,,0,,1,acrylamide_like,1.0,0.8505540153642468,1.0,0.17307692307692307,Osimertinib,0.0,0.8269230769230769,0.3266467708118488,0.5584613982893143,0.92,0.9567307692307692,0.3266467708118488,0.690459734582983,0.9567307692307692,0.6300839984189204,0.3699160015810796,-0.48508395169484564,6.836382555984488,-0.6483868632501979,-0.0,0.2980769230769231,6.486072615811214,0.0,0.0,0.0,0.41260499802365047,0.1,0.6626049980236505,0.2,low,agents_strongly_disagree,5.823467617787563,False,review,False,,0.421,0.726,0.567,0.5005,0.5615,0.593,0.4345,0.304,0.5197999999999999,0.51605,7.1098326158112135,457,0.75,5.392727617787563,1,440,0,17,review
CCc1c(C(=O)NCCc2ccccc2)[nH]c2ccc(C)cc12,6.668247630216031,0.013743131321896099,0.7347141504267914,306.4090000000001,4.0112200000000025,44.89,2,1,3,5,0.25,0,0.0,2.1,True,indol_3yl_alk(461),0,,0,,0,,1.0,0.678144139000655,0.9602620709102816,0.125,Afatinib,0.0,0.875,0.2824417156286806,0.7733235519655046,0.75,0.9389465531827113,0.2824417156286806,0.6861779551942241,0.9389465531827113,0.6565048375540307,0.34349516244596934,-0.5383149860873913,6.647632933233187,0.44471415042679147,-0.4,0.3025655177275704,6.994912601387549,0.0,0.0,0.0,0.44563104694253836,0.0,0.7831310469425383,0.45,medium,unsafe_structure_can_game_single_score;agents_strongly_disagree,6.211781554445011,False,review,False,,0.382,0.941,0.894,0.5005,0.098,0.535,0.043,0.605,0.5942999999999999,0.49304999999999993,7.708072601387549,303,0.75,5.378441554445011,1,441,138,0,review
O=C(/C=C/CN1C[C@@H]2OCCO[C@@H]2C1)Nc1ccc2ncnc(Nc3ccc4c(cnn4Cc4cccc(F)c4)c3)c2c1,7.547803662403122,0.03755731694717348,0.2589798691888227,579.6360000000002,4.504800000000002,106.43,2,8,7,8,0.25,1,0.5,5.430906666666668,False,,0,,0,,1,acrylamide_like,1.0,0.780716058135413,1.0,0.29292929292929293,Sunvozertinib,0.0,0.7070707070707071,0.485660793737759,0.33355790241282685,0.92,0.9267676767676768,0.33355790241282685,0.6664965932295657,0.9267676767676768,0.5932097743548499,0.4067902256451501,-0.2411143993224089,7.491467686982362,-1.2806561308111775,-0.0,0.26212121212121214,6.472932768292396,0.0,0.0,0.0,0.36651221794356237,0.1,0.6165122179435624,0.2,low,agents_strongly_disagree,5.856420550348834,False,review,False,,0.664,0.267,0.06,0.5005,0.5615,0.666,0.4345,0.103,0.46130000000000004,0.46665,7.026492768292396,484,0.75,5.366400550348835,1,442,0,42,review
COc1cccc(-c2cn(C3CC(CNCCO)C3)c3ncnc(N)c23)c1,6.285845747679605,0.014460370885652492,0.5540600392323989,367.4530000000001,2.2220999999999993,98.22,3,6,4,7,0.4,0,0.0,2.616353333333334,False,,1,aniline,0,,0,,1.0,0.7792831886853102,1.0,0.19047619047619047,Lazertinib,0.0,0.8095238095238095,0.1863391772999444,0.6541040472188451,0.88,0.9523809523809523,0.1863391772999444,0.6682060442249355,0.9523809523809523,0.7660417750810079,0.2339582249189921,-0.6424891558999881,6.264155191351126,0.20160703923239878,-0.2,0.29285714285714287,6.558619373440667,0.0,0.0,0.0,0.5825522188512599,0.0,0.7325522188512599,0.2,low,agents_strongly_disagree,5.826067154589407,False,review,False,,0.299,0.759,0.772,0.5005,0.5615,0.32,0.4345,0.57,0.50225,0.4909,7.161319373440667,441,0.75,5.365147154589407,1,443,2,0,review
C=CC(=O)Nc1cc2c(Nc3ccc(Br)cc3F)ncnc2cc1OCCNC(=O)C1CCCN1C(=O)CC,7.471518740851373,0.024901767364675514,0.23457688742581218,599.461,4.295500000000003,125.55000000000001,3,7,4,10,0.2962962962962963,1,0.5,4.8130733333333335,False,,0,,0,,1,acrylamide_like,1.0,0.8388636751160015,1.0,0.44565217391304346,Osimertinib,0.0,0.5543478260869565,0.47544844805757036,0.3438990829559916,0.92,0.8885869565217391,0.3438990829559916,0.6569836218838253,0.92,0.5761009170440085,0.42389908295599155,-0.2420468984350066,7.43416608980436,-1.2077544829445581,-0.0,0.21630434782608693,6.442715954685889,0.0,0.0,0.0,0.3451261463050106,0.1,0.5951261463050106,0.2,low,agents_strongly_disagree,5.847589808380879,False,review,False,,0.631,0.207,0.148,0.5005,0.5615,0.703,0.4345,0.258,0.44765,0.4680000000000001,6.979895954685889,496,0.75,5.359189808380879,1,444,0,52,review
COc1cc2/c(=N/c3ccc(Br)cc3F)nc[nH]c2cc1OCC1CCN(C)CC1,6.378775063799529,0.041105528094008414,0.593560925290803,475.3620000000003,4.426100000000003,62.74,1,5,4,5,0.36363636363636365,0,0.0,3.1357466666666687,False,,0,,0,,0,,1.0,0.598180636777128,0.8148738850493235,0.2967032967032967,Gefitinib,0.0,0.7032967032967032,0.19091989628407643,0.6558528678843005,1.0,0.7869795896111684,0.19091989628407643,0.6584380884448864,1.0,0.8090801037159235,0.19091989628407646,-0.6233575895477466,6.317116771658517,0.15956256165443905,-0.0,0.21470748225134179,6.6913868155642975,0.0,0.0,0.0,0.6363501296449046,0.0,0.7863501296449046,0.2,low,agents_strongly_disagree,5.905036685919393,False,review,False,,0.313,0.816,0.629,0.5005,0.061,0.277,0.4345,0.063,0.49850000000000005,0.40964999999999996,7.289586815564298,404,0.75,5.346616685919393,1,445,41,0,review
Cc1nc2cnc(Nc3ccnc(N4CC[C@H](O)[C@H](F)C4)n3)cc2n1C(C)C,6.104238430163919,0.012369508576595028,0.713348086864648,385.4470000000001,2.763320000000001,91.99000000000001,2,7,4,4,0.47368421052631576,0,0.0,3.136313333333334,False,,0,,0,,0,,1.0,0.808112446729222,1.0,0.22549019607843138,Lazertinib,0.0,0.7745098039215687,0.1424009515373633,0.7217140118781205,1.0,0.9436274509803921,0.1424009515373633,0.701935603598969,1.0,0.8575990484626367,0.14240095153736332,-0.7460462027488075,6.085684167299027,0.29026950791727946,-0.0,0.2823529411764706,6.658306616392776,0.0,0.0,0.0,0.6969988105782959,0.0,0.846998810578296,0.2,low,agents_strongly_disagree,5.81130780581448,False,review,False,,0.264,0.92,0.628,0.5005,0.5615,0.234,0.4345,0.67,0.4971,0.4865499999999999,7.254826616392776,414,0.75,5.34516780581448,1,446,32,0,review
C=CC(=O)N1C[C@H](CO)[C@@H](COc2nc(Nc3cnn(C)c3)nc3[nH]cc(Cl)c23)C1,6.398040561974374,0.012338140144561081,0.48675361961436886,431.8840000000002,1.720099999999999,121.19000000000003,3,7,4,7,0.3684210526315789,0,0.0,3.745893333333335,False,,0,,0,,1,acrylamide_like,1.0,0.8847686116700201,1.0,0.20202020202020202,Osimertinib,0.0,0.797979797979798,0.21587344239240067,0.5736416702750824,0.92,0.9494949494949495,0.21587344239240067,0.6647525155406081,0.9494949494949495,0.7336215071025488,0.2663784928974512,-0.5985054308642765,6.379533351757532,-0.03828827512247341,-0.0,0.28939393939393937,6.630639016028997,0.0,0.0,0.0,0.542026883878186,0.1,0.792026883878186,0.2,low,agents_strongly_disagree,5.8386121321508115,False,review,False,,0.316,0.675,0.4525,0.5005,0.5615,0.379,0.4345,0.673,0.445175,0.4625,7.164849016028997,440,0.75,5.343612132150811,1,447,7,0,review
CC(C)n1nc(N2CCC(O)CC2)c2cnc(Nc3ccnc(-c4cnn(S(=O)(=O)C5CC5)c4)n3)cc21,7.19800510700951,0.01044526679937667,0.37088642234275626,523.6230000000003,2.710700000000001,143.95,2,10,6,7,0.4583333333333333,1,0.75,4.0574866666666685,False,,0,,0,,0,,1.0,0.8354482345470089,1.0,0.23853211009174313,Lazertinib,0.0,0.7614678899082569,0.4171895899928138,0.4479303528013364,1.0,0.9403669724770642,0.4171895899928138,0.7013717288178036,1.0,0.5828104100071863,0.41718958999281375,-0.3789095184333198,7.182337206810445,-1.1919032443239106,-0.0,0.27844036697247704,6.2688743294590115,0.0,0.0,0.0,0.3535130125089828,0.0,0.5035130125089828,0.2,low,agents_strongly_disagree,5.765361316950028,False,review,False,,0.533,0.477,0.339,0.5005,0.5615,0.692,0.4345,0.759,0.48619999999999997,0.5221499999999999,6.852314329459011,532,0.75,5.341941316950028,1,448,0,84,review
COc1ccc(C2=NN(c3ccccc3)C(c3ccc4ccccc4c3)C2)cc1,6.845258238723877,0.01637858258055553,0.42199860924743154,378.47500000000014,6.204100000000006,24.83,0,3,5,4,0.11538461538461539,1,0.45,2.9398333333333344,False,,0,,0,,0,,1.0,0.8125336144396875,1.0,0.1978021978021978,Lazertinib,0.0,0.8021978021978022,0.3248495518745805,0.5190287222655745,1.0,0.9505494505494505,0.3248495518745805,0.6986069311724014,1.0,0.6751504481254196,0.3248495518745804,-0.4983431723970944,6.820690364853044,-0.7074379292141071,-0.0,0.2906593406593407,6.403911776298277,0.0,0.0,0.0,0.46893806015677447,0.0,0.6189380601567744,0.2,low,agents_strongly_disagree,5.7849737161415025,False,review,False,,0.417,0.571,0.679,0.5005,0.5615,0.498,0.4345,0.494,0.5037999999999999,0.5028,7.008471776298277,488,0.75,5.338333716141503,1,449,0,39,review
N#Cc1ccc(O)c(-c2nc(NCc3cccnc3)c3ccccc3n2)c1,6.171398882882011,0.03718563069652926,0.5780214506918603,353.38500000000005,3.8811800000000014,94.72,2,6,4,4,0.047619047619047616,0,0.0,2.2225666666666672,False,,0,,0,,0,,1.0,0.7818732758964695,1.0,0.15294117647058825,Afatinib,0.0,0.8470588235294118,0.14181977923293226,0.6824284645471899,1.0,0.961764705882353,0.14181977923293226,0.6965032374156188,1.0,0.8581802207670677,0.14181977923293232,-0.7395779442435821,6.115620436837217,0.24939835545376496,-0.0,0.30411764705882355,6.669136439349805,0.0,0.0,0.0,0.6977252759588346,0.0,0.8477252759588346,0.2,low,agents_strongly_disagree,5.82141116339097,False,review,False,,0.275,0.793,0.851,0.5005,0.5615,0.233,0.4345,0.104,0.5101,0.4647,7.281256439349805,408,0.75,5.329051163390971,1,450,42,0,review
COc1cc(N2CCC(N3CCN(C)CC3)CC2)ccc1Nc1ncc(Cl)c(-c2cn(C(C)=O)c3ccccc23)n1,7.76799322431054,0.01845081719051727,0.3293262315265129,574.1290000000001,5.380200000000005,78.76,1,8,6,6,0.3870967741935484,2,0.95,4.294193333333334,False,,0,,0,,0,,1.0,0.8169570267131242,1.0,0.2358490566037736,Gefitinib,0.0,0.7641509433962264,0.5540827340442728,0.3659681452883,1.0,0.9410377358490566,0.3659681452883,0.7152721537954073,1.0,0.6340318547117,0.3659681452883,-0.21491922633484606,7.740316998524763,-1.7260930910541321,-0.0,0.2792452830188679,6.2934691904895,0.0,0.0,0.0,0.417539818389625,0.0,0.567539818389625,0.2,low,agents_strongly_disagree,5.725929372099875,False,review,False,,0.738,0.415,0.282,0.5005,0.5615,0.586,0.4345,0.429,0.5575,0.5415499999999999,6.962469190489499,502,0.75,5.325789372099875,1,451,0,51,review
CC(C)(C)CNc1c(C#N)cnc2c(C#N)cc(N[C@H](C3=CN(C4(C(N)=O)CC4)NN3)c3cccc4ncsc34)cc12,8.96488563136911,0.009344743391005725,0.20227075087849017,578.7060000000001,4.383160000000001,167.81,5,11,6,8,0.3,2,0.95,4.874706666666667,False,,1,hydrazine,1,hydrazine,0,,1.0,0.9019480519480518,1.0,0.1328125,Erlotinib,0.0,0.8671875,0.8596800874685736,0.27376019503445165,0.7,0.966796875,0.27376019503445165,0.7000592893757562,0.966796875,0.6930366799655483,0.3069633200344517,0.21282773079042305,8.950868516282602,-1.94893524912151,-0.5,0.31015624999999997,6.812089517161093,0.0,0.0,0.0,0.49129584995693537,0.0,0.7912958499569354,0.4,medium,agents_strongly_disagree;potency_not_supported_by_other_agents,6.020793667204158,False,review,False,,0.978,0.147,0.132,0.5005,0.5615,0.461,0.0775,0.813,0.5893999999999999,0.52935,7.519369517161093,345,0.75,5.306013667204159,1,452,107,0,review
C=CC(=O)Nc1cc(Nc2nccc(-c3cn(C)c4ccccc34)n2)c(OC)cc1N(C)CCO,6.499587156452364,0.011618803462341759,0.31703109468247936,472.54900000000026,3.9405000000000023,104.54,3,7,4,9,0.19230769230769232,0,0.0,3.516993333333335,False,,0,,0,,1,acrylamide_like,1.0,0.8994911603332657,1.0,0.3157894736842105,Osimertinib,0.0,0.6842105263157895,0.24176362668945175,0.4890981277163892,0.92,0.9210526315789473,0.24176362668945175,0.6429785964961972,0.9210526315789473,0.6792890048894956,0.3207109951105044,-0.5349532930756604,6.482158951258851,-0.19128713608675169,-0.0,0.2552631578947368,6.546134973066836,0.0,0.0,0.0,0.47411125611186955,0.1,0.7241112561118696,0.2,low,agents_strongly_disagree,5.822023716954967,False,review,False,,0.335,0.388,0.522,0.5005,0.5615,0.493,0.4345,0.696,0.40675000000000006,0.44465000000000005,7.0342349730668365,483,0.75,5.305603716954967,1,453,0,30,review
Cc1ccc2c(c1)nc(NC(=O)c1cccc(C(F)(F)F)c1)n2[C@H]1CC[C@H](O)CC1,6.581981416191415,0.019641224681429675,0.6237235808777387,417.4310000000002,5.091820000000004,67.15,2,3,4,3,0.36363636363636365,1,0.45,2.5495400000000012,False,,0,,0,,0,,1.0,0.8285159447032038,1.0,0.14583333333333334,Osimertinib,0.0,0.8541666666666666,0.2567464967708531,0.6449887387135256,1.0,0.9635416666666666,0.2567464967708531,0.7163192255377613,1.0,0.743253503229147,0.25674649677085304,-0.6127636383558777,6.552519579169271,-0.4223437827586251,-0.0,0.30624999999999997,6.436425796410647,0.0,0.0,0.0,0.5540668790364337,0.0,0.7040668790364337,0.2,low,agents_strongly_disagree,5.732358917374213,False,review,False,,0.354,0.8455,0.7835,0.5005,0.5615,0.361,0.4345,0.387,0.546025,0.5164749999999999,7.091655796410647,464,0.75,5.302128917374213,1,454,0,10,review
CCc1c(NC(=O)OCCn2ccnc2)cn2ncnc(Nc3ccc4c(cnn4Cc4ccccc4)c3)c12,7.168980738531755,0.022031244839500676,0.27857931422268334,521.5850000000003,4.878500000000004,116.19,2,7,6,9,0.17857142857142858,1,0.5,4.243900000000002,False,,0,,0,,0,,1.0,0.7750355660076067,1.0,0.2222222222222222,Osimertinib,0.0,0.7777777777777778,0.4018233132452883,0.3899916997455527,1.0,0.9444444444444444,0.3899916997455527,0.6840648643588214,1.0,0.6100083002544473,0.3899916997455527,-0.37632206815137736,7.1359338712725044,-1.0901485429201743,-0.0,0.2833333333333333,6.329118661685664,0.0,0.0,0.0,0.38751037531805915,0.0,0.5375103753180592,0.2,low,agents_strongly_disagree,5.791608286367604,False,review,False,,0.517,0.305,0.298,0.5005,0.5615,0.628,0.4345,0.326,0.43845,0.4594,6.855258661685664,529,0.75,5.292888286367605,1,455,0,74,review
Cc1nc(F)ccc1[C@H](Nc1cc(Cl)c2ncc(C#N)c(NCC(C)(C)C)c2c1)C1=C(C2CC2)N(C2CC2)NN1,8.351265609177585,0.003960008679638763,0.23735815580128583,561.1090000000003,6.322400000000005,100.92999999999999,4,8,6,8,0.43333333333333335,2,0.95,4.757393333333336,False,,1,hydrazine,1,hydrazine,0,,1.0,0.9018359150889271,1.0,0.1694915254237288,Gefitinib,0.0,0.8305084745762712,0.710044396218649,0.29757031902404046,0.7,0.9576271186440678,0.29757031902404046,0.6663104584716893,0.9576271186440678,0.6600567996200273,0.3399432003799727,0.05831191699594629,8.345325596158126,-1.882917510865381,-0.5,0.2991525423728813,6.261560627665626,0.0,0.0,0.0,0.4500709995250341,0.0,0.6000709995250342,0.2,low,agents_strongly_disagree,5.661489628140592,False,review,False,,0.883,0.213,0.162,0.5005,0.5615,0.525,0.4345,0.972,0.56435,0.5637999999999999,6.9387806276656265,506,0.75,5.288049628140592,1,456,0,50,review
COc1cc2ncnc3c2cc1OCCOCCOCCOc1c(Cl)cccc1N3,6.215222281517917,0.013534158541140687,0.6217993915291041,431.87600000000015,3.839800000000002,83.96000000000002,1,8,4,1,0.3333333333333333,0,0.0,3.445840000000001,False,,0,,0,,0,,1.0,0.8731527093596059,1.0,0.35294117647058826,Erlotinib,0.0,0.6470588235294117,0.16933165940068082,0.6594573576486995,1.0,0.9117647058823529,0.16933165940068082,0.6851384307329333,1.0,0.8306683405993192,0.16933165940068085,-0.6877423617763366,6.1949210437062066,0.13825672486243734,-0.0,0.2441176470588235,6.577295415627468,0.0,0.0,0.0,0.6633354257491488,0.0,0.8133354257491489,0.2,low,agents_strongly_disagree,5.763959989878319,False,review,False,,0.287,0.8405,0.5425,0.5005,0.5615,0.257,0.4345,0.615,0.47872499999999996,0.472525,7.151765415627468,443,0.75,5.280989989878319,1,457,14,0,review
CC(=O)Nc1ccc(-c2c(-c3ccccc3)oc3ncnc(N[C@H](CO)c4ccccc4)c23)cc1,7.0056979963668224,0.006929438499899495,0.2873347479320777,464.52500000000015,5.660700000000004,100.28000000000002,3,6,5,7,0.10714285714285714,1,0.45,3.8135000000000012,False,,0,,0,,0,,1.0,0.8177907808156354,1.0,0.20930232558139536,Sunvozertinib,0.0,0.7906976744186046,0.37157389214177594,0.41136103443956584,1.0,0.9476744186046512,0.37157389214177594,0.6826523362964982,1.0,0.6284261078582241,0.37157389214177594,-0.41477125887296296,6.995303838616973,-0.9739759663536367,-0.0,0.28720930232558134,6.308537174588918,0.0,0.0,0.0,0.4105326348227801,0.0,0.5605326348227802,0.2,low,agents_strongly_disagree,5.7480045397661375,False,review,False,,0.463,0.332,0.423,0.5005,0.5615,0.598,0.4345,0.897,0.4383,0.48530000000000006,6.834497174588918,542,0.75,5.280364539766138,1,458,0,84,review
COc1ccc(/C=N/Nc2ncc(Cl)c(Nc3ccccc3S(=O)(=O)C(C)C)n2)cc1,6.425180466459937,0.03285867901992793,0.37673120026229306,459.9590000000002,4.510300000000002,105.57000000000001,2,8,3,8,0.19047619047619047,0,0.0,3.1330600000000013,False,,0,,0,,0,,1.0,0.8438383995037221,1.0,0.20430107526881722,Osimertinib,0.0,0.7956989247311828,0.2082940413010346,0.5366998524519535,1.0,0.9489247311827957,0.2082940413010346,0.673479656233946,1.0,0.7917059586989654,0.20829404130103457,-0.6202474865772151,6.3758924479300445,-0.07418018069008807,-0.0,0.28870967741935477,6.590421944659312,0.0,0.0,0.0,0.6146324483737068,0.0,0.7646324483737068,0.2,low,agents_strongly_disagree,5.825789496285605,False,review,False,,0.319,0.492,0.631,0.5005,0.5615,0.3,0.4345,0.15,0.4367,0.41975,7.114461944659312,455,0.75,5.279489496285605,1,459,4,0,review
CCc1c(CO)cn2ncnc(Nc3ccc4c(cnn4Cc4ccccc4)c3)c12,6.27145382504707,0.015392441586683531,0.45306313166748297,398.47000000000014,3.925600000000003,80.27000000000001,2,5,5,6,0.17391304347826086,0,0.0,2.9231333333333342,False,,0,,0,,0,,1.0,0.8510308596875762,1.0,0.20224719101123595,Sunvozertinib,0.0,0.797752808988764,0.18208874715108903,0.5867565172889104,1.0,0.949438202247191,0.18208874715108903,0.6795708666717977,1.0,0.817911252848911,0.18208874715108903,-0.6633094926942781,6.248365162667045,0.03198443601530891,-0.0,0.28932584269662914,6.569675441378982,0.0,0.0,0.0,0.6473890660611387,0.0,0.7973890660611387,0.2,low,agents_strongly_disagree,5.772286375317844,False,review,False,,0.297,0.617,0.685,0.5005,0.5615,0.268,0.4345,0.534,0.4599,0.4532999999999999,7.121555441378982,453,0.75,5.266246375317844,1,460,7,0,review
CCC(=O)Nc1cccc(-c2c(-c3ccc(N4CCN(C)CC4)cc3)[nH]c3ncnc(OCC(C)C)c23)c1,8.554086841221391,0.05618656945134174,0.32757304250308333,512.6580000000002,5.427000000000005,86.38000000000001,2,6,5,8,0.36666666666666664,2,0.95,3.8843866666666687,True,anil_di_alk_G(9),0,,0,,0,,1.0,0.8352678382607961,1.0,0.19230769230769232,Gefitinib,0.0,0.8076923076923077,0.7241911116894085,0.38076568619720863,0.75,0.9519230769230769,0.38076568619720863,0.7017199687024236,0.9519230769230769,0.5711573907258682,0.42884260927413176,0.02996152398264673,8.469806987044379,-1.6684182908302503,-0.4,0.2923076923076923,6.69369638852182,0.0,0.0,0.0,0.3389467384073353,0.0,0.6764467384073354,0.45,medium,unsafe_structure_can_game_single_score;agents_strongly_disagree,6.0172496501144845,False,review,False,,0.922,0.41,0.396,0.5005,0.5615,0.71,0.043,0.013,0.6564,0.55985,7.48137638852182,356,0.75,5.264069650114485,1,461,105,0,review
C=CC(=O)Nc1cc(Nc2nccc(-c3ncn4c(C)cccc34)n2)c(OC)cc1N(C)CCN(C)C,7.058028907794984,0.0249688404724795,0.3156566430227674,500.6070000000003,3.9742200000000034,99.91999999999999,2,8,4,10,0.25925925925925924,1,0.5,3.804046666666669,False,,0,,0,,1,acrylamide_like,1.0,0.7715679338854968,1.0,0.29896907216494845,Osimertinib,0.0,0.7010309278350515,0.3720290386180104,0.4273016664830348,0.92,0.9252577319587629,0.3720290386180104,0.6611471092649521,0.9252577319587629,0.5532286933407525,0.44677130665924747,-0.38549076086258893,7.020575647086265,-0.979024431051307,-0.0,0.2603092783505154,6.301860494385473,0.0,0.0,0.0,0.3165358666759407,0.1,0.5665358666759407,0.2,low,agents_strongly_disagree,5.735324627709532,False,review,False,,0.476,0.382,0.428,0.5005,0.5615,0.746,0.4345,0.257,0.45489999999999997,0.48,6.847740494385473,536,0.75,5.261324627709532,1,462,0,74,review
COC(=O)CN1CCC(n2cc(-c3cccc(O)c3)c3c(N)ncnc32)CC1,6.092018777721888,0.013900668289533598,0.6672915324998311,381.4360000000002,2.1959999999999997,106.5,2,7,4,4,0.35,0,0.0,2.4095733333333347,False,,1,aniline,0,,0,,1.0,0.8644835607940446,1.0,0.19047619047619047,Lazertinib,0.0,0.8095238095238095,0.13827422662779854,0.7243344454390097,0.88,0.9523809523809523,0.13827422662779854,0.6737474061119402,0.9523809523809523,0.8141067257531538,0.1858932742468462,-0.7139642393121889,6.071167775287588,0.34085553249983086,-0.2,0.29285714285714287,6.504880450644562,0.0,0.0,0.0,0.6426334071914421,0.0,0.7926334071914422,0.2,low,agents_strongly_disagree,5.71224704345312,False,review,False,,0.26,0.883,0.81,0.5005,0.5615,0.27,0.4345,0.594,0.5152,0.49779999999999996,7.123120450644562,452,0.75,5.25960704345312,1,463,11,0,review
C=CC(=O)Nc1cc(Nc2nccc(-c3cn(C)c4ccccc34)n2)c(OC)cc1N(C)CCNC,6.55068010816426,0.022664875730850152,0.290247955431922,485.59200000000027,4.167600000000002,96.34,3,7,4,10,0.2222222222222222,0,0.0,3.7039466666666687,False,,0,,0,,1,acrylamide_like,1.0,0.8880277617119722,1.0,0.30927835051546393,Osimertinib,0.0,0.6907216494845361,0.2468046140294698,0.46717688830806986,0.92,0.9226804123711341,0.2468046140294698,0.6391654786771684,0.9226804123711341,0.6758757983416643,0.32412420165833566,-0.523147819530265,6.516682794567984,-0.24312182234585608,-0.0,0.2572164948453608,6.530777467067489,0.0,0.0,0.0,0.4698447479270804,0.1,0.7198447479270804,0.2,low,agents_strongly_disagree,5.810932719140409,False,review,False,,0.345,0.336,0.466,0.5005,0.5615,0.496,0.4345,0.312,0.39244999999999997,0.41534999999999994,7.001717467067489,491,0.75,5.259352719140409,1,464,0,27,review
COCC#CC(=O)Nc1cc2c(Nc3cccc(Br)c3)c(C#N)cnc2cc1OC,6.1682128736064925,0.010476011279815936,0.5485274252357489,465.3070000000002,4.209480000000003,96.27000000000001,2,6,3,5,0.13636363636363635,0,0.0,2.868713333333335,False,,0,,0,,1,propiolamide_like,1.0,0.8334380708805261,1.0,0.3146067415730337,Osimertinib,0.0,0.6853932584269663,0.15972001050575196,0.6413549556745337,0.92,0.9213483146067416,0.15972001050575196,0.6606058201967568,0.9213483146067416,0.7616283041009897,0.2383716958990103,-0.6678477462546732,6.152498856686768,0.13185678887211236,-0.0,0.25561797752808985,6.53997362308697,0.0,0.0,0.0,0.5770353801262371,0.1,0.8270353801262371,0.2,low,agents_strongly_disagree,5.712938242960734,False,review,False,,0.274,0.753,0.703,0.5005,0.5615,0.328,0.4345,0.756,0.47945000000000004,0.4856999999999999,7.11531362308697,454,0.75,5.245778242960734,1,465,11,0,review
C=CC(=O)Nc1cc(Nc2nccc(Nc3ccccc3-c3ccn(C)n3)n2)c(OC)cc1OCCN(C)C,7.19272474841774,0.014505927494514691,0.22940160594340536,528.6170000000003,4.437800000000003,118.46,3,9,4,12,0.21428571428571427,1,0.5,4.190780000000002,False,,0,,0,,1,acrylamide_like,1.0,0.77581317112289,1.0,0.30927835051546393,Osimertinib,0.0,0.6907216494845361,0.4130270378582748,0.3649870371150268,0.92,0.9226804123711341,0.3649870371150268,0.6551736218361088,0.9226804123711341,0.5576933752561073,0.4423066247438927,-0.3228621119704455,7.170965857175968,-1.1277868226280237,-0.0,0.2572164948453608,6.300395529393305,0.0,0.0,0.0,0.3221167190701341,0.1,0.5721167190701342,0.2,low,agents_strongly_disagree,5.728278810323171,False,review,False,,0.531,0.199,0.306,0.5005,0.5615,0.736,0.4345,0.566,0.42475000000000007,0.47129999999999994,6.810095529393305,555,0.75,5.243838810323171,1,466,0,89,review
Nc1ncnc2c1c(-c1cccc(Cl)c1)cn2-c1ccccc1,6.127104041605939,0.019481387940494095,0.5980163263075723,320.783,4.323100000000002,56.73,1,3,4,2,0.0,0,0.0,2.0,False,,1,aniline,0,,0,,1.0,0.7457927170868347,1.0,0.14893617021276595,Lazertinib,0.0,0.851063829787234,0.14313903884313894,0.701985902546088,0.88,0.9627659574468085,0.14313903884313894,0.6719727247090088,0.9627659574468085,0.8196269186036695,0.18037308139633046,-0.7051115811544932,6.097881959695198,0.2980163263075723,-0.2,0.3053191489361701,6.50121743493894,0.0,0.0,0.0,0.6495336482545868,0.0,0.7995336482545868,0.2,low,agents_strongly_disagree,5.701683786684353,False,review,False,,0.269,0.819,0.923,0.5005,0.5615,0.266,0.4345,0.393,0.5234,0.49175,7.12929743493894,450,0.75,5.241783786684353,1,467,17,0,review
CN(C)CCn1ccc2cc(Nc3ncc([N+](=O)[O-])c(-c4cn(C)c5ccccc45)n3)ccc21,6.855839612412467,0.036803575398309814,0.279758262578226,455.5220000000002,4.803400000000004,94.05,1,6,5,7,0.2,0,0.0,3.403480000000002,False,,1,nitroso,1,nitroso,0,,1.0,0.6950437582853322,0.9909886514278765,0.1956521739130435,Afatinib,0.0,0.8043478260869565,0.3131974003242999,0.47296396749494735,0.7,0.9443284450926465,0.3131974003242999,0.6076224532279734,0.9443284450926465,0.6311310447683466,0.3688689552316534,-0.3925667372048981,6.800634249315002,-0.21076373742177423,-0.5,0.28905151068305607,6.378922022576284,0.0,0.0,0.0,0.41391380596043326,0.0,0.5639138059604333,0.2,low,agents_strongly_disagree,5.815008216615851,False,review,False,,0.419,0.31,0.556,0.5005,0.115,0.589,0.4345,0.106,0.43404999999999994,0.397,6.899782022576284,515,0.75,5.241408216615851,1,468,0,47,review
CC[C@@H](Nc1c(C#N)cnc2c(C#N)cc(N[C@@H](C3=CN(C)NN3)c3ccc(F)nc3)cc12)c1ccccc1,8.339348718620222,0.014077620054661826,0.23739633003105043,519.5880000000002,5.0246600000000035,124.72,4,9,5,8,0.1724137931034483,2,0.95,4.630586666666668,False,,1,hydrazine,1,hydrazine,0,,1.0,0.7830555791340105,1.0,0.15151515151515152,Afatinib,0.0,0.8484848484848485,0.6999828456167922,0.3024684943375905,0.7,0.9621212121212122,0.3024684943375905,0.6661431380188987,0.9621212121212122,0.6596527177836217,0.34034728221637833,0.04511961013052479,8.31823228853823,-1.889950290658605,-0.5,0.3045454545454545,6.232827452425079,0.0,0.0,0.0,0.4495658972295271,0.0,0.5995658972295271,0.2,low,agents_strongly_disagree,5.633261555195552,False,review,False,,0.878,0.214,0.202,0.5005,0.5615,0.526,0.4345,0.585,0.5683,0.5471999999999999,6.914787452425079,514,0.75,5.239901555195552,1,469,0,45,review
OCc1ccc(-c2nc3c(NCc4ccccc4)ncnc3[nH]2)cc1,6.219928011506399,0.038028531545577386,0.5229174674556003,331.379,3.1243000000000007,86.72,3,5,4,5,0.10526315789473684,0,0.0,2.3,False,,0,,0,,0,,1.0,0.6452991452991453,0.9005439005439005,0.17333333333333334,Afatinib,0.0,0.8266666666666667,0.15336203079469554,0.6491430686390418,1.0,0.882074592074592,0.15336203079469554,0.6711449228770823,1.0,0.8466379692053044,0.15336203079469557,-0.6903771894431824,6.162885214188033,0.18844378324507402,-0.0,0.27313597513597515,6.624464972569082,0.0,0.0,0.0,0.6832974615066306,0.0,0.8332974615066306,0.2,low,agents_strongly_disagree,5.791167511062451,False,review,False,,0.289,0.727,0.842,0.5005,0.083,0.246,0.4345,0.097,0.5018499999999999,0.41119999999999995,7.226684972569082,427,0.75,5.234607511062451,1,470,43,0,review
O=c1c(-c2cccc(Cl)c2)coc2cc(O)cc(O)c12,5.833310121863059,0.005724303127749204,0.7184898389933716,288.68600000000004,3.524600000000001,70.67,2,4,3,1,0.0,0,0.0,1.7000000000000002,False,,0,,0,,0,,1.0,0.7148405797101449,1.0,0.14814814814814814,Osimertinib,0.0,0.8518518518518519,0.07932051827634036,0.779784796061739,1.0,0.962962962962963,0.07932051827634036,0.7055170693252606,1.0,0.9206794817236597,0.07932051827634035,-0.8349287347318938,5.824723667171435,0.4634898389933716,-0.0,0.3055555555555555,6.593769061720362,0.0,0.0,0.0,0.7758493521545745,0.0,0.9258493521545745,0.2,low,agents_strongly_disagree,5.667919709565788,False,review,False,,0.197,0.924,0.98,0.5005,0.5615,0.166,0.4345,0.936,0.52055,0.5087499999999999,7.218429061720362,429,0.75,5.228419709565788,1,471,42,0,review
COc1ccc(NC(=O)/C=C/CN(C)C)cc1Nc1ncc(Cl)c(-c2c[nH]c3ccccc23)n1,6.9235774776252965,0.0109520618330362,0.30661116735519117,476.96800000000013,5.086800000000003,95.17,3,6,4,8,0.16,1,0.45,3.4464533333333343,False,,0,,0,,1,acrylamide_like,1.0,0.7626346363191746,1.0,0.28865979381443296,Osimertinib,0.0,0.711340206185567,0.3482279261231988,0.4360802446094577,0.92,0.9278350515463918,0.3482279261231988,0.6580358055697622,0.9278350515463918,0.5796071254231929,0.4203928745768071,-0.4130771725954177,6.907149384875742,-0.8943568326448089,-0.0,0.2634020618556701,6.276194614086603,0.0,0.0,0.0,0.34950890677899116,0.1,0.5995089067789912,0.2,low,agents_strongly_disagree,5.6766857073076125,False,review,False,,0.435,0.362,0.541,0.5005,0.5615,0.696,0.4345,0.729,0.4494,0.49459999999999993,6.815474614086603,552,0.75,5.2202057073076125,1,472,0,80,review
CCOC(=O)c1ccc(O)c(Nc2ncnc3cc4oc(=O)n(CCCN5CCOCC5)c4cc23)c1,6.575172377726835,0.032251967253029874,0.27887379750612235,493.5200000000005,2.8859000000000012,131.95000000000002,2,10,5,8,0.36,0,0.0,3.7568000000000037,False,,0,,0,,0,,1.0,0.8143882433356119,1.0,0.3645833333333333,Dacomitinib,0.0,0.6354166666666667,0.24621671735458783,0.4588882809360595,1.0,0.9088541666666667,0.24621671735458783,0.6534897912393285,1.0,0.7537832826454122,0.24621671735458783,-0.5430307651796542,6.52679442684729,-0.24864620249387823,-0.0,0.24062500000000003,6.518773224353411,0.0,0.0,0.0,0.5672291033067652,0.0,0.7172291033067653,0.2,low,agents_strongly_disagree,5.801544121046645,False,review,False,,0.35,0.306,0.451,0.5005,0.5615,0.343,0.4345,0.155,0.38644999999999996,0.3877,6.9825132243534105,494,0.75,5.216784121046645,1,473,0,21,review
COCCOCc1ccn2ncnc(Nc3ccc4c(cnn4Cc4cccc(F)c4)c3)c12,6.4280919484695005,0.017197042359752848,0.34251548944178956,446.4860000000002,4.173000000000003,78.5,1,6,5,9,0.20833333333333334,0,0.0,3.5432400000000013,False,,0,,0,,0,,1.0,0.8695937245822505,1.0,0.22772277227722773,Gefitinib,0.0,0.7722772277227723,0.21998505746554814,0.5021050576545227,1.0,0.943069306930693,0.21998505746554814,0.666289855512691,1.0,0.7800149425344518,0.2199850574655482,-0.5950730640628572,6.402296384929871,-0.16813717722487723,-0.0,0.28168316831683166,6.515842376021825,0.0,0.0,0.0,0.6000186781680648,0.0,0.7500186781680648,0.2,low,agents_strongly_disagree,5.765823697853761,False,review,False,,0.321,0.431,0.513,0.5005,0.5615,0.307,0.4345,0.462,0.40769999999999995,0.4157,7.005082376021825,490,0.75,5.214663697853761,1,474,0,16,review
O=C(NNC(=O)c1ncc(Cc2ccsc2)s1)Nc1ccccc1,6.214259998213614,0.03592682014457117,0.6260961447563734,358.44800000000004,3.2619000000000016,83.12,3,5,3,4,0.0625,0,0.0,2.0563200000000004,False,,1,hydrazine,1,hydrazine,0,,1.0,0.4340418246300599,0.5164396811455634,0.14634146341463414,Sunvozertinib,0.0,0.8536585365853658,0.15341622545220374,0.7152636488467745,0.7,0.600744395005514,0.15341622545220374,0.5423560673261231,0.7152636488467745,0.5618474233945707,0.4381525766054293,-0.5185864558318924,6.160369767996757,0.32389814475637335,-0.5,0.1852074812620006,6.169475394015132,0.0,0.0,0.0,0.3273092792432134,0.0,0.4773092792432134,0.2,low,agents_strongly_disagree,5.6921661147719185,False,review,False,,0.286,0.851,0.903,0.5005,0.01,0.724,0.4345,0.117,0.53445,0.4765,6.8108153940151315,554,0.75,5.213966114771918,1,475,0,79,review
CC(C)S(=O)(=O)c1ccccc1Nc1nc(N/N=C/c2ccc(F)cc2)ncc1Cl,6.35058917513463,0.0487549188050688,0.404258259180374,447.9230000000001,4.640800000000003,96.34,2,7,3,7,0.15,0,0.0,2.952820000000001,False,,0,,0,,0,,1.0,0.8289981852523981,1.0,0.1956521739130435,Osimertinib,0.0,0.8043478260869565,0.17851885062010928,0.5587720425492058,1.0,0.9510869565217391,0.17851885062010928,0.6720944624227636,1.0,0.8214811493798907,0.1785188506201093,-0.6581008157368724,6.2774567969270265,-0.02366474081962612,-0.0,0.29130434782608694,6.545096403933488,0.0,0.0,0.0,0.6518514367248635,0.0,0.8018514367248635,0.2,low,agents_strongly_disagree,5.743244967208624,False,review,False,,0.309,0.538,0.67,0.5005,0.5615,0.264,0.4345,0.03,0.44725000000000004,0.41795,7.081796403933487,469,0.75,5.194784967208625,1,476,7,0,review
COc1ccc(OC)c(Nc2cc(NC(=O)Nc3c(Cl)cccc3Cl)ncn2)c1,6.769842816189626,0.03639240992588186,0.4942885152847031,434.28300000000013,5.188200000000003,97.4,3,6,3,6,0.10526315789473684,1,0.45,2.7618866666666677,False,,0,,0,,0,,1.0,0.694227386780153,0.9895043396002782,0.3246753246753247,Osimertinib,0.0,0.6753246753246753,0.2919860170992892,0.5656322731501764,1.0,0.9109594235313774,0.2919860170992892,0.6921444284452107,1.0,0.7080139829007108,0.2919860170992892,-0.5335445484612288,6.715254201300803,-0.6094681689258233,-0.0,0.2499734874974721,6.355759519872453,0.0,0.0,0.0,0.5100174786258885,0.0,0.6600174786258886,0.2,low,agents_strongly_disagree,5.6957420412465645,False,review,False,,0.405,0.681,0.733,0.5005,0.113,0.428,0.4345,0.11,0.5285,0.45005,6.9899595198724525,492,0.75,5.185802041246565,1,477,0,15,review
Cc1ccc(C2=NN(C3=NC(=O)CS3)C(c3ccc4ccccc4c3)C2)cc1C,6.535337991011344,0.009536163086044594,0.5921189146581916,399.5190000000002,5.237140000000005,45.03,0,4,5,2,0.20833333333333334,1,0.45,2.880126666666668,False,,0,,0,,0,,1.0,0.8174540186126737,1.0,0.13333333333333333,Lazertinib,0.0,0.8666666666666667,0.25215918359260486,0.6148913004979027,1.0,0.9666666666666667,0.25215918359260486,0.7084292876892936,1.0,0.7478408164073951,0.2521591835926049,-0.608360138795585,6.521033746382277,-0.5190667520084752,-0.0,0.31,6.311966994373801,0.0,0.0,0.0,0.5598010205092439,0.0,0.7098010205092439,0.2,low,agents_strongly_disagree,5.602165973864557,False,review,False,,0.343,0.809,0.699,0.5005,0.5615,0.353,0.4345,0.802,0.5211,0.5192,6.937286994373801,507,0.75,5.175205973864557,1,478,0,29,review
C=CC(=O)Nc1cccc(-c2c(-c3ccccc3OC)oc3ncnc(N[C@H](CO)c4ccccc4)c23)c1,7.906924541512012,0.02408458570775447,0.21565543936270717,506.5620000000002,5.835400000000005,109.51,3,7,5,9,0.1,2,0.95,4.293746666666668,False,,0,,0,,1,acrylamide_like,1.0,0.8100170940170941,1.0,0.32978723404255317,Osimertinib,0.0,0.6702127659574468,0.5848719253825749,0.30346638908538637,0.92,0.9175531914893618,0.30346638908538637,0.6814728764893307,0.92,0.6165336109146137,0.3834663890853863,-0.12880126814234116,7.87079766295038,-1.868406560637293,-0.0,0.251063829787234,6.253454932100321,0.0,0.0,0.0,0.3956670136432671,0.1,0.6456670136432672,0.2,low,agents_strongly_disagree,5.607787918457054,False,review,False,,0.773,0.167,0.284,0.5005,0.5615,0.616,0.4345,0.274,0.5239499999999999,0.5103,6.882194932100321,520,0.75,5.170147918457054,1,479,0,41,review
COc1ncccc1[C@H](Nc1cc(C#N)c2ncc(C#N)c(NCC(C)(C)C)c2c1)C1=CN(C2(C(F)(F)F)CC2)NN1,8.138661032954928,0.006689604856781558,0.28112371194177155,577.6150000000001,5.2540600000000035,133.95,4,10,5,8,0.3793103448275862,2,0.95,4.667433333333334,False,,1,hydrazine,1,hydrazine,0,,1.0,0.8767166143565859,1.0,0.15702479338842976,Erlotinib,0.0,0.8429752066115702,0.654982534838985,0.32510137490130764,0.7,0.9607438016528925,0.32510137490130764,0.6602069278482963,0.9607438016528925,0.6356424267515849,0.3643575732484151,-0.006965857345748283,8.128626625669757,-1.83106025357547,-0.5,0.302892561983471,6.100458934077758,0.0,0.0,0.0,0.41955303343948114,0.0,0.5695530334394812,0.2,low,agents_strongly_disagree,5.530905900638277,False,review,False,,0.828,0.314,0.19,0.5005,0.5615,0.582,0.4345,0.907,0.564,0.5677,6.777258934077758,564,0.75,5.162145900638277,1,480,0,84,review
Nc1cc2ncnc(NCc3ccc(Br)cc3)c2cn1,5.92562203816654,0.02674956031912141,0.7719918611556922,330.1890000000001,2.981600000000001,76.72,2,5,3,3,0.07142857142857142,0,0.0,1.9000000000000001,False,,1,aniline,0,,0,,1.0,0.77888521797865,1.0,0.2608695652173913,Sunvozertinib,0.0,0.7391304347826086,0.08768081731824998,0.8015186005587076,0.88,0.9347826086956521,0.08768081731824998,0.6759955066431524,0.9347826086956521,0.8471017913774022,0.15289820862259784,-0.7844195857665366,5.885497697687858,0.49413471829854927,-0.2,0.27173913043478254,6.451371546421189,0.0,0.0,0.0,0.6838772392217527,0.0,0.8338772392217527,0.2,low,agents_strongly_disagree,5.617494307199436,False,review,False,,0.219,0.968,0.9475,0.5005,0.5615,0.243,0.4345,0.233,0.534375,0.4912499999999999,7.0926215464211895,463,0.75,5.156994307199437,1,481,18,0,review
C=CC(=O)N1CCC(Oc2cc3c(Nc4ccc(C(F)(F)F)cc4)ncnc3cc2OC)CC1,6.2292037944986065,0.019162302516883414,0.5115480430056221,472.4670000000002,4.956600000000005,76.58,1,6,4,6,0.2916666666666667,0,0.0,3.2164466666666685,False,,0,,0,,1,acrylamide_like,1.0,0.8832674571805006,1.0,0.4625,Osimertinib,0.0,0.5375,0.16888733686283325,0.607641936473605,0.92,0.884375,0.16888733686283325,0.6452260683341096,0.92,0.7511126631371667,0.24888733686283326,-0.6351183086283683,6.200460340723281,0.058247709672288484,-0.0,0.21125,6.46995805039557,0.0,0.0,0.0,0.5638908289214585,0.1,0.8138908289214585,0.2,low,agents_strongly_disagree,5.656067221474111,False,review,False,,0.291,0.708,0.607,0.5005,0.5615,0.346,0.4345,0.402,0.4636999999999999,0.45854999999999996,7.026398050395569,485,0.75,5.156327221474111,1,482,0,3,review
C=CC(=O)Nc1cccc(Nc2nc(Nc3cccc(OC)c3OC)ncc2C(F)(F)F)c1,6.765389816004861,0.013036304722097342,0.4022138409764589,459.42800000000017,5.1243000000000025,97.4,3,7,3,8,0.13636363636363635,1,0.45,3.129520000000001,False,,0,,0,,1,acrylamide_like,1.0,0.8609591817844577,1.0,0.3780487804878049,Osimertinib,0.0,0.6219512195121951,0.3072220406957471,0.5008514586908985,0.92,0.9054878048780488,0.3072220406957471,0.6583903260661736,0.92,0.6127779593042529,0.38722204069574706,-0.4682243804939019,6.745835358921715,-0.7535777953871776,-0.0,0.23658536585365852,6.228842929388196,0.0,0.0,0.0,0.3909724491303162,0.1,0.6409724491303163,0.2,low,agents_strongly_disagree,5.587870480257879,False,review,False,,0.404,0.533,0.636,0.5005,0.5615,0.622,0.4345,0.637,0.4839,0.5084500000000001,6.809522929388196,557,0.75,5.14801048025788,1,483,0,74,review
C=CC(=O)N1CC[C@H](n2c(=O)cc(C)c3cnc(Nc4ccc(N5CCN(C)CC5)cc4OC)nc32)C1,6.820764697320996,0.026546109268104724,0.5131228882201051,503.60700000000037,2.56332,95.83,1,8,5,6,0.4074074074074074,1,0.5,3.9740466666666694,False,,0,,0,,1,acrylamide_like,1.0,0.8170075651442982,1.0,0.23300970873786409,Osimertinib,0.0,0.7669902912621359,0.3116088978425757,0.529369639803109,0.92,0.941747572815534,0.3116088978425757,0.6756815276153048,0.941747572815534,0.6301386749729583,0.3698613250270417,-0.48543017303030533,6.780945533418839,-0.7922433710391545,-0.0,0.28009708737864075,6.268799249758326,0.0,0.0,0.0,0.41267334371619785,0.1,0.6626733437161979,0.2,low,agents_strongly_disagree,5.606125906042128,False,review,False,,0.412,0.712,0.365,0.5005,0.5615,0.592,0.4345,0.237,0.48265,0.48760000000000003,6.847979249758326,535,0.75,5.141245906042128,1,484,0,51,review
Cc1nc(F)ccc1[C@H](Nc1cc(F)c2ncc(C#N)c(NCC(C)(C)C)c2c1)C1=CN(C2(C(F)F)CC2)NN1,8.263429595212948,0.016996919042752055,0.209051819791486,554.5960000000002,5.663200000000004,100.92999999999999,4,8,5,8,0.39285714285714285,2,0.95,4.513973333333335,False,,1,hydrazine,1,hydrazine,0,,1.0,0.9102108433734939,1.0,0.13445378151260504,Gefitinib,0.0,0.865546218487395,0.6789595554733105,0.2913641419109583,0.7,0.9663865546218487,0.2913641419109583,0.6591775630015294,0.9663865546218487,0.6750224127108905,0.3249775872891095,0.02637598996237489,8.237934216648819,-1.8787584659227998,-0.5,0.30966386554621844,6.168839616272237,0.0,0.0,0.0,0.4687780158886131,0.0,0.6187780158886131,0.2,low,agents_strongly_disagree,5.550061600383624,False,review,False,,0.862,0.157,0.226,0.5005,0.5615,0.499,0.4345,0.474,0.5533,0.528,6.832799616272237,543,0.75,5.133661600383625,1,485,0,58,review
C=CC(=O)Nc1cccc(NC(=O)Nc2ccnc(Nc3ccc(C(=O)N(CC)CC)cc3OC)n2)c1,6.928725501864539,0.014249186891542618,0.2993829831281261,503.56300000000033,4.479300000000003,137.57999999999998,4,7,3,10,0.19230769230769232,1,0.5,3.6237533333333354,False,,0,,0,,1,acrylamide_like,1.0,0.790873311480134,1.0,0.3076923076923077,Osimertinib,0.0,0.6923076923076923,0.347206944642055,0.4252855125153411,0.92,0.9230769230769231,0.347206944642055,0.6538923450585798,0.9230769230769231,0.5758699784348682,0.4241300215651318,-0.4089138672220331,6.907351721527226,-0.9749492476411049,-0.0,0.25769230769230766,6.190094781578429,0.0,0.0,0.0,0.34483747304358525,0.1,0.5948374730435853,0.2,low,agents_strongly_disagree,5.595257308534844,False,review,False,,0.436,0.354,0.492,0.5005,0.5615,0.704,0.4345,0.581,0.44089999999999996,0.4822000000000001,6.719174781578428,582,0.75,5.123897308534844,1,486,0,96,review
C=CC(=O)N1CCC(Nc2cncc(-c3cnc(Nc4cccc(Cl)c4)nc3)c2)CC1,6.089729538955652,0.012990121965943447,0.5546349325245613,434.9310000000002,4.524500000000002,83.04,2,6,4,6,0.21739130434782608,0,0.0,2.966206666666668,False,,0,,0,,1,acrylamide_like,1.0,0.8336196025221486,1.0,0.25,Sunvozertinib,0.0,0.75,0.13833929936275255,0.6409643410936369,0.92,0.9375,0.13833929936275255,0.6592009101140974,0.9375,0.7991607006372474,0.20083929936275258,-0.6944821476684598,6.070244356006737,0.13144306295934366,-0.0,0.27499999999999997,6.476687418966081,0.0,0.0,0.0,0.6239508757965593,0.1,0.8739508757965593,0.2,low,agents_strongly_disagree,5.602736543169521,False,review,False,,0.258,0.76,0.666,0.5005,0.5615,0.29,0.4345,0.641,0.46809999999999996,0.4687,7.038407418966081,480,0.75,5.115176543169521,1,487,7,0,review
C=CC(=O)N1CC[C@H](N2C(=O)N(Cc3ccccc3)Cc3cnc(Nc4ccc(N5CCN(C)CC5)cc4OC)nc32)C1,6.963903185251685,0.00965181186995774,0.4018749349607449,582.7090000000002,3.7097000000000024,97.38,1,8,6,8,0.375,1,0.5,4.901393333333334,False,,0,,0,,1,acrylamide_like,1.0,0.9567944250871081,1.0,0.21621621621621623,Osimertinib,0.0,0.7837837837837838,0.3592195280039509,0.4325160860232815,0.92,0.9459459459459459,0.3592195280039509,0.6644203899932947,0.9459459459459459,0.5867264179419951,0.4132735820580049,-0.4069344826524583,6.949425467446749,-1.045834065039255,-0.0,0.2851351351351351,6.188726537542629,0.0,0.0,0.0,0.35840802242749387,0.1,0.6084080224274939,0.2,low,agents_strongly_disagree,5.580318515115135,False,review,False,,0.449,0.532,0.125,0.5005,0.5615,0.686,0.4345,0.798,0.4273,0.4851499999999999,6.701486537542629,596,0.75,5.112498515115135,1,488,0,108,review
c1ccc(Nc2nc[nH]c3nnc(Nc4ccccc4)c2-3)cc1,6.11535024006844,0.028050323190884952,0.5343024474340269,302.34100000000007,3.7917000000000014,78.52000000000001,3,5,4,4,0.0,0,0.0,2.2,False,,0,,0,,0,,1.0,0.5773504273504273,0.7770007770007769,0.15151515151515152,Afatinib,0.0,0.8484848484848485,0.13420233378349056,0.6592509614733302,1.0,0.7948717948717948,0.13420233378349056,0.6470812725321539,1.0,0.8657976662165094,0.13420233378349056,-0.6838385849982178,6.073274755282113,0.20430244743402687,-0.0,0.2487956487956487,6.5263728515117885,0.0,0.0,0.0,0.7072470827706367,0.0,0.8572470827706368,0.2,low,agents_strongly_disagree,5.669125768741152,False,review,False,,0.266,0.743,0.8625,0.5005,0.051,0.223,0.4345,0.207,0.49777499999999997,0.40874999999999995,7.123702851511789,451,0.75,5.109625768741152,1,489,38,0,review
Cc1ncnc(Nc2ccc(OCc3cccc(F)c3)c(Cl)c2)c1C#Cc1ccc(CN2CCCC2)cc1,7.618519106251886,0.009831913208294633,0.26550123003381054,527.0430000000003,6.895720000000006,50.28000000000001,1,5,5,7,0.22580645161290322,2,0.95,3.8802866666666693,False,,0,,0,,0,,1.0,0.8596867462428103,1.0,0.3333333333333333,Gefitinib,0.0,0.6666666666666667,0.5227474373171653,0.34678388164680085,1.0,0.9166666666666667,0.34678388164680085,0.6965494964076582,1.0,0.6532161183531991,0.34678388164680085,-0.23173607878732372,7.603771236439444,-1.7439611248048994,-0.0,0.25,6.109810111634545,0.0,0.0,0.0,0.44152014794149896,0.0,0.591520147941499,0.2,low,agents_strongly_disagree,5.518289963693046,False,review,False,,0.695,0.28,0.398,0.5005,0.5615,0.544,0.4345,0.79,0.52855,0.5338499999999999,6.744070111634545,573,0.75,5.108909963693046,1,490,0,83,review
COc1ccc([C@H](Nc2cc(Cl)c3ncc(C#N)c(NCC(C)(C)C)c3c2)C2=CN(C3(C(F)F)CC3)NN2)c(C)n1,8.196956166181716,0.006824607595515333,0.23964271323679096,583.0870000000001,6.047000000000004,110.16,4,9,5,9,0.41379310344827586,2,0.95,4.803913333333334,False,,1,hydrazine,1,hydrazine,0,,1.0,0.9006162464985994,1.0,0.1896551724137931,Gefitinib,0.0,0.8103448275862069,0.6694618162285682,0.29703759484433756,0.7,0.9525862068965517,0.29703759484433756,0.6547714044923644,0.9525862068965517,0.6555486120522142,0.34445138794778585,0.019587215648271816,8.186719254788443,-1.8895649764183813,-0.5,0.29310344827586204,6.090257726645924,0.0,0.0,0.0,0.4444357650652677,0.0,0.5944357650652677,0.2,low,agents_strongly_disagree,5.495821961580656,False,review,False,,0.849,0.227,0.149,0.5005,0.5615,0.538,0.4345,0.903,0.5498999999999999,0.55225,6.750137726645924,572,0.75,5.1085219615806565,1,491,0,81,review
C#Cc1cccc(Nc2ncnc3c2NCc2cc(OC)c(OC)cc2O3)c1,5.95516913714694,0.02439248011535676,0.6699637235715076,374.40000000000015,3.9365000000000014,77.53000000000002,2,7,4,4,0.14285714285714285,0,0.0,2.3626666666666676,False,,0,,0,,0,,1.0,0.7756782798089075,1.0,0.3146067415730337,Erlotinib,0.0,0.6853932584269663,0.0967175482059852,0.7276082530925343,1.0,0.9213483146067416,0.0967175482059852,0.6864185289763153,1.0,0.9032824517940148,0.09671754820598522,-0.7862679743604402,5.918580416973905,0.32984943785722176,-0.0,0.25561797752808985,6.504047832359216,0.0,0.0,0.0,0.7541030647425184,0.0,0.9041030647425184,0.2,low,agents_strongly_disagree,5.599944767616698,False,review,False,,0.225,0.886,0.823,0.5005,0.5615,0.19,0.4345,0.269,0.502,0.46480000000000005,7.106447832359216,458,0.75,5.107704767616698,1,492,34,0,review
CCN1CCN(c2ccc(Nc3nccc(-c4sc(NS(=O)(=O)CC)nc4-c4ccc(F)cc4)n3)cc2)CC1,8.529681652112142,0.020835459884022228,0.289616243854379,567.7160000000001,5.053300000000004,103.35,2,9,5,9,0.2962962962962963,2,0.95,4.351440000000001,True,anil_di_alk_A(478),0,,0,,0,,1.0,0.848868177917924,1.0,0.19090909090909092,Lazertinib,0.0,0.8090909090909091,0.7428355911092199,0.3419258571968315,0.75,0.9522727272727273,0.3419258571968315,0.6967585438946947,0.9522727272727273,0.6103468700758958,0.38965312992410417,0.06143606295270032,8.498428462286109,-1.7834701265159913,-0.4,0.29272727272727267,6.607685608497389,0.0,0.0,0.0,0.3879335875948698,0.0,0.7254335875948699,0.45,medium,unsafe_structure_can_game_single_score;agents_strongly_disagree,5.88225202090252,False,review,False,,0.911,0.334,0.272,0.5005,0.5615,0.627,0.043,0.352,0.61765,0.5413999999999999,7.348865608497389,395,0.75,5.10693202090252,1,493,98,0,review
CCOC(=O)N1CCN([C@H]2CC[C@H](n3nc(-c4ccc5nc(Cc6ccccc6OC)[nH]c5c4)c4c(N)ncnc43)CC2)CC1,7.419720456831435,0.011924353474727215,0.2660139019190733,609.7349999999999,4.809000000000003,140.31,2,9,7,7,0.42424242424242425,1,0.75,4.831566666666666,False,,1,aniline,0,,0,,1.0,0.8550866280754483,1.0,0.20491803278688525,Lazertinib,0.0,0.7950819672131147,0.4715830667755496,0.3604781588760032,0.88,0.9487704918032787,0.3604781588760032,0.6652079293637079,0.9487704918032787,0.5882923329272755,0.41170766707272455,-0.2581664834508778,7.401833926619344,-1.4162968556566842,-0.2,0.2885245901639344,6.074061661126594,0.0,0.0,0.0,0.36036541615909434,0.0,0.5103654161590944,0.2,low,agents_strongly_disagree,5.5636962449675,False,review,False,,0.613,0.281,0.14,0.5005,0.5615,0.683,0.4345,0.684,0.45315000000000005,0.49219999999999997,6.617841661126594,625,0.75,5.1043362449675,1,494,0,131,review
COc1cc2ncc(C#N)c(Nc3ccc(F)c(Cl)c3)c2cc1OC,5.858854140293589,0.01290239592475443,0.7351350327564777,357.7720000000001,4.659780000000002,67.17,1,5,3,4,0.1111111111111111,0,0.0,2.051813333333334,False,,0,,0,,0,,1.0,0.8477503628447025,1.0,0.4788732394366197,Gefitinib,0.0,0.5211267605633803,0.0806818579260692,0.7754083705801653,1.0,0.880281690140845,0.0806818579260692,0.6840929796617699,1.0,0.9193181420739308,0.08068185792606919,-0.8045481623142676,5.839500546406458,0.43847414386758876,-0.0,0.2063380281690141,6.484312718443061,0.0,0.0,0.0,0.7741476775924137,0.0,0.9241476775924137,0.2,low,agents_strongly_disagree,5.560165040850647,False,review,False,,0.202,0.943,0.904,0.5005,0.5615,0.177,0.4345,0.644,0.5152,0.49199999999999994,7.102552718443061,459,0.75,5.100565040850647,1,495,36,0,review
C=CC(=O)Nc1cc(Nc2nccc(Nc3ccccc3-n3nccn3)n2)c(OC)cc1N1CCOCC1,6.962096058106892,0.008256877450660432,0.2857481598684144,513.5620000000004,3.5142000000000015,131.35,3,10,5,9,0.19230769230769232,1,0.5,3.990413333333336,False,,0,,0,,1,acrylamide_like,1.0,0.8074451846141344,1.0,0.40625,Lazertinib,0.0,0.59375,0.3597442003112606,0.403684052030192,0.92,0.8984375,0.3597442003112606,0.6454664380853632,0.92,0.5602557996887394,0.4397442003112606,-0.3809629836988034,6.949710741930901,-1.0435830709008167,-0.0,0.22812499999999997,6.134252671030085,0.0,0.0,0.0,0.32531974961092425,0.1,0.5753197496109242,0.2,low,agents_strongly_disagree,5.558932921419161,False,review,False,,0.448,0.33,0.359,0.5005,0.5615,0.727,0.4345,0.86,0.42155,0.4851499999999999,6.640112671030085,617,0.75,5.091112921419161,1,496,0,121,review
NC(=S)N1N=C(c2ccc(Br)cc2)CC1c1cccc2ccccc12,6.082197108284317,0.014928042487154009,0.6051143445124566,410.34000000000015,4.997000000000003,41.62,1,2,4,2,0.1,0,0.0,2.7522666666666677,False,,1,thiourea,0,,0,,1.0,0.842768411712511,1.0,0.1326530612244898,Lazertinib,0.0,0.8673469387755102,0.13509964733007154,0.6769564792254409,0.88,0.9668367346938775,0.13509964733007154,0.6647232153123475,0.9668367346938775,0.831737087363806,0.16826291263619397,-0.7061647573097012,6.0598050445535865,0.20227434451245646,-0.2,0.31020408163265295,6.372283470698696,0.0,0.0,0.0,0.6646713592047576,0.0,0.8146713592047576,0.2,low,agents_strongly_disagree,5.557612111493938,False,review,False,,0.256,0.823,0.735,0.5005,0.5615,0.256,0.4345,0.548,0.49015,0.4764,6.960463470698697,503,0.75,5.079292111493938,1,497,0,6,review
COc1cn2ncnc(Nc3ccc4c(cnn4Cc4cccc(F)c4)c3)c2c1CN1CCCNCC1,6.855710671019156,0.009946401660392179,0.3515646978678611,500.58200000000033,3.813900000000002,84.54,2,7,6,7,0.2962962962962963,1,0.5,3.9038800000000027,False,,0,,0,,0,,1.0,0.7750064086131762,1.0,0.26666666666666666,Gefitinib,0.0,0.7333333333333334,0.33196518659251445,0.4432113530580928,1.0,0.9333333333333333,0.33196518659251445,0.6771274682459851,1.0,0.6680348134074856,0.3319651865925144,-0.46021637553796096,6.840791068528568,-0.9543876725025096,-0.0,0.26999999999999996,6.156403396026058,0.0,0.0,0.0,0.460043516759357,0.0,0.610043516759357,0.2,low,agents_strongly_disagree,5.546359879266701,False,review,False,,0.418,0.444,0.39,0.5005,0.5615,0.509,0.4345,0.786,0.4355,0.47084999999999994,6.679003396026058,603,0.75,5.061379879266701,1,498,0,105,review
C#CCNC(=O)c1cc(Nc2cc(C3CC3)[nH]n2)nc(N2CCN(Cc3ccc(S(=O)(=O)F)cc3)CC2)n1,7.1149443483052455,0.027979523976395707,0.27655544786338726,538.6090000000002,2.1640999999999995,136.20999999999998,3,9,5,9,0.36,1,0.5,4.157393333333334,False,,0,,0,,0,,1.0,0.41427115188583075,0.4804930034287831,0.168141592920354,Erlotinib,0.0,0.831858407079646,0.38415042029283436,0.3922057527351194,1.0,0.5683343543414988,0.38415042029283436,0.5861726318423631,1.0,0.6158495797071657,0.3841504202928343,-0.269362948732705,7.072975062340652,-1.0610535521366127,-0.0,0.16968077298108958,6.181602283185129,0.0,0.0,0.0,0.3948119746339571,0.0,0.5448119746339571,0.2,low,agents_strongly_disagree,5.636790308551173,False,review,False,,0.496,0.301,0.315,0.5005,0.005,0.617,0.4345,0.208,0.43074999999999997,0.39155,6.698502283185129,597,0.75,5.0566503085511725,1,499,0,98,review
C=CC(=O)Nc1ccccc1Oc1nc(Nc2cc(C)[nH]n2)cc(N2CCN(C)CC2)n1,6.121337995096157,0.016397327742382197,0.4869418653800376,434.50400000000025,2.9203200000000002,111.29999999999998,3,8,4,7,0.2727272727272727,0,0.0,3.063360000000002,False,,0,,0,,1,acrylamide_like,1.0,0.7533175822612442,1.0,0.24468085106382978,Osimertinib,0.0,0.7553191489361702,0.14385636935437174,0.5999964874974821,0.92,0.9388297872340425,0.14385636935437174,0.6506706610214741,0.9388297872340425,0.7949734178796708,0.2050265821203292,-0.6757523888894699,6.096742003482584,0.05471059265276455,-0.0,0.2765957446808511,6.428048340816199,0.0,0.0,0.0,0.6187167723495886,0.1,0.8687167723495886,0.2,low,agents_strongly_disagree,5.55933156846661,False,review,False,,0.268,0.676,0.648,0.5005,0.5615,0.293,0.4345,0.491,0.45310000000000006,0.4501,6.971768340816199,499,0.75,5.04945156846661,1,500,1,0,review
C=CC(=O)Nc1cccc(-c2c(-c3ccc(N4CCOCC4)cc3)oc3ncnc(NC4CCCC4)c23)c1,7.53741673962665,0.02448224680096144,0.30096304782939115,509.61000000000035,5.872400000000005,92.52000000000001,2,7,6,7,0.3,2,0.95,3.9640666666666693,False,,0,,0,,1,acrylamide_like,1.0,0.8720606922712186,1.0,0.24468085106382978,Sunvozertinib,0.0,0.7553191489361702,0.4922166121459895,0.3630655737420625,0.92,0.9388297872340425,0.3630655737420625,0.6785279932805236,0.9388297872340425,0.57576421349198,0.42423578650801996,-0.24841517484604553,7.500693369425208,-1.7136469521706093,-0.0,0.2765957446808511,6.06364216193545,0.0,0.0,0.0,0.34470526686497505,0.1,0.594705266864975,0.2,low,agents_strongly_disagree,5.468936895070475,False,review,False,,0.66,0.356,0.372,0.5005,0.5615,0.705,0.4345,0.268,0.5241,0.52215,6.69256216193545,598,0.75,5.045516895070475,1,501,0,97,review
COc1ccc(Nc2ncc3cc(-c4c(Cl)cccc4Cl)c(=O)n(C)c3n2)cc1C,6.560649223115343,0.005099680105626829,0.4617322903578021,441.31800000000015,5.3629200000000035,69.03999999999999,1,5,4,4,0.13636363636363635,1,0.45,2.8087866666666677,False,,0,,0,,0,,1.0,0.8058757062146892,1.0,0.24468085106382978,Erlotinib,0.0,0.7553191489361702,0.26159252970489694,0.5459225032865348,1.0,0.9388297872340425,0.26159252970489694,0.6865862050563686,1.0,0.7384074702951031,0.2615925297048969,-0.5666582338019621,6.552999702956902,-0.6459493460058343,-0.0,0.2765957446808511,6.183646101631918,0.0,0.0,0.0,0.548009337868879,0.0,0.698009337868879,0.2,low,agents_strongly_disagree,5.48563676376304,False,review,False,,0.347,0.635,0.718,0.5005,0.5615,0.371,0.4345,0.952,0.49095,0.5055,6.772786101631919,565,0.75,5.04223676376304,1,502,0,63,review
CC(C)(C)CNc1c(C#N)cnc2c(C#N)cc(N[C@H](C3=CN(C45CC(C4)C5)NN3)c3cccc4c(=O)[nH]ccc34)cc12,8.718639517044886,0.005413759507630919,0.2033339546056934,571.6890000000002,5.149560000000003,144.69,5,9,8,7,0.3333333333333333,2,1.2,6.127926666666668,False,,1,hydrazine,1,hydrazine,0,,1.0,0.8629144385026738,1.0,0.12698412698412698,Erlotinib,0.0,0.873015873015873,0.80087024760588,0.22614418785364415,0.7,0.9682539682539683,0.22614418785364415,0.6738171009283731,0.9682539682539683,0.742109780400324,0.25789021959967595,0.1694041955700092,8.71051887778344,-2.3825217120609734,-0.5,0.31190476190476185,6.1399019276272275,0.0,0.0,0.0,0.5526372255004051,0.0,0.7026372255004051,0.2,low,agents_strongly_disagree,5.437264702126822,False,review,False,,0.958,0.148,0.026,0.5005,0.5615,0.363,0.4345,0.945,0.5647,0.5454,6.817541927627228,551,0.75,5.041744702126823,1,503,0,48,review
CC(C)N1CCN(c2ccc3c(c2)[nH]/c(=N\C(=O)c2ccnc(-c4cccnc4)c2)n3CC(C)(C)O)CC1,6.7554202399589185,0.01739755554413141,0.4093892149069122,513.6460000000003,3.4688000000000025,102.64,2,6,5,6,0.3793103448275862,1,0.5,3.690973333333335,False,,0,,0,,0,,1.0,0.750607017273684,1.0,0.16101694915254236,Lazertinib,0.0,0.8389830508474576,0.3016767711088376,0.48320355537828885,1.0,0.9597457627118644,0.3016767711088376,0.6861565222997477,1.0,0.6983232288911624,0.3016767711088376,-0.5126396682545467,6.729323906642722,-0.8563257506103295,-0.0,0.30169491525423725,6.1746930712866295,0.0,0.0,0.0,0.497904036113953,0.0,0.647904036113953,0.2,low,agents_strongly_disagree,5.526789035172676,False,review,False,,0.403,0.548,0.474,0.5005,0.5615,0.448,0.4345,0.456,0.46215000000000006,0.46775,6.729273071286629,578,0.75,5.038089035172677,1,504,0,74,review
Fc1ccc(Nc2ncnc3c(Cl)cc(N[C@@H](c4ccccc4)c4cn(C5CCNCC5)nn4)cc23)cc1Cl,7.823941939344783,0.007739253589544833,0.2072398477496179,563.4680000000003,6.536800000000005,92.58,3,7,6,7,0.21428571428571427,2,0.95,4.673120000000002,False,,0,,0,,0,,1.0,0.8695146958304854,1.0,0.3333333333333333,Sunvozertinib,0.0,0.6666666666666667,0.5755680073235143,0.28424653164690517,1.0,0.9166666666666667,0.28424653164690517,0.6941203014092716,1.0,0.7157534683530948,0.28424653164690517,-0.15806972544767628,7.812333058960466,-1.9222995808218108,-0.0,0.25,6.140033478138655,0.0,0.0,0.0,0.5196918354413685,0.0,0.6696918354413686,0.2,low,agents_strongly_disagree,5.470341642697286,False,review,False,,0.75,0.154,0.189,0.5005,0.5615,0.41,0.4345,0.879,0.49675,0.5015999999999999,6.736133478138655,576,0.75,5.022261642697286,1,505,0,71,review
O=C(NC(CO)Cc1ccccc1)c1cc2cc(Cl)ccc2[nH]1,5.954493542709833,0.025807738315587817,0.673316573206435,328.79900000000004,3.154700000000001,65.12,3,2,3,5,0.16666666666666666,0,0.0,2.45,False,,0,,0,,0,,1.0,0.5604288649203903,0.746234299855255,0.13414634146341464,Sunvozertinib,0.0,0.8658536585365854,0.09555796885654674,0.7260933460327701,1.0,0.7761391395255876,0.09555796885654674,0.6494476136037262,1.0,0.9044420311434532,0.09555796885654677,-0.7385195263295725,5.915781935236451,0.3224832398731017,-0.0,0.2463146725247894,6.484579847634342,0.0,0.0,0.0,0.7555525389293166,0.0,0.9055525389293166,0.2,low,agents_strongly_disagree,5.579027308705026,False,review,False,,0.224,0.891,0.801,0.5005,0.048,0.188,0.4345,0.249,0.49924999999999997,0.4105,7.083679847634342,467,0.75,5.021627308705026,1,506,39,0,review
C=CC(=O)Nc1cc(-c2c(-c3ccccc3)oc3ncnc(NC4CCCC4)c23)ccc1N(C)CCN(C)C,7.615593326784402,0.010491253470221147,0.24488377401120803,524.6690000000004,6.033600000000006,86.53,2,7,5,10,0.3225806451612903,2,0.95,4.164460000000003,False,,0,,0,,1,acrylamide_like,1.0,0.8967460317460316,1.0,0.26,Osimertinib,0.0,0.74,0.5215544542669457,0.32451453724462587,0.92,0.935,0.32451453724462587,0.6752672478778929,0.935,0.6104854627553742,0.3895145372446258,-0.20495039148126293,7.59985644657907,-1.7975271614726633,-0.0,0.27199999999999996,6.074329285106407,0.0,0.0,0.0,0.38810682844421773,0.1,0.6381068284442177,0.2,low,agents_strongly_disagree,5.436222456662189,False,review,False,,0.694,0.238,0.31,0.5005,0.5615,0.626,0.4345,0.755,0.5065,0.5248999999999999,6.682129285106407,601,0.75,5.016102456662189,1,507,0,94,review
C=CC(=O)Nc1cc(Nc2ncc(Cl)c(-c3cnn(C4CCN(C(=O)OC(C)(C)C)CC4)c3)n2)c(OC)cc1N1CCC(N(C)C)CC1,7.772312137416432,0.01286111110057864,0.2609214987806702,680.2539999999999,5.972600000000006,129.98000000000002,2,10,5,9,0.5,2,0.95,5.101693333333333,False,,0,,0,,1,acrylamide_like,1.0,0.7699366983175079,1.0,0.2897196261682243,Osimertinib,0.0,0.7102803738317758,0.559075256583703,0.29728784997039426,0.92,0.927570093457944,0.29728784997039426,0.6759833000030103,0.927570093457944,0.6302822434875497,0.3697177565124503,-0.15587739122574296,7.7530204707655646,-1.9043325012193297,-0.0,0.2630841121495327,6.111772081695768,0.0,0.0,0.0,0.4128528043594371,0.1,0.6628528043594372,0.2,low,agents_strongly_disagree,5.448919277336331,False,review,False,,0.739,0.271,0.091,0.5005,0.5615,0.591,0.4345,0.645,0.5005000000000001,0.5124499999999999,6.712372081695768,588,0.75,5.013859277336331,1,508,0,80,review
CN(C)CCC(=O)c1ccc(OCc2ccccc2)cc1,5.7785114203893,0.01000258665663319,0.7293911066098199,283.371,3.400000000000002,29.540000000000003,0,3,2,7,0.2777777777777778,0,0.0,2.1,False,,0,,0,,0,,1.0,0.678431031987263,0.9607836945222962,0.24615384615384617,Afatinib,0.0,0.7538461538461538,0.06262604443768183,0.7703958778661701,1.0,0.9090493093532606,0.06262604443768183,0.6855178079142781,1.0,0.9373739555623182,0.06262604443768183,-0.8305223513021284,5.76350754040435,0.44216888438759766,-0.0,0.2663497697844202,6.472026194576368,0.0,0.0,0.0,0.7967174444528977,0.0,0.9467174444528977,0.2,low,agents_strongly_disagree,5.52530875012347,False,review,False,,0.184,0.933,0.894,0.5005,0.099,0.146,0.4345,0.782,0.5036,0.44165,7.076346194576368,470,0.75,5.00528875012347,1,509,39,0,review
COc1ccc(OCCN2CCNC(=O)C2)cc1Nc1ncc(Cl)c(Nc2ccc3ccccc3c2P(C)(C)=O)n1,7.073008185080274,0.010914321332181226,0.2217461462410929,595.0400000000001,4.837600000000003,117.71,3,9,5,10,0.27586206896551724,1,0.5,4.6336,False,,0,,0,,0,,1.0,0.7039017996257306,1.0,0.2641509433962264,Gefitinib,0.0,0.7358490566037736,0.38561202133754174,0.3437449958172165,1.0,0.9339622641509434,0.3437449958172165,0.6658298203264255,1.0,0.6562550041827835,0.3437449958172165,-0.37362373198517823,7.0566367030820025,-1.1957076468623553,-0.0,0.27075471698113207,6.13168377320078,0.0,0.0,0.0,0.44531875522847936,0.0,0.5953187552284793,0.2,low,agents_strongly_disagree,5.5363650179723,False,review,False,,0.479,0.178,0.201,0.5005,0.5615,0.537,0.4345,0.732,0.38139999999999996,0.43045,6.5893637732007795,631,0.75,5.0029050179723,1,510,0,121,review
COc1ccc(Nc2ncc3c(n2)-c2ccc(Cl)cc2SC3)cc1,6.372051491454073,0.03943011160790824,0.7031458851778556,355.8500000000001,5.154900000000002,47.04,1,5,4,3,0.1111111111111111,1,0.45,2.1390000000000007,False,,0,,0,,0,,1.0,0.6965986394557824,0.9938157081014224,0.21839080459770116,Gefitinib,0.0,0.7816091954022988,0.19041179473798245,0.7044610060785899,1.0,0.9407640799266415,0.19041179473798245,0.7089092201858034,1.0,0.8095882052620176,0.19041179473798242,-0.6913299005970946,6.312906324042211,-0.3065930037110334,-0.0,0.2829366856460452,6.289250005977222,0.0,0.0,0.0,0.6369852565775219,0.0,0.7869852565775219,0.2,low,agents_strongly_disagree,5.5022647493997,False,review,False,,0.312,0.91,0.885,0.5005,0.12,0.276,0.4345,0.082,0.55525,0.45580000000000004,6.955550005977222,504,0.75,4.9992247493997,1,511,7,0,review
CCC(=O)N1CCC(Oc2nc(Nc3ccc(N4CCN(C)CC4)cc3)nc3ccsc23)CC1,6.702851865068043,0.023458172917370516,0.5723127280774609,480.6380000000004,3.9665000000000026,73.83000000000001,1,8,5,6,0.48,0,0.0,3.4709200000000027,True,anil_di_alk_A(478),0,,0,,0,,1.0,0.7369428693372355,1.0,0.19387755102040816,Gefitinib,0.0,0.8061224489795918,0.28429224522485136,0.6312750773656803,0.75,0.951530612244898,0.28429224522485136,0.6542744837088574,0.951530612244898,0.6672383670200466,0.3327616329799534,-0.49330965131200816,6.6676646056919875,0.09967472807746054,-0.4,0.29183673469387755,6.659176068463325,0.0,0.0,0.0,0.4590479587750582,0.0,0.7965479587750582,0.45,medium,unsafe_structure_can_game_single_score;agents_strongly_disagree,5.862628109688267,False,review,False,,0.39,0.788,0.536,0.5005,0.5615,0.513,0.043,0.292,0.5136000000000001,0.46520000000000006,7.275496068463325,410,0.75,4.995868109688268,1,512,102,0,review
Cc1ccc(Nc2ncnc3[nH]c(C)c(C)c23)cc1,5.724407717069196,0.02324323240734803,0.7319502575862972,252.321,3.6267600000000018,53.6,2,3,3,2,0.2,0,0.0,1.8,False,,0,,0,,0,,1.0,0.801030261030261,1.0,0.208955223880597,Sunvozertinib,0.0,0.791044776119403,0.03983166658215545,0.7833418724416943,1.0,0.9477611940298507,0.03983166658215545,0.6927336832634251,1.0,0.9601683334178446,0.03983166658215542,-0.8705360222416928,5.689542868458174,0.48195025758629717,-0.0,0.2873134328358209,6.458806558880292,0.0,0.0,0.0,0.8252104167723057,0.0,0.9752104167723057,0.2,low,agents_strongly_disagree,5.483596142107986,False,review,False,,0.173,0.937,0.9675,0.5005,0.5615,0.105,0.4345,0.296,0.510475,0.46414999999999995,7.071376558880292,472,0.75,4.990576142107987,1,513,41,0,review
O=NN(CCCl)C(=O)Nc1ccc2ncnc(Nc3cccc(Cl)c3)c2c1,6.990970169133246,0.01927727801259062,0.34932298657373645,405.24500000000006,4.780900000000003,99.58,2,6,3,6,0.11764705882352941,0,0.0,2.5683000000000007,False,,2,nitroso;alkyl_halide,1,nitroso,0,,1.0,0.8215384615384614,1.0,0.35526315789473684,Sunvozertinib,0.0,0.6447368421052632,0.35924844767449804,0.5433468733847858,0.5800000000000001,0.9111842105263158,0.35924844767449804,0.5984448828964,0.9111842105263158,0.5519357628518178,0.4480642371481822,-0.31892858029586924,6.96205425211436,-0.024157307543910725,-0.7,0.24342105263157893,6.481317997202027,0.0,0.0,0.0,0.3149197035647722,0.0,0.6524197035647723,0.45,medium,unsafe_structure_can_game_single_score;agents_strongly_disagree,5.8288982936372555,False,review,False,,0.459,0.44,0.778,0.5005,0.5615,0.749,0.043,0.398,0.51135,0.4868,7.0949379972020274,461,0.75,4.9880582936372555,1,514,53,0,review
C=CC(=O)N1CC(Nc2cncc(-c3cnc(Oc4cc(F)cc(F)c4)nc3)n2)C1,5.931386579873007,0.015623033294848456,0.6248246683405025,410.38400000000007,2.812800000000001,93.13000000000001,1,7,4,6,0.15,0,0.0,2.8025600000000006,False,,0,,0,,1,acrylamide_like,1.0,0.8156066279433881,1.0,0.2,Sunvozertinib,0.0,0.8,0.09691052166185789,0.6858627983565072,0.92,0.95,0.09691052166185789,0.6631933300045914,0.95,0.8530894783381421,0.14691052166185792,-0.755043744456978,5.907952029930734,0.21944066834050246,-0.0,0.29,6.417392698271237,0.0,0.0,0.0,0.6913618479226777,0.1,0.9413618479226777,0.2,low,agents_strongly_disagree,5.476030850348559,False,review,False,,0.22,0.848,0.72,0.5005,0.5615,0.237,0.4345,0.523,0.4767,0.46469999999999995,6.989432698271237,493,0.75,4.98367085034856,1,515,22,0,review
CCC(=O)Nc1cc2c(Nc3ccc4c(ccn4CC(C)C)c3)ncnc2cc1OC,6.620365724347694,0.010341559173494936,0.42409260463123033,417.51300000000015,5.341200000000003,81.07000000000001,2,5,4,7,0.2916666666666667,1,0.45,2.950086666666668,False,,0,,0,,0,,1.0,0.7949817348853672,1.0,0.4625,Osimertinib,0.0,0.5375,0.2728523396654771,0.5197860607523048,1.0,0.884375,0.2728523396654771,0.6692533501044455,1.0,0.7271476603345228,0.2728523396654772,-0.5285346805852911,6.604853385587452,-0.6892537287021031,-0.0,0.21125,6.126849656885349,0.0,0.0,0.0,0.5339345754181536,0.0,0.6839345754181536,0.2,low,agents_strongly_disagree,5.442915081467195,False,review,False,,0.371,0.575,0.672,0.5005,0.5615,0.39,0.4345,0.766,0.48285,0.4917,6.706269656885349,591,0.75,4.982955081467195,1,516,0,75,review
C=CC(=O)Nc1cc(Nc2nccc(-c3cc(F)c4nc(C)c(C(C)C)n4c3)n2)c(OC)cc1N(C)CCN(C)C,7.619943260550491,0.012218805390674844,0.24051595012248878,560.6780000000001,5.236720000000005,99.91999999999999,2,8,4,11,0.3333333333333333,2,0.95,4.30452,False,,0,,0,,1,acrylamide_like,1.0,0.787970582389187,1.0,0.31683168316831684,Osimertinib,0.0,0.6831683168316831,0.5214326513641503,0.31672531102890733,0.92,0.9207920792079207,0.31672531102890733,0.6697375104002445,0.9207920792079207,0.6040667681790134,0.3959332318209866,-0.19773981204812574,7.601615052464479,-1.8218287165441778,-0.0,0.2549504950495049,6.0347368309698055,0.0,0.0,0.0,0.38008346022376677,0.1,0.6300834602237668,0.2,low,agents_strongly_disagree,5.404653370746039,False,review,False,,0.696,0.231,0.28,0.5005,0.5615,0.646,0.4345,0.675,0.5015,0.51945,6.636536830969805,618,0.75,4.977993370746039,1,517,0,101,review
COc1cc2ncc(C#N)c(Nc3ccc(C)c(Br)c3)c2cc1OC,5.814549164699088,0.011307155591279594,0.6745773243549894,398.2600000000001,4.938200000000003,67.17,1,5,3,4,0.15789473684210525,0,0.0,2.3217333333333343,False,,0,,0,,0,,1.0,0.8248665620094192,1.0,0.32926829268292684,Erlotinib,0.0,0.6707317073170731,0.07072228226087621,0.7317200924978082,1.0,0.9176829268292683,0.07072228226087621,0.6800313253969882,1.0,0.9292777177391238,0.07072228226087618,-0.8124120575148159,5.797588431312168,0.3421067980391998,-0.0,0.2512195121951219,6.3909147415464895,0.0,0.0,0.0,0.7865971471739047,0.0,0.9365971471739047,0.2,low,agents_strongly_disagree,5.454317594372585,False,review,False,,0.191,0.892,0.837,0.5005,0.5615,0.158,0.4345,0.716,0.49,0.47605,6.97891474154649,497,0.75,4.975577594372584,1,518,21,0,review
COc1ccc2c(c1)SCc1cnc(-c3ccccc3)nc1-2,5.8319336038086345,0.013783972228811102,0.7015646127116962,306.39,4.424900000000004,35.010000000000005,0,4,4,2,0.1111111111111111,0,0.0,2.0,False,,0,,0,,0,,1.0,0.5404325275539501,0.7098773228253638,0.2087912087912088,Lazertinib,0.0,0.7912087912087912,0.07333462039199085,0.758937460068356,1.0,0.7302101899212206,0.07333462039199085,0.6406205675953919,1.0,0.9266653796080091,0.0733346203919909,-0.7563812629378681,5.8112576454654175,0.41267572382280737,-0.0,0.21483196806897825,6.438765337357203,0.0,0.0,0.0,0.7833317245100113,0.0,0.9333317245100113,0.2,low,agents_strongly_disagree,5.505433612847192,False,review,False,,0.196,0.908,0.923,0.5005,0.04,0.162,0.4345,0.604,0.50835,0.43119999999999997,7.048785337357202,478,0.75,4.9728736128471915,1,519,41,0,review
CN(C)C/C=C/C(=O)Nc1cccc(-c2c(-c3ccccc3)oc3ncnc(NCCO)c23)c1,6.2631553668806115,0.015166121412865882,0.3262693947287399,457.53400000000016,4.017300000000002,103.52000000000001,3,7,4,9,0.19230769230769232,0,0.0,3.4168933333333347,False,,0,,0,,1,acrylamide_like,1.0,0.8013513513513514,1.0,0.2111111111111111,Afatinib,0.0,0.7888888888888889,0.18017255673114674,0.4980291927418326,0.92,0.9472222222222222,0.18017255673114674,0.6363559929238003,0.9472222222222222,0.7670496654910754,0.23295033450892455,-0.6082445815902049,6.240406184761313,-0.16703383604049105,-0.0,0.2866666666666666,6.360039015387489,0.0,0.0,0.0,0.5838120818638444,0.1,0.8338120818638444,0.2,low,agents_strongly_disagree,5.5262269335236445,False,review,False,,0.295,0.409,0.553,0.5005,0.5615,0.318,0.4345,0.541,0.39760000000000006,0.41365,6.837159015387489,540,0.75,4.972606933523645,1,520,0,20,review
CC(C)C[C@@H](NC(=O)OC(C)(C)C)C(=O)Nc1ccc2ncnc(Nc3cccc(Br)c3)c2c1,7.341408973434315,0.016730306190581183,0.3468183387887477,528.4510000000001,6.013800000000005,105.24,3,6,3,7,0.36,2,0.95,3.8396733333333346,False,,0,,0,,0,,1.0,0.7607201796638416,1.0,0.3,Osimertinib,0.0,0.7,0.4486410290251719,0.3930703427440676,1.0,0.925,0.3930703427440676,0.6916778429423098,1.0,0.6069296572559324,0.3930703427440676,-0.3240490852228506,7.316313514148443,-1.6431326612112525,-0.0,0.25999999999999995,5.93318085293719,0.0,0.0,0.0,0.3836620715699155,0.0,0.5336620715699155,0.2,low,agents_strongly_disagree,5.3995187813672745,False,review,False,,0.581,0.438,0.411,0.5005,0.5615,0.636,0.4345,0.483,0.5108,0.5185,6.5461408529371905,646,0.75,4.971718781367275,1,521,0,125,review
C=CC(=O)N1CC(Nc2cncc(-c3cnc(Nc4cccc(OC(F)(F)F)c4)nc3)n2)C1,6.079768868896089,0.021878200757786088,0.5205721224463101,457.4160000000001,3.384500000000001,105.16000000000001,2,8,4,7,0.19047619047619047,0,0.0,3.2161066666666676,False,,0,,0,,1,acrylamide_like,1.0,0.8312777566298694,1.0,0.21739130434782608,Sunvozertinib,0.0,0.782608695652174,0.12962747669357197,0.6126182570890604,0.92,0.9456521739130435,0.12962747669357197,0.651974476923919,0.9456521739130435,0.8160246972194715,0.18397530278052854,-0.696462666973796,6.04695156775941,0.05720374149392905,-0.0,0.28478260869565214,6.388937917948991,0.0,0.0,0.0,0.6450308715243394,0.1,0.8950308715243394,0.2,low,agents_strongly_disagree,5.493907046424652,False,review,False,,0.255,0.725,0.608,0.5005,0.5615,0.269,0.4345,0.329,0.45104999999999995,0.43904999999999994,6.930197917948991,509,0.75,4.970767046424652,1,522,13,0,review
C=CC(=O)Nc1cc(Nc2ncc(C(=O)NC)c(-c3cn4c5c(cccc35)CCC4)n2)c(OC)cc1N(C)CCN(C)C,7.048393527991917,0.014017843891049342,0.22458660719293466,582.7090000000001,4.2786000000000035,116.65,3,8,5,11,0.3125,1,0.5,4.651393333333333,False,,0,,0,,1,acrylamide_like,1.0,0.8891320430152725,1.0,0.28440366972477066,Osimertinib,0.0,0.7155963302752293,0.37728589127424467,0.3446228903663705,0.92,0.9288990825688073,0.3446228903663705,0.6427019660523556,0.9288990825688073,0.5842761922024368,0.41572380779756324,-0.353888099704148,7.027366762155343,-1.1918723928070651,-0.0,0.26467889908256875,6.100173268430846,0.0,0.0,0.0,0.355345240253046,0.1,0.605345240253046,0.2,low,agents_strongly_disagree,5.494828028177801,False,review,False,,0.474,0.187,0.194,0.5005,0.5615,0.69,0.4345,0.588,0.3799,0.4376999999999999,6.556053268430846,639,0.75,4.970068028177801,1,523,0,116,review
CCS(=O)(=O)Nc1nc(-c2ccc(F)cc2)c(-c2ccnc(Nc3ccc(N4CCN(C(C)C)CC4)cc3)n2)s1,8.45302927448481,0.019051591021768774,0.26937139168136254,581.7430000000003,5.441800000000005,103.35,2,9,5,9,0.32142857142857145,2,0.95,4.444953333333335,True,anil_di_alk_A(478),0,,0,,0,,1.0,0.840648893360161,1.0,0.17699115044247787,Lazertinib,0.0,0.8230088495575221,0.7249212049059646,0.32719452183500575,0.75,0.9557522123893805,0.32719452183500575,0.6894669847825876,0.9557522123893805,0.6285576905543747,0.3714423094456253,0.047272293497835904,8.424451887952157,-1.8152287511757803,-0.4,0.2969026548672566,6.506125791643633,0.0,0.0,0.0,0.4106971131929684,0.0,0.7481971131929684,0.45,medium,unsafe_structure_can_game_single_score;agents_strongly_disagree,5.757928678450665,False,review,False,,0.899,0.287,0.244,0.5005,0.5615,0.596,0.043,0.408,0.59865,0.5276499999999998,7.224505791643633,428,0.75,4.966108678450665,1,524,96,0,review
CCN1CCN(c2ccc(-c3cc(Cl)c4cn(C(C(=O)Nc5nccs5)c5ncn6c5CCC6)nc4c3Cl)cc2)CC1,7.797695899612847,0.015725283138764652,0.24093347549696764,621.5980000000001,5.979300000000006,84.11,1,7,7,7,0.3333333333333333,2,0.95,5.260653333333334,False,,0,,0,,0,,1.0,0.8053641155242877,1.0,0.16101694915254236,Gefitinib,0.0,0.8389830508474576,0.5634162767060766,0.2801805910105117,1.0,0.9597457627118644,0.2801805910105117,0.7008356576071132,1.0,0.7198194089894883,0.28018059101051174,-0.1832258412013822,7.7741079749047,-1.964831191169699,-0.0,0.30169491525423725,6.110971698989238,0.0,0.0,0.0,0.5247742612368603,0.0,0.6747742612368604,0.2,low,agents_strongly_disagree,5.436197437752378,False,review,False,,0.742,0.233,0.077,0.5005,0.5615,0.404,0.4345,0.518,0.4921500000000001,0.4811999999999999,6.701551698989238,595,0.75,4.963637437752379,1,525,0,70,review
Clc1cccc(Nc2ncnc3ccc(NCc4cccc(Br)n4)cc23)c1,6.6880034404478454,0.033992131438271976,0.3842090962364624,440.7320000000001,5.796400000000002,62.730000000000004,2,5,4,5,0.05,1,0.45,2.9048800000000004,False,,0,,0,,0,,1.0,0.7502640667339674,1.0,0.30666666666666664,Sunvozertinib,0.0,0.6933333333333334,0.27320636810517096,0.49958884908390044,1.0,0.9233333333333333,0.27320636810517096,0.6740321376306012,1.0,0.726793631894829,0.27320636810517096,-0.5344343593672404,6.6370152432904375,-0.7465229037635377,-0.0,0.25799999999999995,6.1484923395269,0.0,0.0,0.0,0.5334920398685363,0.0,0.6834920398685363,0.2,low,agents_strongly_disagree,5.465000299658364,False,review,False,,0.384,0.508,0.691,0.5005,0.5615,0.392,0.4345,0.137,0.47814999999999996,0.45620000000000005,6.7222723395269,580,0.75,4.962440299658364,1,526,0,54,review
CCOc1ccccc1NC(=O)/C=C/c1ccccc1,5.692853670084675,0.041294769506317046,0.8380446109330842,267.328,3.7372000000000023,38.33,1,2,2,5,0.11764705882352941,0,0.0,1.9,False,,0,,0,,1,acrylamide_like,1.0,0.7085096610706366,1.0,0.21333333333333335,Osimertinib,0.0,0.7866666666666666,0.01930707886674688,0.8378476129362733,0.92,0.9466666666666667,0.01930707886674688,0.6809553396174217,0.9466666666666667,0.9273595877999198,0.07264041220008022,-0.8821976810008998,5.6309115158252,0.5648093168154371,-0.0,0.286,6.481720832640637,0.0,0.0,0.0,0.7841994847498999,0.1,1.0341994847498999,0.2,low,agents_strongly_disagree,5.447521347890737,False,review,False,,0.163,0.992,0.956,0.5005,0.5615,0.161,0.4345,0.059,0.51525,0.46199999999999997,7.100020832640636,460,0.75,4.951921347890737,1,527,67,0,review
COc1cc(N2CCC(N3CCN(C)CC3)CC2)ccc1Nc1ncc(Cl)c(-c2cn(S(=O)(=O)C3CC3)c3ccccc23)n1,7.6458577332195246,0.009529920014872727,0.2850192014997682,636.222,5.060400000000004,95.83,1,9,7,8,0.4375,2,0.95,5.108146666666666,False,,0,,0,,0,,1.0,0.8846854288039839,1.0,0.2358490566037736,Gefitinib,0.0,0.7641509433962264,0.5297934892944702,0.310293381337693,1.0,0.9410377358490566,0.310293381337693,0.6952811516203049,1.0,0.689706618662307,0.310293381337693,-0.22065021643444627,7.631562853197216,-1.8874527985002316,-0.0,0.2792452830188679,6.023355337715852,0.0,0.0,0.0,0.48713327332788375,0.0,0.6371332733278838,0.2,low,agents_strongly_disagree,5.386222064387969,False,review,False,,0.706,0.328,0.09,0.5005,0.5615,0.467,0.4345,0.803,0.4969,0.5065,6.619635337715852,623,0.75,4.944022064387969,1,528,0,95,review
C=CC(=O)Nc1cccc(Nc2ncc3ncc(=O)n(-c4ccc(OC)cc4)c3n2)c1,6.0528339367440775,0.016838866469241525,0.466566814742607,414.4250000000001,3.0524000000000013,111.03,2,7,4,6,0.045454545454545456,0,0.0,2.829500000000001,False,,0,,0,,1,acrylamide_like,1.0,0.8496048009367682,1.0,0.2988505747126437,Osimertinib,0.0,0.7011494252873562,0.12642127765755032,0.5977848250315108,0.92,0.9252873563218391,0.12642127765755032,0.642373364752725,0.9252873563218391,0.7988660786642888,0.20113392133571117,-0.6879361161268998,6.027575637040215,0.04668726928806141,-0.0,0.26034482758620686,6.334607733914483,0.0,0.0,0.0,0.623582598330361,0.1,0.873582598330361,0.2,low,agents_strongly_disagree,5.461025135584122,False,review,False,,0.247,0.639,0.71,0.5005,0.5615,0.291,0.4345,0.479,0.44555,0.44365,6.869267733914483,525,0.75,4.943405135584122,1,529,4,0,review
C=CC(=O)Nc1cccc(Oc2nc(Nc3ccc(N4CCN(C(=O)C(F)(F)F)CC4)cc3OC)ncc2SC)c1,7.5585866835057285,0.01341470940071979,0.2613986472770738,588.6120000000003,5.078400000000004,108.91999999999999,2,9,4,9,0.25925925925925924,2,0.95,4.290746666666669,False,,0,,0,,1,acrylamide_like,1.0,0.8807926829268293,1.0,0.28431372549019607,Osimertinib,0.0,0.7156862745098039,0.5052563742959283,0.32874053805367254,0.92,0.928921568627451,0.32874053805367254,0.670729620244263,0.928921568627451,0.6001810305737785,0.3998189694262215,-0.22063099459777946,7.538464619404649,-1.8062874267970006,-0.0,0.2647058823529412,5.996883074960589,0.0,0.0,0.0,0.3752262882172231,0.1,0.6252262882172231,0.2,low,agents_strongly_disagree,5.371656786743366,False,review,False,,0.67,0.272,0.285,0.5005,0.5615,0.653,0.4345,0.619,0.49875,0.5162,6.595383074960589,630,0.75,4.941096786743366,1,530,0,100,review
COc1ccccc1C(=O)NCc1ccc(-c2nn(C3CCCC3)c3ncnc(N)c23)c(C)c1,6.1609122700918615,0.00992886093632442,0.44413988912714697,456.5500000000003,4.4376200000000035,107.94999999999999,2,6,5,6,0.3076923076923077,0,0.0,3.3103333333333356,False,,1,aniline,0,,0,,1.0,0.7902680652680653,1.0,0.19642857142857142,Lazertinib,0.0,0.8035714285714286,0.15827786486753828,0.566956426199418,0.88,0.9508928571428572,0.15827786486753828,0.6390317870524533,0.9508928571428572,0.792614992275319,0.20738500772468105,-0.6410052295798868,6.1460189786873745,-0.021640880103622584,-0.2,0.2910714285714286,6.21544952715518,0.0,0.0,0.0,0.6157687403441487,0.0,0.7657687403441488,0.2,low,agents_strongly_disagree,5.449680786811031,False,review,False,,0.272,0.61,0.578,0.5005,0.5615,0.299,0.4345,0.787,0.4312,0.4497999999999999,6.73288952715518,577,0.75,4.939440786811032,1,531,0,46,review
CS(=O)(=O)CCNCCCCOc1ccc2ncnc(Nc3ccc(S(=O)(=O)c4ccccc4)cc3)c2c1,6.991153296668266,0.011352263151929843,0.23576913915789013,554.6940000000002,3.9994000000000023,127.35,2,9,4,13,0.25925925925925924,1,0.5,4.464626666666668,False,,0,,0,,0,,1.0,0.7846114089448488,1.0,0.410958904109589,Afatinib,0.0,0.589041095890411,0.3648417399607155,0.3579566162804293,1.0,0.8972602739726028,0.3579566162804293,0.6550146575534369,1.0,0.6420433837195707,0.3579566162804293,-0.3868972234569618,6.974124901940371,-1.157998934916184,-0.0,0.22671232876712327,6.042838295791309,0.0,0.0,0.0,0.4275542296494634,0.0,0.5775542296494633,0.2,low,agents_strongly_disagree,5.465284066141846,False,review,False,,0.46,0.21,0.241,0.5005,0.5615,0.571,0.4345,0.713,0.38525,0.43600000000000005,6.505138295791309,656,0.75,4.9384840661418465,1,532,0,124,review
CSc1cn2c(-c3cn[nH]c3)cnc2c(Nc2cc(C)ns2)n1,6.119149262563625,0.0734545061223648,0.5529260205074162,343.4410000000001,3.3498200000000002,83.79,2,7,4,4,0.14285714285714285,0,0.0,2.2,False,,0,,0,,0,,1.0,0.38658422073210363,0.43015312860382476,0.13953488372093023,Afatinib,0.0,0.8604651162790697,0.10336916135525095,0.6694939266636943,1.0,0.537731125522636,0.10336916135525095,0.5776485533853953,1.0,0.896630838644749,0.10336916135525098,-0.6323725227068591,6.008967503380078,0.2372117347931305,-0.0,0.1656778170346771,6.411857055207886,0.0,0.0,0.0,0.7457885483059362,0.0,0.8957885483059362,0.2,low,agents_strongly_disagree,5.5160685069019495,False,review,False,,0.267,0.756,0.8625,0.5005,0.001,0.196,0.4345,0.003,0.500825,0.39309999999999995,7.012847055207885,487,0.75,4.93778850690195,1,533,46,0,review
NP(=O)(Oc1ccc2ncnc(Nc3cccc(Br)c3)c2c1)N(CCCl)CCCl,7.561447173387995,0.03015397123633312,0.2905982237532269,519.1670000000003,5.361100000000003,93.37,2,5,3,9,0.2222222222222222,2,0.95,3.977780000000002,False,,1,alkyl_halide,0,,0,,1.0,0.8375778388278388,1.0,0.36486486486486486,Afatinib,0.0,0.6351351351351351,0.49425401348156556,0.35683748460273623,0.88,0.9087837837837838,0.35683748460273623,0.6599688204670214,0.9087837837837838,0.5519462991810475,0.44805370081895246,-0.2209530759806077,7.516216216533495,-1.7338465540245511,-0.2,0.24054054054054047,5.822910203049484,0.0,0.0,0.0,0.3149328739763094,0.0,0.46493287397630945,0.2,low,agents_strongly_disagree,5.357977329073175,False,review,False,,0.672,0.337,0.364,0.5005,0.5615,0.748,0.4345,0.183,0.5245,0.5221499999999999,6.452310203049484,672,0.75,4.934557329073175,1,534,0,138,review
C=CC(=O)N(c1cc(Cl)ccc1F)c1ncnc2cc(OC)c(OCCCN3CCOCC3)cc12,6.827142401729134,0.013879573504859768,0.3184836524526054,500.9580000000005,4.382700000000004,77.02000000000001,0,7,4,9,0.32,1,0.5,3.70638666666667,False,,0,,0,,1,acrylamide_like,1.0,0.8741622487101939,1.0,0.5542168674698795,Dacomitinib,0.0,0.4457831325301205,0.3220698989788816,0.43261267551559957,0.92,0.8614457831325302,0.3220698989788816,0.6340320894067528,0.92,0.5979301010211184,0.40206989897888157,-0.4159495872371617,6.8063230414718445,-0.955474347547395,-0.0,0.18373493975903615,6.034583633683486,0.0,0.0,0.0,0.37241262627639804,0.1,0.622412626276398,0.2,low,agents_strongly_disagree,5.412171007407087,False,review,False,,0.415,0.39,0.464,0.5005,0.5615,0.657,0.4345,0.595,0.43445,0.4745,6.555923633683486,640,0.75,4.931571007407087,1,535,0,105,review
CCOC(=O)C1=C(N)N(c2cccnc2)C2=C(C(=O)CCC2)C1c1c(C)nn(-c2ccc(C)cc2)c1Cl,6.713013074648042,0.04653970046428874,0.4807749480036622,518.0170000000004,4.881840000000005,103.34,1,7,5,5,0.2857142857142857,1,0.5,3.970113333333336,False,,0,,0,,0,,1.0,0.869397292847997,1.0,0.11818181818181818,Osimertinib,0.0,0.8818181818181818,0.2706754783370083,0.5117295547353475,1.0,0.9704545454545455,0.2706754783370083,0.6882148946317252,1.0,0.7293245216629918,0.2706754783370082,-0.5567192217262893,6.643203523951609,-0.8361706234249097,-0.0,0.3145454545454545,6.121578355072153,0.0,0.0,0.0,0.5366556520787398,0.0,0.6866556520787398,0.2,low,agents_strongly_disagree,5.434922702993414,False,review,False,,0.393,0.667,0.368,0.5005,0.5615,0.383,0.4345,0.04,0.46555,0.4447,6.680238355072153,602,0.75,4.918562702993414,1,536,0,66,review
CCOc1ccc2cc(-c3nn(C(C)C)c4ncnc(N)c34)ccc2c1,5.879323180048002,0.012147224998263088,0.598126808778868,347.4220000000001,4.208300000000002,78.85,1,5,4,4,0.25,0,0.0,2.2,False,,1,aniline,0,,0,,1.0,0.7895091183326477,1.0,0.19480519480519481,Afatinib,0.0,0.8051948051948052,0.08632773751321626,0.6943543602129929,0.88,0.9512987012987013,0.08632773751321626,0.6529951997562277,0.9512987012987013,0.864970963785485,0.135029036214515,-0.755556616324015,5.861102342550607,0.29312680877886804,-0.2,0.2915584415584415,6.2457875928879165,0.0,0.0,0.0,0.7062137047318562,0.0,0.8562137047318562,0.2,low,agents_strongly_disagree,5.38957388815606,False,review,False,,0.211,0.82,0.8625,0.5005,0.5615,0.224,0.4345,0.679,0.488425,0.47854999999999986,6.831897592887916,545,0.75,4.91383388815606,1,537,0,8,review
OC[C@@H](Nc1ncnc2oc(-c3ccccc3)c(-c3ccccc3)c12)c1ccccc1,6.62997062120469,0.016073368788019814,0.37762901663918613,407.4730000000001,5.702300000000005,71.18,2,5,5,6,0.07692307692307693,1,0.45,3.3331533333333345,False,,0,,0,,0,,1.0,0.8435944055944056,1.0,0.17105263157894737,Afatinib,0.0,0.8289473684210527,0.2712412971495585,0.47949775402334727,1.0,0.9572368421052632,0.2712412971495585,0.6769939733195423,1.0,0.7287587028504414,0.2712412971495586,-0.541003568226645,6.60586056802266,-0.8146516756685064,-0.0,0.2986842105263158,6.0898931028804695,0.0,0.0,0.0,0.5359483785630518,0.0,0.6859483785630518,0.2,low,agents_strongly_disagree,5.403944724317418,False,review,False,,0.373,0.496,0.573,0.5005,0.5615,0.386,0.4345,0.508,0.45309999999999995,0.45725,6.633613102880469,620,0.75,4.902644724317418,1,538,0,82,review
C=CC(=O)Nc1cc(Nc2nccc(-c3cc(F)c4nc(OC)n(C(C)C)c4c3)n2)c(OC)cc1N(C)CCN(C)C,7.599858357704877,0.002269437468796421,0.22278469312500204,576.677,5.0964000000000045,109.66999999999999,2,9,4,12,0.3333333333333333,2,0.95,4.51118,False,,0,,0,,1,acrylamide_like,1.0,0.9244612208026842,1.0,0.32,Osimertinib,0.0,0.6799999999999999,0.5233759831980617,0.29902465814182805,0.92,0.9199999999999999,0.29902465814182805,0.6656001603349724,0.92,0.620975341858172,0.37902465814182795,-0.18963223618254776,7.596454201501682,-1.8705589735416646,-0.0,0.25399999999999995,5.979895227960016,0.0,0.0,0.0,0.40121917732271506,0.1,0.6512191773227151,0.2,low,agents_strongly_disagree,5.328676050637301,False,review,False,,0.689,0.179,0.227,0.5005,0.5615,0.611,0.4345,0.996,0.48,0.5167999999999999,6.555895227960016,641,0.75,4.898836050637302,1,539,0,102,review
COc1ccccc1C(=O)NCc1ccc(-c2nn([C@@H]3CC[C@H](O)C3)c3ncnc(N)c23)cc1,6.259564228218709,0.008662112492088694,0.4049391093790327,458.5220000000002,3.1000000000000005,128.18,3,7,5,6,0.28,0,0.0,4.023480000000001,False,,1,aniline,0,,0,,1.0,0.9218487394957983,1.0,0.22018348623853212,Lazertinib,0.0,0.7798165137614679,0.18382757831021515,0.5179672793892371,0.88,0.944954128440367,0.18382757831021515,0.6316872465349548,0.944954128440367,0.7611265501301518,0.23887344986984815,-0.5971462242996528,6.246571059480576,-0.1705828906209674,-0.2,0.28394495412844034,6.159933122988049,0.0,0.0,0.0,0.5764081876626899,0.0,0.7264081876626899,0.2,low,agents_strongly_disagree,5.433524935325359,False,review,False,,0.294,0.541,0.348,0.5005,0.5615,0.329,0.4345,0.845,0.39280000000000004,0.42895,6.6312931229880485,621,0.75,4.898264935325359,1,540,0,81,review
CN1C(=S)C(C(=O)Nc2ccccc2)c2ccccc21,5.698391178577674,0.021401323058895628,0.8586192928395768,282.36800000000005,3.1861000000000015,32.34,1,2,3,2,0.125,0,0.0,2.1500000000000004,False,,0,,0,,0,,1.0,0.49643665768194073,0.6298848321489832,0.13924050632911392,Osimertinib,0.0,0.8607594936708861,0.034616868503191664,0.8395483033694595,1.0,0.6876034975294589,0.034616868503191664,0.6404421673505276,1.0,0.9653831314968083,0.03461686850319168,-0.8077670651297812,5.666289193989331,0.5486192928395768,-0.0,0.2156990561385116,6.43060754296742,0.0,0.0,0.0,0.8317289143710105,0.0,0.9817289143710105,0.2,low,agents_strongly_disagree,5.448878628596409,False,review,False,,0.164,0.996,0.883,0.5005,0.027,0.087,0.4345,0.344,0.5055499999999999,0.4089999999999999,7.037267542967419,481,0.75,4.88967862859641,1,541,60,0,review
C=CC(=O)Nc1cccc(-c2c(Cl)sc3ncnc(N[C@H](CO)c4ccccc4)c23)c1,6.6929966064212465,0.014118116646026373,0.33322070993949426,450.95100000000014,5.281700000000004,87.14,3,6,4,7,0.08695652173913043,1,0.45,3.5230066666666677,False,,0,,0,,1,acrylamide_like,1.0,0.8098140251125325,1.0,0.30952380952380953,Sunvozertinib,0.0,0.6904761904761905,0.2883664699530932,0.4477711340564654,0.92,0.9226190476190477,0.2883664699530932,0.6446891629071516,0.9226190476190477,0.6342525776659544,0.36574742233404556,-0.47509692393874453,6.671819431452207,-0.8865346378865928,-0.0,0.2571428571428571,6.042427650708471,0.0,0.0,0.0,0.41781572208244305,0.1,0.6678157220824431,0.2,low,agents_strongly_disagree,5.374611928626028,False,review,False,,0.386,0.42,0.519,0.5005,0.5615,0.584,0.4345,0.583,0.43565,0.4679,6.565207650708471,636,0.75,4.886091928626029,1,542,0,94,review
O=C(Nc1cc2c(Nc3ccc(F)c(Cl)c3)ncnc2cc1OCCCN1CCOCC1)c1cccnc1F,7.671600463306869,0.008433718134626093,0.2188065604554089,554.9850000000005,5.053400000000004,101.5,2,8,5,9,0.25925925925925924,2,0.95,4.26656666666667,False,,0,,0,,0,,1.0,0.8578314571607255,1.0,0.654320987654321,Dacomitinib,0.0,0.345679012345679,0.536996513132479,0.30624489030175683,1.0,0.8364197530864197,0.30624489030175683,0.6699152891301638,1.0,0.6937551096982432,0.30624489030175683,-0.17722503466357986,7.65894988610493,-1.8452525136186657,-0.0,0.15370370370370368,5.967401076189967,0.0,0.0,0.0,0.492193887122804,0.0,0.642193887122804,0.2,low,agents_strongly_disagree,5.325207189067163,False,review,False,,0.712,0.174,0.294,0.5005,0.5615,0.458,0.4345,0.854,0.49939999999999996,0.50725,6.566681076189967,635,0.75,4.883907189067163,1,543,0,92,review
COc1ccc(/C(CSc2nc3[nH]c(=O)n(C)c(=O)c3[nH]2)=N\O)cc1,6.060766443966716,0.015836433113445406,0.26861449198475773,361.38300000000004,0.9290999999999994,125.35999999999999,3,7,3,5,0.2,0,0.0,2.175886666666667,False,,0,,0,,0,,1.0,0.7686659700452804,1.0,0.125,Gefitinib,0.0,0.875,0.1291061078122672,0.5140500218736681,1.0,0.96875,0.1291061078122672,0.6529765324214838,1.0,0.8708938921877328,0.12910610781226717,-0.6984938994789556,6.037011794296548,-0.0377685080152423,-0.0,0.31249999999999994,6.311743286281306,0.0,0.0,0.0,0.7136173652346661,0.0,0.8636173652346661,0.2,low,agents_strongly_disagree,5.44812592104664,False,review,False,,0.249,0.284,0.876,0.5005,0.5615,0.22,0.4345,0.513,0.40035,0.40220000000000006,6.792163286281306,561,0.75,4.88076592104664,1,544,0,17,review
Cc1nc(F)ccc1[C@H](Nc1cc(Cl)c2ncc(C#N)c(NCC3(C)CCC3)c2c1)C1=CN(C2(C(F)F)CC2)NN1,8.113518782257403,0.01570946832935653,0.21746340160550093,583.0620000000002,6.321600000000005,100.92999999999999,4,8,6,9,0.41379310344827586,2,0.95,5.003746666666668,False,,1,hydrazine,1,hydrazine,0,,1.0,0.8695959595959597,1.0,0.15702479338842976,Gefitinib,0.0,0.8429752066115702,0.6423830677338012,0.2771530760112306,0.7,0.9607438016528925,0.2771530760112306,0.6450699863494811,0.9607438016528925,0.6835907256416619,0.3164092743583381,-0.003582558154239801,8.089954579763369,-1.9417192880496714,-0.5,0.302892561983471,5.951127853697169,0.0,0.0,0.0,0.4794884070520774,0.0,0.6294884070520774,0.2,low,agents_strongly_disagree,5.321639446645091,False,review,False,,0.822,0.171,0.108,0.5005,0.5615,0.481,0.4345,0.521,0.5204,0.50685,6.575607853697169,633,0.75,4.879859446645091,1,545,0,88,review
C=CC(=O)N1C[C@H](Nc2nc(Nc3cnn(C)c3)c3c(c2F)CNC3=O)CCC1C,5.857505527382802,0.005577945934226234,0.647290610975136,413.4570000000003,1.9185999999999996,104.18,3,6,4,5,0.4,0,0.0,3.423046666666669,False,,0,,0,,1,acrylamide_like,1.0,0.7807275380446113,1.0,0.19,Osimertinib,0.0,0.81,0.08547181969174215,0.6743541950106837,0.92,0.9525,0.08547181969174215,0.6580815036756065,0.9525,0.8670281803082579,0.1329718196917421,-0.7634795786451525,5.8491386084814625,0.1738336109751357,-0.0,0.293,6.315972219456598,0.0,0.0,0.0,0.7087852253853224,0.1,0.9587852253853224,0.2,low,agents_strongly_disagree,5.3571869940712755,False,review,False,,0.201,0.868,0.549,0.5005,0.5615,0.222,0.4345,0.941,0.4465,0.4643,6.851772219456598,533,0.75,4.864346994071275,1,546,13,0,review
Cc1cc(C(=O)N2CCOCC2)[nH]c1/C=C1\C(=O)Nc2ncnc(Nc3ccc4c(ccn4Cc4ccccc4)c3)c21,6.897736949674726,0.01663435222695083,0.2568545013389869,559.6300000000002,4.824820000000003,117.16999999999999,3,6,7,6,0.1875,1,0.5,4.397533333333335,False,,0,,0,,1,acrylamide_like,1.0,0.7981838386332768,1.0,0.25,Dacomitinib,0.0,0.75,0.3377901908598158,0.37213407830054535,0.92,0.9375,0.3377901908598158,0.6418560672900903,0.9375,0.5997098091401842,0.40029019085981576,-0.4054211685736993,6.872785421334299,-1.1340254986610134,-0.0,0.27499999999999997,6.0137599226732865,0.0,0.0,0.0,0.3746372614252303,0.1,0.6246372614252304,0.2,low,agents_strongly_disagree,5.389122661248056,False,review,False,,0.426,0.261,0.258,0.5005,0.5615,0.654,0.4345,0.486,0.38270000000000004,0.43209999999999993,6.472999922673287,667,0.75,4.857642661248056,1,547,0,120,review
COC1CCN(c2nccc(Nc3cc4c(cn3)nc(CO)n4C(C)C)n2)CC1,5.743525481106883,0.008346762689343853,0.6546231273158212,397.48300000000023,2.6533000000000007,101.22000000000001,2,8,4,6,0.5,0,0.0,2.716553333333335,False,,0,,0,,0,,1.0,0.8077294685990338,1.0,0.26262626262626265,Lazertinib,0.0,0.7373737373737373,0.05503863639418011,0.7055598995108812,1.0,0.9343434343434344,0.05503863639418011,0.673735492562124,1.0,0.9449613636058198,0.05503863639418016,-0.8249291415572584,5.731005337072867,0.29714012731582096,-0.0,0.2712121212121212,6.299357585600809,0.0,0.0,0.0,0.8062017045072747,0.0,0.9562017045072747,0.2,low,agents_strongly_disagree,5.3431558810935345,False,review,False,,0.177,0.875,0.747,0.5005,0.5615,0.138,0.4345,0.857,0.4668,0.46534999999999993,6.859517585600809,527,0.75,4.8515758810935345,1,548,21,0,review
C=CC(=O)N1CCC(C2CCNc3c(C(N)=O)c(-c4cc(OC)c(Cl)c(OC)c4)nn32)CC1,5.911397369557531,0.015582474927037388,0.6233442286918083,473.96100000000024,3.100900000000002,111.71000000000001,2,6,4,6,0.43478260869565216,0,0.0,3.5764066666666685,False,,0,,0,,1,acrylamide_like,1.0,0.8840093240093241,1.0,0.22105263157894736,Osimertinib,0.0,0.7789473684210526,0.09194160994045664,0.6552852232163919,0.92,0.9447368421052631,0.09194160994045664,0.652990918815528,0.9447368421052631,0.8527952321648065,0.14720476783519354,-0.7480657451667617,5.8880236571669755,0.1303614895613732,-0.0,0.28368421052631576,6.302069357254664,0.0,0.0,0.0,0.690994040206008,0.1,0.940994040206008,0.2,low,agents_strongly_disagree,5.361075317048656,False,review,False,,0.216,0.844,0.503,0.5005,0.5615,0.238,0.4345,0.525,0.44155,0.44139999999999996,6.831929357254665,544,0.75,4.840755317048656,1,549,5,0,review
C=CC(=O)N(C)Cc1cccc(Nc2nc(Nc3cccc(OC)c3)ncc2F)c1,5.8807751295288835,0.012386810397948766,0.5435258888557772,407.4490000000001,4.255900000000002,79.38000000000001,2,6,3,8,0.13636363636363635,0,0.0,2.7829933333333345,False,,0,,0,,1,acrylamide_like,1.0,0.7702675093255291,1.0,0.3023255813953488,Osimertinib,0.0,0.6976744186046512,0.08652301510365673,0.6419010337424724,0.92,0.9244186046511628,0.08652301510365673,0.643210663374323,0.9244186046511628,0.837895589547506,0.16210441045249402,-0.7422501976942217,5.86219491393196,0.1397132524921407,-0.0,0.2593023255813954,6.261210492005496,0.0,0.0,0.0,0.6723694869343824,0.1,0.9223694869343824,0.2,low,agents_strongly_disagree,5.338841005071114,False,review,False,,0.213,0.748,0.726,0.5005,0.5615,0.252,0.4345,0.669,0.45445,0.45699999999999996,6.8065504920054964,558,0.75,4.837241005071114,1,550,0,8,review
C[C@@H](CF)N1C=C([C@@H](Nc2cc(Cl)c3ncc(C#N)c(Nc4cnc(F)c(F)c4)c3c2)c2cccnc2)NN1,8.02837857642551,0.006649131351397592,0.21800498959423262,551.9640000000002,5.249080000000004,113.82000000000001,4,9,5,8,0.15384615384615385,2,0.95,4.846426666666668,False,,1,hydrazine,1,hydrazine,0,,1.0,0.8628242381289866,1.0,0.19469026548672566,Gefitinib,0.0,0.8053097345132744,0.6274402521603992,0.2835017186358023,0.7,0.9513274336283186,0.2835017186358023,0.6405673511061301,0.9513274336283186,0.6678257149925163,0.3321742850074837,-0.01750279859430781,8.018404879398414,-1.9435743950211521,-0.5,0.29159292035398227,5.866423404731244,0.0,0.0,0.0,0.4597821437406454,0.0,0.6097821437406454,0.2,low,agents_strongly_disagree,5.256641260990599,False,review,False,,0.797,0.173,0.136,0.5005,0.5615,0.512,0.4345,0.909,0.51375,0.52495,6.4829234047312445,662,0.75,4.8365812609906,1,551,0,111,review
CC(C)(C)N1C=C([C@@H](Nc2cc(Cl)c3ncc(C#N)c(Nc4cnc(F)c(F)c4)c3c2)c2cccnc2)NN1,7.862714882751345,0.004500279524741951,0.22598232326777615,548.0010000000002,5.689580000000005,113.82000000000001,4,9,5,6,0.18518518518518517,2,0.95,4.270006666666668,False,,1,hydrazine,1,hydrazine,0,,1.0,0.8401436067202581,1.0,0.17857142857142858,Gefitinib,0.0,0.8214285714285714,0.587528525020517,0.3100592521562512,0.7,0.9553571428571428,0.3100592521562512,0.6382362300084777,0.9553571428571428,0.6452978907008916,0.3547021092991084,-0.06761027331728098,7.8559644634642325,-1.8460001582137053,-0.5,0.29642857142857143,5.806392876679099,0.0,0.0,0.0,0.43162236337611454,0.0,0.5816223633761146,0.2,low,agents_strongly_disagree,5.2247705133029845,False,review,False,,0.759,0.189,0.293,0.5005,0.5615,0.567,0.4345,0.963,0.5234,0.5398499999999999,6.434472876679099,674,0.75,4.822590513302985,1,552,0,122,review
C=CC(=O)N1CCC(C2CCNc3c(C(N)=O)c(-c4cc(OC)c(C)c(OC)c4)nn32)CC1,5.849660573665803,0.013823884240615397,0.650793253178239,453.5430000000003,2.7559200000000015,111.71000000000001,2,6,4,6,0.4583333333333333,0,0.0,3.440286666666669,False,,0,,0,,1,acrylamide_like,1.0,0.9169230769230768,1.0,0.19791666666666666,Osimertinib,0.0,0.8020833333333334,0.07773842444801995,0.6756175712993135,0.92,0.9505208333333334,0.07773842444801995,0.6559692072701667,0.9505208333333334,0.8727824088853134,0.12721759111468656,-0.7709743770961958,5.82892474730488,0.18058358651157197,-0.0,0.29062499999999997,6.3001333338164525,0.0,0.0,0.0,0.7159780111066418,0.1,0.9659780111066418,0.2,low,agents_strongly_disagree,5.334155322709811,False,review,False,,0.2,0.871,0.546,0.5005,0.5615,0.216,0.4345,0.602,0.44620000000000004,0.44660000000000005,6.835573333816453,541,0.75,4.820075322709811,1,553,12,0,review
Clc1nc2ccccc2c2nnc(/N=C/c3ccco3)n12,5.989903963769477,0.022056657651025855,0.42044494982774666,297.705,3.2745000000000015,68.58,0,5,4,2,0.0,0,0.0,2.0,False,,0,,0,,0,,1.0,0.49679349184382404,0.6305336215342254,0.11392405063291139,Afatinib,0.0,0.8860759493670887,0.10703633058665106,0.6043216454821838,1.0,0.6944192034924412,0.10703633058665106,0.601444294890319,1.0,0.8929636694133489,0.10703633058665107,-0.6592106190715573,5.956818977292938,0.12044494982774667,-0.0,0.22345619019368296,6.300720117314367,0.0,0.0,0.0,0.7412045867666861,0.0,0.8912045867666861,0.2,low,agents_strongly_disagree,5.409515530547681,False,review,False,,0.232,0.567,0.923,0.5005,0.028,0.197,0.4345,0.324,0.4563499999999999,0.37915,6.848340117314367,534,0.75,4.814495530547681,1,554,20,0,review
C=CC(=O)N1CC(Nc2cncc(-c3cnc(Oc4ccc(Cl)cc4)nc3)n2)C1,5.813029293694146,0.016400871762879524,0.6257878558990055,408.84900000000005,3.1880000000000015,93.13000000000001,1,7,4,6,0.15,0,0.0,2.7923266666666673,False,,0,,0,,1,acrylamide_like,1.0,0.8191407480449758,1.0,0.21428571428571427,Sunvozertinib,0.0,0.7857142857142857,0.06677671318952075,0.6867861412572736,0.92,0.9464285714285714,0.06677671318952075,0.6549978564688415,0.9464285714285714,0.8796518582390507,0.12034814176094932,-0.784294857705761,5.788427986049826,0.22193885589900547,-0.0,0.2857142857142857,6.2960811276631174,0.0,0.0,0.0,0.7245648227988133,0.1,0.9745648227988133,0.2,low,agents_strongly_disagree,5.321516304864304,False,review,False,,0.19,0.85,0.724,0.5005,0.5615,0.208,0.4345,0.49,0.46419999999999995,0.45185,6.853121127663117,530,0.75,4.813736304864304,1,555,25,0,review
COc1cccc(-c2cn(-c3ccc(CCN4CCC(O)CC4)cc3)c3ncnc(N)c23)c1,6.073428306979769,0.02278146748617309,0.47259897228049547,443.55100000000016,3.677500000000002,89.42999999999999,2,6,5,6,0.3076923076923077,0,0.0,3.2236733333333345,False,,1,aniline,0,,0,,1.0,0.7069757639620653,1.0,0.19444444444444445,Lazertinib,0.0,0.8055555555555556,0.1274100495046212,0.5859419988568366,0.88,0.9513888888888888,0.1274100495046212,0.6361852343125867,0.9513888888888888,0.8239788393842676,0.17602116061573236,-0.6783669130772874,6.03925610575051,0.019817203049726062,-0.2,0.2916666666666667,6.1507399754669025,0.0,0.0,0.0,0.6549735492303346,0.0,0.8049735492303346,0.2,low,agents_strongly_disagree,5.345766426236568,False,review,False,,0.252,0.652,0.605,0.5005,0.5615,0.262,0.4345,0.31,0.43465,0.42524999999999996,6.672319975466903,604,0.75,4.806066426236568,1,556,0,48,review
C=CC(=O)N1CCCC(N(C)c2nc(Nc3cc(C)ns3)c3c(c2F)CNC3=O)C1,5.726620801840731,0.0023959866138972977,0.7089869796395147,430.5090000000002,2.58582,90.46000000000001,2,7,4,5,0.4,0,0.0,3.1867266666666683,False,,0,,0,,1,acrylamide_like,1.0,0.7349312013206537,1.0,0.16822429906542055,Osimertinib,0.0,0.8317757009345794,0.05497800983045469,0.7173764285453228,0.92,0.9579439252336448,0.05497800983045469,0.6625745909023555,0.9579439252336448,0.9029659154031902,0.09703408459680984,-0.8101287747625346,5.723026821919885,0.27097797963951453,-0.0,0.2995327102803738,6.293537511839774,0.0,0.0,0.0,0.7537073942539876,0.1,1.0037073942539876,0.2,low,agents_strongly_disagree,5.289830117585787,False,review,False,,0.174,0.919,0.614,0.5005,0.5615,0.191,0.4345,0.994,0.45430000000000004,0.46990000000000004,6.838697511839774,539,0.75,4.803710117585787,1,557,18,0,review
COC1CNCCN(Cc2ccn3ncnc(Nc4ccc5c(cnn5Cc5cccc(F)c5)c4)c23)C1,6.724732582888163,0.013865562195776797,0.35425545064556996,500.5820000000003,3.430200000000001,84.53999999999999,2,7,6,7,0.2962962962962963,1,0.5,4.253880000000002,False,,0,,0,,0,,1.0,0.8624026590693257,1.0,0.22935779816513763,Gefitinib,0.0,0.7706422018348624,0.296477252184997,0.4312297286242942,1.0,0.9426605504587156,0.296477252184997,0.6675918828170017,1.0,0.703522747815003,0.296477252184997,-0.4948195075093397,6.703934239594497,-1.0041969197248006,-0.0,0.2811926605504587,5.9809299804201554,0.0,0.0,0.0,0.5044034347687538,0.0,0.6544034347687538,0.2,low,agents_strongly_disagree,5.326526545651402,False,review,False,,0.394,0.452,0.296,0.5005,0.5615,0.436,0.4345,0.597,0.4122,0.4386999999999999,6.475569980420156,665,0.75,4.802966545651402,1,558,0,107,review
Fc1ccc(-c2nc(-c3ccccc3)[nH]c2-c2ccnc3[nH]ccc23)cc1,6.36935259743821,0.016597881178178477,0.4540247508235405,354.3880000000001,5.4261000000000035,57.36,2,2,5,3,0.0,1,0.45,2.329253333333334,False,,0,,0,,0,,1.0,0.7203630000686201,1.0,0.16842105263157894,Lazertinib,0.0,0.8315789473684211,0.2057196325348276,0.5601269462862806,1.0,0.9578947368421052,0.2057196325348276,0.6809353289158033,1.0,0.7942803674651724,0.2057196325348276,-0.6336209285079677,6.3444557756709425,-0.5953632491764596,-0.0,0.2994736842105263,6.048566210705009,0.0,0.0,0.0,0.6178504593314655,0.0,0.7678504593314656,0.2,low,agents_strongly_disagree,5.280715751373544,False,review,False,,0.311,0.619,0.833,0.5005,0.5615,0.296,0.4345,0.487,0.4888,0.4730499999999999,6.635126210705009,619,0.75,4.798375751373544,1,559,0,60,review
COc1cccc(-c2cn(-c3ccc(CC(=O)NCCO)cc3)c3ncnc(N)c23)c1,6.074878500878726,0.019497443569628348,0.425109652873353,417.4690000000001,2.3293,115.28999999999999,3,6,4,7,0.17391304347826086,0,0.0,2.949793333333334,False,,1,aniline,0,,0,,1.0,0.7431089040093649,1.0,0.1743119266055046,Lazertinib,0.0,0.8256880733944953,0.13007141472094166,0.5703567193367545,0.88,0.9564220183486238,0.13007141472094166,0.63421253810158,0.9564220183486238,0.8263506036276822,0.1736493963723178,-0.6721881645075177,6.045632335524283,3.1957221179036016e-05,-0.2,0.29770642201834857,6.143370714763811,0.0,0.0,0.0,0.6579382545346026,0.0,0.8079382545346027,0.2,low,agents_strongly_disagree,5.3354324602292085,False,review,False,,0.253,0.579,0.674,0.5005,0.5615,0.26,0.4345,0.391,0.43085000000000007,0.42535000000000006,6.66039071476381,610,0.75,4.7958524602292085,1,560,0,50,review
COc1cc(OC)cc(-c2nc(-c3ccc(-c4nc(-c5nnc(-c6ccncc6)o5)c[nH]4)cc3)no2)c1,6.2392383595316785,0.021976890550492897,0.32586503334533506,493.4830000000001,4.922900000000005,137.87,1,10,6,7,0.07692307692307693,0,0.0,3.8565533333333346,False,,0,,0,,0,,1.0,0.655411483681937,0.9189299703307945,0.12380952380952381,Lazertinib,0.0,0.8761904761904762,0.1694257664975746,0.4808967939809599,1.0,0.9082450967957149,0.1694257664975746,0.6396419143185623,1.0,0.8305742335024254,0.16942576649757457,-0.6269548637613169,6.206273023705939,-0.24492565896235743,-0.0,0.29258963543984146,6.253937000183423,0.0,0.0,0.0,0.6632177918780319,0.0,0.8132177918780319,0.2,low,agents_strongly_disagree,5.44071920830539,False,review,False,,0.293,0.408,0.406,0.5005,0.085,0.258,0.4345,0.328,0.37444999999999995,0.3339,6.703277000183423,594,0.75,4.791399208305391,1,561,0,33,review
CN1CCC(Oc2cccc3ncnc(Nc4ccc(OCc5ccccn5)cc4)c23)CC1,6.050584779048171,0.029849784596492207,0.44073788551222154,441.53500000000025,4.820400000000004,72.4,1,7,5,7,0.2692307692307692,0,0.0,3.3102333333333354,False,,0,,0,,0,,1.0,0.7358640373459073,1.0,0.30337078651685395,Gefitinib,0.0,0.696629213483146,0.1167513455444981,0.5650891703650551,1.0,0.9241573033707865,0.1167513455444981,0.6514994548200849,1.0,0.8832486544555019,0.11675134554449806,-0.7129974790341158,6.005810102153433,-0.028874037564701818,-0.0,0.2589887640449438,6.235924828633675,0.0,0.0,0.0,0.7290608180693775,0.0,0.8790608180693775,0.2,low,agents_strongly_disagree,5.356864010564298,False,review,False,,0.245,0.605,0.579,0.5005,0.5615,0.202,0.4345,0.187,0.4182,0.40135000000000004,6.737764828633675,575,0.75,4.788484010564298,1,562,0,13,review
C=CC(=O)Nc1cc(Nc2nccc(-c3cc(F)c4nc(COC)n(C(C)C)c4c3)n2)c(OC)cc1N(C)CCN(C)C,7.594477011098189,0.008716538114669757,0.20226251292409447,590.7040000000001,5.234200000000005,109.66999999999999,2,9,4,13,0.3548387096774194,2,0.95,4.704693333333333,False,,0,,0,,1,acrylamide_like,1.0,0.8930872993635672,1.0,0.32673267326732675,Osimertinib,0.0,0.6732673267326732,0.5175176760942786,0.2802946385185084,0.92,0.9183168316831682,0.2802946385185084,0.6590322865739888,0.92,0.6397053614814916,0.3602946385185084,-0.1886861473062803,7.581402203926185,-1.9179576161081635,-0.0,0.2519801980198019,5.915424785837824,0.0,0.0,0.0,0.4246317018518645,0.1,0.6746317018518645,0.2,low,agents_strongly_disagree,5.2407930839859596,False,review,False,,0.686,0.146,0.1815,0.5005,0.5615,0.577,0.4345,0.841,0.465225,0.49524999999999997,6.473694785837824,666,0.75,4.785093083985959,1,563,0,103,review
Cc1ccc([C@H](Nc2cc(C#N)c3ncc(C#N)c(NCC(C)(C)C)c3c2)C2=CN(C3(C(F)(F)F)CC3)NN2)cn1,7.716018236194751,0.005849124307763149,0.293681587527705,561.6160000000002,5.553880000000003,124.72,4,9,5,7,0.3793103448275862,2,0.95,4.460773333333335,False,,1,hydrazine,1,hydrazine,0,,1.0,0.8825497739884897,1.0,0.13333333333333333,Erlotinib,0.0,0.8666666666666667,0.5499101720332535,0.3399566680120326,0.7,0.9666666666666667,0.3399566680120326,0.6391333766779882,0.9666666666666667,0.6267099986546341,0.37329000134536594,-0.11896427285964617,7.707244549733106,-1.7875033779895364,-0.5,0.31,5.729741171743569,0.0,0.0,0.0,0.4083874983182926,0.0,0.5583874983182926,0.2,low,agents_strongly_disagree,5.171353673425276,False,review,False,,0.722,0.341,0.243,0.5005,0.5615,0.6,0.4345,0.929,0.52965,0.54815,6.365321171743569,695,0.75,4.779133673425276,1,564,0,131,review
C=CC(=O)Nc1cccc(Nc2nc(N/N=C/c3ccc(F)cc3)ncc2Cl)c1,6.066435748820876,0.010649116056054456,0.3009893798341583,410.84000000000003,4.583200000000002,91.3,3,6,3,7,0.0,0,0.0,2.7056000000000004,False,,0,,0,,1,acrylamide_like,1.0,0.8057264957264957,1.0,0.38666666666666666,Sunvozertinib,0.0,0.6133333333333333,0.13415455596598083,0.5114826204472487,0.92,0.9033333333333333,0.13415455596598083,0.6172426274366407,0.92,0.7858454440340192,0.21415455596598076,-0.6441174286275465,6.050462074736794,-0.10485062016584173,-0.0,0.23399999999999993,6.179611454570952,0.0,0.0,0.0,0.6073068050425241,0.1,0.8573068050425241,0.2,low,agents_strongly_disagree,5.322304649528428,False,review,False,,0.251,0.357,0.748,0.5005,0.5615,0.302,0.4345,0.748,0.39664999999999995,0.42089999999999994,6.655591454570952,614,0.75,4.777384649528428,1,565,0,49,review
CN[C@@H]1C[C@H]2O[C@@](C)([C@@H]1OC)n1c3ccccc3c3c4c(c5c6ccccc6n2c5c31)C(=O)NC4,6.327143701645342,0.019492693128645034,0.40584247940834656,466.5410000000003,4.354000000000003,69.45,2,4,8,2,0.32142857142857145,0,0.0,5.976940000000002,False,,0,,0,,0,,1.0,0.80997524997525,1.0,0.13157894736842105,Lazertinib,0.0,0.868421052631579,0.19314104022128403,0.4433310559822829,1.0,0.9671052631578947,0.19314104022128403,0.6508943398403654,1.0,0.8068589597787159,0.1931410402212841,-0.6103377328254418,6.297904661952375,-0.45855566344879656,-0.0,0.3105263157894737,6.149875314293052,0.0,0.0,0.0,0.6335736997233948,0.0,0.7835736997233949,0.2,low,agents_strongly_disagree,5.366301614569657,False,review,False,,0.303,0.543,0.029,0.5005,0.5615,0.278,0.4345,0.392,0.3494,0.37229999999999996,6.569155314293051,634,0.75,4.763061614569658,1,566,0,68,review
C=CC(=O)Nc1cccc(NC(=O)Nc2ccnc(Nc3ccc(N4CCOCC4)cc3)n2)c1,6.705763204164794,0.009367009174150464,0.39644808015816424,459.5100000000003,3.825300000000002,120.51,4,7,4,7,0.16666666666666666,0,0.0,3.2300666666666684,True,anil_di_alk_A(478),0,,0,,1,acrylamide_like,1.0,0.7875792525029903,1.0,0.26506024096385544,Sunvozertinib,0.0,0.7349397590361446,0.2948838946192931,0.543813110753657,0.67,0.9337349397590362,0.2948838946192931,0.6106079862829966,0.9337349397590362,0.6388510451397431,0.3611489548602569,-0.4209654555516046,6.691712690403568,-0.07139525317516932,-0.4,0.2704819277108434,6.4907993649392415,0.0,0.0,0.0,0.4235638064246789,0.1,0.861063806424679,0.45,medium,unsafe_structure_can_game_single_score;agents_strongly_disagree,5.629735558514563,False,review,False,,0.391,0.524,0.603,0.5005,0.5615,0.58,0.043,0.811,0.47130000000000005,0.46525000000000005,7.056359364939242,477,0.75,4.763035558514563,1,567,90,0,review
Cn1cc(-c2ccnc(Nc3ccc4c(cnn4CCN4CCOCC4)c3)n2)c2ccccc21,6.001358148427194,0.00804085402998646,0.41804323410914385,453.5500000000003,4.060800000000003,73.03,1,6,6,6,0.2692307692307692,0,0.0,3.4903333333333357,False,,0,,0,,0,,1.0,0.7847119782299729,1.0,0.2736842105263158,Dacomitinib,0.0,0.7263157894736842,0.11971093928580794,0.5456801890164393,1.0,0.9315789473684211,0.11971093928580794,0.649242518917667,1.0,0.8802890607141921,0.1197109392858079,-0.7060421061758122,5.9892968673822145,-0.07858368896777952,-0.0,0.26789473684210524,6.17860791525654,0.0,0.0,0.0,0.7253613258927403,0.0,0.8753613258927403,0.2,low,agents_strongly_disagree,5.3032465893638,False,review,False,,0.236,0.559,0.532,0.5005,0.5615,0.204,0.4345,0.868,0.39790000000000003,0.4213,6.65608791525654,613,0.75,4.7588065893638,1,568,0,45,review
CN(C)CCOc1cc2ncnc(Nc3ccc(F)c(Cl)c3)c2cc1NC(=O)c1cc([N+](=O)[O-])ccc1F,7.800834884453439,0.01955226856102615,0.21264477100627072,542.9300000000003,5.4059000000000035,122.52000000000001,2,8,4,9,0.16,2,0.95,3.9862000000000015,False,,1,nitroso,1,nitroso,0,,1.0,0.8840900676517116,1.0,0.524390243902439,Osimertinib,0.0,0.47560975609756095,0.5615221331206416,0.31363923943806427,0.7,0.8689024390243902,0.31363923943806427,0.6110159528957739,0.8689024390243902,0.555263199586326,0.444736800413674,-0.06599175970017657,7.7715064816119,-1.8192852289937294,-0.5,0.1926829268292683,5.644904179447439,0.0,0.0,0.0,0.31907899948290747,0.0,0.4690789994829075,0.2,low,agents_strongly_disagree,5.175825179964531,False,review,False,,0.743,0.163,0.361,0.5005,0.5615,0.74,0.4345,0.39,0.5212,0.5266,6.270344179447439,722,0.75,4.757745179964531,1,569,0,153,review
COc1ccc(C2=NN(C3=NC(=O)CS3)C(c3ccccc3)C2)cc1,5.494018943018265,0.01087314939295945,0.849533025486923,351.43100000000004,3.4757000000000025,54.26,0,5,4,3,0.21052631578947367,0,0.0,2.4595400000000005,False,,0,,0,,0,,1.0,0.8936093668236526,1.0,0.16326530612244897,Lazertinib,0.0,0.8367346938775511,0.0,0.8226454717101153,1.0,0.9591836734693877,0.0,0.6954572862948758,1.0,1.0,0.0,-0.9272763817265011,5.477709218928826,0.5016546570658703,-0.0,0.3010204081632653,6.280384284157962,0.0,0.0,0.0,0.875,0.0,1.025,0.2,low,agents_strongly_disagree,5.255384284157962,False,review,False,,0.13,0.994,0.798,0.5005,0.5615,0.0285,0.4345,0.735,0.47709999999999997,0.45715,6.852904284157962,531,0.75,4.753964284157963,1,570,39,0,review
CN(C)c1ccc(Nc2ncnc3cc(-c4ccccc4)sc23)cc1,6.941703505711132,0.033118315772194026,0.5534755626351222,346.459,5.167900000000003,41.05,1,5,4,4,0.1,1,0.45,2.2,True,anil_di_alk_A(478),0,,0,,0,,1.0,0.6852551189293989,0.9731911253261798,0.2753623188405797,Afatinib,0.0,0.7246376811594203,0.3372430553872472,0.6197961748339327,0.75,0.91105276428449,0.3372430553872472,0.6545229986264175,0.91105276428449,0.5738097088972428,0.4261902911027572,-0.4230399243188937,6.892026032052841,-0.4665244373648778,-0.4,0.26068908567937105,6.286190680367334,0.0,0.0,0.0,0.34226213612155354,0.0,0.6797621361215536,0.45,medium,unsafe_structure_can_game_single_score;agents_strongly_disagree,5.606428544245781,False,review,False,,0.441,0.757,0.8625,0.5005,0.107,0.707,0.043,0.148,0.579325,0.47525,6.981380680367335,495,0.75,4.751728544245782,1,571,76,0,review
Nc1ncnc2c1c(-c1ccccc1)nn2-c1ccccc1,5.801512385514249,0.032261466192111204,0.6148647558317336,287.326,3.064700000000001,69.62,1,4,4,2,0.0,0,0.0,2.0,False,,1,aniline,0,,0,,1.0,0.5982646229739254,0.8150265872253187,0.17647058823529413,Lazertinib,0.0,0.8235294117647058,0.05279507004408435,0.7112525387843767,0.88,0.8171522933601656,0.05279507004408435,0.6152999755471567,0.88,0.8272049299559157,0.17279507004408434,-0.750006540670763,5.753120186226082,0.3148647558317336,-0.2,0.2508154703357414,6.118800412393556,0.0,0.0,0.0,0.6590061624448945,0.0,0.8090061624448945,0.2,low,agents_strongly_disagree,5.309794249948661,False,review,False,,0.188,0.835,0.923,0.5005,0.062,0.259,0.4345,0.154,0.49015,0.40724999999999995,6.7069804123935555,590,0.75,4.748494249948661,1,572,0,18,review
COc1ccccc1C(=O)NCc1c(F)cc(-c2nn(C3CCCC3)c3ncnc(N)c23)cc1F,6.089639197941428,0.018099290500412646,0.4251507170236155,478.50300000000027,4.407400000000003,107.94999999999999,2,6,5,6,0.28,0,0.0,3.4566866666666685,False,,1,aniline,0,,0,,1.0,0.8315829528158295,1.0,0.2222222222222222,Osimertinib,0.0,0.7777777777777778,0.13474029613506808,0.5508834071835014,0.88,0.9444444444444444,0.13474029613506808,0.6275170369407534,0.9444444444444444,0.8097041483093763,0.19029585169062369,-0.6570356544075804,6.062490262190809,-0.06535228297638476,-0.2,0.2833333333333333,6.080471312547758,0.0,0.0,0.0,0.6371301853867204,0.0,0.7871301853867204,0.2,low,agents_strongly_disagree,5.293341127161037,False,review,False,,0.257,0.5805,0.5395,0.5005,0.5615,0.275,0.4345,0.436,0.412775,0.417075,6.575801312547758,632,0.75,4.743831127161037,1,573,0,59,review
Cc1ccc(C(=O)NS(=O)(=O)c2ccc(Br)cc2)c(Cl)n1,5.468945187524162,0.01995016829924047,0.8189841391989673,389.6580000000001,2.924620000000001,76.13,1,4,2,3,0.07692307692307693,0,0.0,1.9643866666666672,False,,0,,0,,0,,1.0,0.8004191284148867,1.0,0.14814814814814814,Osimertinib,0.0,0.8518518518518519,0.0,0.8248879432260987,1.0,0.962962962962963,0.0,0.6969627265472654,1.0,1.0,0.0,-0.929283635396354,5.439019935075302,0.5320184468912749,-0.0,0.3055555555555555,6.276593937522132,0.0,0.0,0.0,0.875,0.0,1.025,0.2,low,agents_strongly_disagree,5.2515939375221325,False,review,False,,0.124,0.984,0.938,0.5005,0.5615,0.0285,0.4345,0.379,0.49339999999999995,0.45004999999999995,6.868673937522132,526,0.75,4.741653937522132,1,574,48,0,review
CCC(=O)Nc1cc(Nc2nccc(-c3cn(CCCO)c4ccccc34)n2)c(OC)cc1N(C)CCN(C)C,6.802881603326907,0.00838229815553001,0.2241585442083188,545.6880000000002,4.579200000000004,107.78,3,8,4,13,0.36666666666666664,1,0.5,4.404586666666668,False,,0,,0,,0,,1.0,0.8274252491694352,1.0,0.25892857142857145,Lazertinib,0.0,0.7410714285714286,0.3198527921228557,0.3538800198273958,1.0,0.9352678571428572,0.3198527921228557,0.6522501672732772,1.0,0.6801472078771442,0.3198527921228558,-0.44319650020056195,6.790308156093611,-1.1498627891250148,-0.0,0.27232142857142855,5.912766795540025,0.0,0.0,0.0,0.4751840098464303,0.0,0.6251840098464303,0.2,low,agents_strongly_disagree,5.287582785693595,False,review,False,,0.41,0.186,0.254,0.5005,0.5615,0.489,0.4345,0.856,0.3599,0.41764999999999997,6.344646795540025,703,0.75,4.738762785693595,1,575,0,128,review
C=CC(=O)Nc1cccc(-c2c(-c3ccc(N4CCOCC4)nc3)oc3ncnc(NC4CCCC4)c23)c1,7.179477891026944,0.01050998421028525,0.32420013322201763,510.59800000000035,5.267400000000005,105.41000000000001,2,8,6,7,0.3103448275862069,2,0.95,3.970653333333336,False,,0,,0,,1,acrylamide_like,1.0,0.8332240545077514,1.0,0.24742268041237114,Sunvozertinib,0.0,0.7525773195876289,0.41251248380953637,0.37559263737467374,0.92,0.9381443298969072,0.37559263737467374,0.6615623627702794,0.9381443298969072,0.5625516925222335,0.43744830747776653,-0.33206650528099063,7.163712914711517,-1.6903633840193621,-0.0,0.2757731958762886,5.749122726568443,0.0,0.0,0.0,0.32818961565279187,0.1,0.5781896156527919,0.2,low,agents_strongly_disagree,5.170933110915651,False,review,False,,0.523,0.403,0.367,0.5005,0.5615,0.721,0.4345,0.754,0.47109999999999996,0.5135,6.314442726568442,708,0.75,4.737133110915651,1,576,0,132,review
Cc1nc(F)ccc1C(Nc1cc(Cl)c2ncc(C#N)c(NCC(C)(C)C)c2c1)C1=CN(C2(C(F)F)CC2)NN1,7.910536827761094,0.03906134154033482,0.23832510954437744,571.0510000000002,6.1775000000000055,100.92999999999999,4,8,5,8,0.39285714285714285,2,0.95,4.623673333333334,False,,1,hydrazine,1,hydrazine,0,,1.0,0.9618993621545003,1.0,0.16101694915254236,Gefitinib,0.0,0.8389830508474576,0.5752912678620391,0.3032452205058178,0.7,0.9597457627118644,0.3032452205058178,0.6345705627699303,0.9597457627118644,0.6565005422060466,0.3434994577939534,-0.07903905987718829,7.851944815450592,-1.8659401761699084,-0.5,0.30169491525423725,5.787699554534921,0.0,0.0,0.0,0.44562567775755824,0.0,0.5956256777575583,0.2,low,agents_strongly_disagree,5.192073876777362,False,review,False,,0.775,0.221,0.205,0.5005,0.5615,0.536,0.4345,0.087,0.5238,0.49374999999999997,6.416259554534921,684,0.75,4.734573876777363,1,577,0,107,review
COc1ccccc1C(=O)NCc1ccc(-c2nn([C@H]3C=C[C@H](F)C3)c3ncnc(N)c23)cc1,6.184609786716456,0.02551878861172217,0.425074431949609,458.4970000000001,3.853200000000002,107.94999999999999,2,6,5,6,0.2,0,0.0,4.023313333333334,False,,1,aniline,0,,0,,1.0,0.8777777777777779,1.0,0.2072072072072072,Lazertinib,0.0,0.7927927927927928,0.15328929465090838,0.5290481170594644,0.88,0.9481981981981982,0.15328929465090838,0.6276339024771427,0.9481981981981982,0.7949089035472898,0.20509109645271018,-0.6324594771016459,6.146331603798872,-0.15842256805039107,-0.2,0.28783783783783784,6.0757468735863185,0.0,0.0,0.0,0.6186361294341123,0.0,0.7686361294341123,0.2,low,agents_strongly_disagree,5.307110744152206,False,review,False,,0.278,0.578,0.349,0.5005,0.5615,0.294,0.4345,0.253,0.39315,0.3966999999999999,6.547526873586318,645,0.75,4.733150744152207,1,578,0,67,review
COc1cc2ncc(C#N)c(Nc3ccc(F)c(Cl)c3)c2cc1OCCCN1CCOCC1,6.042377750359164,0.01855254647626257,0.47558388140819646,470.9320000000004,4.752280000000004,79.64,1,7,4,8,0.3333333333333333,0,0.0,3.406213333333336,False,,0,,0,,0,,1.0,0.7636243479165853,1.0,0.7123287671232876,Dacomitinib,0.0,0.28767123287671237,0.12260765505640726,0.5805629296463028,1.0,0.821917808219178,0.12260765505640726,0.631272098230472,1.0,0.8773923449435928,0.12260765505640725,-0.6782192575654197,6.014548930644771,-0.0020147852584705903,-0.0,0.13630136986301372,6.1488355152493135,0.0,0.0,0.0,0.7217404311794908,0.0,0.8717404311794908,0.2,low,agents_strongly_disagree,5.277095084069822,False,review,False,,0.244,0.658,0.555,0.5005,0.5615,0.211,0.4345,0.426,0.42474999999999996,0.41945,6.658535515249313,611,0.75,4.730435084069822,1,579,0,32,review
CC(C)(C)c1cc(NC2=NC(=O)CS2)no1,5.472331854544629,0.022383187179823204,0.8115883602203953,239.29999999999995,2.0134,67.49000000000001,1,5,2,1,0.5,0,0.0,1.5,False,,0,,0,,0,,1.0,0.5605133731979789,0.7463879512690524,0.14606741573033707,Lazertinib,0.0,0.8539325842696629,0.0,0.8386812904289096,1.0,0.773274109519205,0.0,0.6529888499870287,1.0,1.0,0.0,-0.8706517999827049,5.4387570737748945,0.6365883602203953,-0.0,0.24277676309816193,6.318122197093452,0.0,0.0,0.0,0.875,0.0,1.025,0.2,low,agents_strongly_disagree,5.293122197093451,False,review,False,,0.126,0.981,0.992,0.5005,0.049,0.0285,0.4345,0.319,0.5018,0.40135000000000004,6.920282197093451,510,0.75,4.724742197093452,1,580,70,0,review
CS(=O)(=O)CCNC1CCN(Cc2ccn3ncnc(Nc4ccc5c(cnn5Cc5cccc(F)c5)c4)c23)CC1,6.814831742394924,0.017645027099142525,0.2596535158871742,576.7020000000001,3.6086000000000027,109.45000000000002,2,8,6,10,0.3448275862068966,1,0.5,4.7113466666666675,False,,0,,0,,0,,1.0,0.8252779695070697,1.0,0.20353982300884957,Gefitinib,0.0,0.7964601769911505,0.3163564166293312,0.3616037927123048,1.0,0.9491150442477876,0.3163564166293312,0.6567688133973559,1.0,0.6836435833706688,0.3163564166293312,-0.45388319569069957,6.7883642017462105,-1.1625657254921362,-0.0,0.2889380530973451,5.914736529351419,0.0,0.0,0.0,0.479554479213336,0.0,0.6295544792133361,0.2,low,agents_strongly_disagree,5.285182050138083,False,review,False,,0.411,0.269,0.175,0.5005,0.5615,0.48,0.4345,0.449,0.3651,0.40125,6.352856529351419,700,0.75,4.716682050138083,1,581,0,119,review
CCC(=O)Nc1cc2c(Nc3ccc(Oc4ccc5c(c4)OCO5)cc3)ncnc2cc1OC,6.579220089475922,0.023096040788366082,0.3869459158691082,458.4740000000002,5.251500000000004,103.83000000000001,2,8,5,7,0.16,1,0.45,3.4231600000000015,False,,0,,0,,0,,1.0,0.7612320074291905,1.0,0.45,Osimertinib,0.0,0.55,0.25363779381712426,0.4811602537280095,1.0,0.8875,0.25363779381712426,0.6555745118862835,1.0,0.7463622061828757,0.25363779381712426,-0.5359156240922123,6.544576028293373,-0.810528084130892,-0.0,0.21500000000000002,5.949047944162481,0.0,0.0,0.0,0.5579527577285947,0.0,0.7079527577285947,0.2,low,agents_strongly_disagree,5.241095186433887,False,review,False,,0.352,0.51,0.548,0.5005,0.5615,0.357,0.4345,0.301,0.4427,0.43729999999999997,6.48028794416248,663,0.75,4.7158551864338865,1,582,0,81,review
COc1cc(N(C)CCN(C)C)c(NC(=O)c2cnccn2)cc1Nc1nccc(-c2cn(C)c3ccccc23)n1,6.737955252792323,0.004928960285710476,0.2602592877201316,551.6550000000001,4.427600000000003,113.33,2,9,5,10,0.23333333333333334,1,0.5,4.344366666666668,False,,0,,0,,0,,1.0,0.8659165494608534,1.0,0.24778761061946902,Lazertinib,0.0,0.752212389380531,0.30603854099808353,0.3760515826050468,1.0,0.9380530973451328,0.30603854099808353,0.6550358052370657,1.0,0.6939614590019165,0.3060385409980835,-0.46532968565197635,6.730561812363757,-1.1180623789465352,-0.0,0.2756637168141593,5.888163150231381,0.0,0.0,0.0,0.49245182375239566,0.0,0.6424518237523957,0.2,low,agents_strongly_disagree,5.245711326478985,False,review,False,,0.398,0.27,0.273,0.5005,0.5615,0.457,0.4345,0.954,0.37415,0.43025,6.33714315023138,704,0.75,4.712011326478986,1,583,0,121,review
Cc1ccccc1Cc1cc2c(N(C)c3cccc(Br)c3)nc(N)nc2n1C,6.0069071077494005,0.035996267873733084,0.4903530637946213,436.3570000000001,4.980120000000004,59.970000000000006,1,4,4,4,0.18181818181818182,0,0.0,2.7757133333333335,False,,1,aniline,0,,0,,1.0,0.6975082265404846,0.995469502800881,0.15294117647058825,Afatinib,0.0,0.8470588235294118,0.10152938942573697,0.6129359799588365,0.88,0.9583668329830137,0.10152938942573697,0.6382080505918968,0.9583668329830137,0.8568374435572768,0.14316255644272324,-0.7155715482215463,5.952912705938801,0.09217788197643945,-0.2,0.30298502275904377,6.148075610674285,0.0,0.0,0.0,0.696046804446596,0.0,0.846046804446596,0.2,low,agents_strongly_disagree,5.302028806227689,False,review,False,,0.237,0.678,0.729,0.5005,0.122,0.236,0.4345,0.115,0.4517,0.38075,6.690115610674285,600,0.75,4.708928806227689,1,584,0,16,review
O=C1CSC(N2N=C(c3ccc(Br)cc3)CC2c2ccccc2)=N1,5.546752849319475,0.007034481971068724,0.7581325832014222,400.30100000000016,4.229600000000003,45.03,0,4,4,2,0.16666666666666666,0,0.0,2.6853400000000014,False,,0,,0,,0,,1.0,0.8892753623188405,1.0,0.12121212121212122,Lazertinib,0.0,0.8787878787878788,0.0067640749501206125,0.7636906130684744,1.0,0.9696969696969697,0.0067640749501206125,0.6850379144288912,1.0,0.9932359250498793,0.006764074950120658,-0.9043651193050275,5.536201126362871,0.37199824986808866,-0.0,0.31363636363636366,6.221835739867323,0.0,0.0,0.0,0.8665449063123493,0.0,1.0165449063123493,0.2,low,agents_strongly_disagree,5.205290833554974,False,review,False,,0.139,0.955,0.753,0.5005,0.5615,0.059,0.4345,0.894,0.4666,0.46049999999999996,6.781755739867323,562,0.75,4.707890833554974,1,585,23,0,review
COc1cc2ncnc3c2cc1OCCCCCCOc1c(Cl)cccc1N3,6.275969258509356,0.010274434104972169,0.5932229732689517,399.8780000000001,5.367000000000004,65.50000000000001,1,6,4,1,0.3333333333333333,1,0.45,3.2325200000000005,False,,0,,0,,0,,1.0,0.8445812807881772,1.0,0.3218390804597701,Erlotinib,0.0,0.6781609195402298,0.1868002107538585,0.6019449429902312,1.0,0.9195402298850575,0.1868002107538585,0.6770713459072868,1.0,0.8131997892461416,0.18680021075385844,-0.6536948468712376,6.260557607351898,-0.558321693397715,-0.0,0.2534482758620689,5.955684189816252,0.0,0.0,0.0,0.6414997365576769,0.0,0.7914997365576769,0.2,low,agents_strongly_disagree,5.164184453258575,False,review,False,,0.298,0.814,0.601,0.5005,0.5615,0.272,0.4345,0.768,0.48714999999999997,0.4868499999999999,6.540264189816252,649,0.75,4.698404453258576,1,586,0,63,review
C=CC(=O)N1CC[C@H](n2cc(-c3ccncc3)c(-c3cccc(/C=C/c4ncc(C5CC5)o4)c3)n2)C1,6.63509075949767,0.01217990715725107,0.32357961090305665,477.56800000000027,5.607300000000006,77.05,0,5,6,7,0.2413793103448276,1,0.45,4.100453333333335,False,,0,,0,,1,acrylamide_like,1.0,0.8251267056530214,1.0,0.16379310344827586,Lazertinib,0.0,0.8362068965517242,0.27524675486434175,0.42025904240693757,0.92,0.959051724137931,0.27524675486434175,0.6436393803523026,0.959051724137931,0.6838049692735892,0.31619503072641075,-0.4911901673172811,6.616820898761794,-0.9673504580624609,-0.0,0.3008620689655172,5.95033250966485,0.0,0.0,0.0,0.47975621159198656,0.1,0.7297562115919866,0.2,low,agents_strongly_disagree,5.220576298072864,False,review,False,,0.375,0.401,0.328,0.5005,0.5615,0.478,0.4345,0.677,0.39825,0.43674999999999997,6.42823250966485,679,0.75,4.694676298072864,1,587,0,92,review
C[C@H](c1cccc(F)c1)n1ncc2cc(Nc3ncnn4ccc(COC[C@@H]5CNCCO5)c34)ccc21,6.754530129819663,0.022885345574040362,0.3312045080877193,501.5660000000004,4.076000000000001,90.53000000000002,2,7,6,8,0.2962962962962963,1,0.5,4.710440000000003,False,,0,,0,,0,,1.0,0.9061173533083645,1.0,0.23008849557522124,Dacomitinib,0.0,0.7699115044247787,0.2976127905530876,0.4009917102174763,1.0,0.9424778761061947,0.2976127905530876,0.6602705942191897,1.0,0.7023872094469124,0.29761279055308765,-0.4835437382214695,6.720202111458603,-1.0957318622826513,-0.0,0.2809734513274336,5.905443700503385,0.0,0.0,0.0,0.5029840118086405,0.0,0.6529840118086405,0.2,low,agents_strongly_disagree,5.252459688694745,False,review,False,,0.402,0.417,0.177,0.5005,0.5615,0.44,0.4345,0.306,0.39095,0.4097999999999999,6.374583700503385,691,0.75,4.694219688694745,1,588,0,103,review
C=CC(=O)NCc1cccc(Nc2nc(Nc3cccc(OC)c3)ncc2C(F)(F)F)c1,5.9407856478981484,0.02560174353687098,0.4339758352923763,443.42900000000014,4.793400000000004,88.17,3,6,3,8,0.13636363636363635,0,0.0,3.0228600000000014,False,,0,,0,,1,acrylamide_like,1.0,0.7670600414078674,1.0,0.2988505747126437,Osimertinib,0.0,0.7011494252873562,0.09227519149872743,0.5724228632569608,0.92,0.9252873563218391,0.09227519149872743,0.6274963527693819,0.9252873563218391,0.8330121648231117,0.1669878351768883,-0.7136282150275393,5.902383032592842,-0.0058168010712602355,-0.0,0.26034482758620686,6.156911059107788,0.0,0.0,0.0,0.6662652060288896,0.1,0.9162652060288896,0.2,low,agents_strongly_disagree,5.240645853078899,False,review,False,,0.222,0.592,0.654,0.5005,0.5615,0.255,0.4345,0.251,0.4165,0.4085,6.656711059107788,612,0.75,4.680845853078899,1,589,0,23,review
COc1ccc(F)cc1C(=O)NCc1ccc(-c2nn(C3CCCC3)c3ncnc(N)c23)cc1F,6.039611836138514,0.01616804342810474,0.4251507170236155,478.50300000000027,4.407400000000003,107.94999999999999,2,6,5,6,0.28,0,0.0,3.4566866666666685,False,,1,aniline,0,,0,,1.0,0.8709211013464799,1.0,0.21568627450980393,Osimertinib,0.0,0.7843137254901961,0.12358532863495514,0.5508834071835014,0.88,0.946078431372549,0.12358532863495514,0.6251367917977513,0.946078431372549,0.8224931027375939,0.1775068972624061,-0.6687352842170615,6.015359770996357,-0.06535228297638476,-0.2,0.2852941176470588,6.035301605667031,0.0,0.0,0.0,0.6531163784219923,0.0,0.8031163784219923,0.2,low,agents_strongly_disagree,5.232185227245038,False,review,False,,0.242,0.5805,0.5395,0.5005,0.5615,0.263,0.4345,0.504,0.40602499999999997,0.414775,6.522531605667031,653,0.75,4.679915227245038,1,590,0,63,review
C=CC(=O)N1CCC(Oc2cc3c(Nc4ccc(Cl)cc4Cl)ncnc3cn2)C1,5.775202484811791,0.012655244207841733,0.6103386421329935,430.2950000000002,4.240900000000003,80.24,1,6,4,5,0.2,0,0.0,3.185300000000001,False,,0,,0,,1,acrylamide_like,1.0,0.8416068661193853,1.0,0.3855421686746988,Osimertinib,0.0,0.6144578313253012,0.05994195025745851,0.6631747147116079,0.92,0.9036144578313253,0.05994195025745851,0.636682780700098,0.92,0.8600580497425415,0.13994195025745848,-0.7689877739235192,5.756219618500029,0.15254364213299337,-0.0,0.23433734939759038,6.143100610030612,0.0,0.0,0.0,0.7000725621781769,0.1,0.9500725621781769,0.2,low,agents_strongly_disagree,5.193028047852435,False,review,False,,0.182,0.827,0.618,0.5005,0.5615,0.229,0.4345,0.656,0.44009999999999994,0.44580000000000003,6.671220610030613,606,0.75,4.677988047852435,1,591,0,15,review
O=C(/C=C/c1ccccc1)Nc1ccc(F)cc1F,5.392797337238585,0.01966913555040473,0.8379785332796561,259.255,3.6167000000000016,29.1,1,1,2,3,0.0,0,0.0,1.7,False,,0,,0,,1,acrylamide_like,1.0,0.7211022936632693,1.0,0.2191780821917808,Osimertinib,0.0,0.7808219178082192,0.0,0.8455035779191955,0.92,0.9452054794520548,0.0,0.6776772643428126,0.9452054794520548,0.9452054794520548,0.0547945205479452,-0.9035696857904169,5.363293633912979,0.5829785332796561,-0.0,0.2842465753424657,6.2305187425351,0.0,0.0,0.0,0.8065068493150684,0.1,1.0565068493150684,0.2,low,agents_strongly_disagree,5.174011893220031,False,review,False,,0.106,0.9905,0.986,0.5005,0.5615,0.137,0.4345,0.385,0.4938,0.461575,6.8230787425351,550,0.75,4.677901893220032,1,592,42,0,review
Clc1ccc(-c2nnc(Cc3nc4ccc(Cl)cc4[nH]3)o2)cc1,5.708091954063269,0.05302741412137052,0.5931623019132158,345.189,4.510500000000002,67.6,1,4,4,3,0.0625,0,0.0,2.1,False,,0,,0,,0,,1.0,0.8200761413527371,1.0,0.12359550561797752,Dacomitinib,0.0,0.8764044943820225,0.014903798630857855,0.695470035283038,1.0,0.9691011235955056,0.014903798630857855,0.6698687393773504,1.0,0.9850962013691421,0.01490379863085789,-0.87328658766199,5.6285508328812135,0.2844123019132158,-0.0,0.31292134831460666,6.225884483109036,0.0,0.0,0.0,0.8563702517114278,0.0,1.0063702517114277,0.2,low,agents_strongly_disagree,5.219514231397609,False,review,False,,0.168,0.812,0.894,0.5005,0.5615,0.062,0.4345,0.02,0.47219999999999995,0.41845,6.792524483109036,560,0.75,4.671654231397609,1,593,33,0,review
CCCCOc1ncnc2[nH]c(-c3ccc(N4CCN(C)CC4)cc3)c(-c3cccc(NC(=O)CC)c3)c12,8.091254506769754,0.04289623417942152,0.2852185737886433,512.6580000000004,5.571100000000005,86.38,2,6,5,9,0.36666666666666664,2,0.95,3.9843866666666687,True,anil_di_alk_G(9),0,,0,,0,,1.0,0.8271232876712329,1.0,0.23,Gefitinib,0.0,0.77,0.6177862627668436,0.3536245745581127,0.75,0.9425,0.3536245745581127,0.665977709331239,0.9425,0.5888754254418873,0.4111245745581127,-0.06425526208586063,8.026910155500621,-1.7257727595446903,-0.4,0.28099999999999997,6.18213739595593,0.0,0.0,0.0,0.36109428180235914,0.0,0.6985942818023592,0.45,medium,unsafe_structure_can_game_single_score;agents_strongly_disagree,5.483543114153571,False,review,False,,0.812,0.329,0.362,0.5005,0.5615,0.681,0.043,0.051,0.5856000000000001,0.5103000000000001,6.8848573959559305,519,0.75,4.670903114153571,1,594,75,0,review
C=C(Cl)C(=O)Nc1cc(Nc2nc(C)cc(-c3cn(C)c4ccccc34)n2)c(OC)cc1N(C)CCN(C)C,7.29182426019427,0.012425972975701792,0.25750818233983475,548.0910000000002,5.384720000000004,87.55,2,7,4,10,0.27586206896551724,2,0.95,4.120606666666668,False,,0,,0,,1,acrylamide_like,1.0,0.8323064409536881,1.0,0.22115384615384615,Osimertinib,0.0,0.7788461538461539,0.4392578839655762,0.3331446284920373,0.92,0.9447115384615384,0.3331446284920373,0.659278512729788,0.9447115384615384,0.6115669099695011,0.38843309003049886,-0.2933608383522823,7.2731853007307175,-1.7829966107636137,-0.0,0.28365384615384615,5.7738425361209496,0.0,0.0,0.0,0.3894586374618764,0.1,0.6394586374618765,0.2,low,agents_strongly_disagree,5.134383898659073,False,review,False,,0.564,0.263,0.326,0.5005,0.5615,0.624,0.4345,0.665,0.4554,0.48655000000000004,6.320322536120949,707,0.75,4.668243898659074,1,595,0,112,review
O=C(/C=C/c1ccccc1)Nc1cc(F)cc(F)c1,5.353856353802923,0.012424026170181455,0.8379785332796561,259.255,3.6167000000000025,29.1,1,1,2,3,0.0,0,0.0,1.7,False,,0,,0,,1,acrylamide_like,1.0,0.7731005031005032,1.0,0.21212121212121213,Sunvozertinib,0.0,0.7878787878787878,0.0,0.8455035779191955,0.92,0.946969696969697,0.0,0.6781183187222231,0.946969696969697,0.946969696969697,0.05303030303030298,-0.9041577582962974,5.3352203145476516,0.5829785332796561,-0.0,0.2863636363636363,6.2045624841909435,0.0,0.0,0.0,0.8087121212121212,0.1,1.058712121212121,0.2,low,agents_strongly_disagree,5.145850362978822,False,review,False,,0.101,0.9905,0.986,0.5005,0.5615,0.135,0.4345,0.666,0.49155000000000004,0.473925,6.794422484190943,559,0.75,4.664560362978823,1,596,37,0,review
C=CC(=O)Nc1cccc(Nc2nc(Nc3ccc(C4=CCN(C(C)=O)CC4)cc3OC)ncc2C(F)(F)F)c1,7.180297313602914,0.01913798175071019,0.3054705569525857,552.5570000000005,5.751300000000004,108.47999999999999,3,7,4,8,0.21428571428571427,2,0.95,3.9503800000000027,False,,0,,0,,1,acrylamide_like,1.0,0.7981505773040924,1.0,0.32653061224489793,Osimertinib,0.0,0.6734693877551021,0.4066777411752313,0.3660711140162297,0.92,0.9183673469387755,0.3660711140162297,0.6527790505325591,0.92,0.5539288859837703,0.4460711140162297,-0.32813507914310386,7.151590340976848,-1.7156578716188433,-0.0,0.2520408163265306,5.687973285684536,0.0,0.0,0.0,0.3174111074797129,0.1,0.5674111074797129,0.2,low,agents_strongly_disagree,5.120562178204823,False,review,False,,0.524,0.361,0.38,0.5005,0.5615,0.742,0.4345,0.404,0.46509999999999996,0.4934,6.246093285684536,727,0.75,4.662642178204823,1,597,0,130,review
CN1CCN(c2ccc(Nc3ncc4nc(Nc5ccc(F)cc5)n([C@H]5CCCN(C(=O)CO)C5)c4n3)cc2)CC1,7.39159447157747,0.010883184257209336,0.31361507387836707,559.6500000000002,3.3602000000000016,114.68,3,9,6,7,0.3793103448275862,1,0.5,4.647666666666668,True,anil_di_alk_A(478),0,,0,,0,,1.0,0.7840519465895975,1.0,0.20192307692307693,Gefitinib,0.0,0.7980769230769231,0.46528038891432094,0.3937318803766916,0.75,0.9495192307692308,0.3937318803766916,0.6396328750150608,0.9495192307692308,0.5557873503925392,0.44421264960746076,-0.23246998146765313,7.375269695191656,-1.0956038916388746,-0.4,0.28942307692307695,6.169088880475858,0.0,0.0,0.0,0.31973418799067405,0.0,0.657234187990674,0.45,medium,unsafe_structure_can_game_single_score;agents_strongly_disagree,5.5118546924851834,False,review,False,,0.603,0.3725,0.196,0.5005,0.5615,0.739,0.043,0.734,0.47534999999999994,0.47747500000000004,6.739508880475858,574,0.75,4.659824692485183,1,598,24,0,review
Cc1ccc(C2=NN(C3=NC(=O)CS3)C(c3ccc(F)cc3)C2)cc1,5.39645733182629,0.010439108197356991,0.8220891720375757,353.4220000000001,3.914620000000003,45.03,0,4,4,2,0.21052631578947367,0,0.0,2.372813333333334,False,,0,,0,,0,,1.0,0.9173060528559249,1.0,0.09782608695652174,Osimertinib,0.0,0.9021739130434783,0.0,0.8108869933386154,1.0,0.9755434782608696,0.0,0.6966076178998712,1.0,1.0,0.0,-0.9288101571998283,5.380798669530255,0.48721980361652295,-0.0,0.3206521739130434,6.188670647059821,0.0,0.0,0.0,0.875,0.0,1.025,0.2,low,agents_strongly_disagree,5.163670647059821,False,review,False,,0.1085,0.9855,0.82,0.5005,0.5615,0.0285,0.4345,0.76,0.469025,0.452875,6.751500647059821,570,0.75,4.657120647059821,1,599,29,0,review
Cc1ccc(C2CC(c3ccc(F)cc3)=NN2C2=NC(=O)CS2)cc1,5.39645733182629,0.010439108197356892,0.8220891720375757,353.42200000000014,3.914620000000003,45.03,0,4,4,2,0.21052631578947367,0,0.0,2.3728133333333346,False,,0,,0,,0,,1.0,0.9173060528559249,1.0,0.09782608695652174,Osimertinib,0.0,0.9021739130434783,0.0,0.8108869933386154,1.0,0.9755434782608696,0.0,0.6966076178998712,1.0,1.0,0.0,-0.9288101571998283,5.380798669530255,0.4872198036165229,-0.0,0.3206521739130434,6.188670647059821,0.0,0.0,0.0,0.875,0.0,1.025,0.2,low,agents_strongly_disagree,5.163670647059821,False,review,False,,0.1085,0.9855,0.819,0.5005,0.5615,0.0285,0.4345,0.761,0.46887500000000004,0.45282500000000003,6.751320647059821,571,0.75,4.657060647059821,1,600,29,0,review
COc1cc2ncnc(Oc3ccc(Br)c(F)c3)c2cc1OC,5.705150701205084,0.03571724067603324,0.6751631717758804,379.1850000000001,4.340900000000003,53.47000000000001,0,5,3,4,0.125,0,0.0,2.1945666666666677,False,,0,,0,,0,,1.0,0.635467425740982,0.8826680468017853,0.32432432432432434,Gefitinib,0.0,0.6756756756756757,0.026285606828047717,0.7369333342203239,1.0,0.8309199540202579,0.026285606828047717,0.6485347237671574,1.0,0.9737143931719523,0.026285606828047703,-0.8296654892521463,5.651574840191034,0.35847817177588026,-0.0,0.223369714403149,6.233422726370064,0.0,0.0,0.0,0.8421429914649403,0.0,0.9921429914649403,0.2,low,agents_strongly_disagree,5.241279734905123,False,review,False,,0.166,0.894,0.873,0.5005,0.076,0.066,0.4345,0.12,0.4845499999999999,0.38489999999999996,6.8148827263700635,553,0.75,4.653159734905123,1,601,48,0,review
CCC(=O)Nc1cc2c(Nc3ccc4c(ccn4Cc4cccnc4)c3)ncnc2cc1OC,6.571730887709623,0.03126543103595863,0.35561166534294864,452.51800000000014,5.128500000000003,93.96000000000001,2,6,5,7,0.15384615384615385,1,0.45,3.3834533333333345,False,,0,,0,,0,,1.0,0.8142634828344356,1.0,0.42528735632183906,Osimertinib,0.0,0.5747126436781609,0.24604692020223465,0.4654535954258012,1.0,0.8936781609195402,0.24604692020223465,0.651294669136894,1.0,0.7539530797977654,0.24604692020223462,-0.5403303319128793,6.524832741155685,-0.8365217192724361,-0.0,0.22241379310344828,5.910724814986698,0.0,0.0,0.0,0.5674413497472067,0.0,0.7174413497472067,0.2,low,agents_strongly_disagree,5.193283465239491,False,review,False,,0.348,0.453,0.56,0.5005,0.5615,0.342,0.4345,0.167,0.4313,0.42055000000000003,6.428284814986698,678,0.75,4.647943465239491,1,602,0,76,review
Fc1ccc2c(c1)CNc1c(Nc3ccc(F)c(Cl)c3)ncnc1O2,5.5416081283163425,0.006398100520266237,0.682451434765165,360.75100000000003,4.869600000000002,59.07000000000001,2,5,4,2,0.058823529411764705,0,0.0,2.0716733333333335,False,,0,,0,,0,,1.0,0.8626392126392126,1.0,0.38028169014084506,Sunvozertinib,0.0,0.619718309859155,0.005923361714899267,0.7456685455310972,1.0,0.9049295774647887,0.005923361714899267,0.6641303711776962,1.0,0.9940766382851007,0.005923361714899267,-0.8776093459503961,5.532010977535943,0.37758278770634146,-0.0,0.23591549295774644,6.145509258200031,0.0,0.0,0.0,0.8675957978563759,0.0,1.0175957978563759,0.2,low,agents_strongly_disagree,5.127913460343655,False,review,False,,0.137,0.9,0.901,0.5005,0.5615,0.058,0.4345,0.914,0.4769,0.46735,6.717789258200031,583,0.75,4.638733460343655,1,603,20,0,review
CS(=O)(=O)c1cccc(C(=O)Nc2cc3c(Nc4ccc(F)c(Cl)c4)ncnc3cc2OCCCN2CCOCC2)c1F,7.5782770851549515,0.01870062200350573,0.23122974920897715,632.0889999999999,5.061900000000005,122.75,2,9,5,10,0.27586206896551724,2,0.95,4.880593333333333,False,,0,,0,,0,,1.0,0.8482089576397843,1.0,0.627906976744186,Dacomitinib,0.0,0.37209302325581395,0.5064788358862838,0.28946123385980926,1.0,0.8430232558139534,0.28946123385980926,0.6597408313900117,1.0,0.7105387661401907,0.28946123385980926,-0.2043493273383037,7.550226152149693,-1.923273043894471,-0.0,0.16162790697674417,5.7885810152319666,0.0,0.0,0.0,0.5131734576752385,0.0,0.6631734576752385,0.2,low,agents_strongly_disagree,5.125407557556728,False,review,False,,0.679,0.202,0.129,0.5005,0.5615,0.421,0.4345,0.419,0.46540000000000004,0.4596,6.347061015231967,702,0.75,4.626927557556728,1,604,0,98,review
CN(C)C(=O)O[C@@H]1CN[C@@H](C#Cc2cc3ncnc(Nc4ccc(OCc5cccc(F)c5)c(Cl)c4)c3s2)C1,7.2875435145437155,0.004798425772221325,0.29476040021979977,566.0580000000001,5.586600000000003,88.61,2,8,5,6,0.25,2,0.95,4.740386666666668,False,,0,,0,,0,,1.0,0.9790697674418605,1.0,0.2980769230769231,Osimertinib,0.0,0.7019230769230769,0.44352698059537393,0.3297956560183257,1.0,0.9254807692307692,0.3297956560183257,0.6747008514611172,1.0,0.6702043439816743,0.3297956560183257,-0.30823182782099107,7.280345875885383,-1.8412975997802004,-0.0,0.26057692307692304,5.699625199182106,0.0,0.0,0.0,0.46275542997709285,0.0,0.6127554299770929,0.2,low,agents_strongly_disagree,5.086869769205013,False,review,False,,0.562,0.345,0.169,0.5005,0.5615,0.504,0.4345,0.956,0.44735,0.48510000000000003,6.236445199182105,729,0.75,4.618989769205013,1,605,0,124,review
Cn1c(=O)c(-c2c(Cl)cccc2Cl)cc2cnc(N)nc21,5.492518146476014,0.013808452788327171,0.7477629290151809,321.1670000000001,2.8845,73.8,1,4,3,1,0.07142857142857142,0,0.0,1.7000000000000002,False,,1,aniline,0,,0,,1.0,0.7263655985075684,1.0,0.14606741573033707,Erlotinib,0.0,0.8539325842696629,0.0,0.7958849955737342,0.88,0.9634831460674157,0.0,0.6598420354102874,0.9634831460674157,0.9634831460674157,0.0365168539325843,-0.8797893805470499,5.471805467293523,0.49990578615803805,-0.2,0.30617977528089885,6.07789102873246,0.0,0.0,0.0,0.8293539325842697,0.0,0.9793539325842697,0.2,low,agents_strongly_disagree,5.09853709614819,False,review,False,,0.129,0.95,0.98,0.5005,0.5615,0.093,0.4345,0.603,0.49515,0.46829999999999994,6.67207102873246,605,0.75,4.61049709614819,1,606,1,0,review
Cn1nccc1-c1nc(Nc2n[nH]c3ccccc23)c2c(n1)C(C)(C)OC2,5.717490468744776,0.020766531990557398,0.5816628715713582,361.4090000000002,3.2623000000000015,93.54,2,6,5,3,0.2631578947368421,0,0.0,2.3760600000000016,False,,0,,0,,0,,1.0,0.5427538053344505,0.714097827880819,0.1326530612244898,Gefitinib,0.0,0.8673469387755102,0.03983604479280384,0.6785276562873239,1.0,0.7524101056044918,0.03983604479280384,0.617693451671155,1.0,0.9601639552071961,0.03983604479280389,-0.770476542504468,5.68634067075894,0.2515696610450422,-0.0,0.23872853860285775,6.17663887040684,0.0,0.0,0.0,0.825204944008995,0.0,0.975204944008995,0.2,low,agents_strongly_disagree,5.201433926397844,False,review,False,,0.17,0.797,0.818,0.5005,0.043,0.106,0.4345,0.357,0.4587,0.3786,6.72707887040684,579,0.75,4.605753926397845,1,607,28,0,review
C=CC(=O)Nc1cc(Nc2ncc(Cl)c(-c3cn4c5c(cccc35)CCC4)n2)c(OC)cc1N(C)CCN(C)C,7.292843790541175,0.008575600105728987,0.24548172965717183,560.1020000000002,5.572400000000006,87.55,2,7,5,10,0.3,2,0.95,4.400680000000001,False,,0,,0,,1,acrylamide_like,1.0,0.8737413398087556,1.0,0.3173076923076923,Osimertinib,0.0,0.6826923076923077,0.4422080275612835,0.31575802823452137,0.92,0.9206730769230769,0.31575802823452137,0.6496597831797204,0.9206730769230769,0.6049150486885555,0.3950849513114445,-0.2766023408245827,7.2799803903825815,-1.8346202703428283,-0.0,0.2548076923076923,5.700167812347446,0.0,0.0,0.0,0.3811438108606944,0.1,0.6311438108606944,0.2,low,agents_strongly_disagree,5.069024001486751,False,review,False,,0.565,0.239,0.256,0.5005,0.5615,0.644,0.4345,0.85,0.44055,0.48749999999999993,6.228827812347446,731,0.75,4.604024001486751,1,608,0,123,review
COc1ccc(F)cc1C(=O)NCc1ccc(-c2nn([C@H]3C=C[C@H](O)C3)c3ncnc(N)c23)cc1,6.107277031740347,0.009324123039496406,0.36656645541285493,474.49600000000015,3.0151000000000003,128.18,3,7,5,6,0.2,0,0.0,4.129973333333334,False,,1,aniline,0,,0,,1.0,0.8702702702702702,1.0,0.20192307692307693,Osimertinib,0.0,0.7980769230769231,0.14529237180743929,0.492766422271942,0.88,0.9495192307692308,0.14529237180743929,0.616894506212153,0.9495192307692308,0.8042268589617916,0.19577314103820842,-0.6288028458729518,6.093290847181103,-0.2329295445871451,-0.2,0.28942307692307695,5.949784379517035,0.0,0.0,0.0,0.6302835737022394,0.0,0.7802835737022394,0.2,low,agents_strongly_disagree,5.1695008058147955,False,review,False,,0.265,0.47,0.324,0.5005,0.5615,0.283,0.4345,0.815,0.36195,0.40109999999999996,6.384124379517035,689,0.75,4.600820805814796,1,609,0,80,review
COc1cc(OC)c2c(=O)n(-c3ccc(F)c(Cl)c3)ccc2c1,5.499460887508541,0.009161320978537182,0.731681425519426,333.74600000000004,3.8004000000000024,40.46,0,3,3,3,0.11764705882352941,0,0.0,1.9000000000000001,False,,0,,0,,0,,1.0,0.5952547331235856,0.8095540602247009,0.2597402597402597,Osimertinib,0.0,0.7402597402597403,0.0,0.7793478609587612,1.0,0.7922304802334607,0.0,0.6428945852980554,1.0,1.0,0.0,-0.8571927803974072,5.485718906040735,0.458446131401779,-0.0,0.22446643713409725,6.168631474576611,0.0,0.0,0.0,0.875,0.0,1.025,0.2,low,agents_strongly_disagree,5.143631474576612,False,review,False,,0.131,0.936,0.9475,0.5005,0.059,0.0285,0.4345,0.823,0.488375,0.41785,6.7546814745766115,569,0.75,4.595051474576612,1,610,41,0,review
COc1cc2c(Nc3ccc(Cl)c(Cl)c3)ncnc2cc1OCc1csc(-c2ccc(Cl)cc2)n1,7.342593809011747,0.01366589578533058,0.22392148894504368,543.8630000000002,8.044700000000004,69.16,1,7,5,7,0.08,2,0.95,3.9924200000000014,False,,0,,0,,0,,1.0,0.740532144472443,1.0,0.5,Gefitinib,0.0,0.5,0.4510823252032054,0.3196022035351586,1.0,0.875,0.3196022035351586,0.661421132184591,1.0,0.6803977964648413,0.31960220353515867,-0.2804517426418475,7.3220949653337515,-1.8169415110549565,-0.0,0.2,5.705153454278795,0.0,0.0,0.0,0.47549724558105166,0.0,0.6254972455810517,0.2,low,agents_strongly_disagree,5.0796562086977435,False,review,False,,0.582,0.184,0.358,0.5005,0.5615,0.487,0.4345,0.611,0.4524999999999999,0.4669,6.248153454278795,726,0.75,4.589936208697743,1,611,0,115,review
O=C(Cc1ccc(Cl)cc1)NS(=O)(=O)c1ccc(F)cc1,5.124734154414477,0.002121875281689642,0.9382242838405996,327.764,2.526700000000001,63.24,1,3,2,4,0.07142857142857142,0,0.0,1.7999999999999998,False,,0,,0,,0,,1.0,0.8898944193061841,1.0,0.16901408450704225,Sunvozertinib,0.0,0.8309859154929577,0.0,0.8967925868815607,1.0,0.9577464788732395,0.0,0.7136347664387,1.0,1.0,0.0,-0.9515130219182667,5.1215513414919425,0.6753671409834567,-0.0,0.2992957746478873,6.096214257123286,0.0,0.0,0.0,0.875,0.0,1.025,0.2,low,agents_strongly_disagree,5.071214257123286,False,review,False,,0.069,0.998,0.976,0.5005,0.5615,0.0285,0.4345,0.999,0.47714999999999996,0.47045,6.668794257123286,607,0.75,4.585754257123286,1,612,5,0,review
Nc1ccc2c(c1)CNc1c(Nc3cccc(Br)c3)ncnc1O2,5.679893644942542,0.010418633571700796,0.5721404830784921,384.2370000000001,4.282700000000002,85.09,3,6,4,2,0.058823529411764705,0,0.0,2.228246666666667,False,,1,aniline,0,,0,,1.0,0.8482108262108262,1.0,0.19753086419753085,Sunvozertinib,0.0,0.8024691358024691,0.03768036773544492,0.6789754708213758,0.88,0.9506172839506173,0.03768036773544492,0.6368182806268594,0.9506172839506173,0.9129369162151724,0.08706308378482763,-0.798850550521886,5.664265694584991,0.2437858360196685,-0.2,0.2907407407407407,5.998792271345399,0.0,0.0,0.0,0.7661711452689655,0.0,0.9161711452689655,0.2,low,agents_strongly_disagree,5.082621126076434,False,review,False,,0.161,0.787,0.85,0.5005,0.5615,0.182,0.4345,0.763,0.45745,0.45735000000000003,6.547732271345399,644,0.75,4.5814411260764345,1,613,0,31,review
C=CC(=O)Nc1cccc(Nc2nc(Nc3ccc(C4=CCN(C(C)=O)CC4)cc3OC)ncc2C(F)(F)F)n1,7.050347225058286,0.015262373953886042,0.3278619496001222,553.5450000000004,5.146300000000004,121.36999999999999,3,8,4,8,0.2222222222222222,2,0.95,3.956966666666669,False,,0,,0,,1,acrylamide_like,1.0,0.7733024842207051,1.0,0.2871287128712871,Osimertinib,0.0,0.7128712871287128,0.3769031444968513,0.37813304663904146,0.92,0.9282178217821782,0.3769031444968513,0.6508135032295177,0.9282178217821782,0.5513146772853268,0.4486853227146732,-0.3652138116435552,7.027453664127457,-1.693460828177656,-0.0,0.2638613861386138,5.597854222088415,0.0,0.0,0.0,0.3141433466066585,0.1,0.5641433466066585,0.2,low,agents_strongly_disagree,5.0337108754817566,False,review,False,,0.475,0.411,0.375,0.5005,0.5615,0.752,0.4345,0.538,0.4522999999999999,0.49339999999999995,6.140614222088415,759,0.75,4.575790875481757,1,614,0,145,review
C=CC(=O)Nc1cc(Nc2ncc(C(=O)OC)c(-c3cn(N(C)C)c4ccccc34)n2)c(OC)cc1F,6.603323465529539,0.01933603172275135,0.2726735181479901,504.5220000000002,4.098300000000004,110.61,2,8,4,8,0.15384615384615385,1,0.5,3.6301466666666675,False,,0,,0,,1,acrylamide_like,1.0,0.7234394914008966,1.0,0.37777777777777777,Osimertinib,0.0,0.6222222222222222,0.2622956441764588,0.4103494093403689,0.92,0.9055555555555556,0.2622956441764588,0.6245501522680958,0.92,0.6577043558235413,0.34229564417645875,-0.4830060107888494,6.574319417945412,-1.0064638664673946,-0.0,0.23666666666666664,5.804522218144683,0.0,0.0,0.0,0.4471304447794266,0.1,0.6971304447794267,0.2,low,agents_strongly_disagree,5.107391773365256,False,review,False,,0.365,0.296,0.491,0.5005,0.5615,0.53,0.4345,0.396,0.3972,0.42545,6.281162218144683,719,0.75,4.567931773365256,1,615,0,104,review
COc1cc2ncnc(Nc3ccc(-c4nc5ccccc5s4)c(Cl)c3)c2cc1OCCCN1CCN(C)CC1,7.539525822129841,0.0218710278249462,0.20473648509822895,575.1380000000001,6.3284000000000065,75.64,1,9,6,9,0.3,2,0.95,4.600920000000001,False,,0,,0,,0,,1.0,0.921351598173516,1.0,0.6842105263157895,Gefitinib,0.0,0.3157894736842105,0.4945717360549979,0.28564660526556435,1.0,0.8289473684210527,0.28564660526556435,0.6522914274354037,1.0,0.7143533947344356,0.2856466052655644,-0.2102929218405411,7.506719280392422,-1.9054015149017711,-0.0,0.1447368421052631,5.746054607595913,0.0,0.0,0.0,0.5179417434180446,0.0,0.6679417434180446,0.2,low,agents_strongly_disagree,5.078112864177869,False,review,False,,0.662,0.15,0.209,0.5005,0.5615,0.414,0.4345,0.33,0.4593499999999999,0.44954999999999995,6.297274607595913,712,0.75,4.567572864177869,1,616,0,96,review
Nc1nc(Nc2ccc(F)c(Br)c2)c2cc(CCc3ccccn3)[nH]c2n1,5.955699641297724,0.05099084178276042,0.44015428100076054,427.2810000000001,4.365500000000003,92.51,3,5,4,5,0.10526315789473684,0,0.0,2.8152066666666675,False,,1,aniline,0,,0,,1.0,0.7995665050428439,1.0,0.23170731707317074,Sunvozertinib,0.0,0.7682926829268293,0.0782313210764988,0.5838076750632388,0.88,0.9420731707317074,0.0782313210764988,0.6210280417178613,0.9420731707317074,0.8638418496552086,0.1361581503447914,-0.7237289608551498,5.879213378623584,0.028399596790234093,-0.2,0.28048780487804875,5.988100780291867,0.0,0.0,0.0,0.7048023120690108,0.0,0.8548023120690108,0.2,low,agents_strongly_disagree,5.133298468222856,False,review,False,,0.226,0.603,0.715,0.5005,0.5615,0.226,0.4345,0.024,0.42965,0.40319999999999995,6.503680780291867,659,0.75,4.567138468222856,1,617,0,42,review
CC(Nc1ncnc2[nH]c(-c3ccc(O)cc3)cc12)c1cccc2ccccc12,6.427073315328558,0.048085588731983514,0.37621563154010107,380.45100000000014,5.656800000000004,73.83,3,4,5,4,0.08333333333333333,1,0.45,2.9530066666666674,False,,0,,0,,0,,1.0,0.783298392732355,1.0,0.189873417721519,Afatinib,0.0,0.810126582278481,0.19810841671975105,0.4933414178598761,1.0,0.9525316455696202,0.19810841671975105,0.6609953700373119,1.0,0.8018915832802489,0.1981084167197511,-0.6171826044234143,6.354944932230583,-0.7584020351265657,-0.0,0.29303797468354426,5.889580871787562,0.0,0.0,0.0,0.627364479100311,0.0,0.777364479100311,0.2,low,agents_strongly_disagree,5.112216392687251,False,review,False,,0.32,0.49,0.669,0.5005,0.5615,0.287,0.4345,0.033,0.44245,0.4164,6.420520871787562,683,0.75,4.561896392687251,1,618,0,65,review
Cc1c([C@H](Nc2cc(Cl)c3ncc(C#N)c(NCC(C)(C)C)c3c2)C2=CN(C3(C(F)(F)F)CC3)NN2)ccnc1O,7.686066493390389,0.007880255156849881,0.22545623667603998,587.0500000000003,6.041200000000005,121.16000000000001,5,9,5,7,0.39285714285714285,2,0.95,4.630333333333335,False,,1,hydrazine,1,hydrazine,0,,1.0,0.8296771081602543,1.0,0.15315315315315314,Sunvozertinib,0.0,0.8468468468468469,0.5410004447378024,0.2959111865820784,0.7,0.9617117117117118,0.2959111865820784,0.6246558357578982,0.9617117117117118,0.6658005251296334,0.3341994748703666,-0.11154052136012771,7.6742461106551145,-1.8798080490382458,-0.5,0.3040540540540541,5.598492115670923,0.0,0.0,0.0,0.45725065641204177,0.0,0.6072506564120418,0.2,low,agents_strongly_disagree,4.991241459258881,False,review,False,,0.717,0.188,0.203,0.5005,0.5615,0.515,0.4345,0.873,0.4908,0.5084,6.187452115670923,744,0.75,4.551321459258881,1,619,0,125,review
O=C(O[C@H]1CN[C@H](C#Cc2cc3ncnc(Nc4ccc5c(cnn5Cc5ccccc5)c4)c3s2)C1)N1CCOCC1,6.740391930504738,0.02009026959593054,0.29567518811349847,579.686,4.383700000000004,106.43,2,9,7,5,0.2903225806451613,1,0.5,5.131240000000001,False,,0,,0,,0,,1.0,0.8523560902133204,1.0,0.2672413793103448,Erlotinib,0.0,0.7327586206896552,0.2960347939090331,0.36526596884703955,1.0,0.9331896551724138,0.2960347939090331,0.6486226044821216,1.0,0.7039652060909669,0.2960347939090331,-0.47011708076411796,6.710256526110842,-1.1949785538219855,-0.0,0.26982758620689656,5.785105558495753,0.0,0.0,0.0,0.5049565076137087,0.0,0.6549565076137087,0.2,low,agents_strongly_disagree,5.130149050882045,False,review,False,,0.399,0.346,0.088,0.5005,0.5615,0.435,0.4345,0.375,0.36205,0.3922999999999999,6.219565558495753,734,0.75,4.550909050882045,1,620,0,114,review
C=CC(=O)N1CCCC(Nc2nc(Nc3ccc(N4CCN(C)CC4)nc3)c3c(c2F)CNC3=O)C1,5.830673440965887,0.015155321649295695,0.5236462196513526,494.5750000000004,1.943399999999999,105.73000000000002,3,8,5,6,0.44,0,0.0,3.913833333333336,False,,0,,0,,1,acrylamide_like,1.0,0.7956365272154746,1.0,0.21212121212121213,Sunvozertinib,0.0,0.7878787878787878,0.07205963508696474,0.5874733695261927,0.92,0.946969696969697,0.07205963508696474,0.6316256753957137,0.946969696969697,0.8749100618827322,0.12508993811726776,-0.7460880537449985,5.807940458491943,-0.019428780348647735,-0.0,0.2863636363636363,6.074875314506932,0.0,0.0,0.0,0.7186375773534154,0.1,0.9686375773534154,0.2,low,agents_strongly_disagree,5.106237737153517,False,review,False,,0.195,0.729,0.386,0.5005,0.5615,0.215,0.4345,0.543,0.39155000000000006,0.40475,6.544735314506932,648,0.75,4.541937737153517,1,621,0,27,review
CCC(=O)Nc1ccc2c(Nc3cc[nH]n3)nc(-c3ccccc3)nc2c1,5.685130074756029,0.023108079370683616,0.49882905061498384,358.40500000000003,4.112000000000001,95.59,3,5,4,5,0.1,0,0.0,2.3560333333333334,False,,0,,0,,0,,1.0,0.7545036572622779,1.0,0.2159090909090909,Osimertinib,0.0,0.7840909090909091,0.030106863129528705,0.6337393111715744,1.0,0.9460227272727273,0.030106863129528705,0.6524672253934576,1.0,0.9698931368704713,0.030106863129528705,-0.8298138163519052,5.6504679557000035,0.15542405061498382,-0.0,0.2852272727272727,6.09111927904226,0.0,0.0,0.0,0.8373664210880891,0.0,0.9873664210880891,0.2,low,agents_strongly_disagree,5.103752857954171,False,review,False,,0.162,0.687,0.827,0.5005,0.5615,0.072,0.4345,0.3,0.43445,0.4062,6.612459279042261,626,0.75,4.541192857954171,1,622,0,4,review
C=CC(=O)Nc1cc(-c2cn(C)c3ccccc23)ccn1,5.459725388283005,0.027134017856154557,0.7460923911925248,277.327,3.3648000000000016,46.92,1,2,3,3,0.058823529411764705,0,0.0,1.9000000000000001,False,,0,,0,,1,acrylamide_like,1.0,0.6688479829127613,0.9433599689322931,0.3055555555555556,Sunvozertinib,0.0,0.6944444444444444,0.0,0.7872738920789655,0.92,0.8811310878103309,0.0,0.6471012449723241,0.92,0.92,0.07999999999999996,-0.8628016599630989,5.4190243614987725,0.4669747441337012,-0.0,0.24417332556640658,6.13017243119888,0.0,0.0,0.0,0.7750000000000001,0.1,1.0250000000000001,0.2,low,agents_strongly_disagree,5.10517243119888,False,review,False,,0.122,0.949,0.9475,0.5005,0.092,0.171,0.4345,0.227,0.48692499999999994,0.40484999999999993,6.7144824311988796,585,0.75,4.540992431198879,1,623,38,0,review
COc1cc2ncnc(Nc3cccc(C(F)(F)F)c3)c2cc1OCCCCC(=O)Nc1ccc(S(N)(=O)=O)cc1,7.591339642217932,0.005255669586141964,0.20159308140759694,589.5960000000003,5.236000000000003,145.53,3,8,4,11,0.2222222222222222,2,1.2,4.497306666666669,False,,0,,0,,0,,1.0,0.8021842355175689,1.0,0.4111111111111111,Gefitinib,0.0,0.5888888888888889,0.5191559418441836,0.287902861440845,1.0,0.8972222222222223,0.287902861440845,0.6760702563768127,1.0,0.712097138559155,0.287902861440845,-0.2092190860435056,7.583456137838719,-2.150780696370181,-0.0,0.22666666666666663,5.659342108135204,0.0,0.0,0.0,0.5151214231989438,0.0,0.6651214231989439,0.2,low,agents_strongly_disagree,4.994220684936261,False,review,False,,0.684,0.144,0.232,0.5005,0.5615,0.418,0.4345,0.95,0.47150000000000003,0.48895000000000005,6.225142108135205,732,0.75,4.530960684936261,1,624,0,108,review
O=C(O[C@H]1CN[C@H](C#Cc2cc3ncnc(Nc4ccc(OCc5cccc(F)c5)nc4)c3s2)C1)N1CCOCC1,6.631982220185209,0.007782010191219638,0.3290320891708585,574.638,4.098800000000003,110.73,2,10,6,6,0.3103448275862069,1,0.5,4.997586666666667,False,,0,,0,,0,,1.0,0.8608695652173914,1.0,0.26548672566371684,Dacomitinib,0.0,0.7345132743362832,0.27754814791244864,0.3887527772491004,1.0,0.9336283185840708,0.27754814791244864,0.6499823109364049,1.0,0.7224518520875514,0.27754814791244864,-0.4965788840319417,6.62030920489838,-1.139571428070521,-0.0,0.270353982300885,5.751091759128744,0.0,0.0,0.0,0.5280648151094393,0.0,0.6780648151094393,0.2,low,agents_strongly_disagree,5.073026944019304,False,review,False,,0.374,0.414,0.111,0.5005,0.5615,0.398,0.4345,0.878,0.36785,0.41874999999999996,6.1925117591287435,740,0.75,4.525526944019304,1,625,0,115,review
C=CC(=O)N1CC(Nc2cncc(-c3cnc(Oc4cccc(C#N)c4)nc3)c2)C1,5.559593858764205,0.010520436001170664,0.636568854575611,398.4260000000001,3.011280000000002,104.03000000000002,1,7,4,6,0.13636363636363635,0,0.0,2.722840000000001,False,,0,,0,,1,acrylamide_like,1.0,0.8254193722943723,1.0,0.17708333333333334,Osimertinib,0.0,0.8229166666666666,0.007534159490231808,0.6953882546319707,0.92,0.9557291666666666,0.007534159490231808,0.6446628951972173,0.9557291666666666,0.9481950071764348,0.05180499282356521,-0.8495049809426473,5.543813204762449,0.24177921821197448,-0.0,0.29687499999999994,6.082467422974424,0.0,0.0,0.0,0.8102437589705436,0.1,1.0602437589705436,0.2,low,agents_strongly_disagree,5.02222366400388,False,review,False,,0.141,0.861,0.744,0.5005,0.5615,0.133,0.4345,0.753,0.44735,0.44644999999999996,6.619287422974423,624,0.75,4.50796366400388,1,626,2,0,review
COc1cc2c(Nc3ccc(Cl)c(Cl)c3)ncnc2cc1OCc1csc(-c2ccc(C(F)(F)F)cc2)n1,7.310215230093656,0.01027949436468184,0.20955601295407697,577.4150000000003,8.410100000000002,69.16,1,7,5,7,0.11538461538461539,2,0.95,4.216100000000002,False,,0,,0,,0,,1.0,0.7266582487857229,1.0,0.46987951807228917,Gefitinib,0.0,0.5301204819277108,0.4453581614681366,0.30309811481704996,1.0,0.8825301204819277,0.30309811481704996,0.6577465991917786,1.0,0.69690188518295,0.30309811481704996,-0.2831845836315226,7.294795988546633,-1.8613205255074616,-0.0,0.2090361445783132,5.642511607617484,0.0,0.0,0.0,0.49612735647868755,0.0,0.6461273564786876,0.2,low,agents_strongly_disagree,4.996384251138797,False,review,False,,0.573,0.159,0.303,0.5005,0.5615,0.45,0.4345,0.767,0.4351999999999999,0.4590499999999999,6.164751607617484,753,0.75,4.497244251138797,1,627,0,126,review
COCCn1c(=O)oc2cc3ncnc(Nc4ccc(OC)c(OC)c4)c3cc21,5.772928948958388,0.04361459679868215,0.5088734793200087,396.4030000000002,2.9449000000000014,100.64000000000001,1,8,4,7,0.25,0,0.0,2.809353333333335,False,,0,,0,,0,,1.0,0.807458553601611,1.0,0.41975308641975306,Dacomitinib,0.0,0.5802469135802469,0.037702019480519426,0.6218283623439536,1.0,0.8950617283950617,0.037702019480519426,0.6386480275548837,1.0,0.9622979805194806,0.03770201948051943,-0.8012613440991524,5.707507053760365,0.11247047932000845,-0.0,0.22407407407407404,6.044051607154447,0.0,0.0,0.0,0.8278724756493507,0.0,0.9778724756493508,0.2,low,agents_strongly_disagree,5.066179131505097,False,review,False,,0.181,0.706,0.717,0.5005,0.5615,0.099,0.4345,0.049,0.4303,0.3939,6.560411607154447,637,0.75,4.488859131505096,1,628,0,9,review
CN(C)C/C=C/C(=O)Nc1ccc(-n2c(=O)cnc3cnc(Nc4ccccc4)nc32)cc1,5.844433613577248,0.03677218185041301,0.42491348852029603,441.4950000000001,2.975600000000001,105.04,2,7,4,7,0.125,0,0.0,3.1099666666666677,False,,0,,0,,1,acrylamide_like,1.0,0.8270567636588764,1.0,0.20930232558139536,Afatinib,0.0,0.7906976744186046,0.060367876099022916,0.5640883161220602,0.92,0.9476744186046512,0.060367876099022916,0.6230326527064336,0.9476744186046512,0.8873065425056282,0.11269345749437176,-0.7502197021432142,5.789275340801629,-0.02908151147970407,-0.0,0.28720930232558134,6.047403131647505,0.0,0.0,0.0,0.7341331781320354,0.1,0.9841331781320354,0.2,low,agents_strongly_disagree,5.06326995351547,False,review,False,,0.199,0.577,0.643,0.5005,0.5615,0.2,0.4345,0.107,0.40149999999999997,0.38555,6.529203131647505,651,0.75,4.47592995351547,1,629,0,22,review
O=C1CCc2c(Oc3ccc4c(c3)[C@H]3[C@H](NC(=O)c5ccc(CN6CCN(CC(F)(F)F)CC6)c(C(F)(F)F)c5)[C@H]3O4)ccnc2N1,7.378397722937541,0.030555346970496805,0.3400443755112542,661.6030000000004,5.114100000000003,96.03,2,7,7,7,0.40625,2,0.95,6.227353333333336,False,,0,,0,,0,,1.0,0.9080459770114941,1.0,0.14615384615384616,Lazertinib,0.0,0.8538461538461538,0.44821068785503737,0.2975108167876,1.0,0.9634615384615385,0.2975108167876,0.6772957607760439,1.0,0.7024891832124001,0.29751081678759994,-0.3054467638946754,7.332564702481795,-2.003433624488746,-0.0,0.30615384615384617,5.6352849241468945,0.0,0.0,0.0,0.5031114790155001,0.0,0.6531114790155002,0.2,low,agents_strongly_disagree,4.982173445131394,False,review,False,,0.597,0.428,0.022,0.5005,0.5615,0.438,0.4345,0.179,0.45765,0.4479,6.184464924146894,746,0.75,4.469653445131395,1,630,0,116,review
Nc1ccc2c(c1)C(c1ccccc1Cl)=Nc1c[nH]nc1N2,5.69942838037115,0.02096931946499345,0.46691741275747806,309.76,3.8714000000000013,79.09,3,4,4,1,0.0,0,0.0,1.9000000000000001,False,,1,aniline,0,,0,,1.0,0.5285714285714286,0.6883116883116882,0.13636363636363635,Gefitinib,0.0,0.8636363636363636,0.035178571467292044,0.6337276539396899,0.88,0.7321428571428571,0.035178571467292044,0.5702622706374598,0.88,0.8448214285327079,0.15517857146729208,-0.7134449322268902,5.66797440117366,0.18191741275747803,-0.2,0.23116883116883113,5.881060645099969,0.0,0.0,0.0,0.6810267856658849,0.0,0.831026785665885,0.2,low,agents_strongly_disagree,5.050033859434084,False,review,False,,0.165,0.641,0.9475,0.5005,0.038,0.248,0.4345,0.351,0.44467500000000004,0.38005,6.414670645099969,685,0.75,4.456093859434084,1,631,0,54,review
O=C(NS(=O)(=O)c1ccccc1)c1cncc(Br)c1,5.029424757043552,0.011369196321869685,0.9260410466620501,341.18600000000004,1.9628,76.13,1,4,2,3,0.0,0,0.0,1.7,False,,0,,0,,0,,1.0,0.816816431322208,1.0,0.1506849315068493,Sunvozertinib,0.0,0.8493150684931507,0.0,0.8939379602795123,1.0,0.9623287671232876,0.0,0.7140666818507,1.0,1.0,0.0,-0.9520889091342667,5.012370962560747,0.6710410466620501,-0.0,0.30479452054794515,5.988206529770743,0.0,0.0,0.0,0.875,0.0,1.025,0.2,low,agents_strongly_disagree,4.963206529770742,False,review,False,,0.053,0.997,0.986,0.5005,0.5615,0.0285,0.4345,0.71,0.47125000000000006,0.45204999999999995,6.553706529770743,642,0.75,4.455666529770743,1,632,0,10,review
Cc1ncsc1[C@H](Nc1cc(Cl)c2ncc(C#N)c(N[C@H](C)c3ccccc3)c2c1)C1=CNNN1,7.569099117844445,0.009714795302597485,0.23128615449278322,503.03500000000014,5.304900000000004,109.72,5,9,5,7,0.16,2,0.95,4.420233333333335,False,,1,hydrazine,1,hydrazine,0,,1.0,0.7955955182248765,1.0,0.13592233009708737,Sunvozertinib,0.0,0.8640776699029127,0.510474422749293,0.3071984106120564,0.7,0.9660194174757282,0.3071984106120564,0.6209230627092694,0.9660194174757282,0.6588210068636717,0.34117899313632827,-0.14726485327996852,7.554526924890548,-1.8657488455072169,-0.5,0.30922330097087375,5.4980013803542045,0.0,0.0,0.0,0.44852625857958967,0.0,0.5985262585795896,0.2,low,agents_strongly_disagree,4.899475121774615,False,review,False,,0.675,0.203,0.252,0.5005,0.5615,0.527,0.4345,0.795,0.48225000000000007,0.50025,6.076701380354205,766,0.75,4.449775121774615,1,633,0,133,review
CCN(CC)C/C=C/C(=O)N1CCC[C@@H](n2nc(C(=O)Nc3nc4cc(Cl)ccc4o3)c3c(N)ncnc32)C1,6.826981488319537,0.005752282935616127,0.3135717790313633,552.0390000000001,3.5169000000000006,148.3,2,9,5,8,0.38461538461538464,1,0.75,4.496926666666668,False,,1,aniline,0,,1,acrylamide_like,1.0,0.9096218501945501,1.0,0.1724137931034483,Osimertinib,0.0,0.8275862068965517,0.3277187740249529,0.3995057605185318,0.8,0.9568965517241379,0.3277187740249529,0.6210302715669056,0.9568965517241379,0.6291777776991849,0.3708222223008151,-0.39108199672260374,6.8183530639161125,-1.3225056825070982,-0.2,0.2982758620689655,5.59412324347798,0.0,0.0,0.0,0.41147222212398116,0.1,0.6614722221239812,0.2,low,agents_strongly_disagree,4.9326510213539985,False,review,False,,0.414,0.371,0.233,0.5005,0.5615,0.595,0.4345,0.935,0.39554999999999996,0.45905,6.06878324347798,769,0.75,4.433511021353999,1,634,0,135,review
COc1cc2c(Nc3ccc(NC(=O)Nc4ccccc4)cc3)ncnc2cc1OCc1ccccc1,6.577644686280709,0.023471243644287067,0.2261082892414209,491.5510000000002,6.605000000000004,97.4,3,6,5,8,0.06896551724137931,1,0.45,3.7436733333333345,False,,0,,0,,0,,1.0,0.803074314040962,1.0,0.4383561643835616,Osimertinib,0.0,0.5616438356164384,0.2529813010191763,0.3803721231853456,1.0,0.8904109589041096,0.2529813010191763,0.6309410957771578,1.0,0.7470186989808236,0.2529813010191764,-0.503946393010642,6.542437820814278,-1.0285461590344414,-0.0,0.21849315068493153,5.732384812464769,0.0,0.0,0.0,0.5587733737260295,0.0,0.7087733737260296,0.2,low,agents_strongly_disagree,5.023611438738739,False,review,False,,0.351,0.19,0.454,0.5005,0.5615,0.354,0.4345,0.291,0.36415,0.37879999999999997,6.169364812464769,749,0.75,4.428171438738739,1,635,0,114,review
N#CC(C#N)=C(N)/C(C#N)=C/c1cc(O)c(O)c(Br)c1,6.164573243411349,0.009215639251477595,0.43047358018284576,331.129,2.027240000000001,137.85,3,6,1,2,0.0,0,0.0,1.4,True,catechol_A(92),0,,0,,0,,1.0,0.7289716312056738,1.0,0.07792207792207792,Sunvozertinib,0.0,0.922077922077922,0.15969236337680287,0.6329143152544114,0.75,0.9805194805194806,0.15969236337680287,0.6307815397876737,0.9805194805194806,0.8208271171426778,0.17917288285732225,-0.628118901881161,6.150749784534132,0.22047358018284577,-0.4,0.32662337662337654,6.297846741340354,0.0,0.0,0.0,0.6510338964283471,0.0,0.9885338964283471,0.45,medium,unsafe_structure_can_game_single_score;agents_strongly_disagree,5.309312844912007,False,review,False,,0.273,0.585,0.996,0.5005,0.5615,0.265,0.043,0.821,0.48934999999999995,0.44730000000000003,6.885066741340355,518,0.75,4.421072844912008,1,636,118,0,review
CC(C)c1ccc(NC(=O)c2ccc(N(CCCl)CCCl)cc2)cc1,6.000850554409598,0.010561057524348971,0.6276570849144129,379.331,5.346300000000005,32.34,1,2,2,8,0.35,1,0.45,2.3955400000000004,False,,1,alkyl_halide,0,,0,,1.0,0.7725319396051104,1.0,0.16455696202531644,Osimertinib,0.0,0.8354430379746836,0.11781989833535522,0.6530752428567733,0.88,0.9588607594936709,0.11781989833535522,0.6524389751714499,0.9588607594936709,0.8410408611583157,0.15895913884168433,-0.7128254357814595,5.985008968123075,-0.39667391508558725,-0.2,0.30063291139240506,5.688967964429892,0.0,0.0,0.0,0.6763010764478947,0.0,0.8263010764478947,0.2,low,agents_strongly_disagree,4.862666887981997,False,review,False,,0.235,0.856,0.814,0.5005,0.5615,0.249,0.4345,0.752,0.49915,0.49244999999999994,6.287947964429892,716,0.75,4.403606887981997,1,637,0,79,review
Cc1ncnc(Nc2ccc(OCc3cccc(F)c3)c(Cl)c2)c1/C=C/c1ccc(CNC2CC2)cc1,7.0953946595768,0.008239185485389204,0.23197389751366146,515.0320000000003,7.322520000000007,59.07000000000001,2,5,5,10,0.2,2,0.95,4.100213333333335,False,,0,,0,,0,,1.0,0.7718396592349168,1.0,0.2978723404255319,Osimertinib,0.0,0.7021276595744681,0.39308123505442755,0.31988513081200093,1.0,0.925531914893617,0.31988513081200093,0.6596245701900114,1.0,0.680114869187999,0.319885130812001,-0.35539111351411173,7.083035881348716,-1.8130581024863388,-0.0,0.26063829787234044,5.530616076734718,0.0,0.0,0.0,0.47514358648499877,0.0,0.6251435864849988,0.2,low,agents_strongly_disagree,4.9054724902497195,False,review,False,,0.489,0.205,0.329,0.5005,0.5615,0.49,0.4345,0.861,0.4105,0.45204999999999995,6.023216076734718,777,0.75,4.39793249024972,1,638,0,139,review
C=CC(=O)N1CCCC(Nc2nc(-c3cnc(C)s3)c3c(c2F)CNC3=O)C1,5.413175463074231,0.04067419999739433,0.7689402449103202,401.46700000000016,2.48492,87.22,2,6,4,4,0.3684210526315789,0,0.0,2.8931133333333348,False,,0,,0,,1,acrylamide_like,1.0,0.7252313771301113,1.0,0.16666666666666666,Osimertinib,0.0,0.8333333333333334,0.0,0.7616435449570864,0.92,0.9583333333333334,0.0,0.659994219572605,0.9583333333333334,0.9583333333333334,0.04166666666666663,-0.8799922927634732,5.35216416307814,0.3718153501734779,-0.0,0.3,6.023979513251617,0.0,0.0,0.0,0.8229166666666667,0.1,1.0729166666666667,0.2,low,agents_strongly_disagree,4.95106284658495,False,review,False,,0.111,0.964,0.692,0.5005,0.5615,0.109,0.4345,0.067,0.44665,0.411,6.559959513251617,638,0.75,4.39426284658495,1,639,1,0,review
CC(C)n1nc(-c2ccc3nc(Cl)ccc3c2)c2c(N)ncnc21,5.599026094931878,0.0402618287451987,0.5610547150743195,338.8020000000001,3.8580000000000014,82.51,1,5,4,2,0.17647058823529413,0,0.0,2.0,False,,1,aniline,0,,0,,1.0,0.8157540584367918,1.0,0.16455696202531644,Afatinib,0.0,0.8354430379746836,0.0,0.6816570163677989,0.88,0.9588607594936709,0.0,0.6301294439653675,0.9588607594936709,0.9588607594936709,0.04113924050632911,-0.8401725919538233,5.53863335181408,0.2787017738978489,-0.2,0.30063291139240506,5.917968037104334,0.0,0.0,0.0,0.8235759493670886,0.0,0.9735759493670886,0.2,low,agents_strongly_disagree,4.944392087737246,False,review,False,,0.146,0.766,0.923,0.5005,0.5615,0.108,0.4345,0.073,0.4574499999999999,0.4150999999999999,6.466908037104334,669,0.75,4.392512087737246,1,640,0,29,review
COc1cc2nccc(Oc3ccc(NC(=O)C4(C(=O)NC5CC5)CC4)c(Cl)c3)c2cc1C(N)=O,5.985976446678516,0.04195695855135744,0.40800442025165945,494.93500000000034,3.785300000000001,132.64000000000001,3,6,5,8,0.28,0,0.0,3.7662333333333358,False,,0,,0,,0,,1.0,0.5147238629771044,0.6631342963220078,0.29347826086956524,Osimertinib,0.0,0.7065217391304348,0.09212424068367889,0.5295473029332844,1.0,0.6739811570241145,0.09212424068367889,0.5739131751602695,1.0,0.9078757593163211,0.09212424068367886,-0.6423852459687874,5.92304100885148,-0.12893057974834085,-0.0,0.1777400958196324,5.971850524922772,0.0,0.0,0.0,0.7598446991454013,0.0,0.9098446991454013,0.2,low,agents_strongly_disagree,5.06200582577737,False,review,False,,0.23,0.546,0.443,0.5005,0.034,0.185,0.4345,0.056,0.37925,0.31340000000000007,6.426950524922772,680,0.75,4.38808582577737,1,641,0,39,review
Cn1c(=O)[nH]c2nc(SC/C(=N/O)c3ccc(Br)cc3)[nH]c2c1=O,5.7436690813786235,0.0145592122040075,0.26203075583688235,410.25300000000004,1.6829999999999996,116.13,3,6,3,4,0.14285714285714285,0,0.0,2.401686666666667,False,,0,,0,,0,,1.0,0.7762390285248312,1.0,0.10416666666666667,Gefitinib,0.0,0.8958333333333334,0.05072582180185063,0.5017443516077211,1.0,0.9739583333333334,0.05072582180185063,0.6316071266857263,1.0,0.9492741781981494,0.05072582180185059,-0.7745084065118343,5.721830263072612,-0.08393652987740341,-0.0,0.31875000000000003,5.956643733195208,0.0,0.0,0.0,0.8115927227476869,0.0,0.9615927227476869,0.2,low,agents_strongly_disagree,4.995051010447521,False,review,False,,0.178,0.273,0.811,0.5005,0.5615,0.131,0.4345,0.563,0.35645000000000004,0.36634999999999995,6.384383733195208,688,0.75,4.384671010447521,1,642,0,46,review
O=C(Nc1ccc2ncnc(Nc3cccc(Cl)c3)c2c1)c1cccc2c1OCCO2,6.209165916570622,0.031938408505163454,0.4690429759259152,432.86700000000025,5.050300000000003,85.37,2,6,5,4,0.08695652173913043,1,0.45,2.952446666666668,False,,0,,0,,0,,1.0,0.722897465437788,1.0,0.34615384615384615,Sunvozertinib,0.0,0.6538461538461539,0.15493459318904101,0.5444179957336124,1.0,0.9134615384615384,0.15493459318904101,0.653203531846048,1.0,0.845065406810959,0.15493459318904101,-0.6643585848760093,6.161258303812876,-0.665128371900172,-0.0,0.2461538461538461,5.74228377806655,0.0,0.0,0.0,0.6813317585136989,0.0,0.8313317585136989,0.2,low,agents_strongly_disagree,4.910952019552852,False,review,False,,0.285,0.644,0.671,0.5005,0.5615,0.247,0.4345,0.159,0.4578,0.43149999999999994,6.29164377806655,715,0.75,4.378752019552852,1,643,0,72,review
C=CC(=O)Nc1ccc(OC)c(Nc2ncc(Cl)c(-c3c[nH]c4cc(OCCN5CCCC5)ccc34)n2)c1,7.155759026222538,0.02601099024973372,0.22729545153396147,533.0320000000004,5.629600000000004,104.39999999999999,3,7,5,10,0.25,2,0.95,4.220213333333335,False,,0,,0,,1,acrylamide_like,1.0,0.7275723193525984,1.0,0.33,Osimertinib,0.0,0.6699999999999999,0.3957320633808208,0.3126966009077813,0.92,0.9175,0.3126966009077813,0.6364821660721505,0.92,0.6073033990922188,0.39269660090778125,-0.3210001369217731,7.1167425408479374,-1.8307365484660387,-0.0,0.25099999999999995,5.537005992381899,0.0,0.0,0.0,0.38412924886527344,0.1,0.6341292488652734,0.2,low,agents_strongly_disagree,4.902876743516625,False,review,False,,0.512,0.193,0.302,0.5005,0.5615,0.634,0.4345,0.248,0.4144,0.4382,6.034285992381899,774,0.75,4.378716743516625,1,644,0,130,review
CCOC(=O)[C@@H]1CCCN1CC(=O)NNC(=O)COc1ccc(-c2nc3ccccc3s2)cc1OC,6.725487658795158,0.01133659069976392,0.3316922542267855,512.5880000000002,2.5256000000000016,119.09000000000002,2,9,4,9,0.36,1,0.5,4.133920000000002,False,,1,hydrazine,1,hydrazine,0,,1.0,0.6809783935870892,0.9654152610674348,0.20535714285714285,Lazertinib,0.0,0.7946428571428572,0.2984363012089548,0.4234338167478089,0.7,0.9227221600862904,0.2984363012089548,0.5861480695107635,0.9227221600862904,0.6242858588773356,0.37571414112266444,-0.3836156910690782,6.708482772745512,-1.0023957457732147,-0.5,0.27974667240971585,5.485833699382013,0.0,0.0,0.0,0.4053573235966695,0.0,0.5553573235966696,0.2,low,agents_strongly_disagree,4.930476375785344,False,review,False,,0.395,0.418,0.322,0.5005,0.101,0.605,0.4345,0.714,0.40975000000000006,0.41319999999999996,5.977533699382013,786,0.75,4.376316375785344,1,645,0,141,review
O=C(Cc1ccc(Cl)cc1)NS(=O)(=O)c1ccccc1,4.910918835829084,0.002718220227610897,0.9429128040280621,309.774,2.387600000000001,63.24,1,3,2,4,0.07142857142857142,0,0.0,1.7999999999999998,False,,0,,0,,0,,1.0,0.8118022328548644,1.0,0.14084507042253522,Sunvozertinib,0.0,0.8591549295774648,0.0,0.899371272984665,1.0,0.9647887323943662,0.0,0.7160400013447579,1.0,1.0,0.0,-0.9547200017930105,4.906841505487668,0.6800556611709192,-0.0,0.3077464788732394,5.8946436455318265,0.0,0.0,0.0,0.875,0.0,1.025,0.2,low,agents_strongly_disagree,4.869643645531827,False,review,False,,0.045,1.0,0.976,0.5005,0.5615,0.0285,0.4345,0.99,0.46675,0.46309999999999996,6.454743645531827,671,0.75,4.375363645531827,1,646,0,25,review
C=CC(=O)Nc1cccc(-n2c(=O)c(C3CCCCC3)nc3cnc(Nc4cccc(OCC(C)=O)c4)nc32)c1,7.0171450612036494,0.0311714907851648,0.28315219312851386,538.6080000000002,5.059300000000004,128.10000000000002,2,8,5,9,0.26666666666666666,2,0.95,4.157386666666668,False,,0,,0,,1,acrylamide_like,1.0,0.8382585097829001,1.0,0.24489795918367346,Sunvozertinib,0.0,0.7551020408163265,0.357466221751297,0.3458342190411954,0.92,0.9387755102040816,0.3458342190411954,0.6405189877491435,0.9387755102040816,0.5929412911628862,0.4070587088371138,-0.3774036879971287,6.970387825025902,-1.7637891402048198,-0.0,0.2765306122448979,5.483129297065981,0.0,0.0,0.0,0.36617661395360773,0.1,0.6161766139536078,0.2,low,agents_strongly_disagree,4.866952683112373,False,review,False,,0.466,0.323,0.316,0.5005,0.5615,0.668,0.4345,0.171,0.42180000000000006,0.44484999999999997,5.989289297065981,783,0.75,4.350772683112374,1,647,0,136,review
C=CC(=O)Nc1cccc(Nc2nc(Nc3ccc(Cl)c(OCC(C)(C)O)c3)ncc2F)c1,6.302257232335167,0.010677462639567648,0.32394872259837065,471.9200000000002,5.0305000000000035,108.4,4,7,3,9,0.17391304347826086,1,0.45,3.312800000000001,False,,0,,0,,1,acrylamide_like,1.0,0.8420324846356453,1.0,0.4024390243902439,Osimertinib,0.0,0.5975609756097561,0.19309008423609442,0.45075641281371925,0.92,0.899390243902439,0.19309008423609442,0.6158091852380632,0.92,0.7269099157639056,0.2730900842360944,-0.563625468002625,6.286241038375816,-0.8555799730538034,-0.0,0.2292682926829268,5.6599293580049395,0.0,0.0,0.0,0.533637394704882,0.1,0.783637394704882,0.2,low,agents_strongly_disagree,4.876291963300058,False,review,False,,0.301,0.402,0.577,0.5005,0.5615,0.391,0.4345,0.746,0.40249999999999997,0.43435,6.142929358004939,757,0.75,4.347511963300058,1,648,0,109,review
C=CC(=O)Nc1cccc(NC(=O)Nc2ccnc(Nc3ccc(C(=O)N4CCN(C)CC4)cc3OC)n2)c1,6.580629840982707,0.019727649968652335,0.32502327364346345,530.5890000000004,3.384900000000002,140.82,4,8,4,8,0.2222222222222222,1,0.75,3.803926666666669,False,,0,,0,,1,acrylamide_like,1.0,0.8198296469985967,1.0,0.2978723404255319,Osimertinib,0.0,0.7021276595744681,0.25634810526762003,0.43245792870903305,0.92,0.925531914893617,0.25634810526762003,0.6335844872175675,0.925531914893617,0.669183809625997,0.330816190374003,-0.50298184259993,6.551038366029728,-1.2233435041343148,-0.0,0.26063829787234044,5.588333159767754,0.0,0.0,0.0,0.46147976203249624,0.1,0.7114797620324963,0.2,low,agents_strongly_disagree,4.876853397735258,False,review,False,,0.353,0.406,0.429,0.5005,0.5615,0.506,0.4345,0.384,0.40449999999999997,0.4291499999999999,6.073733159767754,768,0.75,4.3418333977352574,1,649,0,119,review
NC(=O)c1ncc(N2CCC[C@@H](NC(=O)C3CC3)C2)nc1Nc1ccc(C2CCN(C3CCCC3)CC2)cc1,6.304701450838678,0.01750250965348062,0.4724834491070646,531.7050000000005,3.9361000000000015,116.47999999999999,3,7,6,8,0.6,1,0.5,4.561366666666671,False,,0,,0,,0,,1.0,0.8727654841353472,1.0,0.15306122448979592,Sunvozertinib,0.0,0.846938775510204,0.1889236059522331,0.4844287175217059,1.0,0.9617346938775511,0.1889236059522331,0.6587717543378726,1.0,0.8110763940477669,0.18892360595223312,-0.6264641978475193,6.278447686358457,-0.9017215508929359,-0.0,0.30408163265306126,5.680807768118583,0.0,0.0,0.0,0.6388454925597087,0.0,0.7888454925597087,0.2,low,agents_strongly_disagree,4.891962275558874,False,review,False,,0.302,0.651,0.216,0.5005,0.5615,0.274,0.4345,0.454,0.39859999999999995,0.4096,6.159127768118583,755,0.75,4.333482275558874,1,650,0,105,review
C=C(Cl)C(=O)Nc1cc(Nc2nc3c(c(-c4cn(C)c5ccccc45)n2)CS(=O)(=O)CC3)c(OC)cc1N(C)CCN(C)C,6.596240544282045,0.014393266744898145,0.2413037257408325,638.194,4.547200000000004,121.68999999999998,2,9,5,10,0.3225806451612903,1,0.5,4.921293333333333,False,,0,,0,,1,acrylamide_like,1.0,0.8127830658205799,1.0,0.21951219512195122,Lazertinib,0.0,0.7804878048780488,0.26398484934908256,0.3434365363369451,0.92,0.9451219512195121,0.26398484934908256,0.618135834226385,0.9451219512195121,0.6811371018704295,0.31886289812957047,-0.4722013131697366,6.574650644164698,-1.2146322097430384,-0.0,0.2841463414634146,5.644164775885074,0.0,0.0,0.0,0.4764213773380369,0.1,0.7264213773380369,0.2,low,agents_strongly_disagree,4.917743398547038,False,review,False,,0.36,0.234,0.121,0.5005,0.5615,0.486,0.4345,0.571,0.32705,0.38199999999999995,6.036624775885074,773,0.75,4.326143398547038,1,651,0,122,review
O=C(N/N=C1\CC2(CCCC2)Oc2ccccc21)Nc1ccc(Cl)cc1,5.451548202433216,0.03016059043820437,0.7345848391699462,369.852,4.9611000000000045,62.72,2,3,4,2,0.3,0,0.0,2.632346666666667,False,,0,,0,,0,,1.0,0.4620326834924211,0.5673321518044019,0.17073170731707318,Sunvozertinib,0.0,0.8292682926829268,0.0,0.7527775589793679,1.0,0.6328161870240331,0.0,0.5963984365008502,1.0,1.0,0.0,-0.7951979153344669,5.4063073167759095,0.36973283916994615,-0.0,0.1906135257559785,5.966653681701834,0.0,0.0,0.0,0.875,0.0,1.025,0.2,low,agents_strongly_disagree,4.941653681701833,False,review,False,,0.12,0.94,0.77,0.5005,0.015,0.0285,0.4345,0.182,0.4576,0.36095,6.515773681701834,655,0.75,4.324793681701833,1,652,0,3,review
COc1cc2c(cc1OC)Oc1ncnc(Oc3cccc(Cl)c3F)c1NC2,5.360780880723997,0.021803322830577045,0.6703687881007159,403.7970000000001,4.796400000000002,74.73,1,7,4,4,0.15789473684210525,0,0.0,2.558646666666667,False,,0,,0,,0,,1.0,0.7262642120571126,1.0,0.25287356321839083,Gefitinib,0.0,0.7471264367816092,0.0,0.7202933462759067,1.0,0.9367816091954023,0.0,0.6642687388678272,1.0,1.0,0.0,-0.8856916518237696,5.328075896478131,0.30236126178492634,-0.0,0.27413793103448275,5.90457508929754,0.0,0.0,0.0,0.875,0.0,1.025,0.2,low,agents_strongly_disagree,4.879575089297541,False,review,False,,0.103,0.887,0.78,0.5005,0.5615,0.0285,0.4345,0.333,0.44084999999999996,0.41109999999999997,6.43359508929754,675,0.75,4.322895089297541,1,653,0,22,review
C=CC(=O)Nc1cc(Nc2nccc(-c3c(C(=O)N(C)C)n(C)c4ccccc34)n2)c(OC)cc1N(C)CCN(C)C,6.479046672812913,0.007479450190122165,0.258395842173104,570.6980000000001,4.211600000000003,107.85999999999999,2,8,4,11,0.2903225806451613,1,0.5,4.371320000000001,False,,0,,0,,1,acrylamide_like,1.0,0.8903716814678383,1.0,0.30303030303030304,Osimertinib,0.0,0.696969696969697,0.2395260530701428,0.3739900208875149,0.92,0.9242424242424243,0.2395260530701428,0.6144396245500205,0.9242424242424243,0.6847163711722815,0.31528362882771854,-0.4998847619731703,6.46782749752773,-1.11826989976238,-0.0,0.2590909090909091,5.608648506856259,0.0,0.0,0.0,0.4808954639653518,0.1,0.7308954639653519,0.2,low,agents_strongly_disagree,4.877753042890907,False,review,False,,0.331,0.266,0.265,0.5005,0.5615,0.475,0.4345,0.885,0.34199999999999997,0.4071,6.019048506856259,778,0.75,4.3162730428909075,1,654,0,124,review
Cc1ccccc1NC(=O)/C=C/c1ccccc1,5.082113212317654,0.02464713313163343,0.8110786015524015,237.30200000000002,3.6469200000000015,29.1,1,1,2,3,0.0625,0,0.0,1.7,False,,0,,0,,1,acrylamide_like,1.0,0.7315789473684211,1.0,0.18055555555555555,Osimertinib,0.0,0.8194444444444444,0.0,0.8307086154692054,0.92,0.9548611111111112,0.0,0.6763924316450791,0.9548611111111112,0.9548611111111112,0.04513888888888884,-0.9018565755267721,5.045142512620203,0.5623286015524015,-0.0,0.29583333333333334,5.903304447505938,0.0,0.0,0.0,0.8185763888888888,0.1,1.0685763888888888,0.2,low,agents_strongly_disagree,4.834728058617049,False,review,False,,0.063,0.98,0.986,0.5005,0.5615,0.114,0.4345,0.264,0.47234999999999994,0.43875000000000003,6.470124447505938,668,0.75,4.31122805861705,1,655,0,13,review
CCOC(=O)CCCn1c(=O)oc2cc3ncnc(Nc4ccc(F)c(Cl)c4)c3cc21,5.732561180271722,0.026489372473336294,0.4210796942686038,444.85000000000014,4.417100000000003,99.25,1,7,4,7,0.23809523809523808,0,0.0,3.1323333333333343,False,,0,,0,,0,,1.0,0.8554001214135936,1.0,0.4482758620689655,Dacomitinib,0.0,0.5517241379310345,0.039597734336594984,0.561119472873373,1.0,0.8879310344827587,0.039597734336594984,0.6221620604231817,1.0,0.960402265663405,0.03959773433659497,-0.7767524347821156,5.692827121561717,-0.024960781921872482,-0.0,0.21551724137931033,5.883383581019156,0.0,0.0,0.0,0.8255028320792562,0.0,0.9755028320792563,0.2,low,agents_strongly_disagree,4.907880748939899,False,review,False,,0.175,0.57,0.632,0.5005,0.5615,0.104,0.4345,0.238,0.38764999999999994,0.37315000000000004,6.348563581019156,701,0.75,4.305660748939899,1,656,0,45,review
C=CC(=O)N1CC(Oc2cc3c(Nc4cccc(CO)c4)ncnc3cc2OC)C1,5.5056519174803675,0.01889551034957066,0.5823928042946629,406.4420000000002,2.6499000000000006,96.81,2,7,4,7,0.22727272727272727,0,0.0,2.8762800000000013,False,,0,,0,,1,acrylamide_like,1.0,0.8729675269317212,1.0,0.43902439024390244,Osimertinib,0.0,0.5609756097560976,0.0,0.6596898885159108,0.92,0.8902439024390244,0.0,0.6174834477387338,0.92,0.92,0.07999999999999996,-0.823311263651645,5.477308651956012,0.17367807702193547,-0.0,0.2182926829268293,5.869279411904777,0.0,0.0,0.0,0.7750000000000001,0.1,1.0250000000000001,0.2,low,agents_strongly_disagree,4.844279411904776,False,review,False,,0.133,0.798,0.7,0.5005,0.5615,0.171,0.4345,0.417,0.42455,0.41719999999999996,6.3787394119047764,690,0.75,4.294919411904776,1,657,0,33,review
C/C(=N\Nc1ncc(Cl)c(Nc2cccc(NC(=O)/C=C/CN(C)C)c2)n1)c1cccnc1,5.884473080972654,0.030695472413110672,0.24769709118051542,464.96100000000024,4.161000000000002,107.42999999999999,3,8,3,9,0.17391304347826086,0,0.0,3.266406666666668,False,,0,,0,,1,acrylamide_like,1.0,0.7856618312834717,1.0,0.26373626373626374,Sunvozertinib,0.0,0.7362637362637363,0.07463143955398607,0.4606023745082578,0.92,0.9340659340659341,0.07463143955398607,0.5973249370320446,0.9340659340659341,0.859434494511948,0.14056550548805202,-0.696924663304078,5.838429872352989,-0.2248726044716587,-0.0,0.27087912087912086,5.8844363887604505,0.0,0.0,0.0,0.6992931181399351,0.1,0.9492931181399351,0.2,low,agents_strongly_disagree,4.935143270620515,False,review,False,,0.215,0.242,0.591,0.5005,0.5615,0.231,0.4345,0.176,0.3339,0.34145,6.285116388760451,717,0.75,4.294883270620516,1,658,0,59,review
C[C@@H](Nc1ncnc2oc(-c3ccccc3)c(-c3ccccc3)c12)c1ccccc1,6.206230982749199,0.020002260311104195,0.3607840115173373,391.4740000000001,6.729900000000005,50.95,1,4,5,5,0.07692307692307693,1,0.45,3.1264933333333342,False,,0,,0,,0,,1.0,0.7234514275071176,1.0,0.1780821917808219,Afatinib,0.0,0.821917808219178,0.16255616346952684,0.47818146274479195,1.0,0.9554794520547945,0.16255616346952684,0.6490542695672783,1.0,0.8374438365304732,0.16255616346952684,-0.6486641414636687,6.176227592282543,-0.8004976807903552,-0.0,0.2965753424657534,5.6723052539579415,0.0,0.0,0.0,0.6718047956630915,0.0,0.8218047956630915,0.2,low,agents_strongly_disagree,4.85050045829485,False,review,False,,0.283,0.461,0.637,0.5005,0.5615,0.253,0.4345,0.376,0.4152,0.4114999999999999,6.1705452539579415,748,0.75,4.294300458294851,1,659,0,89,review
CC(C)n1nc(-c2ccc3[nH]c(=O)ccc3c2)c2c(N)ncnc21,5.42403259494907,0.018917220099086456,0.5905065501975338,320.35600000000005,2.4978999999999996,102.48,2,5,4,2,0.17647058823529413,0,0.0,2.0,False,,1,aniline,0,,0,,1.0,0.7567460317460317,1.0,0.12745098039215685,Lazertinib,0.0,0.8725490196078431,0.0,0.6978555256855667,0.88,0.9681372549019608,0.0,0.6364981951468819,0.9681372549019608,0.9681372549019608,0.031862745098039214,-0.8486642601958425,5.3956567648004405,0.30815360902106326,-0.2,0.3117647058823529,5.815575079703857,0.0,0.0,0.0,0.835171568627451,0.0,0.985171568627451,0.2,low,agents_strongly_disagree,4.830403511076406,False,review,False,,0.116,0.807,0.923,0.5005,0.5615,0.076,0.4345,0.416,0.45214999999999994,0.4261999999999999,6.358155079703857,698,0.75,4.291843511076405,1,660,0,38,review
Nc1cc2ncnc(NCc3ccccc3C(F)(F)F)c2cn1,5.191180414257016,0.016983400297590323,0.7748286176739182,319.29,3.2379000000000016,76.72,2,5,3,3,0.13333333333333333,0,0.0,1.9000000000000001,False,,1,aniline,0,,0,,1.0,0.7530011022412239,1.0,0.2602739726027397,Sunvozertinib,0.0,0.7397260273972603,0.0,0.8030788166437319,0.88,0.9349315068493151,0.0,0.6545025808732617,0.9349315068493151,0.9349315068493151,0.06506849315068486,-0.8726701078310156,5.165705313810631,0.5031619510072515,-0.2,0.27191780821917805,5.74078507303706,0.0,0.0,0.0,0.7936643835616439,0.0,0.943664383561644,0.2,low,agents_strongly_disagree,4.797120689475416,False,review,False,,0.082,0.969,0.9475,0.5005,0.5615,0.149,0.4345,0.476,0.47292500000000004,0.45305,6.30829507303706,710,0.75,4.290780689475416,1,661,0,49,review
Cc1ncnc(Nc2ccc(OCc3cccc(F)c3)c(Cl)c2)c1C#Cc1ccc(CN2CCOCC2)cc1,6.941649985697486,0.020662196763074275,0.2834031441201682,543.0420000000003,6.132120000000006,59.510000000000005,1,6,5,7,0.22580645161290322,2,0.95,3.9869466666666686,False,,0,,0,,0,,1.0,0.842742890021371,1.0,0.40217391304347827,Dacomitinib,0.0,0.5978260869565217,0.3459489586902196,0.3525276267019899,1.0,0.8994565217391304,0.3459489586902196,0.6494832767828349,1.0,0.6540510413097804,0.3459489586902196,-0.40471242412348707,6.910656690552875,-1.7420582107185418,-0.0,0.22934782608695653,5.39794630592129,0.0,0.0,0.0,0.44256380163722553,0.0,0.5925638016372256,0.2,low,agents_strongly_disagree,4.805382504284065,False,review,False,,0.44,0.325,0.36,0.5005,0.5615,0.539,0.4345,0.359,0.4171,0.4382500000000001,5.89846630592129,803,0.75,4.281282504284065,1,662,0,141,review
CC#CC(=O)N1CCC([C@@H]2CCNc3c(C(N)=O)c(-c4ccc(Oc5ccccc5)cc4)nn32)CC1,5.619336681622567,0.015093778987670128,0.5330532294531279,483.57200000000023,4.0599000000000025,102.48000000000002,2,5,5,5,0.32142857142857145,0,0.0,3.7404800000000016,False,,0,,0,,1,propiolamide_like,1.0,0.7521064965813824,1.0,0.17272727272727273,Lazertinib,0.0,0.8272727272727273,0.01926852511427265,0.5993146608146049,0.92,0.9568181818181818,0.01926852511427265,0.6238503419367649,0.9568181818181818,0.9375496567039091,0.06245034329609089,-0.8061090890966561,5.596696013141062,0.004124086595984851,-0.0,0.29818181818181816,5.899001917918865,0.0,0.0,0.0,0.7969370708798864,0.1,1.0469370708798864,0.2,low,agents_strongly_disagree,4.852064847038978,False,review,False,,0.151,0.741,0.455,0.5005,0.5615,0.145,0.4345,0.545,0.38449999999999995,0.39335000000000003,6.360401917918865,696,0.75,4.274084847038978,1,663,0,33,review
COCCN(C)C/C=C/C(=O)N1CCOc2c1ccc1ncnc(Nc3ccc(Oc4ccn5ncnc5c4)c(C)c3)c21,6.5320495411141435,0.01156091520661275,0.23849469679287866,580.649,4.376620000000003,119.24000000000001,1,10,6,10,0.25806451612903225,1,0.5,4.73766,False,,0,,0,,1,acrylamide_like,1.0,0.8779693915640164,1.0,0.24369747899159663,Dacomitinib,0.0,0.7563025210084033,0.24991974463390695,0.348954390928391,0.92,0.9390756302521008,0.24991974463390695,0.6144874414535997,0.9390756302521008,0.6891558856181939,0.31084411438180615,-0.48609026242625697,6.5147081683042245,-1.196347851594218,-0.0,0.27689075630252097,5.595251073012527,0.0,0.0,0.0,0.4864448570227423,0.1,0.7364448570227423,0.2,low,agents_strongly_disagree,4.858806215989785,False,review,False,,0.342,0.222,0.17,0.5005,0.5615,0.468,0.4345,0.698,0.32389999999999997,0.38425,5.983931073012527,784,0.75,4.269906215989785,1,664,0,120,review
Oc1c(Cl)cc(Cl)cc1Sc1cc(Cl)cc(Cl)c1O,5.8809539265281865,0.04274195038896201,0.7079213197705984,356.057,5.862600000000001,40.46,2,3,2,2,0.0,1,0.45,1.6403800000000002,False,,0,,0,,0,,1.0,0.4318319694489907,0.5124217626345285,0.13114754098360656,Sunvozertinib,0.0,0.8688524590163934,0.06531911635977322,0.7262651874122906,1.0,0.6015294367299947,0.06531911635977322,0.5982784351255146,1.0,0.9346808836402267,0.06531911635977328,-0.7106124250209886,5.816841000944743,-0.23813568022940168,-0.0,0.18876117836355016,5.767466499078892,0.0,0.0,0.0,0.7933511045502833,0.0,0.9433511045502834,0.2,low,agents_strongly_disagree,4.824115394528608,False,review,False,,0.214,0.917,0.99,0.5005,0.009,0.15,0.4345,0.053,0.5283,0.41279999999999994,6.401426499078892,686,0.75,4.269475394528608,1,665,0,21,review
Cc1ncc([N+](=O)[O-])n1CC(=O)NS(=O)(=O)c1ccccc1,5.578623103068265,0.013322278200969317,0.6342502969640154,324.31800000000004,0.6048199999999997,124.19999999999999,1,6,2,5,0.16666666666666666,0,0.0,1.9,False,,1,nitroso,1,nitroso,0,,1.0,0.8600086843247938,1.0,0.13924050632911392,Afatinib,0.0,0.8607594936708861,0.01033018102638782,0.7257607402532855,0.7,0.9651898734177216,0.01033018102638782,0.6003201986743487,0.9651898734177216,0.9548596923913337,0.045140307608666275,-0.7866533568639479,5.558639685766812,0.36591696363068205,-0.5,0.30822784810126586,5.73278449749876,0.0,0.0,0.0,0.8185746154891671,0.0,0.9685746154891671,0.2,low,agents_strongly_disagree,4.764209882009593,False,review,False,,0.143,0.859,0.956,0.5005,0.5615,0.115,0.4345,0.623,0.47965,0.45964999999999995,6.30836449749876,709,0.75,4.265789882009593,1,666,0,43,review
COc1cc2c(cc1OC)Oc1ncnc(Oc3cccc(Br)c3)c1NC2,5.335841310417243,0.018651596134940572,0.6394914339506633,430.25800000000004,4.766400000000003,74.73,1,7,4,4,0.15789473684210525,0,0.0,2.7350533333333336,False,,0,,0,,0,,1.0,0.7245901639344262,1.0,0.18681318681318682,Gefitinib,0.0,0.8131868131868132,0.0,0.6965259296985059,1.0,0.9532967032967032,0.0,0.6624556582488024,1.0,1.0,0.0,-0.8832742109984032,5.307863916214832,0.24502290763487383,-0.0,0.29395604395604397,5.84684286780575,0.0,0.0,0.0,0.875,0.0,1.025,0.2,low,agents_strongly_disagree,4.821842867805749,False,review,False,,0.097,0.864,0.74,0.5005,0.5615,0.0285,0.4345,0.42,0.42755,0.4062,6.35990286780575,697,0.75,4.25928286780575,1,667,0,30,review
NC(=S)N1N=C(c2ccc(Cl)c(Cl)c2)CC1c1ccc(F)cc1,5.16839950717639,0.005328543777713334,0.7924532120492322,368.2640000000001,4.527200000000002,41.62,1,2,3,2,0.125,0,0.0,2.271760000000001,False,,1,thiourea,0,,0,,1.0,0.843586185630589,1.0,0.13953488372093023,Osimertinib,0.0,0.8604651162790697,0.0,0.7984738820116932,0.88,0.9651162790697674,0.0,0.6608975402703652,0.9651162790697674,0.9651162790697674,0.03488372093023262,-0.8811967203604869,5.16040669150982,0.46418921204923214,-0.2,0.308139534883721,5.732735438442774,0.0,0.0,0.0,0.8313953488372092,0.0,0.9813953488372092,0.2,low,agents_strongly_disagree,4.751340089605565,False,review,False,,0.079,0.976,0.845,0.5005,0.5615,0.088,0.4345,0.948,0.4576,0.46044999999999997,6.281855438442774,718,0.75,4.253880089605564,1,668,0,50,review
CN1CCC(c2ccc(Nc3nc(N4CCC[C@@H](NC(=O)OC(C)(C)C)C4)cnc3C(N)=O)cc2)CC1,6.078873642759551,0.011127725541188996,0.5391175392470283,509.6550000000003,3.6218000000000012,125.71000000000001,3,8,4,6,0.5555555555555556,1,0.5,3.814366666666669,False,,0,,0,,0,,1.0,0.7954871794871795,1.0,0.18095238095238095,Gefitinib,0.0,0.819047619047619,0.13692900281105547,0.5498082363294553,1.0,0.9547619047619047,0.13692900281105547,0.660374785975604,1.0,0.8630709971889445,0.13692900281105547,-0.6979277108860645,6.062182054447768,-0.7274819051974164,-0.0,0.29571428571428565,5.630414434964637,0.0,0.0,0.0,0.7038387464861806,0.0,0.8538387464861806,0.2,low,agents_strongly_disagree,4.776575688478456,False,review,False,,0.254,0.746,0.422,0.5005,0.5615,0.228,0.4345,0.724,0.42689999999999995,0.43895,6.142694434964636,758,0.75,4.253315688478456,1,669,0,89,review
C=CC(=O)Nc1cccc(Nc2nc3c(c(Nc4ccccc4)n2)C(=O)NC3)c1,5.466189262060545,0.005545938531125849,0.4841400297993378,386.4150000000001,3.3317000000000005,108.03999999999999,4,6,4,6,0.047619047619047616,0,0.0,2.642766666666667,False,,0,,0,,1,acrylamide_like,1.0,0.8043609190988222,1.0,0.2894736842105263,Sunvozertinib,0.0,0.7105263157894737,0.0,0.614632144594764,0.92,0.9276315789473684,0.0,0.615565930885533,0.9276315789473684,0.9276315789473684,0.07236842105263164,-0.820754574514044,5.457870354263856,0.09248693456124248,-0.0,0.2631578947368421,5.813515183561941,0.0,0.0,0.0,0.7845394736842104,0.1,1.0345394736842104,0.2,low,agents_strongly_disagree,4.778975709877731,False,review,False,,0.123,0.671,0.763,0.5005,0.5615,0.16,0.4345,0.942,0.4041,0.4266000000000001,6.298435183561941,711,0.75,4.240895709877731,1,670,0,41,review
O=C1CSC(N/N=C/c2cccc(Br)c2)=N1,5.096834100442043,0.03038706022642866,0.6709595843048989,298.165,2.0020000000000002,53.82,1,4,2,2,0.1,0,0.0,1.5999999999999999,False,,0,,0,,0,,1.0,0.785200845665962,1.0,0.10526315789473684,Lazertinib,0.0,0.8947368421052632,0.0,0.7574893098292328,1.0,0.9736842105263158,0.0,0.6827933800888871,1.0,1.0,0.0,-0.9103911734518495,5.0512535101024,0.4409595843048989,-0.0,0.3184210526315789,5.810634147038878,0.0,0.0,0.0,0.875,0.0,1.025,0.2,low,agents_strongly_disagree,4.785634147038879,False,review,False,,0.066,0.888,0.991,0.5005,0.5615,0.0285,0.4345,0.181,0.45604999999999996,0.41364999999999996,6.357894147038878,699,0.75,4.232014147038879,1,671,0,28,review
COc1cc([C@H](Nc2cc(Cl)c3ncc(C#N)c(NCC(C)(C)C)c3c2)C2=CN(C3(C(F)(F)F)CC3)NN2)ccn1,7.3612721098619955,0.005794150997161863,0.251160219259635,587.0500000000002,6.035780000000004,110.16,4,9,5,8,0.39285714285714285,2,0.95,4.730333333333335,False,,1,hydrazine,1,hydrazine,0,,1.0,0.84117650945658,1.0,0.1810344827586207,Gefitinib,0.0,0.8189655172413793,0.4612621217674856,0.30620222315690176,0.7,0.9547413793103449,0.30620222315690176,0.605551431058683,0.9547413793103449,0.648539156153443,0.35146084384655696,-0.1923857457215966,7.352580883366253,-1.8691040664546508,-0.5,0.2956896551724138,5.2791664720840155,0.0,0.0,0.0,0.4356739451918038,0.0,0.5856739451918038,0.2,low,agents_strongly_disagree,4.693492526892212,False,review,False,,0.593,0.245,0.172,0.5005,0.5615,0.558,0.4345,0.933,0.44175,0.48395,5.8092664720840155,816,0.75,4.224232526892211,1,672,0,144,review
COc1cccc(Sc2sc3nc(N)nc(N)c3c2C)c1,5.081181648105482,0.016394934618134155,0.7700377897422692,318.4270000000001,3.32392,87.05,2,7,3,3,0.14285714285714285,0,0.0,1.9000000000000001,False,,1,aniline,0,,0,,1.0,0.6262941361916772,0.865989338530322,0.12244897959183673,Lazertinib,0.0,0.8775510204081632,0.0,0.8004438612813249,0.88,0.8688797589997823,0.0,0.6373309050702768,0.88,0.88,0.12,-0.8497745400937023,5.056589246178281,0.4993235040279835,-0.2,0.2797626407550295,5.6356753909612936,0.0,0.0,0.0,0.7250000000000001,0.0,0.8750000000000001,0.2,low,agents_strongly_disagree,4.7606753909612936,False,review,False,,0.062,0.965,0.9475,0.5005,0.07,0.2055,0.4345,0.492,0.463125,0.40375,6.191425390961293,741,0.75,4.195175390961293,1,673,0,68,review
CC(Oc1ccc(Nc2ncnc3ccc4c(c23)OCCN4C(=O)/C=C/CN(C)C)cc1)c1cccc(F)c1,6.874258811012505,0.02519350284149046,0.3034168498966533,527.6000000000003,5.495700000000006,79.82,1,7,5,8,0.23333333333333334,2,0.95,4.334000000000002,False,,0,,0,,1,acrylamide_like,1.0,0.7722942906111923,1.0,0.2708333333333333,Afatinib,0.0,0.7291666666666667,0.325929250764083,0.35018695975085157,0.92,0.9322916666666667,0.325929250764083,0.6321019692954004,0.9322916666666667,0.6063624159025838,0.3936375840974162,-0.40823029137508965,6.83646855675027,-1.7733498167700135,-0.0,0.26875,5.331868739980256,0.0,0.0,0.0,0.3829530198782297,0.1,0.6329530198782297,0.2,low,agents_strongly_disagree,4.698915720102026,False,review,False,,0.423,0.359,0.276,0.5005,0.5615,0.639,0.4345,0.255,0.40364999999999995,0.43465,5.816248739980256,815,0.75,4.170495720102027,1,674,0,141,review
COc1ccc2nc(Cl)c(/C=C/C(=O)c3ccc(C)cc3)cc2c1,6.051309784688013,0.01857080480625128,0.3774335215246773,337.8060000000001,5.101320000000004,39.19,0,3,3,4,0.1,1,0.45,2.0,False,,0,,0,,0,,1.0,0.5461114513165952,0.7202026387574457,0.19753086419753085,Osimertinib,0.0,0.8024691358024691,0.12482788280762737,0.5306653599154956,1.0,0.7407692630187016,0.12482788280762737,0.5990656264354561,1.0,0.8751721171923726,0.12482788280762735,-0.6323169915037717,6.023453577478636,-0.6125664784753226,-0.0,0.22079140043010215,5.631678499433416,0.0,0.0,0.0,0.7189651464904658,0.0,0.8689651464904659,0.2,low,agents_strongly_disagree,4.76271335294295,False,review,False,,0.246,0.493,0.923,0.5005,0.046,0.214,0.4345,0.425,0.44784999999999997,0.3807999999999999,6.169098499433416,750,0.75,4.16967335294295,1,675,0,75,review
Cc1scnc1[C@H](Nc1cc(Cl)c2ncc(C#N)c(NCC(C)(C)C)c2c1)C1=CN(C2(C(F)F)CC2)NN1,7.315261276375653,0.03340131106882589,0.2630292668849484,559.0900000000001,6.099900000000005,100.92999999999999,4,9,5,8,0.4230769230769231,2,0.95,4.543933333333334,False,,1,hydrazine,1,hydrazine,0,,1.0,0.8545114942528735,1.0,0.1440677966101695,Gefitinib,0.0,0.8559322033898304,0.430434401345735,0.31989943012005495,0.7,0.9639830508474576,0.31989943012005495,0.6035792205783119,0.9639830508474576,0.6440836207274027,0.35591637927259734,-0.23085975897676908,7.265159309772414,-1.8262530408073594,-0.5,0.30677966101694903,5.245685929982003,0.0,0.0,0.0,0.43010452590925335,0.0,0.5801045259092534,0.2,low,agents_strongly_disagree,4.66558140407275,False,review,False,,0.575,0.275,0.218,0.5005,0.5615,0.568,0.4345,0.142,0.44655,0.4491,5.781545929982004,821,0.75,4.15450140407275,1,676,0,145,review
Nc1ncnc2c1c(-c1ccc(Cl)c(O)c1)nn2CC1CCCN1,5.228314377607747,0.013136532003874688,0.6728018027891974,344.80600000000015,2.186499999999999,101.88,3,6,4,3,0.3125,0,0.0,2.45,False,,1,aniline,0,,0,,1.0,0.7739328338790047,1.0,0.14705882352941177,Erlotinib,0.0,0.8529411764705882,0.0,0.7258102223032894,0.88,0.9632352941176471,0.0,0.6422613791052342,0.9632352941176471,0.9632352941176471,0.03676470588235292,-0.8563485054736456,5.208609579601935,0.33655180278919744,-0.2,0.30588235294117644,5.651043735332309,0.0,0.0,0.0,0.8290441176470589,0.0,0.9790441176470589,0.2,low,agents_strongly_disagree,4.67199961768525,False,review,False,,0.084,0.89,0.801,0.5005,0.5615,0.094,0.4345,0.633,0.43605000000000005,0.4295,6.174303735332309,747,0.75,4.13739961768525,1,677,0,70,review
Clc1ccc(-c2nnc(Cc3nc4ccccc4[nH]3)o2)c(Cl)c1,5.135378449351947,0.013842668135127937,0.593162301913216,345.1890000000001,4.510500000000001,67.6,1,4,4,3,0.0625,0,0.0,2.1,False,,0,,0,,0,,1.0,0.8182613981762918,1.0,0.13043478260869565,Dacomitinib,0.0,0.8695652173913043,0.0,0.6954700352830381,1.0,0.967391304347826,0.0,0.6657153349077161,1.0,1.0,0.0,-0.8876204465436214,5.114614447149255,0.2844123019132159,-0.0,0.31086956521739134,5.709896314279862,0.0,0.0,0.0,0.875,0.0,1.025,0.2,low,agents_strongly_disagree,4.684896314279863,False,review,False,,0.071,0.813,0.894,0.5005,0.5615,0.0285,0.4345,0.599,0.42874999999999996,0.41509999999999997,6.224396314279862,733,0.75,4.133016314279863,1,678,0,55,review
CN1CCCN([C@@H]2CCCN(c3cnc(C(N)=O)c(Nc4ccc(C5CCN(C6CC6)CC5)cc4)n3)C2)C1=O,6.037989165712703,0.008651966528101464,0.5623782660480887,532.6930000000004,3.3872000000000018,110.92999999999998,2,7,6,7,0.5862068965517241,1,0.5,4.4679533333333366,False,,0,,0,,0,,1.0,0.8146332292648083,1.0,0.1523809523809524,Osimertinib,0.0,0.8476190476190476,0.12844091485850465,0.5374636873520897,1.0,0.9619047619047619,0.12844091485850465,0.656952341028839,1.0,0.8715590851414954,0.12844091485850462,-0.704681901560446,6.025011215920551,-0.7991940442967393,-0.0,0.3042857142857142,5.530102885909526,0.0,0.0,0.0,0.7144488564268692,0.0,0.8644488564268692,0.2,low,agents_strongly_disagree,4.665654029482656,False,review,False,,0.241,0.768,0.24,0.5005,0.5615,0.218,0.4345,0.846,0.39815,0.42524999999999996,6.007882885909526,780,0.75,4.125954029482656,1,679,0,101,review
O=C1CSC(N2N=C(c3ccc(F)cc3)CC2c2ccc(F)cc2)=N1,4.892816383671024,0.010088669703971436,0.8223664522168943,357.38500000000005,3.745300000000003,45.03,0,4,4,2,0.16666666666666666,0,0.0,2.399233333333334,False,,0,,0,,0,,1.0,0.9130434782608695,1.0,0.09090909090909091,Osimertinib,0.0,0.9090909090909091,0.0,0.8100233435910866,1.0,0.9772727272727273,0.0,0.6968240177159535,1.0,1.0,0.0,-0.929098690287938,4.877683379115067,0.4791481188835609,-0.0,0.3227272727272727,5.6795587707259,0.0,0.0,0.0,0.875,0.0,1.025,0.2,low,agents_strongly_disagree,4.654558770725901,False,review,False,,0.042,0.987,0.813,0.5005,0.5615,0.0285,0.4345,0.777,0.43835,0.43329999999999996,6.2055787707259,738,0.75,4.124518770725901,1,680,0,58,review
COc1cc(/C=C(\C#N)C(N)=O)cc(CSc2ccccn2)c1O,5.3502819265906565,0.03666982540069787,0.47445521327039913,341.392,2.4803800000000016,109.22999999999999,2,6,2,6,0.11764705882352941,0,0.0,2.0,False,,0,,0,,1,acrylamide_like,1.0,0.7675236066455849,1.0,0.17204301075268819,Osimertinib,0.0,0.8279569892473118,0.0,0.6340272903756426,0.92,0.956989247311828,0.0,0.6277541344218677,0.956989247311828,0.956989247311828,0.043010752688172005,-0.8370055125624902,5.295277188489609,0.1862199191527521,-0.0,0.2983870967741935,5.779884204416556,0.0,0.0,0.0,0.821236559139785,0.1,1.071236559139785,0.2,low,agents_strongly_disagree,4.708647645276771,False,review,False,,0.099,0.655,0.923,0.5005,0.5615,0.111,0.4345,0.108,0.4141,0.3864,6.276804204416556,720,0.75,4.122327645276771,1,681,0,39,review
N#Cc1cnc2ccc(NC(=O)C#CCN(C3CC3)C3CC3)cc2c1Nc1cccc(Br)c1,6.600245400522349,0.02241902009762231,0.4561975899586372,500.4000000000001,5.181280000000004,81.05,2,5,5,6,0.2692307692307692,2,0.95,3.6026666666666673,False,,0,,0,,1,propiolamide_like,1.0,0.7912729711602952,1.0,0.19148936170212766,Sunvozertinib,0.0,0.8085106382978724,0.25936803606225156,0.4623445719131478,0.92,0.9521276595744681,0.25936803606225156,0.6484600668874669,0.9521276595744681,0.6927596235122165,0.30724037648778346,-0.5187893744336203,6.566616870375915,-1.507279333118286,-0.0,0.2925531914893617,5.351890728746991,0.0,0.0,0.0,0.4909495293902707,0.1,0.7409495293902707,0.2,low,agents_strongly_disagree,4.61094119935672,False,review,False,,0.363,0.625,0.497,0.5005,0.5615,0.462,0.4345,0.318,0.46299999999999997,0.46410000000000007,5.907490728746991,802,0.75,4.11786119935672,1,682,0,120,review
CN(C)C/C=C/C(=O)Nc1cc2c(Nc3ccc(OCc4cccc(F)c4)cc3)ncnc2cc1O[C@H]1CCOC1,7.011629191060583,0.0157486143342522,0.23945747968048312,557.6260000000001,5.315500000000004,97.84000000000002,2,8,5,11,0.25806451612903225,2,0.95,4.834173333333334,False,,0,,0,,1,acrylamide_like,1.0,0.832874604418895,1.0,0.3877551020408163,Osimertinib,0.0,0.6122448979591837,0.3668832677311691,0.2957718702345221,0.92,0.903061224489796,0.2957718702345221,0.6214290906138717,0.92,0.6242281297654779,0.3757718702345221,-0.3393944305102703,6.988006269559205,-1.9098620687066137,-0.0,0.23367346938775507,5.311817670240346,0.0,0.0,0.0,0.4052851622068474,0.1,0.6552851622068474,0.2,low,agents_strongly_disagree,4.656532508033499,False,review,False,,0.464,0.225,0.139,0.5005,0.5615,0.606,0.4345,0.515,0.37475,0.42285,5.761517670240346,825,0.75,4.113952508033499,1,683,0,142,review
C=CC(=O)Nc1ccc(OC)c(Nc2ncc(C#N)c(-c3cn(C)c4cc(OCCCN(C)C)ccc34)n2)c1,6.349649423637656,0.007928813008136774,0.21351121747921584,525.6130000000003,4.714180000000004,117.33,2,8,4,11,0.2413793103448276,1,0.5,4.070753333333336,False,,0,,0,,1,acrylamide_like,1.0,0.7929652209703144,1.0,0.28846153846153844,Osimertinib,0.0,0.7115384615384616,0.20686218680371823,0.3608637337161328,0.92,0.9278846153846154,0.20686218680371823,0.6039026339761167,0.9278846153846154,0.7210224285808972,0.27897757141910284,-0.5293872628965312,6.3377562041254505,-1.1229638514863018,-0.0,0.26346153846153847,5.478253891100688,0.0,0.0,0.0,0.5262780357261214,0.1,0.7762780357261214,0.2,low,agents_strongly_disagree,4.701975855374567,False,review,False,,0.307,0.164,0.335,0.5005,0.5615,0.401,0.4345,0.871,0.32130000000000003,0.38349999999999995,5.863813891100688,810,0.75,4.112175855374567,1,684,0,126,review
Cc1cccc2c1nc(NC(=O)c1cccc(C(F)(F)F)c1)n2[C@H]1CC[C@H](O)CC1,5.7543758844852215,0.023696819084551957,0.6237235808777387,417.4310000000002,5.091820000000004,67.15,2,3,4,3,0.36363636363636365,1,0.45,2.5495400000000012,False,,0,,0,,0,,1.0,0.7904505888376856,1.0,0.13541666666666666,Osimertinib,0.0,0.8645833333333334,0.04700619776211901,0.6449887387135256,1.0,0.9661458333333334,0.04700619776211901,0.6645351924522445,1.0,0.952993802237881,0.047006197762119006,-0.8233719929201674,5.718830655858394,-0.4223437827586251,-0.0,0.309375,5.605861873099769,0.0,0.0,0.0,0.8162422527973512,0.0,0.9662422527973512,0.2,low,agents_strongly_disagree,4.639619620302418,False,review,False,,0.179,0.8455,0.7835,0.5005,0.5615,0.121,0.4345,0.281,0.467275,0.4346749999999999,6.166591873099769,752,0.75,4.111229620302418,1,685,0,67,review
CC(C)c1ccc(/C=C2/C(=O)Nc3ccccc32)cc1,4.8851885037295135,0.01905290072389262,0.8039450220890861,263.34,4.302700000000002,29.1,1,1,3,2,0.16666666666666666,0,0.0,1.8,False,,0,,0,,1,acrylamide_like,1.0,0.6294890393294649,0.8717982533262997,0.09210526315789473,Sunvozertinib,0.0,0.9078947368421053,0.0,0.8229389929182283,0.92,0.8808223742052511,0.0,0.6559403417808698,0.92,0.92,0.07999999999999996,-0.8745871223744931,4.856609152643674,0.5506116887557528,-0.0,0.2903179843842065,5.697538825783633,0.0,0.0,0.0,0.7750000000000001,0.1,1.0250000000000001,0.2,low,agents_strongly_disagree,4.672538825783633,False,review,False,,0.041,0.978,0.9675,0.5005,0.074,0.171,0.4345,0.407,0.459275,0.3941,6.248668825783633,725,0.75,4.095458825783633,1,686,0,39,review
CCOc1ccc(-c2cc(C(F)(F)F)c(C#N)c(SCC(=O)NCC(=O)O)n2)cc1,5.418836713649748,0.02833805340475179,0.606918457181712,439.41500000000013,3.330680000000001,112.31,2,6,2,8,0.2631578947368421,0,0.0,2.796100000000001,False,,0,,0,,0,,1.0,0.4039146612590633,0.4616630204710241,0.14285714285714285,Afatinib,0.0,0.8571428571428572,0.0,0.6762628437576339,1.0,0.5605329796389824,0.0,0.5591989558491541,1.0,1.0,0.0,-0.7455986077988722,5.37632963354262,0.21381924665539606,-0.0,0.1725586122606132,5.762707492458629,0.0,0.0,0.0,0.875,0.0,1.025,0.2,low,agents_strongly_disagree,4.737707492458629,False,review,False,,0.113,0.824,0.722,0.5005,0.003,0.0285,0.4345,0.204,0.42405000000000004,0.33654999999999996,6.2715674924586295,721,0.75,4.091567492458629,1,687,0,34,review
Clc1nc2ccccc2c2nnc(/N=C/C=C/c3ccccc3)n12,5.505032029950806,0.03070327666993478,0.4135567825568057,333.782,4.346600000000003,55.44,0,4,4,3,0.0,0,0.0,2.1,False,,0,,0,,0,,1.0,0.49722923842326827,0.6313258880423058,0.11688311688311688,Afatinib,0.0,0.8831168831168831,0.0,0.5966869996370123,1.0,0.6942736368109501,0.0,0.5727401591119906,1.0,1.0,0.0,-0.7636535454826542,5.458977114945904,0.09855678255680572,-0.0,0.22276653694564136,5.7803004344483515,0.0,0.0,0.0,0.875,0.0,1.025,0.2,low,agents_strongly_disagree,4.755300434448351,False,review,False,,0.132,0.556,0.894,0.5005,0.029,0.0285,0.4345,0.175,0.40480000000000005,0.3204,6.2660604344483515,723,0.75,4.089780434448351,1,688,0,35,review
O=C(/C=C/c1ccc(O)c(O)c1)OCCc1ccccc1,5.830014408593125,0.019084862780118245,0.5031075138837579,284.311,2.8969000000000005,66.76,2,4,2,5,0.11764705882352941,0,0.0,1.9,True,catechol_A(92),0,,0,,0,,1.0,0.542952180142189,0.7144585093494346,0.12162162162162163,Afatinib,0.0,0.8783783783783784,0.06914419820219846,0.6536322095591438,0.75,0.7554384766066705,0.06914419820219846,0.5570537210920031,0.7554384766066705,0.6862942784044721,0.3137057215955279,-0.6505460305197397,5.801387114422948,0.22987221976611083,-0.4,0.24212814085087214,5.87338747503993,0.0,0.0,0.0,0.48286784800559013,0.0,0.8203678480055902,0.45,medium,unsafe_structure_can_game_single_score;agents_strongly_disagree,5.05301962703434,False,review,False,,0.194,0.696,0.956,0.5005,0.044,0.473,0.043,0.405,0.47,0.3845,6.43738747503993,673,0.75,4.08941962703434,1,689,16,0,review
CN1CCCN([C@@H]2CCCN(c3cnc(C(N)=O)c(Nc4ccc(C5(C)CCN(C6CCCC6)CC5)cc4)n3)C2)C1=O,6.091096780409038,0.011130803020347524,0.5061257273533603,574.7740000000003,4.341500000000003,110.92999999999998,2,7,6,7,0.625,1,0.5,4.748493333333336,False,,0,,0,,0,,1.0,0.9413123183545717,1.0,0.1568627450980392,Sunvozertinib,0.0,0.8431372549019608,0.13998263298801628,0.4957347910699891,1.0,0.9607843137254902,0.13998263298801628,0.6491254344458739,1.0,0.8600173670119837,0.13998263298801628,-0.6788570686104769,6.074400575878517,-0.8936482726466402,-0.0,0.3029411764705882,5.483693479702465,0.0,0.0,0.0,0.7000217087649796,0.0,0.8500217087649796,0.2,low,agents_strongly_disagree,4.633671770937485,False,review,False,,0.259,0.701,0.163,0.5005,0.5615,0.23,0.4345,0.723,0.3813,0.40795000000000003,5.941253479702465,794,0.75,4.073211770937485,1,690,0,104,review
CCOc1cc(/C=C(\C#N)C(N)=O)cc(CSc2cccc(OC)c2)c1O,5.396148272977085,0.021773727884232652,0.40997897227965086,384.4570000000001,3.484080000000002,105.57,2,6,2,8,0.2,0,0.0,2.429713333333334,False,,0,,0,,1,acrylamide_like,1.0,0.7963543266769073,1.0,0.14285714285714285,Osimertinib,0.0,0.8571428571428572,0.0,0.5820379219332952,0.92,0.9642857142857143,0.0,0.6165809090547524,0.9642857142857143,0.9642857142857143,0.0357142857142857,-0.8221078787396698,5.363487681150736,0.06552197227965077,-0.0,0.3071428571428571,5.736152510573244,0.0,0.0,0.0,0.830357142857143,0.1,1.080357142857143,0.2,low,agents_strongly_disagree,4.655795367716101,False,review,False,,0.107,0.549,0.807,0.5005,0.5615,0.0905,0.4345,0.334,0.3791,0.37055,6.191072510573244,742,0.75,4.050455367716101,1,691,0,51,review
CC(C)n1nc(-c2ccc3ccncc3c2)c2c(N)ncnc21,5.199179790069435,0.03524673903637696,0.6146133900580988,304.357,3.2046,82.51,1,5,4,2,0.17647058823529413,0,0.0,2.0,False,,1,aniline,0,,0,,1.0,0.793138375073341,1.0,0.14285714285714285,Lazertinib,0.0,0.8571428571428572,0.0,0.7111142876088774,0.88,0.9642857142857143,0.0,0.6388500004736479,0.9642857142857143,0.9642857142857143,0.0357142857142857,-0.8518000006315306,5.146309681514869,0.3322604488816282,-0.2,0.3071428571428571,5.585712987539354,0.0,0.0,0.0,0.830357142857143,0.0,0.980357142857143,0.2,low,agents_strongly_disagree,4.605355844682212,False,review,False,,0.083,0.833,0.923,0.5005,0.5615,0.0905,0.4345,0.124,0.4425,0.4070499999999999,6.116712987539354,762,0.75,4.043815844682212,1,692,0,70,review
CN(C)C/C=C/C(=O)N1CCC[C@@H](n2nc(-c3cccc(C(F)(F)F)c3)c3c(N)ncnc32)C1,5.542460611781792,0.03253133414382773,0.5714479570238618,473.50300000000016,3.3756000000000013,93.17,1,6,4,5,0.391304347826087,0,0.0,3.473353333333334,False,,1,aniline,0,,1,acrylamide_like,1.0,0.7785544530409743,1.0,0.1794871794871795,Lazertinib,0.0,0.8205128205128205,0.0,0.630705863542611,0.8,0.9551282051282051,0.0,0.596458517167704,0.9551282051282051,0.9551282051282051,0.044871794871794934,-0.795278022890272,5.49366361056605,0.08957539180647034,-0.2,0.29615384615384616,5.6793928485263665,0.0,0.0,0.0,0.8189102564102563,0.1,1.0689102564102564,0.2,low,agents_strongly_disagree,4.61048259211611,False,review,False,,0.138,0.785,0.535,0.5005,0.5615,0.112,0.4345,0.151,0.3994500000000001,0.38104999999999994,6.158732848526366,756,0.75,4.01774259211611,1,693,0,63,review
C=CC(=O)N1CCC(Oc2cc3c(Nc4ccc(OCc5cccc(F)c5)c(Cl)c4)ncnc3cc2O[C@H]2CCOC2)CC1,7.171835821135479,0.0649827803205432,0.2022050436653797,619.093,6.468400000000006,95.04,1,8,6,10,0.30303030303030304,2,0.95,5.343953333333333,False,,0,,0,,1,acrylamide_like,1.0,0.8093751922911256,1.0,0.4105263157894737,Osimertinib,0.0,0.5894736842105264,0.3724710090594896,0.25567610734929214,0.92,0.8973684210526316,0.25567610734929214,0.6113788843653534,0.92,0.6643238926507079,0.3356761073492921,-0.3185438337411517,7.074361650654665,-2.01908492603159,-0.0,0.2268421052631579,5.282118829886233,0.0,0.0,0.0,0.4554048658133849,0.1,0.7054048658133849,0.2,low,agents_strongly_disagree,4.576713964072848,False,review,False,,0.52,0.145,0.07,0.5005,0.5615,0.517,0.4345,0.006,0.37360000000000004,0.3864000000000001,5.730438829886233,832,0.75,3.9903939640728483,1,694,0,138,review
Nc1ncnc2occ(-c3ccc(NC(=O)Nc4cc(C(F)(F)F)ccc4F)cc3)c12,6.102465575931459,0.038289142865079985,0.38316289656815256,431.34900000000005,5.273900000000002,106.07,3,5,4,3,0.05,1,0.45,2.6423266666666665,False,,1,aniline,0,,0,,1.0,0.4698787949580211,0.5815978090145837,0.2235294117647059,Sunvozertinib,0.0,0.7764705882352941,0.12381399397730887,0.5091116443945352,0.88,0.6303160038197613,0.12381399397730887,0.5358104105479014,0.88,0.7561860060226911,0.24381399397730885,-0.5493285554274567,6.04503186163384,-0.7081861034318474,-0.2,0.17834062872423412,5.315186386926226,0.0,0.0,0.0,0.570232507528364,0.0,0.720232507528364,0.2,low,agents_strongly_disagree,4.5949538793978615,False,review,False,,0.263,0.505,0.765,0.5005,0.019,0.339,0.4345,0.095,0.43420000000000003,0.36519999999999997,5.836226386926226,812,0.75,3.983193879397862,1,695,0,117,review
COc1ccc(C2CC(c3ccc(Cl)c(Cl)c3)=NN2C(C)=O)cc1,4.770889935914265,0.0038999812048772886,0.7933374162620616,363.2440000000001,4.699600000000004,41.9,0,3,3,3,0.2222222222222222,0,0.0,2.3382933333333344,False,,0,,0,,0,,1.0,0.8362687074829932,1.0,0.19047619047619047,Osimertinib,0.0,0.8095238095238095,0.0,0.7964012199697748,1.0,0.9523809523809523,0.0,0.6871955430876817,1.0,1.0,0.0,-0.916260724116909,4.765039964106949,0.4648156384842836,-0.0,0.29285714285714287,5.522712745448375,0.0,0.0,0.0,0.875,0.0,1.025,0.2,low,agents_strongly_disagree,4.497712745448375,False,review,False,,0.038,0.977,0.83,0.5005,0.5615,0.0285,0.4345,0.974,0.43710000000000004,0.44215,6.047232745448375,771,0.75,3.9782927454483747,1,696,0,75,review
O=C(O)CC1C(S)=Nc2ccccc21,4.801137983224226,0.018933307602952452,0.7303982101650187,207.254,2.2183,49.66,2,2,2,2,0.2,0,0.0,1.95,False,,0,,0,,0,,1.0,0.7498359720439309,1.0,0.1038961038961039,Osimertinib,0.0,0.8961038961038961,0.0,0.7767190155907604,1.0,0.974025974025974,0.0,0.6876862474041836,1.0,1.0,0.0,-0.9169149965389115,4.772738021819798,0.45789821016501875,-0.0,0.31883116883116885,5.549467400815986,0.0,0.0,0.0,0.875,0.0,1.025,0.2,low,agents_strongly_disagree,4.524467400815986,False,review,False,,0.039,0.934,0.94,0.5005,0.5615,0.0285,0.4345,0.415,0.44545,0.41905,6.0840074008159855,765,0.75,3.9773274008159865,1,697,0,68,review
COc1ccc(CC(CO)n2cc(-c3cccc(O)c3)c3c(N)ncnc32)cc1,5.429718222821443,0.02184232566187612,0.46686019157561087,390.44300000000015,3.1708000000000007,106.42,3,6,4,6,0.18181818181818182,0,0.0,3.0196200000000015,False,,1,aniline,0,,0,,1.0,0.8106019871420223,1.0,0.2,Afatinib,0.0,0.8,0.0,0.5906338745973552,0.88,0.95,0.0,0.6051584686493388,0.95,0.95,0.050000000000000044,-0.8068779581991183,5.396954734328629,0.032099009757428854,-0.2,0.29,5.519053744086058,0.0,0.0,0.0,0.8124999999999999,0.0,0.9624999999999999,0.2,low,agents_strongly_disagree,4.556553744086058,False,review,False,,0.118,0.64,0.656,0.5005,0.5615,0.1295,0.4345,0.331,0.37960000000000005,0.37615000000000004,5.974573744086058,788,0.75,3.9579337440860582,1,698,0,90,review
Nc1ncnc2c1c(-c1cccc(OCc3ccccc3)c1)cn2[C@H]1C[C@@H](CN2CCC2)C1,5.547062507512038,0.02253998029079849,0.4427976541808974,439.5630000000003,4.916300000000004,69.2,1,5,6,7,0.3333333333333333,0,0.0,3.497086666666669,False,,1,aniline,0,,0,,1.0,0.6883635510180133,0.9788428200327512,0.17592592592592593,Lazertinib,0.0,0.8240740740740741,0.0,0.5590353764661602,0.88,0.9401506335430819,0.0,0.5947965025023105,0.9401506335430819,0.9401506335430819,0.059849366456918074,-0.7930620033364141,5.51325253707584,-0.04843201248576961,-0.2,0.29193292723041003,5.55675345182048,0.0,0.0,0.0,0.8001882919288525,0.0,0.9501882919288526,0.2,low,agents_strongly_disagree,4.606565159891628,False,review,False,,0.14,0.607,0.528,0.5005,0.108,0.141,0.4345,0.316,0.3637,0.32004999999999995,5.99319345182048,782,0.75,3.9406251598916278,1,699,0,83,review
O=C(Nc1ccc([N+](=O)[O-])cc1Cl)c1cc(Cl)ccc1O,5.105605343931792,0.014299302328669808,0.6611804498474478,327.12300000000005,3.859500000000001,92.47,2,4,2,3,0.0,0,0.0,1.7,False,,1,nitroso,1,nitroso,0,,1.0,0.5040746628981922,0.6437721143603494,0.189873417721519,Osimertinib,0.0,0.810126582278481,0.0,0.748264632031481,0.7,0.6853607313398823,0.0,0.5334063408428408,0.748264632031481,0.748264632031481,0.25173536796851903,-0.711208454457121,5.084156390438787,0.40618044984744783,-0.5,0.2039810032736316,5.194317843559867,0.0,0.0,0.0,0.5603307900393513,0.0,0.7103307900393513,0.2,low,agents_strongly_disagree,4.483987053520516,False,review,False,,0.067,0.877,0.986,0.5005,0.03,0.352,0.4345,0.579,0.45355,0.4109,5.738577843559867,830,0.75,3.927067053520516,1,700,0,130,review
CCOC(=O)C1=C(N)N(c2cccnc2)C2=C(C(=O)CCC2)C1c1cc2cc(C)ccc2n2nnnc12,5.419985678847096,0.014570486322777198,0.4239099524105624,495.54300000000035,3.3252200000000016,128.60000000000002,1,9,6,4,0.25925925925925924,0,0.0,3.9202866666666694,False,,0,,0,,0,,1.0,0.8987179487179487,1.0,0.11904761904761904,Lazertinib,0.0,0.8809523809523809,0.0,0.5323702174155529,1.0,0.9702380952380952,0.0,0.6256520781634121,1.0,1.0,0.0,-0.8342027708845494,5.3981299493629304,-0.1382071216635121,-0.0,0.3142857142857142,5.574208541985133,0.0,0.0,0.0,0.875,0.0,1.025,0.2,low,agents_strongly_disagree,4.5492085419851325,False,review,False,,0.115,0.574,0.384,0.5005,0.5615,0.0285,0.4345,0.562,0.32425000000000004,0.3396,5.963308541985133,791,0.75,3.9067285419851325,1,701,0,90,review
COc1cc(N2CCN(C)CC2)ccc1Nc1ncc(Cl)c(Oc2ccccc2NC(=O)CCO)n1,5.993884326058547,0.012738459495314994,0.3943004159261678,512.9980000000003,3.7472000000000016,112.08000000000001,3,9,4,9,0.32,1,0.5,3.786653333333335,False,,0,,0,,0,,1.0,0.8633743647656692,1.0,0.2653061224489796,Gefitinib,0.0,0.7346938775510203,0.11455415986791621,0.4712247159388795,1.0,0.9336734693877551,0.11455415986791621,0.6298630862986376,1.0,0.8854458401320838,0.11455415986791617,-0.6870785685742954,5.974776636815574,-0.8916975840738324,-0.0,0.2704081632653061,5.353487216007047,0.0,0.0,0.0,0.7318073001651049,0.0,0.8818073001651049,0.2,low,agents_strongly_disagree,4.471679915841943,False,review,False,,0.234,0.518,0.435,0.5005,0.5615,0.201,0.4345,0.653,0.37424999999999997,0.3938,5.802587216007047,818,0.75,3.8942399158419425,1,702,0,116,review
O=c1c2ccc(Cl)cc2nc(-c2ccccc2)n1-c1nnc(-c2ccccc2)s1,5.834305501214621,0.0242696013343405,0.40401094858111736,416.89300000000014,5.224600000000003,60.67,0,5,5,3,0.0,1,0.45,2.7459533333333344,False,,0,,0,,0,,1.0,0.8049343588427146,1.0,0.1625,Sunvozertinib,0.0,0.8375,0.06658765436961701,0.5165924319760248,1.0,0.959375,0.06658765436961701,0.6356387715864105,1.0,0.933412345630383,0.066587654369617,-0.7587348229557247,5.797901099213111,-0.7078820514188828,-0.0,0.30124999999999996,5.3912690477942276,0.0,0.0,0.0,0.7917654320379788,0.0,0.9417654320379788,0.2,low,agents_strongly_disagree,4.449503615756249,False,review,False,,0.198,0.535,0.7365,0.5005,0.5615,0.152,0.4345,0.271,0.406675,0.3917,5.879279047794228,805,0.75,3.869543615756249,1,703,0,102,review
COc1ccc(NC(=O)C2=C(C)NC(=O)NC2c2ccc(OC)c(OC)c2)c(OC)c1,5.14630611131301,0.029818703339700124,0.6271896499225599,427.4570000000002,2.9876000000000014,107.15000000000002,3,6,3,7,0.2727272727272727,0,0.0,3.166380000000002,False,,0,,0,,1,acrylamide_like,1.0,0.620403162055336,0.8552784764642472,0.19767441860465115,Osimertinib,0.0,0.8023255813953488,0.0,0.6731704613035617,0.92,0.8420402526970227,0.0,0.6088026785001461,0.92,0.92,0.07999999999999996,-0.8117369046668615,5.1015780563034605,0.17950537719528686,-0.0,0.2545172935346664,5.535600727033414,0.0,0.0,0.0,0.7750000000000001,0.1,1.0250000000000001,0.2,low,agents_strongly_disagree,4.510600727033414,False,review,False,,0.074,0.855,0.622,0.5005,0.067,0.171,0.4345,0.188,0.39769999999999994,0.33935,6.0128407270334145,779,0.75,3.867820727033414,1,704,0,75,review
O=C(Cc1cccc(Br)c1)NS(=O)(=O)c1ccc(Br)cc1,4.640177737109132,0.0022025250801258477,0.8058294777753774,433.1210000000001,3.2592000000000017,63.24,1,3,2,4,0.07142857142857142,0,0.0,2.3541400000000006,False,,0,,0,,0,,1.0,0.8634210526315789,1.0,0.1111111111111111,Osimertinib,0.0,0.8888888888888888,0.0,0.8026623666226114,1.0,0.9722222222222222,0.0,0.6937211472112084,1.0,1.0,0.0,-0.9249615296149445,4.636873949488944,0.45985133491823443,-0.0,0.3166666666666666,5.413391951073844,0.0,0.0,0.0,0.875,0.0,1.025,0.2,low,agents_strongly_disagree,4.388391951073844,False,review,False,,0.026,0.979,0.828,0.5005,0.5615,0.0285,0.4345,0.997,0.43179999999999996,0.4398,5.931551951073844,797,0.75,3.866151951073844,1,705,0,92,review
Nc1ccc(-c2cc(=O)c3cc(N)c(O)cc3o2)cc1,5.1742772517247015,0.038023637067473776,0.46402498169999906,268.272,2.33,102.48,3,5,3,1,0.0,0,0.0,1.7000000000000002,False,,1,aniline,0,,0,,1.0,0.5410186768257097,0.7109430487740175,0.10666666666666667,Sunvozertinib,0.0,0.8933333333333333,0.0,0.6398291245503842,0.88,0.7565406199138465,0.0,0.5690924361160576,0.88,0.88,0.12,-0.7587899148214102,5.117241796123491,0.20902498169999906,-0.2,0.2457357621935043,5.372002540016994,0.0,0.0,0.0,0.7250000000000001,0.0,0.8750000000000001,0.2,low,agents_strongly_disagree,4.497002540016994,False,review,False,,0.08,0.637,0.98,0.5005,0.041,0.2055,0.4345,0.098,0.4105,0.3406,5.864602540016994,809,0.75,3.855722540016994,1,706,0,103,review
Cn1c(NCc2cccc(C(F)(F)F)c2)cc(=O)n(C)c1=O,4.598180626018401,0.0224389534766341,0.938484331341391,313.27900000000005,1.7148999999999999,56.03,1,3,2,3,0.2857142857142857,0,0.0,1.7,False,,0,,0,,0,,1.0,0.47057692307692306,0.5828671328671329,0.13333333333333333,Afatinib,0.0,0.8666666666666667,0.0,0.9007817668531497,1.0,0.6538170163170163,0.0,0.6386496957925415,1.0,1.0,0.0,-0.8515329277233886,4.56452219580345,0.7120557599128196,-0.0,0.20571678321678322,5.482294738933053,0.0,0.0,0.0,0.875,0.0,1.025,0.2,low,agents_strongly_disagree,4.457294738933053,False,review,False,,0.022,0.999,0.986,0.5005,0.02,0.0285,0.4345,0.317,0.4577,0.36924999999999997,6.031534738933053,775,0.75,3.850394738933053,1,707,0,68,review
COc1ccc(C(/C=C/c2ccccc2Cl)=N\NC(N)=S)cc1,5.088104978844128,0.017515245539919448,0.4935929036302681,345.855,3.5993000000000013,59.64,2,3,2,5,0.058823529411764705,0,0.0,1.9,False,,1,thiourea,0,,0,,1.0,0.7604428206065035,1.0,0.1511627906976744,Osimertinib,0.0,0.8488372093023255,0.0,0.6483991739197243,0.88,0.9622093023255813,0.0,0.6226521190613263,0.9622093023255813,0.9622093023255813,0.03779069767441867,-0.8302028254151018,5.061832110534249,0.2144752565714446,-0.2,0.30465116279069765,5.380958529896391,0.0,0.0,0.0,0.8277616279069766,0.0,0.9777616279069766,0.2,low,agents_strongly_disagree,4.403196901989415,False,review,False,,0.065,0.679,0.956,0.5005,0.5615,0.1,0.4345,0.453,0.40854999999999997,0.39925000000000005,5.8712185298963915,807,0.75,3.832296901989415,1,708,0,99,review
O=C(NCc1ccccc1)c1cc2cc(O)c(O)cc2cn1,5.610130557549327,0.01146409479787029,0.6483629616969674,294.31,2.5760000000000014,82.45,3,4,3,3,0.058823529411764705,0,0.0,1.9000000000000001,True,catechol_A(92),0,,0,,0,,1.0,0.6602315592903828,0.9276937441643323,0.14864864864864866,Sunvozertinib,0.0,0.8513513513513513,0.01950777302882266,0.7335227058564089,0.75,0.908608145961087,0.01950777302882266,0.6029096562115797,0.908608145961087,0.8891003729322643,0.1108996270677357,-0.7778691775770094,5.592934415352522,0.3692453146381438,-0.4,0.28732884144648846,5.849508571437154,0.0,0.0,0.0,0.7363754661653305,0.0,1.0738754661653305,0.45,medium,unsafe_structure_can_game_single_score;agents_strongly_disagree,4.775633105271823,False,review,False,,0.149,0.869,0.9475,0.5005,0.088,0.198,0.043,0.706,0.48307500000000003,0.38804999999999995,6.429198571437154,677,0.75,3.816293105271823,1,709,32,0,review
C=CC(=O)N1CC[C@H](Nc2cncc(-c3cnc(Nc4cccc(OC(F)F)c4)nc3)c2)C1,5.23917954463587,0.02061229374575981,0.4976935675984862,452.46500000000015,4.082400000000002,92.27000000000001,2,7,4,8,0.21739130434782608,0,0.0,3.6331000000000016,False,,0,,0,,1,acrylamide_like,1.0,0.7993203213723477,1.0,0.20430107526881722,Sunvozertinib,0.0,0.7956989247311828,0.0,0.583996846794552,0.92,0.9489247311827957,0.0,0.6132303944943369,0.9489247311827957,0.9489247311827957,0.051075268817204256,-0.8176405259924492,5.20826110401723,-0.025532301966731438,-0.0,0.28870967741935477,5.471438479469853,0.0,0.0,0.0,0.8111559139784946,0.1,1.0611559139784945,0.2,low,agents_strongly_disagree,4.410282565491359,False,review,False,,0.085,0.686,0.489,0.5005,0.5615,0.132,0.4345,0.36,0.3489,0.35814999999999997,5.890118479469853,804,0.75,3.7900625654913593,1,710,0,94,review
O=C(Nc1ccc(Nc2ncnc3sc4c(c23)CCCC4)cc1)Nc1cccc(Br)c1,5.986947741734241,0.04242414269860104,0.2943569708171959,494.4180000000001,6.720200000000005,78.94,3,5,5,4,0.17391304347826086,1,0.45,3.3627866666666675,False,,0,,0,,0,,1.0,0.7125097809076683,1.0,0.2289156626506024,Sunvozertinib,0.0,0.7710843373493976,0.0920400355445395,0.432558385231509,1.0,0.9427710843373494,0.0920400355445395,0.6168423762783495,1.0,0.9079599644554605,0.09204003554453954,-0.6997364543117466,5.923311527686339,-0.8926697248349781,-0.0,0.2813253012048193,5.31196710405618,0.0,0.0,0.0,0.7599499555693257,0.0,0.9099499555693257,0.2,low,agents_strongly_disagree,4.402017148486854,False,review,False,,0.231,0.344,0.566,0.5005,0.5615,0.184,0.4345,0.054,0.35775,0.3482499999999999,5.741267104056179,829,0.75,3.7699171484868534,1,711,0,118,review
CCC(=O)N1CCC[C@@H](n2c(=O)c(-c3ccccc3Cl)c(C)c3cnc(Nc4ccc(N5CCN(C)CC5)c(C)c4)nc32)C1,7.4356394469783735,0.034127095850325626,0.29419983246889264,614.194,5.797640000000006,86.6,1,7,6,6,0.4117647058823529,2,0.95,4.911293333333333,True,anil_di_alk_A(478),0,,0,,0,,1.0,0.9092546630768483,1.0,0.20869565217391303,Gefitinib,0.0,0.7913043478260869,0.46002089464936546,0.3229140104219935,0.75,0.9478260869565217,0.3229140104219935,0.6201902480069702,0.9478260869565217,0.6249120765345282,0.3750879234654718,-0.21355913781013958,7.384448803202885,-1.851317696942872,-0.4,0.28739130434782606,5.420522410607839,0.0,0.0,0.0,0.40614009566816023,0.0,0.7436400956681603,0.45,medium,unsafe_structure_can_game_single_score;agents_strongly_disagree,4.676882314939679,False,review,False,,0.619,0.343,0.124,0.5005,0.5615,0.603,0.043,0.133,0.46585,0.42700000000000005,5.97954241060784,785,0.75,3.7642823149396794,1,712,0,73,review
COc1cc(/C=C(/C#N)C(N)=O)cc(CSCc2ccc(Cl)cc2)c1O,4.900204897325861,0.011890344791138987,0.5538249233666853,388.8760000000001,3.879880000000003,96.33999999999999,2,5,2,7,0.15789473684210525,0,0.0,2.359173333333334,False,,0,,0,,1,acrylamide_like,1.0,0.8490861516831993,1.0,0.18888888888888888,Osimertinib,0.0,0.8111111111111111,0.0,0.663866271954241,0.92,0.9527777777777777,0.0,0.6341610124330046,0.9527777777777777,0.9527777777777777,0.047222222222222276,-0.8455480165773395,4.882369380139153,0.21573839705089576,-0.0,0.2933333333333333,5.391441110523382,0.0,0.0,0.0,0.8159722222222221,0.1,1.065972222222222,0.2,low,agents_strongly_disagree,4.32546888830116,False,review,False,,0.043,0.758,0.824,0.5005,0.5615,0.122,0.4345,0.685,0.39464999999999995,0.4051,5.865021110523382,808,0.75,3.7615888883011595,1,713,0,95,review
Cc1ccc(C(=O)Nc2ccc(CN3CCN(C)CC3)c(C(F)(F)F)c2)cc1NC(=O)c1cnc(N(C)C)nc1,5.960560734226953,0.06460439459160625,0.45313474701377987,555.6050000000001,4.121820000000003,93.7,2,7,4,7,0.35714285714285715,1,0.5,3.870700000000001,False,,0,,0,,0,,1.0,0.8464450127877239,1.0,0.21,Gefitinib,0.0,0.79,0.0699171073426139,0.500351033934502,1.0,0.9475,0.0699171073426139,0.6294420353192789,1.0,0.9300828926573861,0.06991710734261392,-0.7460332373022202,5.863654142339544,-0.8417559672719346,-0.0,0.287,5.308898175067609,0.0,0.0,0.0,0.7876036158217326,0.0,0.9376036158217326,0.2,low,agents_strongly_disagree,4.371294559245877,False,review,False,,0.227,0.618,0.4,0.5005,0.5615,0.156,0.4345,0.007,0.38585,0.36640000000000006,5.77191817506761,824,0.75,3.760974559245877,1,714,0,110,review
CN(/N=N/c1ccc2ncnc(Nc3cccc(Cl)c3)c2c1)C(=O)OCCl,6.5907103527837645,0.037599333953111755,0.35378891707739485,405.2450000000001,5.290200000000003,92.07000000000001,1,7,3,5,0.11764705882352941,1,0.45,2.468300000000001,True,azo_A(324),1,alkyl_halide,0,,0,,1.0,0.8936647022332507,1.0,0.33766233766233766,Afatinib,0.0,0.6623376623376623,0.2463580544287629,0.4996492890079518,0.63,0.9155844155844156,0.2463580544287629,0.5728979397552826,0.9155844155844156,0.6692263611556527,0.3307736388443473,-0.435386513768693,6.534311351854097,-0.7046913770402524,-0.6000000000000001,0.2487012987012987,5.478321273515142,0.0,0.0,0.0,0.4615329514445659,0.0,0.799032951444566,0.45,medium,unsafe_structure_can_game_single_score;agents_strongly_disagree,4.679288322070576,False,review,False,,0.357,0.451,0.796,0.5005,0.5615,0.505,0.043,0.102,0.47035000000000005,0.42044999999999993,6.0427412735151425,772,0.75,3.758828322070576,1,715,0,57,review
CCC(=O)N1CCC(c2ccc(Nc3nc(N4CCC[C@@H](NC(=O)N5CCCCC5)C4)cnc3C(N)=O)cc2)CC1,5.860452717280806,0.010101977675004214,0.46898018892863086,562.7190000000004,3.599400000000002,136.79,3,7,5,7,0.5666666666666667,1,0.5,4.468126666666669,False,,0,,0,,0,,1.0,0.846954954954955,1.0,0.1509433962264151,Osimertinib,0.0,0.8490566037735849,0.08304179494769852,0.4860880782697212,1.0,0.9622641509433962,0.08304179494769852,0.632848506040204,1.0,0.9169582050523015,0.08304179494769848,-0.7330756147900074,5.8452997507683,-0.8945721444047028,-0.0,0.3047169811320755,5.255444587495672,0.0,0.0,0.0,0.7711977563153769,0.0,0.9211977563153769,0.2,low,agents_strongly_disagree,4.3342468311802955,False,review,False,,0.204,0.643,0.239,0.5005,0.5615,0.178,0.4345,0.775,0.35635000000000006,0.38774999999999993,5.6830645874956724,838,0.75,3.7495468311802957,1,716,0,122,review
CC(c1cccc(F)c1)n1ncc2cc(Nc3ncnc4cc(C#C[C@@H]5C[C@@H](OC(=O)N6CCOCC6)CN5)sc34)ccc21,6.789011017850385,0.018592994762654184,0.2651837898701636,611.7030000000003,5.083800000000004,106.43,2,9,7,5,0.3125,2,0.95,5.6946866666666685,False,,0,,0,,0,,1.0,0.7870604552500612,1.0,0.2689075630252101,Dacomitinib,0.0,0.73109243697479,0.3092376581287382,0.2768246741721797,1.0,0.9327731092436975,0.2768246741721797,0.6297088603861538,1.0,0.7231753258278203,0.2768246741721797,-0.42729493634322097,6.761121525706403,-2.007769210129837,-0.0,0.26932773109243696,5.022680046669003,0.0,0.0,0.0,0.5289691572847753,0.0,0.6789691572847754,0.2,low,agents_strongly_disagree,4.343710889384228,False,review,False,,0.408,0.278,0.038,0.5005,0.5615,0.396,0.4345,0.421,0.345,0.37820000000000004,5.436680046669003,870,0.75,3.747550889384228,1,717,0,153,review
COc1cc2c(cc1OC)Sc1ncnc(Sc3cccc(Br)c3)c1NC2,5.627934389475184,0.012814447481690026,0.5152692493671902,462.3940000000001,5.484200000000003,56.27,1,7,4,4,0.15789473684210525,1,0.45,2.9492933333333338,False,,0,,0,,0,,1.0,0.7532955488461607,1.0,0.1827956989247312,Gefitinib,0.0,0.8172043010752688,0.02301348413161306,0.5699637281775957,1.0,0.9543010752688172,0.02301348413161306,0.6368195718945064,1.0,0.9769865158683869,0.023013484131613082,-0.8184081170171913,5.608712718252649,-0.6113352769485993,-0.0,0.2951612903225806,5.29253873162663,0.0,0.0,0.0,0.8462331448354837,0.0,0.9962331448354838,0.2,low,agents_strongly_disagree,4.296305586791146,False,review,False,,0.152,0.716,0.675,0.5005,0.5615,0.063,0.4345,0.649,0.41295000000000004,0.40889999999999993,5.78807873162663,820,0.75,3.736985586791146,1,718,0,102,review
COc1ccc(CC(CO)n2cc(-c3ccccc3)c3c(N)ncnc32)cc1,5.079036323533893,0.01297276187098866,0.5396836597980335,374.44400000000013,3.465200000000001,86.19,2,5,4,6,0.18181818181818182,0,0.0,2.912960000000001,False,,1,aniline,0,,0,,1.0,0.8532856820889275,1.0,0.21518987341772153,Afatinib,0.0,0.7848101265822784,0.0,0.6347890898119952,0.88,0.9462025316455696,0.0,0.6152479053643911,0.9462025316455696,0.9462025316455696,0.053797468354430444,-0.8203305404858549,5.05957718072741,0.12092147797985153,-0.2,0.2854430379746835,5.265941696681945,0.0,0.0,0.0,0.8077531645569619,0.0,0.9577531645569619,0.2,low,agents_strongly_disagree,4.308188532124983,False,review,False,,0.061,0.747,0.688,0.5005,0.5615,0.136,0.4345,0.642,0.38015,0.3945,5.722121696681945,833,0.75,3.7315885321249826,1,719,0,114,review
COc1cc2c(cc1OC)Sc1nc(C)nc(Nc3ccc4[nH]cnc4c3)c1NC2,5.075151498714858,0.006989871128845239,0.41540044023496164,420.4980000000001,4.498820000000001,96.98,3,8,5,4,0.19047619047619047,0,0.0,2.869986666666667,False,,0,,0,,0,,1.0,0.7621268656716418,1.0,0.25,Gefitinib,0.0,0.75,0.0,0.5680861395651264,1.0,0.9375,0.0,0.6263965348912817,1.0,1.0,0.0,-0.8351953798550422,5.06466669202159,0.003950059282580645,-0.0,0.27499999999999997,5.343616751304171,0.0,0.0,0.0,0.875,0.0,1.025,0.2,low,agents_strongly_disagree,4.318616751304171,False,review,False,,0.059,0.557,0.702,0.5005,0.5615,0.0285,0.4345,0.896,0.34335000000000004,0.36874999999999997,5.755636751304171,827,0.75,3.7111167513041714,1,720,0,107,review
Nc1ncnc2c1c(-c1ccc(CNC(=O)c3nccc4ccccc34)cc1)nn2C1CCCC1,5.363432141663429,0.02424357831046852,0.39179410240679075,463.54500000000024,4.668800000000004,111.61000000000001,2,6,6,5,0.2222222222222222,0,0.0,3.4569666666666685,False,,1,aniline,0,,0,,1.0,0.7813648779012468,1.0,0.1834862385321101,Lazertinib,0.0,0.8165137614678899,0.0,0.5325264999134784,0.88,0.9541284403669725,0.0,0.5916637350701127,0.9541284403669725,0.9541284403669725,0.04587155963302747,-0.7888849800934836,5.327066774197726,-0.10452867537098728,-0.2,0.29495412844036695,5.317492227267106,0.0,0.0,0.0,0.8176605504587156,0.0,0.9676605504587156,0.2,low,agents_strongly_disagree,4.349831676808391,False,review,False,,0.104,0.515,0.538,0.5005,0.5615,0.118,0.4345,0.272,0.3306,0.33729999999999993,5.714212227267106,834,0.75,3.7045916768083904,1,721,0,113,review
CCN1CCN(c2ccc(Nc3nc(Oc4ccc5ccc(=O)[nH]c5c4)c4sccc4n3)c(OC)c2)CC1,6.47170331256649,0.011549477689821373,0.2969630926038452,528.6380000000001,5.219200000000004,95.61,2,9,6,7,0.25,2,0.95,4.0909200000000014,False,,0,,0,,0,,1.0,0.7640232831505942,1.0,0.20952380952380953,Gefitinib,0.0,0.7904761904761904,0.23484119375874749,0.3559866240090379,1.0,0.9476190476190476,0.23484119375874749,0.6346117163467082,1.0,0.7651588062412525,0.23484119375874746,-0.5330273634506144,6.454379096031758,-1.741674907396155,-0.0,0.2871428571428571,4.99984704577846,0.0,0.0,0.0,0.5814485078015657,0.0,0.7314485078015657,0.2,low,agents_strongly_disagree,4.2683985379768945,False,review,False,,0.33,0.347,0.332,0.5005,0.5615,0.321,0.4345,0.699,0.3678,0.40095,5.4412070457784605,869,0.75,3.6995385379768946,1,722,0,147,review
COc1cc2ncnc3c2cc1OCCOCCOc1ccc(Cl)c(c1)N3,5.069533768414883,0.028550943385655555,0.6797592443265967,387.82300000000004,3.8232000000000026,74.73000000000002,1,7,4,1,0.2631578947368421,0,0.0,4.152153333333334,False,,0,,0,,0,,1.0,0.7818511796733212,1.0,0.3411764705882353,Erlotinib,0.0,0.6588235294117647,0.0,0.6641693792514232,1.0,0.9147058823529411,0.0,0.6447188154010911,1.0,1.0,0.0,-0.8596250872014548,5.026707353336399,0.08325203380028093,-0.0,0.2476470588235294,5.35760644596021,0.0,0.0,0.0,0.875,0.0,1.025,0.2,low,agents_strongly_disagree,4.332606445960209,False,review,False,,0.058,0.896,0.317,0.5005,0.5615,0.0285,0.4345,0.203,0.35295,0.34614999999999996,5.78114644596021,822,0.75,3.6979864459602094,1,723,0,99,review
C[C@@H]1[C@H](N2CCCN(C)C2=O)CCCN1c1cnc(C#N)c(Nc2ccc(C3CCN(C4CCCC4)CC3)cc2)n1,6.447097331673865,0.02933076627340268,0.5143087068932143,556.7590000000004,5.328680000000006,91.63,1,7,6,6,0.625,2,0.95,4.878393333333337,False,,0,,0,,0,,1.0,0.6244999253619943,0.8627271370218077,0.15178571428571427,Erlotinib,0.0,0.8482142857142857,0.21624279652708428,0.44523927597075497,1.0,0.8590989241949272,0.21624279652708428,0.6301452491731916,1.0,0.7837572034729157,0.21624279652708434,-0.5518699368614766,6.403101182263761,-1.604950293106786,-0.0,0.2701460699697376,5.068296959126713,0.0,0.0,0.0,0.6046965043411446,0.0,0.7546965043411447,0.2,low,agents_strongly_disagree,4.313600454785568,False,review,False,,0.325,0.714,0.13,0.5005,0.069,0.305,0.4345,0.193,0.40865000000000007,0.35815,5.558676959126713,854,0.75,3.6933804547855686,1,724,0,130,review
CCNS(=O)(=O)c1cnc(Nc2ccnc(-c3cnn(S(=O)(=O)C4CC4)c3)n2)cc1N[C@@H](C)CC,6.19579293605683,0.036319656395543604,0.34208370043203123,520.6410000000003,2.3275999999999994,160.85999999999999,3,10,4,11,0.42857142857142855,1,0.75,4.387606666666668,False,,0,,0,,0,,1.0,0.7835087719298246,1.0,0.2222222222222222,Lazertinib,0.0,0.7777777777777778,0.14852447453732703,0.4193919326735146,1.0,0.9444444444444444,0.14852447453732703,0.6280902129138215,1.0,0.8514755254626729,0.1485244745373271,-0.6394209845019927,6.141313451463515,-1.273200156710826,-0.0,0.2833333333333333,5.151446628086022,0.0,0.0,0.0,0.6893444068283411,0.0,0.8393444068283411,0.2,low,agents_strongly_disagree,4.312102221257681,False,review,False,,0.281,0.43,0.261,0.5005,0.5615,0.239,0.4345,0.111,0.3517,0.354,5.573486628086022,851,0.75,3.6869022212576814,1,725,0,126,review
C=C(F)C(=O)Nc1cccc(Nc2nc(Nc3ccc(N4CCN(C(C)=O)CC4)c(C)c3)ncc2Cl)c1,7.0322851028665685,0.013346757325265723,0.3737539418372812,524.0000000000003,5.015820000000003,102.49,3,7,4,7,0.23076923076923078,2,0.95,3.660000000000003,True,anil_di_alk_A(478),0,,0,,1,acrylamide_like,1.0,0.8317816916641532,1.0,0.2727272727272727,Sunvozertinib,0.0,0.7272727272727273,0.37372854558895613,0.41479543724127377,0.67,0.9318181818181819,0.37372854558895613,0.5975855411621029,0.9318181818181819,0.5580896362292258,0.4419103637707742,-0.29847599409752906,7.01226496687867,-1.602169135085796,-0.4,0.26818181818181813,5.278277649974692,0.0,0.0,0.0,0.32261204528653226,0.1,0.7601120452865323,0.45,medium,unsafe_structure_can_game_single_score;agents_strongly_disagree,4.51816560468816,False,review,False,,0.47,0.485,0.482,0.5005,0.5615,0.734,0.043,0.622,0.4809,0.47695000000000004,5.8553576499746915,811,0.75,3.6655056046881596,1,726,0,85,review
CC(C)c1ccc(COC(=O)c2cc(NCc3cc(O)ccc3O)ccc2O)cc1,5.866223395868207,0.01136125279909472,0.3285543801054991,407.46600000000007,4.895900000000006,99.02000000000001,4,6,3,7,0.20833333333333334,0,0.0,2.683106666666667,True,mannich_A(296),0,,0,,0,,1.0,0.7644283559577677,1.0,0.14606741573033707,Osimertinib,0.0,0.8539325842696629,0.08360297200768552,0.5275084988016143,0.75,0.9634831460674157,0.08360297200768552,0.5811486542191788,0.9634831460674157,0.8798801740597302,0.12011982594026982,-0.6633942429486578,5.8491815166695655,-0.05307828656116762,-0.4,0.30617977528089885,5.7022830053892966,0.0,0.0,0.0,0.7248502175746627,0.0,1.0623502175746626,0.45,medium,unsafe_structure_can_game_single_score;agents_strongly_disagree,4.639932787814634,False,review,False,,0.206,0.413,0.755,0.5005,0.5615,0.207,0.043,0.712,0.38864999999999994,0.36605000000000004,6.168663005389297,751,0.75,3.654192787814634,1,727,0,24,review
O=C(/C=C/CN1CCCCC1)N1CCOc2c1ccc1ncnc(Nc3ccc(Oc4ccn5ncnc5c4)c(Cl)c3)c21,6.598360641675365,0.015322204438629894,0.23900981855999298,597.0790000000002,5.629300000000006,110.01,1,9,7,7,0.25806451612903225,2,0.95,4.747193333333335,False,,0,,0,,1,acrylamide_like,1.0,0.8555734767025089,1.0,0.2767857142857143,Dacomitinib,0.0,0.7232142857142857,0.2638646173118003,0.2988710412336371,0.92,0.9308035714285714,0.2638646173118003,0.6033848074935022,0.9308035714285714,0.6669389541167712,0.3330610458832288,-0.45269358690893596,6.57537733501742,-1.8972627298271039,-0.0,0.2669642857142857,4.945078890904601,0.0,0.0,0.0,0.45867369264596397,0.1,0.708673692645964,0.2,low,agents_strongly_disagree,4.2364051982586375,False,review,False,,0.362,0.223,0.165,0.5005,0.5615,0.514,0.4345,0.535,0.33235,0.3863499999999999,5.343898890904601,883,0.75,3.6500251982586374,1,728,0,155,review
N#Cc1ccc(-c2cn3c(CC(=O)N/N=C/c4ccc(O)cc4)csc3n2)cc1,5.815666228408085,0.013385922816289732,0.3953946530152521,401.4510000000001,3.332880000000001,102.78,2,6,4,5,0.047619047619047616,0,0.0,2.6430066666666674,True,hzone_phenol_B(215),0,,0,,0,,1.0,0.8887060889929742,1.0,0.09821428571428571,Lazertinib,0.0,0.9017857142857143,0.06954641113061835,0.5658129565942861,0.75,0.9754464285714286,0.06954641113061835,0.5902014490740832,0.9754464285714286,0.9059000174408103,0.09409998255918972,-0.6942067172579532,5.79558734418365,0.003705557777156771,-0.4,0.3205357142857143,5.719828616246521,0.0,0.0,0.0,0.7573750218010128,0.0,1.0948750218010128,0.45,medium,unsafe_structure_can_game_single_score;agents_strongly_disagree,4.6249535944455085,False,review,False,,0.192,0.522,0.762,0.5005,0.5615,0.187,0.043,0.621,0.4052,0.37235000000000007,6.206068616246521,737,0.75,3.6467735944455084,1,729,0,8,review
COc1ccc(/C=C/C(=N/NC(N)=S)c2ccccc2)cc1,4.850944143002137,0.0067429259797727025,0.5062295847973227,311.41,2.9459000000000017,59.64,2,3,2,5,0.058823529411764705,0,0.0,1.9,False,,1,thiourea,0,,0,,1.0,0.835363382509205,1.0,0.13157894736842105,Afatinib,0.0,0.868421052631579,0.0,0.6553493485616044,0.88,0.9671052631578947,0.0,0.6256136529298748,0.9671052631578947,0.9671052631578947,0.03289473684210531,-0.834151537239833,4.8408297540324785,0.22711193773849922,-0.2,0.3105263157894737,5.1784680075604514,0.0,0.0,0.0,0.8338815789473684,0.0,0.9838815789473684,0.2,low,agents_strongly_disagree,4.194586428613083,False,review,False,,0.04,0.702,0.956,0.5005,0.5615,0.082,0.4345,0.905,0.4018999999999999,0.4159999999999999,5.660748007560452,841,0.75,3.643786428613083,1,730,0,111,review
CC1CCN(C/C=C/C(=O)N2CCOc3cc4ncnc(Nc5ccc(OCc6cccc(F)c6)c(Cl)c5)c4cc32)CC1,6.652452791198861,0.03646580494081844,0.2235842444109308,602.11,6.758400000000007,79.82000000000001,1,7,6,8,0.30303030303030304,2,0.95,4.680733333333333,False,,0,,0,,1,acrylamide_like,1.0,0.9068372606342386,1.0,0.3584905660377358,Dacomitinib,0.0,0.6415094339622642,0.26258713434114245,0.29294312929780686,0.92,0.9103773584905661,0.26258713434114245,0.5964769055323789,0.92,0.6574128656588576,0.3425871343411424,-0.44518636158831515,6.597754083787634,-1.8982227252860389,-0.0,0.24245283018867925,4.941984188690274,0.0,0.0,0.0,0.446766082073572,0.1,0.696766082073572,0.2,low,agents_strongly_disagree,4.245218106616702,False,review,False,,0.376,0.183,0.187,0.5005,0.5615,0.531,0.4345,0.109,0.33394999999999997,0.36715000000000003,5.342724188690274,886,0.75,3.6357981066167016,1,731,0,155,review
Cc1cc(Nc2cc(N3CCN(C)CC3)nc(Oc3ccc(N)cc3)n2)n[nH]1,5.73323878136992,0.01324830406302131,0.5791461228181294,380.456,2.3780199999999994,108.22,3,8,4,5,0.3157894736842105,0,0.0,2.5030400000000004,True,anil_no_alk(40),1,aniline,0,,0,,1.0,0.7904900472334683,1.0,0.2,Gefitinib,0.0,0.8,0.04903588249836507,0.6722595983192019,0.63,0.95,0.04903588249836507,0.5753238702043917,0.95,0.9009641175016349,0.09903588249836515,-0.7017173169413689,5.713366325275388,0.23526907018655036,-0.6000000000000001,0.29,5.638635395461939,0.0,0.0,0.0,0.7512051468770437,0.0,1.0887051468770437,0.45,medium,unsafe_structure_can_game_single_score;agents_strongly_disagree,4.549930248584895,False,review,False,,0.176,0.796,0.791,0.5005,0.5615,0.194,0.043,0.626,0.45714999999999995,0.4124999999999999,6.187215395461939,745,0.75,3.619930248584895,1,732,0,13,review
O=c1c(O)c(-c2ccc(O)c(O)c2)oc2cc(O)cc(O)c12,5.491059038944535,0.008815751914792577,0.43419044029909815,302.23800000000006,1.988,131.36,5,7,3,1,0.0,0,0.0,1.7000000000000002,True,catechol_A(92),0,,0,,0,,1.0,0.510970695970696,0.6563103563103563,0.09210526315789473,Sunvozertinib,0.0,0.9078947368421053,0.0,0.6234201267798887,0.75,0.7192064514432935,0.0,0.5231566445557956,0.75,0.75,0.25,-0.6975421927410608,5.477835411072346,0.17919044029909814,-0.4,0.23644601013022065,5.493471861501664,0.0,0.0,0.0,0.5625,0.0,0.9,0.45,medium,unsafe_structure_can_game_single_score;agents_strongly_disagree,4.593471861501664,False,review,False,,0.128,0.594,0.98,0.5005,0.033,0.3485,0.043,0.835,0.4235,0.35975000000000007,6.001671861501665,781,0.75,3.6001718615016642,1,733,0,48,review
CC(C)c1cc(/C=C2\C(=O)Nc3ccc(Cl)cc32)cc(C(C)C)c1O,5.163699896330415,0.0047695191837268695,0.6848611623653184,355.8650000000001,5.785100000000004,49.33,2,2,3,3,0.2857142857142857,1,0.45,1.939100000000001,False,,0,,0,,1,acrylamide_like,1.0,0.6374635014404708,0.8862972753463104,0.15384615384615385,Sunvozertinib,0.0,0.8461538461538461,0.0,0.7020928700701559,0.92,0.8762614180481944,0.0,0.6245885720295875,0.92,0.92,0.07999999999999996,-0.8327847627061167,5.1565456175548245,-0.2774324090632532,-0.0,0.27542047268273145,5.1545336811743026,0.0,0.0,0.0,0.7750000000000001,0.1,1.0250000000000001,0.2,low,agents_strongly_disagree,4.129533681174302,False,review,False,,0.077,0.901,0.941,0.5005,0.079,0.171,0.4345,0.958,0.45610000000000006,0.41875,5.701853681174303,837,0.75,3.5820336811743028,1,734,0,103,review
C=CC(=O)Nc1cc(Nc2ncc(Cl)c(-c3cnn4ccccc34)n2)c(OC)cc1N1CCC(N(C)C)C1,5.92429159931158,0.015310240732400325,0.32079144913464325,533.0360000000002,4.461700000000003,99.91999999999999,2,8,5,8,0.25925925925925924,1,0.5,4.370240000000002,False,,0,,0,,1,acrylamide_like,1.0,0.8912273057371097,1.0,0.3137254901960784,Osimertinib,0.0,0.6862745098039216,0.0953557313152148,0.40834914317789994,0.92,0.9215686274509804,0.0953557313152148,0.5863183754860237,0.9215686274509804,0.8262128961357657,0.17378710386423435,-0.6546168588944121,5.901326238212979,-1.0588186249394311,-0.0,0.25588235294117645,5.098389966214724,0.0,0.0,0.0,0.6577661201697071,0.1,0.9077661201697071,0.2,low,agents_strongly_disagree,4.190623846045018,False,review,False,,0.218,0.395,0.266,0.5005,0.5615,0.261,0.4345,0.536,0.31710000000000005,0.35379999999999995,5.478909966214724,863,0.75,3.5651838460450174,1,735,0,128,review
CCCCNC(=O)c1ccc(N(CCCl)CCCl)cc1,4.7454030669390574,0.018548844338906217,0.5583465463144338,317.25999999999993,3.5005000000000024,32.34,1,2,1,9,0.5333333333333333,0,0.0,2.1,False,,1,alkyl_halide,0,,0,,1.0,0.6753246753246753,0.9551357733175914,0.125,Afatinib,0.0,0.875,0.0,0.6763213697037078,0.88,0.9351018299881935,0.0,0.6228557999229754,0.9351018299881935,0.9351018299881935,0.06489817001180653,-0.8304743998973004,4.717579800430698,0.29667987964776715,-0.2,0.30128394332939784,5.115543623407863,0.0,0.0,0.0,0.7938772874852418,0.0,0.9438772874852418,0.2,low,agents_strongly_disagree,4.171666335922621,False,review,False,,0.036,0.764,0.894,0.5005,0.096,0.148,0.4345,0.427,0.4032,0.3540499999999999,5.599383623407863,848,0.75,3.5465263359226213,1,736,0,112,review
c1ccc(Cc2nnc(Cc3nc4ccccc4[nH]3)o2)cc1,4.554962417217889,0.020429654903587228,0.6267395220085372,290.326,3.1275000000000013,67.6,1,4,4,4,0.11764705882352941,0,0.0,2.2,False,,0,,0,,0,,1.0,0.7632795829619425,1.0,0.12222222222222222,Lazertinib,0.0,0.8777777777777778,0.0,0.7100913524893109,1.0,0.9694444444444444,0.0,0.6698839492334389,1.0,1.0,0.0,-0.8931785989779185,4.524317934862508,0.30850422789089016,-0.0,0.3133333333333333,5.146155496086732,0.0,0.0,0.0,0.875,0.0,1.025,0.2,low,agents_strongly_disagree,4.1211554960867325,False,review,False,,0.018,0.853,0.8625,0.5005,0.5615,0.0285,0.4345,0.363,0.40817499999999995,0.39025,5.635965496086732,844,0.75,3.539455496086733,1,737,0,107,review
CCC(=O)N1CC[C@H](N2C(=O)N(c3cc(OC)ccc3F)Cc3cnc(Nc4ccc(N5CCN(C)CC5)c(C)c4)nc32)C1,6.462597086295,0.0032858761039514283,0.4257153718495892,602.715,4.385620000000004,97.38,1,8,6,7,0.4375,1,0.5,4.934766666666667,True,anil_di_alk_A(478),0,,0,,0,,1.0,0.9348786892463481,1.0,0.23893805309734514,Gefitinib,0.0,0.7610619469026548,0.23834915830098405,0.4443447365685561,0.75,0.9402654867256637,0.23834915830098405,0.593239845398801,0.9402654867256637,0.7019163284246797,0.29808367157532034,-0.4731875827970893,6.457668272139073,-1.020749628150411,-0.4,0.2783185840707964,5.315237228059458,0.0,0.0,0.0,0.5023954105308496,0.0,0.8398954105308496,0.45,medium,unsafe_structure_can_game_single_score;agents_strongly_disagree,4.475341817528609,False,review,False,,0.328,0.582,0.118,0.5005,0.5615,0.442,0.043,0.984,0.38180000000000003,0.40140000000000003,5.7733972280594585,823,0.75,3.5320218175286087,1,738,0,85,review
C=CC(=O)Nc1cccc(Oc2nc(Nc3ccc(N4CCOCC4)cc3)nc3[nH]cc(-c4ccncc4)c23)c1,7.330409511581084,0.0467427340901665,0.22341384317877547,533.5920000000003,5.516900000000003,117.29,3,8,6,8,0.13333333333333333,2,0.95,4.223946666666669,True,anil_di_alk_A(478),0,,0,,1,acrylamide_like,1.0,0.6435059997142913,0.8972836358441659,0.2,Osimertinib,0.0,0.8,0.42488246403215435,0.31041812656883927,0.67,0.8729627268831244,0.31041812656883927,0.5695658293710295,0.8729627268831244,0.5625446003142851,0.4374553996857149,-0.19291115378516688,7.260295410445834,-1.8468448234878914,-0.4,0.2643209089610415,5.277771495918984,0.0,0.0,0.0,0.3281807503928564,0.1,0.7656807503928564,0.45,medium,unsafe_structure_can_game_single_score;agents_strongly_disagree,4.512090745526127,False,review,False,,0.578,0.182,0.3,0.5005,0.082,0.722,0.043,0.038,0.4416,0.36734999999999995,5.807691495918983,817,0.75,3.5279107455261265,1,739,0,78,review
Cc1cc(Nc2ncnc3ccc4c(c23)OCCN4C(=O)/C=C/CN(C)C2CCC2)ccc1Oc1ccn2ncnc2c1,6.48360950523855,0.010198699836057697,0.2466946065766794,576.6610000000003,5.282720000000005,110.01,1,9,7,8,0.28125,2,0.95,4.711073333333335,False,,0,,0,,1,acrylamide_like,1.0,0.8831738295558829,1.0,0.225,Dacomitinib,0.0,0.775,0.23876328642439712,0.3044869054120454,0.92,0.94375,0.23876328642439712,0.6017500479591107,0.94375,0.7049867135756028,0.29501328642439717,-0.4839823487129514,6.468311455484463,-1.881841393423321,-0.0,0.2825,4.868970062061142,0.0,0.0,0.0,0.5062333919695036,0.1,0.7562333919695036,0.2,low,agents_strongly_disagree,4.112736670091638,False,review,False,,0.333,0.241,0.176,0.5005,0.5615,0.431,0.4345,0.771,0.32455,0.38495,5.258430062061142,898,0.75,3.5246766700916385,1,740,0,158,review
N[C@@H](Cc1ccc(O)c(O)c1)C(=O)O,5.351804496222641,0.012663668188376132,0.5125069246930146,197.18999999999997,0.052200000000000135,103.78000000000002,4,4,1,3,0.2222222222222222,0,0.0,1.8499999999999999,True,catechol_A(92),0,,0,,0,,1.0,0.5065174263142673,0.6482135023895769,0.11764705882352941,Sunvozertinib,0.0,0.8823529411764706,0.0,0.6607249624273119,0.75,0.7067483620863003,0.0,0.5293683311284031,0.75,0.75,0.25,-0.7058244415045375,5.332808993940077,0.25722914691523685,-0.4,0.2267592579503354,5.416797398805649,0.0,0.0,0.0,0.5625,0.0,0.9,0.45,medium,unsafe_structure_can_game_single_score;agents_strongly_disagree,4.5167973988056485,False,review,False,,0.1,0.711,0.96,0.5005,0.031,0.3485,0.043,0.655,0.4313,0.3577,5.934357398805648,796,0.75,3.5210373988056487,1,741,0,55,review
COc1cc2c(Oc3ccc(NS(=O)(=O)c4c(F)cccc4F)cc3F)ccnc2cc1OCCCN1CCN(C)CC1,6.59141892178958,0.020787652788408457,0.22808148155945265,616.6619999999998,5.270100000000005,93.22999999999999,1,8,5,11,0.3,2,0.95,4.877746666666665,False,,0,,0,,0,,1.0,0.8142227069503865,1.0,0.4880952380952381,Gefitinib,0.0,0.5119047619047619,0.258303373495509,0.28783917383205804,1.0,0.8779761904761905,0.258303373495509,0.6060296844509394,1.0,0.741696626504491,0.258303373495509,-0.4636350812739072,6.560237442606967,-1.923580518440547,-0.0,0.20357142857142857,4.8402283527378485,0.0,0.0,0.0,0.5521207831306137,0.0,0.7021207831306138,0.2,low,agents_strongly_disagree,4.138107569607235,False,review,False,,0.358,0.194,0.131,0.5005,0.5615,0.364,0.4345,0.355,0.31965,0.3534,5.223808352737849,900,0.75,3.512187569607235,1,742,0,158,review
C=CC(=O)Nc1cc(-n2c(=O)ccc3cnc4ccc(-c5ccc(NS(C)(=O)=O)cc5)cc4c32)ccc1C,6.464168821163097,0.011807170468368825,0.23968888257148133,524.6020000000002,5.010320000000004,110.16,2,5,5,6,0.06896551724137931,2,0.95,3.764013333333335,False,,0,,0,,1,acrylamide_like,1.0,0.5071817240510249,0.6494213164564089,0.2631578947368421,Osimertinib,0.0,0.736842105263158,0.2327771859629162,0.3370591418245711,0.92,0.6712765136580962,0.2327771859629162,0.5402782103613959,0.92,0.6872228140370839,0.31277718596291615,-0.41000136586463964,6.446458065460544,-1.768016565704381,-0.0,0.1834079606930496,4.861849460449212,0.0,0.0,0.0,0.48402851754635484,0.1,0.7340285175463549,0.2,low,agents_strongly_disagree,4.127820942902858,False,review,False,,0.329,0.228,0.447,0.5005,0.032,0.471,0.4345,0.688,0.3608,0.35579999999999995,5.294809460449212,896,0.75,3.5047809429028582,1,743,0,153,review
COc1ccc(-c2ccc(Cn3cc(CCN)c4cc(OCCc5ccc(O)cc5)ccc43)cc2)cc1,5.823622457186795,0.008048354381834526,0.24377171703832937,492.6190000000002,6.193500000000006,69.64,2,4,5,10,0.1875,1,0.45,3.9507933333333347,False,,0,,0,,0,,1.0,0.7874725274725275,1.0,0.1951219512195122,Afatinib,0.0,0.8048780487804879,0.07527176622941467,0.38212085462749135,1.0,0.9512195121951219,0.07527176622941467,0.602153033263007,1.0,0.9247282337705853,0.07527176622941467,-0.7025083560447898,5.8115499256140435,-1.0300972829616708,-0.0,0.2914634146341463,5.072916057286519,0.0,0.0,0.0,0.7809102922132316,0.0,0.9309102922132316,0.2,low,agents_strongly_disagree,4.1420057650732875,False,review,False,,0.193,0.237,0.379,0.5005,0.5615,0.164,0.4345,0.866,0.2912,0.3407,5.422356057286519,873,0.75,3.5008457650732874,1,744,0,129,review
CC(C)n1nc(-c2cccc(CO)c2)c2c(N)ncnc21,4.465171530315422,0.03789092388454583,0.76834080191029,283.335,2.1487,89.85,2,5,3,3,0.26666666666666666,0,0.0,1.9000000000000001,False,,1,aniline,0,,0,,1.0,0.7674032167293623,1.0,0.15625,Lazertinib,0.0,0.84375,0.0,0.7995105179737365,0.88,0.9609375,0.0,0.6601120044934341,0.9609375,0.9609375,0.0390625,-0.8801493393245788,4.4083351444886025,0.5100074685769566,-0.2,0.30312500000000003,5.021467613065559,0.0,0.0,0.0,0.826171875,0.0,0.976171875,0.2,low,agents_strongly_disagree,4.045295738065558,False,review,False,,0.015,0.963,0.9475,0.5005,0.5615,0.103,0.4345,0.099,0.44157499999999994,0.40859999999999996,5.551357613065559,855,0.75,3.485615738065558,1,745,0,110,review
COc1ccc(-c2cc(=O)oc3c(O)c(O)ccc23)cc1O,5.405240997453009,0.029966446523761233,0.49661249999544277,300.266,2.5854000000000013,100.13000000000001,3,6,3,2,0.0625,0,0.0,1.8,True,catechol_A(92),0,,0,,0,,1.0,0.4843170220567211,0.6078491310122202,0.16049382716049382,Osimertinib,0.0,0.8395061728395061,0.0,0.6539061057667244,0.75,0.6657633914690417,0.0,0.5174173743089415,0.75,0.75,0.25,-0.689889832411922,5.360291327667367,0.23286249999544276,-0.4,0.20381413460490688,5.396967962267717,0.0,0.0,0.0,0.5625,0.0,0.9,0.45,medium,unsafe_structure_can_game_single_score;agents_strongly_disagree,4.496967962267717,False,review,False,,0.11,0.683,0.9675,0.5005,0.024,0.3485,0.043,0.184,0.43132500000000007,0.333,5.914557962267717,800,0.75,3.4715679622677174,1,746,0,54,review
COC(=O)c1ccc(S(=O)(=O)Oc2ccc(/C=C/[N+](=O)[O-])cc2)cc1O,5.260053484178017,0.018582787554529988,0.3493956784108064,379.34600000000006,2.1939000000000006,133.04,1,8,2,6,0.0625,0,0.0,2.1956400000000005,False,,1,nitroso,1,nitroso,0,,1.0,0.734157602663707,1.0,0.1348314606741573,Osimertinib,0.0,0.8651685393258427,0.0,0.5577199308182512,0.7,0.9662921348314607,0.0,0.556003016412428,0.9662921348314607,0.9662921348314607,0.0337078651685393,-0.7413373552165706,5.232179302846222,0.02629967841080629,-0.5,0.3095505617977528,5.068029543054782,0.0,0.0,0.0,0.832865168539326,0.0,0.982865168539326,0.2,low,agents_strongly_disagree,4.085164374515456,False,review,False,,0.089,0.441,0.872,0.5005,0.5615,0.085,0.4345,0.422,0.35914999999999997,0.3593,5.499009543054782,860,0.75,3.466324374515456,1,747,0,113,review
CC(C)(C)c1cc(/C=C2\C(=O)Nc3ccccc32)cc(C(C)(C)C)c1O,5.055710977262135,0.008571369357373347,0.6698033844911814,349.47400000000016,5.479900000000005,49.33,2,2,3,1,0.34782608695652173,1,0.45,1.7000000000000002,False,,0,,0,,1,acrylamide_like,1.0,0.6912667409239367,0.9841213471344302,0.10126582278481013,Sunvozertinib,0.0,0.8987341772151899,0.0,0.7030072460855344,0.92,0.9627745546546201,0.0,0.6464454501850386,0.9627745546546201,0.9627745546546201,0.03722544534537986,-0.8619272669133848,5.042853923226074,-0.25041400681316645,-0.0,0.3156505899481645,5.108090506361073,0.0,0.0,0.0,0.8284681933182753,0.1,1.0784681933182751,0.2,low,agents_strongly_disagree,4.029622313042798,False,review,False,,0.054,0.885,0.98,0.5005,0.11,0.096,0.4345,0.851,0.4484,0.40359999999999996,5.646170506361073,843,0.75,3.463942313042798,1,748,0,95,review
O=C(Cc1ccccc1)Nc1cccc(-c2nc3n(c2-c2ccnc(Nc4ccc(N5CCOCC5)cc4)n2)CCS3)c1,7.20613658802109,0.008996860514627504,0.23190969709200376,589.7250000000001,5.874200000000005,97.2,2,8,7,8,0.21212121212121213,2,0.95,4.798166666666668,True,anil_di_alk_A(478),0,,0,,0,,1.0,0.7321435800039872,1.0,0.2636363636363636,Lazertinib,0.0,0.7363636363636363,0.42023634464503334,0.29300546160573027,0.75,0.9340909090909091,0.29300546160573027,0.5993331788354181,0.9340909090909091,0.6410854474851788,0.3589145525148212,-0.23879577892051307,7.192641297249149,-1.916603181695875,-0.4,0.2709090909090909,5.146947206462364,0.0,0.0,0.0,0.4263568093564735,0.0,0.7638568093564735,0.45,medium,unsafe_structure_can_game_single_score;agents_strongly_disagree,4.3830903971058905,False,review,False,,0.538,0.204,0.151,0.5005,0.5615,0.573,0.043,0.828,0.40565000000000007,0.41630000000000006,5.633727206462364,845,0.75,3.4576503971058905,1,749,0,96,review
Cc1ccc(C(=O)N/N=C(/Cn2c([N+](=O)[O-])cnc2C)c2ccc(Br)cc2)cc1,5.3582136239345965,0.014484681644297379,0.34409844070517975,456.3000000000001,4.004940000000002,102.42,1,5,3,6,0.15,0,0.0,2.908666666666668,False,,1,nitroso,1,nitroso,0,,1.0,0.8951803751803752,1.0,0.12790697674418605,Afatinib,0.0,0.872093023255814,0.0,0.527382347516054,0.7,0.9680232558139534,0.0,0.5488514008325018,0.9680232558139534,0.9680232558139534,0.03197674418604657,-0.7318018677766691,5.336486601468151,-0.07720155929482043,-0.5,0.3116279069767442,5.070912949150074,0.0,0.0,0.0,0.8350290697674417,0.0,0.9850290697674418,0.2,low,agents_strongly_disagree,4.085883879382632,False,review,False,,0.102,0.435,0.69,0.5005,0.5615,0.077,0.4345,0.568,0.3365,0.35059999999999997,5.474712949150074,865,0.75,3.456603879382633,1,750,0,115,review
CCC(=O)N1CC[C@H](N2C(=O)N(c3cc(OC)ccc3F)Cc3cnc(Nc4ccc(N5CCOCC5)c(C)c4)nc32)C1,6.443795171625832,0.01996672602842665,0.43083216302039906,589.6720000000001,4.470420000000003,103.37,1,8,6,7,0.41935483870967744,1,0.5,4.847813333333335,True,anil_di_alk_A(478),0,,0,,0,,1.0,0.9017918313570487,1.0,0.2413793103448276,Dacomitinib,0.0,0.7586206896551724,0.22197208468655943,0.4505033306868605,0.75,0.9396551724137931,0.22197208468655943,0.5905326469468033,0.9396551724137931,0.7176830877272338,0.28231691227276623,-0.49141408301365846,6.413845082583192,-1.0044043531086333,-0.4,0.2775862068965517,5.28702693637111,0.0,0.0,0.0,0.5221038596590423,0.0,0.8596038596590423,0.45,medium,unsafe_structure_can_game_single_score;agents_strongly_disagree,4.427423076712068,False,review,False,,0.323,0.586,0.135,0.5005,0.5615,0.407,0.043,0.378,0.3829,0.36840000000000006,5.7465069363711105,828,0.75,3.444503076712068,1,751,0,77,review
CC(C)=CC(=O)c1cccc(Nc2nc(Nc3cccc(OC(F)(F)F)c3)ncc2F)c1,5.6732329768143686,0.012825561496203309,0.25757589215061016,446.4040000000001,6.150400000000003,76.14,2,6,3,7,0.13636363636363635,1,0.45,2.9426933333333345,False,,0,,0,,0,,1.0,0.7857067522641292,1.0,0.2682926829268293,Sunvozertinib,0.0,0.7317073170731707,0.03433035115624983,0.42848622786232277,1.0,0.9329268292682926,0.03433035115624983,0.5989358520717163,1.0,0.9656696488437502,0.03433035115624983,-0.7528073345539553,5.653994634570064,-0.8701917442130264,-0.0,0.2695121951219512,5.053315085478989,0.0,0.0,0.0,0.8320870610546877,0.0,0.9820870610546877,0.2,low,agents_strongly_disagree,4.071228024424301,False,review,False,,0.158,0.264,0.677,0.5005,0.5615,0.086,0.4345,0.648,0.32555,0.34535,5.443975085478989,868,0.75,3.4356480244243013,1,752,0,116,review
NC(=S)N/N=C(/C=C/c1ccccc1Br)c1ccccc1,4.675498818574157,0.010901208151443296,0.4966647556615991,360.28000000000003,3.6998000000000024,50.41,2,2,2,4,0.0,0,0.0,1.8685333333333336,False,,1,thiourea,0,,0,,1.0,0.7627352366546921,1.0,0.09210526315789473,Afatinib,0.0,0.9078947368421053,0.0,0.6512989489472129,0.88,0.9769736842105263,0.0,0.6270681582894349,0.9769736842105263,0.9769736842105263,0.023026315789473673,-0.8360908777192465,4.659147006346992,0.2163847556615991,-0.2,0.3223684210526316,4.997900183061223,0.0,0.0,0.0,0.8462171052631579,0.0,0.9962171052631579,0.2,low,agents_strongly_disagree,4.001683077798065,False,review,False,,0.03,0.684,0.959,0.5005,0.5615,0.064,0.4345,0.733,0.39425,0.4002,5.471000183061222,866,0.75,3.431923077798065,1,753,0,113,review
CC(C)n1nc(-c2ccn3ccnc3c2)c2c(N)ncnc21,4.578108903140332,0.010201944890352371,0.6124966343214543,293.334,2.3041,86.92,1,5,4,2,0.2,0,0.0,2.0,False,,1,aniline,0,,0,,1.0,0.6972060957910015,0.9949201741654571,0.1326530612244898,Lazertinib,0.0,0.8673469387755102,0.0,0.7099500719537228,0.88,0.9630268653179703,0.0,0.6382442343179233,0.9630268653179703,0.9630268653179703,0.036973134682029674,-0.8509923124238977,4.562805985804803,0.3324966343214543,-0.2,0.30893412517401725,5.0042367453002745,0.0,0.0,0.0,0.8287835816474629,0.0,0.9787835816474629,0.2,low,agents_strongly_disagree,4.025453163652812,False,review,False,,0.02,0.831,0.923,0.5005,0.121,0.095,0.4345,0.77,0.41374999999999995,0.37654999999999994,5.500736745300275,858,0.75,3.427313163652812,1,754,0,104,review
Cc1ccccc1Cc1nnc(Cc2nc3ccccc3[nH]2)o1,4.461444729012287,0.04016954257890429,0.6269136990036992,304.353,3.435920000000002,67.6,1,4,4,4,0.16666666666666666,0,0.0,2.2,False,,0,,0,,0,,1.0,0.7423233344568027,1.0,0.12903225806451613,Lazertinib,0.0,0.8709677419354839,0.0,0.7101871498366499,1.0,0.967741935483871,0.0,0.6694822713301303,1.0,1.0,0.0,-0.8926430284401737,4.4011904151439305,0.31358036567036585,-0.0,0.3112903225806451,5.026061103394942,0.0,0.0,0.0,0.875,0.0,1.025,0.2,low,agents_strongly_disagree,4.001061103394942,False,review,False,,0.013,0.854,0.8625,0.5005,0.5615,0.0285,0.4345,0.075,0.40612499999999996,0.3745,5.513411103394942,857,0.75,3.4004611033949423,1,755,0,102,review
N#CC(C#N)=C(C#N)c1cc(O)cc(O)c1,5.062479699381518,0.010108790345910853,0.6818907285775427,211.18,1.4221399999999997,111.83000000000001,2,5,1,1,0.0,0,0.0,1.3,True,ene_cyano_A(19),0,,0,,0,,1.0,0.6241443613857407,0.8620806570649829,0.07692307692307693,Sunvozertinib,0.0,0.9230769230769231,0.0,0.7750399007176485,0.75,0.877329723567968,0.0,0.6005924060714041,0.877329723567968,0.877329723567968,0.12267027643203199,-0.8007898747618721,5.0473165138626515,0.48689072857754273,-0.4,0.2924432411893227,5.426650483629516,0.0,0.0,0.0,0.72166215445996,0.0,1.05916215445996,0.45,medium,unsafe_structure_can_game_single_score;agents_strongly_disagree,4.367488329169556,False,review,False,,0.057,0.899,1.0,0.5005,0.068,0.212,0.043,0.774,0.45555,0.373,5.9733104836295166,789,0.75,3.390088329169557,1,756,0,33,review
O=C(Nc1cccc(-c2nc3sccn3c2-c2ccnc(Nc3ccc(N4CCOCC4)cc3)n2)c1)c1ccccc1,7.1247567187827014,0.012073172598692353,0.22966557656392295,573.6820000000004,6.352300000000005,96.68,2,8,7,7,0.125,2,0.95,4.591213333333336,True,anil_di_alk_A(478),0,,0,,0,,1.0,0.8619579963883762,1.0,0.24545454545454545,Lazertinib,0.0,0.7545454545454545,0.3977379588765907,0.29973093890502933,0.75,0.9386363636363636,0.29973093890502933,0.5965263153544959,0.9386363636363636,0.6389054247313343,0.36109457526866573,-0.26505114197054036,7.106646959884663,-1.8965164234360774,-0.4,0.2763636363636363,5.0864941728122215,0.0,0.0,0.0,0.42363178091416787,0.0,0.7611317809141679,0.45,medium,unsafe_structure_can_game_single_score;agents_strongly_disagree,4.325362391898054,False,review,False,,0.502,0.2,0.213,0.5005,0.5615,0.579,0.043,0.68,0.39795,0.4043,5.564034172812222,852,0.75,3.3855223918980535,1,757,0,95,review
Clc1cccc(Nc2[nH]nc3ncnc(Oc4cccc(Cl)c4)c23)c1,5.338532282876683,0.055633418896371856,0.5152906007762706,372.2150000000001,5.1956000000000016,75.72000000000001,2,5,4,4,0.0,1,0.45,2.3481000000000005,False,,0,,0,,0,,1.0,0.7020677568045989,1.0,0.2073170731707317,Osimertinib,0.0,0.7926829268292683,0.0,0.5930982919654104,1.0,0.9481707317073171,0.0,0.6353172559181819,1.0,1.0,0.0,-0.8470896745575759,5.255082154532125,-0.5369243992237294,-0.0,0.28780487804878047,5.005962633357176,0.0,0.0,0.0,0.875,0.0,1.025,0.2,low,agents_strongly_disagree,3.980962633357176,False,review,False,,0.098,0.717,0.829,0.5005,0.5615,0.0285,0.4345,0.014,0.4119499999999999,0.37304999999999994,5.500302633357176,859,0.75,3.3786226333571756,1,758,0,101,review
CN1CCN(C(C)(C)/C=C(\C#N)C(=O)N2CCC[C@@H](n3nc(-c4ccc(Oc5ccccc5)cc4F)c4c(N)ncnc43)C2)CC1,6.100593593028959,0.015292840101283267,0.23109476254701125,623.7369999999997,4.646380000000003,129.43,1,9,6,7,0.38235294117647056,1,0.5,5.074913333333332,False,,1,aniline,0,,1,acrylamide_like,1.0,0.7279659086865237,1.0,0.16393442622950818,Gefitinib,0.0,0.8360655737704918,0.13944341018634152,0.3319131450418819,0.8,0.959016393442623,0.13944341018634152,0.5575932371677116,0.959016393442623,0.8195729832562815,0.18042701674371853,-0.5575331026418268,6.077654332877034,-1.2419069433353414,-0.2,0.3008196721311475,4.93656706167284,0.0,0.0,0.0,0.6494662290703518,0.1,0.8994662290703518,0.2,low,agents_strongly_disagree,4.037100832602489,False,review,False,,0.262,0.201,0.098,0.5005,0.5615,0.267,0.4345,0.537,0.27290000000000003,0.32175,5.264047061672841,897,0.75,3.373200832602489,1,759,0,138,review
Cc1ncc([N+](=O)[O-])n1CCOC(=O)/C=C/c1ccccc1,5.084460536953543,0.010689812509375937,0.3535728069460156,301.30199999999996,2.35632,87.25999999999999,0,5,2,6,0.2,0,0.0,2.0,False,,1,nitroso,1,nitroso,0,,1.0,0.8731992942314808,1.0,0.13414634146341464,Afatinib,0.0,0.8658536585365854,0.0,0.5675419668972317,0.7,0.9664634146341463,0.0,0.5585013453828445,0.9664634146341463,0.9664634146341463,0.03353658536585369,-0.7446684605104593,5.068425818189479,0.07357280694601563,-0.5,0.3097560975609756,4.95175472269647,0.0,0.0,0.0,0.833079268292683,0.0,0.983079268292683,0.2,low,agents_strongly_disagree,3.9686754544037868,False,review,False,,0.064,0.45,0.923,0.5005,0.5615,0.084,0.4345,0.743,0.35734999999999995,0.37420000000000003,5.38057472269647,876,0.75,3.367715454403787,1,760,0,116,review
O=C(Nc1cc2c(Nc3ccc(F)c(Cl)c3)ncnc2cc1O[C@H]1CCOC1)N1CCC2(CC1)OCCO2,5.776190132229248,0.029327910377183252,0.47656833176554364,543.9830000000004,4.704400000000004,107.07000000000001,2,8,6,5,0.4230769230769231,1,0.5,4.843220000000002,False,,0,,0,,0,,1.0,0.8711222419555753,1.0,0.5,Osimertinib,0.0,0.5,0.048517995793283655,0.47583489016335667,1.0,0.875,0.048517995793283655,0.5998382214891601,1.0,0.9514820042067164,0.04851799579328364,-0.7350936342611686,5.732198266663473,-0.9576069759267644,-0.0,0.2,4.974591290736709,0.0,0.0,0.0,0.8143525052583955,0.0,0.9643525052583956,0.2,low,agents_strongly_disagree,4.010238785478313,False,review,False,,0.183,0.661,0.137,0.5005,0.5615,0.123,0.4345,0.194,0.33520000000000005,0.3394,5.376831290736709,877,0.75,3.367518785478313,1,761,0,116,review
O=c1ccc2ccc(O)c(O)c2o1,5.2497664776088815,0.023916579794449118,0.4694123017659755,178.14299999999997,1.2041999999999997,70.67,2,4,2,0,0.0,0,0.0,1.4,True,catechol_A(92),0,,0,,0,,1.0,0.46181330651918884,0.5669332845803432,0.07462686567164178,Sunvozertinib,0.0,0.9253731343283582,0.0,0.6543306121251327,0.75,0.6565432470173469,0.0,0.51521846478562,0.75,0.75,0.25,-0.6869579530474933,5.2138916079172075,0.2594123017659755,-0.4,0.21934526144359323,5.292649171126777,0.0,0.0,0.0,0.5625,0.0,0.9,0.45,medium,unsafe_structure_can_game_single_score;agents_strongly_disagree,4.392649171126776,False,review,False,,0.087,0.646,0.996,0.5005,0.014,0.3485,0.043,0.276,0.41784999999999994,0.327,5.794069171126776,819,0.75,3.360049171126777,1,762,0,57,review
Cc1ccc(NC(=O)c2ccccc2)cc1Nc1nccc(-c2cccnc2)n1,4.644337691741688,0.04837246607791599,0.516872597967598,381.43900000000014,4.842920000000003,79.8,2,5,4,5,0.043478260869565216,0,0.0,2.509593333333334,False,,0,,0,,0,,1.0,0.765627707042806,1.0,0.1919191919191919,Lazertinib,0.0,0.8080808080808081,0.0,0.6377571083693583,1.0,0.952020202020202,0.0,0.64744432759739,1.0,1.0,0.0,-0.8632591034631867,4.5717789926248145,0.14478142405455444,-0.0,0.2924242424242424,5.008984659103611,0.0,0.0,0.0,0.875,0.0,1.025,0.2,low,agents_strongly_disagree,3.9839846591036108,False,review,False,,0.028,0.719,0.79,0.5005,0.5615,0.0285,0.4345,0.032,0.375,0.34935,5.458984659103611,867,0.75,3.3532046591036107,1,763,0,104,review
NC(=S)N1N=C(c2ccc(Cl)c(Cl)c2)CC1c1ccccc1Br,5.164115738885377,0.0032013380004069997,0.6720033293637718,429.17000000000013,5.1506000000000025,41.62,1,2,3,2,0.125,1,0.45,2.6778000000000013,False,,1,thiourea,0,,0,,1.0,0.8177130286076695,1.0,0.13131313131313133,Lazertinib,0.0,0.8686868686868687,0.0,0.6666095234577668,0.88,0.9671717171717171,0.0,0.628445310157371,0.9671717171717171,0.9671717171717171,0.03282828282828287,-0.8379270802098281,5.159313731884766,-0.41716667063622836,-0.2,0.3106060606060606,4.852753121854598,0.0,0.0,0.0,0.8339646464646464,0.0,0.9839646464646464,0.2,low,agents_strongly_disagree,3.8687884753899517,False,review,False,,0.078,0.889,0.757,0.5005,0.5615,0.081,0.4345,0.985,0.42655,0.43945,5.364613121854598,879,0.75,3.3461284753899516,1,764,0,115,review
Nc1ccc(Nc2ncnc3cc(N)ncc23)cc1,5.419201878166942,0.014307701832231666,0.6020846498364862,252.281,1.9327999999999999,102.74,3,6,3,2,0.0,0,0.0,1.8,True,anil_no_alk(40),1,aniline,0,,0,,1.0,0.8232732732732734,1.0,0.39655172413793105,Sunvozertinib,0.0,0.603448275862069,0.0,0.7119157881792981,0.63,0.9008620689655172,0.0,0.5606944642862038,0.9008620689655172,0.9008620689655172,0.09913793103448276,-0.7475926190482718,5.397740325418594,0.3320846498364862,-0.6000000000000001,0.23103448275862065,5.3608594580137,0.0,0.0,0.0,0.7510775862068966,0.0,1.0885775862068967,0.45,medium,unsafe_structure_can_game_single_score;agents_strongly_disagree,4.272281871806804,False,review,False,,0.114,0.822,0.9675,0.5005,0.5615,0.195,0.043,0.577,0.46092500000000003,0.41309999999999997,5.9139694580137006,801,0.75,3.3430018718068046,1,765,0,36,review
COc1cc(N2CCN(C)CC2)ccc1Nc1ncc(Cl)c(Oc2ccccc2[N+](=O)[O-])n1,5.2407097354269565,0.017464155721106267,0.3983707094963999,470.9170000000002,4.334500000000003,105.89,1,9,4,7,0.2727272727272727,0,0.0,3.306113333333335,False,,1,nitroso,1,nitroso,0,,1.0,0.7986515676364047,1.0,0.26595744680851063,Gefitinib,0.0,0.7340425531914894,0.0,0.5419456850948148,0.7,0.9335106382978724,0.0,0.5438640808481718,0.9335106382978724,0.9335106382978724,0.0664893617021276,-0.7251521077975625,5.214513501845297,-0.07027356323087304,-0.5,0.27021276595744675,4.914452704571871,0.0,0.0,0.0,0.7918882978723405,0.0,0.9418882978723405,0.2,low,agents_strongly_disagree,3.9725644066995303,False,review,False,,0.086,0.525,0.58,0.5005,0.5615,0.151,0.4345,0.455,0.3308,0.35005000000000003,5.311412704571871,892,0.75,3.3426244066995308,1,766,0,126,review
O=C(Cc1ccccc1)Nc1cccc(-c2nc3sccn3c2-c2ccnc(Nc3ccc(N4CCOCC4)cc3)n2)c1,7.118397662825823,0.008880170853338712,0.2163402639722269,587.7090000000001,6.281200000000006,96.68,2,8,7,8,0.15151515151515152,2,0.95,4.784726666666667,True,anil_di_alk_A(478),0,,0,,0,,1.0,0.8779784990755456,1.0,0.26126126126126126,Lazertinib,0.0,0.7387387387387387,0.39838329610911877,0.28495919646677603,0.75,0.9346846846846847,0.28495919646677603,0.5920067943151449,0.9346846846846847,0.6497254882179087,0.35027451178209135,-0.25816466427470147,7.105077406545815,-1.936217220876258,-0.4,0.27162162162162157,5.040481807291179,0.0,0.0,0.0,0.4371568602723858,0.0,0.7746568602723858,0.45,medium,unsafe_structure_can_game_single_score;agents_strongly_disagree,4.265824947018793,False,review,False,,0.498,0.169,0.154,0.5005,0.5615,0.552,0.043,0.833,0.3811,0.3975000000000001,5.497801807291179,861,0.75,3.317824947018793,1,767,0,94,review
C=CC(=O)Nc1cccc(Nc2nc(Nc3ccc(C4CCN(C)CC4)cc3OC)ncc2C(F)(F)F)c1,6.18224789679045,0.017928793679407758,0.31376182314823164,526.5630000000003,5.9249000000000045,91.41,3,7,4,8,0.2962962962962963,2,0.95,3.7770866666666683,False,,0,,0,,1,acrylamide_like,1.0,0.8781500356183901,1.0,0.34782608695652173,Osimertinib,0.0,0.6521739130434783,0.15801181862202712,0.3772964386289632,0.92,0.9130434782608696,0.15801181862202712,0.592087933877965,0.92,0.761988181377973,0.23801181862202703,-0.5787681536745839,6.155354706271338,-1.673171547222139,-0.0,0.24565217391304345,4.727835332962243,0.0,0.0,0.0,0.5774852267224663,0.1,0.8274852267224663,0.2,low,agents_strongly_disagree,3.900350106239777,False,review,False,,0.277,0.374,0.441,0.5005,0.5615,0.327,0.4345,0.442,0.3657,0.38775,5.166675332962243,904,0.75,3.3156501062397767,1,768,0,136,review
C=CC(=O)N1CCCC(Nc2nc(Nc3ccc(N4CCN(C)CC4)cc3)c3c(c2F)CNC3=O)C1,5.659810131351676,0.01668248699777512,0.5328829362936556,493.5870000000004,2.5484,92.84,3,7,5,6,0.4230769230769231,0,0.0,3.907246666666669,True,anil_di_alk_A(478),0,,0,,1,acrylamide_like,1.0,0.8652046783625732,1.0,0.2079207920792079,Osimertinib,0.0,0.7920792079207921,0.028274791939476525,0.5928068970127925,0.67,0.948019801980198,0.028274791939476525,0.5597753727331167,0.948019801980198,0.9197450100407214,0.0802549899592786,-0.7086674410581869,5.634786400855014,-0.010896371398652474,-0.4,0.2876237623762376,5.511513791832599,0.0,0.0,0.0,0.7746812625509016,0.1,1.2121812625509016,0.45,medium,unsafe_structure_can_game_single_score;agents_strongly_disagree,4.299332529281697,False,review,False,,0.156,0.739,0.387,0.5005,0.5615,0.176,0.043,0.484,0.37615,0.34865,5.9628937918326,792,0.75,3.2927125292816974,1,769,0,23,review
Nc1ncnc2c1c(-c1ccc(Cl)c(O)c1)nn2CC1CCNCC1,4.3896886465228455,0.02368360372654984,0.6642625836751026,358.8330000000002,2.4341,101.88,3,6,4,3,0.35294117647058826,0,0.0,2.1588866666666684,False,,1,aniline,0,,0,,1.0,0.8447331018331583,1.0,0.15,Erlotinib,0.0,0.85,0.0,0.732310318457204,0.88,0.9625,0.0,0.643702579614301,0.9625,0.9625,0.03749999999999998,-0.8582701061524013,4.354163240933021,0.37572370132216115,-0.2,0.305,4.8348869422551815,0.0,0.0,0.0,0.8281250000000001,0.0,0.9781250000000001,0.2,low,agents_strongly_disagree,3.856761942255181,False,review,False,,0.009,0.881,0.878,0.5005,0.5615,0.098,0.4345,0.282,0.41205,0.39619999999999994,5.329346942255182,889,0.75,3.282201942255181,1,770,0,119,review
N#C/C(=C\c1cc(O)ccc1O)C(=O)O,4.4507569637161115,0.013224559215767238,0.38076322332403434,205.16899999999998,1.0893799999999998,101.55,3,4,1,2,0.0,0,0.0,1.4,False,,0,,0,,0,,1.0,0.7622271895956106,1.0,0.11267605633802817,Sunvozertinib,0.0,0.8873239436619719,0.0,0.6055736189820651,1.0,0.971830985915493,0.0,0.6443511512243896,1.0,1.0,0.0,-0.8591348682991861,4.43092012489246,0.17076322332403435,-0.0,0.3161971830985915,4.9178805313150855,0.0,0.0,0.0,0.875,0.0,1.025,0.2,low,agents_strongly_disagree,3.8928805313150856,False,review,False,,0.0115,0.5005,0.996,0.5005,0.5615,0.0285,0.4345,0.629,0.35477499999999995,0.3620749999999999,5.343610531315085,884,0.75,3.2773705313150856,1,771,0,113,review
N#C/C(=C/c1cc(O)ccc1O)C(=O)O,4.4507569637161115,0.013224559215768022,0.38076322332403434,205.16899999999998,1.0893799999999998,101.55,3,4,1,2,0.0,0,0.0,1.4,False,,0,,0,,0,,1.0,0.7622271895956106,1.0,0.11267605633802817,Sunvozertinib,0.0,0.8873239436619719,0.0,0.6055736189820651,1.0,0.971830985915493,0.0,0.6443511512243896,1.0,1.0,0.0,-0.8591348682991861,4.4309201248924595,0.17076322332403435,-0.0,0.3161971830985915,4.917880531315085,0.0,0.0,0.0,0.875,0.0,1.025,0.2,low,agents_strongly_disagree,3.8928805313150847,False,review,False,,0.0115,0.5005,0.996,0.5005,0.5615,0.0285,0.4345,0.628,0.35477499999999995,0.36202499999999993,5.343610531315084,885,0.75,3.277310531315085,1,772,0,113,review
COc1cccc(-c2nnc(Cc3nc4ccccc4[nH]3)o2)c1OC,4.334778838193952,0.014597037473238332,0.6020664241995867,336.35100000000006,3.220900000000001,86.06000000000002,1,6,4,5,0.16666666666666666,0,0.0,2.3,False,,0,,0,,0,,1.0,0.7129970162244244,1.0,0.17525773195876287,Lazertinib,0.0,0.8247422680412371,0.0,0.6926749948482342,1.0,0.9561855670103092,0.0,0.6622151404646359,1.0,1.0,0.0,-0.8829535206195146,4.312883281984094,0.27373309086625336,-0.0,0.29742268041237113,4.884039053262718,0.0,0.0,0.0,0.875,0.0,1.025,0.2,low,agents_strongly_disagree,3.8590390532627183,False,review,False,,0.007,0.821,0.842,0.5005,0.5615,0.0285,0.4345,0.56,0.39374999999999993,0.38995,5.356539053262718,880,0.75,3.2769790532627185,1,773,0,107,review
O=C1Nc2ccccc2/C1=C/c1ccc(OCC(=O)c2ccc(Br)cc2)cc1,5.469017703553835,0.04145365909136654,0.44360945369302834,434.289,5.203500000000004,55.4,1,3,4,5,0.043478260869565216,1,0.45,2.8619266666666663,False,,0,,0,,1,acrylamide_like,1.0,0.5450830889540568,0.7183328890073758,0.13414634146341464,Afatinib,0.0,0.8658536585365854,0.0,0.5339110969670631,0.92,0.7552130813896781,0.0,0.5522810445891853,0.92,0.92,0.07999999999999996,-0.7363747261189136,5.406837214916785,-0.6813317202200151,-0.0,0.23933931981281958,4.96484481450959,0.0,0.0,0.0,0.7750000000000001,0.1,1.0250000000000001,0.2,low,agents_strongly_disagree,3.9398448145095895,False,review,False,,0.125,0.608,0.704,0.5005,0.045,0.171,0.4345,0.058,0.38354999999999995,0.3171,5.42510481450959,871,0.75,3.2703648145095894,1,774,0,97,review
C=CC(=O)N1CC(Nc2nc(Nc3ccc(N4CCOCC4)cc3F)c3c(c2F)CNC3=O)CCC1C,5.524178377617135,0.016566365642027115,0.5117207180956757,512.5610000000004,3.160800000000001,98.83000000000001,3,7,5,6,0.4230769230769231,1,0.5,4.383740000000003,False,,0,,0,,1,acrylamide_like,1.0,0.8348570177409783,1.0,0.19491525423728814,Lazertinib,0.0,0.8050847457627118,0.0,0.512841010337237,0.92,0.951271186440678,0.0,0.5960280491944787,0.951271186440678,0.951271186440678,0.048728813559322015,-0.7947040655926383,5.499328829154094,-0.8535325895966325,-0.0,0.2915254237288135,4.9373216632862755,0.0,0.0,0.0,0.8140889830508474,0.1,1.0640889830508473,0.2,low,agents_strongly_disagree,3.873232680235428,False,review,False,,0.135,0.709,0.262,0.5005,0.5615,0.125,0.4345,0.489,0.34195,0.35965,5.347661663286275,881,0.75,3.2548126802354282,1,775,0,106,review
COc1cc(/C=C2\SC(=N)NC2=O)ccc1OCCCOc1cc(C)cc(C)c1,4.714124283238748,0.02213152320690792,0.4991350807093584,412.5110000000003,4.298610000000004,80.64,2,6,3,8,0.2727272727272727,0,0.0,2.816740000000002,False,,0,,0,,1,acrylamide_like,1.0,0.4279020111972057,0.5052763839949194,0.2,Gefitinib,0.0,0.8,0.0,0.6161881405439933,0.92,0.5789572879961895,0.0,0.5287863571350457,0.92,0.92,0.07999999999999996,-0.705048476180061,4.6809269984283866,0.10389680798208538,-0.0,0.1663190959987298,4.9511429024092015,0.0,0.0,0.0,0.7750000000000001,0.1,1.0250000000000001,0.2,low,agents_strongly_disagree,3.926142902409201,False,review,False,,0.034,0.688,0.712,0.5005,0.008,0.171,0.4345,0.323,0.3598,0.3121499999999999,5.382902902409201,875,0.75,3.2507229024092013,1,776,0,99,review
CCOc1cc2ncc(C#N)c(Nc3ccc(OCc4ccccc4)cc3)c2cc1NC(=O)/C=C/CN(C)C,6.2251279230122964,0.011509119709514487,0.23767958378128387,521.6210000000002,5.884080000000005,99.51,2,7,4,11,0.1935483870967742,2,0.95,4.044140000000002,False,,0,,0,,1,acrylamide_like,1.0,0.8942940516273848,1.0,0.2727272727272727,Osimertinib,0.0,0.7272727272727273,0.17322559695641399,0.3251799249258599,0.92,0.9318181818181819,0.17322559695641399,0.587555925925114,0.9318181818181819,0.7585925848617678,0.24140741513823216,-0.5524404386249333,6.207864243448025,-1.7995865775090392,-0.0,0.26818181818181813,4.676459484120804,0.0,0.0,0.0,0.5732407310772099,0.1,0.8232407310772099,0.2,low,agents_strongly_disagree,3.8532187530435946,False,review,False,,0.29,0.217,0.344,0.5005,0.5615,0.335,0.4345,0.704,0.3256,0.37229999999999996,5.067179484120804,911,0.75,3.249978753043595,1,777,0,134,review
Nc1nn2c(=O)cc(-c3ccccc3)[nH]c2c1/N=N/c1ccc2c(c1)OCO2,5.304982553724651,0.02718571662892999,0.532580414640389,374.3600000000002,3.4159000000000015,119.36,2,7,5,3,0.05263157894736842,0,0.0,2.4624000000000015,True,azo_A(324),1,aniline,0,,0,,1.0,0.402054794520548,0.45828144458281456,0.14563106796116504,Lazertinib,0.0,0.854368932038835,0.0,0.6482115357445215,0.63,0.5573033164468197,0.0,0.4588787130478353,0.6482115357445215,0.6482115357445215,0.3517884642554785,-0.6118382840637804,5.264203978781256,0.1684835725351256,-0.6000000000000001,0.1708810407573541,5.003568592073735,0.0,0.0,0.0,0.4352644196806519,0.0,0.7727644196806519,0.45,medium,unsafe_structure_can_game_single_score;agents_strongly_disagree,4.230804172393084,False,review,False,,0.092,0.737,0.797,0.5005,0.002,0.56,0.043,0.226,0.40845,0.33969999999999995,5.493708592073736,862,0.75,3.2134441723930838,1,778,0,84,review
COc1cc(/C=C(\C#N)C(N)=O)cc(CSCCCC(=O)O)c1O,4.598736803190907,0.023600281017441764,0.3515762172747175,350.39600000000013,1.89108,133.64,3,6,1,9,0.3125,0,0.0,2.102640000000001,False,,0,,0,,1,acrylamide_like,1.0,0.7527918654122912,1.0,0.15217391304347827,Osimertinib,0.0,0.8478260869565217,0.0,0.5624961502703254,0.92,0.9619565217391304,0.0,0.6111131680023639,0.9619565217391304,0.9619565217391304,0.03804347826086962,-0.8148175573364852,4.563336381664745,0.06743021727471737,-0.0,0.3043478260869565,4.935114425026418,0.0,0.0,0.0,0.8274456521739129,0.1,1.0774456521739129,0.2,low,agents_strongly_disagree,3.857668772852505,False,review,False,,0.023,0.445,0.888,0.5005,0.5615,0.101,0.4345,0.285,0.33265,0.33645,5.334294425026418,887,0.75,3.211408772852505,1,779,0,108,review
COc1cc(Nc2ncnc3ccc(-c4ccc(CN5C[C@@H]6[C@@H](CO)[C@@H]6C5)cc4)cc23)ccc1Oc1ccccc1,6.515200462274043,0.016366685034821457,0.21894170630105753,544.6550000000003,6.511400000000006,79.74000000000001,2,7,7,9,0.23529411764705882,2,0.95,5.647700000000002,False,,0,,0,,0,,1.0,0.5907869012707723,0.8014307295832223,0.358695652173913,Gefitinib,0.0,0.6413043478260869,0.24234343604413577,0.2531987076963508,1.0,0.7613991341439384,0.24234343604413577,0.5642353194711063,1.0,0.7576565639558642,0.24234343604413577,-0.42918917790262734,6.490650434721811,-2.054683881934237,-0.0,0.1927489867436316,4.628715539531206,0.0,0.0,0.0,0.5720707049448303,0.0,0.7220707049448303,0.2,low,agents_strongly_disagree,3.906644834586376,False,review,False,,0.338,0.175,0.044,0.5005,0.056,0.336,0.4345,0.495,0.2938,0.2895,4.981275539531206,918,0.75,3.2040448345863766,1,780,0,138,review
Cn1c(SSc2c(CC(=O)O)c3ccccc3n2C)c(CC(=O)O)c2ccccc21,4.545635850823711,0.00895766070061845,0.4045426180716058,440.5460000000002,4.723600000000003,84.46000000000001,2,4,4,7,0.18181818181818182,0,0.0,3.1036400000000017,False,,0,,0,,0,,1.0,0.7445945282787388,1.0,0.11428571428571428,Afatinib,0.0,0.8857142857142857,0.0,0.5531276707086139,1.0,0.9714285714285714,0.0,0.6311390605342964,1.0,1.0,0.0,-0.8415187473790618,4.532199359772783,-0.04282156374657625,-0.0,0.31571428571428567,4.805092081740493,0.0,0.0,0.0,0.875,0.0,1.025,0.2,low,agents_strongly_disagree,3.780092081740493,False,review,False,,0.017,0.539,0.645,0.5005,0.5615,0.0285,0.4345,0.83,0.3123,0.34445000000000003,5.179852081740493,902,0.75,3.1434320817404933,1,781,0,121,review
C=CC(=O)N1CC(Nc2nc(Nc3ccc(N4CCN(C5COC5)CC4C)cc3)c3c(c2F)CNC3=O)CCC1C,5.599026524308252,0.008734112797460298,0.4421788143214117,563.6780000000002,3.0944000000000003,102.07000000000002,3,8,6,7,0.5,1,0.5,5.374520000000001,False,,0,,0,,1,acrylamide_like,1.0,0.7914994967462904,1.0,0.2,Osimertinib,0.0,0.8,0.018642752118840845,0.43648604018446874,0.92,0.95,0.018642752118840845,0.5812821980758274,0.95,0.9313572478811591,0.06864275211884086,-0.7501859279426487,5.585925355112062,-1.0639991856785884,-0.0,0.29,4.811926169433474,0.0,0.0,0.0,0.7891965598514489,0.1,1.0391965598514488,0.2,low,agents_strongly_disagree,3.7727296095820253,False,review,False,,0.147,0.606,0.066,0.5005,0.5615,0.155,0.4345,0.839,0.29735,0.34869999999999995,5.168746169433474,903,0.75,3.1411696095820254,1,782,0,121,review
COc1cc(-n2cc(CN3C[C@@H](C)N[C@@H](C)C3)nn2)ccc1Nc1ncc(Cl)c(Nc2ccccc2S(=O)(=O)C(C)C)n1,6.200955482254763,0.02168851376721323,0.2282838858953491,626.187,4.570800000000002,139.19,3,11,5,10,0.3793103448275862,2,0.7,5.541246666666667,False,,0,,0,,0,,1.0,0.6951668922401301,0.9912125313456909,0.2018348623853211,Osimertinib,0.0,0.7981651376146789,0.16005691092664143,0.26243126544757023,1.0,0.9429506829129378,0.16005691092664143,0.5913597148217874,1.0,0.8399430890733586,0.16005691092664143,-0.5750704051935279,6.1684227116039425,-1.7649720796218924,-0.0,0.2872526741208264,4.6907033061028764,0.0,0.0,0.0,0.6749288613416982,0.0,0.8249288613416982,0.2,low,agents_strongly_disagree,3.865774444761178,False,review,False,,0.282,0.197,0.048,0.5005,0.117,0.251,0.4345,0.336,0.2736,0.26604999999999995,5.019023306102876,915,0.75,3.135034444761178,1,783,0,132,review
Nc1nc(Nc2cccc(Br)c2)c2c(n1)-c1ccccc1C2,4.290179034833073,0.013450577340613005,0.568649271005822,353.22300000000007,4.136100000000002,63.83,2,4,4,2,0.058823529411764705,0,0.0,2.021486666666667,False,,1,aniline,0,,0,,1.0,0.7053411667697382,1.0,0.14942528735632185,Gefitinib,0.0,0.8505747126436781,0.0,0.685007611873715,0.88,0.9626436781609196,0.0,0.6319128225086585,0.9626436781609196,0.9626436781609196,0.03735632183908044,-0.8425504300115447,4.270003168822153,0.27130862394699834,-0.2,0.3051724137931034,4.6464842065622545,0.0,0.0,0.0,0.8283045977011494,0.0,0.9783045977011494,0.2,low,agents_strongly_disagree,3.668179608861105,False,review,False,,0.004,0.781,0.908,0.5005,0.5615,0.097,0.4345,0.617,0.3943,0.39935,5.1196442065622545,908,0.75,3.097399608861105,1,784,0,124,review
COc1ccc(/C=C2\CCC/C(=C\c3cc(OC)cc(OC)c3)C2=O)cc1,4.96408720186841,0.028607529138602546,0.7056477771958275,364.4410000000001,4.932400000000005,44.760000000000005,0,4,3,5,0.2608695652173913,0,0.0,2.196273333333334,True,ene_one_ene_A(57),0,,0,,0,,1.0,0.8591706539074959,1.0,0.1282051282051282,Osimertinib,0.0,0.8717948717948718,0.0,0.7536342261756539,0.75,0.967948717948718,0.0,0.6178957360310929,0.967948717948718,0.967948717948718,0.03205128205128205,-0.8238609813747906,4.921175908160507,0.40229373371756655,-0.4,0.3115384615384615,5.2350081034165346,0.0,0.0,0.0,0.8349358974358976,0.0,1.1724358974358977,0.45,medium,unsafe_structure_can_game_single_score;agents_strongly_disagree,4.062572205980636,False,review,False,,0.051,0.913,0.871,0.5005,0.5615,0.078,0.043,0.2,0.4363,0.36765000000000003,5.758568103416534,826,0.75,3.0787522059806367,1,785,0,41,review
Cc1cc(C)c(O)c(CN(Cc2ccc(O)cc2)C(=O)Nc2ccccc2)c1,5.056968679408838,0.010620263227317581,0.5898910953461265,376.456,4.948940000000004,72.8,3,3,3,5,0.17391304347826086,0,0.0,2.276373333333334,True,mannich_A(296),0,,0,,0,,1.0,0.8055448594532152,1.0,0.1326530612244898,Lazertinib,0.0,0.8673469387755102,0.0,0.6868872819275491,0.75,0.9668367346938775,0.0,0.6009310041553566,0.9668367346938775,0.9668367346938775,0.03316326530612246,-0.8012413388738088,5.041038284567861,0.26582639969395255,-0.4,0.31020408163265295,5.217068765894466,0.0,0.0,0.0,0.8335459183673468,0.0,1.171045918367347,0.45,medium,unsafe_structure_can_game_single_score;agents_strongly_disagree,4.046022847527119,False,review,False,,0.055,0.806,0.844,0.5005,0.5615,0.083,0.043,0.75,0.41264999999999996,0.3781000000000001,5.712248765894467,835,0.75,3.07474284752712,1,786,0,49,review
COc1ccccc1C(=O)NCc1ccc(-c2nn([C@H]3C=C[C@H](n4ccnn4)C3)c3ncnc(N)c23)cc1,5.6773117977528385,0.011639405732551818,0.3199003261304486,507.55800000000016,3.347900000000001,138.66,2,8,6,7,0.18518518518518517,1,0.5,4.650386666666668,False,,1,aniline,0,,0,,1.0,0.8337662337662337,1.0,0.20869565217391303,Lazertinib,0.0,0.7913043478260869,0.03618036542542334,0.3970841537307211,0.88,0.9478260869565217,0.03618036542542334,0.5652726515281665,0.9478260869565217,0.9116457215310984,0.08835427846890165,-0.7054563814703243,5.659852689154011,-1.1091391553510328,-0.2,0.28739130434782606,4.638104838150805,0.0,0.0,0.0,0.764557151913873,0.0,0.914557151913873,0.2,low,agents_strongly_disagree,3.723547686236932,False,review,False,,0.159,0.391,0.195,0.5005,0.5615,0.183,0.4345,0.695,0.2791,0.32855,4.973024838150805,919,0.75,3.0678076862369323,1,787,0,132,review
O=C(Nc1ccccc1)N(Cc1ccc(F)cc1)Cc1cccc(Cl)c1O,5.677710706716033,0.020760479672494257,0.6167816490387639,384.8380000000001,5.419000000000003,52.57000000000001,2,2,3,5,0.09523809523809523,1,0.45,2.332253333333334,True,mannich_A(296),0,,0,,0,,1.0,0.8260006640954254,1.0,0.17721518987341772,Sunvozertinib,0.0,0.8227848101265822,0.029895340908262177,0.6495278556892689,0.75,0.9556962025316456,0.029895340908262177,0.5962798497822941,0.9556962025316456,0.9258008616233834,0.07419913837661662,-0.7551793451653759,5.646569987207291,-0.4235325414374267,-0.4,0.29683544303797466,5.11987288880784,0.0,0.0,0.0,0.7822510770292292,0.0,1.1197510770292292,0.45,medium,unsafe_structure_can_game_single_score;agents_strongly_disagree,4.000121811778611,False,review,False,,0.16,0.836,0.832,0.5005,0.5615,0.163,0.043,0.358,0.46409999999999996,0.4013,5.67679288880784,839,0.75,3.0566818117786108,1,788,0,51,review
C=CC(=O)N1CCC[C@H]1c1nc(-c2ccc(Oc3cccc(OC)c3F)cc2)c2cnccn12,5.378740310021833,0.02326238839940814,0.37230367570288914,458.49300000000017,5.185800000000005,68.96000000000001,0,5,5,6,0.19230769230769232,1,0.45,3.6732866666666677,False,,0,,0,,1,acrylamide_like,1.0,0.830538302650228,1.0,0.19607843137254902,Osimertinib,0.0,0.803921568627451,0.0,0.4634867652263326,0.92,0.9509803921568627,0.0,0.5836167893457989,0.9509803921568627,0.9509803921568627,0.0490196078431373,-0.7781557191277318,5.34384672742272,-0.8594585550663417,-0.0,0.2911764705882353,4.775564642944614,0.0,0.0,0.0,0.8137254901960783,0.1,1.0637254901960782,0.2,low,agents_strongly_disagree,3.711839152748536,False,review,False,,0.105,0.482,0.479,0.5005,0.5615,0.127,0.4345,0.295,0.3156,0.3288,5.1542846429446145,907,0.75,3.0563991527485364,1,789,0,118,review
Nc1nc(Nc2cccc(Br)c2)c2cc(Cc3ccc(-c4ccccc4)cc3)[nH]c2n1,5.538665626074975,0.028556203849132634,0.2815636668649557,470.37400000000014,6.304000000000005,79.61999999999999,3,4,5,5,0.04,1,0.45,3.3024933333333344,False,,1,aniline,0,,0,,1.0,0.8389913166755273,1.0,0.15294117647058825,Sunvozertinib,0.0,0.8470588235294118,0.0,0.42784104241675125,0.88,0.961764705882353,0.0,0.5674014370747761,0.961764705882353,0.961764705882353,0.038235294117647034,-0.7565352494330347,5.495831320301276,-0.9098103331350444,-0.2,0.30411764705882355,4.690138634225055,0.0,0.0,0.0,0.8272058823529413,0.0,0.9772058823529414,0.2,low,agents_strongly_disagree,3.7129327518721134,False,review,False,,0.136,0.318,0.581,0.5005,0.5615,0.102,0.4345,0.202,0.31205,0.31655,5.064598634225055,912,0.75,3.0427927518721134,1,790,0,122,review
COc1cc(C=C(C#N)C#N)cc(CS(=O)(=O)c2ccc(C)cc2)c1O,4.679224408563914,0.011520608488866931,0.8117815535840848,368.4140000000001,3.1136800000000027,111.17999999999999,1,6,2,5,0.15789473684210525,0,0.0,2.022760000000001,True,ene_cyano_A(19),0,,0,,0,,1.0,0.6279155524278677,0.8689373680506683,0.14772727272727273,Osimertinib,0.0,0.8522727272727273,0.0,0.8186813929327852,0.75,0.8647712078561831,0.0,0.6083631501972421,0.8647712078561831,0.8647712078561831,0.1352287921438169,-0.8111508669296561,4.661943495830614,0.5241570272682952,-0.4,0.2729161601944852,5.059016683293394,0.0,0.0,0.0,0.7059640098202289,0.0,1.0434640098202288,0.45,medium,unsafe_structure_can_game_single_score;agents_strongly_disagree,4.015552673473165,False,review,False,,0.031,0.982,0.907,0.5005,0.072,0.225,0.043,0.703,0.4465,0.36650000000000005,5.594816683293394,849,0.75,3.030352673473165,1,791,0,58,review
Cn1c(SSc2c(CCC(=O)O)c3ccccc3n2C)c(CCC(=O)O)c2ccccc21,5.323906740302634,0.02018678715445802,0.315472255141224,468.60000000000025,5.503800000000004,84.46000000000001,2,4,4,9,0.25,1,0.45,3.490666666666668,False,,0,,0,,0,,1.0,0.745415358416263,1.0,0.1111111111111111,Afatinib,0.0,0.8888888888888888,0.0,0.43925333007126294,1.0,0.9722222222222222,0.0,0.6028688880733712,1.0,1.0,0.0,-0.8038251840978283,5.2936265595709475,-0.8831277448587761,-0.0,0.3166666666666666,4.7271654813788375,0.0,0.0,0.0,0.875,0.0,1.025,0.2,low,agents_strongly_disagree,3.7021654813788376,False,review,False,,0.096,0.381,0.53,0.5005,0.5615,0.0285,0.4345,0.367,0.29900000000000004,0.30979999999999996,5.085965481378838,909,0.75,3.0239254813788374,1,792,0,117,review
O=C(/C=C/CN1CCCC1)N1CCCOc2cc3ncnc(Nc4ccc(OCc5cccc(F)c5)c(Cl)c4)c3cc21,6.154772188865756,0.016250636981973578,0.23533383246932998,588.0830000000002,6.512400000000006,79.82000000000001,1,7,6,8,0.28125,2,0.95,4.587220000000001,False,,0,,0,,1,acrylamide_like,1.0,0.9522732597582195,1.0,0.3592233009708738,Dacomitinib,0.0,0.6407766990291262,0.15231760132905756,0.303002069396593,0.92,0.9101941747572815,0.15231760132905756,0.5713784613707331,0.92,0.7676823986709425,0.23231760132905754,-0.5587478133889007,6.130396233392796,-1.87462416753067,-0.0,0.2422330097087378,4.498005075570863,0.0,0.0,0.0,0.5846029983386781,0.1,0.8346029983386781,0.2,low,agents_strongly_disagree,3.663402077232185,False,review,False,,0.271,0.209,0.214,0.5005,0.5615,0.317,0.4345,0.5,0.29595,0.3404,4.853145075570863,936,0.75,3.0218820772321857,1,793,0,143,review
O=C(Nc1cc2c(Nc3ccc(F)c(Cl)c3)ncnc2cc1O[C@H]1CCOC1)N1CCCC(F)(F)C1,5.870252753322189,0.010090944761726109,0.45442500231182187,521.9270000000004,5.596600000000004,88.61,2,6,5,5,0.375,2,0.95,3.9961800000000025,False,,0,,0,,0,,1.0,0.8717582417582417,1.0,0.48863636363636365,Osimertinib,0.0,0.5113636363636364,0.08549952699733905,0.4462345205022712,1.0,0.8778409090909091,0.08549952699733905,0.6023937391476298,1.0,0.9145004730026609,0.08549952699733909,-0.6891922828670544,5.8551163361796,-1.5575019976881783,-0.0,0.20340909090909093,4.5010234294005125,0.0,0.0,0.0,0.768125591253326,0.0,0.918125591253326,0.2,low,agents_strongly_disagree,3.5828978381471863,False,review,False,,0.208,0.6215,0.3555,0.5005,0.5615,0.18,0.4345,0.776,0.371325,0.39762500000000006,4.946613429400513,924,0.75,3.0100478381471865,1,794,0,130,review
FC(F)(F)c1cccc(Nc2ncnc3[nH]c(Cc4ccc(Cl)cc4Cl)cc23)c1,5.270385410020151,0.03866616545217597,0.3775043818750149,437.2520000000001,6.617900000000002,53.6,2,3,4,4,0.1,1,0.45,2.781680000000001,False,,0,,0,,0,,1.0,0.6828458498023716,0.9688106360043119,0.2948717948717949,Sunvozertinib,0.0,0.7051282051282051,0.0,0.5006397177235659,1.0,0.9028900282852852,0.0,0.6008824365022127,1.0,1.0,0.0,-0.8011765820029503,5.212386161841887,-0.7297476181249852,-0.0,0.2537411205395395,4.736379664256441,0.0,0.0,0.0,0.875,0.0,1.025,0.2,low,agents_strongly_disagree,3.7113796642564414,False,review,False,,0.09,0.494,0.728,0.5005,0.102,0.0285,0.4345,0.092,0.3486,0.28504999999999997,5.154699664256441,906,0.75,3.003439664256441,1,795,0,111,review
CN1CCN(C/C=C/C(=O)N2CCCOc3cc4ncnc(Nc5ccc(OCc6cccc(F)c6)c(Cl)c5)c4cc32)CC1,6.139991718506002,0.011768869632951779,0.25393892689621467,617.125,5.664000000000005,83.06,1,8,6,8,0.30303030303030304,2,0.95,4.780833333333334,False,,0,,0,,1,acrylamide_like,1.0,0.920378578919076,1.0,0.40594059405940597,Gefitinib,0.0,0.594059405940594,0.15175972088343415,0.30578820466471296,0.92,0.8985148514851485,0.15175972088343415,0.5690156942583239,0.92,0.7682402791165659,0.2317597208834341,-0.5563412978331863,6.122338414056574,-1.882883042800755,-0.0,0.2282178217821782,4.467673193037997,0.0,0.0,0.0,0.5853003488957074,0.1,0.8353003488957074,0.2,low,agents_strongly_disagree,3.6323728441422896,False,review,False,,0.27,0.251,0.155,0.5005,0.5615,0.315,0.4345,0.689,0.29505000000000003,0.34974999999999995,4.821733193037996,940,0.75,3.0020728441422895,1,796,0,144,review
Cc1[nH]c(/C=C2\C(=O)Nc3ccc(S(N)(=O)=O)cc32)c(C)c1CCC(=O)O,4.463103063858435,0.02389584032648014,0.5766989135602407,389.4330000000002,1.7888400000000002,142.34999999999997,4,4,3,5,0.2222222222222222,0,0.25,2.362886666666668,False,,0,,0,,1,acrylamide_like,1.0,0.6956470708307818,0.9920855833286941,0.0967741935483871,Sunvozertinib,0.0,0.9032258064516129,0.0,0.676304146047876,0.92,0.9698706391094238,0.0,0.641543696289325,0.9698706391094238,0.9698706391094238,0.030129360890576162,-0.8553915950524332,4.427259303368715,-0.005511864217537275,-0.0,0.3189891377676574,4.740736576918835,0.0,0.0,0.0,0.8373382988867797,0.1,1.0873382988867797,0.2,low,agents_strongly_disagree,3.6533982780320557,False,review,False,,0.014,0.791,0.822,0.5005,0.119,0.073,0.4345,0.278,0.3879,0.33165,5.206216576918836,901,0.75,3.001378278032056,1,797,0,104,review
NS(=O)(=O)c1ccc(Nc2nc3ncnc(Nc4ccc(N5CCOCC5)cc4)c3s2)cc1,5.476563383610055,0.02626167807721731,0.3779416297741782,483.5790000000003,3.057500000000001,135.35999999999999,3,10,5,6,0.19047619047619047,0,0.0,3.4905266666666686,True,anil_di_alk_A(478),0,,0,,0,,1.0,0.7407201576847268,1.0,0.24719101123595505,Dacomitinib,0.0,0.752808988764045,0.0,0.5236168707347724,0.75,0.9382022471910112,0.0,0.5529547794814459,0.9382022471910112,0.9382022471910112,0.061797752808988804,-0.7372730393085946,5.437170866494229,-0.12658975117820298,-0.4,0.2758426966292135,5.1864238119452395,0.0,0.0,0.0,0.797752808988764,0.0,1.135252808988764,0.45,medium,unsafe_structure_can_game_single_score;agents_strongly_disagree,4.051171002956476,False,review,False,,0.127,0.498,0.531,0.5005,0.5615,0.144,0.043,0.243,0.3365,0.30295000000000005,5.59022381194524,850,0.75,2.9897110029564766,1,798,0,52,review
CCOC(=O)CCCn1c(=O)oc2cc3ncnc(Nc4ccc(C(=O)OCc5ccc(Cl)cc5)cc4)c3cc21,6.099382881499987,0.009738662962684072,0.2160129450401979,560.9940000000001,5.635000000000005,125.55,1,9,5,10,0.20689655172413793,2,0.95,4.406626666666668,False,,0,,0,,0,,1.0,0.8264444444444445,1.0,0.3069306930693069,Dacomitinib,0.0,0.693069306930693,0.1430286563011179,0.2993214787464678,1.0,0.9232673267326732,0.1430286563011179,0.5914043654450647,1.0,0.8569713436988821,0.14302865630111794,-0.5978342788585957,6.084774887055961,-1.8742913997873885,-0.0,0.2579207920792079,4.46840427934778,0.0,0.0,0.0,0.6962141796236027,0.0,0.8462141796236027,0.2,low,agents_strongly_disagree,3.622190099724177,False,review,False,,0.261,0.168,0.253,0.5005,0.5615,0.235,0.4345,0.793,0.2891,0.3416,4.81532427934778,941,0.75,2.982110099724177,1,799,0,142,review
COc1cc(N2CCN(C)CC2)ccc1Nc1ncc(Cl)c(Oc2cccc(NC(=O)CCN3CCN(C)CC3)c2)n1,5.425164387881662,0.007056474506648091,0.3582999139606955,595.1480000000001,4.002300000000003,98.33,2,10,5,10,0.43333333333333335,1,0.5,4.634320000000001,False,,0,,0,,0,,1.0,0.9426891891891891,1.0,0.30303030303030304,Gefitinib,0.0,0.696969696969697,0.0,0.4188218757553056,1.0,0.9242424242424243,0.0,0.5857660749994325,1.0,1.0,0.0,-0.7810214333325766,5.41457967612169,-1.0435147527059714,-0.0,0.2590909090909091,4.630155832506627,0.0,0.0,0.0,0.875,0.0,1.025,0.2,low,agents_strongly_disagree,3.6051558325066275,False,review,False,,0.117,0.457,0.2,0.5005,0.5615,0.0285,0.4345,0.893,0.27415,0.32080000000000003,4.959135832506627,923,0.75,2.9401158325066277,1,800,0,123,review
COC(=O)C1=C(N)N(c2cccnc2)C2=C(C(=O)CCC2)C1c1cc2cc(Cl)ccc2n2nnnc12,5.188172914870373,0.005395818770758425,0.4201975063557303,501.9340000000003,3.280100000000002,128.60000000000002,1,9,6,3,0.2,1,0.5,3.8628933333333357,False,,0,,0,,0,,1.0,0.8849209124209125,1.0,0.15315315315315314,Osimertinib,0.0,0.8468468468468469,0.0,0.4825358079828311,1.0,0.9617117117117118,0.0,0.6110618799236357,1.0,1.0,0.0,-0.8147491732315143,5.180079186714235,-0.88923649364427,-0.0,0.3040540540540541,4.59489674712402,0.0,0.0,0.0,0.875,0.0,1.025,0.2,low,agents_strongly_disagree,3.56989674712402,False,review,False,,0.081,0.565,0.402,0.5005,0.5615,0.0285,0.4345,0.947,0.30984999999999996,0.34909999999999997,4.9667167471240194,922,0.75,2.9388167471240196,1,801,0,121,review
CN(C)Cc1cc(C(=O)N[C@@H]2CCc3ccc(Oc4ccnc5c4CCC(=O)N5)cc3C2)cc(C(F)(F)F)c1,5.873028491420215,0.052692962192781544,0.455038170055027,538.5700000000003,5.126300000000004,83.56,2,5,5,6,0.3448275862068966,2,0.95,4.207133333333335,False,,0,,0,,0,,1.0,0.7061331133113311,1.0,0.18487394957983194,Lazertinib,0.0,0.8151260504201681,0.056372049320106754,0.4384581730174443,1.0,0.953781512605042,0.056372049320106754,0.6121529337356482,1.0,0.9436279506798932,0.056372049320106754,-0.7410411792207219,5.793989048131043,-1.5915490713242835,-0.0,0.29453781512605043,4.49697779193281,0.0,0.0,0.0,0.8045349383498666,0.0,0.9545349383498666,0.2,low,agents_strongly_disagree,3.5424428535829438,False,review,False,,0.209,0.624,0.304,0.5005,0.5615,0.14,0.4345,0.021,0.36454999999999993,0.35140000000000005,4.93443779193281,926,0.75,2.9141228535829438,1,802,0,124,review
CC(=O)N1N=C(c2ccc([N+](=O)[O-])cc2)CC1c1ccc(C(=O)OCCn2c([N+](=O)[O-])cnc2C)cc1,5.95008576248071,0.017294574847158545,0.25421308135407694,506.4750000000003,3.562520000000003,163.07,0,9,4,8,0.25,1,0.75,3.993166666666669,False,,1,nitroso,1,nitroso,0,,1.0,0.9034011528037562,1.0,0.11016949152542373,Lazertinib,0.0,0.8898305084745762,0.10041523822716657,0.3862338614114089,0.7,0.972457627118644,0.10041523822716657,0.5397766816893048,0.972457627118644,0.8720423888914774,0.12795761110852255,-0.5858152579495177,5.924143900209972,-1.3197619186459235,-0.5,0.3169491525423728,4.421331134106421,0.0,0.0,0.0,0.7150529861143468,0.0,0.8650529861143468,0.2,low,agents_strongly_disagree,3.5562781479920744,False,review,False,,0.223,0.254,0.357,0.5005,0.5615,0.217,0.4345,0.459,0.30479999999999996,0.3350000000000001,4.787091134106421,942,0.75,2.9082781479920747,1,803,0,139,review
O=c1c2ccccc2nc(-c2ccccc2)n1-c1nnc(-c2ccccc2Cl)s1,5.1613632719308535,0.0715746470996693,0.4040109485811174,416.89300000000014,5.2246000000000015,60.67,0,5,5,3,0.0,1,0.45,2.7459533333333344,False,,0,,0,,0,,1.0,0.6660333171313685,0.9382423947843063,0.14814814814814814,Sunvozertinib,0.0,0.8518518518518519,0.0,0.5165924319760249,1.0,0.9166447590511926,0.0,0.6083092977568043,1.0,1.0,0.0,-0.8110790636757391,5.05400130128135,-0.7078820514188827,-0.0,0.2901161542516321,4.636235404114099,0.0,0.0,0.0,0.875,0.0,1.025,0.2,low,agents_strongly_disagree,3.611235404114099,False,review,False,,0.075,0.536,0.7365,0.5005,0.09,0.0285,0.4345,0.004,0.351525,0.28209999999999996,5.058065404114099,913,0.75,2.8997554041140985,1,804,0,109,review
CCCCN(Cc1cccc(Br)c1O)C(=O)Nc1ccccc1,4.7229551738582405,0.026395136260708565,0.745366953259426,377.28200000000004,4.9889000000000046,52.57,2,2,2,6,0.2777777777777778,0,0.0,2.1818800000000005,True,mannich_A(296),0,,0,,0,,1.0,0.7668222949557182,1.0,0.14583333333333334,Lazertinib,0.0,0.8541666666666666,0.0,0.7760333627542229,0.75,0.9635416666666666,0.0,0.6223937573552224,0.9635416666666666,0.9635416666666666,0.03645833333333337,-0.8298583431402965,4.683362469467178,0.44586273103720375,-0.4,0.30624999999999997,5.035475200504382,0.0,0.0,0.0,0.8294270833333334,0.0,1.1669270833333334,0.45,medium,unsafe_structure_can_game_single_score;agents_strongly_disagree,3.8685481171710485,False,review,False,,0.035,0.948,0.874,0.5005,0.5615,0.092,0.043,0.24,0.43655,0.3718000000000001,5.559335200504382,853,0.75,2.8897081171710486,1,805,0,48,review
CCOc1ccc(C(=O)N[C@@H]2CCCN(c3nnc(C(N)=O)c(Nc4ccc(C(=N)N(C)C)cc4)n3)C2)cc1,5.660111987643427,0.015515442732500443,0.23981367685080843,531.6210000000003,2.3985700000000003,162.45,4,9,4,9,0.3333333333333333,1,0.75,4.260806666666669,False,,0,,0,,0,,1.0,0.7461392982913787,1.0,0.16101694915254236,Lazertinib,0.0,0.8389830508474576,0.029167186998106477,0.3680203427807651,1.0,0.9597457627118644,0.029167186998106477,0.5892333231226841,1.0,0.9708328130018935,0.029167186998106498,-0.7467548481661033,5.636838823544677,-1.3659739898158585,-0.0,0.30169491525423725,4.572559748983056,0.0,0.0,0.0,0.8385410162523668,0.0,0.9885410162523668,0.2,low,agents_strongly_disagree,3.5840187327306894,False,review,False,,0.157,0.229,0.295,0.5005,0.5615,0.069,0.4345,0.529,0.26080000000000003,0.29394999999999993,4.885519748983056,931,0.75,2.886758732730689,1,806,0,125,review
CN(C)C(=O)N[C@@H]1CCCN(c2cnc(C(N)=O)c(Nc3ccc(C4CCN(S(C)(=O)=O)CC4)cc3)n2)C1,5.314436569693014,0.008948987507216444,0.4759534356919802,544.6820000000002,1.6981000000000008,153.86,3,8,4,7,0.52,1,0.75,4.147880000000002,False,,0,,0,,0,,1.0,0.8525731210662718,1.0,0.1509433962264151,Osimertinib,0.0,0.8490566037735849,0.0,0.502240543476743,1.0,0.9622641509433962,0.0,0.6161261736050347,1.0,1.0,0.0,-0.821501564806713,5.30101308843219,-1.09422856430802,-0.0,0.3047169811320755,4.511501505256245,0.0,0.0,0.0,0.875,0.0,1.025,0.2,low,agents_strongly_disagree,3.486501505256245,False,review,False,,0.093,0.659,0.319,0.5005,0.5615,0.0285,0.4345,0.831,0.3216,0.3527,4.897421505256244,929,0.75,2.8597415052562445,1,807,0,122,review
COc1cc(N2CCN(C)CC2)ccc1Nc1ncc(Cl)c(Oc2ccccc2NC(=O)/C=C/CN(C)C)n1,5.294927969907168,0.012465989042814455,0.35346939002159705,552.0790000000002,4.482600000000002,95.09,2,9,4,10,0.32142857142857145,1,0.5,4.147193333333335,False,,0,,0,,1,acrylamide_like,1.0,0.8337762546095879,1.0,0.27,Osimertinib,0.0,0.73,0.0,0.43490072861444246,0.92,0.9325,0.0,0.5718501821536106,0.9325,0.9325,0.0675,-0.7624669095381474,5.276228986342947,-0.9864667528355459,-0.0,0.26899999999999996,4.558762233507401,0.0,0.0,0.0,0.7906250000000001,0.1,1.0406250000000001,0.2,low,agents_strongly_disagree,3.5181372335074004,False,review,False,,0.091,0.449,0.32,0.5005,0.5615,0.153,0.4345,0.664,0.27885000000000004,0.3248,4.893382233507401,930,0.75,2.8578972335074004,1,808,0,122,review
COc1cc(Nc2c(C#N)cnc3cc(-c4ccc(CN5CCN(C)CC5)cn4)sc23)c(Cl)cc1Cl,5.931846640501774,0.021665060026649217,0.32038139667675475,539.4920000000004,6.036380000000005,77.31,1,8,5,6,0.2692307692307692,2,0.95,3.8632800000000027,False,,0,,0,,0,,1.0,0.6427146024707,0.895844731764909,0.29896907216494845,Gefitinib,0.0,0.7010309278350515,0.09279611810678894,0.3776220758645227,1.0,0.8471412807824446,0.09279611810678894,0.5793898686884391,1.0,0.9072038818932111,0.0927961181067889,-0.6487916674422002,5.8993490504618,-1.6821875264001687,-0.0,0.23427046129174267,4.451431985353374,0.0,0.0,0.0,0.7590048523665138,0.0,0.9090048523665138,0.2,low,agents_strongly_disagree,3.5424271329868606,False,review,False,,0.221,0.393,0.401,0.5005,0.081,0.186,0.4345,0.337,0.3383,0.30239999999999995,4.857391985353375,934,0.75,2.8553071329868605,1,809,0,125,review
CO[C@H]1[C@@H](N(C)C(C)=O)C[C@@H]2O[C@@]1(C)n1c3ccccc3c3c4c(c5c6ccccc6n2c5c31)C(=O)NC4,5.522963164804541,0.007816594771388746,0.37778684436814397,508.5780000000003,4.612900000000003,77.72999999999999,1,4,8,2,0.3333333333333333,1,0.5,6.2571866666666685,False,,0,,0,,0,,1.0,0.8835405405405405,1.0,0.13559322033898305,Lazertinib,0.0,0.864406779661017,0.0002691748611632315,0.3671217387614535,1.0,0.9661016949152542,0.0002691748611632315,0.5833731521344677,1.0,0.9997308251388368,0.00026917486116317946,-0.7774719696977394,5.511238272647458,-1.277457822298523,-0.0,0.3093220338983051,4.543102484247241,0.0,0.0,0.0,0.874663531423546,0.0,1.024663531423546,0.2,low,agents_strongly_disagree,3.518438952823695,False,review,False,,0.134,0.497,0.02,0.5005,0.5615,0.057,0.4345,0.874,0.26280000000000003,0.3158,4.858462484247241,933,0.75,2.8473989528236947,1,810,0,123,review
CC(=O)Nc1ccc(S(=O)(=O)Nc2nc3ccccc3nc2Nc2ccc(C(=O)O)cc2)cc1,4.936076985425758,0.04878388473545614,0.31354982665304654,477.5020000000002,3.8308000000000018,150.38,4,7,4,7,0.043478260869565216,0,0.25,3.350013333333335,False,,0,,0,,0,,1.0,0.5207667022032694,0.674121276733217,0.20512820512820512,Sunvozertinib,0.0,0.7948717948717949,0.0,0.4936057379925089,1.0,0.7043089062678614,0.0,0.5494786610650926,1.0,1.0,0.0,-0.7326382147534568,4.862901158322574,-0.4346043472599972,-0.0,0.20699185764484268,4.635288668707419,0.0,0.0,0.0,0.875,0.0,1.025,0.2,low,agents_strongly_disagree,3.6102886687074194,False,review,False,,0.047,0.37,0.57,0.5005,0.035,0.0285,0.4345,0.029,0.28074999999999994,0.2279,4.972188668707419,921,0.75,2.8337686687074193,1,811,0,110,review
COc1ccc(C2=NN(c3nc(-c4ccc(Cl)cc4)cs3)C(c3ccc(Cl)cc3)C2)cc1,5.161965219140431,0.002645537723219947,0.29722392240496276,480.4200000000002,7.481200000000005,37.72,0,5,5,5,0.12,1,0.45,3.719466666666668,False,,0,,0,,0,,1.0,0.9503628447024675,1.0,0.13978494623655913,Gefitinib,0.0,0.8602150537634409,0.0,0.42041674706631926,1.0,0.9650537634408602,0.0,0.5963676276267948,1.0,1.0,0.0,-0.7951568368357265,5.157996912555601,-0.9486960775950375,-0.0,0.30806451612903224,4.5173653510895955,0.0,0.0,0.0,0.875,0.0,1.025,0.2,low,agents_strongly_disagree,3.4923653510895956,False,review,False,,0.076,0.348,0.46,0.5005,0.5615,0.0285,0.4345,0.993,0.27290000000000003,0.32314999999999994,4.844845351089596,938,0.75,2.8301453510895955,1,812,0,126,review
NC(=O)c1c(-c2ccc(Oc3cccc(C(F)(F)F)n3)cc2)nn(C2CCCN(C(=O)/C=C/CF)C2)c1N,5.446162841321327,0.010129260257938295,0.34785654822073825,532.4980000000002,4.126500000000002,129.36,2,6,4,7,0.28,1,0.5,4.066653333333334,False,,1,aniline,0,,1,acrylamide_like,1.0,0.8516953336938086,1.0,0.13008130081300814,Lazertinib,0.0,0.8699186991869918,0.0,0.43491135793166247,0.8,0.967479674796748,0.0,0.5505977581821027,0.967479674796748,0.967479674796748,0.03252032520325199,-0.7341303442428035,5.43096895093442,-0.9841414517792617,-0.2,0.31097560975609756,4.557803108911256,0.0,0.0,0.0,0.834349593495935,0.1,1.084349593495935,0.2,low,agents_strongly_disagree,3.4734535154153208,False,review,False,,0.119,0.439,0.337,0.5005,0.5615,0.079,0.4345,0.773,0.29200000000000004,0.33144999999999997,4.908203108911255,927,0.75,2.8211935154153203,1,813,0,114,review
CCC(=O)N1CC[C@H](N2C(=O)N(c3cc(OC)ccc3F)Cc3cnc(Nc4ccc(N5CC6(CCN(C)CC6)C5)c(C)c4)nc32)C1,6.608406903212037,0.006560397120751289,0.37754784982844397,642.7799999999999,5.1658200000000045,97.38,1,8,7,7,0.4857142857142857,2,0.95,5.901866666666666,True,anil_di_alk_A(478),0,,0,,0,,1.0,0.9211256843514908,1.0,0.2184873949579832,Gefitinib,0.0,0.7815126050420168,0.2725094478184834,0.33065644561077245,0.75,0.9453781512605042,0.2725094478184834,0.57463601117244,0.9453781512605042,0.6728687034420208,0.32713129655797923,-0.40283541780527554,6.59856630753091,-1.9091607216001274,-0.4,0.28445378151260503,4.573859367443387,0.0,0.0,0.0,0.466085879302526,0.0,0.803585879302526,0.45,medium,unsafe_structure_can_game_single_score;agents_strongly_disagree,3.7702734881408615,False,review,False,,0.366,0.495,0.032,0.5005,0.5615,0.5,0.043,0.911,0.36860000000000004,0.3933,5.016179367443387,917,0.75,2.817233488140862,1,814,0,103,review
NC(=O)c1nnc(N2CCC[C@@H](NC(=O)N3CCCCC3)C2)nc1Nc1ccc(C2CCN(C=O)CC2)cc1,5.321441823661886,0.012063927330926302,0.4569668327782555,535.6530000000005,2.214199999999999,149.68,3,8,5,7,0.5555555555555556,1,0.75,4.28768666666667,False,,0,,0,,0,,1.0,0.8353022036120628,1.0,0.14285714285714285,Osimertinib,0.0,0.8571428571428572,0.0,0.4864207323870148,1.0,0.9642857142857143,0.0,0.6126766116681823,1.0,1.0,0.0,-0.8169021488909097,5.303345932665497,-1.1306306116661895,-0.0,0.3071428571428571,4.479858178142164,0.0,0.0,0.0,0.875,0.0,1.025,0.2,low,agents_strongly_disagree,3.4548581781421643,False,review,False,,0.094,0.627,0.286,0.5005,0.5615,0.0285,0.4345,0.681,0.3107,0.33740000000000003,4.852698178142164,937,0.75,2.8097381781421644,1,815,0,122,review
N#C/C(=C\c1cc(O)c(O)c(CSc2nc3ccccc3s2)c1)C(N)=O,5.322591002336077,0.01620297872978578,0.26875261284914576,383.45400000000006,3.3920800000000018,120.22999999999999,3,7,3,5,0.05555555555555555,0,0.0,2.3230266666666672,True,catechol_A(92),0,,0,,1,acrylamide_like,1.0,0.7236861405302628,1.0,0.12359550561797752,Afatinib,0.0,0.8764044943820225,0.0,0.5084667575798507,0.67,0.9691011235955056,0.0,0.5368919702938391,0.9691011235955056,0.9691011235955056,0.030898876404494402,-0.7158559603917855,5.298286534241399,-0.07414583159529879,-0.4,0.31292134831460666,5.137062050960706,0.0,0.0,0.0,0.836376404494382,0.1,1.273876404494382,0.45,medium,unsafe_structure_can_game_single_score;agents_strongly_disagree,3.863185646466324,False,review,False,,0.095,0.285,0.836,0.5005,0.5615,0.074,0.043,0.503,0.32525,0.29790000000000005,5.527362050960706,856,0.75,2.7956656464663245,1,816,0,40,review
Cc1[nH]c(-c2ccccc2)c(-c2ccccc2)c1-c1ccc(NC(=O)c2ccccc2)c(=O)o1,5.251814436886552,0.0312141300198133,0.3222747869586252,446.50600000000014,6.529620000000005,75.1,2,3,5,5,0.034482758620689655,1,0.45,3.1433733333333342,False,,0,,0,,0,,1.0,0.4694512182540905,0.580820396825619,0.14285714285714285,Lazertinib,0.0,0.8571428571428572,0.0,0.4563521584682695,1.0,0.6499010119049285,0.0,0.5265632925932995,1.0,1.0,0.0,-0.7020843901243993,5.204993241856832,-0.8457829371793059,-0.0,0.2023479563492619,4.561558261026788,0.0,0.0,0.0,0.875,0.0,1.025,0.2,low,agents_strongly_disagree,3.5365582610267885,False,review,False,,0.088,0.398,0.625,0.5005,0.018,0.0285,0.4345,0.17,0.31305,0.25525,4.937218261026788,925,0.75,2.7928582610267885,1,817,0,108,review
O=C(Nc1cc2c(Nc3ccc(F)c(Cl)c3)ncnc2cc1O[C@H]1CCOC1)N1CCC(F)(F)CC1,5.708793245396051,0.008303956588987063,0.45442500231182187,521.9270000000004,5.596600000000004,88.61,2,6,5,5,0.375,2,0.95,3.9961800000000025,False,,0,,0,,0,,1.0,0.9019028340080972,1.0,0.5119047619047619,Osimertinib,0.0,0.48809523809523814,0.04638554173672182,0.4462345205022712,1.0,0.8720238095238095,0.04638554173672182,0.5911609679407006,1.0,0.9536144582632782,0.046385541736721825,-0.7263672349386383,5.69633731051257,-1.5575019976881783,-0.0,0.19642857142857145,4.335263884252963,0.0,0.0,0.0,0.8170180728290977,0.0,0.9670180728290977,0.2,low,agents_strongly_disagree,3.368245811423865,False,review,False,,0.169,0.6215,0.3555,0.5005,0.5615,0.119,0.4345,0.858,0.35377500000000006,0.383925,4.759793884252963,945,0.75,2.778955811423865,1,818,0,127,review
NC(=O)c1nnc(N2CCC[C@@H](NC(=O)c3ccc4ncccc4c3)C2)nc1Nc1ccc(C(=O)N2CCOCC2)cc1,5.567928532598236,0.004275601457823103,0.29396222615611056,581.6370000000002,2.1334999999999997,168.56,3,10,6,7,0.3,1,0.75,4.794246666666668,False,,0,,0,,0,,1.0,0.7225784928021429,1.0,0.18584070796460178,Dacomitinib,0.0,0.8141592920353982,0.013989212129082815,0.3772851218217582,1.0,0.9535398230088495,0.013989212129082815,0.5862035392399226,1.0,0.9860107878709172,0.013989212129082773,-0.7629524361477865,5.561515130411501,-1.3951747738438895,-0.0,0.2942477876106194,4.460588144178232,0.0,0.0,0.0,0.8575134848386465,0.0,1.0075134848386464,0.2,low,agents_strongly_disagree,3.453074659339585,False,review,False,,0.142,0.342,0.152,0.5005,0.5615,0.061,0.4345,0.966,0.2552,0.31315000000000004,4.766828144178231,943,0.75,2.7788546593395855,1,819,0,124,review
COc1cc2ncc(C#N)c(Nc3ccc(F)c(Cl)c3)c2cc1NC(=O)/C=C/C(C)N1CCOCC1,5.075611152613423,0.00923994712452705,0.43833491253239576,509.96900000000034,4.8665800000000035,99.50999999999999,2,7,4,7,0.2692307692307692,1,0.5,3.916460000000002,False,,0,,0,,1,acrylamide_like,1.0,0.7982753448815783,1.0,0.47191011235955055,Osimertinib,0.0,0.5280898876404494,0.0,0.4904511249697407,0.92,0.8820224719101124,0.0,0.5731183992199633,0.92,0.92,0.07999999999999996,-0.7641578656266178,5.061751231926632,-0.8722110105445275,-0.0,0.2084269662921348,4.397967187674239,0.0,0.0,0.0,0.7750000000000001,0.1,1.0250000000000001,0.2,low,agents_strongly_disagree,3.372967187674239,False,review,False,,0.06,0.599,0.385,0.5005,0.5615,0.171,0.4345,0.82,0.30465,0.3541,4.763547187674239,944,0.75,2.7478871876742392,1,820,0,124,review
Cc1cccc(C)c1NC(=O)/C(C#N)=C/c1ccc(O)c(O)c1,4.900519477073488,0.016364020850358995,0.46070298566451706,308.33700000000005,3.260320000000002,93.35000000000001,3,4,2,3,0.1111111111111111,0,0.0,1.7,True,catechol_A(92),0,,0,,1,acrylamide_like,1.0,0.7464189723320158,1.0,0.13095238095238096,Osimertinib,0.0,0.8690476190476191,0.0,0.638002026730869,0.67,0.9672619047619048,0.0,0.5688159828731935,0.9672619047619048,0.9672619047619048,0.03273809523809523,-0.7584213104975913,4.87597344579795,0.21681409677562816,-0.4,0.31071428571428567,5.003501828287863,0.0,0.0,0.0,0.834077380952381,0.1,1.271577380952381,0.45,medium,unsafe_structure_can_game_single_score;agents_strongly_disagree,3.7319244473354822,False,review,False,,0.044,0.633,0.986,0.5005,0.5615,0.08,0.043,0.497,0.3944,0.35009999999999997,5.476781828287863,864,0.75,2.7270444473354827,1,821,0,43,review
CNc1ncnc(-c2cccnc2Oc2cc(NC(=O)c3cccc(OC(F)(F)C(F)F)c3)ccc2C)n1,5.962168136676821,0.04097262638678263,0.2716281703724975,528.4660000000001,5.565020000000003,111.15,2,8,4,9,0.16,2,0.95,3.8897733333333337,False,,0,,0,,0,,1.0,0.4731036274158786,0.5874611407561429,0.19607843137254902,Osimertinib,0.0,0.803921568627451,0.08686119569845743,0.3497888270382069,1.0,0.6415762477239699,0.08686119569845743,0.5195565676151586,1.0,0.9131388043015426,0.0868611956984574,-0.5769271625556016,5.900709197096647,-1.7458378296275026,-0.0,0.188041755777271,4.342913123246416,0.0,0.0,0.0,0.7664235053769284,0.0,0.9164235053769284,0.2,low,agents_strongly_disagree,3.4264896178694877,False,review,False,,0.228,0.292,0.394,0.5005,0.021,0.181,0.4345,0.064,0.32020000000000004,0.26849999999999996,4.727153123246416,949,0.75,2.698689617869488,1,822,0,127,review
CCC(=O)N1CC[C@H](N2C(=O)N(c3cc(OC)ccc3F)Cc3cnc(Nc4ccc(N5CCCCC5)c(C)c4)nc32)C1,6.404457209983811,0.006041580112845241,0.3833207955366108,587.7000000000002,5.624120000000006,94.14,1,7,6,7,0.4375,2,0.95,4.834666666666668,True,anil_di_alk_A(478),0,,0,,0,,1.0,0.9177589852008456,1.0,0.20689655172413793,Gefitinib,0.0,0.7931034482758621,0.221885196416961,0.3748777195964179,0.75,0.9482758620689655,0.221885196416961,0.5737596945205861,0.9482758620689655,0.7263906656520045,0.2736093343479955,-0.4691659974715001,6.395394839814543,-1.7481292044633894,-0.4,0.28793103448275864,4.535196669833912,0.0,0.0,0.0,0.5329883320650056,0.0,0.8704883320650056,0.45,medium,unsafe_structure_can_game_single_score;agents_strongly_disagree,3.6647083377689063,False,review,False,,0.317,0.506,0.138,0.5005,0.5615,0.393,0.043,0.924,0.36465000000000003,0.3808000000000001,4.9727766698339115,920,0.75,2.696668337768907,1,823,0,97,review
NC(=S)N1N=C(c2ccc(Cl)c(Cl)c2)CC1c1ccc([N+](=O)[O-])cc1,5.138351873556814,0.007789369679640453,0.4760286938074816,395.2710000000002,4.296300000000002,84.75999999999999,1,4,3,3,0.125,0,0.0,2.5518066666666677,False,,2,nitroso;thiourea,1,nitroso,0,,1.0,0.7933552721788015,1.0,0.11956521739130435,Osimertinib,0.0,0.8804347826086957,0.0,0.6136693713377046,0.5800000000000001,0.970108695652174,0.0,0.5409445167474697,0.970108695652174,0.970108695652174,0.029891304347826053,-0.7212593556632929,5.126667819037353,0.10575769380748144,-0.7,0.31413043478260866,4.846555947627443,0.0,0.0,0.0,0.8376358695652175,0.0,1.1751358695652177,0.45,medium,unsafe_structure_can_game_single_score;agents_strongly_disagree,3.671420078062225,False,review,False,,0.072,0.66,0.781,0.5005,0.5615,0.071,0.043,0.877,0.38164999999999993,0.36014999999999997,5.304535947627443,894,0.75,2.6786000780622254,1,824,0,70,review
CC(=O)Nc1c(C(C)=O)c(=O)n(C)c2nc(-c3ccc(Cl)cc3Cl)c(-c3ccc(Cl)cc3)cc12,5.798237480499822,0.026842362463505774,0.32003778421170176,514.7960000000002,6.388700000000004,81.06,1,4,4,4,0.12,2,0.95,3.298640000000001,False,,0,,0,,0,,1.0,0.42749072307959074,0.5045285874174378,0.18823529411764706,Sunvozertinib,0.0,0.8117647058823529,0.05576971640050135,0.3991500120856667,1.0,0.5813376170336666,0.05576971640050135,0.5090643363799587,1.0,0.9442302835994987,0.055769716400501324,-0.6043928266392765,5.757973936804563,-1.6127582157882983,-0.0,0.16966155861906534,4.314877279635329,0.0,0.0,0.0,0.8052878544993733,0.0,0.9552878544993734,0.2,low,agents_strongly_disagree,3.359589425135956,False,review,False,,0.187,0.392,0.582,0.5005,0.007,0.139,0.4345,0.23,0.34995,0.2927,4.73481727963533,948,0.75,2.6608294251359563,1,825,0,123,review
COc1cc2ncnc(Oc3ccc(NC(=O)Nc4cccc(C(F)(F)F)c4)c4ccccc34)c2cc1OC,5.868077265894393,0.012354227817216158,0.23823466530217988,534.4940000000001,7.2553000000000045,94.60000000000001,2,6,5,6,0.10714285714285714,2,0.95,3.829960000000001,False,,0,,0,,0,,1.0,0.5876906547655943,0.7958011904828987,0.313953488372093,Osimertinib,0.0,0.686046511627907,0.08337135700154698,0.33372291207004506,1.0,0.7683625207691507,0.08337135700154698,0.5463641974601856,1.0,0.916628642998453,0.08337135700154696,-0.6173237872781849,5.849545924168569,-1.7755450489835347,-0.0,0.20476425110909674,4.2787651262941315,0.0,0.0,0.0,0.7707858037480664,0.0,0.9207858037480664,0.2,low,agents_strongly_disagree,3.3579793225460652,False,review,False,,0.207,0.22,0.416,0.5005,0.055,0.179,0.4345,0.671,0.29964999999999997,0.28715,4.638345126294132,956,0.75,2.6525593225460655,1,826,0,130,review
O=C(O)Cc1c(SSSc2[nH]c3ccccc3c2CC(=O)O)[nH]c2ccccc12,4.939012707401555,0.006371582956565572,0.2714150934205855,444.55900000000025,5.351000000000003,106.18,4,5,4,8,0.1,1,0.45,3.2303933333333346,False,,0,,0,,0,,1.0,0.7659139234748991,1.0,0.1,Lazertinib,0.0,0.9,0.0,0.4250324039454246,1.0,0.975,0.0,0.6000081009863562,1.0,1.0,0.0,-0.8000108013151416,4.929455332966707,-0.9031439065794147,-0.0,0.32,4.346311426387292,0.0,0.0,0.0,0.875,0.0,1.025,0.2,low,agents_strongly_disagree,3.321311426387292,False,review,False,,0.05,0.291,0.602,0.5005,0.5615,0.0285,0.4345,0.916,0.2711,0.31715,4.671631426387291,951,0.75,2.6518914263872917,1,827,0,124,review
COc1cc2c(cc1OC)Sc1nc(C)nc(Nc3cccc(Br)c3)c1NC2,4.62169747315507,0.011273688040003596,0.5076845836845358,459.3690000000001,5.385020000000003,68.3,2,7,4,4,0.2,1,0.45,2.9291266666666673,False,,0,,0,,0,,1.0,0.7771825396825397,1.0,0.21978021978021978,Gefitinib,0.0,0.7802197802197802,0.0,0.5665678030777768,1.0,0.945054945054945,0.0,0.6279056870331805,1.0,1.0,0.0,-0.8372075827109073,4.604786941095065,-0.6116844163154642,-0.0,0.28406593406593406,4.2771684588455345,0.0,0.0,0.0,0.875,0.0,1.025,0.2,low,agents_strongly_disagree,3.2521684588455346,False,review,False,,0.024,0.705,0.684,0.5005,0.5615,0.0285,0.4345,0.718,0.35450000000000004,0.36974999999999997,4.702568458845534,950,0.75,2.645868458845534,1,828,0,122,review
Nc1nc(Nc2ccc(Cl)cc2)c2cc(Cc3cccc4ccccc34)[nH]c2n1,4.936533052816487,0.02213401380885822,0.3628594032518449,399.88500000000005,5.681100000000003,79.61999999999999,3,4,5,4,0.043478260869565216,1,0.45,2.732566666666667,False,,1,aniline,0,,0,,1.0,0.7017000513610683,1.0,0.2,Sunvozertinib,0.0,0.8,0.0,0.49447395383979675,0.88,0.95,0.0,0.5811184884599492,0.95,0.95,0.050000000000000044,-0.7748246512799323,4.9033320321032,-0.7426777706611987,-0.2,0.29,4.250654261442001,0.0,0.0,0.0,0.8124999999999999,0.0,0.9624999999999999,0.2,low,agents_strongly_disagree,3.2881542614420014,False,review,False,,0.049,0.465,0.741,0.5005,0.5615,0.1295,0.4345,0.322,0.32630000000000003,0.33725000000000005,4.642214261442001,955,0.75,2.642854261442001,1,829,0,126,review
CC(C)(C)OC(=O)NCCNC(=O)c1ccc(S(=O)(=O)Oc2ccc(/C=C/[N+](=O)[O-])cc2)cc1,5.060725451160305,0.035877669557775854,0.23483554644389681,491.52200000000016,2.9562000000000017,153.94,2,8,2,9,0.2727272727272727,0,0.25,3.243480000000001,False,,1,nitroso,1,nitroso,0,,1.0,0.7639059479386774,1.0,0.11235955056179775,Afatinib,0.0,0.8876404494382022,0.0,0.4544103197749125,0.7,0.9719101123595506,0.0,0.5315801080336158,0.9719101123595506,0.9719101123595506,0.028089887640449396,-0.7087734773781543,5.006908946823642,-0.474413726283376,-0.5,0.3162921348314606,4.3487873553717264,0.0,0.0,0.0,0.8398876404494382,0.0,0.9898876404494382,0.2,low,agents_strongly_disagree,3.358899714922288,False,review,False,,0.056,0.208,0.599,0.5005,0.5615,0.068,0.4345,0.118,0.25675000000000003,0.27025,4.656887355371726,953,0.75,2.633199714922288,1,830,0,123,review
Cc1ncc([N+](=O)[O-])n1C/C(=N/NC(=O)c1ccc(N)cc1)c1ccc(Br)cc1,5.455726721190285,0.02217186876330051,0.2541472570183555,457.2880000000001,3.2787200000000007,128.44,2,6,3,6,0.10526315789473684,0,0.0,2.9152533333333346,False,,2,nitroso;aniline,1,nitroso,0,,1.0,0.8767954368680322,1.0,0.125,Afatinib,0.0,0.875,0.0,0.4776558631549673,0.5800000000000001,0.96875,0.0,0.5066014657887419,0.96875,0.96875,0.03125,-0.6754686210516558,5.422468918045334,-0.172614427192171,-0.7,0.31249999999999994,4.862354490853163,0.0,0.0,0.0,0.8359375,0.0,1.1734375,0.45,medium,unsafe_structure_can_game_single_score;agents_strongly_disagree,3.6889169908531634,False,review,False,,0.121,0.253,0.687,0.5005,0.5615,0.075,0.043,0.321,0.30820000000000003,0.277,5.232194490853163,899,0.75,2.596316990853164,1,831,0,68,review
C[C@H](NC(=O)[C@H](C)NC(=O)c1ccc(S(=O)(=O)Oc2ccc(/C=C/[N+](=O)[O-])cc2)cc1)C(=O)O,5.1263042242394254,0.02628589309452675,0.2512415162281358,491.47800000000024,1.4092999999999996,182.01,3,8,2,10,0.19047619047619047,0,0.25,4.043186666666668,False,,1,nitroso,1,nitroso,0,,1.0,0.8755555555555556,1.0,0.10309278350515463,Osimertinib,0.0,0.8969072164948454,0.0,0.43267565443829514,0.7,0.9742268041237113,0.0,0.5267256146405016,0.9742268041237113,0.9742268041237113,0.02577319587628868,-0.7023008195206688,5.0868753845976356,-0.5861888647242454,-0.5,0.31907216494845353,4.319758684821844,0.0,0.0,0.0,0.8427835051546393,0.0,0.9927835051546393,0.2,low,agents_strongly_disagree,3.3269751796672047,False,review,False,,0.07,0.246,0.345,0.5005,0.5615,0.065,0.4345,0.241,0.23255,0.2606,4.598818684821844,957,0.75,2.5896951796672045,1,832,0,125,review
N#CC(C#N)=Cc1ccc(C=O)cc1,4.381657826704524,0.009343849388283698,0.5180957849447793,182.182,1.9296599999999997,64.65,0,3,1,2,0.0,0,0.0,1.4,True,ene_cyano_A(19),0,,0,,0,,1.0,0.616551724137931,0.8482758620689654,0.09230769230769231,Sunvozertinib,0.0,0.9076923076923077,0.0,0.6811065278734747,0.75,0.8631299734748009,0.0,0.5735591253370689,0.8631299734748009,0.8631299734748009,0.13687002652519908,-0.7647455004494251,4.367642052622099,0.3080957849447793,-0.4,0.28437665782493365,4.560114495391812,0.0,0.0,0.0,0.7039124668435013,0.0,1.0414124668435014,0.45,medium,unsafe_structure_can_game_single_score;agents_strongly_disagree,3.51870202854831,False,review,False,,0.008,0.724,0.996,0.5005,0.066,0.227,0.043,0.814,0.39790000000000003,0.33495,5.0375944953918115,914,0.75,2.4956420285483105,1,833,0,81,review
CCC(=O)Nc1cc2c(Oc3ccc(NC(=O)CCCc4ccccc4)cc3F)ncnc2cc1OC,5.639370529998508,0.010689319114485575,0.2807882518381732,502.5460000000002,5.879700000000004,102.44000000000001,2,6,4,10,0.21428571428571427,2,0.95,3.816973333333335,False,,0,,0,,0,,1.0,0.9035383055406797,1.0,0.38823529411764707,Osimertinib,0.0,0.611764705882353,0.027360109119487032,0.3576268718443285,1.0,0.9029411764705882,0.027360109119487032,0.5719820393586009,1.0,0.972639890880513,0.027360109119487053,-0.7261625736521519,5.623336551326779,-1.7203291767332556,-0.0,0.23352941176470587,4.13653678635823,0.0,0.0,0.0,0.8407998636006411,0.0,0.9907998636006411,0.2,low,agents_strongly_disagree,3.1457369227575884,False,review,False,,0.154,0.313,0.421,0.5005,0.5615,0.067,0.4345,0.744,0.29515,0.3288,4.49071678635823,960,0.75,2.4902969227575884,1,834,0,126,review
Cc1nc(O)c2c(ccc3[nH]c(Nc4c(Cl)cccc4Cl)nc32)c1C,4.6960011067194305,0.060153266905010765,0.43477749995518733,373.24300000000005,5.483940000000003,73.83000000000001,3,4,4,2,0.1111111111111111,1,0.45,2.1549533333333337,False,,0,,0,,0,,1.0,0.4355789601951212,0.5192344730820385,0.1511627906976744,Osimertinib,0.0,0.8488372093023255,0.0,0.5562448044625325,1.0,0.6016351571371104,0.0,0.5394699903999107,1.0,1.0,0.0,-0.7192933205332143,4.605771206361914,-0.5773543889337016,-0.0,0.18445978106120725,4.212876598489419,0.0,0.0,0.0,0.875,0.0,1.025,0.2,low,agents_strongly_disagree,3.1878765984894195,False,review,False,,0.032,0.595,0.879,0.5005,0.011,0.0285,0.4345,0.009,0.36534999999999995,0.28465,4.651296598489419,954,0.75,2.4794565984894197,1,835,0,119,review
COc1cc2ncnc(Nc3ccc(-c4nc5ccccc5s4)cc3F)c2cc1OCCCN1CCN(C)CC1,5.780372643238941,0.013850895105470497,0.22718327044960815,558.6830000000002,5.814100000000006,75.64,1,9,6,9,0.3,2,0.95,4.491220000000002,False,,0,,0,,0,,1.0,0.9097543859649123,1.0,0.5802469135802469,Gefitinib,0.0,0.41975308641975306,0.06039753423590592,0.30221156797805365,1.0,0.8549382716049383,0.06039753423590592,0.5543868434547244,1.0,0.9396024657640941,0.06039753423590588,-0.6586524122917581,5.759596300580736,-1.866499729550392,-0.0,0.17592592592592587,4.069022496956269,0.0,0.0,0.0,0.7995030822051177,0.0,0.9495030822051177,0.2,low,agents_strongly_disagree,3.1195194147511516,False,review,False,,0.185,0.192,0.235,0.5005,0.5615,0.142,0.4345,0.598,0.257,0.30155,4.377422496956269,966,0.75,2.4313794147511514,1,836,0,130,review
Nc1nc(Nc2cccc(C(F)(F)F)c2)c2cc(Cc3ccc(Cl)cc3Cl)[nH]c2n1,4.701975321256204,0.02627867196198093,0.3445926436236265,452.26700000000005,6.200100000000002,79.61999999999999,3,4,4,4,0.1,1,0.45,2.8817800000000005,False,,1,aniline,0,,0,,1.0,0.7922222222222223,1.0,0.21176470588235294,Sunvozertinib,0.0,0.788235294117647,0.0,0.4786882616853023,0.88,0.9470588235294117,0.0,0.5764367713036784,0.9470588235294117,0.9470588235294117,0.05294117647058827,-0.7685823617382379,4.662557313313233,-0.7776743563763735,-0.2,0.2864705882352941,3.9713535451721533,0.0,0.0,0.0,0.8088235294117646,0.0,0.9588235294117646,0.2,low,agents_strongly_disagree,3.0125300157603885,False,review,False,,0.033,0.437,0.698,0.5005,0.5615,0.134,0.4345,0.242,0.30705,0.32039999999999996,4.339813545172153,968,0.75,2.3470100157603886,1,837,0,131,review
CC(C)c1ccc(Nc2nc(NC(=O)C(C)(C)C)nc3[nH]c4cccc(Cl)c4c23)cc1,4.408423686518972,0.005960183372257152,0.33620939941319655,435.95900000000006,6.616100000000005,82.69999999999999,3,4,4,4,0.2916666666666667,1,0.45,2.7730600000000005,False,,0,,0,,0,,1.0,0.7329824561403508,1.0,0.21951219512195122,Sunvozertinib,0.0,0.7804878048780488,0.0,0.4782590158311043,1.0,0.9451219512195121,0.0,0.6058452417626541,1.0,1.0,0.0,-0.8077936556835388,4.3994834114605865,-0.7505829339201369,-0.0,0.2841463414634146,3.9330468190038643,0.0,0.0,0.0,0.875,0.0,1.025,0.2,low,agents_strongly_disagree,2.9080468190038644,False,review,False,,0.01,0.425,0.73,0.5005,0.5615,0.0285,0.4345,0.928,0.29910000000000003,0.33864999999999995,4.291966819003864,971,0.75,2.264426819003864,1,838,0,133,review
Cc1cccc(CN(Cc2ccc(F)cc2)C(=S)Nc2ccccc2)c1O,5.111142591728031,0.016791097214919087,0.5936234341654252,380.48800000000006,5.238920000000005,35.5,2,2,3,5,0.13636363636363635,1,0.45,2.303253333333334,True,mannich_A(296),1,thiourea,0,,0,,1.0,0.8233398402839397,1.0,0.14102564102564102,Afatinib,0.0,0.858974358974359,0.0,0.6379062221243172,0.63,0.9647435897435898,0.0,0.5581624529669768,0.9647435897435898,0.9647435897435898,0.03525641025641024,-0.744216603955969,5.085955945905653,-0.4382282021982113,-0.6000000000000001,0.30769230769230765,4.355420051399748,0.0,0.0,0.0,0.8309294871794872,0.0,1.1684294871794871,0.45,medium,unsafe_structure_can_game_single_score;agents_strongly_disagree,3.186990564220261,False,review,False,,0.068,0.817,0.84,0.5005,0.5615,0.089,0.043,0.48,0.42010000000000003,0.37035,4.859540051399748,932,0.75,2.2064105642202607,1,839,0,93,review
O=C(Nn1c(-c2ccc(Br)cc2)cs/c1=N\c1ccc([N+](=O)[O-])cc1)c1ccc(Cl)cc1,5.58805842530981,0.0443995050471801,0.24804602327616065,529.8030000000002,6.157000000000004,89.53,1,5,4,5,0.0,2,0.95,3.498686666666668,False,,1,nitroso,1,nitroso,0,,1.0,0.4663922062209734,0.5752585567654062,0.11224489795918367,Osimertinib,0.0,0.8877551020408163,0.0,0.3518604410070165,0.7,0.6533826930842588,0.0,0.4263107835228188,0.7,0.7,0.30000000000000004,-0.568414378030425,5.52145916773904,-1.7267569767238395,-0.5,0.21014116980359637,3.5048433608187963,0.0,0.0,0.0,0.49999999999999994,0.0,0.6499999999999999,0.2,low,agents_strongly_disagree,2.8548433608187964,False,review,False,,0.145,0.244,0.527,0.5005,0.017,0.444,0.4345,0.047,0.2932,0.27475000000000005,3.8566833608187965,982,0.75,2.134543360818796,1,840,0,142,review
N=C1N=C(NCCS(=O)(=O)O)/C(=C/C(O)CNC(=O)c2cc(Br)c[nH]2)N1,4.635263365451273,0.028723013565932994,0.26531576742762436,449.28700000000003,-0.8343299999999987,179.76,7,6,2,7,0.3076923076923077,1,0.45,3.1119133333333338,False,,0,,0,,0,,1.0,0.4867166167166167,0.6122120303938484,0.11578947368421053,Sunvozertinib,0.0,0.8842105263157894,0.0,0.426234697726219,1.0,0.6802116543743337,0.0,0.5266115880251382,1.0,1.0,0.0,-0.7021487840335175,4.5921788451023735,-0.8707020018031449,-0.0,0.21831616549319893,3.9397930087924276,0.0,0.0,0.0,0.875,0.0,1.025,0.2,low,agents_strongly_disagree,2.9147930087924276,False,review,False,,0.025,0.279,0.641,0.5005,0.025,0.0285,0.4345,0.199,0.2633,0.22225,4.255753008792428,975,0.75,2.131493008792428,1,841,0,134,review
COC(=O)c1ccc(COc2ccc(C3NCCc4c3[nH]c3ccccc43)cc2OC)cc1,4.481217335467288,0.03515334269694456,0.42075238535090587,442.51500000000016,4.777200000000003,72.58,2,5,5,6,0.2222222222222222,0,0.0,3.566766666666668,True,indol_3yl_alk(461),0,,0,,0,,1.0,0.7890244447581404,1.0,0.1875,Osimertinib,0.0,0.8125,0.0,0.5442304786096648,0.75,0.953125,0.0,0.5618388696524161,0.953125,0.953125,0.046875,-0.7491184928698882,4.428487321421871,-0.09204039242687204,-0.4,0.29375,4.2301969289949986,0.0,0.0,0.0,0.81640625,0.0,1.15390625,0.45,medium,unsafe_structure_can_game_single_score;agents_strongly_disagree,3.0762906789949986,False,review,False,,0.016,0.568,0.507,0.5005,0.5615,0.12,0.043,0.125,0.29694999999999994,0.26944999999999997,4.586536928994999,958,0.75,1.9746306789949983,1,842,0,116,review
N#CC(C#N)=Cc1cc(O)ccc1[N+](=O)[O-],4.257464200818722,0.020338943226649617,0.45831740983805574,215.16799999999998,1.73096,110.95000000000002,1,5,1,2,0.0,0,0.0,1.4,True,ene_cyano_A(19),1,nitroso,1,nitroso,0,,1.0,0.5225837320574163,0.6774249673771204,0.0945945945945946,Sunvozertinib,0.0,0.9054054054054054,0.0,0.6482284215647769,0.45,0.7344200768841916,0.0,0.45816212461224215,0.7344200768841916,0.7344200768841916,0.26557992311580836,-0.6108828328163228,4.226955785978748,0.24831740983805575,-0.9000000000000001,0.24097786346590172,3.8162510592827057,0.0,0.0,0.0,0.5430250961052395,0.0,0.8805250961052395,0.45,medium,unsafe_structure_can_game_single_score;agents_strongly_disagree,2.9357259631774664,False,review,False,,0.003,0.631,0.996,0.5005,0.037,0.376,0.043,0.366,0.37705,0.3091,4.2687110592827056,974,0.75,1.8816459631774665,1,843,0,131,review
O=C(Nc1ccc(C2NCCc3c2[nH]c2ccccc32)cc1)c1cccc(F)c1,4.157179393262247,0.024345440428744123,0.47471009349778653,385.44200000000006,4.794400000000003,56.92,3,2,5,3,0.125,0,0.0,2.886280000000001,True,indol_3yl_alk(461),0,,0,,0,,1.0,0.7772162485065711,1.0,0.16304347826086957,Osimertinib,0.0,0.8369565217391304,0.0,0.6000797821930133,0.75,0.9592391304347826,0.0,0.5773297281569489,0.9592391304347826,0.9592391304347826,0.040760869565217406,-0.7697729708759319,4.120661232619131,0.05426809349778637,-0.4,0.30108695652173906,4.076016282638657,0.0,0.0,0.0,0.8240489130434783,0.0,1.1615489130434784,0.45,medium,unsafe_structure_can_game_single_score;agents_strongly_disagree,2.914467369595178,False,review,False,,0.001,0.656,0.694,0.5005,0.5615,0.107,0.043,0.27,0.33585,0.3028,4.479036282638656,962,0.75,1.852827369595178,1,844,0,118,review
COc1cc2cccc(Oc3ccc(NC(=O)C4(C(=O)Nc5ccc(F)cc5)CC4)cc3)c2cc1OC,5.643945115245449,0.01497850468186518,0.283732778078522,500.52600000000024,6.145800000000005,85.89,2,5,5,8,0.1724137931034483,2,0.95,3.803506666666668,True,anil_OC_no_alk_B(4),0,,0,,0,,1.0,0.5953624828538683,0.809749968825215,0.24096385542168675,Osimertinib,0.0,0.7590361445783133,0.025501325534056665,0.35976430999446907,0.75,0.7970715127634896,0.025501325534056665,0.4830842870730039,0.7970715127634896,0.7715701872294329,0.22842981277056706,-0.6101106153852629,5.621477358222651,-1.7195518426111334,-0.4,0.2301483355797977,3.7320738511913154,0.0,0.0,0.0,0.5894627340367912,0.0,0.9269627340367912,0.45,medium,unsafe_structure_can_game_single_score;agents_strongly_disagree,2.8051111171545244,False,review,False,,0.155,0.326,0.43,0.5005,0.06,0.312,0.043,0.547,0.29955,0.25730000000000003,4.091533851191316,978,0.75,1.688871117154524,1,845,0,133,review
CC(C)N1CCC(n2cc(CNc3cc(Cl)c4ncc(C#N)c(Nc5ccc(F)c(Cl)c5)c4c3)nn2)CC1,4.930302729310053,0.01601076755834043,0.2682568057125745,553.473,6.5448800000000045,94.69,2,7,5,7,0.3333333333333333,2,0.95,4.056486666666666,False,,0,,0,,0,,1.0,0.8117674636661979,1.0,0.27450980392156865,Gefitinib,0.0,0.7254901960784313,0.0,0.34152252519319803,1.0,0.9313725490196079,0.0,0.5682237685532014,1.0,1.0,0.0,-0.7576316914042686,4.906286577972542,-1.7568828609540919,-0.0,0.2676470588235294,3.4170507758419797,0.0,0.0,0.0,0.875,0.0,1.025,0.2,low,agents_strongly_disagree,2.39205077584198,False,review,False,,0.046,0.283,0.34,0.5005,0.5615,0.0285,0.4345,0.51,0.2284,0.26825,3.69113077584198,985,0.75,1.6639507758419798,1,846,0,139,review
Nc1n[nH]c2cccc(-c3ccc(NC(=S)Nc4cc(Br)ccc4OC(F)(F)F)cc3)c12,5.584172364877459,0.04748588880152422,0.23613174817360733,522.3500000000001,6.2821000000000025,87.99,4,4,4,4,0.047619047619047616,2,0.95,3.3490000000000006,False,,2,aniline;thiourea,0,,0,,1.0,0.45391166097439467,0.5525666563170812,0.16494845360824742,Osimertinib,0.0,0.8350515463917526,0.0,0.3510647691877917,0.76,0.6231878788357491,0.0,0.4335631620058852,0.76,0.76,0.24,-0.5780842160078469,5.512943531675172,-1.711456347064488,-0.4,0.18865712799679607,3.5901443126074803,0.0,0.0,0.0,0.5750000000000001,0.0,0.9125000000000001,0.45,medium,unsafe_structure_can_game_single_score;agents_strongly_disagree,2.6776443126074803,False,review,False,,0.144,0.211,0.571,0.5005,0.012,0.333,0.043,0.036,0.29274999999999995,0.2226,3.94144431260748,980,0.75,1.5197643126074798,1,847,0,133,review
Fc1ccc(C2CC(c3ccc(Br)cc3)=NN2c2nc(-c3ccc(Cl)cc3)cs2)cc1,4.643042742516196,0.0030597865153476566,0.2799217792388567,512.8350000000002,7.720800000000005,28.490000000000002,0,4,5,4,0.08333333333333333,2,0.95,3.8355666666666677,False,,0,,0,,0,,1.0,0.8933333333333333,1.0,0.125,Gefitinib,0.0,0.875,0.0,0.3564351837095763,1.0,0.96875,0.0,0.5812962959273941,1.0,1.0,0.0,-0.775061727903192,4.638453062743175,-1.7370798874278102,-0.0,0.31249999999999994,3.2138731753153653,0.0,0.0,0.0,0.875,0.0,1.025,0.2,low,agents_strongly_disagree,2.1888731753153654,False,review,False,,0.027,0.311,0.412,0.5005,0.5615,0.0285,0.4345,0.987,0.23625,0.2978,3.4973731753153654,989,0.75,1.496233175315365,1,848,0,141,review
Cn1c(SSc2c(C(=O)Nc3ccccc3)c3cccnc3n2C)c(C(=O)Nc2ccccc2)c2cccnc21,4.9363159449389205,0.05418329143613939,0.20808592095756487,564.6960000000003,6.764000000000005,93.84,2,6,6,7,0.06666666666666667,2,0.95,4.331306666666668,False,,0,,0,,0,,1.0,0.6848924185058639,0.9725316700106615,0.17105263157894737,Sunvozertinib,0.0,0.8289473684210527,0.0,0.29785853857794264,1.0,0.9366355946132593,0.0,0.5586235332978005,1.0,1.0,0.0,-0.7448313777304006,4.8550410077847115,-1.8849434123757687,-0.0,0.29181712802898113,3.2619147234379238,0.0,0.0,0.0,0.875,0.0,1.025,0.2,low,agents_strongly_disagree,2.236914723437924,False,review,False,,0.048,0.155,0.277,0.5005,0.105,0.0285,0.4345,0.019,0.19425,0.17315000000000003,3.4950147234379236,990,0.75,1.394694723437924,1,849,0,141,review
N=C1N=C(NCCS(=O)(=O)O)/C(=C/C(O)CNC(=O)c2cc(Br)c(Br)[nH]2)N1,4.590790831357426,0.013449757201031979,0.24214204181432453,528.1830000000001,-0.07182999999999906,179.76,7,6,2,7,0.3076923076923077,2,0.95,3.6378866666666676,False,,0,,0,,0,,1.0,0.48797618878754784,0.6145021614319052,0.11578947368421053,Sunvozertinib,0.0,0.8842105263157894,0.0,0.3432594050491605,1.0,0.6819292526528763,0.0,0.5062971644255092,1.0,1.0,0.0,-0.675062885900679,4.5706161955558775,-1.7227717274164447,-0.0,0.21888869825271312,3.066733166392146,0.0,0.0,0.0,0.875,0.0,1.025,0.2,low,agents_strongly_disagree,2.041733166392146,False,review,False,,0.021,0.235,0.487,0.5005,0.026,0.0285,0.4345,0.618,0.2296,0.2201,3.3422531663921458,991,0.75,1.2558531663921464,1,850,0,141,review
COc1cc(C2NCCc3c2[nH]c2ccccc32)ccc1OCc1ccc(F)cc1Br,4.3070428857474905,0.03514893478012711,0.37373950087195734,481.3650000000002,5.892200000000004,46.28,2,3,5,5,0.2,1,0.45,3.7257666666666682,True,indol_3yl_alk(461),0,,0,,0,,1.0,0.7583308391849891,1.0,0.18181818181818182,Gefitinib,0.0,0.8181818181818181,0.0,0.46225800753085855,0.75,0.9545454545454546,0.0,0.5417008655190783,0.9545454545454546,0.9545454545454546,0.045454545454545414,-0.7222678206921044,4.2543194835773,-0.8651254991280428,-0.4,0.2954545454545454,3.2846485299038024,0.0,0.0,0.0,0.8181818181818181,0.0,1.1556818181818183,0.45,medium,unsafe_structure_can_game_single_score;agents_strongly_disagree,2.128966711721984,False,review,False,,0.006,0.484,0.457,0.5005,0.5615,0.116,0.043,0.126,0.26815,0.2485,3.6064285299038024,988,0.75,1.0021667117219841,1,851,0,137,review
CC1=C(C(=O)Nc2ccc(C)cc2)C(c2ccc(O)cc2O)NC(SCc2ccccc2)=N1,4.225799462941484,0.027839462716031667,0.4179816873626717,459.57100000000014,5.252620000000006,93.95,4,6,4,5,0.15384615384615385,1,0.45,3.380473333333334,True,mannich_A(296),0,,0,,1,acrylamide_like,1.0,0.6955678339073861,0.9919415161952473,0.1702127659574468,Osimertinib,0.0,0.8297872340425532,0.0,0.4998717229212643,0.67,0.9514029456570738,0.0,0.5303186671445845,0.9514029456570738,0.9514029456570738,0.04859705434292616,-0.7070915561927794,4.184040268867436,-0.7737046972527131,-0.4,0.2969215492615777,3.3072571208763013,0.0,0.0,0.0,0.8142536820713422,0.1,1.2517536820713422,0.45,medium,unsafe_structure_can_game_single_score;agents_strongly_disagree,2.0555034388049593,False,review,False,,0.002,0.558,0.562,0.5005,0.118,0.124,0.043,0.211,0.29690000000000005,0.2296,3.6635371208763012,987,0.75,0.9060234388049595,1,852,0,135,review
C#Cc1cccc(Nc2ncnc3cc(OCCCCn4ccnc4[N+](=O)[O-])c(OC)cc23)c1,9.38384900499343,0.006876270430753859,0.16152029316768157,458.4780000000002,4.327200000000003,117.23000000000003,1,8,4,10,0.20833333333333334,0,0.0,3.5231866666666676,False,,1,nitroso,1,nitroso,0,,1.0,0.9913043478260869,1.0,0.45555555555555555,Erlotinib,0.0,0.5444444444444445,0.9661488619468296,0.4033289817550454,0.7,0.8861111111111111,0.4033289817550454,0.7388972387032464,0.9661488619468296,0.5628198801917842,0.4371801198082158,0.30300216432477745,9.373534599347298,-0.3461243734989852,-0.5,0.21333333333333332,8.740743559181645,0.0,0.0,0.0,0.32852485023973027,0.0,0.6285248502397303,0.4,medium,potency_dominates_drug_likeness;agents_strongly_disagree,8.112218708941915,False,fail,True,very_low_qed,0.994,0.0615,0.518,0.5005,0.5615,0.72,0.0775,0.899,0.6374,0.590125,9.505623559181645,29,1.5,4.2203687089419155,2,853,824,0,reject
C#Cc1cccc(Nc2ncnc3cc(OC)c(OCCCCn4ccnc4[N+](=O)[O-])cc23)c1,9.383849004993428,0.006876270430752251,0.16152029316768157,458.4780000000003,4.327200000000003,117.23000000000002,1,8,4,10,0.20833333333333334,0,0.0,3.5231866666666685,False,,1,nitroso,1,nitroso,0,,1.0,0.9913043478260869,1.0,0.45555555555555555,Erlotinib,0.0,0.5444444444444445,0.9661488619468304,0.40332898175504533,0.7,0.8861111111111111,0.40332898175504533,0.7388972387032466,0.9661488619468304,0.562819880191785,0.43718011980821503,0.3030021643247782,9.3735345993473,-0.34612437349898534,-0.5,0.21333333333333332,8.740743559181647,0.0,0.0,0.0,0.3285248502397312,0.0,0.6285248502397313,0.4,medium,potency_dominates_drug_likeness;agents_strongly_disagree,8.112218708941915,False,fail,True,very_low_qed,0.993,0.0615,0.517,0.5005,0.5615,0.719,0.0775,0.9,0.6367999999999999,0.5896750000000001,9.504903559181647,30,1.5,4.219828708941916,2,854,824,0,reject
C=CC(=O)Nc1cc2c(Nc3cccc(Cl)c3F)ncnc2cc1OCc1cn(CCCCC(=O)NO)nn1,8.485480985248556,0.05776906096620244,0.08741166929866571,554.9700000000003,4.136600000000002,156.17999999999995,4,9,4,12,0.2,1,0.75,4.3664666666666685,False,,0,,0,,1,acrylamide_like,1.0,0.8844498461351058,1.0,0.45054945054945056,Osimertinib,0.0,0.5494505494505495,0.7059319036357972,0.2801353924732405,0.92,0.8873626373626373,0.2801353924732405,0.6983574833679187,0.92,0.6398646075267596,0.36013539247324045,0.01009922702383792,8.398827393799252,-1.5475583307013345,-0.0,0.2148351648351648,7.066104227933082,0.0,0.0,0.0,0.42483075940844944,0.1,0.6748307594084495,0.2,low,agents_strongly_disagree,6.391273468524632,False,fail,True,very_low_qed,0.904,0.0175,0.2695,0.5005,0.5615,0.5755,0.4345,0.011,0.550825,0.508525,7.727094227933082,298,1.5,2.701503468524632,2,855,557,0,reject
O=C(N/N=C/c1cnc(N2CCCC2)nc1)Nc1cc2c(Nc3ccc(F)c(Cl)c3)ncnc2cc1O[C@@H]1CCOC1,8.070423675958581,0.01714145102957693,0.19317796681041638,592.035,4.879400000000003,138.78,3,10,6,8,0.2857142857142857,1,0.5,4.963566666666666,False,,0,,0,,0,,1.0,0.8353861893635015,1.0,0.46808510638297873,Osimertinib,0.0,0.5319148936170213,0.6306069032689415,0.3153414714893188,1.0,0.8829787234042553,0.3153414714893188,0.7072317745406289,1.0,0.6846585285106812,0.3153414714893188,-0.1021664950289165,8.044711499414216,-1.272785604618155,-0.0,0.20957446808510632,6.981500362881167,0.0,0.0,0.0,0.4808231606383515,0.0,0.6308231606383515,0.2,low,agents_strongly_disagree,6.3506772022428155,False,fail,True,very_low_qed,0.807,0.126,0.116,0.5005,0.5615,0.476,0.4345,0.466,0.50585,0.49315,7.588520362881168,324,1.5,2.6424572022428157,2,856,532,0,reject
CC(C)(C)CNc1c(C#N)cnc2c(C#N)cc(N[C@H](C3=CN(C4(C(N)=O)CCC4)NN3)c3cccc4ncccc34)cc12,8.985910590605844,0.0034793537712603036,0.19493941888683256,586.7040000000003,4.711760000000003,167.81,5,10,6,8,0.30303030303030304,1,0.75,4.9280266666666686,False,,1,hydrazine,1,hydrazine,0,,1.0,0.9033307798198823,1.0,0.1328125,Erlotinib,0.0,0.8671875,0.8690421000115788,0.3176771932082707,0.7,0.966796875,0.3176771932082707,0.7133790420549624,0.966796875,0.6491196817917293,0.3508803182082707,0.20755074394215522,8.980691559948953,-1.5139615508101376,-0.5,0.31015624999999997,7.276886259138816,0.0,0.0,0.0,0.4363996022396616,0.0,0.7363996022396617,0.4,medium,agents_strongly_disagree;potency_not_supported_by_other_agents,6.540486656899155,False,fail,True,very_low_qed,0.983,0.128,0.119,0.5005,0.5615,0.556,0.0775,0.981,0.5859,0.5446,7.979966259138816,236,1.5,2.5940066568991558,2,857,621,0,reject
C#Cc1cccc(Nc2ncnc3cc(OCCOC(=O)c4ccccc4OC(C)=O)c(OCCOC)cc23)c1,7.999422896374827,0.023135817695069522,0.11850988830097021,541.5600000000004,4.541000000000004,118.10000000000002,1,10,4,12,0.2,1,0.5,4.277066666666669,False,,0,,0,,0,,1.0,0.7942751557385704,1.0,0.3723404255319149,Erlotinib,0.0,0.6276595744680851,0.608660651707158,0.30067787446296945,1.0,0.9069148936170213,0.30067787446296945,0.7040633549467872,1.0,0.6993221255370305,0.30067787446296945,-0.12720360431950561,7.964719169832223,-1.25305011169903,-0.0,0.2382978723404255,6.949966930473619,0.0,0.0,0.0,0.4991526569212882,0.0,0.6491526569212882,0.2,low,agents_strongly_disagree,6.300814273552331,False,fail,True,very_low_qed,0.792,0.025,0.289,0.5005,0.5615,0.445,0.4345,0.299,0.50485,0.47934999999999994,7.555786930473619,334,1.5,2.576034273552331,2,858,524,0,reject
C=CC(=O)Nc1cc(Nc2ncc(I)c(Nc3ccccc3P(C)(C)=O)n2)c(OC)cc1N(C)CCN(C)C,8.006269840242053,0.01319934984194866,0.14096557202980695,663.5009999999997,4.947300000000004,111.72,3,9,3,12,0.2962962962962963,1,0.5,4.890006666666665,False,,0,,0,,1,acrylamide_like,1.0,0.8451862611073138,1.0,0.3157894736842105,Osimertinib,0.0,0.6842105263157895,0.6173279151711493,0.28945388512921444,0.92,0.9210526315789473,0.28945388512921444,0.6869586079698278,0.9210526315789473,0.6315987464497329,0.3684012535502671,-0.09284092373157138,7.98647081547913,-1.312905798340563,-0.0,0.2552631578947368,6.928828175033304,0.0,0.0,0.0,0.41449843306216616,0.1,0.6644984330621662,0.2,low,agents_strongly_disagree,6.264329741971137,False,fail,True,very_low_qed,0.794,0.035,0.128,0.5005,0.5615,0.588,0.4345,0.63,0.48360000000000003,0.4962,7.509148175033304,348,1.5,2.559769741971137,2,859,511,0,reject
C=CC(=O)Nc1cc2c(Nc3ccc(F)c(Cl)c3)ncnc2cc1OCc1cn(CCCCC(=O)NO)nn1,8.336366260368596,0.025683870640003964,0.08741166929866571,554.9700000000003,4.136600000000002,156.17999999999995,4,9,4,12,0.2,1,0.75,4.3664666666666685,False,,0,,0,,1,acrylamide_like,1.0,0.9047096301104739,1.0,0.6097560975609756,Osimertinib,0.0,0.3902439024390244,0.6911128556441463,0.2801353924732405,0.92,0.8475609756097561,0.2801353924732405,0.6847023059317857,0.92,0.6398646075267596,0.36013539247324045,0.008547399616480655,8.29784045440859,-1.5475583307013345,-0.0,0.1670731707317073,6.917355294438963,0.0,0.0,0.0,0.42483075940844944,0.1,0.6748307594084495,0.2,low,agents_strongly_disagree,6.242524535030514,False,fail,True,very_low_qed,0.877,0.0175,0.2695,0.5005,0.5615,0.5755,0.4345,0.25,0.538675,0.5123749999999999,7.563765294438963,332,1.5,2.5573745350305135,2,860,528,0,reject
O=C(/C=C/C(F)(F)F)N1CCC(Oc2cc3c(Nc4ccc(Cl)c(Cl)c4F)ncnc3cc2O[C@@H]2CCOC2)CC1,8.916536920923953,0.006021318032458999,0.1852369611376271,615.4109999999998,6.475300000000004,85.81,1,7,5,7,0.37037037037037035,2,0.95,4.819406666666666,False,,0,,0,,1,acrylamide_like,1.0,0.9023809523809524,1.0,0.35789473684210527,Osimertinib,0.0,0.6421052631578947,0.849919307608267,0.2665185337539001,0.92,0.9105263157894736,0.2665185337539001,0.7367410392879101,0.92,0.6534814662460999,0.34651853375390007,0.15090435776047573,8.907504943875264,-1.9506370018253358,-0.0,0.24263157894736836,7.199499520997296,0.0,0.0,0.0,0.4418518328076249,0.1,0.8043518328076249,0.35,medium,agents_strongly_disagree;reactive_warhead_could_inflate_proxy_score,6.395147688189671,False,fail,True,very_low_qed,0.971,0.114,0.144,0.5005,0.5615,0.543,0.0805,0.925,0.58145,0.5376000000000001,7.897239520997296,259,1.5,2.515267688189672,2,861,602,0,reject
C=CC(=O)Nc1cc2c(Nc3ccc(F)c(Cl)c3)ncnc2cc1OCc1cn(CCC(=O)NO)nn1,8.150672752428784,0.039427468418469204,0.1381018112574198,526.9160000000002,3.3564000000000007,156.17999999999995,4,9,4,10,0.13043478260869565,1,0.75,3.979440000000001,False,,0,,0,,1,acrylamide_like,1.0,0.8928134058579278,1.0,0.6329113924050633,Osimertinib,0.0,0.36708860759493667,0.6350689602142676,0.32290061157619626,0.92,0.8417721518987342,0.32290061157619626,0.6799354309222996,0.92,0.5970993884238038,0.40290061157619617,-0.059821960944042574,8.091531549801081,-1.4457707104817108,-0.0,0.16012658227848098,6.805887421597852,0.0,0.0,0.0,0.3713742355297548,0.1,0.6213742355297548,0.2,low,agents_strongly_disagree,6.184513186068097,False,fail,True,very_low_qed,0.832,0.033,0.363,0.5005,0.5615,0.658,0.4345,0.083,0.53555,0.5104500000000001,7.448547421597852,365,1.5,2.497053186068097,2,862,497,0,reject
CN(C)C/C=C/C(=O)Nc1ccc2ncnc(Nc3ccc(OCc4ccccn4)c(Cl)c3)c2c1-c1ccccc1,8.454287579062077,0.020793404589177514,0.18177024282151016,565.0770000000003,6.724100000000006,92.27000000000001,2,7,5,10,0.125,2,0.95,4.433846666666669,False,,0,,0,,1,acrylamide_like,1.0,0.8918692272639641,1.0,0.3695652173913043,Osimertinib,0.0,0.6304347826086957,0.7240165115530951,0.2794410694492664,0.92,0.907608695652174,0.2794410694492664,0.7077665691636338,0.92,0.6405589305507337,0.35944106944926635,0.021666589852614937,8.423097472178311,-1.9208067571784901,-0.0,0.2391304347826087,6.741421149782429,0.0,0.0,0.0,0.4256986631884171,0.1,0.6756986631884171,0.2,low,agents_strongly_disagree,6.065722486594012,False,fail,True,very_low_qed,0.9,0.108,0.247,0.5005,0.5615,0.574,0.4345,0.353,0.56375,0.5356000000000001,7.417921149782429,379,1.5,2.408442486594012,2,863,484,0,reject
COc1cc(N2CCC(N3CCCOCC3)CC2)c(C)cc1Nc1ncc(Br)c(Nc2ccc3c(c2P(C)(C)=O)OCCO3)n1,9.769679837645423,0.012399303223948326,0.2803370933284188,701.6029999999998,5.753620000000005,110.31000000000002,2,11,6,8,0.5,3,1.15,5.3440199999999995,False,,0,,0,,0,,1.0,0.8437145413153344,1.0,0.26956521739130435,Lazertinib,0.0,0.7304347826086957,1.0,0.2486461705613996,1.0,0.932608695652174,0.2486461705613996,0.7953137165533934,1.0,0.7513538294386004,0.2486461705613996,0.27291504459547544,9.7510808828095,-2.3712659066715815,-0.0,0.2691304347826087,7.648945410920527,0.0,0.0,0.0,0.5641922867982505,0.0,1.0141922867982505,0.6000000000000001,high,potency_dominates_drug_likeness;agents_strongly_disagree;potency_not_supported_by_other_agents,6.634753124122277,False,fail,True,too_many_lipinski_violations,0.999,0.312,0.069,0.5005,0.5615,0.345,0.004,0.668,0.6224,0.5279,8.395825410920526,146,1.5,2.368233124122277,2,864,718,0,reject
COc1cc2ncnc(N[C@@H](C)c3ccc(Cl)cc3)c2cc1OCCCCCCC(=O)NO,7.555566843631664,0.024970103221171207,0.18641361902675174,472.9730000000004,5.299600000000003,105.60000000000001,3,7,3,12,0.375,1,0.45,3.969820000000003,False,,0,,0,,0,,1.0,0.9042498719918075,1.0,0.39759036144578314,Gefitinib,0.0,0.6024096385542168,0.49641263865309615,0.34984210584932873,1.0,0.9006024096385542,0.34984210584932873,0.6867142885352447,1.0,0.6501578941506713,0.34984210584932873,-0.2537355331761981,7.518111688799907,-1.0715593809732487,-0.0,0.23072289156626502,6.677275199392924,0.0,0.0,0.0,0.4376973676883391,0.0,0.5876973676883391,0.2,low,agents_strongly_disagree,6.089577831704585,False,fail,True,very_low_qed,0.668,0.116,0.369,0.5005,0.5615,0.55,0.4345,0.256,0.47925000000000006,0.47214999999999996,7.252375199392924,415,1.5,2.3561578317045857,2,865,450,0,reject
C=CC(=O)Nc1cccc(N2C(=O)N(c3ccc4ccccc4c3)Cc3cnc(Nc4ccc(N5CCN(C)CC5)cc4OC)nc32)c1,8.80080613014969,0.00967735937491333,0.1844319965558874,640.748,6.536600000000007,106.17,2,8,7,8,0.1891891891891892,2,0.95,5.13832,False,,0,,0,,1,acrylamide_like,1.0,0.8885490871628582,1.0,0.2641509433962264,Osimertinib,0.0,0.7358490566037736,0.8184273809749831,0.25380990579804574,0.92,0.9339622641509434,0.25380990579804574,0.731549887730993,0.9339622641509434,0.6801523583528977,0.31984764164710233,0.11583665765865336,8.78629009108732,-2.017397084525194,-0.0,0.27075471698113207,7.039647723543259,0.0,0.0,0.0,0.4751904479411221,0.1,0.837690447941122,0.35,medium,agents_strongly_disagree;reactive_warhead_could_inflate_proxy_score,6.201957275602137,False,fail,True,very_low_qed,0.966,0.113,0.086,0.5005,0.5615,0.488,0.0805,0.797,0.5703,0.51825,7.7240077235432585,301,1.5,2.2988572756021366,2,866,565,0,reject
COCCOc1cc2ncnc(Nc3ccc(NC(=O)/C=C/CN(C)C)c(C(F)(F)F)c3)c2cc1NC(=O)/C=C/CN(C)C,7.72648473990629,0.022760258089611466,0.17749140746824757,615.657,4.530000000000004,120.95,3,9,3,14,0.3333333333333333,1,0.5,4.771046666666667,False,,0,,0,,1,acrylamide_like,1.0,0.8240348406226834,1.0,0.4578313253012048,Osimertinib,0.0,0.5421686746987953,0.5406890043138445,0.3141184792357413,0.92,0.8855421686746988,0.3141184792357413,0.6650874130560711,0.92,0.6058815207642587,0.3941184792357413,-0.16586454498963554,7.692344352771873,-1.254832259198419,-0.0,0.21265060240963857,6.650162695983093,0.0,0.0,0.0,0.3823519009553234,0.1,0.6323519009553235,0.2,low,agents_strongly_disagree,6.01781079502777,False,fail,True,very_low_qed,0.726,0.099,0.158,0.5005,0.5615,0.641,0.4345,0.311,0.47029999999999994,0.47775,7.214522695983093,432,1.5,2.2911107950277696,2,867,435,0,reject
C=CC(=O)Nc1cc2c(Nc3ccc(Br)cc3F)ncnc2cc1OCCCNC(=O)C(F)(F)F,7.466765398727328,0.02012810795819825,0.19795375465227993,556.3140000000004,4.846900000000002,105.24000000000001,3,6,3,9,0.18181818181818182,1,0.5,3.8754266666666695,False,,0,,0,,1,acrylamide_like,1.0,0.886703431372549,1.0,0.4936708860759494,Osimertinib,0.0,0.5063291139240507,0.4776016741110933,0.3598196932638821,0.92,0.8765822784810127,0.3598196932638821,0.658500911463997,0.92,0.560180306736118,0.43981969326388204,-0.24119898313720506,7.43657323679003,-1.1151784271659024,-0.0,0.2018987341772152,6.523293543801342,0.0,0.0,0.0,0.32522538342014745,0.1,0.5752253834201475,0.2,low,agents_strongly_disagree,5.948068160381195,False,fail,True,very_low_qed,0.627,0.139,0.399,0.5005,0.5615,0.728,0.4345,0.372,0.4699,0.48989999999999995,7.087173543801343,465,1.5,2.235948160381195,2,868,403,0,reject
Cc1ncccc1[C@H](Nc1cc(Cl)c2ncc(C#N)c(Nc3cccc(Cl)c3F)c2c1)C1=CN(C(C)C)NN1,8.558656128265373,0.009633924924894819,0.19655386512222808,563.4680000000001,6.727200000000005,100.92999999999999,4,8,5,7,0.17857142857142858,2,0.95,4.473120000000001,False,,1,hydrazine,1,hydrazine,0,,1.0,0.8476458189418496,1.0,0.16666666666666666,Gefitinib,0.0,0.8333333333333334,0.7579202846189168,0.2860615488941485,0.7,0.9583333333333334,0.2860615488941485,0.6755787917115996,0.9583333333333334,0.6722717844391849,0.3277282155608151,0.10978865720975628,8.54420524087803,-1.9065569920206293,-0.5,0.3,6.437648248857401,0.0,0.0,0.0,0.46533973054898115,0.0,0.6153397305489812,0.2,low,agents_strongly_disagree,5.82230851830842,False,fail,True,very_low_qed,0.923,0.1325,0.238,0.5005,0.5615,0.501,0.4345,0.799,0.5776500000000001,0.560275,7.130828248857401,449,1.5,2.1946385183084196,2,869,420,0,reject
CC(C)n1ccc2c([C@H](Nc3cc(Cl)c4ncc(C#N)c(NCC(C)(C)C)c4c3)C3=CN(C4(C)CC4)NN3)cccc2c1=O,8.680318783839752,0.0033629168899495,0.16902749356670516,611.1940000000003,6.985580000000007,110.03999999999999,4,8,6,8,0.38235294117647056,2,0.95,5.0912933333333354,False,,1,hydrazine,1,hydrazine,0,,1.0,0.8756820956820957,1.0,0.14960629921259844,Erlotinib,0.0,0.8503937007874016,0.7927256541369734,0.2471461471027134,0.7,0.9625984251968505,0.2471461471027134,0.6756175566091343,0.9625984251968505,0.715452278094137,0.28454772190586297,0.1561441300371188,8.675274408504828,-2.0064312123156482,-0.5,0.30511811023622054,6.4739613064254,0.0,0.0,0.0,0.5193153476176713,0.0,0.6693153476176713,0.2,low,agents_strongly_disagree,5.804645958807728,False,fail,True,very_low_qed,0.952,0.076,0.092,0.5005,0.5615,0.411,0.4345,0.983,0.5575,0.5461,7.142961306425399,446,1.5,2.159965958807728,2,870,424,0,reject
C=CC(=O)Nc1cc2c(Nc3cc(Cl)c(Br)cc3F)ncnc2cc1OCCNCC(C)=O,7.429999152202522,0.04114100693354425,0.19739168942110813,536.7890000000002,4.610300000000003,105.24000000000001,3,7,3,10,0.18181818181818182,1,0.5,3.8452600000000015,False,,0,,0,,1,acrylamide_like,1.0,0.8556677713338857,1.0,0.5316455696202531,Osimertinib,0.0,0.4683544303797469,0.4537010831971496,0.36067081379699406,0.92,0.8670886075949367,0.36067081379699406,0.65036512614727,0.92,0.559329186203006,0.440670813796994,-0.26221872393349405,7.368287641802206,-1.111215492397074,-0.0,0.190506329113924,6.4475784785190555,0.0,0.0,0.0,0.3241614827537575,0.1,0.5741614827537576,0.2,low,agents_strongly_disagree,5.873416995765298,False,fail,True,very_low_qed,0.617,0.138,0.41,0.5005,0.5615,0.73,0.4345,0.061,0.46685,0.4725,7.007798478519056,489,1.5,2.1404169957652988,2,871,382,0,reject
CCc1cc(Nc2ncc(Br)c(Nc3ccc4nccnc4c3P(C)(C)=O)n2)c(OC)cc1N1CCC(N2CC(N(C)C)C2)CC1,9.776623958454184,0.0146940584116252,0.19804892941900623,708.6459999999996,5.703100000000006,111.64,2,11,6,10,0.45454545454545453,3,1.15,5.590973333333331,False,,0,,0,,0,,1.0,0.8668842267647967,1.0,0.2564102564102564,Lazertinib,0.0,0.7435897435897436,1.0,0.19388947528301764,1.0,0.9358974358974359,0.19388947528301764,0.7824467277951135,1.0,0.8061105247169824,0.1938894752830176,0.29007102960651554,9.754582870836746,-2.495142525126448,-0.0,0.27307692307692305,7.53251726878722,0.0,0.0,0.0,0.632638155896228,0.0,1.0826381558962281,0.6000000000000001,high,potency_dominates_drug_likeness;agents_strongly_disagree;potency_not_supported_by_other_agents,6.449879112890992,False,fail,True,very_low_qed;too_many_lipinski_violations,1.0,0.14,0.047,0.5005,0.5615,0.28,0.004,0.553,0.5851500000000001,0.48795,8.23469726878722,175,1.5,2.1354191128909914,2,872,697,0,reject
COc1cc(N2CCC(N3CC(C)(CO)C3)CC2)c(C)cc1Nc1ncc(Br)c(Nc2ccc3nccnc3c2P(C)(C)=O)n1,9.724652403922246,0.011665602179770121,0.1917398764708156,695.6029999999998,5.517520000000005,128.63,3,11,6,9,0.4375,3,1.15,5.404019999999999,False,,0,,0,,0,,1.0,0.875558309640106,1.0,0.2231404958677686,Lazertinib,0.0,0.7768595041322314,1.0,0.19761000898202558,1.0,0.9442148760330579,0.19761000898202558,0.7854562212537709,1.0,0.8023899910179744,0.19761000898202563,0.28605837166163883,9.70715400065259,-2.475113123529184,-0.0,0.28305785123966937,7.515098728363076,0.0,0.0,0.0,0.6279874887724679,0.0,1.077987488772468,0.6000000000000001,high,potency_dominates_drug_likeness;agents_strongly_disagree;potency_not_supported_by_other_agents,6.437111239590608,False,fail,True,very_low_qed;too_many_lipinski_violations,0.998,0.124,0.064,0.5005,0.5615,0.286,0.004,0.694,0.5836,0.4943,8.215418728363076,179,1.5,2.1302712395906074,2,873,694,0,reject
Cc1nc(F)ccc1[C@H](Nc1cc(C#N)c2ncc(C#N)c(NCC(C)(C)C(F)(F)F)c2c1)C1=C(F)N(C2CC2)NN1,8.603490428914617,0.01275789584576437,0.1523915048275636,583.569,5.600080000000004,124.72,4,9,5,8,0.35714285714285715,2,0.95,4.7071266666666665,False,,1,hydrazine,1,hydrazine,0,,1.0,0.8735248517581298,1.0,0.13821138211382114,Erlotinib,0.0,0.8617886178861789,0.7669420801366191,0.2527719943218266,0.7,0.9654471544715447,0.2527719943218266,0.6712903072324976,0.9654471544715447,0.7126751601497181,0.2873248398502819,0.1275356972054954,8.58435358514597,-1.9679632094581503,-0.5,0.30853658536585366,6.424926961053672,0.0,0.0,0.0,0.5158439501871477,0.0,0.6658439501871477,0.2,low,agents_strongly_disagree,5.759083010866525,False,fail,True,very_low_qed,0.935,0.048,0.179,0.5005,0.5615,0.416,0.4345,0.652,0.5573,0.5294499999999999,7.093686961053672,462,1.5,2.0944230108665254,2,874,412,0,reject
CCC1(N2C=C([C@@H](Nc3cc(Cl)c4ncc(C#N)c(NCC(C)(C)C)c4c3)c3cccc4c(=O)n(C)ccc34)NN2)CC1,8.551038786430365,0.003946901673937908,0.1867137788450606,597.1670000000001,6.331780000000006,110.04000000000002,4,8,6,8,0.36363636363636365,2,0.95,4.9977800000000006,False,,1,hydrazine,1,hydrazine,0,,1.0,0.9035940803382664,1.0,0.16129032258064516,Erlotinib,0.0,0.8387096774193549,0.7599968654358346,0.26047027067247563,0.7,0.9596774193548387,0.26047027067247563,0.6700361388657872,0.9596774193548387,0.6992071486823631,0.3007928513176369,0.1199476354267297,8.545118433919457,-1.9765895847913029,-0.5,0.3016129032258064,6.370141752353961,0.0,0.0,0.0,0.4990089358529539,0.0,0.6490089358529539,0.2,low,agents_strongly_disagree,5.721132816501007,False,fail,True,very_low_qed,0.921,0.117,0.11,0.5005,0.5615,0.446,0.4345,0.973,0.5544500000000001,0.54775,7.035481752353961,482,1.5,2.0784328165010075,2,875,393,0,reject
COc1cc(N2CCC(N(C)CCN(C)C)CC2)c(C)cc1Nc1ncc(Br)c(Nc2ccc3nccnc3c2P(C)(C)=O)n1,9.678584983997316,0.01491341863800253,0.18868341893840634,696.6349999999999,5.6967200000000044,111.64,2,11,5,11,0.4375,3,1.15,5.4109,False,,0,,0,,0,,1.0,0.8199067825569182,1.0,0.2719298245614035,Lazertinib,0.0,0.7280701754385965,1.0,0.19566434195458504,1.0,0.9320175438596492,0.19566434195458504,0.7819204714535586,1.0,0.804335658045415,0.19566434195458504,0.2907727047285885,9.656214856040313,-2.4792015810615933,-0.0,0.26842105263157895,7.4454343276102986,0.0,0.0,0.0,0.6304195725567687,0.0,1.0804195725567687,0.6000000000000001,high,potency_dominates_drug_likeness;agents_strongly_disagree;potency_not_supported_by_other_agents,6.365014755053529,False,fail,True,very_low_qed;too_many_lipinski_violations,0.997,0.12,0.063,0.5005,0.5615,0.282,0.004,0.549,0.5822,0.48565,8.144074327610298,197,1.5,2.0477947550535287,2,876,679,0,reject
Cc1nc(F)ccc1[C@H](Nc1cc(Cl)c2ncc(C#N)c(NCC(C)(C)C(F)(F)F)c2c1)C1=CN(C2(C3CC3)CC2)NN1,8.559062549407752,0.004608187885291501,0.15313693783125984,615.079,6.864800000000005,100.92999999999999,4,8,6,9,0.43333333333333335,2,0.95,5.217193333333333,False,,1,hydrazine,1,hydrazine,0,,1.0,0.9037600276113011,1.0,0.1557377049180328,Gefitinib,0.0,0.8442622950819672,0.761539905832234,0.23356403375591087,0.7,0.9610655737704918,0.23356403375591087,0.6640423783396592,0.9610655737704918,0.727501540014581,0.272498459985419,0.12999670332343305,8.552150267579815,-2.0361087288354067,-0.5,0.3032786885245901,6.319320227268999,0.0,0.0,0.0,0.5343769250182263,0.0,0.6843769250182263,0.2,low,agents_strongly_disagree,5.634943302250772,False,fail,True,very_low_qed,0.924,0.049,0.083,0.5005,0.5615,0.388,0.4345,0.961,0.53815,0.52935,6.965100227268999,501,1.5,1.9701633022507723,2,877,376,0,reject
N#Cc1cnc2c(Cl)cc(N[C@H](C3=CN(C4CCNCC4)NN3)c3cscn3)cc2c1Nc1ccc(F)c(Cl)c1,8.443050089873118,0.008692263665509488,0.18010542819301328,596.5230000000001,5.8238800000000035,112.96000000000001,5,10,6,7,0.2222222222222222,2,0.95,4.893486666666668,False,,1,hydrazine,1,hydrazine,0,,1.0,0.8611684209605306,1.0,0.23148148148148148,Gefitinib,0.0,0.7685185185185185,0.729677937902423,0.2608469598651316,0.7,0.9421296296296297,0.2608469598651316,0.658163631849296,0.9421296296296297,0.681282669764498,0.31871733023550197,0.09535240807083589,8.430011694374855,-1.981695349584765,-0.5,0.2805555555555555,6.228871900345646,0.0,0.0,0.0,0.47660333720562253,0.0,0.6266033372056226,0.2,low,agents_strongly_disagree,5.602268563140023,False,fail,True,very_low_qed,0.895,0.105,0.127,0.5005,0.5615,0.485,0.4345,0.843,0.5429,0.53725,6.880351900345646,523,1.5,1.9469685631400235,2,878,355,0,reject
CC(C)(CNc1c(C#N)cnc2c(C#N)cc(N[C@H](C3=CN(C4(C5CC5)CC4)NN3)c3cccc4ncccc34)cc12)C(F)(F)F,8.599471728081223,0.009458585036602478,0.15954073469527433,623.6870000000004,6.788760000000005,124.72,4,9,7,9,0.35294117647058826,2,0.95,5.474580000000002,False,,1,hydrazine,1,hydrazine,0,,1.0,0.8978984392772664,1.0,0.13385826771653545,Erlotinib,0.0,0.8661417322834646,0.7682469224946841,0.22718663485163157,0.7,0.9665354330708662,0.22718663485163157,0.6654922476042955,0.9665354330708662,0.7393487982192346,0.2606512017807654,0.13700623318718486,8.58528385052632,-2.0763521476576674,-0.5,0.30984251968503934,6.318774222553692,0.0,0.0,0.0,0.5491859977740433,0.0,0.6991859977740433,0.2,low,agents_strongly_disagree,5.619588224779649,False,fail,True,very_low_qed,0.934,0.059,0.056,0.5005,0.5615,0.369,0.4345,0.808,0.5406,0.5216000000000001,6.967494222553692,500,1.5,1.9455082247796494,2,879,379,0,reject
COc1cc2c(Nc3ccc(C)c(Br)c3)ncnc2cc1OCCNC(=O)Cn1cnc([N+](=O)[O-])n1,7.8213715362812595,0.013924365398986635,0.16850912064437965,557.3650000000002,3.147820000000001,159.22000000000003,2,10,4,10,0.22727272727272727,1,0.75,4.182433333333335,False,,1,nitroso,1,nitroso,0,,1.0,0.8623969562460367,1.0,0.40217391304347827,Gefitinib,0.0,0.5978260869565217,0.5705958282910242,0.33181719584158825,0.7,0.8994565217391304,0.33181719584158825,0.6254673864679356,0.8994565217391304,0.5676393258975421,0.43236067410245793,-0.07316207756921533,7.800484988182779,-1.4361286066283478,-0.5,0.22934782608695653,6.093704207641388,0.0,0.0,0.0,0.3345491573719276,0.0,0.4845491573719276,0.2,low,agents_strongly_disagree,5.609155050269461,False,fail,True,very_low_qed,0.749,0.075,0.308,0.5005,0.5615,0.715,0.4345,0.592,0.49835000000000007,0.5175,6.691724207641388,599,1.5,1.9301550502694607,2,880,281,0,reject
C[C@@H](Nc1ncnc2[nH]c(-c3ccc(OCCCCCCC(=O)NO)cc3)cc12)c1ccc(F)cc1,7.350241577778311,0.033229459083492854,0.11367828155820191,491.5670000000002,5.771800000000004,112.16000000000001,4,6,4,12,0.2962962962962963,1,0.45,4.293780000000002,False,,0,,0,,0,,1.0,0.7114552332912989,1.0,0.2441860465116279,Afatinib,0.0,0.7558139534883721,0.43929977308613277,0.29737767024162637,1.0,0.938953488372093,0.29737767024162637,0.6689077329249631,1.0,0.7026223297583736,0.2973776702416264,-0.3061439464517737,7.300397389153072,-1.2007590888121686,-0.0,0.2767441860465116,6.376382486387414,0.0,0.0,0.0,0.503277912197967,0.0,0.653277912197967,0.2,low,agents_strongly_disagree,5.723104574189447,False,fail,True,very_low_qed,0.586,0.023,0.283,0.5005,0.5615,0.437,0.4345,0.146,0.41084999999999994,0.40819999999999995,6.869402486387414,524,1.5,1.9129445741894475,2,881,357,0,reject
CC(C)(CNc1c(C#N)cnc2c(C#N)cc(N[C@H](C3=CN(C4(C(F)F)CC4)NN3)c3cccc4ncccc34)cc12)C(F)(F)F,8.543725160201234,0.0026872091604599494,0.15015116622299005,633.6290000000002,6.6438600000000045,124.72,4,9,6,9,0.3125,2,0.95,5.340860000000002,False,,1,hydrazine,1,hydrazine,0,,1.0,0.9003080778314834,1.0,0.13385826771653545,Erlotinib,0.0,0.8661417322834646,0.7590502436379865,0.22716544911495215,0.7,0.9665354330708662,0.22716544911495215,0.6631877814559513,0.9665354330708662,0.739369983955914,0.260630016044086,0.12781661624271368,8.539694346460545,-2.0697278337770104,-0.5,0.30984251968503934,6.279809032368574,0.0,0.0,0.0,0.5492124799448925,0.0,0.6992124799448926,0.2,low,agents_strongly_disagree,5.580596552423681,False,fail,True,very_low_qed,0.919,0.044,0.071,0.5005,0.5615,0.368,0.4345,0.992,0.5331,0.52545,6.919529032368573,512,1.5,1.911136552423681,2,882,370,0,reject
CCc1cc(Nc2ncc(Br)c(Nc3ccc4c(c3P(C)(C)=O)OCCO4)n2)c(OC)cc1N1CCC(N2CC(CC#N)C2)CC1,9.435784243967925,0.010844733825917632,0.2363106756556185,710.6139999999997,6.130780000000007,124.87,2,11,6,10,0.48484848484848486,3,1.15,5.604093333333331,False,,0,,0,,0,,1.0,0.8124088572794644,1.0,0.23770491803278687,Lazertinib,0.0,0.7622950819672132,0.9763547473138389,0.214428820328539,1.0,0.9405737704918034,0.214428820328539,0.7828393345335454,1.0,0.7855711796714611,0.21442882032853894,0.25802055037372473,9.419517143229049,-2.4558184758595325,-0.0,0.27868852459016397,7.242387191959681,0.0,0.0,0.0,0.6069639745893264,0.0,1.0569639745893264,0.6000000000000001,high,potency_dominates_drug_likeness;agents_strongly_disagree;potency_not_supported_by_other_agents,6.185423217370355,False,fail,True,too_many_lipinski_violations,0.996,0.212,0.046,0.5005,0.5615,0.303,0.004,0.736,0.5976,0.5089,7.9595071919596805,242,1.5,1.8961032173703547,2,883,641,0,reject
N#Cc1cnc2c(Cl)cc(N[C@H](C3=CN(CCO)NN3)c3cccnc3Cl)cc2c1Nc1ccc(F)c(Cl)c1,8.400875622130133,0.010937730514911013,0.16690496786566353,585.8580000000002,5.656080000000003,121.16000000000001,5,9,5,8,0.11538461538461539,2,0.95,4.722386666666668,False,,1,hydrazine,1,hydrazine,0,,1.0,0.8580849141824751,1.0,0.24299065420560748,Gefitinib,0.0,0.7570093457943925,0.7175624941720956,0.26016747591585854,0.7,0.9392523364485981,0.26016747591585854,0.6542455766341381,0.9392523364485981,0.6790848605327395,0.32091513946726047,0.08442255671727672,8.384469026357767,-1.9799145705958752,-0.5,0.2771028037383177,6.181657259500209,0.0,0.0,0.0,0.4738560756659244,0.0,0.6238560756659244,0.2,low,agents_strongly_disagree,5.557801183834285,False,fail,True,very_low_qed,0.89,0.074,0.173,0.5005,0.5615,0.494,0.4345,0.731,0.54135,0.5309999999999999,6.831277259500209,546,1.5,1.8950011838342853,2,884,338,0,reject
CC(C)(C)CNc1c(C#N)cnc2c(Cl)cc(N[C@H](C3=CN(C4(C(F)F)CC4)NN3)c3cccc4cnccc34)cc12,8.39247857662256,0.00871833153836729,0.17663248771721454,589.094,6.883180000000004,100.93,4,8,6,8,0.3225806451612903,2,0.95,4.94396,False,,1,hydrazine,1,hydrazine,0,,1.0,0.8992827828805942,1.0,0.1487603305785124,Gefitinib,0.0,0.8512396694214877,0.7170168120787829,0.25699556055216033,0.7,0.9628099173553719,0.25699556055216033,0.6592055724965789,0.9628099173553719,0.7058143568032116,0.2941856431967884,0.0770816527762721,8.37940107931501,-1.9827034477666565,-0.5,0.30537190082644633,6.202069532374799,0.0,0.0,0.0,0.5072679460040145,0.0,0.6572679460040145,0.2,low,agents_strongly_disagree,5.5448015863707845,False,fail,True,very_low_qed,0.888,0.097,0.117,0.5005,0.5615,0.43,0.4345,0.84,0.5366500000000001,0.5272999999999999,6.846049532374799,537,1.5,1.8775615863707849,2,885,348,0,reject
COc1ccc(-c2c3c4cc(OC)c(OCCCN(C)C)cc4[nH]c(=O)c3n3ccc4cc(O)c(OC)cc4c23)cc1O,7.952384075644796,0.02016070039526655,0.1905423851637522,583.6410000000002,5.521700000000007,117.89000000000001,3,8,6,9,0.24242424242424243,2,0.95,4.657606666666668,False,,0,,0,,0,,1.0,0.9300574052812859,1.0,0.1941747572815534,Gefitinib,0.0,0.8058252427184466,0.5989835286345123,0.27565959389134576,1.0,0.9514563106796117,0.27565959389134576,0.7065248583013675,1.0,0.7243404061086542,0.27565959389134576,-0.1433884395558067,7.922143025051896,-1.9338561905938239,-0.0,0.29174757281553393,6.280034407273606,0.0,0.0,0.0,0.5304255076358179,0.0,0.6804255076358179,0.2,low,agents_strongly_disagree,5.599608899637788,False,fail,True,very_low_qed,0.782,0.121,0.193,0.5005,0.5615,0.395,0.4345,0.37,0.50515,0.47969999999999996,6.886214407273606,517,1.5,1.8752488996377883,2,886,369,0,reject
CC(C)(C)CNc1c(C#N)cnc2c(Cl)cc(N[C@H](C3=CN(C4(C(F)F)CC4)NN3)c3cccc4ncsc34)cc12,8.39069149111777,0.009323621950746428,0.17393382864906975,595.123,6.944680000000004,100.93,4,9,6,8,0.3448275862068966,2,0.95,4.984153333333333,False,,1,hydrazine,1,hydrazine,0,,1.0,0.8875927403119326,1.0,0.15702479338842976,Gefitinib,0.0,0.8429752066115702,0.7161463374139202,0.25396540062878326,0.7,0.9607438016528925,0.25396540062878326,0.6577138849238989,0.9607438016528925,0.7067784010241093,0.29322159897589073,0.07790993665336166,8.376706058191651,-1.9892064127302402,-0.5,0.302892561983471,6.190392207444882,0.0,0.0,0.0,0.5084730012801366,0.0,0.6584730012801366,0.2,low,agents_strongly_disagree,5.531919206164745,False,fail,True,very_low_qed,0.887,0.086,0.112,0.5005,0.5615,0.429,0.4345,0.816,0.53325,0.52355,6.830292207444882,547,1.5,1.8601792061647453,2,887,340,0,reject
CC(C)(C)CNc1c(C#N)cnc2c(Cl)cc(N[C@H](C3=CN(C4(C5CC5)CC4)NN3)c3cccc4ncccc34)cc12,8.400009841247579,0.012998902293205722,0.17675121750040704,579.1520000000003,7.0280800000000045,100.93,4,8,7,8,0.36363636363636365,2,0.95,5.077680000000002,False,,1,hydrazine,1,hydrazine,0,,1.0,0.8999756907868083,1.0,0.15447154471544716,Erlotinib,0.0,0.8455284552845528,0.7159032287066508,0.2519177850098392,0.7,0.9613821138211383,0.2519177850098392,0.657300781884407,0.9613821138211383,0.7094643288112991,0.29053567118870094,0.07813659576299159,8.38051148780777,-1.9985371461359571,-0.5,0.30365853658536585,6.185632878257178,0.0,0.0,0.0,0.5118304110141239,0.0,0.6618304110141239,0.2,low,agents_strongly_disagree,5.523802467243054,False,fail,True,very_low_qed,0.889,0.098,0.097,0.5005,0.5615,0.423,0.4345,0.64,0.5343,0.51505,6.826792878257178,548,1.5,1.841862467243054,2,888,340,0,reject
N#CCCC(Nc1c(C#N)cnc2c(Cl)cc(NC(c3ccc(F)nc3)c3cn(C4CC4)nn3)cc12)c1ccccc1,8.098312860600398,0.028130502266089003,0.1718773475905724,578.0550000000002,6.878860000000005,128.13,2,8,6,10,0.22580645161290322,2,0.95,5.420366666666668,False,,0,,0,,0,,1.0,0.786046511627907,1.0,0.1588785046728972,Sunvozertinib,0.0,0.8411214953271028,0.6298868635638372,0.23605690014917374,1.0,0.9602803738317757,0.23605690014917374,0.7065560343861966,1.0,0.7639430998508263,0.2360569001491737,-0.10222556109647929,8.056117107201265,-2.0685970072481377,-0.0,0.30233644859813075,6.289856548551258,0.0,0.0,0.0,0.579928874813533,0.0,0.729928874813533,0.2,low,agents_strongly_disagree,5.559927673737725,False,fail,True,very_low_qed,0.817,0.081,0.062,0.5005,0.5615,0.323,0.4345,0.206,0.49324999999999997,0.4556999999999999,6.881756548551258,522,1.5,1.806767673737725,2,889,367,0,reject
CC(C)(C)CNc1c(C#N)cnc2c(C#N)cc(N[C@H](C3=CN(C45CC(C4)C5)NN3)c3cccc4nc(C(F)F)ccc34)cc12,8.623779427424395,0.007581302576661773,0.17173594390321117,605.6970000000002,6.793860000000006,124.72,4,9,8,8,0.35294117647058826,2,0.95,6.454646666666668,False,,1,hydrazine,1,hydrazine,0,,1.0,0.8301851899756547,1.0,0.14285714285714285,Erlotinib,0.0,0.8571428571428572,0.7756379450524356,0.19619912812112508,0.7,0.9642857142857143,0.19619912812112508,0.6590306968648187,0.9642857142857143,0.7680865861645892,0.23191341383541075,0.15547633091682245,8.612407473559403,-2.2111669384497303,-0.5,0.3071428571428571,6.208383392252529,0.0,0.0,0.0,0.5851082327057365,0.0,0.7351082327057366,0.2,low,agents_strongly_disagree,5.473275159546792,False,fail,True,very_low_qed,0.939,0.08,0.019,0.5005,0.5615,0.316,0.4345,0.882,0.5415,0.5209499999999999,6.858183392252529,528,1.5,1.798415159546792,2,890,362,0,reject
COCC(Nc1c(C#N)cnc2c(Cl)cc(N[C@H](C3=CN(C(C)C)NN3)c3cccnc3)cc12)c1ccccc1,8.267157109188318,0.004593238435262561,0.19657369749314266,555.0860000000002,5.682280000000004,110.16,4,9,5,10,0.23333333333333334,2,0.95,5.067240000000002,False,,1,hydrazine,1,hydrazine,0,,1.0,0.8550871080139373,1.0,0.1724137931034483,Erlotinib,0.0,0.8275862068965517,0.6885740103923957,0.2632216874673823,0.7,0.9568965517241379,0.2632216874673823,0.6521730623959789,0.9568965517241379,0.6936748642567556,0.3063251357432444,0.048534597328555695,8.260267251535424,-1.9901789691735239,-0.5,0.2982758620689655,6.068364144430866,0.0,0.0,0.0,0.4920935803209445,0.0,0.6420935803209445,0.2,low,agents_strongly_disagree,5.426270564109922,False,fail,True,very_low_qed,0.863,0.134,0.099,0.5005,0.5615,0.46,0.4345,0.962,0.5301,0.53265,6.704484144430866,592,1.5,1.7654505641099218,2,891,299,0,reject
CC(C)(CNc1c(C#N)cnc2c(Cl)cc(N[C@H](C3=CN(C4(C(F)F)CC4)NN3)c3ccc(F)c4ncccc34)cc12)C(F)(F)F,8.467599689191779,0.004715847255616509,0.13654548895592974,661.0540000000002,7.5646800000000045,100.93,4,8,6,9,0.3225806451612903,2,0.95,5.523693333333335,False,,1,hydrazine,1,hydrazine,0,,1.0,0.9018792876289128,1.0,0.1721311475409836,Gefitinib,0.0,0.8278688524590164,0.7385988292190132,0.2126502753360177,0.7,0.9569672131147541,0.2126502753360177,0.6520540794174462,0.9569672131147541,0.7443169377787364,0.2556830622212636,0.11539299973542261,8.460525918308354,-2.1097504465279417,-0.5,0.2983606557377049,6.149136127518117,0.0,0.0,0.0,0.5553961722234205,0.0,0.7053961722234205,0.2,low,agents_strongly_disagree,5.443739955294697,False,fail,True,very_low_qed,0.902,0.029,0.05,0.5005,0.5615,0.359,0.4345,0.959,0.5193000000000001,0.51345,6.772296127518118,566,1.5,1.7598799552946964,2,892,326,0,reject
COc1cc2c(Nc3ccc(Cl)c(Cl)c3F)ncnc2cc1OCCOCCNC(=O)Cn1cnc([N+](=O)[O-])n1,8.42262762625261,0.026558706489007364,0.10038175586659624,595.3750000000002,3.5394000000000023,168.45,2,11,4,13,0.2608695652173913,2,0.95,4.735833333333335,False,,1,nitroso,1,nitroso,0,,1.0,0.8567575322812051,1.0,0.40625,Gefitinib,0.0,0.59375,0.7120658120208472,0.223062529829192,0.7,0.8984375,0.223062529829192,0.6333914604625097,0.8984375,0.675374970170808,0.32462502982919195,0.1048991354111165,8.382789566519099,-2.0339062876116647,-0.5,0.22812499999999997,6.077008278907435,0.0,0.0,0.0,0.46921871271351007,0.0,0.61921871271351,0.2,low,agents_strongly_disagree,5.4577895661939255,False,fail,True,very_low_qed,0.891,0.019,0.171,0.5005,0.5615,0.497,0.4345,0.236,0.5305000000000001,0.49839999999999995,6.713608278907435,586,1.5,1.7558695661939252,2,893,307,0,reject
Cc1nc2cccc([C@H](Nc3cc(C#N)c4ncc(C#N)c(NCC(C)(C)C)c4c3)C3=CN(C4(C(F)(F)F)CC4)NN3)c2s1,8.276126121065648,0.0057581144023185135,0.1778585556557566,617.705,6.7685800000000045,124.72,4,10,6,7,0.3548387096774194,2,0.95,5.0347,False,,1,hydrazine,1,hydrazine,0,,1.0,0.831551469753717,1.0,0.13385826771653545,Erlotinib,0.0,0.8661417322834646,0.690000850184789,0.2541798979183585,0.7,0.9665354330708662,0.2541798979183585,0.6526790452935034,0.9665354330708662,0.7123555351525077,0.2876444648474923,0.04976240652171404,8.26748894946217,-1.9918625733765019,-0.5,0.30984251968503934,6.085468895770707,0.0,0.0,0.0,0.5154444189406346,0.0,0.6654444189406347,0.2,low,agents_strongly_disagree,5.420024476830072,False,fail,True,very_low_qed,0.867,0.101,0.103,0.5005,0.5615,0.417,0.4345,0.934,0.5259,0.5236,6.716548895770707,584,1.5,1.7483444768300718,2,894,310,0,reject
C=CC(=O)Nc1cc(Nc2nccc(-c3cn(C)c4ccccc34)n2)c(OC)cc1N(C)CCN(C)Cc1ccccc1,7.924059601483445,0.03134288860420897,0.1744135471727944,575.7170000000004,6.080200000000005,87.55,2,7,5,12,0.20588235294117646,2,0.95,4.704780000000003,False,,0,,0,,1,acrylamide_like,1.0,0.8866934238962643,1.0,0.297029702970297,Osimertinib,0.0,0.7029702970297029,0.5840748783479149,0.2649743740219599,0.92,0.9257425742574257,0.2649743740219599,0.6736979566568251,0.9257425742574257,0.6607682002354658,0.3392317997645342,-0.1194974377452136,7.877045268577132,-1.9607152175330884,-0.0,0.26089108910891085,6.177221140152954,0.0,0.0,0.0,0.45096025029433223,0.1,0.7009602502943323,0.2,low,agents_strongly_disagree,5.476260889858622,False,fail,True,very_low_qed,0.776,0.088,0.18,0.5005,0.5615,0.524,0.4345,0.166,0.4939,0.47434999999999994,6.769901140152954,567,1.5,1.745480889858622,2,895,328,0,reject
Cc1nc(F)ccc1[C@H](Nc1cc(Cl)c2ncc(C#N)c(NCC(C)(C)C)c2c1)C1=C(I)N(C2CC2)NN1,8.341668347718258,0.0072092948631860086,0.13480399262893458,646.94,6.304900000000005,100.92999999999999,4,8,5,7,0.37037037037037035,2,0.95,5.0296,False,,1,hydrazine,1,hydrazine,0,,1.0,0.9036655332129913,1.0,0.16101694915254236,Gefitinib,0.0,0.8389830508474576,0.7053705805253343,0.23069604209976016,0.7,0.9597457627118644,0.23069604209976016,0.6489530963342397,0.9597457627118644,0.7290497206121043,0.27095027938789573,0.07522331225479284,8.330854405423478,-2.0325989703340284,-0.5,0.30169491525423725,6.099950350343687,0.0,0.0,0.0,0.5363121507651304,0.0,0.6863121507651304,0.2,low,agents_strongly_disagree,5.413638199578557,False,fail,True,very_low_qed,0.881,0.028,0.105,0.5005,0.5615,0.384,0.4345,0.891,0.5179,0.5115999999999999,6.721430350343687,581,1.5,1.7275581995785574,2,896,315,0,reject
C=CC(=O)Nc1cc2c(Nc3ccc(Br)c(F)c3F)ncnc2cc1OCCNC(=O)CCCN(C)C,7.1714144518415655,0.03177493624660764,0.16671918819784534,577.4300000000001,4.375400000000003,108.48,3,7,3,12,0.28,1,0.5,4.3162,False,,0,,0,,1,acrylamide_like,1.0,0.8749597069597069,1.0,0.4482758620689655,Osimertinib,0.0,0.5517241379310345,0.395611157587766,0.32568786120112264,0.92,0.8879310344827587,0.32568786120112264,0.6323075133179119,0.92,0.5943121387988775,0.40568786120112255,-0.3155951409735277,7.123752047471654,-1.2027108118021546,-0.0,0.21551724137931033,6.136558477048809,0.0,0.0,0.0,0.3678901734985968,0.1,0.6178901734985969,0.2,low,agents_strongly_disagree,5.518668303550212,False,fail,True,very_low_qed,0.519,0.073,0.279,0.5005,0.5615,0.662,0.4345,0.162,0.3901,0.4185,6.604678477048809,627,1.5,1.7208683035502128,2,897,270,0,reject
CC(C)(O)[C@@H](Nc1c(C#N)cnc2c(Cl)cc(N[C@H](C3=CNNN3)c3cccnc3)cc12)c1ccccc1,7.968250855904469,0.016744587997814513,0.1935279613350878,527.0320000000002,4.6859800000000025,129.95,6,9,5,8,0.17857142857142858,2,0.7,4.6802133333333344,False,,1,hydrazine,1,hydrazine,0,,1.0,0.8304935064935066,1.0,0.14705882352941177,Sunvozertinib,0.0,0.8529411764705882,0.6053415023776472,0.2764321736060931,0.7,0.9632352941176471,0.2764321736060931,0.6362522425253468,0.9632352941176471,0.6868031205115539,0.3131968794884461,-0.04121432019693294,7.943133973907748,-1.6906468958077696,-0.5,0.30588235294117644,6.058369431041155,0.0,0.0,0.0,0.4835039006394424,0.0,0.6335039006394424,0.2,low,agents_strongly_disagree,5.424865530401712,False,fail,True,very_low_qed,0.784,0.127,0.188,0.5005,0.5615,0.472,0.4345,0.482,0.5065,0.494,6.666169431041155,609,1.5,1.717665530401713,2,898,289,0,reject
COCC1CN(C2CCN(c3cc(OC)c(Nc4ncc(Br)c(Nc5ccc6nccnc6c5P(C)(C)=O)n4)cc3C)CC2)C1,9.313716205324322,0.00951825763244959,0.19677362298809423,695.6029999999998,5.781520000000005,117.63000000000001,2,11,6,10,0.4375,3,1.15,5.504019999999999,False,,0,,0,,0,,1.0,0.8761083743842365,1.0,0.226890756302521,Lazertinib,0.0,0.773109243697479,0.9467662709883659,0.19653241572037494,1.0,0.9432773109243697,0.19653241572037494,0.7716439994082775,1.0,0.8034675842796251,0.19653241572037494,0.23349636210678426,9.299438818875648,-2.485079377011905,-0.0,0.2819327731092437,7.096292214972987,0.0,0.0,0.0,0.6293344803495313,0.0,1.0793344803495315,0.6000000000000001,high,potency_dominates_drug_likeness;agents_strongly_disagree;potency_not_supported_by_other_agents,6.016957734623455,False,fail,True,very_low_qed;too_many_lipinski_violations,0.989,0.135,0.053,0.5005,0.5615,0.285,0.004,0.804,0.5801000000000001,0.49755,7.7924122149729875,280,1.5,1.7140177346234546,2,899,619,0,reject
CCOc1cc2ncnc(Nc3ccc(F)c(Cl)c3)c2cc1OC(=O)CSc1nc2ccccc2n1C,7.821342837158224,0.014554268387291307,0.14311236514325526,538.0040000000002,6.1490000000000045,91.16,1,8,5,8,0.15384615384615385,2,0.95,4.053360000000001,False,,0,,0,,0,,1.0,0.7948684210526316,1.0,0.47126436781609193,Gefitinib,0.0,0.5287356321839081,0.5701477214184522,0.2728133392903288,1.0,0.882183908045977,0.2728133392903288,0.6812862421886895,1.0,0.7271866607096712,0.2728133392903288,-0.14818469436031645,7.799511434577287,-1.8995070194721295,-0.0,0.2086206896551724,6.10862510476033,0.0,0.0,0.0,0.533983325887089,0.0,0.683983325887089,0.2,low,agents_strongly_disagree,5.424641778873241,False,fail,True,very_low_qed,0.748,0.038,0.342,0.5005,0.5615,0.389,0.4345,0.564,0.49560000000000004,0.4810499999999999,6.70334510476033,593,1.5,1.701901778873241,2,900,307,0,reject
Cc1ncsc1[C@H](Nc1cc(Cl)c2ncc(C#N)c(Nc3ccc(F)c(Cl)c3)c2c1)C1=CN(C2CCN(C(C)(C)C)CC2)NN1,8.304396308744382,0.0062680153013727515,0.15847000730040606,666.6579999999998,7.643200000000006,104.16999999999999,4,10,6,7,0.34375,2,0.95,5.361053333333332,False,,1,hydrazine,1,hydrazine,0,,1.0,0.8519323671497585,1.0,0.23893805309734514,Gefitinib,0.0,0.7610619469026548,0.6967114664751345,0.2309641450408644,0.7,0.9402654867256637,0.2309641450408644,0.6419852745604155,0.9402654867256637,0.7093013416847993,0.2906986583152007,0.07296825588629186,8.294994285792322,-2.0613129926995937,-0.5,0.2783185840707964,6.011999877163525,0.0,0.0,0.0,0.5116266771059992,0.0,0.6616266771059992,0.2,low,agents_strongly_disagree,5.350373200057526,False,fail,True,very_low_qed,0.874,0.057,0.068,0.5005,0.5615,0.424,0.4345,0.918,0.515,0.5155,6.629999877163526,622,1.5,1.6689732000575264,2,901,279,0,reject
N#Cc1cnc2c(Cl)cc(N[C@H](C3=CN(CCOCCO)NN3)c3cccnc3)cc2c1Nc1ccc(F)c(Cl)c1,8.269948641390584,0.010451069436332245,0.15081066212383148,595.4660000000002,5.019280000000003,130.39000000000001,5,10,5,11,0.17857142857142858,2,0.95,5.086440000000001,False,,1,hydrazine,1,hydrazine,0,,1.0,0.858417873857338,1.0,0.26605504587155965,Gefitinib,0.0,0.7339449541284404,0.6851714117422135,0.23731355647579958,0.7,0.9334862385321101,0.23731355647579958,0.6389928016875308,0.9334862385321101,0.6961726820563106,0.30382731794368945,0.061571480072910356,8.254272037236086,-2.0442981950190258,-0.5,0.2701834862385321,5.980157328455593,0.0,0.0,0.0,0.4952158525703882,0.0,0.6452158525703882,0.2,low,agents_strongly_disagree,5.334941475885205,False,fail,True,very_low_qed,0.864,0.047,0.096,0.5005,0.5615,0.452,0.4345,0.758,0.5127,0.5086,6.595397328455593,629,1.5,1.6452614758852047,2,902,273,0,reject
Cc1nc(F)ccc1[C@H](Nc1cc(C#N)c2ncc(C#N)c(NCC(C)(C)C(F)(F)F)c2c1)C1=C(F)N([C@@H](C)CF)NN1,8.28042525121403,0.011022322515573968,0.1365696530152221,603.575,5.7956800000000035,124.72,4,9,4,9,0.35714285714285715,2,0.95,5.0905000000000005,False,,1,hydrazine,1,hydrazine,0,,1.0,0.8679757764015162,1.0,0.12903225806451613,Erlotinib,0.0,0.8709677419354839,0.6873906870426058,0.2293248476199106,0.7,0.967741935483871,0.2293248476199106,0.6461143675365968,0.967741935483871,0.7384170878639604,0.26158291213603957,0.05503509267467854,8.263891767440668,-2.041291061270492,-0.5,0.3112903225806451,6.033891028750822,0.0,0.0,0.0,0.5480213598299506,0.0,0.6980213598299506,0.2,low,agents_strongly_disagree,5.335869668920871,False,fail,True,very_low_qed,0.869,0.03,0.093,0.5005,0.5615,0.37,0.4345,0.726,0.5111,0.4974499999999999,6.647211028750822,615,1.5,1.6328096689208715,2,903,288,0,reject
COc1cc(Nc2ncnc3ccc(-c4cn(CCCCCC(=O)NO)nn4)cc23)ccc1Oc1ccccc1,7.928907784568605,0.040573427592876396,0.10663136778263337,539.5960000000003,5.498600000000003,136.31,3,9,5,12,0.20689655172413793,2,0.95,4.463973333333335,False,,0,,0,,0,,1.0,0.8242948263642805,1.0,0.336734693877551,Gefitinib,0.0,0.6632653061224489,0.5788255468271378,0.23695597022916623,1.0,0.9158163265306123,0.23695597022916623,0.6828994608967291,1.0,0.7630440297708337,0.23695597022916626,-0.1387652187594549,7.868047643179291,-1.9922749770449528,-0.0,0.24897959183673463,6.124752257971073,0.0,0.0,0.0,0.5788050372135422,0.0,0.7288050372135422,0.2,low,agents_strongly_disagree,5.395947220757531,False,fail,True,very_low_qed,0.777,0.021,0.242,0.5005,0.5615,0.325,0.4345,0.068,0.49024999999999996,0.446,6.713052257971073,587,1.5,1.6311472207575308,2,904,317,0,reject
C=CC(=O)NCc1cn(Cc2cccc(Nc3cc(-c4[nH]c(SC)nc4-c4ccc(F)cc4)ccn3)c2)nn1,7.720093559975557,0.02010320047098471,0.1651271860335105,540.628,5.185300000000004,113.41000000000001,3,7,5,10,0.10714285714285714,2,0.95,4.270853333333333,False,,0,,0,,1,acrylamide_like,1.0,0.7235773003803506,1.0,0.20952380952380953,Sunvozertinib,0.0,0.7904761904761904,0.5409511496641999,0.27655636257484106,0.92,0.9476190476190476,0.27655636257484106,0.6712816399645221,0.9476190476190476,0.6710626850442065,0.3289373149557935,-0.17377398706709624,7.68993875926908,-1.9147865282522036,-0.0,0.2871428571428571,6.062295088159734,0.0,0.0,0.0,0.46382835630525815,0.1,0.7138283563052582,0.2,low,agents_strongly_disagree,5.348466731854476,False,fail,True,very_low_qed,0.725,0.07,0.292,0.5005,0.5615,0.502,0.4345,0.373,0.48414999999999997,0.47569999999999996,6.643275088159735,616,1.5,1.6193067318544756,2,905,289,0,reject
CC(C)(C)N1CCC(N2C=C([C@@H](Nc3cc(Cl)c4ncc(C#N)c(Nc5ccc(F)c(F)c5)c4c3)c3cccnc3)NN2)CC1,8.176998683994587,0.009818559146927272,0.17651463398841555,630.147,6.758980000000006,104.17,4,9,6,7,0.30303030303030304,2,0.95,5.1176466666666665,False,,1,hydrazine,1,hydrazine,0,,1.0,0.9008004741662259,1.0,0.22123893805309736,Gefitinib,0.0,0.7787610619469026,0.6623766795957975,0.25025048459106447,0.7,0.9446902654867256,0.25025048459106447,0.6393293574183969,0.9446902654867256,0.6944397808956612,0.30556021910433884,0.03072976290320073,8.162270845274195,-2.010829335708554,-0.5,0.2836283185840708,5.935069828149712,0.0,0.0,0.0,0.4930497261195765,0.0,0.6430497261195764,0.2,low,agents_strongly_disagree,5.292020102030135,False,fail,True,very_low_qed,0.844,0.096,0.089,0.5005,0.5615,0.455,0.4345,0.791,0.51245,0.5112,6.550009828149712,643,1.5,1.6054601020301353,2,906,263,0,reject
CCOC1CN(C2CCN(c3cc(OC)c(Nc4ncc(Br)c(Nc5ccc6ncnn6c5P(C)(C)=O)n4)cc3CC)CC2)C1,9.209397645486149,0.005616347841631996,0.19925215459889492,698.6069999999997,5.277500000000004,122.04,2,11,6,11,0.4838709677419355,3,1.15,5.624046666666665,False,,0,,0,,0,,1.0,0.7408113506635674,1.0,0.23529411764705882,Lazertinib,0.0,0.7647058823529411,0.9234179678823948,0.1932791978499051,1.0,0.9411764705882353,0.1932791978499051,0.7644684090801339,1.0,0.8067208021500949,0.1932791978499051,0.2119327450696814,9.200973123723701,-2.4959677486269114,-0.0,0.2794117647058823,6.984417139802671,0.0,0.0,0.0,0.6334010026876186,0.0,1.0834010026876186,0.6000000000000001,high,potency_dominates_drug_likeness;agents_strongly_disagree;potency_not_supported_by_other_agents,5.901016137115053,False,fail,True,very_low_qed;too_many_lipinski_violations,0.988,0.142,0.045,0.5005,0.5615,0.279,0.004,0.939,0.57985,0.50365,7.680237139802672,312,1.5,1.6053961371150525,2,907,595,0,reject
CC[C@@H](Nc1c(C#N)cnc2c(Cl)cc(N[C@@H](C3=CN(C4CC4)NN3)c3cccnc3F)cc12)c1ccccc1,8.176098098987215,0.014463512067733723,0.17783097657439215,555.0610000000003,6.338980000000004,100.93,4,8,6,9,0.23333333333333334,2,0.95,5.167073333333335,False,,1,hydrazine,1,hydrazine,0,,1.0,0.8459068432719133,1.0,0.16666666666666666,Gefitinib,0.0,0.8333333333333334,0.65890006629939,0.24907344737232587,0.7,0.9583333333333334,0.24907344737232587,0.6415767117512623,0.9583333333333334,0.7092598859610075,0.29074011403899247,0.023097806064170334,8.154402830885614,-2.0238966900922746,-0.5,0.3,5.930506140793339,0.0,0.0,0.0,0.5115748574512594,0.0,0.6615748574512594,0.2,low,agents_strongly_disagree,5.26893128334208,False,fail,True,very_low_qed,0.843,0.1,0.085,0.5005,0.5615,0.425,0.4345,0.569,0.5122,0.4969999999999999,6.545146140793339,647,1.5,1.56533128334208,2,908,261,0,reject
C=CC(=O)Nc1cc(Nc2nccc(-c3cc(F)c4nc(OCC)n(C(C)C)c4c3)n2)c(OC)cc1N(C)CCN(C)C,7.601210153401617,0.0021461457531162086,0.19551598878405352,590.7040000000001,5.486500000000006,109.66999999999999,2,9,4,13,0.3548387096774194,2,0.95,4.704693333333333,False,,0,,0,,1,acrylamide_like,1.0,0.9096710153148043,1.0,0.3106796116504854,Osimertinib,0.0,0.6893203883495146,0.5238002363232228,0.2765840502414859,0.92,0.9223300970873787,0.2765840502414859,0.6606785959130219,0.9223300970873787,0.6457460468458928,0.35425395315410724,-0.18250447945306547,7.597990934771943,-1.9247041402482046,-0.0,0.2567961165048544,5.930082911028593,0.0,0.0,0.0,0.432182558557366,0.1,0.682182558557366,0.2,low,agents_strongly_disagree,5.247900352471227,False,fail,True,very_low_qed,0.69,0.129,0.1815,0.5005,0.5615,0.564,0.4345,0.998,0.46362499999999995,0.5004500000000001,6.486432911028593,661,1.5,1.5484403524712276,2,909,248,0,reject
N#Cc1cnc2c(Cl)cc(N[C@H](C3=CN(CCCN4CCCC4)NN3)c3cccnc3)cc2c1Nc1cnc(F)c(F)c1,8.15593341051631,0.010803102892712682,0.17634776420891937,603.0810000000004,5.376980000000004,117.06,4,10,6,10,0.26666666666666666,2,0.95,5.237206666666669,False,,1,hydrazine,1,hydrazine,0,,1.0,0.8374207802998829,1.0,0.23214285714285715,Gefitinib,0.0,0.7678571428571428,0.6564211806041786,0.24556024467387996,0.7,0.9419642857142857,0.24556024467387996,0.635986427748086,0.9419642857142857,0.6964040410404058,0.30359595895959424,0.027246337141456745,8.139728756177242,-2.032566569124414,-0.5,0.2803571428571428,5.88751932990997,0.0,0.0,0.0,0.4955050513005072,0.0,0.6455050513005072,0.2,low,agents_strongly_disagree,5.242014278609463,False,fail,True,very_low_qed,0.837,0.094,0.081,0.5005,0.5615,0.451,0.4345,0.739,0.5076999999999999,0.505,6.4967593299099695,660,1.5,1.5480142786094628,2,910,250,0,reject
CC(C)(CNc1c(C#N)cnc2c(Cl)cc(N[C@H](C3=CN(C45CC(C4)C5)NN3)c3cccc4ncccc34)cc12)C(F)(F)F,8.4242227332378,0.009617349152722655,0.16476581895511092,619.0950000000004,7.180380000000004,100.93,4,8,8,8,0.34375,2,0.95,6.543966666666669,False,,1,hydrazine,1,hydrazine,0,,1.0,0.8964997703891047,1.0,0.15447154471544716,Gefitinib,0.0,0.8455284552845528,0.7243235389025441,0.190621200425311,0.7,0.9613821138211383,0.190621200425311,0.6440817132872483,0.9613821138211383,0.7707609133958273,0.2292390866041727,0.10698910082039437,8.409796709508715,-2.2324541810448895,-0.5,0.30365853658536585,5.981001065049191,0.0,0.0,0.0,0.5884511417447842,0.0,0.7384511417447842,0.2,low,agents_strongly_disagree,5.242549923304407,False,fail,True,very_low_qed;poor_synthetic_accessibility,0.892,0.069,0.017,0.5005,0.5615,0.313,0.4345,0.8,0.51785,0.5006,6.602421065049191,628,1.5,1.5432699233044067,2,911,283,0,reject
CC[C@@H](Nc1c(C#N)cnc2c(Cl)cc(N[C@H](C3=CN(C4CC4)NN3)c3ccc(F)nc3F)cc12)c1ccccc1,8.175697039109195,0.009470913720310984,0.16913947616835148,573.0510000000003,6.478080000000005,100.93,4,8,6,9,0.23333333333333334,2,0.95,5.287006666666669,False,,1,hydrazine,1,hydrazine,0,,1.0,0.8443509952340904,1.0,0.16521739130434782,Gefitinib,0.0,0.8347826086956522,0.6622946201730812,0.23968030163618295,0.7,0.9586956521739131,0.23968030163618295,0.6401676434957942,0.9586956521739131,0.7190153505377301,0.28098464946226986,0.029502635569715885,8.161490668528728,-2.0505781904983156,-0.5,0.30043478260869566,5.911347260639108,0.0,0.0,0.0,0.5237691881721627,0.0,0.6737691881721627,0.2,low,agents_strongly_disagree,5.237578072466945,False,fail,True,very_low_qed,0.842,0.077,0.073,0.5005,0.5615,0.405,0.4345,0.807,0.5053500000000001,0.5019499999999999,6.517767260639108,654,1.5,1.5399180724669455,2,912,258,0,reject
COc1ccc2c([C@H](Nc3cc(C#N)c4ncc(C#N)c(NCC(C)(C)C)c4c3)C3=CN(C4(C(F)(F)F)CC4)NN3)cccc2n1,8.115022436975346,0.007612401072073628,0.17372219297955668,627.675,6.407260000000004,133.95,4,10,6,8,0.3333333333333333,2,0.95,5.2011666666666665,False,,1,hydrazine,1,hydrazine,0,,1.0,0.8558760624626569,1.0,0.17073170731707318,Erlotinib,0.0,0.8292682926829268,0.648426928493385,0.24550233434388438,0.7,0.9573170731707317,0.24550233434388438,0.6378115840020002,0.9573170731707317,0.7118147388268473,0.2881852611731527,0.014153792655179687,8.103603835367236,-2.0231194736871103,-0.5,0.29878048780487804,5.879264849485004,0.0,0.0,0.0,0.5147684235335591,0.0,0.6647684235335591,0.2,low,agents_strongly_disagree,5.214496425951445,False,fail,True,very_low_qed,0.823,0.085,0.084,0.5005,0.5615,0.419,0.4345,0.881,0.50005,0.5036499999999999,6.479324849485004,664,1.5,1.5188764259514453,2,913,249,0,reject
C=CC(=O)Nc1cc2c(Nc3ccc(Br)cc3F)ncnc2cc1OCCNC(=O)c1ccc[nH]1,6.943461619510093,0.04566745159710484,0.18323895137615964,539.3650000000002,4.536400000000003,121.03,4,6,4,9,0.08333333333333333,1,0.5,3.9624333333333346,False,,0,,0,,1,acrylamide_like,1.0,0.818849315068493,1.0,0.4642857142857143,Osimertinib,0.0,0.5357142857142857,0.3288981887595499,0.34838014120560573,0.92,0.8839285714285714,0.3288981887595499,0.6203017253484318,0.92,0.5911018112404501,0.40889818875954986,-0.38853804878517584,6.8749604421144355,-1.152792715290507,-0.0,0.2107142857142857,5.932882012538213,0.0,0.0,0.0,0.3638772640505627,0.1,0.6138772640505628,0.2,low,agents_strongly_disagree,5.31900474848765,False,fail,True,very_low_qed,0.442,0.112,0.374,0.5005,0.5615,0.676,0.4345,0.043,0.37749999999999995,0.4062,6.385882012538214,687,1.5,1.5064447484876506,2,914,227,0,reject
CC(C)S(=O)(=O)CCNCc1ccc(-c2ccc3ncnc(Nc4ccc(OCc5cccc(F)c5)c(Cl)c4)c3c2)o1,7.728867982322226,0.004679313771961971,0.14707317406574477,609.1230000000002,6.917700000000006,106.35000000000001,2,8,5,12,0.22580645161290322,2,0.95,4.927486666666668,False,,0,,0,,0,,1.0,0.8729796317804448,1.0,0.31,Osimertinib,0.0,0.69,0.5539414759401832,0.24137152778744164,1.0,0.9225,0.24137152778744164,0.6794532509319062,1.0,0.7586284722125584,0.24137152778744164,-0.16734903332229734,7.7218490116642835,-2.019469180772965,-0.0,0.25699999999999995,5.959379830891319,0.0,0.0,0.0,0.5732855902656979,0.0,0.7232855902656979,0.2,low,agents_strongly_disagree,5.23609424062562,False,fail,True,very_low_qed,0.727,0.042,0.12,0.5005,0.5615,0.334,0.4345,0.96,0.45365,0.46745,6.503759830891319,658,1.5,1.497034240625621,2,915,257,0,reject
Cn1cnc2cccc([C@H](Nc3cc(Cl)c4ncc(C#N)c(NCC(C)(C)C)c4c3)C3=CN(C4(C(F)(F)F)CC4)NN3)c21,8.015920050010859,0.009130970139017688,0.1877129881019266,610.0880000000002,6.518880000000006,105.86,4,8,6,7,0.36666666666666664,2,0.95,4.983920000000001,False,,1,hydrazine,1,hydrazine,0,,1.0,0.8821533784038976,1.0,0.1694915254237288,Gefitinib,0.0,0.8305084745762712,0.6225883334054023,0.26155291268682884,0.7,0.9576271186440678,0.26155291268682884,0.6354420911840747,0.9576271186440678,0.6960742059572389,0.3039257940427611,-0.01713834370489653,8.002223594802333,-1.973208345231407,-0.5,0.2991525423728813,5.828167791943806,0.0,0.0,0.0,0.4950927574465486,0.0,0.6450927574465486,0.2,low,agents_strongly_disagree,5.183075034497257,False,fail,True,very_low_qed,0.796,0.1185,0.113,0.5005,0.5615,0.453,0.4345,0.824,0.49895,0.504025,6.4269077919438065,681,1.5,1.487905034497257,2,916,235,0,reject
C=CC(=O)Nc1cc(Nc2nccc(-c3cc(F)c4nc(OC(C)C)n(C(C)C)c4c3)n2)c(OC)cc1N(C)CCN(C)C,7.590905756540822,0.003893834252949375,0.1810114122808169,604.731,5.875000000000006,109.66999999999999,2,9,4,13,0.375,2,0.95,4.798206666666666,False,,0,,0,,1,acrylamide_like,1.0,0.911669194311391,1.0,0.3137254901960784,Osimertinib,0.0,0.6862745098039216,0.520000755158141,0.26500986649803904,0.92,0.9215686274509804,0.26500986649803904,0.6566448122767901,0.9215686274509804,0.6565587609529414,0.3434412390470586,-0.18219207615819877,7.585065005161399,-1.951219587719183,-0.0,0.25588235294117645,5.889727770383392,0.0,0.0,0.0,0.4456984511911768,0.1,0.6956984511911768,0.2,low,agents_strongly_disagree,5.194029319192215,False,fail,True,very_low_qed,0.682,0.107,0.15,0.5005,0.5615,0.534,0.4345,0.975,0.4509000000000001,0.48745,6.430807770383392,676,1.5,1.478969319192216,2,917,241,0,reject
CC(C)(C)CNc1c(C#N)cnc2c(Cl)cc(N[C@H](C3=CN(C4(C(F)(F)F)CC4)NN3)c3csc4cnccc34)cc12,8.08134730182575,0.018957653561499397,0.1732558506892668,613.113,7.2418800000000045,100.93,4,9,6,7,0.3448275862068966,2,0.95,5.004086666666667,False,,1,hydrazine,1,hydrazine,0,,1.0,0.8661759945480876,1.0,0.1557377049180328,Gefitinib,0.0,0.8442622950819672,0.6320664679633877,0.252825846084225,0.7,0.9610655737704918,0.252825846084225,0.6364894719545262,0.9610655737704918,0.7082397276862669,0.29176027231373314,-0.005897338654851203,8.0529108214835,-1.9928743906900432,-0.5,0.3032786885245901,5.863315119318047,0.0,0.0,0.0,0.5102996596078336,0.0,0.6602996596078337,0.2,low,agents_strongly_disagree,5.203015459710214,False,fail,True,very_low_qed,0.811,0.083,0.107,0.5005,0.5615,0.427,0.4345,0.414,0.49770000000000003,0.47950000000000004,6.460555119318047,670,1.5,1.478415459710214,2,918,248,0,reject
Cc1nc(Cl)ccc1[C@H](Nc1cc(Cl)c2ncc(C#N)c(Nc3ccc(F)c(Cl)c3)c2c1)C1=CN(C(C)C)NN1,7.982377920085126,0.0061177052018261515,0.16377879802878728,597.913,7.380600000000004,100.92999999999999,4,8,5,7,0.17857142857142858,2,0.95,4.702753333333333,False,,1,hydrazine,1,hydrazine,0,,1.0,0.8628687978687978,1.0,0.2358490566037736,Gefitinib,0.0,0.7641509433962264,0.6163120863800031,0.25920321071070485,0.7,0.9410377358490566,0.25920321071070485,0.6291382582349411,0.9410377358490566,0.6818345251383517,0.31816547486164826,-0.017101562473250675,7.973201362282387,-1.97377705911407,-0.5,0.2792452830188679,5.778669586187185,0.0,0.0,0.0,0.4772931564229397,0.0,0.6272931564229397,0.2,low,agents_strongly_disagree,5.1513764297642455,False,fail,True,very_low_qed,0.788,0.068,0.183,0.5005,0.5615,0.483,0.4345,0.922,0.49575,0.50895,6.373569586187185,693,1.5,1.4621164297642455,2,919,226,0,reject
C=CC(=O)Nc1cc(Nc2nccc(-c3cc(F)c4nc(SC)n(C(C)C)c4c3)n2)c(OC)cc1N(C)CCN(C)C,7.594778746802627,0.009482446611011004,0.15593439789700553,592.745,5.809700000000006,100.44,2,9,4,12,0.3333333333333333,2,0.95,4.6183000000000005,False,,0,,0,,1,acrylamide_like,1.0,0.8718748188930745,1.0,0.3106796116504854,Osimertinib,0.0,0.6893203883495146,0.5170569740729489,0.25813699576642996,0.92,0.9223300970873787,0.25813699576642996,0.6543810167316894,0.9223300970873787,0.6641931013209488,0.3358068986790512,-0.18309872354498735,7.58055507688611,-1.953477268769661,-0.0,0.2567961165048544,5.883873924621303,0.0,0.0,0.0,0.45524137665118597,0.1,0.705241376651186,0.2,low,agents_strongly_disagree,5.178632547970118,False,fail,True,very_low_qed,0.687,0.052,0.206,0.5005,0.5615,0.518,0.4345,0.805,0.45055,0.4762,6.424533924621303,682,1.5,1.4500725479701178,2,920,238,0,reject
Cc1ccc([C@H](Nc2cc(Cl)c3ncc(C#N)c(Nc4ccc(F)c(Cl)c4)c3c2)C2=CN(C(C)C)NN2)cn1,7.837582067844719,0.009263500008637866,0.19655386512222808,563.4680000000002,6.727200000000004,100.93,4,8,5,7,0.17857142857142858,2,0.95,4.4731200000000015,False,,1,hydrazine,1,hydrazine,0,,1.0,0.8250976715111736,1.0,0.2403846153846154,Gefitinib,0.0,0.7596153846153846,0.5779110669551332,0.2860615488941485,0.7,0.9399038461538461,0.2860615488941485,0.6259691155007819,0.9399038461538461,0.6538422972596977,0.34615770274030233,-0.06407739806086499,7.823686817831762,-1.9065569920206293,-0.5,0.27788461538461534,5.695014441195748,0.0,0.0,0.0,0.4423028715746221,0.0,0.5923028715746221,0.2,low,agents_strongly_disagree,5.102711569621126,False,fail,True,very_low_qed,0.752,0.1325,0.237,0.5005,0.5615,0.541,0.4345,0.819,0.50055,0.5138750000000001,6.295674441195748,713,1.5,1.4193615696211257,2,921,208,0,reject
C#Cc1cccc(Nc2ncnc3ccc(S(=O)(=O)n4ccc(/C=C/C(=O)NO)c4)cc23)c1,6.186333128722294,0.012856047256319938,0.17513732418595804,459.48700000000014,2.9118000000000004,126.21,3,7,4,6,0.0,0,0.0,3.129913333333334,False,,0,,0,,1,acrylamide_like,1.0,0.6655555555555555,0.9373737373737371,0.28735632183908044,Sunvozertinib,0.0,0.7126436781609196,0.16258404910114943,0.42594424625099486,0.92,0.8811912225705327,0.16258404910114943,0.5974298794806692,0.92,0.7574159508988506,0.2425840491011494,-0.5797944405060266,6.167049057837814,-0.29434967581404203,-0.0,0.24813653779171013,6.120835919815482,0.0,0.0,0.0,0.5717699386235633,0.1,0.8217699386235633,0.2,low,agents_strongly_disagree,5.2990659811919185,False,fail,True,very_low_qed,0.279,0.09,0.634,0.5005,0.089,0.337,0.4345,0.646,0.33875,0.32899999999999996,6.527335919815482,652,1.5,1.3938659811919187,2,922,270,0,reject
C=CC(=O)Nc1cc2c(Nc3ccc(Br)c(Cl)c3F)ncnc2cc1OCCNC(=O)NC(C)(C)C,7.476457289909632,0.03183185195250921,0.15840586933565176,579.8580000000002,5.529400000000004,117.27000000000001,4,6,3,8,0.25,2,0.95,3.932386666666668,False,,0,,0,,1,acrylamide_like,1.0,0.8658018018018018,1.0,0.4880952380952381,Osimertinib,0.0,0.5119047619047619,0.4718320261106516,0.2858775871089674,0.92,0.8779761904761905,0.2858775871089674,0.6389214509239525,0.92,0.6341224128910327,0.36587758710896734,-0.2227858997510676,7.428709511980869,-1.8564521306643484,-0.0,0.20357142857142857,5.7758288098879484,0.0,0.0,0.0,0.41765301611379085,0.1,0.6676530161137909,0.2,low,agents_strongly_disagree,5.108175793774158,False,fail,True,very_low_qed,0.634,0.056,0.382,0.5005,0.5615,0.585,0.4345,0.161,0.45389999999999997,0.45299999999999996,6.320508809887948,706,1.5,1.3517757937741575,2,923,217,0,reject
NP(=O)(OCCCOc1ccc2ncnc(Nc3cccc(Br)c3)c2c1)N(CCCl)CCCl,7.683451777210289,0.027426896953670857,0.1501637226757008,577.2470000000001,5.767800000000005,102.60000000000001,2,6,3,13,0.3333333333333333,2,0.95,4.76498,False,,1,alkyl_halide,0,,0,,1.0,0.9304933141950593,1.0,0.39473684210526316,Afatinib,0.0,0.6052631578947368,0.5266641164350027,0.2493215859331739,0.88,0.9013157894736842,0.2493215859331739,0.6393253729604652,0.9013157894736842,0.6519942035405103,0.3480057964594897,-0.15021500870061666,7.642311431779783,-1.981249943990966,-0.2,0.23157894736842105,5.692640435157237,0.0,0.0,0.0,0.4399927544256379,0.0,0.5899927544256379,0.2,low,agents_strongly_disagree,5.102647680731599,False,fail,True,very_low_qed,0.716,0.045,0.16,0.5005,0.5615,0.545,0.4345,0.22,0.45530000000000004,0.4527,6.239000435157237,728,1.5,1.3458876807315994,2,924,196,0,reject
CCN1CCC(N2C=C([C@@H](Nc3cc(Cl)c4ncc(C#N)c(Nc5ccc(F)c(Cl)c5)c4c3)c3ccc4cccnc4c3)NN2)CC1,8.144611616133087,0.013828674271155103,0.13281713124042197,668.608,7.647880000000006,104.17,4,9,7,8,0.22857142857142856,2,0.95,5.674053333333332,False,,1,hydrazine,1,hydrazine,0,,1.0,0.8505882040664648,1.0,0.2631578947368421,Gefitinib,0.0,0.736842105263158,0.6514728320434632,0.20481660166941162,0.7,0.9342105263157895,0.20481660166941162,0.6226249900071661,0.9342105263157895,0.7293939246463779,0.27060607535362213,0.03846378938172945,8.123868604726354,-2.145433725902435,-0.5,0.2710526315789474,5.749487510402866,0.0,0.0,0.0,0.5367424058079724,0.0,0.6867424058079724,0.2,low,agents_strongly_disagree,5.062745104594893,False,fail,True,very_low_qed,0.83,0.026,0.043,0.5005,0.5615,0.382,0.4345,0.601,0.48524999999999996,0.47509999999999997,6.331787510402866,705,1.5,1.3328651045948936,2,925,220,0,reject
CC(C)N1C=C([C@@H](Nc2cc(Cl)c3ncc(C#N)c(Nc4ccc(F)c(Cl)c4)c3c2)c2cccc3c2CN(C2COC2)C3)NN1,8.001852920271071,0.003606036876810535,0.16613244842797686,645.5699999999998,6.738180000000007,100.51,4,9,7,8,0.2727272727272727,2,0.95,5.520466666666665,False,,1,hydrazine,1,hydrazine,0,,1.0,0.8502076828431276,1.0,0.23931623931623933,Dacomitinib,0.0,0.7606837606837606,0.6229390042540005,0.22904720560974634,0.7,0.9401709401709402,0.22904720560974634,0.6230392875086717,0.9401709401709402,0.7111237345611938,0.2888762654388062,-0.00013371100622827647,7.996443864955856,-2.0846648242992956,-0.5,0.27820512820512816,5.689984168861688,0.0,0.0,0.0,0.5139046682014923,0.0,0.6639046682014923,0.2,low,agents_strongly_disagree,5.026079500660196,False,fail,True,very_low_qed,0.793,0.072,0.051,0.5005,0.5615,0.42,0.4345,0.979,0.479,0.49439999999999995,6.264784168861688,724,1.5,1.3193595006601964,2,926,202,0,reject
Cc1ncsc1[C@H](Nc1cc(Cl)c2ncc(C#N)c(Nc3ccc(Cl)c(Cl)c3F)c2c1)C1=CN(C(C)C)NN1,7.817502577822012,0.007435359681693279,0.16174765632619884,603.9420000000001,7.442100000000004,100.92999999999999,4,9,5,7,0.19230769230769232,2,0.95,4.7429466666666675,False,,1,hydrazine,1,hydrazine,0,,1.0,0.841876913643582,1.0,0.16521739130434782,Gefitinib,0.0,0.8347826086956522,0.5741708926783177,0.25654018533838374,0.7,0.9586956521739131,0.25654018533838374,0.6223516825476536,0.9586956521739131,0.7021554668355293,0.2978445331644707,-0.06424105315911466,7.806349538299472,-1.9804635744430321,-0.5,0.30043478260869566,5.626320746465135,0.0,0.0,0.0,0.5026943335444116,0.0,0.6526943335444116,0.2,low,agents_strongly_disagree,4.973626412920723,False,fail,True,very_low_qed,0.745,0.063,0.168,0.5005,0.5615,0.441,0.4345,0.886,0.47314999999999996,0.4878,6.194100746465135,739,1.5,1.2589864129207227,2,927,188,0,reject
N#Cc1cnc2c(Cl)cc(N[C@H](C3=CN(C4CCN(C5COC5)CC4)NN3)c3cccnc3)cc2c1Nc1ccc(F)c(Cl)c1,7.949318493929981,0.016219702962419803,0.18540475379601454,646.5580000000002,5.873580000000004,113.4,4,10,7,8,0.28125,2,0.95,5.527053333333335,False,,1,hydrazine,1,hydrazine,0,,1.0,0.8722255232059155,1.0,0.25,Dacomitinib,0.0,0.75,0.6009758314088014,0.2393936402288336,0.7,0.9375,0.2393936402288336,0.6194673679094087,0.9375,0.6981063597711664,0.3018936402288336,-0.024655382000809745,7.924988939486352,-2.0655282462039857,-0.5,0.27499999999999997,5.634460693282366,0.0,0.0,0.0,0.49763294971395805,0.0,0.6476329497139581,0.2,low,agents_strongly_disagree,4.9868277435684085,False,fail,True,very_low_qed,0.78,0.115,0.049,0.5005,0.5615,0.449,0.4345,0.502,0.48145000000000004,0.47579999999999995,6.212200693282367,736,1.5,1.2577877435684082,2,928,192,0,reject
CC(C)n1nc(N2CCN(CC3CCN(c4ccc5c(c4)C(=O)N(C4CCC(=O)NC4=O)C5=O)CC3)CC2)c2cnc(Nc3ccnc(-c4cnn(S(=O)(=O)C5CC5)c4)n3)cc21,7.951151974217271,0.027680652285017815,0.1826363737056104,861.9899999999999,3.1894000000000027,213.74999999999994,2,15,10,11,0.4523809523809524,2,0.95,7.863266666666666,False,,0,,0,,0,,1.0,0.7795148716358085,1.0,0.19708029197080293,Lazertinib,0.0,0.8029197080291971,0.5934115369548052,0.20045000553808573,1.0,0.9507299270072993,0.20045000553808573,0.6861478673750476,1.0,0.7995499944619142,0.20045000553808578,-0.12364844056032309,7.909630995789744,-2.4016155310562946,-0.0,0.2908759124087591,5.798891377142208,0.0,0.0,0.0,0.6244374930773928,0.0,0.7744374930773928,0.2,low,agents_strongly_disagree,5.024453884064815,False,fail,True,very_low_qed;poor_synthetic_accessibility,0.781,0.109,0.012,0.5005,0.5615,0.289,0.4345,0.215,0.4751500000000001,0.44114999999999993,6.369071377142208,694,1.5,1.2538338840648153,2,929,235,0,reject
CC(C)(C)N1CCC(N2C=C([C@@H](Nc3cc(Cl)c4ncc(C#N)c(Nc5ccc(F)c(Cl)c5)c4c3)c3cccc4c3CCN(C3COC3)C4)NN2)CC1,8.179807224825032,0.012517263650302476,0.14359365790992612,756.7579999999997,7.635180000000009,103.75,4,10,8,8,0.4,2,0.95,6.461719999999997,False,,1,hydrazine,1,hydrazine,0,,1.0,0.8627858575331218,1.0,0.23577235772357724,Dacomitinib,0.0,0.7642276422764227,0.6611897216510462,0.18044881954276717,0.7,0.9410569105691057,0.18044881954276717,0.6206738629407297,0.9410569105691057,0.7606080910263385,0.23939190897366147,0.05402114494708854,8.161031329349578,-2.2356643420900735,-0.5,0.2792682926829268,5.704635279942432,0.0,0.0,0.0,0.5757601137829231,0.0,0.7257601137829232,0.2,low,agents_strongly_disagree,4.978875166159509,False,fail,True,very_low_qed,0.846,0.039,0.018,0.5005,0.5615,0.331,0.4345,0.662,0.49129999999999996,0.47730000000000006,6.294195279942431,714,1.5,1.2516351661595086,2,930,216,0,reject
N#Cc1cnc2c(Cl)cc(N[C@H](C3=CNNN3)c3csc4c3CCN(C3COC3)C4)cc2c1Nc1ccc(Cl)c(Cl)c1F,7.978536938155877,0.013227858679376168,0.1448572834259744,657.9900000000004,6.374780000000003,109.3,5,10,7,7,0.2413793103448276,2,0.95,5.5032666666666685,False,,1,hydrazine,1,hydrazine,0,,1.0,0.8420197147632758,1.0,0.1746031746031746,Dacomitinib,0.0,0.8253968253968254,0.6103747334634059,0.21800740332018329,0.7,0.9563492063492063,0.21800740332018329,0.6211828357831988,0.9563492063492063,0.738341803029023,0.26165819697097703,-0.014410803093057312,7.958695150136812,-2.1064947855395433,-0.5,0.2976190476190476,5.649819412216316,0.0,0.0,0.0,0.5479272537862787,0.0,0.6979272537862787,0.2,low,agents_strongly_disagree,4.951892158430037,False,fail,True,very_low_qed,0.786,0.041,0.054,0.5005,0.5615,0.372,0.4345,0.627,0.47009999999999996,0.46555,6.213939412216316,735,1.5,1.210552158430037,2,931,196,0,reject
CC(C)N1C=C([C@@H](Nc2cc(Cl)c3ncc(C#N)c(Nc4cnc(F)c(F)c4)c3c2)c2cccc3c2CCN3)NN1,7.737700415173381,0.008600834433666051,0.17315360862258747,574.039,5.872480000000005,112.96000000000001,5,9,6,7,0.20689655172413793,2,0.95,4.743593333333333,False,,1,hydrazine,1,hydrazine,0,,1.0,0.805830639948287,1.0,0.1794871794871795,Gefitinib,0.0,0.8205128205128205,0.5534045196897791,0.26278858730652566,0.7,0.9551282051282051,0.26278858730652566,0.6178303280311275,0.9551282051282051,0.6923396178216794,0.3076603821783206,-0.08590107778846445,7.724799163522882,-1.9676957362049987,-0.5,0.29615384615384616,5.553257273471729,0.0,0.0,0.0,0.49042452227709926,0.0,0.6404245222770992,0.2,low,agents_strongly_disagree,4.91283275119463,False,fail,True,very_low_qed,0.732,0.082,0.167,0.5005,0.5615,0.464,0.4345,0.848,0.4709500000000001,0.48705,6.11839727347173,761,1.5,1.19729275119463,2,932,171,0,reject
Cc1nc(F)ccc1[C@H](Nc1cc(Cl)c2ncc(C#N)c(NCC(C)(C)C#N)c2c1)C1=CN(C2(C(F)(F)F)CC2)NN1,7.719794064933123,0.008467180844602847,0.18278132697336202,600.0240000000002,5.978380000000004,124.71999999999998,4,9,5,8,0.35714285714285715,2,0.95,4.8168266666666675,False,,1,hydrazine,1,hydrazine,0,,1.0,0.9141683569979715,1.0,0.1592920353982301,Sunvozertinib,0.0,0.8407079646017699,0.5490214896420588,0.26526716573278497,0.7,0.9601769911504425,0.26526716573278497,0.6186164116313215,0.9601769911504425,0.6949098254176576,0.30509017458234244,-0.09279322931901701,7.707093293666219,-1.954028387312352,-0.5,0.302212389380531,5.555277295734398,0.0,0.0,0.0,0.49363728177207195,0.0,0.6436372817720719,0.2,low,agents_strongly_disagree,4.911640013962327,False,fail,True,very_low_qed,0.724,0.111,0.146,0.5005,0.5615,0.454,0.4345,0.853,0.47,0.48615,6.119277295734398,760,1.5,1.1950200139623268,2,933,173,0,reject
CS(=O)(=O)CCN(CC#N)Cc1ccc(-c2ccc3ncnc(Nc4ccc(OCc5cccc(F)c5)c(Cl)c4)c3c2)o1,7.469899634514239,0.00956449384095584,0.15862922902827123,620.1060000000002,6.375080000000006,121.35000000000001,1,9,5,12,0.1935483870967742,2,0.95,5.000706666666669,False,,0,,0,,0,,1.0,0.8472305189779957,1.0,0.2980769230769231,Osimertinib,0.0,0.7019230769230769,0.4857797629398907,0.24491120417067733,1.0,0.9254807692307692,0.24491120417067733,0.6640429340853343,1.0,0.7550887958293226,0.24491120417067735,-0.23768422819392482,7.455552893752805,-2.0221219322620514,-0.0,0.26057692307692304,5.694007884567676,0.0,0.0,0.0,0.5688609947866533,0.0,0.7188609947866533,0.2,low,agents_strongly_disagree,4.975146889781023,False,fail,True,very_low_qed,0.63,0.058,0.109,0.5005,0.5615,0.341,0.4345,0.801,0.41154999999999997,0.4324,6.187867884567676,743,1.5,1.1940268897810231,2,934,191,0,reject
COc1nccc2c([C@H](Nc3cc(Cl)c4ncc(C#N)c(NCC(C)(C)C)c4c3)C3=C(F)N(C4(C(F)F)CC4)NN3)cccc12,7.895801488726548,0.005402915581637086,0.1419279436264589,637.1100000000001,7.188980000000005,110.16,4,9,6,9,0.34375,2,0.95,5.364066666666668,False,,1,hydrazine,1,hydrazine,0,,1.0,0.8176048233006663,1.0,0.18032786885245902,Gefitinib,0.0,0.819672131147541,0.595168331274491,0.22175011258429594,0.7,0.9549180327868853,0.22175011258429594,0.617959119161418,0.9549180327868853,0.7331679202025894,0.26683207979741064,-0.030387717182569496,7.887697115354092,-2.078307056373541,-0.5,0.2959016393442623,5.605291698324813,0.0,0.0,0.0,0.5414599002532368,0.0,0.6914599002532368,0.2,low,agents_strongly_disagree,4.913831798071577,False,fail,True,very_low_qed,0.768,0.037,0.067,0.5005,0.5615,0.38,0.4345,0.946,0.46315000000000006,0.4776,6.161071698324814,754,1.5,1.1869517980715774,2,935,181,0,reject
O=C(Nc1cc2c(Nc3ccc(F)c(Cl)c3)ncnc2cc1OCCCN1CCOCC1)c1cccc([N+](=O)[O-])c1F,7.747636771252978,0.011941461712977632,0.13660346571781154,598.9940000000005,5.566600000000004,131.75,2,9,5,10,0.25,2,0.95,4.659960000000003,False,,1,nitroso,1,nitroso,0,,1.0,0.8760638613567571,1.0,0.6091954022988506,Dacomitinib,0.0,0.3908045977011494,0.5535501696141601,0.24590267537556545,0.7,0.8477011494252873,0.24590267537556545,0.5867884986037533,0.8477011494252873,0.6017984740497219,0.39820152595027813,-0.04431777198612408,7.729724578683512,-1.9873905342821891,-0.5,0.16724137931034483,5.409575423711668,0.0,0.0,0.0,0.37724809256215236,0.0,0.5272480925621523,0.2,low,agents_strongly_disagree,4.882327331149515,False,fail,True,very_low_qed,0.735,0.031,0.192,0.5005,0.5615,0.651,0.4345,0.683,0.46585,0.49325,5.968595423711668,790,1.5,1.174227331149515,2,936,146,0,reject
N#Cc1cnc2c(Cl)cc(N[C@H](C3=CN(C4COC4)NN3)c3ccc(Cl)nc3Cl)cc2c1Nc1ccc(F)c(Cl)c1,7.818565431870807,0.008990574416616614,0.16530667927938064,632.3140000000001,6.715980000000003,110.16000000000001,4,9,6,7,0.14814814814814814,2,0.95,5.132093333333334,False,,1,hydrazine,1,hydrazine,0,,1.0,0.8701080836444242,1.0,0.25,Dacomitinib,0.0,0.75,0.5733479558760701,0.2435304684754542,0.7,0.9375,0.2435304684754542,0.6135946060878811,0.9375,0.6939695315245458,0.30603046847545423,-0.05366220028241464,7.805079570245883,-2.0396925059058044,-0.5,0.27499999999999997,5.540387064340079,0.0,0.0,0.0,0.4924619144056822,0.0,0.6424619144056822,0.2,low,agents_strongly_disagree,4.897925149934396,False,fail,True,very_low_qed,0.747,0.071,0.087,0.5005,0.5615,0.456,0.4345,0.829,0.4635,0.48014999999999997,6.0965870643400795,764,1.5,1.1741051499343964,2,937,173,0,reject
C=CC(=O)Nc1cccc(Nc2nc(Nc3ccc(O[C@@H](C)COC(=O)[C@@H](N)C(C)C)c(F)c3)ncc2F)c1,6.829170915203017,0.005676156573578238,0.19066246581033258,540.5710000000004,4.660300000000003,140.49,4,9,3,12,0.25925925925925924,1,0.75,4.770473333333336,False,,0,,0,,1,acrylamide_like,1.0,0.8350590026646364,1.0,0.32608695652173914,Osimertinib,0.0,0.6739130434782609,0.32831941919924945,0.32138461260593926,0.92,0.9184782608695652,0.32138461260593926,0.6220455731686885,0.92,0.5986153873940607,0.4013846126059393,-0.3916348719592522,6.820656680342649,-1.4989826082637419,-0.0,0.25217391304347825,5.573847985122386,0.0,0.0,0.0,0.3732692342425759,0.1,0.623269234242576,0.2,low,agents_strongly_disagree,4.95057875087981,False,fail,True,very_low_qed,0.416,0.123,0.159,0.5005,0.5615,0.656,0.4345,0.937,0.33575,0.42124999999999996,5.976747985122386,787,1.5,1.1560787508798098,2,938,151,0,reject
Cn1ccc([C@H](Nc2cc(Cl)c3ncc(C#N)c(Nc4ccc(F)c(Cl)c4)c3c2)C2=CN(C3CCN(C(C)(C)C)CC3)NN2)n1,7.751576379684153,0.01432748412921463,0.1759123590692578,649.6059999999999,6.611780000000007,109.1,4,9,6,7,0.34375,2,0.95,5.247373333333333,False,,1,hydrazine,1,hydrazine,0,,1.0,0.8497963107612809,1.0,0.2545454545454545,Gefitinib,0.0,0.7454545454545455,0.5528648560305879,0.24492974620604055,0.7,0.9363636363636364,0.24492974620604055,0.6085395596500662,0.9363636363636364,0.6914338901575958,0.3085661098424042,-0.07423293815930443,7.7300851534903305,-2.0268186409307423,-0.5,0.2736363636363636,5.476902876195952,0.0,0.0,0.0,0.4892923626969948,0.0,0.6392923626969949,0.2,low,agents_strongly_disagree,4.837610513498957,False,fail,True,very_low_qed,0.736,0.092,0.08,0.5005,0.5615,0.465,0.4345,0.576,0.4617,0.46754999999999997,6.030942876195952,776,1.5,1.0986705134989565,2,939,163,0,reject
N#Cc1cnc2c(Cl)cc(N[C@@H](C3=CN(C4CC4)NN3)c3ccc(F)nc3)cc2c1NC1C2CC3CC(C2)CC1C3,7.939048286894069,0.018071584994006826,0.2561635339384193,571.104,6.012380000000005,100.93,4,8,9,7,0.45161290322580644,2,0.95,7.324026666666667,False,,1,hydrazine,1,hydrazine,0,,1.0,0.7704321601790822,1.0,0.1509433962264151,Sunvozertinib,0.0,0.8490566037735849,0.5971119622277125,0.24088994366613062,0.7,0.9622641509433962,0.24088994366613062,0.6250665142093098,0.9622641509433962,0.7213742072772656,0.27862579272273436,-0.0372727359754631,7.911940909403059,-2.247279175739,-0.5,0.3047169811320755,5.469378714796134,0.0,0.0,0.0,0.526717759096582,0.0,0.676717759096582,0.2,low,agents_strongly_disagree,4.792660955699552,False,fail,True,poor_synthetic_accessibility,0.778,0.258,0.015,0.5005,0.5615,0.399,0.4345,0.437,0.50405,0.485,6.0742387147961345,767,1.5,1.0746609556995521,2,940,173,0,reject
CN(CC(C)(C)C)c1c(C#N)cnc2c(Cl)cc(N(C)[C@H](C3=C(F)N(C4(C(F)F)CC4)NN3)c3cccc4ncccc34)cc12,7.197089590033157,0.05871588332447698,0.19654992313818007,635.1380000000001,7.228980000000006,83.35000000000001,2,8,6,8,0.36363636363636365,2,0.95,5.250920000000001,False,,1,hydrazine,1,hydrazine,0,,1.0,0.580493237152276,0.7827149766405016,0.14035087719298245,Afatinib,0.0,0.8596491228070176,0.3831712791811553,0.25614399618753747,0.7,0.8019485131821306,0.25614399618753747,0.5353159471377058,0.8019485131821306,0.5458045169945931,0.4541954830054069,-0.20285955727540067,7.109015765046441,-2.004724440498184,-0.5,0.2535734810022306,4.857864805550487,0.0,0.0,0.0,0.30725564624324136,0.0,0.30725564624324136,0.0,low,,4.550609159307245,False,fail,True,very_low_qed,0.532,0.131,0.078,0.5005,0.052,0.76,0.8915,0.01,0.37740000000000007,0.40795000000000003,5.310744805550487,893,1.5,1.0401491593072452,2,941,48,0,reject
Cc1ncnc(Nc2ccc(OCc3cccc(F)c3)c(Cl)c2)c1/C=C/c1ccc(CNCCS(C)(=O)=O)cc1,7.145682666312363,0.009376759584988528,0.19256764173120466,581.1130000000003,6.204720000000007,93.21000000000001,2,7,4,12,0.2,2,0.95,4.540753333333336,False,,0,,0,,0,,1.0,0.8011884973910292,1.0,0.28865979381443296,Osimertinib,0.0,0.711340206185567,0.40485693486859886,0.28126784397780347,1.0,0.9278350515463918,0.28126784397780347,0.6534899575981985,1.0,0.7187321560221965,0.28126784397780347,-0.33151069697279945,7.131617526934881,-1.9185453582687955,-0.0,0.2634020618556701,5.476474230521756,0.0,0.0,0.0,0.5234151950277457,0.0,0.6734151950277457,0.2,low,agents_strongly_disagree,4.803059035494011,False,fail,True,very_low_qed,0.507,0.125,0.219,0.5005,0.5615,0.406,0.4345,0.81,0.3861,0.4235,5.9397942305217555,795,1.5,1.0112590354940112,2,942,147,0,reject
O=C(CCCCCC(=O)Nc1ccc(O)c(C(=O)Nc2ccccc2)c1)NO,5.7222409389157445,0.014024324492157568,0.19615683053168656,385.42,3.038900000000001,127.76,5,5,2,9,0.25,0,0.0,2.5361333333333334,False,,0,,0,,0,,1.0,0.8033191489361702,1.0,0.14102564102564102,Sunvozertinib,0.0,0.858974358974359,0.04574320758442582,0.4603426670488379,1.0,0.9647435897435898,0.04574320758442582,0.6177073660942134,1.0,0.9542567924155742,0.04574320758442585,-0.7626188780130501,5.7012044521775085,-0.15926316946831343,-0.0,0.30769230769230765,5.849633590401503,0.0,0.0,0.0,0.8178209905194678,0.0,0.9678209905194678,0.2,low,agents_strongly_disagree,4.881812599882035,False,fail,True,very_low_qed,0.172,0.13,0.787,0.5005,0.5615,0.117,0.4345,0.587,0.32155,0.34049999999999997,6.235493590401503,730,1.5,0.9904125998820348,2,943,213,0,reject
CCOc1cc2ncc(C#N)c(Nc3ccc(OCc4ccccc4)c(Cl)c3)c2cc1NC(=O)/C=C/CN1CCCC1,7.160632800466755,0.011412852560485284,0.18267398353781295,582.1039999999999,7.071680000000005,99.51,2,7,5,11,0.24242424242424243,2,0.95,4.647359999999999,False,,0,,0,,1,acrylamide_like,1.0,0.9522759103641457,1.0,0.32673267326732675,Osimertinib,0.0,0.6732673267326732,0.40716920332434897,0.2717260755611818,0.92,0.9183168316831682,0.2717260755611818,0.6293030276421747,0.92,0.6482739244388183,0.35172607556118174,-0.2961784324237677,7.143513521626027,-1.9401875922197627,-0.0,0.2519801980198019,5.455306127426066,0.0,0.0,0.0,0.4353424055485228,0.1,0.6853424055485229,0.2,low,agents_strongly_disagree,4.769963721877543,False,fail,True,very_low_qed,0.514,0.11,0.197,0.5005,0.5615,0.559,0.4345,0.709,0.38295,0.43139999999999995,5.914846127426066,799,1.5,0.9876437218775438,2,944,145,0,reject
CC(C)n1c(Nc2ccc(NC(=O)Nc3ccc(F)c(Cl)c3)cc2)nc2cnc(Nc3ccc(N4CCN(C)CC4)cc3)nc21,8.143354183464089,0.03584276518922155,0.1440704235571696,629.1439999999999,7.082700000000006,115.27,4,8,6,8,0.25,2,0.95,4.8609599999999995,True,anil_di_alk_A(478),0,,0,,0,,1.0,0.77504080233492,1.0,0.3118279569892473,Gefitinib,0.0,0.6881720430107527,0.6357486102335671,0.24227873295644328,0.75,0.9220430107526882,0.24227873295644328,0.6375175884856747,0.9220430107526882,0.6797642777962449,0.32023572220375507,-0.0023586376694767486,8.089590035680256,-2.01007357644283,-0.4,0.25645161290322577,5.9359680721406525,0.0,0.0,0.0,0.47470534724530616,0.0,0.8122053472453061,0.45,medium,unsafe_structure_can_game_single_score;agents_strongly_disagree,5.123762724895347,False,fail,True,very_low_qed,0.829,0.04,0.134,0.5005,0.5615,0.492,0.043,0.119,0.50125,0.43375,6.537468072140652,650,1.5,0.9692627248953469,2,945,295,0,reject
CS(=O)(=O)CCNCc1ccc(-c2ccc3ncnc(Nc4ccc(OCc5cccc(Br)c5)cc4)c3c2)o1,7.243021810259177,0.023557416932548404,0.17344592024799807,607.5300000000002,6.109100000000005,106.35000000000001,2,8,5,11,0.1724137931034483,2,0.95,4.816866666666668,False,,0,,0,,0,,1.0,0.8458183490208807,1.0,0.2777777777777778,Afatinib,0.0,0.7222222222222222,0.4192652607120103,0.2601311535722963,1.0,0.9305555555555556,0.2601311535722963,0.6524879924599656,1.0,0.7398688464277037,0.2601311535722963,-0.310963642330607,7.207685684860354,-1.9818427004416572,-0.0,0.26666666666666666,5.4925096510853635,0.0,0.0,0.0,0.5498360580346296,0.0,0.6998360580346297,0.2,low,agents_strongly_disagree,4.792673593050734,False,fail,True,very_low_qed,0.552,0.084,0.145,0.5005,0.5615,0.366,0.4345,0.288,0.38705,0.39335,5.956969651085363,793,1.5,0.9646935930507334,2,946,153,0,reject
COC(=O)CCCC(=O)Nc1cccc(C#Cc2cncnc2Nc2ccc(OCc3cccc(F)c3)c(Cl)c2)c1,7.137134495987898,0.01923563503468913,0.17039320444859146,573.0240000000002,6.273300000000005,102.44000000000001,2,7,4,10,0.16129032258064516,2,0.95,4.286826666666668,False,,0,,0,,0,,1.0,0.8021541241053436,1.0,0.3163265306122449,Osimertinib,0.0,0.6836734693877551,0.3958186794726922,0.27883831372877654,1.0,0.9209183673469388,0.27883831372877654,0.6488938401371018,1.0,0.7211616862712235,0.27883831372877654,-0.3374335475525463,7.1082810434358645,-1.906501763293344,-0.0,0.25510204081632654,5.456881320958847,0.0,0.0,0.0,0.5264521078390293,0.0,0.6764521078390293,0.2,low,agents_strongly_disagree,4.780429213119818,False,fail,True,very_low_qed,0.505,0.078,0.287,0.5005,0.5615,0.4,0.4345,0.4,0.386,0.4015500000000001,5.920081320958847,798,1.5,0.962289213119818,2,947,149,0,reject
COc1ccc(-c2c3c4cc(OC)c(OCCCNC(=N)N)cc4oc(=O)c3n3ccc4cc(O)c(OC)cc4c23)cc1O,6.8737399159781205,0.02760530949539956,0.06787039720185142,598.6120000000002,4.708070000000005,173.89999999999998,5,9,6,9,0.1875,1,0.75,4.757413333333335,False,,0,,0,,0,,1.0,0.8106666666666668,1.0,0.20754716981132076,Dacomitinib,0.0,0.7924528301886793,0.32411126234775045,0.25435128256358236,1.0,0.9481132075471699,0.25435128256358236,0.6316439381146257,1.0,0.7456487174364177,0.2543512825635823,-0.41004356768916683,6.832331951735021,-1.6269916027981488,-0.0,0.28773584905660377,5.493076197993476,0.0,0.0,0.0,0.5570608967955222,0.0,0.7070608967955222,0.2,low,agents_strongly_disagree,4.786015301197954,False,fail,True,very_low_qed,0.422,0.013,0.161,0.5005,0.5615,0.358,0.4345,0.217,0.31675,0.34095000000000003,5.873176197993476,806,1.5,0.8951553011979536,2,948,142,0,reject
Cc1nc(F)ccc1[C@H](Nc1cc(Cl)c2ncc(C#N)c(NCC(C)(C)S(C)(=O)=O)c2c1)C1=CN(C2(C(F)(F)F)CC2)NN1,7.551468896742351,0.01073023890897937,0.17929329506279965,653.1060000000002,5.251800000000003,135.06999999999996,4,10,5,9,0.39285714285714285,2,0.95,5.270706666666668,False,,1,hydrazine,1,hydrazine,0,,1.0,0.888464485705865,1.0,0.15517241379310345,Sunvozertinib,0.0,0.8448275862068966,0.5053560569493023,0.24589182510505259,0.7,0.9612068965517242,0.24589182510505259,0.6031136946515198,0.9612068965517242,0.7153150714466716,0.2846849285533284,-0.13034351693628998,7.535373538378883,-2.022026990651486,-0.5,0.30344827586206896,5.316794823589465,0.0,0.0,0.0,0.5191438393083395,0.0,0.6691438393083395,0.2,low,agents_strongly_disagree,4.6476509842811256,False,fail,True,very_low_qed,0.665,0.104,0.075,0.5005,0.5615,0.412,0.4345,0.741,0.4314,0.4505,5.834474823589465,813,1.5,0.8882509842811261,2,949,136,0,reject
O=C(Nc1ccc(-c2cc3c(Nc4ccc(Oc5cccc(C(F)(F)F)c5)c(Cl)c4)ncnc3s2)cc1)NC1CC1,7.087977155951611,0.016365530900962263,0.17486827997039378,596.0339999999999,8.850299999999999,88.17,3,6,6,7,0.13793103448275862,2,0.95,4.540226666666666,False,,0,,0,,0,,1.0,0.786134437216637,1.0,0.3125,Osimertinib,0.0,0.6875,0.3855384173572292,0.27155345141961407,1.0,0.921875,0.27155345141961407,0.6447417171942108,1.0,0.7284465485803859,0.27155345141961407,-0.3456043997826422,7.063428859600168,-1.9423726165813302,-0.0,0.25625,5.377306243018838,0.0,0.0,0.0,0.5355581857254824,0.0,0.6855581857254824,0.2,low,agents_strongly_disagree,4.691748057293355,False,fail,True,very_low_qed,0.484,0.089,0.22,0.5005,0.5615,0.387,0.4345,0.496,0.3687,0.39369999999999994,5.819746243018838,814,1.5,0.8641880572933553,2,950,136,0,reject
COCCCN1CCC([C@H]2CC[C@H](n3nc(-c4ccc5nc(Cc6ccccc6Cl)[nH]c5c4)c4c(N)ncnc43)CC2)CC1,7.204853858746079,0.010010554314722067,0.17871370538542614,613.2099999999999,6.675800000000006,110.77,2,7,7,9,0.47058823529411764,2,0.95,5.054733333333333,False,,1,aniline,0,,0,,1.0,0.7576604757249918,1.0,0.25663716814159293,Erlotinib,0.0,0.7433628318584071,0.41920607666621423,0.25387971744916393,0.88,0.9358407079646018,0.25387971744916393,0.622231625519995,0.9358407079646018,0.6819609905154379,0.3180390094845621,-0.27070073180504106,7.1898380272739955,-1.9824374710851618,-0.2,0.2730088495575221,5.280409405746355,0.0,0.0,0.0,0.4774512381442974,0.0,0.6274512381442974,0.2,low,agents_strongly_disagree,4.652958167602058,False,fail,True,very_low_qed,0.537,0.103,0.1,0.5005,0.5615,0.482,0.4345,0.781,0.3773500000000001,0.42345,5.733229405746355,831,1.5,0.8610981676020586,2,951,120,0,reject
COc1cc(O)c(C(=O)Nc2ccc(F)c(Cl)c2)cc1NC(=O)CCCCCC(=O)NO,5.782720502256942,0.013501019355119525,0.15571495146118056,467.8810000000003,3.8400000000000016,136.98999999999998,5,6,2,10,0.2857142857142857,0,0.0,3.1858733333333356,False,,0,,0,,0,,1.0,0.7075631995718938,1.0,0.379746835443038,Osimertinib,0.0,0.620253164556962,0.061229412015651866,0.4131096335600595,1.0,0.9050632911392404,0.061229412015651866,0.5948505841787379,1.0,0.9387705879843481,0.06122941201565191,-0.7114948962174481,5.762468973224263,-0.2935946199673912,-0.0,0.2360759493670886,5.704950302623961,0.0,0.0,0.0,0.7984632349804353,0.0,0.9484632349804353,0.2,low,agents_strongly_disagree,4.756487067643525,False,fail,True,very_low_qed,0.186,0.051,0.617,0.5005,0.5615,0.143,0.4345,0.616,0.28654999999999997,0.31989999999999996,6.048810302623961,770,1.5,0.8403670676435251,2,952,182,0,reject
O=C(Nc1ccc2ncnc(Nc3cccc(Cl)c3)c2c1)C1CCC2(CC1)OOC1(O2)C2CC3CC(C2)CC1C3,7.155088400095657,0.01789808326091191,0.33221635169436314,561.0820000000002,6.982600000000006,94.60000000000001,2,7,9,4,0.5161290322580645,2,0.95,7.607213333333335,False,,0,,0,,0,,1.0,0.8457510709003246,1.0,0.32558139534883723,Sunvozertinib,0.0,0.6744186046511628,0.40124344174127596,0.28271899343189977,1.0,0.9186046511627907,0.28271899343189977,0.6506417715839916,1.0,0.7172810065681002,0.28271899343189977,-0.3325311064569542,7.12824127520429,-2.2072527450798303,-0.0,0.25232558139534883,5.173314111519808,0.0,0.0,0.0,0.5216012582101253,0.0,0.6716012582101253,0.2,low,agents_strongly_disagree,4.501712853309683,False,fail,True,poor_synthetic_accessibility,0.511,0.419,0.013,0.5005,0.5615,0.408,0.4345,0.445,0.41580000000000006,0.43015,5.672274111519808,840,1.5,0.7178928533096833,2,953,113,0,reject
CO[C@H]1[C@@H](N(C)Cc2ccccc2)C[C@@H]2O[C@@]1(C)n1c3ccccc3c3c4c(c5c6ccccc6n2c5c31)C(=O)NC4,7.19032426598204,0.04905791269002488,0.27826121480862276,556.6660000000002,6.2666000000000075,60.660000000000004,1,4,9,4,0.2857142857142857,2,0.95,6.977773333333335,False,,0,,0,,0,,1.0,0.8557724074361385,1.0,0.1623931623931624,Lazertinib,0.0,0.8376068376068376,0.38824052761249267,0.25304366814474255,1.0,0.9594017094017094,0.25304366814474255,0.6501714762897361,1.0,0.7469563318552574,0.25304366814474255,-0.3492412649029914,7.116737396947003,-2.189833356619949,-0.0,0.30128205128205127,5.228186091609105,0.0,0.0,0.0,0.5586954148190718,0.0,0.7086954148190718,0.2,low,agents_strongly_disagree,4.519490676790033,False,fail,True,poor_synthetic_accessibility,0.53,0.304,0.016,0.5005,0.5615,0.355,0.4345,0.028,0.40180000000000005,0.39275,5.710346091609106,836,1.5,0.6907906767900336,2,954,118,0,reject
CC(C)(C)N1CCC(N2C=C([C@@H](Nc3cc(Cl)c4ncc(C#N)c(Nc5ccc(F)c(Cl)c5)c4c3)c3ccc4c(c3)NCC4)NN2)CC1,7.497574898276096,0.00862521072347357,0.13309178445203987,686.6669999999999,7.846280000000008,103.31,5,9,7,7,0.3333333333333333,2,0.95,5.694446666666666,False,,1,hydrazine,1,hydrazine,0,,1.0,0.8374590930341281,1.0,0.2413793103448276,Gefitinib,0.0,0.7586206896551724,0.4933560770625926,0.20418330196144246,0.7,0.9396551724137931,0.20418330196144246,0.584298637859457,0.9396551724137931,0.7354718704523506,0.26452812954764937,-0.12125674772915257,7.484637082190886,-2.137741882214627,-0.5,0.2775862068965517,5.124481406872811,0.0,0.0,0.0,0.5443398380654383,0.0,0.6943398380654383,0.2,low,agents_strongly_disagree,4.430141568807373,False,fail,True,very_low_qed,0.641,0.027,0.039,0.5005,0.5615,0.375,0.4345,0.847,0.39980000000000004,0.42974999999999997,5.604241406872811,846,1.5,0.6458415688073726,2,955,109,0,reject
C=CC(=O)Nc1cc(Nc2nccc(Nc3cn(C)c4ccccc34)n2)c(OC)cc1N(C)CCN(C)Cc1ccc(Br)cc1,7.089941435294219,0.013705312596817319,0.11635150620884259,669.6280000000003,6.919300000000006,99.57999999999998,3,8,5,13,0.20588235294117646,2,0.95,5.430853333333335,False,,0,,0,,1,acrylamide_like,1.0,0.8682256484298458,1.0,0.2980769230769231,Osimertinib,0.0,0.7019230769230769,0.38789164000578263,0.20511435405588901,0.92,0.9254807692307692,0.20511435405588901,0.6096216908231102,0.9254807692307692,0.7203664151748801,0.2796335848251199,-0.29564006775643675,7.069383466398993,-2.12768825849704,-0.0,0.26057692307692304,5.202272130978876,0.0,0.0,0.0,0.5254580189686001,0.1,0.7754580189686001,0.2,low,agents_strongly_disagree,4.426814112010276,False,fail,True,very_low_qed,0.485,0.024,0.061,0.5005,0.5615,0.402,0.4345,0.609,0.3323,0.37549999999999994,5.601032130978877,847,1.5,0.5774141120102758,2,956,109,0,reject
Cn1ccc2c([C@H](Nc3cc(Cl)c4ncc(C#N)c(NCC(C)(C)C)c4c3)C3=CN(C4(C(F)(F)F)CC4)NN3)ccnc21,8.079461422798442,0.009474847035225583,0.1877129881019266,610.0880000000001,6.518880000000006,105.86,4,8,6,7,0.36666666666666664,2,0.95,4.98392,True,dyes5A(27),1,hydrazine,1,hydrazine,0,,1.0,0.8682324204718526,1.0,0.15702479338842976,Gefitinib,0.0,0.8429752066115702,0.6382329627749526,0.2615529126868289,0.45,0.9607438016528925,0.2615529126868289,0.5776324192786685,0.9607438016528925,0.6991908889660636,0.30080911103393637,0.08080072466171206,8.065249152245604,-1.973208345231407,-0.9000000000000001,0.302892561983471,5.494933368997668,0.0,0.0,0.0,0.49898861120757954,0.0,0.8364886112075796,0.45,medium,unsafe_structure_can_game_single_score;agents_strongly_disagree,4.658444757790088,False,fail,True,very_low_qed,0.809,0.1185,0.114,0.5005,0.5615,0.447,0.043,0.806,0.50495,0.4673750000000001,6.100873368997668,763,1.5,0.5442947577900883,2,957,194,0,reject
CCOc1cc2ncc(C#N)c(Nc3ccc(OCc4ccccc4)c(Cl)c3)c2cc1NC(=O)/C=C/CN1CCSCC1,6.694462147631855,0.0126784223375783,0.17406056946208787,614.1709999999999,7.024680000000005,99.51,2,8,5,11,0.24242424242424243,2,0.95,4.861139999999999,False,,0,,0,,1,acrylamide_like,1.0,0.9091038885482019,1.0,0.3173076923076923,Osimertinib,0.0,0.6826923076923077,0.2897406412716589,0.25876639012722535,0.92,0.9206730769230769,0.25876639012722535,0.5972950270804902,0.9206730769230769,0.6619066867958515,0.3380933132041485,-0.41007251441177517,6.675444514125488,-1.980868006295488,-0.0,0.2548076923076923,4.949384200137692,0.0,0.0,0.0,0.4523833584948144,0.1,0.7023833584948145,0.2,low,agents_strongly_disagree,4.247000841642878,False,fail,True,very_low_qed,0.387,0.087,0.133,0.5005,0.5615,0.52,0.4345,0.654,0.3116,0.3768,5.3233042001376925,891,1.5,0.39916084164287824,2,958,67,0,reject
CCOc1cc2ncc(C#N)c(Nc3ccc(OCc4cccc(C)c4)c(Cl)c3)c2cc1NC(=O)/C=C/CN(C)C,6.610117583772724,0.021048133536611304,0.19058372494545966,570.0930000000001,6.845900000000005,99.51,2,7,4,11,0.21875,2,0.95,4.367286666666667,False,,0,,0,,1,acrylamide_like,1.0,0.904231132358909,1.0,0.32673267326732675,Osimertinib,0.0,0.6732673267326732,0.2627957024675531,0.2868484846174387,0.92,0.9183168316831682,0.2627957024675531,0.59699025469204,0.92,0.6572042975324469,0.3427957024675531,-0.44559273629931584,6.578545383467807,-1.8926342750545402,-0.0,0.2519801980198019,4.937891306433069,0.0,0.0,0.0,0.44650537191555867,0.1,0.6965053719155587,0.2,low,agents_strongly_disagree,4.24138593451751,False,fail,True,very_low_qed,0.367,0.122,0.267,0.5005,0.5615,0.533,0.4345,0.35,0.3297,0.37555,5.333531306433069,888,1.5,0.39204593451751,2,959,71,0,reject
COc1cc2c(Nc3ccc(NC(=O)Nc4cccc(Cl)c4)cc3)ncnc2cc1OCc1ccccc1,6.590398778168864,0.01915520935443956,0.19713318256755083,525.9960000000003,7.258400000000004,97.4,3,6,5,8,0.06896551724137931,2,0.95,3.9733066666666685,False,,0,,0,,0,,1.0,0.7897984025902607,1.0,0.44871794871794873,Osimertinib,0.0,0.5512820512820513,0.2591910479941083,0.3056037632326657,1.0,0.8878205128205128,0.2591910479941083,0.6131538310118216,1.0,0.7408089520058917,0.2591910479941083,-0.4719503773569511,6.561665964137204,-1.8419662657083113,-0.0,0.21538461538461534,4.935084313813508,0.0,0.0,0.0,0.5510111900073646,0.0,0.7010111900073647,0.2,low,agents_strongly_disagree,4.2340731238061435,False,fail,True,very_low_qed,0.356,0.137,0.366,0.5005,0.5615,0.365,0.4345,0.403,0.3426,0.37024999999999997,5.346204313813509,882,1.5,0.37837312380614385,2,960,78,0,reject
NS(=O)(=O)c1ccc(-n2c(SCC(=O)Nc3cc(Cl)c(Cl)cc3Cl)nc3cc4ccccc4cc3c2=O)cc1,6.728167268090305,0.028236713889364082,0.10592589490314135,619.9390000000002,5.877300000000004,124.15,2,6,5,6,0.038461538461538464,2,0.95,4.3995933333333355,False,,0,,0,,0,,1.0,0.7818415576739695,1.0,0.17346938775510204,Osimertinib,0.0,0.826530612244898,0.2872761173000213,0.23904411399159944,1.0,0.9566326530612245,0.23904411399159944,0.6207382210882113,1.0,0.7609558860084006,0.23904411399159942,-0.44461613838425346,6.685812197256259,-2.000166951250705,-0.0,0.29795918367346935,4.983604429679023,0.0,0.0,0.0,0.5761948575105007,0.0,0.7261948575105007,0.2,low,agents_strongly_disagree,4.257409572168522,False,fail,True,very_low_qed,0.397,0.02,0.257,0.5005,0.5615,0.33,0.4345,0.205,0.32130000000000003,0.3407,5.369164429679023,878,1.5,0.36624957216852216,2,961,83,0,reject
COCCCCNC/C=C/C(=O)N1CCOc2c1ccc1ncnc(Nc3ccc(Oc4ccccc4F)cc3)c21,6.6606896365214965,0.02169751105850321,0.17159833996197105,557.6260000000002,5.602600000000005,97.84,2,8,5,12,0.25806451612903225,2,0.95,4.584173333333335,False,,0,,0,,1,acrylamide_like,1.0,0.6834116101965995,0.9698392912665443,0.28440366972477066,Dacomitinib,0.0,0.7155963302752293,0.2749841513894219,0.26806472800472503,0.92,0.9062785510187155,0.26806472800472503,0.5923318576032156,0.92,0.651935271995275,0.348064728004725,-0.42313027495172495,6.628143369933742,-1.9402212084251258,-0.0,0.2571387218992049,4.945060883407821,0.0,0.0,0.0,0.4399190899940938,0.1,0.6899190899940938,0.2,low,agents_strongly_disagree,4.255141793413728,False,fail,True,very_low_qed,0.38,0.079,0.215,0.5005,0.103,0.546,0.4345,0.335,0.31915000000000004,0.32249999999999995,5.328040883407821,890,1.5,0.3421417934137274,2,962,72,0,reject
CCCCCCC(=O)ON[C@H](CS(C)(=O)=O)c1ccc(-c2ccc3ncnc(Nc4ccc(OCc5cccc(F)c5)c(Cl)c4)c3c2)o1,7.075298877689525,0.009091111000362048,0.07708649442672358,695.2130000000003,8.108800000000008,132.65,2,10,5,16,0.2857142857142857,2,0.95,6.251420000000001,False,,0,,0,,0,,1.0,0.8732649837570412,1.0,0.3055555555555556,Osimertinib,0.0,0.6944444444444444,0.38746094172212775,0.15195834116546716,1.0,0.9236111111111112,0.15195834116546716,0.6157575984996765,1.0,0.8480416588345329,0.15195834116546714,-0.30439554237006516,7.061662211188982,-2.282055077001848,-0.0,0.2583333333333333,5.0379404675204675,0.0,0.0,0.0,0.6850520735431662,0.0,0.8350520735431662,0.2,low,agents_strongly_disagree,4.202888393977301,False,fail,True,very_low_qed,0.48,0.014,0.021,0.5005,0.5615,0.242,0.4345,0.825,0.32204999999999995,0.36329999999999996,5.424400467520467,872,1.5,0.33884839397730104,2,963,91,0,reject
COc1cc2c(Nc3ccc(NC(=O)C(c4cc(F)ccc4F)N4Cc5ccccc5C4=O)cc3F)ncnc2cc1OCC1CCN(C)CC1,6.9907477491639085,0.039097330489603,0.16325970130190393,696.7299999999998,6.855700000000007,108.92,2,8,7,10,0.2631578947368421,2,0.95,6.061533333333331,False,,0,,0,,0,,1.0,0.868010752688172,1.0,0.3904761904761905,Gefitinib,0.0,0.6095238095238096,0.34531880594825504,0.2066569382801498,1.0,0.9023809523809524,0.2066569382801498,0.6135891741523393,1.0,0.7933430617198503,0.20665693828014975,-0.35769382427211227,6.932101753429504,-2.1696545092244115,-0.0,0.23285714285714282,4.995304387062236,0.0,0.0,0.0,0.6166788271498128,0.0,0.7666788271498128,0.2,low,agents_strongly_disagree,4.228625559912423,False,fail,True,very_low_qed,0.458,0.067,0.027,0.5005,0.5615,0.297,0.4345,0.086,0.32365,0.3338,5.383684387062235,874,1.5,0.32918555991242293,2,964,90,0,reject
C=CC(=O)Nc1cc(Nc2ncnc(-c3c(-c4ccccc4)n(C)c4ccccc34)n2)c(OC)cc1N(C)CCN(C)C,6.503445515846606,0.029786852156038168,0.19693456837609805,576.705,5.571800000000005,100.44,2,8,5,11,0.21212121212121213,2,0.95,4.611366666666667,False,,0,,0,,1,acrylamide_like,1.0,0.8111476192000536,1.0,0.3163265306122449,Osimertinib,0.0,0.6836734693877551,0.23001058245242467,0.28095375619659746,0.92,0.9209183673469388,0.23001058245242467,0.5879706764989903,0.9209183673469388,0.6909077848945141,0.3090922151054859,-0.47728012539542064,6.458765237612548,-1.9235583104117808,-0.0,0.25510204081632654,4.790308968017094,0.0,0.0,0.0,0.48863473111814265,0.1,0.7386347311181427,0.2,low,agents_strongly_disagree,4.0516742368989505,False,fail,True,very_low_qed,0.336,0.136,0.207,0.5005,0.5615,0.466,0.4345,0.189,0.30955,0.3476,5.1617689680170935,905,1.5,0.16879423689895034,2,965,60,0,reject
COc1cc2c(Oc3ccc(NS(=O)(=O)c4cccc(-c5cnn(C)c5)c4)cc3F)ccnc2cc1OCCCN1CCN(C)CC1,6.612415351818518,0.023653386838185856,0.1761750793558875,660.7719999999996,5.392400000000005,111.04999999999998,1,9,6,12,0.29411764705882354,2,0.95,5.471813333333331,False,,0,,0,,0,,1.0,0.8749426032466305,1.0,0.43157894736842106,Gefitinib,0.0,0.5684210526315789,0.26154646716789937,0.23644193467137928,1.0,0.8921052631578947,0.23644193467137928,0.5975234162492933,1.0,0.7635580653286207,0.2364419346713793,-0.4479692654418586,6.576935271561239,-2.06518515593823,-0.0,0.22052631578947363,4.732276431412482,0.0,0.0,0.0,0.5794475816607759,0.0,0.729447581660776,0.2,low,agents_strongly_disagree,4.002828849751706,False,fail,True,very_low_qed,0.368,0.093,0.057,0.5005,0.5615,0.324,0.4345,0.284,0.29285,0.3263,5.083696431412482,910,1.5,0.0943888497517067,2,966,56,0,reject
O=C(CCl)OCCn1c(=O)oc2cc3ncnc(Nc4ccc(Oc5cccc(C(F)(F)F)c5)c(Cl)c4)c3cc21,6.450511727178522,0.012855975616427387,0.15996481408489008,593.3450000000001,6.527800000000004,108.48,1,8,5,8,0.15384615384615385,2,0.95,4.422300000000001,False,,1,alkyl_halide,0,,0,,1.0,0.7815877701493334,1.0,0.3300970873786408,Dacomitinib,0.0,0.6699029126213591,0.22862874886313142,0.26789218620822797,0.88,0.9174757281553398,0.22862874886313142,0.5734991658066748,0.9174757281553398,0.6888469792922084,0.3111530207077916,-0.4598272225913913,6.431227763753881,-1.9379955705304945,-0.2,0.25097087378640776,4.544203067009794,0.0,0.0,0.0,0.4860587241152605,0.0,0.6360587241152605,0.2,low,agents_strongly_disagree,3.9081443428945333,False,fail,True,very_low_qed,0.326,0.06,0.251,0.5005,0.5615,0.469,0.4345,0.647,0.29645,0.3608,4.899943067009794,928,1.5,0.04110434289453391,2,967,39,0,reject
C=CC(=O)NCCOc1cc(Cc2ccccc2)cc2[nH]c(-c3n[nH]c4cc(C(F)F)ccc34)cc12,5.880311181256544,0.03610698825374375,0.17865165135684796,486.52200000000016,5.920600000000004,82.79999999999998,3,3,5,9,0.14285714285714285,1,0.45,3.8101466666666677,False,,0,,0,,1,acrylamide_like,1.0,0.5364994070257227,0.7027261945922231,0.19801980198019803,Osimertinib,0.0,0.801980198019802,0.06980290353651533,0.3517143056821638,0.92,0.7275396954491178,0.06980290353651533,0.5172642261669492,0.92,0.8501970964634847,0.14980290353651526,-0.5966150968405786,5.826150698875928,-1.078584634357438,-0.0,0.21627560805399632,4.963841672572486,0.0,0.0,0.0,0.6877463705793561,0.1,0.9377463705793561,0.2,low,agents_strongly_disagree,4.02609530199313,False,fail,True,very_low_qed,0.212,0.102,0.425,0.5005,0.039,0.24,0.4345,0.113,0.27964999999999995,0.24844999999999995,5.299421672572486,895,1.5,0.024235301993130065,2,968,73,0,reject
CC(C)CCCC(=O)Nc1cccc(-c2c(-c3ccccc3)oc3ncnc(N[C@H](CO)c4ccccc4)c23)c1,6.409103468199177,0.040233184965464436,0.16253821028496512,534.6600000000002,7.467100000000008,100.28000000000002,3,6,5,11,0.24242424242424243,2,0.95,4.681066666666668,False,,0,,0,,0,,1.0,0.8455555642464768,1.0,0.18811881188118812,Osimertinib,0.0,0.8118811881188119,0.1991126375739692,0.25935499001570517,1.0,0.9529702970297029,0.1991126375739692,0.6028594811548443,1.0,0.8008873624260309,0.19911263757396913,-0.5383291247745001,6.34875369075098,-1.9653793654726108,-0.0,0.29356435643564355,4.676938681714013,0.0,0.0,0.0,0.6261092030325386,0.0,0.7761092030325386,0.2,low,agents_strongly_disagree,3.9008294786814743,False,fail,True,very_low_qed,0.318,0.066,0.186,0.5005,0.5615,0.288,0.4345,0.074,0.2843,0.30605,5.018098681714013,916,1.5,-0.03191052131852512,2,969,53,0,reject
N#Cc1cnc2c(Cl)cc(N[C@H](C3=CN(C4CCN(C5COC5)CC4)NN3)c3cocn3)cc2c1Nc1ccc(Cl)c(Cl)c1F,7.210323441041813,0.02479979892945847,0.16206719538824657,670.9640000000002,6.1199800000000035,126.54,4,11,7,8,0.3,3,1.15,5.689760000000001,False,,1,hydrazine,1,hydrazine,0,,1.0,0.7431782673515854,1.0,0.18333333333333332,Dacomitinib,0.0,0.8166666666666667,0.4102210010098322,0.1703000343866125,0.7,0.9541666666666666,0.1703000343866125,0.5586719255157778,0.9541666666666666,0.783866632280054,0.21613336771994596,-0.19793456600792753,7.173123742647625,-2.561396804611754,-0.5,0.295,4.40672693803587,0.0,0.0,0.0,0.6048332903500676,0.0,0.7548332903500676,0.2,low,agents_strongly_disagree,3.6518936476858026,False,fail,True,very_low_qed;too_many_lipinski_violations,0.542,0.065,0.04,0.5005,0.5615,0.304,0.4345,0.26,0.363,0.36939999999999995,4.84232693803587,939,1.5,-0.2048263523141971,2,970,31,0,reject
Cn1cc(-c2ccnc(Nc3ccc(OCCCCn4ccnc4[N+](=O)[O-])cc3)n2)c2ccccc21,5.859569018611711,0.009049298162279692,0.1619543978699811,483.5320000000001,5.342800000000004,112.92999999999999,1,7,5,10,0.19230769230769232,1,0.45,3.890213333333334,False,,1,nitroso,1,nitroso,0,,1.0,0.823397201390159,1.0,0.1827956989247312,Afatinib,0.0,0.8172043010752688,0.08355774593933193,0.33945132908489983,0.7,0.9543010752688172,0.08355774593933193,0.5193275375732622,0.9543010752688172,0.8707433293294853,0.12925667067051472,-0.5810263888452404,5.845995071368291,-1.1023468328992498,-0.5,0.2951612903225806,4.538809528791622,0.0,0.0,0.0,0.7134291616618565,0.0,0.8634291616618566,0.2,low,agents_strongly_disagree,3.6753803671297653,False,fail,True,very_low_qed,0.203,0.064,0.393,0.5005,0.5615,0.221,0.4345,0.826,0.2632,0.32285,4.854649528791621,935,1.5,-0.23719963287023482,2,971,36,0,reject
Cc1ccc(OCCOCCn2ccnc2[N+](=O)[O-])cc1Nc1nccc(-c2cn(C)c3ccccc23)n1,5.876346563124261,0.005986332420966624,0.15052408545202534,513.5580000000002,4.887620000000004,122.16000000000001,1,8,5,11,0.2222222222222222,1,0.5,4.190386666666669,False,,1,nitroso,1,nitroso,0,,1.0,0.845929246192404,1.0,0.20618556701030927,Afatinib,0.0,0.7938144329896908,0.08989620808638857,0.32161952904989594,0.7,0.9484536082474226,0.08989620808638857,0.5149923363459268,0.9484536082474226,0.8585574001610341,0.1414425998389659,-0.5667948376793843,5.867367064492811,-1.205811692325753,-0.5,0.28814432989690725,4.449699702063965,0.0,0.0,0.0,0.6981967502012926,0.0,0.8481967502012926,0.2,low,agents_strongly_disagree,3.601502951862672,False,fail,True,very_low_qed,0.21,0.046,0.307,0.5005,0.5615,0.232,0.4345,0.926,0.24985,0.31975000000000003,4.7495197020639655,947,1.5,-0.31479704813732745,2,972,25,0,reject
Fc1cccc(COc2ccc(Nc3ncnc4ccc(NC(=S)NCCN5CCCCC5)cc34)cc2Cl)c1,6.041207250618008,0.010474780426006398,0.198485639303042,565.1180000000004,6.517200000000004,74.33999999999999,3,6,5,9,0.27586206896551724,2,0.95,4.334120000000003,False,,1,thiourea,0,,0,,1.0,0.848446726572529,1.0,0.391304347826087,Gefitinib,0.0,0.6086956521739131,0.12796946635629755,0.2924701785397499,0.88,0.9021739130434783,0.12796946635629755,0.5506533894848815,0.9021739130434783,0.7742044466871807,0.2257955533128193,-0.5635785641714451,6.025495079978999,-1.8740461538004065,-0.2,0.2326086956521739,4.184057621830766,0.0,0.0,0.0,0.5927555583589759,0.0,0.7427555583589759,0.2,low,agents_strongly_disagree,3.44130206347179,False,fail,True,very_low_qed,0.243,0.141,0.275,0.5005,0.5615,0.311,0.4345,0.757,0.27890000000000004,0.34014999999999995,4.518737621830765,959,1.5,-0.45051793652821015,2,973,14,0,reject
C#Cc1cccc(Nc2ncnc3cc(OCCOC)c(OCCOC(=O)CCCCC[N+]4=C(/C=C/C=C/C=C/C=C5/N(CCCC)c6ccccc6C5(C)C)C(C)(C)c5cc(C(F)(F)F)ccc54)cc23)c1,6.932530866216835,0.030635133997757642,0.022554557735907487,981.193,13.107899999999978,98.05000000000001,1,9,7,23,0.3559322033898305,2,0.95,8.907953333333333,False,,0,,0,,0,,1.0,0.6357514721919302,0.8831844948944184,0.2773722627737226,Erlotinib,0.0,0.7226277372262774,0.3366881227557784,0.11240500675474913,1.0,0.8430453054773832,0.11240500675474913,0.5730346087469778,1.0,0.8875949932452509,0.11240500675474907,-0.3151286479882657,6.8865781652201985,-2.7280452219251092,-0.0,0.23758444489148783,4.396117388186577,0.0,0.0,0.0,0.7344937415565636,0.0,0.8844937415565636,0.2,low,agents_strongly_disagree,3.5116236466300137,False,fail,True,very_low_qed;poor_synthetic_accessibility,0.437,0.002,0.011,0.5005,0.077,0.199,0.4345,0.177,0.2988,0.26245,4.754677388186577,946,1.5,-0.47343635336998613,2,974,28,0,reject
COc1cc(N2CCC(CCS(C)(=O)=O)CC2)c(C)cc1Nc1nccc(-c2c(-c3cccc(C(=O)Nc4c(F)cccc4F)c3)nc3ccccn23)n1,6.188424312204043,0.030727187724780877,0.13680743986395133,751.8600000000001,7.700520000000008,130.82,2,9,7,11,0.25,2,0.95,6.179066666666667,False,,0,,0,,0,,1.0,0.7991174178931006,1.0,0.272,Lazertinib,0.0,0.728,0.15059704664366425,0.18758768166876294,1.0,0.9319999999999999,0.15059704664366425,0.5675461820781068,1.0,0.8494029533563358,0.15059704664366425,-0.5559321805792568,6.142333530616872,-2.2150525601360487,-0.0,0.26839999999999997,4.195680970480823,0.0,0.0,0.0,0.6867536916954198,0.0,0.8367536916954198,0.2,low,agents_strongly_disagree,3.358927278785403,False,fail,True,very_low_qed,0.28,0.032,0.023,0.5005,0.5615,0.241,0.4345,0.174,0.23595000000000002,0.27355,4.4788209704808235,963,1.5,-0.6128127212145964,2,975,12,0,reject
C#Cc1cccc(Nc2ncnc3cc(OCCOC(=O)CC4=C(C)/C(=C/c5ccc([S+](C)[O-])cc5)c5ccc(F)cc54)c(OCCOC(=O)CC4=C(C)/C(=C/c5ccc([S+](C)[O-])cc5)c5ccc(F)cc54)cc23)c1,7.53554868212464,0.00984844538845027,0.03778067243321741,1042.195,11.787699999999985,154.99,1,11,9,18,0.16666666666666666,3,1.4,9.914633333333333,False,,0,,0,,0,,1.0,0.6928454681453458,0.9869917602642649,0.3063063063063063,Erlotinib,0.0,0.6936936936936937,0.5019932587592447,0.07077936983826957,1.0,0.9136672436216221,0.07077936983826957,0.6216099680547841,1.0,0.9292206301617304,0.0707793698382696,-0.1594889457273858,7.520776014041965,-3.582747660900116,-0.0,0.25485604817417434,4.192884401316023,0.0,0.0,0.0,0.7865257877021631,0.0,0.9365257877021631,0.2,low,agents_strongly_disagree,3.2563586136138603,False,fail,True,very_low_qed;poor_synthetic_accessibility;too_many_lipinski_violations,0.658,0.003,0.008,0.5005,0.111,0.159,0.4345,0.789,0.398,0.3586,4.670484401316023,952,1.5,-0.61332138638614,2,976,24,0,reject
COc1cc2c(Oc3ccc(NS(=O)(=O)c4ccc(-c5ccsc5)cc4)cc3F)ccnc2cc1OCCCN1CCN(C)CC1,6.055502281798948,0.014635604383559295,0.14733438286498238,662.8089999999995,6.720400000000008,93.22999999999999,1,9,6,12,0.2647058823529412,2,0.95,5.48539333333333,False,,0,,0,,0,,1.0,0.8516896855715546,1.0,0.44565217391304346,Gefitinib,0.0,0.5543478260869565,0.12863064738124558,0.22005724390907377,1.0,0.8885869565217391,0.12863064738124558,0.5593187119530146,1.0,0.8713693526187545,0.12863064738124552,-0.5742507527623586,6.03354887522361,-2.0990040288997234,-0.0,0.21630434782608693,4.150849194149973,0.0,0.0,0.0,0.714211690773443,0.0,0.8642116907734431,0.2,low,agents_strongly_disagree,3.2866375033765305,False,fail,True,very_low_qed,0.248,0.043,0.055,0.5005,0.5615,0.219,0.4345,0.557,0.22855,0.28575,4.425109194149973,965,1.5,-0.6704624966234691,2,977,12,0,reject
O=C(Nc1cc2c(Nc3ccc(OCc4ccccn4)c(Cl)c3)ncnc2cc1OCCCN1CCOCC1)c1cc([N+](=O)[O-])ccc1F,7.1215031200169765,0.020166158940521532,0.08026540186628744,688.1160000000001,6.401500000000006,153.87,2,11,6,13,0.23529411764705882,3,1.4,5.754106666666668,False,,1,nitroso,1,nitroso,0,,1.0,0.8548826600341657,1.0,0.5360824742268041,Dacomitinib,0.0,0.4639175257731959,0.391259468745879,0.12283417615466317,0.7,0.865979381443299,0.12283417615466317,0.5200182565859603,0.865979381443299,0.7431452052886358,0.2568547947113642,-0.17167838378677502,7.091253881606194,-2.9093211863690067,-0.5,0.18917525773195876,3.8711079529691466,0.0,0.0,0.0,0.5539315066107948,0.0,0.7039315066107948,0.2,low,agents_strongly_disagree,3.1671764463583516,False,fail,True,very_low_qed;too_many_lipinski_violations,0.5,0.015,0.036,0.5005,0.5615,0.362,0.4345,0.369,0.3335,0.36015,4.2713079529691464,972,1.5,-0.7006435536416484,2,978,6,0,reject
CC(=O)N1N=C(c2ccc(I)cc2)CC1c1ccc(C(=O)OCCn2c([N+](=O)[O-])cnc2C)cc1,5.609830610838642,0.017114093127448625,0.1764650882482635,587.3740000000003,4.258920000000003,119.92999999999999,0,7,4,7,0.25,1,0.5,4.432493333333335,False,,1,nitroso,1,nitroso,0,,1.0,0.8957252466203872,1.0,0.1092436974789916,Lazertinib,0.0,0.8907563025210083,0.015477787520446571,0.3265752857160321,0.7,0.9726890756302521,0.015477787520446571,0.5036855372166827,0.9726890756302521,0.9572112881098055,0.04278871189019451,-0.6509436662616481,5.584159471147469,-1.2134089117517368,-0.5,0.31722689075630245,4.187977450152035,0.0,0.0,0.0,0.821514110137257,0.0,0.971514110137257,0.2,low,agents_strongly_disagree,3.2164633400147777,False,fail,True,very_low_qed,0.148,0.095,0.249,0.5005,0.5615,0.11,0.4345,0.468,0.22305,0.26760000000000006,4.455637450152035,964,1.5,-0.762416659985222,2,979,15,0,reject
C#Cc1cccc(Nc2ncnc3cc(OCCOC(=O)Cc4c(C)n(C(=O)c5ccc(Cl)cc5)c5ccc(OC)cc45)c(OCCOC(=O)Cc4c(C)n(C(=O)c5ccc(Cl)cc5)c5ccc(OC)cc45)cc23)c1,7.330431658313633,0.039045016222859906,0.04894009927240946,1044.9449999999997,10.911339999999988,171.33,1,13,9,18,0.1724137931034483,3,1.4,9.232966666666664,False,,0,,0,,0,,1.0,0.7268939266867089,1.0,0.36792452830188677,Erlotinib,0.0,0.6320754716981132,0.4302764032224063,0.0769170545998252,1.0,0.9080188679245282,0.0769170545998252,0.6038030814366899,1.0,0.9230829454001748,0.07691705459982523,-0.2313689042857115,7.271864133979343,-3.4687635214172454,-0.0,0.23962264150943396,4.042723254071531,0.0,0.0,0.0,0.7788536817502184,0.0,0.9288536817502184,0.2,low,agents_strongly_disagree,3.1138695723213132,False,fail,True,very_low_qed;poor_synthetic_accessibility;too_many_lipinski_violations,0.579,0.009,0.01,0.5005,0.5615,0.165,0.4345,0.088,0.36395,0.3466,4.479463254071532,961,1.5,-0.7702104276786867,2,980,19,0,reject
COc1cc2c(Oc3ccc(NS(=O)(=O)c4cccc(-c5cnn(C)c5)c4)cc3F)ccnc2cc1OCCCN1CCOCC1,5.965404293439745,0.02720372361358962,0.17587412612776168,647.7289999999997,5.477200000000005,117.03999999999999,1,9,6,12,0.2727272727272727,2,0.95,5.384859999999999,False,,0,,0,,0,,1.0,0.841233192095261,1.0,0.44329896907216493,Dacomitinib,0.0,0.5567010309278351,0.09730846683042349,0.23962076937026897,1.0,0.8891752577319587,0.09730846683042349,0.5565261234831628,1.0,0.9026915331695765,0.09730846683042349,-0.612290208870319,5.92459870801936,-2.054582146599511,-0.0,0.21701030927835047,4.0870268706982,0.0,0.0,0.0,0.7533644164619707,0.0,0.9033644164619707,0.2,low,agents_strongly_disagree,3.183662454236229,False,fail,True,very_low_qed,0.229,0.091,0.065,0.5005,0.5615,0.192,0.4345,0.225,0.2311,0.26894999999999997,4.364346870698199,967,1.5,-0.7935975457637712,2,981,14,0,reject
C=CCn1c(SCC(=O)Nc2ccc(C(=O)/C=C/c3ccc(Cl)cc3)cc2)nnc1-c1cc(-c2ccccc2)nc2ccccc12,6.065613721394945,0.027559434919517668,0.06591965398413603,642.1840000000001,8.626600000000002,89.77,1,6,6,11,0.05405405405405406,2,0.95,5.247893333333334,False,,0,,0,,0,,1.0,0.4782151335493344,0.5967547882715171,0.19607843137254902,Sunvozertinib,0.0,0.803921568627451,0.12211182590507377,0.18441375840922353,1.0,0.6485464833605006,0.12211182590507377,0.4887680169186995,1.0,0.8778881740949263,0.12211182590507375,-0.488874921351501,6.0242745690156685,-2.1658589406104585,-0.0,0.19036516765611455,4.048780796061324,0.0,0.0,0.0,0.7223602176186578,0.0,0.8723602176186578,0.2,low,agents_strongly_disagree,3.1764205784426665,False,fail,True,very_low_qed,0.25,0.012,0.079,0.5005,0.022,0.21,0.4345,0.218,0.22685,0.21229999999999996,4.321000796061324,970,1.5,-0.8688194215573333,2,982,12,0,reject
CN1CCN(Cc2ccc(C(=O)Nc3ccc(-c4cncc(C#N)c4Nc4ccc(OCc5cccc(F)c5)c(Cl)c4)cc3)cc2)CC1,5.860575233223915,0.027798037743082347,0.15832560219483224,661.181,7.735080000000007,93.52,2,7,6,10,0.18421052631578946,2,0.95,5.27454,False,,0,,0,,0,,1.0,0.7629333014582835,1.0,0.3018867924528302,Gefitinib,0.0,0.6981132075471699,0.07068518188582104,0.23421215813023466,1.0,0.9245283018867925,0.07068518188582104,0.557356410475712,1.0,0.9293148181141789,0.07068518188582107,-0.648894971453188,5.818878176609291,-2.0644343451735887,-0.0,0.25943396226415094,4.013877793699853,0.0,0.0,0.0,0.7866435226427237,0.0,0.9366435226427238,0.2,low,agents_strongly_disagree,3.0772342710571294,False,fail,True,very_low_qed,0.205,0.055,0.074,0.5005,0.5615,0.157,0.4345,0.212,0.21444999999999997,0.2531,4.271217793699853,973,1.5,-0.9190457289428702,2,983,10,0,reject
CCCCCCCCCCCCCCCCCCCCOC(=O)COc1cc(O)c2c(=O)cc(-c3ccccc3)oc2c1,5.7210068652380865,0.008045584297058896,0.08707497952268763,592.8170000000003,10.129299999999994,85.97000000000001,1,6,3,23,0.5675675675675675,2,0.95,5.518780000000003,False,,0,,0,,0,,1.0,1.0,1.0,0.16666666666666666,Afatinib,0.0,0.8333333333333334,0.04961980730158041,0.18563046950670883,1.0,0.9583333333333334,0.04961980730158041,0.5483959025354057,1.0,0.9503801926984196,0.04961980730158044,-0.6650347936451003,5.708938488792498,-2.1339852637205556,-0.0,0.3,3.874953225071942,0.0,0.0,0.0,0.8129752408730245,0.0,0.9629752408730246,0.2,low,agents_strongly_disagree,2.9119779841989173,False,fail,True,very_low_qed,0.171,0.016,0.052,0.5005,0.5615,0.128,0.4345,0.867,0.18805,0.26470000000000005,4.1006132250719425,977,1.5,-1.0703820158010826,2,984,7,0,reject
O=C(OCc1ccccc1)N1CCC(n2cc(C(Nc3cc(Cl)c4ncnc(Nc5ccc(F)c(Cl)c5)c4c3)c3ccccc3)nn2)CC1,5.770903446123311,0.03243641114726999,0.15469895781009224,697.6019999999999,8.586000000000002,110.09,2,8,7,9,0.19444444444444445,2,0.95,5.967346666666666,False,,0,,0,,0,,1.0,0.7779738037957765,1.0,0.32989690721649484,Sunvozertinib,0.0,0.6701030927835052,0.04502037372773883,0.20557109346221747,1.0,0.9175257731958764,0.04502037372773883,0.5420293100964582,1.0,0.9549796262722612,0.045020373727738816,-0.6626785818249592,5.722248829402407,-2.170958597745463,-0.0,0.25103092783505154,3.8023211594919952,0.0,0.0,0.0,0.8187245328403264,0.0,0.9687245328403264,0.2,low,agents_strongly_disagree,2.833596626651669,False,fail,True,very_low_qed,0.18,0.05,0.03,0.5005,0.5615,0.113,0.4345,0.152,0.1956,0.23305000000000003,4.037041159491995,979,1.5,-1.1867433733483308,2,985,6,0,reject
Cn1cc(-c2ccnc(Nc3ccc(Cl)c(OCCOCCn4ccnc4[N+](=O)[O-])c3)n2)c2ccccc21,5.705320466447998,0.014014560277048626,0.13898255472376328,533.9760000000003,5.232600000000004,122.16000000000001,1,8,5,11,0.19230769230769232,2,0.95,4.326506666666669,False,,1,nitroso,1,nitroso,0,,1.0,0.8718829693513237,1.0,0.22727272727272727,Erlotinib,0.0,0.7727272727272727,0.04151992441806545,0.26003630253396715,0.7,0.9431818181818181,0.04151992441806545,0.4861845112834627,0.9431818181818181,0.9016618937637527,0.09833810623624728,-0.5928861158205296,5.684298626032425,-1.9407626760454677,-0.5,0.2818181818181818,3.525354131805139,0.0,0.0,0.0,0.752077367204691,0.0,0.902077367204691,0.2,low,agents_strongly_disagree,2.623276764600448,False,fail,True,very_low_qed,0.167,0.034,0.278,0.5005,0.5615,0.193,0.4345,0.589,0.22375,0.2814,3.793854131805139,984,1.5,-1.3390432353995516,2,986,2,0,reject
CO[C@H]1[C@@H](N(C)C(=O)c2ccc(C(=O)O)cc2)C[C@@H]2O[C@@]1(C)n1c3ccccc3c3c4c(c5c6ccccc6n2c5c31)C(=O)NC4,5.631411812458834,0.02796820418225994,0.2670890509653984,614.658,5.605000000000006,115.03,2,5,9,4,0.25,2,0.95,7.364386666666666,False,,0,,0,,0,,1.0,0.929116829116829,1.0,0.13821138211382114,Lazertinib,0.0,0.8617886178861789,0.013275210187126636,0.24689897803096916,1.0,0.9654471544715447,0.013275210187126636,0.5564053356724101,1.0,0.9867247898128734,0.01327521018712663,-0.7241735006470447,5.589459506185444,-2.2625689490346015,-0.0,0.30853658536585366,3.6354271425166966,0.0,0.0,0.0,0.8584059872660919,0.0,1.0084059872660918,0.2,low,agents_strongly_disagree,2.627021155250605,False,fail,True,poor_synthetic_accessibility,0.153,0.282,0.014,0.5005,0.5615,0.06,0.4345,0.209,0.22744999999999999,0.25570000000000004,3.9083671425166964,981,1.5,-1.3661388447493952,2,987,6,0,reject
CN(C)c1cccc2c(S(=O)(=O)NCCN/N=N/c3ccc4ncnc(Nc5cccc(Cl)c5)c4c3)cccc12,5.993403303820197,0.005260239486028955,0.10912060402281273,575.0980000000002,5.812800000000005,123.97000000000001,3,8,5,10,0.14285714285714285,2,0.95,4.500653333333334,True,azo_A(324),0,,0,,0,,1.0,0.7434330689738043,1.0,0.2696629213483146,Afatinib,0.0,0.7303370786516854,0.11966865831482905,0.2369142809304957,0.75,0.9325842696629214,0.11966865831482905,0.5097918022270616,0.9325842696629214,0.8129156113480923,0.18708438865190768,-0.5201641918829766,5.985512944591154,-2.001691681691473,-0.4,0.2691011235955056,3.852922386495186,0.0,0.0,0.0,0.6411445141851155,0.0,0.9786445141851156,0.45,medium,unsafe_structure_can_game_single_score;agents_strongly_disagree,2.8742778723100706,False,fail,True,very_low_qed,0.233,0.022,0.231,0.5005,0.5615,0.273,0.043,0.949,0.24400000000000002,0.28155,4.145722386495186,976,1.5,-1.4628621276899292,2,988,12,0,reject
N=C(Nc1ccccc1)SCCCN1C(=O)C2=C(C1=O)n1ccc3cccc(c31)C1Cc3ccccc3N21,5.418568324272854,0.039310235681185905,0.1582737525297579,519.6300000000002,5.466270000000005,81.42999999999999,2,5,7,5,0.16666666666666666,2,0.95,4.380866666666668,False,,0,,0,,1,acrylamide_like,1.0,0.4215320910973085,0.49369471108601537,0.11864406779661017,Lazertinib,0.0,0.8813559322033898,0.0,0.268555692096495,0.92,0.5906100163653589,0.0,0.4447914271154635,0.92,0.92,0.07999999999999996,-0.5930552361539513,5.359602970751076,-1.9321895808035756,-0.0,0.18783045743252075,3.615243847380021,0.0,0.0,0.0,0.7750000000000001,0.1,1.0250000000000001,0.2,low,agents_strongly_disagree,2.5902438473800204,False,fail,True,very_low_qed,0.112,0.054,0.263,0.5005,0.006,0.171,0.4345,0.085,0.20074999999999998,0.18345000000000003,3.8561438473800207,983,1.5,-1.4896161526199796,2,989,6,0,reject
N#C/C(=C\c1ccc(O)c(O)c1)C(=O)NCCCCNC(=O)/C(C#N)=C/c1ccc(O)c(O)c1,5.140934967985027,0.008398696466163137,0.14128192318223484,462.46200000000016,2.03576,186.69999999999996,6,8,2,9,0.16666666666666666,1,0.45,3.0497466666666675,True,catechol_A(92),0,,0,,1,acrylamide_like,1.0,0.9783783783783784,1.0,0.11842105263157894,Sunvozertinib,0.0,0.881578947368421,0.0,0.36040710903228046,0.67,0.9703947368421053,0.0,0.5002004614685964,0.9703947368421053,0.9703947368421053,0.02960526315789469,-0.6669339486247953,5.128336923285782,-0.9995134101510986,-0.4,0.3144736842105263,4.04329719734521,0.0,0.0,0.0,0.8379934210526316,0.1,1.2754934210526316,0.45,medium,unsafe_structure_can_game_single_score;agents_strongly_disagree,2.7678037762925785,False,fail,True,very_low_qed,0.073,0.036,0.651,0.5005,0.5615,0.07,0.043,0.855,0.23779999999999998,0.25265000000000004,4.32865719734521,969,1.5,-1.6040162237074211,2,990,21,0,reject
C=CC(=O)Nc1cccc(Nc2nc(Nc3cccc(OCCCNC(=O)CCCC(=O)NCCCOCCOCCOCCCNC(=O)CCCC[C@@H]4SC[C@@H]5NC(=O)N[C@@H]54)c3)ncc2C)c1,7.122239521539247,0.011542394193160293,0.021700367385506313,961.1999999999996,5.240320000000006,244.28999999999996,8,14,5,34,0.5208333333333334,4,1.5999999999999999,10.524666666666665,False,,0,,0,,1,acrylamide_like,1.0,0.7475259310814699,1.0,0.22413793103448276,Osimertinib,0.0,0.7758620689655172,0.39748020444959953,0.011935202062028473,0.92,0.9439655172413793,0.011935202062028473,0.5683452309382518,0.9439655172413793,0.9320303151793509,0.06796968482064913,-0.22782003531820305,7.1049259302495065,-4.10491629928116,-0.0,0.2827586206896551,3.2827682516580015,0.0,0.0,0.0,0.7900378939741887,0.1,1.0400378939741888,0.2,low,agents_strongly_disagree,2.2427303576838127,False,fail,True,very_low_qed;poor_synthetic_accessibility;too_many_lipinski_violations,0.501,0.001,0.006,0.5005,0.5615,0.154,0.4345,0.7,0.32665,0.35109999999999997,3.6747482516580012,986,1.5,-1.635949642316187,2,991,5,0,reject
Cc1ccc(S(=O)(=O)c2c(SSc3[nH]c4ccccc4c3S(=O)(=O)c3ccc(C)cc3)[nH]c3ccccc23)cc1,4.568452139043607,0.026827933452741787,0.18096805863674179,604.8000000000002,7.731040000000006,99.85999999999999,2,6,6,7,0.06666666666666667,2,0.95,4.598666666666668,False,,0,,0,,0,,1.0,0.5209886128364389,0.674524750611707,0.0958904109589041,Afatinib,0.0,0.904109589041096,0.0,0.27266063737841306,1.0,0.7319209602190543,0.0,0.5011453993993669,1.0,1.0,0.0,-0.6681938658658225,4.528210238864494,-1.9521652746965916,-0.0,0.23986406436525548,2.815909028533158,0.0,0.0,0.0,0.875,0.0,1.025,0.2,low,agents_strongly_disagree,1.7909090285331581,False,fail,True,very_low_qed,0.019,0.106,0.21,0.5005,0.036,0.0285,0.4345,0.231,0.16135,0.15410000000000001,3.009529028533158,992,1.5,-2.3241709714668417,2,992,0,0,reject
O=C(Nc1ccccc1)c1c(SSc2[nH]c3ccccc3c2C(=O)Nc2ccccc2)[nH]c2ccccc12,4.302960541907,0.019037677524850118,0.15647976024792476,534.6660000000002,7.953200000000005,89.78,4,4,6,7,0.0,2,0.95,4.131106666666668,False,,0,,0,,0,,1.0,0.6841049778918842,0.9710999598034257,0.1388888888888889,Sunvozertinib,0.0,0.8611111111111112,0.0,0.2771751501876406,1.0,0.943602747630347,0.0,0.555194474454497,1.0,1.0,0.0,-0.7402592992726627,4.274404025619725,-1.9131862397520754,-0.0,0.30110832328418974,2.662326109151839,0.0,0.0,0.0,0.875,0.0,1.025,0.2,low,agents_strongly_disagree,1.637326109151839,False,fail,True,very_low_qed,0.005,0.053,0.323,0.5005,0.104,0.0285,0.4345,0.41,0.1614,0.16899999999999998,2.856006109151839,993,1.5,-2.4598738908481614,2,993,0,0,reject
Cc1ncsc1-c1ccc(CNC(=O)[C@@H]2C[C@@H](O)CN2C(=O)[C@H](C(C)C)N2Cc3ccccc3C2=O)c(OCCOCCOCCN2CCN(Cc3ccc(-c4cc5c(NCc6ccccc6Cl)ncnc5[nH]4)cc3)CC2)c1,5.809441397795799,0.01895922544604602,0.045459463682590844,1095.7679999999993,7.810720000000009,190.60999999999999,4,14,10,23,0.3898305084745763,3,1.4,11.321786666666663,False,,0,,0,,0,,1.0,0.99,1.0,0.20408163265306123,Gefitinib,0.0,0.7959183673469388,0.06408889163671744,0.07500270502542497,1.0,0.9489795918367347,0.06408889163671744,0.5220177971247193,1.0,0.9359111083632825,0.0640888916367175,-0.6105718739840025,5.78100255962673,-3.7638254854699507,-0.0,0.2887755102040816,2.3059525843608606,0.0,0.0,0.0,0.7948888854541031,0.0,0.9448888854541031,0.2,low,agents_strongly_disagree,1.3610636989067575,False,fail,True,very_low_qed;poor_synthetic_accessibility;too_many_lipinski_violations,0.189,0.005,0.004,0.5005,0.5615,0.147,0.4345,0.413,0.18675,0.24285,2.5300525843608606,995,1.5,-2.6475163010932423,2,994,0,1,reject
COC1CCN(c2nccc(Nc3cc4c(cn3)nc(COCCN3CCN(c5ccc(OCCCOCC(=O)N[C@H](C(=O)N6C[C@H](O)C[C@H]6C(=O)NCc6ccc(-c7scnc7C)cc6)C(C)(C)C)cc5)CC3)n4C(C)C)n2)CC1,6.446849062435595,0.01906859450653633,0.04729138727418339,1130.4309999999998,6.526320000000011,226.78999999999996,4,18,9,24,0.5254237288135594,3,1.4,11.452873333333331,True,anil_di_alk_C(246),0,,0,,0,,1.0,0.8502463174324456,1.0,0.18292682926829268,Lazertinib,0.0,0.8170731707317074,0.22336424945432326,0.07601026300080087,0.75,0.9542682926829269,0.07601026300080087,0.5009107012845128,0.9542682926829269,0.8782580296821261,0.12174197031787393,-0.370061935773586,6.41824617067579,-3.7680972398444603,-0.4,0.2951219512195122,2.5452708820508416,0.0,0.0,0.0,0.7228225371026575,0.0,1.0603225371026577,0.45,medium,unsafe_structure_can_game_single_score;agents_strongly_disagree,1.484948344948184,False,fail,True,very_low_qed;poor_synthetic_accessibility;too_many_lipinski_violations,0.324,0.007,0.001,0.5005,0.5615,0.209,0.043,0.406,0.24745000000000003,0.25005,2.842210882050842,994,1.5,-2.889991655051816,2,995,1,0,reject
COC1CCN(c2nccc(Nc3cc4c(cn3)nc(COCCOCCOCCOCCOCC(=O)N[C@H](C(=O)N3C[C@H](O)C[C@H]3C(=O)N[C@@H](C)c3ccc(-c5scnc5C)cc3)C(C)(C)C)n4C(C)C)n2)CC1,4.990122276725155,0.0058018335075648506,0.04720054164537958,1058.317,5.546020000000009,238.76999999999998,4,18,7,27,0.5849056603773585,3,1.4,11.222113333333333,False,,0,,0,,0,,1.0,0.9845229845229845,1.0,0.19463087248322147,Lazertinib,0.0,0.8053691275167785,0.0,0.07596029790495877,1.0,0.9513422818791946,0.0,0.5068256449460383,1.0,1.0,0.0,-0.6757675265947177,4.9814195264638075,-3.7276258923168846,-0.0,0.29161073825503353,1.5454043724019564,0.0,0.0,0.0,0.875,0.0,1.025,0.2,low,agents_strongly_disagree,0.5204043724019565,False,fail,True,very_low_qed;poor_synthetic_accessibility;too_many_lipinski_violations,0.052,0.006,0.005,0.5005,0.5615,0.0285,0.4345,0.932,0.12545,0.2161,1.6959443724019563,998,1.5,-3.5202756275980436,2,996,0,2,reject
Cc1ncsc1-c1ccc(CNC(=O)[C@@H]2C[C@@H](O)CN2C(=O)[C@H](C(C)C)N2Cc3ccccc3C2=O)c(OCCOCCOCCOCC#Cc2cccc3c2C(=O)N([C@@H](C(=O)Nc2nccs2)c2cc(F)ccc2O)C3)c1,5.918579236746475,0.05448928626892823,0.0422169044026566,1100.2609999999997,6.494420000000008,222.29,4,15,9,22,0.3508771929824561,3,1.4,11.401739999999997,True,mannich_A(296),0,,0,,0,,1.0,0.9432624113475179,1.0,0.11764705882352941,Lazertinib,0.0,0.8823529411764706,0.06650230879836902,0.07321929742146113,0.75,0.9705882352941176,0.06650230879836902,0.46507746037848696,0.9705882352941176,0.9040859264957486,0.09591407350425141,-0.5314335354401573,5.836845307343083,-3.7829563762990968,-0.4,0.3147058823529411,1.9685948133969273,0.0,0.0,0.0,0.7551074081196857,0.0,1.0926074081196857,0.45,medium,unsafe_structure_can_game_single_score;agents_strongly_disagree,0.8759874052772416,False,fail,True,very_low_qed;poor_synthetic_accessibility;too_many_lipinski_violations,0.217,0.004,0.002,0.5005,0.5615,0.189,0.043,0.018,0.19884999999999997,0.1962,2.207214813396927,997,1.5,-3.5635725947227583,2,997,0,0,reject
Cc1ncsc1-c1ccc([C@H](C)NC(=O)[C@H]2C[C@H](O)CN2C(=O)[C@@H](NC(=O)COCCCC#Cc2cccc3c2C(=O)N(C(C(=O)Nc2nccs2)c2cc(F)ccc2O)C3)C(C)(C)C)cc1,5.610472197835064,0.010436828264489257,0.05879491614083446,950.128,6.273920000000007,203.39000000000001,5,12,7,15,0.3673469387755102,3,1.4,9.650853333333334,True,mannich_A(296),0,,0,,0,,1.0,0.9420839733742958,1.0,0.11392405063291139,Gefitinib,0.0,0.8860759493670887,0.02031226967362341,0.08233720387745896,0.75,0.9715189873417722,0.02031226967362341,0.45604211522321364,0.9715189873417722,0.9512067176681488,0.04879328233185121,-0.5809731273994536,5.59481695543833,-3.5020983899816147,-0.4,0.31582278481012666,2.008541350266842,0.0,0.0,0.0,0.8140083970851861,0.0,1.1515083970851863,0.45,medium,unsafe_structure_can_game_single_score;agents_strongly_disagree,0.8570329531816556,False,fail,True,very_low_qed;poor_synthetic_accessibility;too_many_lipinski_violations,0.15,0.011,0.009,0.5005,0.5615,0.126,0.043,0.762,0.17115,0.20875,2.213921350266842,996,1.5,-3.5674670468183445,2,998,2,0,reject
Cc1ncsc1-c1ccc([C@H](C)NC(=O)[C@H]2C[C@H](O)CN2C(=O)[C@@H](NC(=O)COCCOCCOCCOc2ccc(-c3nccc(Nc4cc5c(cn4)nc(C)n5C(C)C)n3)cc2)C(C)(C)C)cc1,4.662619933088155,0.014596622121321727,0.05179798056659966,977.2019999999997,6.751840000000007,217.07,4,15,7,22,0.45098039215686275,3,1.4,10.181346666666666,False,,0,,0,,0,,1.0,0.9108529250956806,1.0,0.1564625850340136,Lazertinib,0.0,0.8435374149659864,0.0,0.07848888931162981,1.0,0.9608843537414966,0.0,0.5098433107632816,1.0,1.0,0.0,-0.6797910810177088,4.640724999906172,-3.580305980217714,-0.0,0.30306122448979583,1.3634802441782534,0.0,0.0,0.0,0.875,0.0,1.025,0.2,low,agents_strongly_disagree,0.3384802441782535,False,fail,True,very_low_qed;poor_synthetic_accessibility;too_many_lipinski_violations,0.029,0.01,0.007,0.5005,0.5615,0.0285,0.4345,0.561,0.1162,0.19145,1.5029202441782534,999,1.5,-3.7317797558217465,2,999,0,0,reject
COC1(CCN2CCN(CCCOCCCOCC(=O)N[C@H](C(=O)N3C[C@H](O)C[C@H]3C(=O)N[C@@H](C)c3ccc(-c4scnc4C)cc3)C(C)(C)C)CC2)CCN(c2nccc(Nc3cc4c(cn3)nc(C)n4C(C)C)n2)CC1,4.76302403836142,0.008773642608389476,0.04876138581534384,1094.441999999999,6.462740000000013,217.56,4,17,8,24,0.6140350877192983,3,1.4,11.362946666666662,False,,0,,0,,0,,1.0,0.8569305395328058,1.0,0.18471337579617833,Lazertinib,0.0,0.8152866242038217,0.0,0.07681876219843911,1.0,0.9538216560509554,0.0,0.5076601045623486,1.0,1.0,0.0,-0.6768801394164647,4.7498635744488364,-3.7442771054127255,-0.0,0.2945859872611465,1.3001724562972574,0.0,0.0,0.0,0.875,0.0,1.025,0.2,low,agents_strongly_disagree,0.2751724562972575,False,fail,True,very_low_qed;poor_synthetic_accessibility;too_many_lipinski_violations,0.037,0.008,0.003,0.5005,0.5615,0.0285,0.4345,0.836,0.11879999999999999,0.20690000000000003,1.4427324562972574,1000,1.5,-3.7765475437027423,2,1000,0,0,reject
