source_dataset,source_record_id,bindingdb_reactant_set_id,bindingdb_monomer_id,target_name,target_organism,uniprot_primary_id,smiles_raw,smiles_canonical,ic50_nm,pIC50,publication_date,bindingdb_date,year,curation_source,article_doi,pmid,chembl_id
bindingdb_articles,3775,3775,3003,Epidermal growth factor receptor,Homo sapiens,P00533,Nc1ncnc2n(nc(-c3ccccc3)c12)-c1ccccc1,Nc1ncnc2c1c(-c1ccccc1)nn2-c1ccccc1,800.0,6.096910013008056,10/24/1997,1/11/2005,1997,Curated from the literature by BindingDB,10.1021/jm970124v,9357527,CHEMBL122243
bindingdb_articles,3776,3776,3004,Epidermal growth factor receptor,Homo sapiens,P00533,Nc1nc(N)c2c(Nc3cccc(Cl)c3)[nH]nc2n1,Nc1nc(N)c2c(Nc3cccc(Cl)c3)[nH]nc2n1,220.0,6.657577319177793,10/24/1997,1/11/2005,1997,Curated from the literature by BindingDB,10.1021/jm970124v,9357527,
bindingdb_articles,3777,3777,3005,Epidermal growth factor receptor,Homo sapiens,P00533,Nc1ncnc2n[nH]c(Nc3cccc(Cl)c3)c12,Nc1ncnc2n[nH]c(Nc3cccc(Cl)c3)c12,160.0,6.795880017344075,10/24/1997,1/11/2005,1997,Curated from the literature by BindingDB,10.1021/jm970124v,9357527,
bindingdb_articles,3778,3778,3006,Epidermal growth factor receptor,Homo sapiens,P00533,N(c1[nH]nc2ncnc(Nc3ccccc3)c12)c1ccccc1,c1ccc(Nc2ncnc3n[nH]c(Nc4ccccc4)c23)cc1,58.0,7.236572006437063,10/24/1997,1/11/2005,1997,Curated from the literature by BindingDB,10.1021/jm970124v,9357527,
bindingdb_articles,3779,3779,3007,Epidermal growth factor receptor,Homo sapiens,P00533,Clc1cccc(Nc2[nH]nc3ncnc(Nc4ccccc4)c23)c1,Clc1cccc(Nc2[nH]nc3ncnc(Nc4ccccc4)c23)c1,84.0,7.075720713938118,10/24/1997,1/11/2005,1997,Curated from the literature by BindingDB,10.1021/jm970124v,9357527,
bindingdb_articles,3780,3780,3008,Epidermal growth factor receptor,Homo sapiens,P00533,Clc1cccc(Nc2[nH]nc3ncnc(Nc4cccc(Cl)c4)c23)c1,Clc1cccc(Nc2ncnc3n[nH]c(Nc4cccc(Cl)c4)c23)c1,33.0,7.481486060122112,10/24/1997,1/11/2005,1997,Curated from the literature by BindingDB,10.1021/jm970124v,9357527,
bindingdb_articles,3807,3807,3009,Epidermal growth factor receptor,Homo sapiens,P00533,Clc1cccc(Nc2[nH]nc3ncnc(Nc4cccc(Br)c4)c23)c1,Clc1cccc(Nc2[nH]nc3ncnc(Nc4cccc(Br)c4)c23)c1,130.0,6.886056647693163,10/24/1997,1/11/2005,1997,Curated from the literature by BindingDB,10.1021/jm970124v,9357527,
bindingdb_articles,3808,3808,3010,Epidermal growth factor receptor,Homo sapiens,P00533,Cc1cccc(Nc2ncnc3n[nH]c(Nc4cccc(Cl)c4)c23)c1,Cc1cccc(Nc2ncnc3n[nH]c(Nc4cccc(Cl)c4)c23)c1,130.0,6.886056647693163,10/24/1997,1/11/2005,1997,Curated from the literature by BindingDB,10.1021/jm970124v,9357527,
bindingdb_articles,3809,3809,3011,Epidermal growth factor receptor,Homo sapiens,P00533,COc1ccc(Nc2[nH]nc3ncnc(Nc4cccc(Cl)c4)c23)cc1,COc1ccc(Nc2[nH]nc3ncnc(Nc4cccc(Cl)c4)c23)cc1,30.0,7.522878745280337,10/24/1997,1/11/2005,1997,Curated from the literature by BindingDB,10.1021/jm970124v,9357527,
bindingdb_articles,3810,3810,3012,Epidermal growth factor receptor,Homo sapiens,P00533,Oc1ccc(Nc2[nH]nc3ncnc(Nc4cccc(Cl)c4)c23)cc1,Oc1ccc(Nc2[nH]nc3ncnc(Nc4cccc(Cl)c4)c23)cc1,8.0,8.096910013008056,10/24/1997,1/11/2005,1997,Curated from the literature by BindingDB,10.1021/jm970124v,9357527,
bindingdb_articles,3819,3819,3013,Epidermal growth factor receptor,Homo sapiens,P00533,COc1cccc(Nc2[nH]nc3ncnc(Nc4cccc(Cl)c4)c23)c1,COc1cccc(Nc2[nH]nc3ncnc(Nc4cccc(Cl)c4)c23)c1,8.0,8.096910013008056,10/24/1997,1/11/2005,1997,Curated from the literature by BindingDB,10.1021/jm970124v,9357527,
bindingdb_articles,3820,3820,3014,Epidermal growth factor receptor,Homo sapiens,P00533,Oc1cccc(Nc2[nH]nc3ncnc(Nc4cccc(Cl)c4)c23)c1,Oc1cccc(Nc2[nH]nc3ncnc(Nc4cccc(Cl)c4)c23)c1,1.0,9.0,10/24/1997,1/11/2005,1997,Curated from the literature by BindingDB,10.1021/jm970124v,9357527,
bindingdb_articles,3822,3822,3016,Epidermal growth factor receptor,Homo sapiens,P00533,Nc1ccc(Nc2[nH]nc3ncnc(Nc4cccc(Cl)c4)c23)cc1,Nc1ccc(Nc2[nH]nc3ncnc(Nc4cccc(Cl)c4)c23)cc1,5.0,8.301029995663981,10/24/1997,1/11/2005,1997,Curated from the literature by BindingDB,10.1021/jm970124v,9357527,
bindingdb_articles,3839,3839,3017,Epidermal growth factor receptor,Homo sapiens,P00533,CN(C)c1ccc(Nc2[nH]nc3ncnc(Nc4cccc(Cl)c4)c23)cc1,CN(C)c1ccc(Nc2[nH]nc3ncnc(Nc4cccc(Cl)c4)c23)cc1,29.0,7.537602002101044,10/24/1997,1/11/2005,1997,Curated from the literature by BindingDB,10.1021/jm970124v,9357527,
bindingdb_articles,3840,3840,3018,Epidermal growth factor receptor,Homo sapiens,P00533,Clc1cccc(Nc2ncnc3n[nH]c(NCc4ccccc4)c23)c1,Clc1cccc(Nc2ncnc3n[nH]c(NCc4ccccc4)c23)c1,7.0,8.154901959985743,10/24/1997,1/11/2005,1997,Curated from the literature by BindingDB,10.1021/jm970124v,9357527,
bindingdb_articles,3841,3841,3019,Epidermal growth factor receptor,Homo sapiens,P00533,Clc1cccc(CNc2[nH]nc3ncnc(Nc4cccc(Cl)c4)c23)c1,Clc1cccc(CNc2[nH]nc3ncnc(Nc4cccc(Cl)c4)c23)c1,26.0,7.585026652029182,10/24/1997,1/11/2005,1997,Curated from the literature by BindingDB,10.1021/jm970124v,9357527,
bindingdb_articles,3842,3842,3020,Epidermal growth factor receptor,Homo sapiens,P00533,COc1cccc(CNc2[nH]nc3ncnc(Nc4cccc(Cl)c4)c23)c1,COc1cccc(CNc2[nH]nc3ncnc(Nc4cccc(Cl)c4)c23)c1,8.0,8.096910013008056,10/24/1997,1/11/2005,1997,Curated from the literature by BindingDB,10.1021/jm970124v,9357527,
bindingdb_articles,3859,3859,3021,Epidermal growth factor receptor,Homo sapiens,P00533,COc1ccc(CNc2[nH]nc3ncnc(Nc4cccc(Cl)c4)c23)cc1,COc1ccc(CNc2[nH]nc3ncnc(Nc4cccc(Cl)c4)c23)cc1,7.0,8.154901959985743,10/24/1997,1/11/2005,1997,Curated from the literature by BindingDB,10.1021/jm970124v,9357527,
bindingdb_articles,3860,3860,3022,Epidermal growth factor receptor,Homo sapiens,P00533,Clc1cccc(Nc2ncnc3n[nH]c(-c4ccccc4)c23)c1,Clc1cccc(Nc2ncnc3n[nH]c(-c4ccccc4)c23)c1,19.0,7.721246399047171,10/24/1997,1/11/2005,1997,Curated from the literature by BindingDB,10.1021/jm970124v,9357527,
bindingdb_articles,3861,3861,3023,Epidermal growth factor receptor,Homo sapiens,P00533,Oc1cccc(c1)-c1[nH]nc2ncnc(Nc3cccc(Cl)c3)c12,Oc1cccc(-c2[nH]nc3ncnc(Nc4cccc(Cl)c4)c23)c1,26.0,7.585026652029182,10/24/1997,1/11/2005,1997,Curated from the literature by BindingDB,10.1021/jm970124v,9357527,
bindingdb_articles,3862,3862,3024,Epidermal growth factor receptor,Homo sapiens,P00533,COc1ccc(cc1)-c1[nH]nc2ncnc(Nc3cccc(Cl)c3)c12,COc1ccc(-c2[nH]nc3ncnc(Nc4cccc(Cl)c4)c23)cc1,96.0,7.017728766960431,10/24/1997,1/11/2005,1997,Curated from the literature by BindingDB,10.1021/jm970124v,9357527,
bindingdb_articles,3879,3879,3025,Epidermal growth factor receptor,Homo sapiens,P00533,Oc1ccc(cc1)-c1[nH]nc2ncnc(Nc3cccc(Cl)c3)c12,Oc1ccc(-c2[nH]nc3ncnc(Nc4cccc(Cl)c4)c23)cc1,6.0,8.221848749616356,10/24/1997,1/11/2005,1997,Curated from the literature by BindingDB,10.1021/jm970124v,9357527,
bindingdb_articles,3880,3880,3026,Epidermal growth factor receptor,Homo sapiens,P00533,[O-][N+](=O)c1cccc(c1)-c1[nH]nc2ncnc(Nc3cccc(Cl)c3)c12,O=[N+]([O-])c1cccc(-c2[nH]nc3ncnc(Nc4cccc(Cl)c4)c23)c1,37.0,7.431798275933005,10/24/1997,1/11/2005,1997,Curated from the literature by BindingDB,10.1021/jm970124v,9357527,
bindingdb_articles,3881,3881,3027,Epidermal growth factor receptor,Homo sapiens,P00533,Nc1cccc(c1)-c1[nH]nc2ncnc(Nc3cccc(Cl)c3)c12,Nc1cccc(-c2[nH]nc3ncnc(Nc4cccc(Cl)c4)c23)c1,5.0,8.301029995663981,10/24/1997,1/11/2005,1997,Curated from the literature by BindingDB,10.1021/jm970124v,9357527,
bindingdb_articles,3882,3882,3028,Epidermal growth factor receptor,Homo sapiens,P00533,CC(C)(C)OC(=O)Nc1ccc(cc1)-c1[nH]nc2ncnc(Nc3cccc(Cl)c3)c12,CC(C)(C)OC(=O)Nc1ccc(-c2[nH]nc3ncnc(Nc4cccc(Cl)c4)c23)cc1,270.0,6.568636235841012,10/24/1997,1/11/2005,1997,Curated from the literature by BindingDB,10.1021/jm970124v,9357527,
bindingdb_articles,3899,3899,3029,Epidermal growth factor receptor,Homo sapiens,P00533,Nc1ccc(cc1)-c1[nH]nc2ncnc(Nc3cccc(Cl)c3)c12,Nc1ccc(-c2[nH]nc3ncnc(Nc4cccc(Cl)c4)c23)cc1,2.0,8.698970004336019,10/24/1997,1/11/2005,1997,Curated from the literature by BindingDB,10.1021/jm970124v,9357527,
bindingdb_articles,3900,3900,3030,Epidermal growth factor receptor,Homo sapiens,P00533,Clc1cccc(Nc2[nH]nc3ncnc(Oc4cccc(Cl)c4)c23)c1,Clc1cccc(Nc2[nH]nc3ncnc(Oc4cccc(Cl)c4)c23)c1,24200.0,4.616184634019569,10/24/1997,1/11/2005,1997,Curated from the literature by BindingDB,10.1021/jm970124v,9357527,
bindingdb_articles,3901,3901,3031,Epidermal growth factor receptor,Homo sapiens,P00533,Clc1cccc(Nc2[nH]nc3ncnc(NCc4ccccc4)c23)c1,Clc1cccc(Nc2[nH]nc3ncnc(NCc4ccccc4)c23)c1,870.0,6.060480747381382,10/24/1997,1/11/2005,1997,Curated from the literature by BindingDB,10.1021/jm970124v,9357527,
bindingdb_articles,3902,3902,3032,Epidermal growth factor receptor,Homo sapiens,P00533,COc1cc2ncnc(Nc3cccc(Br)c3)c2cc1OC,COc1cc2ncnc(Nc3cccc(Br)c3)c2cc1OC,6.0,8.221848749616356,10/24/1997,1/11/2005,1997,Curated from the literature by BindingDB,10.1021/jm970124v,9357527,CHEMBL1204168CHEMBL29197
bindingdb_articles,4005,4005,3050,Epidermal growth factor receptor,Homo sapiens,P00533,"Cn1c2nc(N)ncc2cc(-c2c(Cl)cccc2Cl)c1=O |(-2.82,-1.97,;-2.82,-.43,;-4.15,.34,;-5.48,-.43,;-6.82,.34,;-8.15,-.43,;-6.82,1.88,;-5.48,2.65,;-4.15,1.88,;-2.82,2.65,;-1.48,1.88,;-.15,2.65,;-.15,4.19,;-1.48,4.96,;1.18,4.96,;2.52,4.19,;2.52,2.65,;1.18,1.88,;1.18,.34,;-1.48,.34,;-.15,-.43,)|",Cn1c(=O)c(-c2c(Cl)cccc2Cl)cc2cnc(N)nc21,5600.0,5.251811972993799,8/13/1998,1/18/2005,1998,Curated from the literature by BindingDB,10.1021/jm9802259,9703473,CHEMBL49596
bindingdb_articles,4006,4006,3054,Epidermal growth factor receptor,Homo sapiens,P00533,"CNc1ncc2cc(-c3c(Cl)cccc3Cl)c(=O)n(C)c2n1 |(-8.15,-1.97,;-8.15,-.43,;-6.82,.34,;-6.82,1.88,;-5.48,2.65,;-4.15,1.88,;-2.82,2.65,;-1.48,1.88,;-.15,2.65,;-.15,4.19,;-1.48,4.96,;1.18,4.96,;2.52,4.19,;2.52,2.65,;1.18,1.88,;1.18,.34,;-1.48,.34,;-.15,-.43,;-2.82,-.43,;-2.82,-1.97,;-4.15,.34,;-5.48,-.43,)|",CNc1ncc2cc(-c3c(Cl)cccc3Cl)c(=O)n(C)c2n1,7500.0,5.1249387366083,8/13/1998,1/18/2005,1998,Curated from the literature by BindingDB,10.1021/jm9802259,9703473,
bindingdb_articles,4007,4007,3055,Epidermal growth factor receptor,Homo sapiens,P00533,"CCNc1ncc2cc(-c3c(Cl)cccc3Cl)c(=O)n(C)c2n1 |(-9.48,-2.74,;-8.15,-1.97,;-8.15,-.43,;-6.82,.34,;-6.82,1.88,;-5.48,2.65,;-4.15,1.88,;-2.82,2.65,;-1.48,1.88,;-.15,2.65,;-.15,4.19,;-1.48,4.96,;1.18,4.96,;2.52,4.19,;2.52,2.65,;1.18,1.88,;1.18,.34,;-1.48,.34,;-.15,-.43,;-2.82,-.43,;-2.82,-1.97,;-4.15,.34,;-5.48,-.43,)|",CCNc1ncc2cc(-c3c(Cl)cccc3Cl)c(=O)n(C)c2n1,4500.0,5.346787486224656,8/13/1998,1/18/2005,1998,Curated from the literature by BindingDB,10.1021/jm9802259,9703473,
bindingdb_articles,4024,4024,3057,Epidermal growth factor receptor,Homo sapiens,P00533,"CCCCNc1ncc2cc(-c3c(Cl)cccc3Cl)c(=O)n(C)c2n1 |(-6.5,-5.16,;-7.59,-4.08,;-6.82,-2.74,;-8.15,-1.97,;-8.15,-.43,;-6.82,.34,;-6.82,1.88,;-5.48,2.65,;-4.15,1.88,;-2.82,2.65,;-1.48,1.88,;-.15,2.65,;-.15,4.19,;-1.48,4.96,;1.18,4.96,;2.52,4.19,;2.52,2.65,;1.18,1.88,;1.18,.34,;-1.48,.34,;-.15,-.43,;-2.82,-.43,;-2.82,-1.97,;-4.15,.34,;-5.48,-.43,)|",CCCCNc1ncc2cc(-c3c(Cl)cccc3Cl)c(=O)n(C)c2n1,4400.0,5.356547323513812,8/13/1998,1/18/2005,1998,Curated from the literature by BindingDB,10.1021/jm9802259,9703473,
bindingdb_articles,4043,4043,3061,Epidermal growth factor receptor,Homo sapiens,P00533,"CN(C)c1ncc2cc(-c3c(Cl)cccc3Cl)c(=O)n(C)c2n1 |(-8.15,-1.97,;-8.15,-.43,;-9.48,.34,;-6.82,.34,;-6.82,1.88,;-5.48,2.65,;-4.15,1.88,;-2.82,2.65,;-1.48,1.88,;-.15,2.65,;-.15,4.19,;-1.48,4.96,;1.18,4.96,;2.52,4.19,;2.52,2.65,;1.18,1.88,;1.18,.34,;-1.48,.34,;-.15,-.43,;-2.82,-.43,;-2.82,-1.97,;-4.15,.34,;-5.48,-.43,)|",CN(C)c1ncc2cc(-c3c(Cl)cccc3Cl)c(=O)n(C)c2n1,50000.0,4.301029995663981,8/13/1998,1/18/2005,1998,Curated from the literature by BindingDB,10.1021/jm9802259,9703473,CHEMBL299347
bindingdb_articles,4044,4044,3062,Epidermal growth factor receptor,Homo sapiens,P00533,"CCN(CC)CCCNc1ncc2cc(-c3c(Cl)cccc3Cl)c(=O)n(C)c2n1 |(-6.72,-6.82,;-8.2,-7.22,;-9.29,-6.13,;-10.38,-7.22,;-11.71,-6.45,;-8.52,-4.79,;-8.92,-3.31,;-8.15,-1.97,;-8.15,-.43,;-6.82,.34,;-6.82,1.88,;-5.48,2.65,;-4.15,1.88,;-2.82,2.65,;-1.48,1.88,;-.15,2.65,;-.15,4.19,;-1.48,4.96,;1.18,4.96,;2.52,4.19,;2.52,2.65,;1.18,1.88,;1.18,.34,;-1.48,.34,;-.15,-.43,;-2.82,-.43,;-2.82,-1.97,;-4.15,.34,;-5.48,-.43,)|",CCN(CC)CCCNc1ncc2cc(-c3c(Cl)cccc3Cl)c(=O)n(C)c2n1,1400.0,5.853871964321762,8/13/1998,1/18/2005,1998,Curated from the literature by BindingDB,10.1021/jm9802259,9703473,CHEMBL50470
bindingdb_articles,4046,4046,3064,Epidermal growth factor receptor,Homo sapiens,P00533,"CN1CCN(CCCNc2ncc3cc(-c4c(Cl)cccc4Cl)c(=O)n(C)c3n2)CC1 |(-10.37,-10.59,;-9.97,-9.1,;-8.49,-8.7,;-8.09,-7.22,;-9.18,-6.13,;-8.52,-4.79,;-8.92,-3.31,;-8.15,-1.97,;-8.15,-.43,;-6.82,.34,;-6.82,1.88,;-5.48,2.65,;-4.15,1.88,;-2.82,2.65,;-1.48,1.88,;-.15,2.65,;-.15,4.19,;-1.48,4.96,;1.18,4.96,;2.52,4.19,;2.52,2.65,;1.18,1.88,;1.18,.34,;-1.48,.34,;-.15,-.43,;-2.82,-.43,;-2.82,-1.97,;-4.15,.34,;-5.48,-.43,;-10.66,-6.53,;-11.06,-8.01,)|",CN1CCN(CCCNc2ncc3cc(-c4c(Cl)cccc4Cl)c(=O)n(C)c3n2)CC1,8700.0,5.060480747381382,8/13/1998,1/18/2005,1998,Curated from the literature by BindingDB,10.1021/jm9802259,9703473,CHEMBL299194
bindingdb_articles,4047,4047,3065,Epidermal growth factor receptor,Homo sapiens,P00533,"CN1CCN(CCCCNc2ncc3cc(-c4c(Cl)cccc4Cl)c(=O)n(C)c3n2)CC1 |(-8.54,-12.22,;-8.54,-10.68,;-7.27,-9.81,;-7.39,-8.28,;-8.78,-7.61,;-9.18,-6.13,;-8.52,-4.79,;-8.92,-3.31,;-8.15,-1.97,;-8.15,-.43,;-6.82,.34,;-6.82,1.88,;-5.48,2.65,;-4.15,1.88,;-2.82,2.65,;-1.48,1.88,;-.15,2.65,;-.15,4.19,;-1.48,4.96,;1.18,4.96,;2.52,4.19,;2.52,2.65,;1.18,1.88,;1.18,.34,;-1.48,.34,;-.15,-.43,;-2.82,-.43,;-2.82,-1.97,;-4.15,.34,;-5.48,-.43,;-10.05,-8.49,;-9.93,-10.02,)|",CN1CCN(CCCCNc2ncc3cc(-c4c(Cl)cccc4Cl)c(=O)n(C)c3n2)CC1,210.0,6.6777807052660805,8/13/1998,1/18/2005,1998,Curated from the literature by BindingDB,10.1021/jm9802259,9703473,
bindingdb_articles,4063,4063,3066,Epidermal growth factor receptor,Homo sapiens,P00533,"CN1CCN(CCCCCNc2ncc3cc(-c4c(Cl)cccc4Cl)c(=O)n(C)c3n2)CC1 |(-9.18,-13.72,;-9.18,-12.18,;-7.84,-11.41,;-7.84,-9.87,;-9.18,-9.1,;-8.78,-7.61,;-9.18,-6.13,;-8.52,-4.79,;-8.92,-3.31,;-8.15,-1.97,;-8.15,-.43,;-6.82,.34,;-6.82,1.88,;-5.48,2.65,;-4.15,1.88,;-2.82,2.65,;-1.48,1.88,;-.15,2.65,;-.15,4.19,;-1.48,4.96,;1.18,4.96,;2.52,4.19,;2.52,2.65,;1.18,1.88,;1.18,.34,;-1.48,.34,;-.15,-.43,;-2.82,-.43,;-2.82,-1.97,;-4.15,.34,;-5.48,-.43,;-10.51,-9.87,;-10.51,-11.41,)|",CN1CCN(CCCCCNc2ncc3cc(-c4c(Cl)cccc4Cl)c(=O)n(C)c3n2)CC1,4500.0,5.346787486224656,8/13/1998,1/18/2005,1998,Curated from the literature by BindingDB,10.1021/jm9802259,9703473,
bindingdb_articles,4067,4067,3070,Epidermal growth factor receptor,Homo sapiens,P00533,"Cn1c2nc(NCCCCCC(O)=O)ncc2cc(-c2c(Cl)cccc2Cl)c1=O |(-2.82,-1.97,;-2.82,-.43,;-4.15,.34,;-5.48,-.43,;-6.82,.34,;-8.15,-.43,;-8.15,-1.97,;-8.92,-3.31,;-8.15,-4.64,;-8.92,-5.97,;-8.52,-7.46,;-9.61,-8.55,;-9.61,-10.09,;-10.94,-7.78,;-6.82,1.88,;-5.48,2.65,;-4.15,1.88,;-2.82,2.65,;-1.48,1.88,;-.15,2.65,;-.15,4.19,;-1.48,4.96,;1.18,4.96,;2.52,4.19,;2.52,2.65,;1.18,1.88,;1.18,.34,;-1.48,.34,;-.15,-.43,)|",Cn1c(=O)c(-c2c(Cl)cccc2Cl)cc2cnc(NCCCCCC(=O)O)nc21,1000.0,6.0,8/13/1998,1/18/2005,1998,Curated from the literature by BindingDB,10.1021/jm9802259,9703473,
bindingdb_articles,4083,4083,3071,Epidermal growth factor receptor,Homo sapiens,P00533,"Cn1c2nc(Nc3ccccc3)ncc2cc(-c2c(Cl)cccc2Cl)c1=O |(-2.82,-1.97,;-2.82,-.43,;-4.15,.34,;-5.48,-.43,;-6.82,.34,;-8.15,-.43,;-8.15,-1.97,;-6.81,-2.74,;-6.81,-4.28,;-8.14,-5.05,;-9.48,-4.29,;-9.48,-2.75,;-6.82,1.88,;-5.48,2.65,;-4.15,1.88,;-2.82,2.65,;-1.48,1.88,;-.15,2.65,;-.15,4.19,;-1.48,4.96,;1.18,4.96,;2.52,4.19,;2.52,2.65,;1.18,1.88,;1.18,.34,;-1.48,.34,;-.15,-.43,)|",Cn1c(=O)c(-c2c(Cl)cccc2Cl)cc2cnc(Nc3ccccc3)nc21,260.0,6.585026652029182,8/13/1998,1/18/2005,1998,Curated from the literature by BindingDB,10.1021/jm9802259,9703473,CHEMBL301612
bindingdb_articles,4084,4084,3072,Epidermal growth factor receptor,Homo sapiens,P00533,"CCn1c2nc(Nc3ccccc3)ncc2cc(-c2c(Cl)cccc2Cl)c1=O |(-1.73,-3.06,;-2.82,-1.97,;-2.82,-.43,;-4.15,.34,;-5.48,-.43,;-6.82,.34,;-8.15,-.43,;-8.15,-1.97,;-6.81,-2.74,;-6.81,-4.28,;-8.14,-5.05,;-9.48,-4.29,;-9.48,-2.75,;-6.82,1.88,;-5.48,2.65,;-4.15,1.88,;-2.82,2.65,;-1.48,1.88,;-.15,2.65,;-.15,4.19,;-1.48,4.96,;1.18,4.96,;2.52,4.19,;2.52,2.65,;1.18,1.88,;1.18,.34,;-1.48,.34,;-.15,-.43,)|",CCn1c(=O)c(-c2c(Cl)cccc2Cl)cc2cnc(Nc3ccccc3)nc21,200.0,6.698970004336019,8/13/1998,1/18/2005,1998,Curated from the literature by BindingDB,10.1021/jm9802259,9703473,
bindingdb_articles,4085,4085,3073,Epidermal growth factor receptor,Homo sapiens,P00533,"Cn1c2nc(Nc3cccnc3)ncc2cc(-c2c(Cl)cccc2Cl)c1=O |(-2.82,-1.97,;-2.82,-.43,;-4.15,.34,;-5.48,-.43,;-6.82,.34,;-8.15,-.43,;-8.15,-1.97,;-9.48,-2.74,;-9.48,-4.28,;-8.15,-5.05,;-6.82,-4.28,;-6.82,-2.74,;-6.82,1.88,;-5.48,2.65,;-4.15,1.88,;-2.82,2.65,;-1.48,1.88,;-.15,2.65,;-.15,4.19,;-1.48,4.96,;1.18,4.96,;2.52,4.19,;2.52,2.65,;1.18,1.88,;1.18,.34,;-1.48,.34,;-.15,-.43,)|",Cn1c(=O)c(-c2c(Cl)cccc2Cl)cc2cnc(Nc3cccnc3)nc21,510.0,6.292429823902063,8/13/1998,1/18/2005,1998,Curated from the literature by BindingDB,10.1021/jm9802259,9703473,
bindingdb_articles,4086,4086,3074,Epidermal growth factor receptor,Homo sapiens,P00533,"COc1ccc(Nc2ncc3cc(-c4c(Cl)cccc4Cl)c(=O)n(C)c3n2)cn1 |(-7.06,-7.68,;-8.15,-6.59,;-8.15,-5.05,;-9.48,-4.28,;-9.48,-2.74,;-8.15,-1.97,;-8.15,-.43,;-6.82,.34,;-6.82,1.88,;-5.48,2.65,;-4.15,1.88,;-2.82,2.65,;-1.48,1.88,;-.15,2.65,;-.15,4.19,;-1.48,4.96,;1.18,4.96,;2.52,4.19,;2.52,2.65,;1.18,1.88,;1.18,.34,;-1.48,.34,;-.15,-.43,;-2.82,-.43,;-2.82,-1.97,;-4.15,.34,;-5.48,-.43,;-6.82,-2.74,;-6.82,-4.28,)|",COc1ccc(Nc2ncc3cc(-c4c(Cl)cccc4Cl)c(=O)n(C)c3n2)cn1,1300.0,5.886056647693163,8/13/1998,1/18/2005,1998,Curated from the literature by BindingDB,10.1021/jm9802259,9703473,
bindingdb_articles,4087,4087,3075,Epidermal growth factor receptor,Homo sapiens,P00533,"Cn1c2nc(Nc3ccncc3)ncc2cc(-c2c(Cl)cccc2Cl)c1=O |(-2.82,-1.97,;-2.82,-.43,;-4.15,.34,;-5.48,-.43,;-6.82,.34,;-8.15,-.43,;-8.15,-1.97,;-6.82,-2.74,;-6.82,-4.28,;-8.15,-5.05,;-9.48,-4.28,;-9.48,-2.74,;-6.82,1.88,;-5.48,2.65,;-4.15,1.88,;-2.82,2.65,;-1.48,1.88,;-.15,2.65,;-.15,4.19,;-1.48,4.96,;1.18,4.96,;2.52,4.19,;2.52,2.65,;1.18,1.88,;1.18,.34,;-1.48,.34,;-.15,-.43,)|",Cn1c(=O)c(-c2c(Cl)cccc2Cl)cc2cnc(Nc3ccncc3)nc21,910.0,6.040958607678906,8/13/1998,1/18/2005,1998,Curated from the literature by BindingDB,10.1021/jm9802259,9703473,
bindingdb_articles,4100,4100,3076,Epidermal growth factor receptor,Homo sapiens,P00533,"CCn1c2nc(Nc3ccncc3)ncc2cc(-c2c(Cl)cccc2Cl)c1=O |(-1.73,-3.06,;-2.82,-1.97,;-2.82,-.43,;-4.15,.34,;-5.48,-.43,;-6.82,.34,;-8.15,-.43,;-8.15,-1.97,;-6.82,-2.74,;-6.82,-4.28,;-8.15,-5.05,;-9.48,-4.28,;-9.48,-2.74,;-6.82,1.88,;-5.48,2.65,;-4.15,1.88,;-2.82,2.65,;-1.48,1.88,;-.15,2.65,;-.15,4.19,;-1.48,4.96,;1.18,4.96,;2.52,4.19,;2.52,2.65,;1.18,1.88,;1.18,.34,;-1.48,.34,;-.15,-.43,)|",CCn1c(=O)c(-c2c(Cl)cccc2Cl)cc2cnc(Nc3ccncc3)nc21,490.0,6.309803919971486,8/13/1998,1/18/2005,1998,Curated from the literature by BindingDB,10.1021/jm9802259,9703473,
bindingdb_articles,4102,4102,3078,Epidermal growth factor receptor,Homo sapiens,P00533,"Cn1c2nc(Nc3cccc(Br)c3)ncc2cc(-c2c(Cl)cccc2Cl)c1=O |(-2.82,-1.97,;-2.82,-.43,;-4.15,.34,;-5.48,-.43,;-6.82,.34,;-8.15,-.43,;-8.15,-1.97,;-9.48,-2.74,;-9.48,-4.28,;-8.15,-5.05,;-6.82,-4.28,;-5.48,-5.05,;-6.82,-2.74,;-6.82,1.88,;-5.48,2.65,;-4.15,1.88,;-2.82,2.65,;-1.48,1.88,;-.15,2.65,;-.15,4.19,;-1.48,4.96,;1.18,4.96,;2.52,4.19,;2.52,2.65,;1.18,1.88,;1.18,.34,;-1.48,.34,;-.15,-.43,)|",Cn1c(=O)c(-c2c(Cl)cccc2Cl)cc2cnc(Nc3cccc(Br)c3)nc21,670.0,6.173925197299173,8/13/1998,1/18/2005,1998,Curated from the literature by BindingDB,10.1021/jm9802259,9703473,
bindingdb_articles,4103,4103,3079,Epidermal growth factor receptor,Homo sapiens,P00533,"Cc1ccc(Nc2ncc3cc(-c4c(Cl)cccc4Cl)c(=O)n(C)c3n2)cc1 |(-8.15,-6.59,;-8.15,-5.05,;-9.48,-4.28,;-9.48,-2.74,;-8.15,-1.97,;-8.15,-.43,;-6.82,.34,;-6.82,1.88,;-5.48,2.65,;-4.15,1.88,;-2.82,2.65,;-1.48,1.88,;-.15,2.65,;-.15,4.19,;-1.48,4.96,;1.18,4.96,;2.52,4.19,;2.52,2.65,;1.18,1.88,;1.18,.34,;-1.48,.34,;-.15,-.43,;-2.82,-.43,;-2.82,-1.97,;-4.15,.34,;-5.48,-.43,;-6.82,-2.74,;-6.82,-4.28,)|",Cc1ccc(Nc2ncc3cc(-c4c(Cl)cccc4Cl)c(=O)n(C)c3n2)cc1,480.0,6.318758762624412,8/13/1998,1/18/2005,1998,Curated from the literature by BindingDB,10.1021/jm9802259,9703473,
bindingdb_articles,4119,4119,3080,Epidermal growth factor receptor,Homo sapiens,P00533,"COc1ccccc1Nc1ncc2cc(-c3c(Cl)cccc3Cl)c(=O)n(C)c2n1 |(-12.15,-2.74,;-10.82,-1.97,;-9.48,-2.74,;-9.48,-4.28,;-8.15,-5.05,;-6.82,-4.28,;-6.82,-2.74,;-8.15,-1.97,;-8.15,-.43,;-6.82,.34,;-6.82,1.88,;-5.48,2.65,;-4.15,1.88,;-2.82,2.65,;-1.48,1.88,;-.15,2.65,;-.15,4.19,;-1.48,4.96,;1.18,4.96,;2.52,4.19,;2.52,2.65,;1.18,1.88,;1.18,.34,;-1.48,.34,;-.15,-.43,;-2.82,-.43,;-2.82,-1.97,;-4.15,.34,;-5.48,-.43,)|",COc1ccccc1Nc1ncc2cc(-c3c(Cl)cccc3Cl)c(=O)n(C)c2n1,660.0,6.180456064458131,8/13/1998,1/18/2005,1998,Curated from the literature by BindingDB,10.1021/jm9802259,9703473,
bindingdb_articles,4120,4120,3081,Epidermal growth factor receptor,Homo sapiens,P00533,"COc1cccc(Nc2ncc3cc(-c4c(Cl)cccc4Cl)c(=O)n(C)c3n2)c1 |(-12.15,-4.28,;-10.82,-5.05,;-9.48,-4.28,;-8.15,-5.05,;-6.82,-4.28,;-6.82,-2.74,;-8.15,-1.97,;-8.15,-.43,;-6.82,.34,;-6.82,1.88,;-5.48,2.65,;-4.15,1.88,;-2.82,2.65,;-1.48,1.88,;-.15,2.65,;-.15,4.19,;-1.48,4.96,;1.18,4.96,;2.52,4.19,;2.52,2.65,;1.18,1.88,;1.18,.34,;-1.48,.34,;-.15,-.43,;-2.82,-.43,;-2.82,-1.97,;-4.15,.34,;-5.48,-.43,;-9.48,-2.74,)|",COc1cccc(Nc2ncc3cc(-c4c(Cl)cccc4Cl)c(=O)n(C)c3n2)c1,30.0,7.522878745280337,8/13/1998,1/18/2005,1998,Curated from the literature by BindingDB,10.1021/jm9802259,9703473,
bindingdb_articles,4121,4121,3082,Epidermal growth factor receptor,Homo sapiens,P00533,"COc1ccc(Nc2ncc3cc(-c4c(Cl)cccc4Cl)c(=O)n(C)c3n2)cc1 |(-7.06,-7.68,;-8.15,-6.59,;-8.15,-5.05,;-6.82,-4.28,;-6.82,-2.74,;-8.15,-1.97,;-8.15,-.43,;-6.82,.34,;-6.82,1.88,;-5.48,2.65,;-4.15,1.88,;-2.82,2.65,;-1.48,1.88,;-.15,2.65,;-.15,4.19,;-1.48,4.96,;1.18,4.96,;2.52,4.19,;2.52,2.65,;1.18,1.88,;1.18,.34,;-1.48,.34,;-.15,-.43,;-2.82,-.43,;-2.82,-1.97,;-4.15,.34,;-5.48,-.43,;-9.48,-2.74,;-9.48,-4.28,)|",COc1ccc(Nc2ncc3cc(-c4c(Cl)cccc4Cl)c(=O)n(C)c3n2)cc1,220.0,6.657577319177793,8/13/1998,1/18/2005,1998,Curated from the literature by BindingDB,10.1021/jm9802259,9703473,
bindingdb_articles,4122,4122,3083,Epidermal growth factor receptor,Homo sapiens,P00533,"Cn1c2nc(Nc3cccc(O)c3)ncc2cc(-c2c(Cl)cccc2Cl)c1=O |(-2.82,-1.97,;-2.82,-.43,;-4.15,.34,;-5.48,-.43,;-6.82,.34,;-8.15,-.43,;-8.15,-1.97,;-6.82,-2.74,;-6.82,-4.28,;-8.15,-5.05,;-9.48,-4.28,;-10.82,-5.05,;-9.48,-2.74,;-6.82,1.88,;-5.48,2.65,;-4.15,1.88,;-2.82,2.65,;-1.48,1.88,;-.15,2.65,;-.15,4.19,;-1.48,4.96,;1.18,4.96,;2.52,4.19,;2.52,2.65,;1.18,1.88,;1.18,.34,;-1.48,.34,;-.15,-.43,)|",Cn1c(=O)c(-c2c(Cl)cccc2Cl)cc2cnc(Nc3cccc(O)c3)nc21,150.0,6.823908740944319,8/13/1998,1/18/2005,1998,Curated from the literature by BindingDB,10.1021/jm9802259,9703473,
bindingdb_articles,4139,4139,3085,Epidermal growth factor receptor,Homo sapiens,P00533,CN1c2c(cnc(n2)Nc3cccc(c3)CO)C=C(C1=O)c4c(cccc4Cl)Cl,Cn1c(=O)c(-c2c(Cl)cccc2Cl)cc2cnc(Nc3cccc(CO)c3)nc21,90.0,7.045757490560675,8/13/1998,1/18/2005,1998,Curated from the literature by BindingDB,10.1021/jm9802259,9703473,
bindingdb_articles,4140,4140,3086,Epidermal growth factor receptor,Homo sapiens,P00533,"COc1ccc(Nc2ncc3cc(-c4c(Cl)cccc4Cl)c(=O)n(C)c3n2)cc1C |(-7.06,-7.68,;-8.15,-6.59,;-8.15,-5.05,;-6.82,-4.28,;-6.82,-2.74,;-8.15,-1.97,;-8.15,-.43,;-6.82,.34,;-6.82,1.88,;-5.48,2.65,;-4.15,1.88,;-2.82,2.65,;-1.48,1.88,;-.15,2.65,;-.15,4.19,;-1.48,4.96,;1.18,4.96,;2.52,4.19,;2.52,2.65,;1.18,1.88,;1.18,.34,;-1.48,.34,;-.15,-.43,;-2.82,-.43,;-2.82,-1.97,;-4.15,.34,;-5.48,-.43,;-9.48,-2.74,;-9.48,-4.28,;-10.82,-5.05,)|",COc1ccc(Nc2ncc3cc(-c4c(Cl)cccc4Cl)c(=O)n(C)c3n2)cc1C,250.0,6.6020599913279625,8/13/1998,1/18/2005,1998,Curated from the literature by BindingDB,10.1021/jm9802259,9703473,
bindingdb_articles,4141,4141,3087,Epidermal growth factor receptor,Homo sapiens,P00533,"COc1cc(Nc2ncc3cc(-c4c(Cl)cccc4Cl)c(=O)n(C)c3n2)cc(OC)c1 |(-12.15,-4.28,;-10.82,-5.05,;-9.48,-4.28,;-9.48,-2.74,;-8.15,-1.97,;-8.15,-.43,;-6.82,.34,;-6.82,1.88,;-5.48,2.65,;-4.15,1.88,;-2.82,2.65,;-1.48,1.88,;-.15,2.65,;-.15,4.19,;-1.48,4.96,;1.18,4.96,;2.52,4.19,;2.52,2.65,;1.18,1.88,;1.18,.34,;-1.48,.34,;-.15,-.43,;-2.82,-.43,;-2.82,-1.97,;-4.15,.34,;-5.48,-.43,;-6.82,-2.74,;-6.82,-4.28,;-5.48,-5.05,;-4.15,-4.28,;-8.15,-5.05,)|",COc1cc(Nc2ncc3cc(-c4c(Cl)cccc4Cl)c(=O)n(C)c3n2)cc(OC)c1,330.0,6.481486060122112,8/13/1998,1/18/2005,1998,Curated from the literature by BindingDB,10.1021/jm9802259,9703473,
bindingdb_articles,4165,4165,3096,Epidermal growth factor receptor,Homo sapiens,P00533,CCN(CC)CCOc1ccc(cc1)Nc2ncc3c(n2)N(C(=O)C(=C3)c4c(cccc4Cl)Cl)C,CCN(CC)CCOc1ccc(Nc2ncc3cc(-c4c(Cl)cccc4Cl)c(=O)n(C)c3n2)cc1,44.0,7.356547323513812,8/13/1998,1/18/2005,1998,Curated from the literature by BindingDB,10.1021/jm9802259,9703473,CHEMBL49120
bindingdb_articles,4193,4193,3103,Epidermal growth factor receptor,Homo sapiens,P00533,"Cn1c2nc(Nc3cccc(c3)C(O)=O)ncc2cc(-c2c(Cl)cccc2Cl)c1=O |(-2.82,-1.97,;-2.82,-.43,;-4.15,.34,;-5.48,-.43,;-6.82,.34,;-8.15,-.43,;-8.15,-1.97,;-6.82,-2.74,;-6.82,-4.28,;-8.15,-5.05,;-9.48,-4.28,;-9.48,-2.74,;-10.82,-5.05,;-12.15,-4.28,;-10.82,-6.59,;-6.82,1.88,;-5.48,2.65,;-4.15,1.88,;-2.82,2.65,;-1.48,1.88,;-.15,2.65,;-.15,4.19,;-1.48,4.96,;1.18,4.96,;2.52,4.19,;2.52,2.65,;1.18,1.88,;1.18,.34,;-1.48,.34,;-.15,-.43,)|",Cn1c(=O)c(-c2c(Cl)cccc2Cl)cc2cnc(Nc3cccc(C(=O)O)c3)nc21,190.0,6.721246399047171,8/13/1998,1/18/2005,1998,Curated from the literature by BindingDB,10.1021/jm9802259,9703473,
bindingdb_articles,4194,4194,3104,Epidermal growth factor receptor,Homo sapiens,P00533,"Cn1c2nc(Nc3ccc(CC(O)=O)cc3)ncc2cc(-c2c(Cl)cccc2Cl)c1=O |(-2.82,-1.97,;-2.82,-.43,;-4.15,.34,;-5.48,-.43,;-6.82,.34,;-8.15,-.43,;-8.15,-1.97,;-9.48,-2.74,;-9.48,-4.28,;-8.15,-5.05,;-8.15,-6.59,;-7.38,-7.93,;-5.84,-7.93,;-8.15,-9.26,;-6.82,-4.28,;-6.82,-2.74,;-6.82,1.88,;-5.48,2.65,;-4.15,1.88,;-2.82,2.65,;-1.48,1.88,;-.15,2.65,;-.15,4.19,;-1.48,4.96,;1.18,4.96,;2.52,4.19,;2.52,2.65,;1.18,1.88,;1.18,.34,;-1.48,.34,;-.15,-.43,)|",Cn1c(=O)c(-c2c(Cl)cccc2Cl)cc2cnc(Nc3ccc(CC(=O)O)cc3)nc21,220.0,6.657577319177793,8/13/1998,1/18/2005,1998,Curated from the literature by BindingDB,10.1021/jm9802259,9703473,CHEMBL50647
bindingdb_articles,4195,4195,3105,Epidermal growth factor receptor,Homo sapiens,P00533,"Cn1c2nc(Nc3ccc(CCCC(O)=O)cc3)ncc2cc(-c2c(Cl)cccc2Cl)c1=O |(-2.82,-1.97,;-2.82,-.43,;-4.15,.34,;-5.48,-.43,;-6.82,.34,;-8.15,-.43,;-8.15,-1.97,;-9.48,-2.74,;-9.48,-4.28,;-8.15,-5.05,;-8.15,-6.59,;-7.38,-7.93,;-8.15,-9.26,;-7.06,-10.35,;-5.57,-10.75,;-7.83,-11.68,;-6.82,-4.28,;-6.82,-2.74,;-6.82,1.88,;-5.48,2.65,;-4.15,1.88,;-2.82,2.65,;-1.48,1.88,;-.15,2.65,;-.15,4.19,;-1.48,4.96,;1.18,4.96,;2.52,4.19,;2.52,2.65,;1.18,1.88,;1.18,.34,;-1.48,.34,;-.15,-.43,)|",Cn1c(=O)c(-c2c(Cl)cccc2Cl)cc2cnc(Nc3ccc(CCCC(=O)O)cc3)nc21,80.0,7.096910013008056,8/13/1998,1/18/2005,1998,Curated from the literature by BindingDB,10.1021/jm9802259,9703473,CHEMBL113070
bindingdb_articles,4841,4841,3255,Epidermal growth factor receptor,Homo sapiens,P00533,c1ccc(cc1)CCNc2c3ccccc3ncn2,c1ccc(CCNc2ncnc3ccccc23)cc1,4100.0,5.3872161432802645,9/1/1995,2/21/2005,1995,Curated from the literature by BindingDB,10.1021/jm00018a008,7658435,
bindingdb_articles,4842,4842,3256,Epidermal growth factor receptor,Homo sapiens,P00533,C(Nc1ncnc2ccccc12)c1ccccc1,c1ccc(CNc2ncnc3ccccc23)cc1,320.0,6.494850021680094,9/1/1995,2/21/2005,1995,Curated from the literature by BindingDB,10.1021/jm00018a008,7658435,
bindingdb_articles,4843,4843,3257,Epidermal growth factor receptor,Homo sapiens,P00533,c1ccc2c(c1)c(ncn2)NCc3ccc(cc3)Cl,Clc1ccc(CNc2ncnc3ccccc23)cc1,7000.0,5.154901959985743,9/1/1995,2/21/2005,1995,Curated from the literature by BindingDB,10.1021/jm00018a008,7658435,
bindingdb_articles,4844,4844,3258,Epidermal growth factor receptor,Homo sapiens,P00533,COc1ccc(CNc2ncnc3ccccc23)cc1,COc1ccc(CNc2ncnc3ccccc23)cc1,10000.0,5.0,9/1/1995,2/21/2005,1995,Curated from the literature by BindingDB,10.1021/jm00018a008,7658435,
bindingdb_articles,4845,4845,3259,Epidermal growth factor receptor,Homo sapiens,P00533,N(c1ccccc1)c1ncnc2ccccc12,c1ccc(Nc2ncnc3ccccc23)cc1,344.0,6.46344155742847,9/1/1995,2/21/2005,1995,Curated from the literature by BindingDB,10.1021/jm00018a008,7658435,CHEMBL289959
bindingdb_articles,4846,4846,3260,Epidermal growth factor receptor,Homo sapiens,P00533,CN(c1ccccc1)c1ncnc2ccccc12,CN(c1ccccc1)c1ncnc2ccccc12,100000.0,4.0,9/1/1995,2/21/2005,1995,Curated from the literature by BindingDB,10.1021/jm00018a008,7658435,
bindingdb_articles,4847,4847,3261,Epidermal growth factor receptor,Homo sapiens,P00533,COc1cccc(Nc2ncnc3ccccc23)c1,COc1cccc(Nc2ncnc3ccccc23)c1,842.0,6.0746879085003505,9/1/1995,2/21/2005,1995,Curated from the literature by BindingDB,10.1021/jm00018a008,7658435,
bindingdb_articles,4848,4848,3262,Epidermal growth factor receptor,Homo sapiens,P00533,Cc1cccc(Nc2ncnc3ccccc23)c1,Cc1cccc(Nc2ncnc3ccccc23)c1,910.0,6.040958607678906,9/1/1995,2/21/2005,1995,Curated from the literature by BindingDB,10.1021/jm00018a008,7658435,
bindingdb_articles,4849,4849,3263,Epidermal growth factor receptor,Homo sapiens,P00533,Clc1cccc(Nc2ncnc3ccccc23)c1,Clc1cccc(Nc2ncnc3ccccc23)c1,23.0,7.638272163982407,9/1/1995,2/21/2005,1995,Curated from the literature by BindingDB,10.1021/jm00018a008,7658435,CHEMBL555321CHEMBL329672
bindingdb_articles,4850,4850,3264,Epidermal growth factor receptor,Homo sapiens,P00533,Brc1cccc(Nc2ncnc3ccccc23)c1,Brc1cccc(Nc2ncnc3ccccc23)c1,27.0,7.568636235841012,9/1/1995,2/21/2005,1995,Curated from the literature by BindingDB,10.1021/jm00018a008,7658435,CHEMBL290096
bindingdb_articles,4851,4851,3265,Epidermal growth factor receptor,Homo sapiens,P00533,Ic1cccc(Nc2ncnc3ccccc23)c1,Ic1cccc(Nc2ncnc3ccccc23)c1,80.0,7.096910013008056,9/1/1995,2/21/2005,1995,Curated from the literature by BindingDB,10.1021/jm00018a008,7658435,CHEMBL92825
bindingdb_articles,4852,4852,3266,Epidermal growth factor receptor,Homo sapiens,P00533,FC(F)(F)c1cccc(Nc2ncnc3ccccc23)c1,FC(F)(F)c1cccc(Nc2ncnc3ccccc23)c1,577.0,6.238824186844269,9/1/1995,2/21/2005,1995,Curated from the literature by BindingDB,10.1021/jm00018a008,7658435,CHEMBL92824
bindingdb_articles,4854,4854,3268,Epidermal growth factor receptor,Homo sapiens,P00533,Brc1cccc(Oc2ncnc3ccccc23)c1,Brc1cccc(Oc2ncnc3ccccc23)c1,756.0,6.121478204498794,9/1/1995,2/21/2005,1995,Curated from the literature by BindingDB,10.1021/jm00018a008,7658435,
bindingdb_articles,4855,4855,3269,Epidermal growth factor receptor,Homo sapiens,P00533,Brc1cccc(Nc2ccnc3ccccc23)c1,Brc1cccc(Nc2ccnc3ccccc23)c1,5500.0,5.259637310505756,9/1/1995,2/21/2005,1995,Curated from the literature by BindingDB,10.1021/jm00018a008,7658435,
bindingdb_articles,4861,4861,3275,Epidermal growth factor receptor,Homo sapiens,P00533,[O-][N+](=O)c1cccc2ncnc(NCc3ccccc3)c12,O=[N+]([O-])c1cccc2ncnc(NCc3ccccc3)c12,8000.0,5.096910013008056,9/1/1995,2/21/2005,1995,Curated from the literature by BindingDB,10.1021/jm00018a008,7658435,
bindingdb_articles,4863,4863,3277,Epidermal growth factor receptor,Homo sapiens,P00533,COc1cccc2ncnc(NCc3ccccc3)c12,COc1cccc2ncnc(NCc3ccccc3)c12,4900.0,5.309803919971486,9/1/1995,2/21/2005,1995,Curated from the literature by BindingDB,10.1021/jm00018a008,7658435,
bindingdb_articles,4865,4865,3279,Epidermal growth factor receptor,Homo sapiens,P00533,Nc1ccc2ncnc(NCc3ccccc3)c2c1,Nc1ccc2ncnc(NCc3ccccc3)c2c1,1400.0,5.853871964321762,9/1/1995,2/21/2005,1995,Curated from the literature by BindingDB,10.1021/jm00018a008,7658435,CHEMBL332096
bindingdb_articles,4866,4866,3280,Epidermal growth factor receptor,Homo sapiens,P00533,COc1ccc2ncnc(NCc3ccccc3)c2c1,COc1ccc2ncnc(NCc3ccccc3)c2c1,200.0,6.698970004336019,9/1/1995,2/21/2005,1995,Curated from the literature by BindingDB,10.1021/jm00018a008,7658435,
bindingdb_articles,4867,4867,3281,Epidermal growth factor receptor,Homo sapiens,P00533,[O-][N+](=O)c1ccc2c(NCc3ccccc3)ncnc2c1,O=[N+]([O-])c1ccc2c(NCc3ccccc3)ncnc2c1,5900.0,5.229147988357855,9/1/1995,2/21/2005,1995,Curated from the literature by BindingDB,10.1021/jm00018a008,7658435,
bindingdb_articles,4869,4869,3283,Epidermal growth factor receptor,Homo sapiens,P00533,COc1ccc2c(NCc3ccccc3)ncnc2c1,COc1ccc2c(NCc3ccccc3)ncnc2c1,58.0,7.236572006437063,9/1/1995,2/21/2005,1995,Curated from the literature by BindingDB,10.1021/jm00018a008,7658435,
bindingdb_articles,4873,4873,3287,Epidermal growth factor receptor,Homo sapiens,P00533,COc1cc2c(NCc3ccccc3)ncnc2cc1O,COc1cc2c(NCc3ccccc3)ncnc2cc1O,588.0,6.230622673923861,9/1/1995,2/21/2005,1995,Curated from the literature by BindingDB,10.1021/jm00018a008,7658435,
bindingdb_articles,4874,4874,3288,Epidermal growth factor receptor,Homo sapiens,P00533,COc1cc2ncnc(NCc3ccccc3)c2cc1O,COc1cc2ncnc(NCc3ccccc3)c2cc1O,56.0,7.251811972993799,9/1/1995,2/21/2005,1995,Curated from the literature by BindingDB,10.1021/jm00018a008,7658435,
bindingdb_articles,4875,4875,3289,Epidermal growth factor receptor,Homo sapiens,P00533,COc1cc2ncnc(NCc3ccccc3)c2cc1OC,COc1cc2ncnc(NCc3ccccc3)c2cc1OC,10.0,8.0,9/1/1995,2/21/2005,1995,Curated from the literature by BindingDB,10.1021/jm00018a008,7658435,CHEMBL545541
bindingdb_articles,4876,4876,3290,Epidermal growth factor receptor,Homo sapiens,P00533,[O-][N+](=O)c1cccc2ncnc(Nc3cccc(Br)c3)c12,O=[N+]([O-])c1cccc2ncnc(Nc3cccc(Br)c3)c12,355.0,6.449771646944906,9/1/1995,2/21/2005,1995,Curated from the literature by BindingDB,10.1021/jm00018a008,7658435,
bindingdb_articles,4877,4877,3291,Epidermal growth factor receptor,Homo sapiens,P00533,Nc1cccc2ncnc(Nc3cccc(Br)c3)c12,Nc1cccc2ncnc(Nc3cccc(Br)c3)c12,439.0,6.357535479757878,9/1/1995,2/21/2005,1995,Curated from the literature by BindingDB,10.1021/jm00018a008,7658435,
bindingdb_articles,4878,4878,3292,Epidermal growth factor receptor,Homo sapiens,P00533,COc1cccc2ncnc(Nc3cccc(Br)c3)c12,COc1cccc2ncnc(Nc3cccc(Br)c3)c12,139.0,6.856985199745905,9/1/1995,2/21/2005,1995,Curated from the literature by BindingDB,10.1021/jm00018a008,7658435,
bindingdb_articles,4879,4879,3293,Epidermal growth factor receptor,Homo sapiens,P00533,[O-][N+](=O)c1ccc2ncnc(Nc3cccc(Br)c3)c2c1,O=[N+]([O-])c1ccc2ncnc(Nc3cccc(Br)c3)c2c1,897.0,6.047207556955907,9/1/1995,2/21/2005,1995,Curated from the literature by BindingDB,10.1021/jm00018a008,7658435,CHEMBL329161
bindingdb_articles,4880,4880,3294,Epidermal growth factor receptor,Homo sapiens,P00533,Nc1ccc2ncnc(Nc3cccc(Br)c3)c2c1,Nc1ccc2ncnc(Nc3cccc(Br)c3)c2c1,0.79,9.102372908709558,9/1/1995,2/21/2005,1995,Curated from the literature by BindingDB,10.1021/jm00018a008,7658435,CHEMBL52765
bindingdb_articles,4881,4881,3295,Epidermal growth factor receptor,Homo sapiens,P00533,COc1ccc2ncnc(Nc3cccc(Br)c3)c2c1,COc1ccc2ncnc(Nc3cccc(Br)c3)c2c1,348.0,6.458420756053419,9/1/1995,2/21/2005,1995,Curated from the literature by BindingDB,10.1021/jm00018a008,7658435,CHEMBL52197
bindingdb_articles,4882,4882,3296,Epidermal growth factor receptor,Homo sapiens,P00533,[O-][N+](=O)c1ccc2c(Nc3cccc(Br)c3)ncnc2c1,O=[N+]([O-])c1ccc2c(Nc3cccc(Br)c3)ncnc2c1,1000.0,6.0,9/1/1995,2/21/2005,1995,Curated from the literature by BindingDB,10.1021/jm00018a008,7658435,CHEMBL94275
bindingdb_articles,4883,4883,3297,Epidermal growth factor receptor,Homo sapiens,P00533,Nc1ccc2c(Nc3cccc(Br)c3)ncnc2c1,Nc1ccc2c(Nc3cccc(Br)c3)ncnc2c1,0.1,10.0,9/1/1995,2/21/2005,1995,Curated from the literature by BindingDB,10.1021/jm00018a008,7658435,CHEMBL420624
bindingdb_articles,4884,4884,3298,Epidermal growth factor receptor,Homo sapiens,P00533,COc1ccc2c(Nc3cccc(Br)c3)ncnc2c1,COc1ccc2c(Nc3cccc(Br)c3)ncnc2c1,10.0,8.0,9/1/1995,2/21/2005,1995,Curated from the literature by BindingDB,10.1021/jm00018a008,7658435,CHEMBL93181
bindingdb_articles,4886,4886,3300,Epidermal growth factor receptor,Homo sapiens,P00533,Nc1cccc2c(Nc3cccc(Br)c3)ncnc12,Nc1cccc2c(Nc3cccc(Br)c3)ncnc12,105.0,6.978810700930062,9/1/1995,2/21/2005,1995,Curated from the literature by BindingDB,10.1021/jm00018a008,7658435,
bindingdb_articles,4887,4887,3301,Epidermal growth factor receptor,Homo sapiens,P00533,COc1cccc2c(Nc3cccc(Br)c3)ncnc12,COc1cccc2c(Nc3cccc(Br)c3)ncnc12,974.0,6.011441043121384,9/1/1995,2/21/2005,1995,Curated from the literature by BindingDB,10.1021/jm00018a008,7658435,
bindingdb_articles,4888,4888,3302,Epidermal growth factor receptor,Homo sapiens,P00533,Oc1cc2ncnc(Nc3cccc(Br)c3)c2cc1O,Oc1cc2ncnc(Nc3cccc(Br)c3)c2cc1O,0.17,9.769551078621726,9/1/1995,2/21/2005,1995,Curated from the literature by BindingDB,10.1021/jm00018a008,7658435,CHEMBL93032
bindingdb_articles,4889,4889,3303,Epidermal growth factor receptor,Homo sapiens,P00533,Nc1cc2ncnc(Nc3cccc(Br)c3)c2cc1N,Nc1cc2ncnc(Nc3cccc(Br)c3)c2cc1N,0.12,9.920818753952375,9/1/1995,2/21/2005,1995,Curated from the literature by BindingDB,10.1021/jm00018a008,7658435,CHEMBL328216
bindingdb_articles,4891,4891,3304,Epidermal growth factor receptor,Homo sapiens,P00533,Nc1cc2ncnc(Nc3ccccc3)c2cn1,Nc1cc2ncnc(Nc3ccccc3)c2cn1,250.0,6.6020599913279625,9/15/1995,2/21/2005,1995,Curated from the literature by BindingDB,10.1021/jm00019a007,7562908,
bindingdb_articles,4892,4892,3305,Epidermal growth factor receptor,Homo sapiens,P00533,Nc1cc2ncnc(Nc3ccccc3[N+]([O-])=O)c2cn1,Nc1cc2ncnc(Nc3ccccc3[N+](=O)[O-])c2cn1,1250.0,5.903089986991944,9/15/1995,2/21/2005,1995,Curated from the literature by BindingDB,10.1021/jm00019a007,7562908,
bindingdb_articles,4893,4893,3306,Epidermal growth factor receptor,Homo sapiens,P00533,Nc1cc2ncnc(Nc3cccc(c3)[N+]([O-])=O)c2cn1,Nc1cc2ncnc(Nc3cccc([N+](=O)[O-])c3)c2cn1,40.0,7.3979400086720375,9/15/1995,2/21/2005,1995,Curated from the literature by BindingDB,10.1021/jm00019a007,7562908,
bindingdb_articles,4894,4894,3307,Epidermal growth factor receptor,Homo sapiens,P00533,Nc1cc2ncnc(Nc3ccc(cc3)[N+]([O-])=O)c2cn1,Nc1cc2ncnc(Nc3ccc([N+](=O)[O-])cc3)c2cn1,65000.0,4.187086643357144,9/15/1995,2/21/2005,1995,Curated from the literature by BindingDB,10.1021/jm00019a007,7562908,
bindingdb_articles,4895,4895,3308,Epidermal growth factor receptor,Homo sapiens,P00533,Nc1cc2ncnc(Nc3ccccc3Br)c2cn1,Nc1cc2ncnc(Nc3ccccc3Br)c2cn1,240.0,6.619788758288394,9/15/1995,2/21/2005,1995,Curated from the literature by BindingDB,10.1021/jm00019a007,7562908,
bindingdb_articles,4896,4896,3309,Epidermal growth factor receptor,Homo sapiens,P00533,Nc1cc2ncnc(Nc3cccc(Br)c3)c2cn1,Nc1cc2ncnc(Nc3cccc(Br)c3)c2cn1,10.0,8.0,9/15/1995,2/21/2005,1995,Curated from the literature by BindingDB,10.1021/jm00019a007,7562908,CHEMBL52076
bindingdb_articles,4897,4897,3310,Epidermal growth factor receptor,Homo sapiens,P00533,Nc1cc2ncnc(Nc3ccc(Br)cc3)c2cn1,Nc1cc2ncnc(Nc3ccc(Br)cc3)c2cn1,90.0,7.045757490560675,9/15/1995,2/21/2005,1995,Curated from the literature by BindingDB,10.1021/jm00019a007,7562908,
bindingdb_articles,4898,4898,3311,Epidermal growth factor receptor,Homo sapiens,P00533,Nc1cc2ncnc(Nc3ccccc3C(F)(F)F)c2cn1,Nc1cc2ncnc(Nc3ccccc3C(F)(F)F)c2cn1,10000.0,5.0,9/15/1995,2/21/2005,1995,Curated from the literature by BindingDB,10.1021/jm00019a007,7562908,
bindingdb_articles,4899,4899,3312,Epidermal growth factor receptor,Homo sapiens,P00533,Nc1cc2ncnc(Nc3cccc(c3)C(F)(F)F)c2cn1,Nc1cc2ncnc(Nc3cccc(C(F)(F)F)c3)c2cn1,15.0,7.823908740944319,9/15/1995,2/21/2005,1995,Curated from the literature by BindingDB,10.1021/jm00019a007,7562908,
bindingdb_articles,4900,4900,3313,Epidermal growth factor receptor,Homo sapiens,P00533,Nc1cc2ncnc(Nc3ccc(cc3)C(F)(F)F)c2cn1,Nc1cc2ncnc(Nc3ccc(C(F)(F)F)cc3)c2cn1,4700.0,5.327902142064282,9/15/1995,2/21/2005,1995,Curated from the literature by BindingDB,10.1021/jm00019a007,7562908,
bindingdb_articles,4901,4901,3314,Epidermal growth factor receptor,Homo sapiens,P00533,COc1ccccc1Nc1ncnc2cc(N)ncc12,COc1ccccc1Nc1ncnc2cc(N)ncc12,3710.0,5.430626090384954,9/15/1995,2/21/2005,1995,Curated from the literature by BindingDB,10.1021/jm00019a007,7562908,
bindingdb_articles,4902,4902,3315,Epidermal growth factor receptor,Homo sapiens,P00533,COc1cccc(Nc2ncnc3cc(N)ncc23)c1,COc1cccc(Nc2ncnc3cc(N)ncc23)c1,130.0,6.886056647693163,9/15/1995,2/21/2005,1995,Curated from the literature by BindingDB,10.1021/jm00019a007,7562908,
bindingdb_articles,4903,4903,3316,Epidermal growth factor receptor,Homo sapiens,P00533,COc1ccc(Nc2ncnc3cc(N)ncc23)cc1,COc1ccc(Nc2ncnc3cc(N)ncc23)cc1,670.0,6.173925197299173,9/15/1995,2/21/2005,1995,Curated from the literature by BindingDB,10.1021/jm00019a007,7562908,
bindingdb_articles,4904,4904,3317,Epidermal growth factor receptor,Homo sapiens,P00533,Nc1cc2ncnc(Nc3ccccc3N)c2cn1,Nc1cc2ncnc(Nc3ccccc3N)c2cn1,5250.0,5.279840696594043,9/15/1995,2/21/2005,1995,Curated from the literature by BindingDB,10.1021/jm00019a007,7562908,
bindingdb_articles,4905,4905,3318,Epidermal growth factor receptor,Homo sapiens,P00533,Nc1cccc(Nc2ncnc3cc(N)ncc23)c1,Nc1cccc(Nc2ncnc3cc(N)ncc23)c1,1550.0,5.809668301829708,9/15/1995,2/21/2005,1995,Curated from the literature by BindingDB,10.1021/jm00019a007,7562908,
bindingdb_articles,4906,4906,3319,Epidermal growth factor receptor,Homo sapiens,P00533,Nc1ccc(Nc2ncnc3cc(N)ncc23)cc1,Nc1ccc(Nc2ncnc3cc(N)ncc23)cc1,5900.0,5.229147988357855,9/15/1995,2/21/2005,1995,Curated from the literature by BindingDB,10.1021/jm00019a007,7562908,
bindingdb_articles,4907,4907,3320,Epidermal growth factor receptor,Homo sapiens,P00533,CN(C)c1ccccc1Nc1ncnc2cc(N)ncc12,CN(C)c1ccccc1Nc1ncnc2cc(N)ncc12,69000.0,4.161150909262744,9/15/1995,2/21/2005,1995,Curated from the literature by BindingDB,10.1021/jm00019a007,7562908,
bindingdb_articles,4908,4908,3321,Epidermal growth factor receptor,Homo sapiens,P00533,CN(C)c1cccc(Nc2ncnc3cc(N)ncc23)c1,CN(C)c1cccc(Nc2ncnc3cc(N)ncc23)c1,1790.0,5.747146969020107,9/15/1995,2/21/2005,1995,Curated from the literature by BindingDB,10.1021/jm00019a007,7562908,
bindingdb_articles,4909,4909,3322,Epidermal growth factor receptor,Homo sapiens,P00533,CN(C)c1ccc(Nc2ncnc3cc(N)ncc23)cc1,CN(C)c1ccc(Nc2ncnc3cc(N)ncc23)cc1,4860.0,5.313363730737707,9/15/1995,2/21/2005,1995,Curated from the literature by BindingDB,10.1021/jm00019a007,7562908,
bindingdb_articles,4910,4910,3323,Epidermal growth factor receptor,Homo sapiens,P00533,Nc1cc2ncnc(Nc3cccc(F)c3)c2cn1,Nc1cc2ncnc(Nc3cccc(F)c3)c2cn1,840.0,6.075720713938118,9/15/1995,2/21/2005,1995,Curated from the literature by BindingDB,10.1021/jm00019a007,7562908,
bindingdb_articles,4911,4911,3324,Epidermal growth factor receptor,Homo sapiens,P00533,Nc1cc2ncnc(Nc3cccc(Cl)c3)c2cn1,Nc1cc2ncnc(Nc3cccc(Cl)c3)c2cn1,120.0,6.920818753952375,9/15/1995,2/21/2005,1995,Curated from the literature by BindingDB,10.1021/jm00019a007,7562908,
bindingdb_articles,4912,4912,3325,Epidermal growth factor receptor,Homo sapiens,P00533,Nc1cc2ncnc(Nc3cccc(I)c3)c2cn1,Nc1cc2ncnc(Nc3cccc(I)c3)c2cn1,260.0,6.585026652029182,9/15/1995,2/21/2005,1995,Curated from the literature by BindingDB,10.1021/jm00019a007,7562908,
bindingdb_articles,4913,4913,3326,Epidermal growth factor receptor,Homo sapiens,P00533,Nc1cc2ncnc(Nc3cccc(O)c3)c2cn1,Nc1cc2ncnc(Nc3cccc(O)c3)c2cn1,70.0,7.154901959985743,9/15/1995,2/21/2005,1995,Curated from the literature by BindingDB,10.1021/jm00019a007,7562908,
bindingdb_articles,4914,4914,3327,Epidermal growth factor receptor,Homo sapiens,P00533,Cc1cccc(Nc2ncnc3cc(N)ncc23)c1,Cc1cccc(Nc2ncnc3cc(N)ncc23)c1,40.0,7.3979400086720375,9/15/1995,2/21/2005,1995,Curated from the literature by BindingDB,10.1021/jm00019a007,7562908,
bindingdb_articles,4918,4918,3331,Epidermal growth factor receptor,Homo sapiens,P00533,Nc1cc2ncnc(NCc3ccccc3)c2cn1,Nc1cc2ncnc(NCc3ccccc3)c2cn1,580.0,6.236572006437063,9/15/1995,2/21/2005,1995,Curated from the literature by BindingDB,10.1021/jm00019a007,7562908,CHEMBL300083
bindingdb_articles,4919,4919,3332,Epidermal growth factor receptor,Homo sapiens,P00533,Nc1cc2ncnc(NCc3ccccc3[N+]([O-])=O)c2cn1,Nc1cc2ncnc(NCc3ccccc3[N+](=O)[O-])c2cn1,4250.0,5.371611069949688,9/15/1995,2/21/2005,1995,Curated from the literature by BindingDB,10.1021/jm00019a007,7562908,
bindingdb_articles,4920,4920,3333,Epidermal growth factor receptor,Homo sapiens,P00533,Nc1cc2ncnc(NCc3cccc(c3)[N+]([O-])=O)c2cn1,Nc1cc2ncnc(NCc3cccc([N+](=O)[O-])c3)c2cn1,10100.0,4.995678626217358,9/15/1995,2/21/2005,1995,Curated from the literature by BindingDB,10.1021/jm00019a007,7562908,
bindingdb_articles,4922,4922,3335,Epidermal growth factor receptor,Homo sapiens,P00533,Nc1cc2ncnc(NCc3ccccc3Br)c2cn1,Nc1cc2ncnc(NCc3ccccc3Br)c2cn1,1670.0,5.777283528852417,9/15/1995,2/21/2005,1995,Curated from the literature by BindingDB,10.1021/jm00019a007,7562908,
bindingdb_articles,4923,4923,3336,Epidermal growth factor receptor,Homo sapiens,P00533,Nc1cc2ncnc(NCc3cccc(Br)c3)c2cn1,Nc1cc2ncnc(NCc3cccc(Br)c3)c2cn1,1000.0,6.0,9/15/1995,2/21/2005,1995,Curated from the literature by BindingDB,10.1021/jm00019a007,7562908,
bindingdb_articles,4924,4924,3337,Epidermal growth factor receptor,Homo sapiens,P00533,Nc1cc2ncnc(NCc3ccc(Br)cc3)c2cn1,Nc1cc2ncnc(NCc3ccc(Br)cc3)c2cn1,2460.0,5.609064892896621,9/15/1995,2/21/2005,1995,Curated from the literature by BindingDB,10.1021/jm00019a007,7562908,
bindingdb_articles,4925,4925,3338,Epidermal growth factor receptor,Homo sapiens,P00533,Nc1cc2ncnc(NCc3ccccc3C(F)(F)F)c2cn1,Nc1cc2ncnc(NCc3ccccc3C(F)(F)F)c2cn1,10000.0,5.0,9/15/1995,2/21/2005,1995,Curated from the literature by BindingDB,10.1021/jm00019a007,7562908,
bindingdb_articles,4926,4926,3339,Epidermal growth factor receptor,Homo sapiens,P00533,Nc1cc2ncnc(NCc3cccc(c3)C(F)(F)F)c2cn1,Nc1cc2ncnc(NCc3cccc(C(F)(F)F)c3)c2cn1,1950.0,5.709965388637482,9/15/1995,2/21/2005,1995,Curated from the literature by BindingDB,10.1021/jm00019a007,7562908,
bindingdb_articles,4927,4927,3340,Epidermal growth factor receptor,Homo sapiens,P00533,Nc1cc2ncnc(NCc3ccc(cc3)C(F)(F)F)c2cn1,Nc1cc2ncnc(NCc3ccc(C(F)(F)F)cc3)c2cn1,8000.0,5.096910013008056,9/15/1995,2/21/2005,1995,Curated from the literature by BindingDB,10.1021/jm00019a007,7562908,
bindingdb_articles,4928,4928,3341,Epidermal growth factor receptor,Homo sapiens,P00533,COc1ccccc1CNc1ncnc2cc(N)ncc12,COc1ccccc1CNc1ncnc2cc(N)ncc12,100000.0,4.0,9/15/1995,2/21/2005,1995,Curated from the literature by BindingDB,10.1021/jm00019a007,7562908,
bindingdb_articles,4929,4929,3342,Epidermal growth factor receptor,Homo sapiens,P00533,COc1cccc(CNc2ncnc3cc(N)ncc23)c1,COc1cccc(CNc2ncnc3cc(N)ncc23)c1,2870.0,5.542118103266008,9/15/1995,2/21/2005,1995,Curated from the literature by BindingDB,10.1021/jm00019a007,7562908,
bindingdb_articles,4931,4931,3344,Epidermal growth factor receptor,Homo sapiens,P00533,Nc1cc2ncnc(NCc3ccccc3N)c2cn1,Nc1cc2ncnc(NCc3ccccc3N)c2cn1,230.0,6.638272163982407,9/15/1995,2/21/2005,1995,Curated from the literature by BindingDB,10.1021/jm00019a007,7562908,
bindingdb_articles,4935,4935,3348,Epidermal growth factor receptor,Homo sapiens,P00533,CN(C)c1cccc(CNc2ncnc3cc(N)ncc23)c1,CN(C)c1cccc(CNc2ncnc3cc(N)ncc23)c1,10000.0,5.0,9/15/1995,2/21/2005,1995,Curated from the literature by BindingDB,10.1021/jm00019a007,7562908,
bindingdb_articles,4937,4937,3350,Epidermal growth factor receptor,Homo sapiens,P00533,CNC(=O)c1c(SSc2c(C(=O)NC)c3ccccc3n2C)n(C)c2ccccc12,CNC(=O)c1c(SSc2c(C(=O)NC)c3ccccc3n2C)n(C)c2ccccc12,6900.0,5.161150909262744,2/14/1997,2/22/2005,1997,Curated from the literature by BindingDB,10.1021/jm960689b,9046331,CHEMBL342929
bindingdb_articles,4938,4938,3351,Epidermal growth factor receptor,Homo sapiens,P00533,NC(Cc1c(SSc2[nH]c3ccccc3c2CC(N)C(=O)NCc2ccccc2)[nH]c2ccccc12)C(=O)NCc1ccccc1,NC(Cc1c(SSc2[nH]c3ccccc3c2CC(N)C(=O)NCc2ccccc2)[nH]c2ccccc12)C(=O)NCc1ccccc1,7400.0,5.130768280269024,2/14/1997,2/22/2005,1997,Curated from the literature by BindingDB,10.1021/jm960689b,9046331,CHEMBL336174
bindingdb_articles,4940,4940,3353,Epidermal growth factor receptor,Homo sapiens,P00533,Cn1c([Se][Se]c2c(C(O)=O)c3ccccc3n2C)c(C(O)=O)c2ccccc12,Cn1c([Se][Se]c2c(C(=O)O)c3ccccc3n2C)c(C(=O)O)c2ccccc21,3500.0,5.455931955649724,2/14/1997,2/22/2005,1997,Curated from the literature by BindingDB,10.1021/jm960689b,9046331,
bindingdb_articles,4941,4941,3354,Epidermal growth factor receptor,Homo sapiens,P00533,CNC(=O)c1c([Se][Se]c2c(C(=O)NC)c3ccccc3n2C)n(C)c2ccccc12,CNC(=O)c1c([Se][Se]c2c(C(=O)NC)c3ccccc3n2C)n(C)c2ccccc12,6100.0,5.214670164989233,2/14/1997,2/22/2005,1997,Curated from the literature by BindingDB,10.1021/jm960689b,9046331,
bindingdb_articles,4942,4942,3355,Epidermal growth factor receptor,Homo sapiens,P00533,CCN(CC)CCNC(=O)c1c([Se][Se]c2c(C(=O)NCCN(CC)CC)c3ccccc3n2C)n(C)c2ccccc12,CCN(CC)CCNC(=O)c1c([Se][Se]c2c(C(=O)NCCN(CC)CC)c3ccccc3n2C)n(C)c2ccccc12,4700.0,5.327902142064282,2/14/1997,2/22/2005,1997,Curated from the literature by BindingDB,10.1021/jm960689b,9046331,
bindingdb_articles,4943,4943,3356,Epidermal growth factor receptor,Homo sapiens,P00533,CNC(=O)c1c([Se][Se]c2[nH]c3ccccc3c2C(=O)NC)[nH]c2ccccc12,CNC(=O)c1c([Se][Se]c2[nH]c3ccccc3c2C(=O)NC)[nH]c2ccccc12,13000.0,4.886056647693163,2/14/1997,2/22/2005,1997,Curated from the literature by BindingDB,10.1021/jm960689b,9046331,
bindingdb_articles,4944,4944,3357,Epidermal growth factor receptor,Homo sapiens,P00533,CCN(CC)CCNC(=O)c1c([Se][Se]c2[nH]c3ccccc3c2C(=O)NCCN(CC)CC)[nH]c2ccccc12,CCN(CC)CCNC(=O)c1c([Se][Se]c2[nH]c3ccccc3c2C(=O)NCCN(CC)CC)[nH]c2ccccc12,4600.0,5.337242168318426,2/14/1997,2/22/2005,1997,Curated from the literature by BindingDB,10.1021/jm960689b,9046331,
bindingdb_articles,4945,4945,3358,Epidermal growth factor receptor,Homo sapiens,P00533,CCN(CC)CCn1c([Se][Se]c2c(C(=O)NC)c3ccccc3n2CCN(CC)CC)c(C(=O)NC)c2ccccc12,CCN(CC)CCn1c([Se][Se]c2c(C(=O)NC)c3ccccc3n2CCN(CC)CC)c(C(=O)NC)c2ccccc21,6900.0,5.161150909262744,2/14/1997,2/22/2005,1997,Curated from the literature by BindingDB,10.1021/jm960689b,9046331,
bindingdb_articles,4947,4947,3360,Epidermal growth factor receptor,Homo sapiens,P00533,FC(F)(F)C(=O)N[C@H](Cc1c([Se][Se]c2[nH]c3ccccc3c2C[C@@H](NC(=O)C(F)(F)F)C(=O)NCc2ccccc2)[nH]c2ccccc12)C(=O)NCc1ccccc1 |r|,O=C(NCc1ccccc1)[C@@H](Cc1c([Se][Se]c2[nH]c3ccccc3c2C[C@@H](NC(=O)C(F)(F)F)C(=O)NCc2ccccc2)[nH]c2ccccc12)NC(=O)C(F)(F)F,7000.0,5.154901959985743,2/14/1997,2/22/2005,1997,Curated from the literature by BindingDB,10.1021/jm960689b,9046331,
bindingdb_articles,4948,4948,3361,Epidermal growth factor receptor,Homo sapiens,P00533,N[C@H](Cc1c([Se][Se]c2[nH]c3ccccc3c2C[C@@H](N)C(=O)NCc2ccccc2)[nH]c2ccccc12)C(=O)NCc1ccccc1 |r|,N[C@H](Cc1c([Se][Se]c2[nH]c3ccccc3c2C[C@@H](N)C(=O)NCc2ccccc2)[nH]c2ccccc12)C(=O)NCc1ccccc1,900.0,6.045757490560675,2/14/1997,2/22/2005,1997,Curated from the literature by BindingDB,10.1021/jm960689b,9046331,
bindingdb_articles,4949,4949,3362,Epidermal growth factor receptor,Homo sapiens,P00533,N[C@@H](Cc1c([Se][Se]c2[nH]c3ccccc3c2C[C@H](N)C(=O)NCc2ccccc2)[nH]c2ccccc12)C(=O)NCc1ccccc1 |r|,N[C@@H](Cc1c([Se][Se]c2[nH]c3ccccc3c2C[C@H](N)C(=O)NCc2ccccc2)[nH]c2ccccc12)C(=O)NCc1ccccc1,1300.0,5.886056647693163,2/14/1997,2/22/2005,1997,Curated from the literature by BindingDB,10.1021/jm960689b,9046331,
bindingdb_articles,5263,5263,3259,Epidermal growth factor receptor,Homo sapiens,P00533,N(c1ccccc1)c1ncnc2ccccc12,c1ccc(Nc2ncnc3ccccc23)cc1,344.0,6.46344155742847,1/5/1996,3/8/2005,1996,Curated from the literature by BindingDB,10.1021/jm9503613,8568816,CHEMBL289959
bindingdb_articles,5264,5264,3503,Epidermal growth factor receptor,Homo sapiens,P00533,Fc1cccc(Nc2ncnc3ccccc23)c1,Fc1cccc(Nc2ncnc3ccccc23)c1,56.0,7.251811972993799,1/5/1996,3/8/2005,1996,Curated from the literature by BindingDB,10.1021/jm9503613,8568816,CHEMBL92985
bindingdb_articles,5265,5265,3263,Epidermal growth factor receptor,Homo sapiens,P00533,Clc1cccc(Nc2ncnc3ccccc23)c1,Clc1cccc(Nc2ncnc3ccccc23)c1,23.0,7.638272163982407,1/5/1996,3/8/2005,1996,Curated from the literature by BindingDB,10.1021/jm9503613,8568816,CHEMBL555321CHEMBL329672
bindingdb_articles,5266,5266,3264,Epidermal growth factor receptor,Homo sapiens,P00533,Brc1cccc(Nc2ncnc3ccccc23)c1,Brc1cccc(Nc2ncnc3ccccc23)c1,27.0,7.568636235841012,1/5/1996,3/8/2005,1996,Curated from the literature by BindingDB,10.1021/jm9503613,8568816,CHEMBL290096
bindingdb_articles,5267,5267,3265,Epidermal growth factor receptor,Homo sapiens,P00533,Ic1cccc(Nc2ncnc3ccccc23)c1,Ic1cccc(Nc2ncnc3ccccc23)c1,80.0,7.096910013008056,1/5/1996,3/8/2005,1996,Curated from the literature by BindingDB,10.1021/jm9503613,8568816,CHEMBL92825
bindingdb_articles,5268,5268,3266,Epidermal growth factor receptor,Homo sapiens,P00533,FC(F)(F)c1cccc(Nc2ncnc3ccccc23)c1,FC(F)(F)c1cccc(Nc2ncnc3ccccc23)c1,577.0,6.238824186844269,1/5/1996,3/8/2005,1996,Curated from the literature by BindingDB,10.1021/jm9503613,8568816,CHEMBL92824
bindingdb_articles,5269,5269,3508,Epidermal growth factor receptor,Homo sapiens,P00533,COc1ccc2ncnc(Nc3ccccc3)c2c1,COc1ccc2ncnc(Nc3ccccc3)c2c1,55.0,7.259637310505756,1/5/1996,3/8/2005,1996,Curated from the literature by BindingDB,10.1021/jm9503613,8568816,CHEMBL328879
bindingdb_articles,5270,5270,3295,Epidermal growth factor receptor,Homo sapiens,P00533,COc1ccc2ncnc(Nc3cccc(Br)c3)c2c1,COc1ccc2ncnc(Nc3cccc(Br)c3)c2c1,30.0,7.522878745280337,1/5/1996,3/8/2005,1996,Curated from the literature by BindingDB,10.1021/jm9503613,8568816,CHEMBL52197
bindingdb_articles,5271,5271,3510,Epidermal growth factor receptor,Homo sapiens,P00533,Nc1ccc2ncnc(Nc3ccccc3)c2c1,Nc1ccc2ncnc(Nc3ccccc3)c2c1,770.0,6.113509274827518,1/5/1996,3/8/2005,1996,Curated from the literature by BindingDB,10.1021/jm9503613,8568816,CHEMBL89940
bindingdb_articles,5272,5272,3511,Epidermal growth factor receptor,Homo sapiens,P00533,Nc1ccc2ncnc(Nc3cccc(c3)C(F)(F)F)c2c1,Nc1ccc2ncnc(Nc3cccc(C(F)(F)F)c3)c2c1,574.0,6.241088107602026,1/5/1996,3/8/2005,1996,Curated from the literature by BindingDB,10.1021/jm9503613,8568816,CHEMBL328244
bindingdb_articles,5273,5273,3294,Epidermal growth factor receptor,Homo sapiens,P00533,Nc1ccc2ncnc(Nc3cccc(Br)c3)c2c1,Nc1ccc2ncnc(Nc3cccc(Br)c3)c2c1,0.78,9.10790539730952,1/5/1996,3/8/2005,1996,Curated from the literature by BindingDB,10.1021/jm9503613,8568816,CHEMBL52765
bindingdb_articles,5274,5274,3513,Epidermal growth factor receptor,Homo sapiens,P00533,[O-][N+](=O)c1ccc2ncnc(Nc3ccccc3)c2c1,O=[N+]([O-])c1ccc2ncnc(Nc3ccccc3)c2c1,5000.0,5.301029995663981,1/5/1996,3/8/2005,1996,Curated from the literature by BindingDB,10.1021/jm9503613,8568816,CHEMBL328295
bindingdb_articles,5275,5275,3293,Epidermal growth factor receptor,Homo sapiens,P00533,[O-][N+](=O)c1ccc2ncnc(Nc3cccc(Br)c3)c2c1,O=[N+]([O-])c1ccc2ncnc(Nc3cccc(Br)c3)c2c1,900.0,6.045757490560675,1/5/1996,3/8/2005,1996,Curated from the literature by BindingDB,10.1021/jm9503613,8568816,CHEMBL329161
bindingdb_articles,5277,5277,3516,Epidermal growth factor receptor,Homo sapiens,P00533,COc1ccc2c(Nc3ccccc3)ncnc2c1,COc1ccc2c(Nc3ccccc3)ncnc2c1,120.0,6.920818753952375,1/5/1996,3/8/2005,1996,Curated from the literature by BindingDB,10.1021/jm9503613,8568816,CHEMBL92398
bindingdb_articles,5278,5278,3298,Epidermal growth factor receptor,Homo sapiens,P00533,COc1ccc2c(Nc3cccc(Br)c3)ncnc2c1,COc1ccc2c(Nc3cccc(Br)c3)ncnc2c1,10.0,8.0,1/5/1996,3/8/2005,1996,Curated from the literature by BindingDB,10.1021/jm9503613,8568816,CHEMBL93181
bindingdb_articles,5279,5279,3518,Epidermal growth factor receptor,Homo sapiens,P00533,Nc1ccc2c(Nc3ccccc3)ncnc2c1,Nc1ccc2c(Nc3ccccc3)ncnc2c1,100.0,7.0,1/5/1996,3/8/2005,1996,Curated from the literature by BindingDB,10.1021/jm9503613,8568816,CHEMBL330224
bindingdb_articles,5280,5280,3519,Epidermal growth factor receptor,Homo sapiens,P00533,Nc1ccc2c(Nc3cccc(F)c3)ncnc2c1,Nc1ccc2c(Nc3cccc(F)c3)ncnc2c1,2.0,8.698970004336019,1/5/1996,3/8/2005,1996,Curated from the literature by BindingDB,10.1021/jm9503613,8568816,CHEMBL93966
bindingdb_articles,5281,5281,3520,Epidermal growth factor receptor,Homo sapiens,P00533,Nc1ccc2c(Nc3cccc(Cl)c3)ncnc2c1,Nc1ccc2c(Nc3cccc(Cl)c3)ncnc2c1,0.25,9.602059991327963,1/5/1996,3/8/2005,1996,Curated from the literature by BindingDB,10.1021/jm9503613,8568816,CHEMBL328955
bindingdb_articles,5282,5282,3297,Epidermal growth factor receptor,Homo sapiens,P00533,Nc1ccc2c(Nc3cccc(Br)c3)ncnc2c1,Nc1ccc2c(Nc3cccc(Br)c3)ncnc2c1,0.1,10.0,1/5/1996,3/8/2005,1996,Curated from the literature by BindingDB,10.1021/jm9503613,8568816,CHEMBL420624
bindingdb_articles,5283,5283,3522,Epidermal growth factor receptor,Homo sapiens,P00533,Nc1ccc2c(Nc3cccc(I)c3)ncnc2c1,Nc1ccc2c(Nc3cccc(I)c3)ncnc2c1,0.35,9.455931955649724,1/5/1996,3/8/2005,1996,Curated from the literature by BindingDB,10.1021/jm9503613,8568816,CHEMBL91980
bindingdb_articles,5284,5284,3523,Epidermal growth factor receptor,Homo sapiens,P00533,Nc1ccc2c(Nc3cccc(c3)C(F)(F)F)ncnc2c1,Nc1ccc2c(Nc3cccc(C(F)(F)F)c3)ncnc2c1,3.3,8.481486060122112,1/5/1996,3/8/2005,1996,Curated from the literature by BindingDB,10.1021/jm9503613,8568816,CHEMBL433205
bindingdb_articles,5285,5285,3524,Epidermal growth factor receptor,Homo sapiens,P00533,[O-][N+](=O)c1ccc2c(Nc3ccccc3)ncnc2c1,O=[N+]([O-])c1ccc2c(Nc3ccccc3)ncnc2c1,12000.0,4.920818753952375,1/5/1996,3/8/2005,1996,Curated from the literature by BindingDB,10.1021/jm9503613,8568816,CHEMBL91914
bindingdb_articles,5286,5286,3525,Epidermal growth factor receptor,Homo sapiens,P00533,[O-][N+](=O)c1ccc2c(Nc3cccc(F)c3)ncnc2c1,O=[N+]([O-])c1ccc2c(Nc3cccc(F)c3)ncnc2c1,6100.0,5.214670164989233,1/5/1996,3/8/2005,1996,Curated from the literature by BindingDB,10.1021/jm9503613,8568816,CHEMBL329183
bindingdb_articles,5287,5287,3526,Epidermal growth factor receptor,Homo sapiens,P00533,[O-][N+](=O)c1ccc2c(Nc3cccc(Cl)c3)ncnc2c1,O=[N+]([O-])c1ccc2c(Nc3cccc(Cl)c3)ncnc2c1,810.0,6.09151498112135,1/5/1996,3/8/2005,1996,Curated from the literature by BindingDB,10.1021/jm9503613,8568816,CHEMBL93635
bindingdb_articles,5288,5288,3296,Epidermal growth factor receptor,Homo sapiens,P00533,[O-][N+](=O)c1ccc2c(Nc3cccc(Br)c3)ncnc2c1,O=[N+]([O-])c1ccc2c(Nc3cccc(Br)c3)ncnc2c1,1000.0,6.0,1/5/1996,3/8/2005,1996,Curated from the literature by BindingDB,10.1021/jm9503613,8568816,CHEMBL94275
bindingdb_articles,5289,5289,3528,Epidermal growth factor receptor,Homo sapiens,P00533,[O-][N+](=O)c1ccc2c(Nc3cccc(I)c3)ncnc2c1,O=[N+]([O-])c1ccc2c(Nc3cccc(I)c3)ncnc2c1,540.0,6.267606240177031,1/5/1996,3/8/2005,1996,Curated from the literature by BindingDB,10.1021/jm9503613,8568816,CHEMBL93284
bindingdb_articles,5291,5291,3530,Epidermal growth factor receptor,Homo sapiens,P00533,COc1cc2ncnc(Nc3ccccc3)c2cc1OC,COc1cc2ncnc(Nc3ccccc3)c2cc1OC,29.0,7.537602002101044,1/5/1996,3/8/2005,1996,Curated from the literature by BindingDB,10.1021/jm9503613,8568816,CHEMBL94191CHEMBL542484
bindingdb_articles,5292,5292,3531,Epidermal growth factor receptor,Homo sapiens,P00533,COc1cc2ncnc(Nc3cccc(F)c3)c2cc1OC,COc1cc2ncnc(Nc3cccc(F)c3)c2cc1OC,3.8,8.42021640338319,1/5/1996,3/8/2005,1996,Curated from the literature by BindingDB,10.1021/jm9503613,8568816,CHEMBL94431CHEMBL541586
bindingdb_articles,5293,5293,3532,Epidermal growth factor receptor,Homo sapiens,P00533,COc1cc2c(cc1OC)ncnc2Nc3cccc(c3)Cl,COc1cc2ncnc(Nc3cccc(Cl)c3)c2cc1OC,0.31,9.508638306165727,1/5/1996,3/8/2005,1996,Curated from the literature by BindingDB,10.1021/jm9503613,8568816,CHEMBL540068CHEMBL7917
bindingdb_articles,5295,5295,3533,Epidermal growth factor receptor,Homo sapiens,P00533,COc1cc2ncnc(Nc3cccc(I)c3)c2cc1OC,COc1cc2ncnc(Nc3cccc(I)c3)c2cc1OC,0.89,9.050609993355087,1/5/1996,3/8/2005,1996,Curated from the literature by BindingDB,10.1021/jm9503613,8568816,CHEMBL96065CHEMBL1204305
bindingdb_articles,5296,5296,3534,Epidermal growth factor receptor,Homo sapiens,P00533,COc1cc2ncnc(Nc3cccc(c3)C(F)(F)F)c2cc1OC,COc1cc2ncnc(Nc3cccc(C(F)(F)F)c3)c2cc1OC,0.24,9.619788758288394,1/5/1996,3/8/2005,1996,Curated from the literature by BindingDB,10.1021/jm9503613,8568816,CHEMBL316064
bindingdb_articles,5297,5297,3535,Epidermal growth factor receptor,Homo sapiens,P00533,CNc1ccc2ncnc(Nc3cccc(Br)c3)c2c1,CNc1ccc2ncnc(Nc3cccc(Br)c3)c2c1,4.0,8.397940008672037,1/5/1996,3/8/2005,1996,Curated from the literature by BindingDB,10.1021/jm9503613,8568816,CHEMBL50344
bindingdb_articles,5298,5298,3536,Epidermal growth factor receptor,Homo sapiens,P00533,CN(C)c1ccc2ncnc(Nc3cccc(Br)c3)c2c1,CN(C)c1ccc2ncnc(Nc3cccc(Br)c3)c2c1,84.0,7.075720713938118,1/5/1996,3/8/2005,1996,Curated from the literature by BindingDB,10.1021/jm9503613,8568816,CHEMBL52015
bindingdb_articles,5299,5299,3537,Epidermal growth factor receptor,Homo sapiens,P00533,COC(=O)Nc1ccc2ncnc(Nc3cccc(Br)c3)c2c1,COC(=O)Nc1ccc2ncnc(Nc3cccc(Br)c3)c2c1,12.0,7.920818753952375,1/5/1996,3/8/2005,1996,Curated from the literature by BindingDB,10.1021/jm9503613,8568816,CHEMBL328691
bindingdb_articles,5300,5300,3538,Epidermal growth factor receptor,Homo sapiens,P00533,Oc1ccc2c(Nc3cccc(Br)c3)ncnc2c1,Oc1ccc2c(Nc3cccc(Br)c3)ncnc2c1,4.7,8.327902142064282,1/5/1996,3/8/2005,1996,Curated from the literature by BindingDB,10.1021/jm9503613,8568816,CHEMBL93302
bindingdb_articles,5301,5301,3539,Epidermal growth factor receptor,Homo sapiens,P00533,CC(=O)Nc1ccc2c(Nc3cccc(Br)c3)ncnc2c1,CC(=O)Nc1ccc2c(Nc3cccc(Br)c3)ncnc2c1,40.0,7.3979400086720375,1/5/1996,3/8/2005,1996,Curated from the literature by BindingDB,10.1021/jm9503613,8568816,CHEMBL93461
bindingdb_articles,5302,5302,3540,Epidermal growth factor receptor,Homo sapiens,P00533,CNc1ccc2c(Nc3cccc(Br)c3)ncnc2c1,CNc1ccc2c(Nc3cccc(Br)c3)ncnc2c1,7.0,8.154901959985743,1/5/1996,3/8/2005,1996,Curated from the literature by BindingDB,10.1021/jm9503613,8568816,CHEMBL92812
bindingdb_articles,5303,5303,3541,Epidermal growth factor receptor,Homo sapiens,P00533,CCNc1ccc2c(Nc3cccc(Br)c3)ncnc2c1,CCNc1ccc2c(Nc3cccc(Br)c3)ncnc2c1,12.0,7.920818753952375,1/5/1996,3/8/2005,1996,Curated from the literature by BindingDB,10.1021/jm9503613,8568816,CHEMBL420254
bindingdb_articles,5304,5304,3542,Epidermal growth factor receptor,Homo sapiens,P00533,CN(C)c1ccc2c(Nc3cccc(Br)c3)ncnc2c1,CN(C)c1ccc2c(Nc3cccc(Br)c3)ncnc2c1,11.0,7.958607314841775,1/5/1996,3/8/2005,1996,Curated from the literature by BindingDB,10.1021/jm9503613,8568816,CHEMBL90013
bindingdb_articles,5305,5305,3303,Epidermal growth factor receptor,Homo sapiens,P00533,Nc1cc2ncnc(Nc3cccc(Br)c3)c2cc1N,Nc1cc2ncnc(Nc3cccc(Br)c3)c2cc1N,0.12,9.920818753952375,1/5/1996,3/8/2005,1996,Curated from the literature by BindingDB,10.1021/jm9503613,8568816,CHEMBL328216
bindingdb_articles,5306,5306,3544,Epidermal growth factor receptor,Homo sapiens,P00533,CNc1cc2ncnc(Nc3cccc(Br)c3)c2cc1N,CNc1cc2ncnc(Nc3cccc(Br)c3)c2cc1N,0.69,9.161150909262744,1/5/1996,3/8/2005,1996,Curated from the literature by BindingDB,10.1021/jm9503613,8568816,CHEMBL92937
bindingdb_articles,5307,5307,3545,Epidermal growth factor receptor,Homo sapiens,P00533,CN(C)c1cc2ncnc(Nc3cccc(Br)c3)c2cc1N,CN(C)c1cc2ncnc(Nc3cccc(Br)c3)c2cc1N,159.0,6.798602875679549,1/5/1996,3/8/2005,1996,Curated from the literature by BindingDB,10.1021/jm9503613,8568816,CHEMBL96489
bindingdb_articles,5308,5308,3546,Epidermal growth factor receptor,Homo sapiens,P00533,COc1cc2ncnc(Nc3cccc(Br)c3)c2cc1N,COc1cc2ncnc(Nc3cccc(Br)c3)c2cc1N,3.8,8.42021640338319,1/5/1996,3/8/2005,1996,Curated from the literature by BindingDB,10.1021/jm9503613,8568816,CHEMBL96780
bindingdb_articles,5309,5309,3547,Epidermal growth factor receptor,Homo sapiens,P00533,Nc1cc2c(Nc3cccc(Br)c3)ncnc2cc1Cl,Nc1cc2c(Nc3cccc(Br)c3)ncnc2cc1Cl,6.5,8.187086643357144,1/5/1996,3/8/2005,1996,Curated from the literature by BindingDB,10.1021/jm9503613,8568816,CHEMBL63469
bindingdb_articles,5310,5310,3548,Epidermal growth factor receptor,Homo sapiens,P00533,Nc1cc2ncnc(Nc3cccc(Br)c3)c2cc1[N+]([O-])=O,Nc1cc2ncnc(Nc3cccc(Br)c3)c2cc1[N+](=O)[O-],53.0,7.275724130399211,1/5/1996,3/8/2005,1996,Curated from the literature by BindingDB,10.1021/jm9503613,8568816,CHEMBL93545
bindingdb_articles,5311,5311,3549,Epidermal growth factor receptor,Homo sapiens,P00533,CNc1cc2ncnc(Nc3cccc(Br)c3)c2cc1[N+]([O-])=O,CNc1cc2ncnc(Nc3cccc(Br)c3)c2cc1[N+](=O)[O-],68.0,7.167491087293763,1/5/1996,3/8/2005,1996,Curated from the literature by BindingDB,10.1021/jm9503613,8568816,CHEMBL92936
bindingdb_articles,5312,5312,3550,Epidermal growth factor receptor,Homo sapiens,P00533,CN(C)c1cc2ncnc(Nc3cccc(Br)c3)c2cc1[N+]([O-])=O,CN(C)c1cc2ncnc(Nc3cccc(Br)c3)c2cc1[N+](=O)[O-],2000.0,5.698970004336019,1/5/1996,3/8/2005,1996,Curated from the literature by BindingDB,10.1021/jm9503613,8568816,CHEMBL93544
bindingdb_articles,5313,5313,3551,Epidermal growth factor receptor,Homo sapiens,P00533,CC(=O)Nc1cc2ncnc(Nc3cccc(Br)c3)c2cc1[N+]([O-])=O,CC(=O)Nc1cc2ncnc(Nc3cccc(Br)c3)c2cc1[N+](=O)[O-],28.0,7.552841968657781,1/5/1996,3/8/2005,1996,Curated from the literature by BindingDB,10.1021/jm9503613,8568816,CHEMBL93734
bindingdb_articles,5314,5314,3552,Epidermal growth factor receptor,Homo sapiens,P00533,COc1cc2ncnc(Nc3cccc(Br)c3)c2cc1[N+]([O-])=O,COc1cc2ncnc(Nc3cccc(Br)c3)c2cc1[N+](=O)[O-],15.0,7.823908740944319,1/5/1996,3/8/2005,1996,Curated from the literature by BindingDB,10.1021/jm9503613,8568816,CHEMBL65038
bindingdb_articles,5315,5315,3553,Epidermal growth factor receptor,Homo sapiens,P00533,[O-][N+](=O)c1cc2c(Nc3cccc(Br)c3)ncnc2cc1Cl,O=[N+]([O-])c1cc2c(Nc3cccc(Br)c3)ncnc2cc1Cl,25.0,7.6020599913279625,1/5/1996,3/8/2005,1996,Curated from the literature by BindingDB,10.1021/jm9503613,8568816,CHEMBL66409
bindingdb_articles,5316,5316,3554,Epidermal growth factor receptor,Homo sapiens,P00533,Brc1cccc(Nc2ncnc3cc4OCOc4cc23)c1,Brc1cccc(Nc2ncnc3cc4c(cc23)OCO4)c1,15.0,7.823908740944319,1/5/1996,3/8/2005,1996,Curated from the literature by BindingDB,10.1021/jm9503613,8568816,CHEMBL93051
bindingdb_articles,5317,5317,3302,Epidermal growth factor receptor,Homo sapiens,P00533,Oc1cc2ncnc(Nc3cccc(Br)c3)c2cc1O,Oc1cc2ncnc(Nc3cccc(Br)c3)c2cc1O,0.17,9.769551078621726,1/5/1996,3/8/2005,1996,Curated from the literature by BindingDB,10.1021/jm9503613,8568816,CHEMBL93032
bindingdb_articles,5319,5319,3557,Epidermal growth factor receptor,Homo sapiens,P00533,CCCOc1cc2ncnc(Nc3cccc(Br)c3)c2cc1OCCC,CCCOc1cc2ncnc(Nc3cccc(Br)c3)c2cc1OCCC,0.17,9.769551078621726,1/5/1996,3/8/2005,1996,Curated from the literature by BindingDB,10.1021/jm9503613,8568816,CHEMBL418967
bindingdb_articles,5320,5320,3558,Epidermal growth factor receptor,Homo sapiens,P00533,CCCCOc1cc2ncnc(Nc3cccc(Br)c3)c2cc1OCCCC,CCCCOc1cc2ncnc(Nc3cccc(Br)c3)c2cc1OCCCC,105.0,6.978810700930062,1/5/1996,3/8/2005,1996,Curated from the literature by BindingDB,10.1021/jm9503613,8568816,CHEMBL318736
bindingdb_articles,5321,5321,3559,Epidermal growth factor receptor,Homo sapiens,P00533,COc1ccc2ncnc(Nc3cccc(Br)c3)c2c1OC,COc1ccc2ncnc(Nc3cccc(Br)c3)c2c1OC,1367.0,5.864231485432178,1/5/1996,3/8/2005,1996,Curated from the literature by BindingDB,10.1021/jm9503613,8568816,CHEMBL96627
bindingdb_articles,5324,5324,3562,Epidermal growth factor receptor,Homo sapiens,P00533,COc1cc2nc(N)nc(Nc3cccc(Br)c3)c2cc1OC,COc1cc2nc(N)nc(Nc3cccc(Br)c3)c2cc1OC,463.0,6.334419008982047,1/5/1996,3/8/2005,1996,Curated from the literature by BindingDB,10.1021/jm9503613,8568816,CHEMBL93295
bindingdb_articles,5325,5325,3563,Epidermal growth factor receptor,Homo sapiens,P00533,COc1cc2ncnc(N(C)c3cccc(Br)c3)c2cc1OC,COc1cc2ncnc(N(C)c3cccc(Br)c3)c2cc1OC,152.0,6.818156412055227,1/5/1996,3/8/2005,1996,Curated from the literature by BindingDB,10.1021/jm9503613,8568816,CHEMBL447230
bindingdb_articles,5326,5326,3564,Epidermal growth factor receptor,Homo sapiens,P00533,COc1cc2ncnc(Nc3cccc(Br)c3)c2c(OC)c1OC,COc1cc2ncnc(Nc3cccc(Br)c3)c2c(OC)c1OC,0.67,9.173925197299173,1/5/1996,3/8/2005,1996,Curated from the literature by BindingDB,10.1021/jm9503613,8568816,CHEMBL317925
bindingdb_articles,5328,5328,3566,Epidermal growth factor receptor,Homo sapiens,P00533,COc1cc2ncnc(Nc3ccccc3Br)c2cc1OC,COc1cc2ncnc(Nc3ccccc3Br)c2cc1OC,128.0,6.892790030352131,1/5/1996,3/8/2005,1996,Curated from the literature by BindingDB,10.1021/jm9503613,8568816,CHEMBL92174
bindingdb_articles,5329,5329,3567,Epidermal growth factor receptor,Homo sapiens,P00533,COc1cc2ncnc(Nc3ccc(Br)cc3)c2cc1OC,COc1cc2ncnc(Nc3ccc(Br)cc3)c2cc1OC,0.96,9.017728766960431,1/5/1996,3/8/2005,1996,Curated from the literature by BindingDB,10.1021/jm9503613,8568816,CHEMBL328106
bindingdb_articles,5331,5331,3569,Epidermal growth factor receptor,Homo sapiens,P00533,COc1cc2ncnc(Nc3cc(Br)cc(Br)c3)c2cc1OC,COc1cc2ncnc(Nc3cc(Br)cc(Br)c3)c2cc1OC,113.0,6.94692155651658,1/5/1996,3/8/2005,1996,Curated from the literature by BindingDB,10.1021/jm9503613,8568816,CHEMBL92709
bindingdb_articles,5333,5333,3571,Epidermal growth factor receptor,Homo sapiens,P00533,Cc1nc2cc3ncnc(Nc4cccc(Br)c4)c3cc2[nH]1,Cc1nc2cc3ncnc(Nc4cccc(Br)c4)c3cc2[nH]1,0.29,9.537602002101044,2/16/1996,3/9/2005,1996,Curated from the literature by BindingDB,10.1021/jm950692f,8632415,
bindingdb_articles,5335,5335,3573,Epidermal growth factor receptor,Homo sapiens,P00533,CN(C)CCn1cnc2cc3ncnc(Nc4cccc(Br)c4)c3cc12,CN(C)CCn1cnc2cc3ncnc(Nc4cccc(Br)c4)c3cc21,1.32,8.87942606879415,2/16/1996,3/9/2005,1996,Curated from the literature by BindingDB,10.1021/jm950692f,8632415,
bindingdb_articles,5337,5337,3575,Epidermal growth factor receptor,Homo sapiens,P00533,CN(C)CCn1cnc2cc3c(Nc4cccc(Br)c4)ncnc3cc12,CN(C)CCn1cnc2cc3c(Nc4cccc(Br)c4)ncnc3cc21,22.0,7.657577319177793,2/16/1996,3/9/2005,1996,Curated from the literature by BindingDB,10.1021/jm950692f,8632415,
bindingdb_articles,5338,5338,3576,Epidermal growth factor receptor,Homo sapiens,P00533,CN(C)CCn1cnc2c(Cl)c3c(Nc4cccc(Br)c4)ncnc3cc12,CN(C)CCn1cnc2c(Cl)c3c(Nc4cccc(Br)c4)ncnc3cc21,203.0,6.692503962086787,2/16/1996,3/9/2005,1996,Curated from the literature by BindingDB,10.1021/jm950692f,8632415,
bindingdb_articles,5339,5339,3577,Epidermal growth factor receptor,Homo sapiens,P00533,Brc1cccc(Nc2ncnc3ccc4[nH]cnc4c23)c1,Brc1cccc(Nc2ncnc3ccc4[nH]cnc4c23)c1,29.0,7.537602002101044,2/16/1996,3/9/2005,1996,Curated from the literature by BindingDB,10.1021/jm950692f,8632415,
bindingdb_articles,5340,5340,3578,Epidermal growth factor receptor,Homo sapiens,P00533,Brc1cccc(Nc2ncnc3c4nc[nH]c4ccc23)c1,Brc1cccc(Nc2ncnc3c2ccc2[nH]cnc23)c1,272.0,6.565431095965801,2/16/1996,3/9/2005,1996,Curated from the literature by BindingDB,10.1021/jm950692f,8632415,
bindingdb_articles,5341,5341,3579,Epidermal growth factor receptor,Homo sapiens,P00533,Brc1cccc(Nc2ncnc3cc4nn[nH]c4cc23)c1,Brc1cccc(Nc2ncnc3cc4nn[nH]c4cc23)c1,4.1,8.387216143280265,2/16/1996,3/9/2005,1996,Curated from the literature by BindingDB,10.1021/jm950692f,8632415,
bindingdb_articles,5342,5342,3580,Epidermal growth factor receptor,Homo sapiens,P00533,Brc1cccc(Nc2ncnc3cc4ncsc4cc23)c1,Brc1cccc(Nc2ncnc3cc4ncsc4cc23)c1,44.0,7.356547323513812,2/16/1996,3/9/2005,1996,Curated from the literature by BindingDB,10.1021/jm950692f,8632415,
bindingdb_articles,5343,5343,3581,Epidermal growth factor receptor,Homo sapiens,P00533,Brc1cccc(Nc2ncnc3cc4cn[nH]c4cc23)c1,Brc1cccc(Nc2ncnc3cc4cn[nH]c4cc23)c1,0.34,9.468521082957745,2/16/1996,3/9/2005,1996,Curated from the literature by BindingDB,10.1021/jm950692f,8632415,
bindingdb_articles,5344,5344,3582,Epidermal growth factor receptor,Homo sapiens,P00533,Brc1cccc(Nc2ncnc3cc4[nH]ncc4cc23)c1,Brc1cccc(Nc2ncnc3cc4[nH]ncc4cc23)c1,0.44,9.356547323513812,2/16/1996,3/9/2005,1996,Curated from the literature by BindingDB,10.1021/jm950692f,8632415,
bindingdb_articles,5345,5345,3583,Epidermal growth factor receptor,Homo sapiens,P00533,Brc1cccc(Nc2ncnc3cc4[nH]ccc4cc23)c1,Brc1cccc(Nc2ncnc3cc4[nH]ccc4cc23)c1,0.44,9.356547323513812,2/16/1996,3/9/2005,1996,Curated from the literature by BindingDB,10.1021/jm950692f,8632415,
bindingdb_articles,5346,5346,3584,Epidermal growth factor receptor,Homo sapiens,P00533,Brc1cccc(Nc2ncnc3ccc4cc[nH]c4c23)c1,Brc1cccc(Nc2ncnc3ccc4cc[nH]c4c23)c1,1.24,8.906578314837764,2/16/1996,3/9/2005,1996,Curated from the literature by BindingDB,10.1021/jm950692f,8632415,
bindingdb_articles,5348,5348,3586,Epidermal growth factor receptor,Homo sapiens,P00533,Brc1cccc(Nc2ncnc3cc4nccnc4cc23)c1,Brc1cccc(Nc2ncnc3cc4nccnc4cc23)c1,1.7,8.769551078621726,2/16/1996,3/9/2005,1996,Curated from the literature by BindingDB,10.1021/jm950692f,8632415,
bindingdb_articles,5349,5349,3587,Epidermal growth factor receptor,Homo sapiens,P00533,C(Nc1ncnc2ccncc12)c1ccccc1,c1ccc(CNc2ncnc3ccncc23)cc1,1460.0,5.835647144215563,4/26/1996,3/9/2005,1996,Curated from the literature by BindingDB,10.1021/jm9508651,8627606,CHEMBL54784
bindingdb_articles,5350,5350,3331,Epidermal growth factor receptor,Homo sapiens,P00533,Nc1cc2ncnc(NCc3ccccc3)c2cn1,Nc1cc2ncnc(NCc3ccccc3)c2cn1,578.0,6.2380721615794705,4/26/1996,3/9/2005,1996,Curated from the literature by BindingDB,10.1021/jm9508651,8627606,CHEMBL300083
bindingdb_articles,5351,5351,3589,Epidermal growth factor receptor,Homo sapiens,P00533,CC(=O)Nc1cc2ncnc(NCc3ccccc3)c2cn1,CC(=O)Nc1cc2ncnc(NCc3ccccc3)c2cn1,100.0,7.0,4/26/1996,3/9/2005,1996,Curated from the literature by BindingDB,10.1021/jm9508651,8627606,CHEMBL53404
bindingdb_articles,5352,5352,3590,Epidermal growth factor receptor,Homo sapiens,P00533,Brc1cccc(Nc2ncnc3ccncc23)c1,Brc1cccc(Nc2ncnc3ccncc23)c1,35.0,7.455931955649724,4/26/1996,3/9/2005,1996,Curated from the literature by BindingDB,10.1021/jm9508651,8627606,CHEMBL52665
bindingdb_articles,5353,5353,3309,Epidermal growth factor receptor,Homo sapiens,P00533,Nc1cc2ncnc(Nc3cccc(Br)c3)c2cn1,Nc1cc2ncnc(Nc3cccc(Br)c3)c2cn1,10.0,8.0,4/26/1996,3/9/2005,1996,Curated from the literature by BindingDB,10.1021/jm9508651,8627606,CHEMBL52076
bindingdb_articles,5354,5354,3592,Epidermal growth factor receptor,Homo sapiens,P00533,CC(=O)Nc1cc2ncnc(Nc3cccc(Br)c3)c2cn1,CC(=O)Nc1cc2ncnc(Nc3cccc(Br)c3)c2cn1,29.0,7.537602002101044,4/26/1996,3/9/2005,1996,Curated from the literature by BindingDB,10.1021/jm9508651,8627606,CHEMBL52418
bindingdb_articles,5355,5355,3593,Epidermal growth factor receptor,Homo sapiens,P00533,Fc1cc2ncnc(Nc3cccc(Br)c3)c2cn1,Fc1cc2ncnc(Nc3cccc(Br)c3)c2cn1,13.0,7.886056647693163,4/26/1996,3/9/2005,1996,Curated from the literature by BindingDB,10.1021/jm9508651,8627606,CHEMBL51707
bindingdb_articles,5356,5356,3594,Epidermal growth factor receptor,Homo sapiens,P00533,CNc1cc2ncnc(Nc3cccc(Br)c3)c2cn1,CNc1cc2ncnc(Nc3cccc(Br)c3)c2cn1,0.13,9.886056647693163,4/26/1996,3/9/2005,1996,Curated from the literature by BindingDB,10.1021/jm9508651,8627606,CHEMBL54400
bindingdb_articles,5358,5358,3596,Epidermal growth factor receptor,Homo sapiens,P00533,COc1cc2ncnc(Nc3cccc(Br)c3)c2cn1,COc1cc2ncnc(Nc3cccc(Br)c3)c2cn1,39.0,7.4089353929735005,4/26/1996,3/9/2005,1996,Curated from the literature by BindingDB,10.1021/jm9508651,8627606,CHEMBL53375
bindingdb_articles,5359,5359,3597,Epidermal growth factor receptor,Homo sapiens,P00533,CNc1cc2ncn(C)\c(=N/c3cccc(Br)c3)c2cn1,CNc1cc2ncn(C)/c(=N\c3cccc(Br)c3)c2cn1,3.1,8.508638306165727,4/26/1996,3/9/2005,1996,Curated from the literature by BindingDB,10.1021/jm9508651,8627606,
bindingdb_articles,5360,5360,3598,Epidermal growth factor receptor,Homo sapiens,P00533,C(Nc1ncnc2cnccc12)c1ccccc1,c1ccc(CNc2ncnc3cnccc23)cc1,2030.0,5.692503962086787,4/26/1996,3/9/2005,1996,Curated from the literature by BindingDB,10.1021/jm9508651,8627606,CHEMBL51320
bindingdb_articles,5361,5361,3599,Epidermal growth factor receptor,Homo sapiens,P00533,Brc1cccc(Nc2ncnc3cnccc23)c1,Brc1cccc(Nc2ncnc3cnccc23)c1,51.0,7.292429823902063,4/26/1996,3/9/2005,1996,Curated from the literature by BindingDB,10.1021/jm9508651,8627606,CHEMBL51265
bindingdb_articles,5362,5362,3600,Epidermal growth factor receptor,Homo sapiens,P00533,Nc1cc2c(Nc3cccc(Br)c3)ncnc2cn1,Nc1cc2c(Nc3cccc(Br)c3)ncnc2cn1,0.13,9.886056647693163,4/26/1996,3/9/2005,1996,Curated from the literature by BindingDB,10.1021/jm9508651,8627606,CHEMBL51853
bindingdb_articles,5363,5363,3601,Epidermal growth factor receptor,Homo sapiens,P00533,Clc1cc2c(Nc3cccc(Br)c3)ncnc2cn1,Clc1cc2c(Nc3cccc(Br)c3)ncnc2cn1,40.0,7.3979400086720375,4/26/1996,3/9/2005,1996,Curated from the literature by BindingDB,10.1021/jm9508651,8627606,CHEMBL296377
bindingdb_articles,5364,5364,3602,Epidermal growth factor receptor,Homo sapiens,P00533,Fc1cc2c(Nc3cccc(Br)c3)ncnc2cn1,Fc1cc2c(Nc3cccc(Br)c3)ncnc2cn1,124.0,6.906578314837764,4/26/1996,3/9/2005,1996,Curated from the literature by BindingDB,10.1021/jm9508651,8627606,CHEMBL53121
bindingdb_articles,5367,5367,3605,Epidermal growth factor receptor,Homo sapiens,P00533,COc1cc2c(Nc3cccc(Br)c3)ncnc2cn1,COc1cc2c(Nc3cccc(Br)c3)ncnc2cn1,2.6,8.585026652029182,4/26/1996,3/9/2005,1996,Curated from the literature by BindingDB,10.1021/jm9508651,8627606,CHEMBL53062
bindingdb_articles,5368,5368,3606,Epidermal growth factor receptor,Homo sapiens,P00533,COc1ccc(CNc2cc3c(Nc4cccc(Br)c4)ncnc3cn2)cc1,COc1ccc(CNc2cc3c(Nc4cccc(Br)c4)ncnc3cn2)cc1,2.3,8.638272163982407,4/26/1996,3/9/2005,1996,Curated from the literature by BindingDB,10.1021/jm9508651,8627606,CHEMBL53299
bindingdb_articles,5369,5369,3607,Epidermal growth factor receptor,Homo sapiens,P00533,CNc1cc2c(Nc3ccccc3)ncnc2cn1,CNc1cc2c(Nc3ccccc3)ncnc2cn1,9.0,8.045757490560675,4/26/1996,3/9/2005,1996,Curated from the literature by BindingDB,10.1021/jm9508651,8627606,CHEMBL53940
bindingdb_articles,5371,5371,3609,Epidermal growth factor receptor,Homo sapiens,P00533,Brc1cccc(Nc2ncnc3ncccc23)c1,Brc1cccc(Nc2ncnc3ncccc23)c1,688.0,6.162411561764489,4/26/1996,3/9/2005,1996,Curated from the literature by BindingDB,10.1021/jm9508651,8627606,CHEMBL54475
bindingdb_articles,5372,5372,3610,Epidermal growth factor receptor,Homo sapiens,P00533,Nc1ccc2c(Nc3cccc(Br)c3)ncnc2n1,Nc1ccc2c(Nc3cccc(Br)c3)ncnc2n1,940.0,6.026872146400301,4/26/1996,3/9/2005,1996,Curated from the literature by BindingDB,10.1021/jm9508651,8627606,CHEMBL54474
bindingdb_articles,5373,5373,3611,Epidermal growth factor receptor,Homo sapiens,P00533,Fc1ccc2c(Nc3cccc(Br)c3)ncnc2n1,Fc1ccc2c(Nc3cccc(Br)c3)ncnc2n1,684.0,6.164943898279883,4/26/1996,3/9/2005,1996,Curated from the literature by BindingDB,10.1021/jm9508651,8627606,CHEMBL291701
bindingdb_articles,5374,5374,3612,Epidermal growth factor receptor,Homo sapiens,P00533,CNc1ccc2c(Nc3cccc(Br)c3)ncnc2n1,CNc1ccc2c(Nc3cccc(Br)c3)ncnc2n1,52.0,7.2839966563652006,4/26/1996,3/9/2005,1996,Curated from the literature by BindingDB,10.1021/jm9508651,8627606,CHEMBL298637
bindingdb_articles,5375,5375,3613,Epidermal growth factor receptor,Homo sapiens,P00533,CN(C)c1ccc2c(Nc3cccc(Br)c3)ncnc2n1,CN(C)c1ccc2c(Nc3cccc(Br)c3)ncnc2n1,324.0,6.489454989793388,4/26/1996,3/9/2005,1996,Curated from the literature by BindingDB,10.1021/jm9508651,8627606,CHEMBL50245
bindingdb_articles,5376,5376,3614,Epidermal growth factor receptor,Homo sapiens,P00533,COc1ccc2c(Nc3cccc(Br)c3)ncnc2n1,COc1ccc2c(Nc3cccc(Br)c3)ncnc2n1,263.0,6.580044251510242,4/26/1996,3/9/2005,1996,Curated from the literature by BindingDB,10.1021/jm9508651,8627606,CHEMBL301549
bindingdb_articles,5377,5377,3615,Epidermal growth factor receptor,Homo sapiens,P00533,C(Nc1ncnc2cccnc12)c1ccccc1,c1ccc(CNc2ncnc3cccnc23)cc1,603.0,6.219682687859849,4/26/1996,3/9/2005,1996,Curated from the literature by BindingDB,10.1021/jm9508651,8627606,CHEMBL53552
bindingdb_articles,5378,5378,3616,Epidermal growth factor receptor,Homo sapiens,P00533,Brc1cccc(Nc2ncnc3cccnc23)c1,Brc1cccc(Nc2ncnc3cccnc23)c1,34.0,7.468521082957745,4/26/1996,3/9/2005,1996,Curated from the literature by BindingDB,10.1021/jm9508651,8627606,CHEMBL54805
bindingdb_articles,5379,5379,3617,Epidermal growth factor receptor,Homo sapiens,P00533,Nc1ccc2ncnc(Nc3cccc(Br)c3)c2n1,Nc1ccc2ncnc(Nc3cccc(Br)c3)c2n1,7.6,8.119186407719209,4/26/1996,3/9/2005,1996,Curated from the literature by BindingDB,10.1021/jm9508651,8627606,CHEMBL300217
bindingdb_articles,5380,5380,3618,Epidermal growth factor receptor,Homo sapiens,P00533,Clc1ccc2ncnc(Nc3cccc(Br)c3)c2n1,Clc1ccc2ncnc(Nc3cccc(Br)c3)c2n1,18.0,7.7447274948966935,4/26/1996,3/9/2005,1996,Curated from the literature by BindingDB,10.1021/jm9508651,8627606,CHEMBL291496
bindingdb_articles,5381,5381,3619,Epidermal growth factor receptor,Homo sapiens,P00533,Fc1ccc2ncnc(Nc3cccc(Br)c3)c2n1,Fc1ccc2ncnc(Nc3cccc(Br)c3)c2n1,44.0,7.356547323513812,4/26/1996,3/9/2005,1996,Curated from the literature by BindingDB,10.1021/jm9508651,8627606,CHEMBL54788
bindingdb_articles,5382,5382,3620,Epidermal growth factor receptor,Homo sapiens,P00533,CNc1ccc2ncnc(Nc3cccc(Br)c3)c2n1,CNc1ccc2ncnc(Nc3cccc(Br)c3)c2n1,3.1,8.508638306165727,4/26/1996,3/9/2005,1996,Curated from the literature by BindingDB,10.1021/jm9508651,8627606,CHEMBL53156
bindingdb_articles,5383,5383,3621,Epidermal growth factor receptor,Homo sapiens,P00533,CN(C)c1ccc2ncnc(Nc3cccc(Br)c3)c2n1,CN(C)c1ccc2ncnc(Nc3cccc(Br)c3)c2n1,9.6,8.017728766960431,4/26/1996,3/9/2005,1996,Curated from the literature by BindingDB,10.1021/jm9508651,8627606,CHEMBL53796
bindingdb_articles,5384,5384,3622,Epidermal growth factor receptor,Homo sapiens,P00533,COc1ccc2ncnc(Nc3cccc(Br)c3)c2n1,COc1ccc2ncnc(Nc3cccc(Br)c3)c2n1,4.3,8.366531544420413,4/26/1996,3/9/2005,1996,Curated from the literature by BindingDB,10.1021/jm9508651,8627606,CHEMBL50519
bindingdb_articles,50080472,50080472,50049565,Epidermal growth factor receptor,Homo sapiens,P00533,CNc1ccc2cncnc2c1,CNc1ccc2cncnc2c1,4.0,8.397940008672037,4/26/1996,3/9/2005,1996,ChEMBL,10.1021/jm9508651,8627606,CHEMBL295961
bindingdb_articles,50080477,50080477,50049567,Epidermal growth factor receptor,Homo sapiens,P00533,Nc1ccc2ncncc2c1,Nc1ccc2ncncc2c1,0.79,9.102372908709558,4/26/1996,3/9/2005,1996,ChEMBL,10.1021/jm9508651,8627606,CHEMBL53300
bindingdb_articles,50080479,50080479,50049566,Epidermal growth factor receptor,Homo sapiens,P00533,Nc1ccc2cncnc2c1,Nc1ccc2cncnc2c1,0.1,10.0,4/26/1996,3/9/2005,1996,ChEMBL,10.1021/jm9508651,8627606,CHEMBL55729
bindingdb_articles,50080480,50080480,50049568,Epidermal growth factor receptor,Homo sapiens,P00533,COc1ccc2cncnc2c1,COc1ccc2cncnc2c1,10.0,8.0,4/26/1996,3/9/2005,1996,ChEMBL,10.1021/jm9508651,8627606,CHEMBL300491
bindingdb_articles,50080489,50080489,50049569,Epidermal growth factor receptor,Homo sapiens,P00533,CN(C)c1ccc2ncncc2c1,CN(C)c1ccc2ncncc2c1,120.0,6.920818753952375,4/26/1996,3/9/2005,1996,ChEMBL,10.1021/jm9508651,8627606,CHEMBL55150
bindingdb_articles,50080491,50080491,50049570,Epidermal growth factor receptor,Homo sapiens,P00533,CNc1ccc2ncncc2c1,CNc1ccc2ncncc2c1,7.0,8.154901959985743,4/26/1996,3/9/2005,1996,ChEMBL,10.1021/jm9508651,8627606,CHEMBL53850
bindingdb_articles,50080498,50080498,50049571,Epidermal growth factor receptor,Homo sapiens,P00533,"CNC1=NC=C2C(C1)N=CN(C)C2=Nc1cccc(Br)c1 |w:13.15,c:4,9,t:2|",CNC1=NC=C2C(=Nc3cccc(Br)c3)N(C)C=NC2C1,3.1,8.508638306165727,4/26/1996,3/9/2005,1996,ChEMBL,10.1021/jm9508651,8627606,CHEMBL52882
bindingdb_articles,50080505,50080505,50049572,Epidermal growth factor receptor,Homo sapiens,P00533,c1ccc2c(c1)cncn2,c1ccc2ncncc2c1,27.0,7.568636235841012,4/26/1996,3/9/2005,1996,ChEMBL,10.1021/jm9508651,8627606,CHEMBL301359
bindingdb_articles,50080506,50080506,50049573,Epidermal growth factor receptor,Homo sapiens,P00533,COc1ccc2ncncc2c1,COc1ccc2ncncc2c1,30.0,7.522878745280337,4/26/1996,3/9/2005,1996,ChEMBL,10.1021/jm9508651,8627606,CHEMBL52472
bindingdb_articles,50080517,50080517,50049574,Epidermal growth factor receptor,Homo sapiens,P00533,CN(C)c1ccc2cncnc2c1,CN(C)c1ccc2cncnc2c1,11.0,7.958607314841775,4/26/1996,3/9/2005,1996,ChEMBL,10.1021/jm9508651,8627606,CHEMBL52784
bindingdb_articles,5385,5385,3582,Epidermal growth factor receptor,Homo sapiens,P00533,Brc1cccc(Nc2ncnc3cc4[nH]ncc4cc23)c1,Brc1cccc(Nc2ncnc3cc4[nH]ncc4cc23)c1,0.44,9.356547323513812,5/9/1997,3/8/2005,1997,Curated from the literature by BindingDB,10.1021/jm960789h,9154973,
bindingdb_articles,5386,5386,3624,Epidermal growth factor receptor,Homo sapiens,P00533,Cn1ncc2cc3c(Nc4cccc(Br)c4)ncnc3cc12,Cn1ncc2cc3c(Nc4cccc(Br)c4)ncnc3cc21,0.37,9.431798275933005,5/9/1997,3/8/2005,1997,Curated from the literature by BindingDB,10.1021/jm960789h,9154973,
bindingdb_articles,5387,5387,3625,Epidermal growth factor receptor,Homo sapiens,P00533,OCC(O)Cn1ncc2cc3c(Nc4cccc(Br)c4)ncnc3cc12,OCC(O)Cn1ncc2cc3c(Nc4cccc(Br)c4)ncnc3cc21,12.0,7.920818753952375,5/9/1997,3/8/2005,1997,Curated from the literature by BindingDB,10.1021/jm960789h,9154973,
bindingdb_articles,5388,5388,3626,Epidermal growth factor receptor,Homo sapiens,P00533,CN(C)CCn1ncc2cc3c(Nc4cccc(Br)c4)ncnc3cc12,CN(C)CCn1ncc2cc3c(Nc4cccc(Br)c4)ncnc3cc21,40.0,7.3979400086720375,5/9/1997,3/8/2005,1997,Curated from the literature by BindingDB,10.1021/jm960789h,9154973,
bindingdb_articles,5389,5389,3627,Epidermal growth factor receptor,Homo sapiens,P00533,Brc1cccc(Nc2ncnc3cc4n(CCN5CCOCC5)ncc4cc23)c1,Brc1cccc(Nc2ncnc3cc4c(cnn4CCN4CCOCC4)cc23)c1,3.7,8.431798275933005,5/9/1997,3/8/2005,1997,Curated from the literature by BindingDB,10.1021/jm960789h,9154973,
bindingdb_articles,5390,5390,3628,Epidermal growth factor receptor,Homo sapiens,P00533,OC(=O)Cn1ncc2cc3c(Nc4cccc(Br)c4)ncnc3cc12,O=C(O)Cn1ncc2cc3c(Nc4cccc(Br)c4)ncnc3cc21,53.0,7.275724130399211,5/9/1997,3/8/2005,1997,Curated from the literature by BindingDB,10.1021/jm960789h,9154973,
bindingdb_articles,5391,5391,3583,Epidermal growth factor receptor,Homo sapiens,P00533,Brc1cccc(Nc2ncnc3cc4[nH]ccc4cc23)c1,Brc1cccc(Nc2ncnc3cc4[nH]ccc4cc23)c1,0.44,9.356547323513812,5/9/1997,3/8/2005,1997,Curated from the literature by BindingDB,10.1021/jm960789h,9154973,
bindingdb_articles,5392,5392,3630,Epidermal growth factor receptor,Homo sapiens,P00533,Cn1ccc2cc3c(Nc4cccc(Br)c4)ncnc3cc12,Cn1ccc2cc3c(Nc4cccc(Br)c4)ncnc3cc21,0.8,9.096910013008056,5/9/1997,3/8/2005,1997,Curated from the literature by BindingDB,10.1021/jm960789h,9154973,
bindingdb_articles,5393,5393,3631,Epidermal growth factor receptor,Homo sapiens,P00533,OCC(O)Cn1ccc2cc3c(Nc4cccc(Br)c4)ncnc3cc12,OCC(O)Cn1ccc2cc3c(Nc4cccc(Br)c4)ncnc3cc21,1.6,8.795880017344075,5/9/1997,3/8/2005,1997,Curated from the literature by BindingDB,10.1021/jm960789h,9154973,
bindingdb_articles,5394,5394,3632,Epidermal growth factor receptor,Homo sapiens,P00533,CN(C)CCn1ccc2cc3c(Nc4cccc(Br)c4)ncnc3cc12,CN(C)CCn1ccc2cc3c(Nc4cccc(Br)c4)ncnc3cc21,41.0,7.3872161432802645,5/9/1997,3/8/2005,1997,Curated from the literature by BindingDB,10.1021/jm960789h,9154973,
bindingdb_articles,5395,5395,3633,Epidermal growth factor receptor,Homo sapiens,P00533,CN(C)CCCn1ccc2cc3c(Nc4cccc(Br)c4)ncnc3cc12,CN(C)CCCn1ccc2cc3c(Nc4cccc(Br)c4)ncnc3cc21,21.0,7.6777807052660805,5/9/1997,3/8/2005,1997,Curated from the literature by BindingDB,10.1021/jm960789h,9154973,
bindingdb_articles,5396,5396,3634,Epidermal growth factor receptor,Homo sapiens,P00533,Brc1cccc(Nc2ncnc3cc4n(CCN5CCOCC5)ccc4cc23)c1,Brc1cccc(Nc2ncnc3cc4c(ccn4CCN4CCOCC4)cc23)c1,3.7,8.431798275933005,5/9/1997,3/8/2005,1997,Curated from the literature by BindingDB,10.1021/jm960789h,9154973,
bindingdb_articles,5397,5397,3635,Epidermal growth factor receptor,Homo sapiens,P00533,Brc1cccc(Nc2ncnc3cc4n(CCCN5CCOCC5)ccc4cc23)c1,Brc1cccc(Nc2ncnc3cc4c(ccn4CCCN4CCOCC4)cc23)c1,8.8,8.05551732784983,5/9/1997,3/8/2005,1997,Curated from the literature by BindingDB,10.1021/jm960789h,9154973,
bindingdb_articles,5398,5398,3636,Epidermal growth factor receptor,Homo sapiens,P00533,OC(=O)Cn1ccc2cc3c(Nc4cccc(Br)c4)ncnc3cc12,O=C(O)Cn1ccc2cc3c(Nc4cccc(Br)c4)ncnc3cc21,5.1,8.292429823902063,5/9/1997,3/8/2005,1997,Curated from the literature by BindingDB,10.1021/jm960789h,9154973,
bindingdb_articles,5399,5399,3637,Epidermal growth factor receptor,Homo sapiens,P00533,OCCN(CCO)Cc1c[nH]c2cc3ncnc(Nc4cccc(Br)c4)c3cc12,OCCN(CCO)Cc1c[nH]c2cc3ncnc(Nc4cccc(Br)c4)c3cc12,3.5,8.455931955649724,5/9/1997,3/8/2005,1997,Curated from the literature by BindingDB,10.1021/jm960789h,9154973,
bindingdb_articles,5400,5400,3638,Epidermal growth factor receptor,Homo sapiens,P00533,CN(C)Cc1c[nH]c2cc3ncnc(Nc4cccc(Br)c4)c3cc12,CN(C)Cc1c[nH]c2cc3ncnc(Nc4cccc(Br)c4)c3cc12,2.6,8.585026652029182,5/9/1997,3/8/2005,1997,Curated from the literature by BindingDB,10.1021/jm960789h,9154973,
bindingdb_articles,5401,5401,3639,Epidermal growth factor receptor,Homo sapiens,P00533,Brc1cccc(Nc2ncnc3cc4[nH]cc(CN5CCOCC5)c4cc23)c1,Brc1cccc(Nc2ncnc3cc4[nH]cc(CN5CCOCC5)c4cc23)c1,4.8,8.318758762624412,5/9/1997,3/8/2005,1997,Curated from the literature by BindingDB,10.1021/jm960789h,9154973,
bindingdb_articles,5402,5402,3640,Epidermal growth factor receptor,Homo sapiens,P00533,CN(C)CCN(C)Cc1c[nH]c2cc3ncnc(Nc4cccc(Br)c4)c3cc12,CN(C)CCN(C)Cc1c[nH]c2cc3ncnc(Nc4cccc(Br)c4)c3cc12,7.5,8.1249387366083,5/9/1997,3/8/2005,1997,Curated from the literature by BindingDB,10.1021/jm960789h,9154973,
bindingdb_articles,5403,5403,3641,Epidermal growth factor receptor,Homo sapiens,P00533,COC(=O)CN(C)Cc1c[nH]c2cc3ncnc(Nc4cccc(Br)c4)c3cc12,COC(=O)CN(C)Cc1c[nH]c2cc3ncnc(Nc4cccc(Br)c4)c3cc12,3.4,8.468521082957745,5/9/1997,3/8/2005,1997,Curated from the literature by BindingDB,10.1021/jm960789h,9154973,
bindingdb_articles,5404,5404,3642,Epidermal growth factor receptor,Homo sapiens,P00533,CN(CC(O)=O)Cc1c[nH]c2cc3ncnc(Nc4cccc(Br)c4)c3cc12,CN(CC(=O)O)Cc1c[nH]c2cc3ncnc(Nc4cccc(Br)c4)c3cc12,0.72,9.142667503568731,5/9/1997,3/8/2005,1997,Curated from the literature by BindingDB,10.1021/jm960789h,9154973,
bindingdb_articles,5405,5405,3309,Epidermal growth factor receptor,Homo sapiens,P00533,Nc1cc2ncnc(Nc3cccc(Br)c3)c2cn1,Nc1cc2ncnc(Nc3cccc(Br)c3)c2cn1,10.0,8.0,11/21/1997,3/8/2005,1997,Curated from the literature by BindingDB,10.1021/jm970366v,9397172,CHEMBL52076
bindingdb_articles,5406,5406,3594,Epidermal growth factor receptor,Homo sapiens,P00533,CNc1cc2ncnc(Nc3cccc(Br)c3)c2cn1,CNc1cc2ncnc(Nc3cccc(Br)c3)c2cn1,0.13,9.886056647693163,11/21/1997,3/8/2005,1997,Curated from the literature by BindingDB,10.1021/jm970366v,9397172,CHEMBL54400
bindingdb_articles,5408,5408,3646,Epidermal growth factor receptor,Homo sapiens,P00533,OCCNc1cc2ncnc(Nc3cccc(Br)c3)c2cn1,OCCNc1cc2ncnc(Nc3cccc(Br)c3)c2cn1,0.24,9.619788758288394,11/21/1997,3/8/2005,1997,Curated from the literature by BindingDB,10.1021/jm970366v,9397172,
bindingdb_articles,5409,5409,3647,Epidermal growth factor receptor,Homo sapiens,P00533,CN(CCO)c1cc2ncnc(Nc3cccc(Br)c3)c2cn1,CN(CCO)c1cc2ncnc(Nc3cccc(Br)c3)c2cn1,2.6,8.585026652029182,11/21/1997,3/8/2005,1997,Curated from the literature by BindingDB,10.1021/jm970366v,9397172,
bindingdb_articles,5410,5410,3648,Epidermal growth factor receptor,Homo sapiens,P00533,OCC(O)CNc1cc2ncnc(Nc3cccc(Br)c3)c2cn1,OCC(O)CNc1cc2ncnc(Nc3cccc(Br)c3)c2cn1,0.92,9.036212172654444,11/21/1997,3/8/2005,1997,Curated from the literature by BindingDB,10.1021/jm970366v,9397172,
bindingdb_articles,5411,5411,3649,Epidermal growth factor receptor,Homo sapiens,P00533,CN(CC(O)CO)c1cc2ncnc(Nc3cccc(Br)c3)c2cn1,CN(CC(O)CO)c1cc2ncnc(Nc3cccc(Br)c3)c2cn1,3.2,8.494850021680094,11/21/1997,3/8/2005,1997,Curated from the literature by BindingDB,10.1021/jm970366v,9397172,
bindingdb_articles,5412,5412,3650,Epidermal growth factor receptor,Homo sapiens,P00533,OCC(CO)Nc1cc2ncnc(Nc3cccc(Br)c3)c2cn1,OCC(CO)Nc1cc2ncnc(Nc3cccc(Br)c3)c2cn1,14.0,7.853871964321762,11/21/1997,3/8/2005,1997,Curated from the literature by BindingDB,10.1021/jm970366v,9397172,
bindingdb_articles,5413,5413,3651,Epidermal growth factor receptor,Homo sapiens,P00533,OCCN(CCO)c1cc2ncnc(Nc3cccc(Br)c3)c2cn1,OCCN(CCO)c1cc2ncnc(Nc3cccc(Br)c3)c2cn1,12.0,7.920818753952375,11/21/1997,3/8/2005,1997,Curated from the literature by BindingDB,10.1021/jm970366v,9397172,
bindingdb_articles,5414,5414,3652,Epidermal growth factor receptor,Homo sapiens,P00533,OCC(O)C(O)C(O)C(O)CNc1cc2ncnc(Nc3cccc(Br)c3)c2cn1,OCC(O)C(O)C(O)C(O)CNc1cc2ncnc(Nc3cccc(Br)c3)c2cn1,4.8,8.318758762624412,11/21/1997,3/8/2005,1997,Curated from the literature by BindingDB,10.1021/jm970366v,9397172,
bindingdb_articles,5415,5415,3653,Epidermal growth factor receptor,Homo sapiens,P00533,CN(CC(O)C(O)C(O)C(O)CO)c1cc2ncnc(Nc3cccc(Br)c3)c2cn1,CN(CC(O)C(O)C(O)C(O)CO)c1cc2ncnc(Nc3cccc(Br)c3)c2cn1,3.2,8.494850021680094,11/21/1997,3/8/2005,1997,Curated from the literature by BindingDB,10.1021/jm970366v,9397172,
bindingdb_articles,5416,5416,3654,Epidermal growth factor receptor,Homo sapiens,P00533,CN(C)CCNc1cc2ncnc(Nc3cccc(Br)c3)c2cn1,CN(C)CCNc1cc2ncnc(Nc3cccc(Br)c3)c2cn1,45.0,7.346787486224656,11/21/1997,3/8/2005,1997,Curated from the literature by BindingDB,10.1021/jm970366v,9397172,
bindingdb_articles,5417,5417,3655,Epidermal growth factor receptor,Homo sapiens,P00533,CN(C)CCCNc1cc2ncnc(Nc3cccc(Br)c3)c2cn1,CN(C)CCCNc1cc2ncnc(Nc3cccc(Br)c3)c2cn1,8.8,8.05551732784983,11/21/1997,3/8/2005,1997,Curated from the literature by BindingDB,10.1021/jm970366v,9397172,
bindingdb_articles,5418,5418,3656,Epidermal growth factor receptor,Homo sapiens,P00533,CN(C)CCCCNc1cc2ncnc(Nc3cccc(Br)c3)c2cn1,CN(C)CCCCNc1cc2ncnc(Nc3cccc(Br)c3)c2cn1,7.4,8.130768280269024,11/21/1997,3/8/2005,1997,Curated from the literature by BindingDB,10.1021/jm970366v,9397172,
bindingdb_articles,5419,5419,3657,Epidermal growth factor receptor,Homo sapiens,P00533,CN(C)CCCCCNc1cc2ncnc(Nc3cccc(Br)c3)c2cn1,CN(C)CCCCCNc1cc2ncnc(Nc3cccc(Br)c3)c2cn1,8.4,8.075720713938118,11/21/1997,3/8/2005,1997,Curated from the literature by BindingDB,10.1021/jm970366v,9397172,
bindingdb_articles,5420,5420,3658,Epidermal growth factor receptor,Homo sapiens,P00533,CN(C)CCN(C)c1cc2ncnc(Nc3cccc(Br)c3)c2cn1,CN(C)CCN(C)c1cc2ncnc(Nc3cccc(Br)c3)c2cn1,40.0,7.3979400086720375,11/21/1997,3/8/2005,1997,Curated from the literature by BindingDB,10.1021/jm970366v,9397172,
bindingdb_articles,5421,5421,3659,Epidermal growth factor receptor,Homo sapiens,P00533,Brc1cccc(Nc2ncnc3cc(NCCN4CCOCC4)ncc23)c1,Brc1cccc(Nc2ncnc3cc(NCCN4CCOCC4)ncc23)c1,3.2,8.494850021680094,11/21/1997,3/8/2005,1997,Curated from the literature by BindingDB,10.1021/jm970366v,9397172,
bindingdb_articles,5422,5422,3660,Epidermal growth factor receptor,Homo sapiens,P00533,Brc1cccc(Nc2ncnc3cc(NCCCN4CCOCC4)ncc23)c1,Brc1cccc(Nc2ncnc3cc(NCCCN4CCOCC4)ncc23)c1,1.9,8.721246399047171,11/21/1997,3/8/2005,1997,Curated from the literature by BindingDB,10.1021/jm970366v,9397172,
bindingdb_articles,5423,5423,3661,Epidermal growth factor receptor,Homo sapiens,P00533,Brc1cccc(Nc2ncnc3cc(NCCCCN4CCOCC4)ncc23)c1,Brc1cccc(Nc2ncnc3cc(NCCCCN4CCOCC4)ncc23)c1,5.4,8.267606240177031,11/21/1997,3/8/2005,1997,Curated from the literature by BindingDB,10.1021/jm970366v,9397172,
bindingdb_articles,5424,5424,3662,Epidermal growth factor receptor,Homo sapiens,P00533,[O-][N+]1(CCCNc2cc3ncnc(Nc4cccc(Br)c4)c3cn2)CCOCC1,[O-][N+]1(CCCNc2cc3ncnc(Nc4cccc(Br)c4)c3cn2)CCOCC1,0.74,9.130768280269024,11/21/1997,3/8/2005,1997,Curated from the literature by BindingDB,10.1021/jm970366v,9397172,
bindingdb_articles,5425,5425,3663,Epidermal growth factor receptor,Homo sapiens,P00533,CN1CCN(CCCNc2cc3ncnc(Nc4cccc(Br)c4)c3cn2)CC1,CN1CCN(CCCNc2cc3ncnc(Nc4cccc(Br)c4)c3cn2)CC1,4.9,8.309803919971486,11/21/1997,3/8/2005,1997,Curated from the literature by BindingDB,10.1021/jm970366v,9397172,
bindingdb_articles,5426,5426,3664,Epidermal growth factor receptor,Homo sapiens,P00533,OCCN(CCO)CCNc1cc2ncnc(Nc3cccc(Br)c3)c2cn1,OCCN(CCO)CCNc1cc2ncnc(Nc3cccc(Br)c3)c2cn1,9.2,8.036212172654444,11/21/1997,3/8/2005,1997,Curated from the literature by BindingDB,10.1021/jm970366v,9397172,
bindingdb_articles,5427,5427,3665,Epidermal growth factor receptor,Homo sapiens,P00533,OCCN(CCO)CCCNc1cc2ncnc(Nc3cccc(Br)c3)c2cn1,OCCN(CCO)CCCNc1cc2ncnc(Nc3cccc(Br)c3)c2cn1,1.2,8.920818753952375,11/21/1997,3/8/2005,1997,Curated from the literature by BindingDB,10.1021/jm970366v,9397172,
bindingdb_articles,5428,5428,3666,Epidermal growth factor receptor,Homo sapiens,P00533,NNc1cc2ncnc(Nc3cccc(Br)c3)c2cn1,NNc1cc2ncnc(Nc3cccc(Br)c3)c2cn1,7.1,8.148741651280925,11/21/1997,3/8/2005,1997,Curated from the literature by BindingDB,10.1021/jm970366v,9397172,
bindingdb_articles,5429,5429,3667,Epidermal growth factor receptor,Homo sapiens,P00533,Brc1cccc(Nc2ncnc3cc(NCCCn4ccnc4)ncc23)c1,Brc1cccc(Nc2ncnc3cc(NCCCn4ccnc4)ncc23)c1,0.51,9.292429823902063,11/21/1997,3/8/2005,1997,Curated from the literature by BindingDB,10.1021/jm970366v,9397172,
bindingdb_articles,5430,5430,3668,Epidermal growth factor receptor,Homo sapiens,P00533,Brc1cccc(Nc2ncnc3cc(NCCc4cnc[nH]4)ncc23)c1,Brc1cccc(Nc2ncnc3cc(NCCc4cnc[nH]4)ncc23)c1,0.91,9.040958607678906,11/21/1997,3/8/2005,1997,Curated from the literature by BindingDB,10.1021/jm970366v,9397172,
bindingdb_articles,5431,5431,3669,Epidermal growth factor receptor,Homo sapiens,P00533,OC(=O)CNc1cc2ncnc(Nc3cccc(Br)c3)c2cn1,O=C(O)CNc1cc2ncnc(Nc3cccc(Br)c3)c2cn1,1.5,8.823908740944319,11/21/1997,3/8/2005,1997,Curated from the literature by BindingDB,10.1021/jm970366v,9397172,
bindingdb_articles,5432,5432,3670,Epidermal growth factor receptor,Homo sapiens,P00533,OC(=O)CCNc1cc2ncnc(Nc3cccc(Br)c3)c2cn1,O=C(O)CCNc1cc2ncnc(Nc3cccc(Br)c3)c2cn1,0.61,9.214670164989233,11/21/1997,3/8/2005,1997,Curated from the literature by BindingDB,10.1021/jm970366v,9397172,
bindingdb_articles,5433,5433,3671,Epidermal growth factor receptor,Homo sapiens,P00533,OC(=O)CCCNc1cc2ncnc(Nc3cccc(Br)c3)c2cn1,O=C(O)CCCNc1cc2ncnc(Nc3cccc(Br)c3)c2cn1,0.28,9.55284196865778,11/21/1997,3/8/2005,1997,Curated from the literature by BindingDB,10.1021/jm970366v,9397172,
bindingdb_articles,5434,5434,3672,Epidermal growth factor receptor,Homo sapiens,P00533,CN(CC(O)=O)c1cc2ncnc(Nc3cccc(Br)c3)c2cn1,CN(CC(=O)O)c1cc2ncnc(Nc3cccc(Br)c3)c2cn1,16.0,7.795880017344075,11/21/1997,3/8/2005,1997,Curated from the literature by BindingDB,10.1021/jm970366v,9397172,
bindingdb_articles,5435,5435,3673,Epidermal growth factor receptor,Homo sapiens,P00533,OS(=O)(=O)CCNc1cc2ncnc(Nc3cccc(Br)c3)c2cn1,O=S(=O)(O)CCNc1cc2ncnc(Nc3cccc(Br)c3)c2cn1,1.4,8.853871964321762,11/21/1997,3/8/2005,1997,Curated from the literature by BindingDB,10.1021/jm970366v,9397172,
bindingdb_articles,5436,5436,3674,Epidermal growth factor receptor,Homo sapiens,P00533,CNc1cc2ncnc(Nc3cccc(C)c3)c2cn1,CNc1cc2ncnc(Nc3cccc(C)c3)c2cn1,1.4,8.853871964321762,11/21/1997,3/8/2005,1997,Curated from the literature by BindingDB,10.1021/jm970366v,9397172,
bindingdb_articles,5437,5437,3675,Epidermal growth factor receptor,Homo sapiens,P00533,CN(C)CCCCNc1cc2ncnc(Nc3cccc(C)c3)c2cn1,Cc1cccc(Nc2ncnc3cc(NCCCCN(C)C)ncc23)c1,5.4,8.267606240177031,11/21/1997,3/8/2005,1997,Curated from the literature by BindingDB,10.1021/jm970366v,9397172,
bindingdb_articles,5438,5438,3676,Epidermal growth factor receptor,Homo sapiens,P00533,Cc1cccc(Nc2ncnc3cc(NCCCN4CCOCC4)ncc23)c1,Cc1cccc(Nc2ncnc3cc(NCCCN4CCOCC4)ncc23)c1,9.3,8.031517051446064,11/21/1997,3/8/2005,1997,Curated from the literature by BindingDB,10.1021/jm970366v,9397172,
bindingdb_articles,5439,5439,3677,Epidermal growth factor receptor,Homo sapiens,P00533,CN1CCN(CCCNc2cc3ncnc(Nc4cccc(C)c4)c3cn2)CC1,Cc1cccc(Nc2ncnc3cc(NCCCN4CCN(C)CC4)ncc23)c1,5.6,8.2518119729938,11/21/1997,3/8/2005,1997,Curated from the literature by BindingDB,10.1021/jm970366v,9397172,
bindingdb_articles,5440,5440,3678,Epidermal growth factor receptor,Homo sapiens,P00533,Cc1cccc(Nc2ncnc3cc(NCCCn4ccnc4)ncc23)c1,Cc1cccc(Nc2ncnc3cc(NCCCn4ccnc4)ncc23)c1,3.5,8.455931955649724,11/21/1997,3/8/2005,1997,Curated from the literature by BindingDB,10.1021/jm970366v,9397172,
bindingdb_articles,5441,5441,3679,Epidermal growth factor receptor,Homo sapiens,P00533,Cc1cccc(Nc2ncnc3cc(NCCc4cnc[nH]4)ncc23)c1,Cc1cccc(Nc2ncnc3cc(NCCc4cnc[nH]4)ncc23)c1,7.2,8.142667503568731,11/21/1997,3/8/2005,1997,Curated from the literature by BindingDB,10.1021/jm970366v,9397172,
bindingdb_articles,5442,5442,3680,Epidermal growth factor receptor,Homo sapiens,P00533,Clc1ncc2ncnc(Nc3ccccc3)c2n1,Clc1ncc2ncnc(Nc3ccccc3)c2n1,2550.0,5.5934598195660445,6/6/1997,3/14/2005,1997,Curated from the literature by BindingDB,10.1021/jm960879m,9191958,
bindingdb_articles,5443,5443,3681,Epidermal growth factor receptor,Homo sapiens,P00533,CNc1ncc2ncnc(Nc3ccccc3)c2n1,CNc1ncc2ncnc(Nc3ccccc3)c2n1,13.0,7.886056647693163,6/6/1997,3/14/2005,1997,Curated from the literature by BindingDB,10.1021/jm960879m,9191958,
bindingdb_articles,5444,5444,3682,Epidermal growth factor receptor,Homo sapiens,P00533,Clc1ncc2ncnc(Nc3cccc(Br)c3)c2n1,Clc1ncc2ncnc(Nc3cccc(Br)c3)c2n1,82.0,7.086186147616283,6/6/1997,3/14/2005,1997,Curated from the literature by BindingDB,10.1021/jm960879m,9191958,
bindingdb_articles,5445,5445,3683,Epidermal growth factor receptor,Homo sapiens,P00533,Nc1ncc2ncnc(Nc3cccc(Br)c3)c2n1,Nc1ncc2ncnc(Nc3cccc(Br)c3)c2n1,1.5,8.823908740944319,6/6/1997,3/14/2005,1997,Curated from the literature by BindingDB,10.1021/jm960879m,9191958,
bindingdb_articles,5446,5446,3684,Epidermal growth factor receptor,Homo sapiens,P00533,CNc1ncc2ncnc(Nc3cccc(Br)c3)c2n1,CNc1ncc2ncnc(Nc3cccc(Br)c3)c2n1,0.76,9.119186407719209,6/6/1997,3/14/2005,1997,Curated from the literature by BindingDB,10.1021/jm960879m,9191958,
bindingdb_articles,5447,5447,3685,Epidermal growth factor receptor,Homo sapiens,P00533,CN(C)c1ncc2ncnc(Nc3cccc(Br)c3)c2n1,CN(C)c1ncc2ncnc(Nc3cccc(Br)c3)c2n1,0.95,9.022276394711152,6/6/1997,3/14/2005,1997,Curated from the literature by BindingDB,10.1021/jm960879m,9191958,
bindingdb_articles,5448,5448,3686,Epidermal growth factor receptor,Homo sapiens,P00533,COc1ncc2ncnc(Nc3cccc(Br)c3)c2n1,COc1ncc2ncnc(Nc3cccc(Br)c3)c2n1,3.8,8.42021640338319,6/6/1997,3/14/2005,1997,Curated from the literature by BindingDB,10.1021/jm960879m,9191958,
bindingdb_articles,5449,5449,3687,Epidermal growth factor receptor,Homo sapiens,P00533,CN(C)CCNc1ncc2ncnc(Nc3cccc(Br)c3)c2n1,CN(C)CCNc1ncc2ncnc(Nc3cccc(Br)c3)c2n1,35.0,7.455931955649724,6/6/1997,3/14/2005,1997,Curated from the literature by BindingDB,10.1021/jm960879m,9191958,
bindingdb_articles,5450,5450,3688,Epidermal growth factor receptor,Homo sapiens,P00533,Brc1cccc(Nc2ncnc3cnc(NCCN4CCOCC4)nc23)c1,Brc1cccc(Nc2ncnc3cnc(NCCN4CCOCC4)nc23)c1,0.81,9.09151498112135,6/6/1997,3/14/2005,1997,Curated from the literature by BindingDB,10.1021/jm960879m,9191958,
bindingdb_articles,5451,5451,3689,Epidermal growth factor receptor,Homo sapiens,P00533,Brc1cccc(Nc2ncnc3cnc(NCCCN4CCOCC4)nc23)c1,Brc1cccc(Nc2ncnc3cnc(NCCCN4CCOCC4)nc23)c1,2.9,8.537602002101044,6/6/1997,3/14/2005,1997,Curated from the literature by BindingDB,10.1021/jm960879m,9191958,
bindingdb_articles,5452,5452,3690,Epidermal growth factor receptor,Homo sapiens,P00533,Brc1cccc(Nc2ncnc3cnc(NCCc4cnc[nH]4)nc23)c1,Brc1cccc(Nc2ncnc3cnc(NCCc4cnc[nH]4)nc23)c1,0.25,9.602059991327963,6/6/1997,3/14/2005,1997,Curated from the literature by BindingDB,10.1021/jm960879m,9191958,
bindingdb_articles,5453,5453,3691,Epidermal growth factor receptor,Homo sapiens,P00533,Brc1cccc(Nc2ncnc3cnc(NCCCn4ccnc4)nc23)c1,Brc1cccc(Nc2ncnc3cnc(NCCCn4ccnc4)nc23)c1,2.3,8.638272163982407,6/6/1997,3/14/2005,1997,Curated from the literature by BindingDB,10.1021/jm960879m,9191958,
bindingdb_articles,5454,5454,3692,Epidermal growth factor receptor,Homo sapiens,P00533,Cc1cccc(Nc2ncnc3cnc(Cl)nc23)c1,Cc1cccc(Nc2ncnc3cnc(Cl)nc23)c1,380.0,6.42021640338319,6/6/1997,3/14/2005,1997,Curated from the literature by BindingDB,10.1021/jm960879m,9191958,
bindingdb_articles,5455,5455,3693,Epidermal growth factor receptor,Homo sapiens,P00533,Cc1cccc(Nc2ncnc3cnc(N)nc23)c1,Cc1cccc(Nc2ncnc3cnc(N)nc23)c1,17.0,7.769551078621726,6/6/1997,3/14/2005,1997,Curated from the literature by BindingDB,10.1021/jm960879m,9191958,
bindingdb_articles,5456,5456,3694,Epidermal growth factor receptor,Homo sapiens,P00533,CNc1ncc2ncnc(Nc3cccc(C)c3)c2n1,CNc1ncc2ncnc(Nc3cccc(C)c3)c2n1,4.3,8.366531544420413,6/6/1997,3/14/2005,1997,Curated from the literature by BindingDB,10.1021/jm960879m,9191958,
bindingdb_articles,5457,5457,3695,Epidermal growth factor receptor,Homo sapiens,P00533,CN(C)c1ncc2ncnc(Nc3cccc(C)c3)c2n1,Cc1cccc(Nc2ncnc3cnc(N(C)C)nc23)c1,4.0,8.397940008672037,6/6/1997,3/14/2005,1997,Curated from the literature by BindingDB,10.1021/jm960879m,9191958,
bindingdb_articles,5458,5458,3696,Epidermal growth factor receptor,Homo sapiens,P00533,Cc1cccc(Nc2ncnc3cnc(NCCN4CCOCC4)nc23)c1,Cc1cccc(Nc2ncnc3cnc(NCCN4CCOCC4)nc23)c1,2.3,8.638272163982407,6/6/1997,3/14/2005,1997,Curated from the literature by BindingDB,10.1021/jm960879m,9191958,
bindingdb_articles,5459,5459,3697,Epidermal growth factor receptor,Homo sapiens,P00533,Cc1cccc(Nc2ncnc3cnc(NCCc4cnc[nH]4)nc23)c1,Cc1cccc(Nc2ncnc3cnc(NCCc4cnc[nH]4)nc23)c1,3.0,8.522878745280337,6/6/1997,3/14/2005,1997,Curated from the literature by BindingDB,10.1021/jm960879m,9191958,
bindingdb_articles,5460,5460,3600,Epidermal growth factor receptor,Homo sapiens,P00533,Nc1cc2c(Nc3cccc(Br)c3)ncnc2cn1,Nc1cc2c(Nc3cccc(Br)c3)ncnc2cn1,0.13,9.886056647693163,2/26/1998,3/14/2005,1998,Curated from the literature by BindingDB,10.1021/jm970641d,9513602,CHEMBL51853
bindingdb_articles,5463,5463,3700,Epidermal growth factor receptor,Homo sapiens,P00533,OCCNc1cc2c(Nc3cccc(Br)c3)ncnc2cn1,OCCNc1cc2c(Nc3cccc(Br)c3)ncnc2cn1,0.19,9.721246399047171,2/26/1998,3/14/2005,1998,Curated from the literature by BindingDB,10.1021/jm970641d,9513602,
bindingdb_articles,5464,5464,3701,Epidermal growth factor receptor,Homo sapiens,P00533,CN(CCO)c1cc2c(Nc3cccc(Br)c3)ncnc2cn1,CN(CCO)c1cc2c(Nc3cccc(Br)c3)ncnc2cn1,0.22,9.657577319177793,2/26/1998,3/14/2005,1998,Curated from the literature by BindingDB,10.1021/jm970641d,9513602,
bindingdb_articles,5465,5465,3702,Epidermal growth factor receptor,Homo sapiens,P00533,OCC(O)CNc1cc2c(Nc3cccc(Br)c3)ncnc2cn1,OCC(O)CNc1cc2c(Nc3cccc(Br)c3)ncnc2cn1,0.18,9.744727494896694,2/26/1998,3/14/2005,1998,Curated from the literature by BindingDB,10.1021/jm970641d,9513602,
bindingdb_articles,5466,5466,3703,Epidermal growth factor receptor,Homo sapiens,P00533,CN(CC(O)CO)c1cc2c(Nc3cccc(Br)c3)ncnc2cn1,CN(CC(O)CO)c1cc2c(Nc3cccc(Br)c3)ncnc2cn1,0.56,9.2518119729938,2/26/1998,3/14/2005,1998,Curated from the literature by BindingDB,10.1021/jm970641d,9513602,
bindingdb_articles,5467,5467,3704,Epidermal growth factor receptor,Homo sapiens,P00533,CN(C)CCNc1cc2c(Nc3cccc(Br)c3)ncnc2cn1,CN(C)CCNc1cc2c(Nc3cccc(Br)c3)ncnc2cn1,1.1,8.958607314841775,2/26/1998,3/14/2005,1998,Curated from the literature by BindingDB,10.1021/jm970641d,9513602,
bindingdb_articles,5468,5468,3705,Epidermal growth factor receptor,Homo sapiens,P00533,CN(C)CCCNc1cc2c(Nc3cccc(Br)c3)ncnc2cn1,CN(C)CCCNc1cc2c(Nc3cccc(Br)c3)ncnc2cn1,1.2,8.920818753952375,2/26/1998,3/14/2005,1998,Curated from the literature by BindingDB,10.1021/jm970641d,9513602,
bindingdb_articles,5469,5469,3706,Epidermal growth factor receptor,Homo sapiens,P00533,CN(C)CCCCNc1cc2c(Nc3cccc(Br)c3)ncnc2cn1,CN(C)CCCCNc1cc2c(Nc3cccc(Br)c3)ncnc2cn1,1.8,8.744727494896694,2/26/1998,3/14/2005,1998,Curated from the literature by BindingDB,10.1021/jm970641d,9513602,
bindingdb_articles,5470,5470,3707,Epidermal growth factor receptor,Homo sapiens,P00533,CCN(CC)CC(O)CNc1cc2c(Nc3cccc(Br)c3)ncnc2cn1,CCN(CC)CC(O)CNc1cc2c(Nc3cccc(Br)c3)ncnc2cn1,4.6,8.337242168318426,2/26/1998,3/14/2005,1998,Curated from the literature by BindingDB,10.1021/jm970641d,9513602,
bindingdb_articles,5471,5471,3708,Epidermal growth factor receptor,Homo sapiens,P00533,CN(CCO)CCNc1cc2c(Nc3cccc(Br)c3)ncnc2cn1,CN(CCO)CCNc1cc2c(Nc3cccc(Br)c3)ncnc2cn1,1.7,8.769551078621726,2/26/1998,3/14/2005,1998,Curated from the literature by BindingDB,10.1021/jm970641d,9513602,
bindingdb_articles,5472,5472,3709,Epidermal growth factor receptor,Homo sapiens,P00533,CN(C)CCN(C)c1cc2c(Nc3cccc(Br)c3)ncnc2cn1,CN(C)CCN(C)c1cc2c(Nc3cccc(Br)c3)ncnc2cn1,8.1,8.09151498112135,2/26/1998,3/14/2005,1998,Curated from the literature by BindingDB,10.1021/jm970641d,9513602,
bindingdb_articles,5473,5473,3710,Epidermal growth factor receptor,Homo sapiens,P00533,Brc1cccc(Nc2ncnc3cnc(NCCN4CCOCC4)cc23)c1,Brc1cccc(Nc2ncnc3cnc(NCCN4CCOCC4)cc23)c1,0.65,9.187086643357144,2/26/1998,3/14/2005,1998,Curated from the literature by BindingDB,10.1021/jm970641d,9513602,
bindingdb_articles,5474,5474,3711,Epidermal growth factor receptor,Homo sapiens,P00533,Brc1cccc(Nc2ncnc3cnc(NCCCN4CCOCC4)cc23)c1,Brc1cccc(Nc2ncnc3cnc(NCCCN4CCOCC4)cc23)c1,1.0,9.0,2/26/1998,3/14/2005,1998,Curated from the literature by BindingDB,10.1021/jm970641d,9513602,
bindingdb_articles,5475,5475,3712,Epidermal growth factor receptor,Homo sapiens,P00533,CN1CCN(CCCNc2cc3c(Nc4cccc(Br)c4)ncnc3cn2)CC1,CN1CCN(CCCNc2cc3c(Nc4cccc(Br)c4)ncnc3cn2)CC1,3.9,8.4089353929735,2/26/1998,3/14/2005,1998,Curated from the literature by BindingDB,10.1021/jm970641d,9513602,
bindingdb_articles,5476,5476,3713,Epidermal growth factor receptor,Homo sapiens,P00533,OCCN(CCO)CCNc1cc2c(Nc3cccc(Br)c3)ncnc2cn1,OCCN(CCO)CCNc1cc2c(Nc3cccc(Br)c3)ncnc2cn1,0.93,9.031517051446064,2/26/1998,3/14/2005,1998,Curated from the literature by BindingDB,10.1021/jm970641d,9513602,
bindingdb_articles,5477,5477,3714,Epidermal growth factor receptor,Homo sapiens,P00533,OCCN(CCO)CCCNc1cc2c(Nc3cccc(Br)c3)ncnc2cn1,OCCN(CCO)CCCNc1cc2c(Nc3cccc(Br)c3)ncnc2cn1,0.35,9.455931955649724,2/26/1998,3/14/2005,1998,Curated from the literature by BindingDB,10.1021/jm970641d,9513602,
bindingdb_articles,5478,5478,3715,Epidermal growth factor receptor,Homo sapiens,P00533,Brc1cccc(Nc2ncnc3cnc(NCc4cccnc4)cc23)c1,Brc1cccc(Nc2ncnc3cnc(NCc4cccnc4)cc23)c1,1.5,8.823908740944319,2/26/1998,3/14/2005,1998,Curated from the literature by BindingDB,10.1021/jm970641d,9513602,
bindingdb_articles,5479,5479,3716,Epidermal growth factor receptor,Homo sapiens,P00533,Brc1cccc(Nc2ncnc3cnc(NCCc4ccccn4)cc23)c1,Brc1cccc(Nc2ncnc3cnc(NCCc4ccccn4)cc23)c1,1.2,8.920818753952375,2/26/1998,3/14/2005,1998,Curated from the literature by BindingDB,10.1021/jm970641d,9513602,
bindingdb_articles,5480,5480,3717,Epidermal growth factor receptor,Homo sapiens,P00533,Brc1cccc(Nc2ncnc3cnc(NCCc4cnc[nH]4)cc23)c1,Brc1cccc(Nc2ncnc3cnc(NCCc4cnc[nH]4)cc23)c1,0.78,9.10790539730952,2/26/1998,3/14/2005,1998,Curated from the literature by BindingDB,10.1021/jm970641d,9513602,
bindingdb_articles,5481,5481,3718,Epidermal growth factor receptor,Homo sapiens,P00533,Brc1cccc(Nc2ncnc3cnc(NCCCn4ccnc4)cc23)c1,Brc1cccc(Nc2ncnc3cnc(NCCCn4ccnc4)cc23)c1,1.7,8.769551078621726,2/26/1998,3/14/2005,1998,Curated from the literature by BindingDB,10.1021/jm970641d,9513602,
bindingdb_articles,5482,5482,3719,Epidermal growth factor receptor,Homo sapiens,P00533,CN1CCN(CC1)c1cc2c(Nc3cccc(Br)c3)ncnc2cn1,CN1CCN(c2cc3c(Nc4cccc(Br)c4)ncnc3cn2)CC1,6.4,8.193820026016112,2/26/1998,3/14/2005,1998,Curated from the literature by BindingDB,10.1021/jm970641d,9513602,
bindingdb_articles,5483,5483,3720,Epidermal growth factor receptor,Homo sapiens,P00533,OC(=O)CNc1cc2c(Nc3cccc(Br)c3)ncnc2cn1,O=C(O)CNc1cc2c(Nc3cccc(Br)c3)ncnc2cn1,0.28,9.55284196865778,2/26/1998,3/14/2005,1998,Curated from the literature by BindingDB,10.1021/jm970641d,9513602,
bindingdb_articles,5484,5484,3721,Epidermal growth factor receptor,Homo sapiens,P00533,CN(CC(O)=O)c1cc2c(Nc3cccc(Br)c3)ncnc2cn1,CN(CC(=O)O)c1cc2c(Nc3cccc(Br)c3)ncnc2cn1,0.44,9.356547323513812,2/26/1998,3/14/2005,1998,Curated from the literature by BindingDB,10.1021/jm970641d,9513602,
bindingdb_articles,5485,5485,3722,Epidermal growth factor receptor,Homo sapiens,P00533,OC(=O)CCNc1cc2c(Nc3cccc(Br)c3)ncnc2cn1,O=C(O)CCNc1cc2c(Nc3cccc(Br)c3)ncnc2cn1,0.27,9.568636235841012,2/26/1998,3/14/2005,1998,Curated from the literature by BindingDB,10.1021/jm970641d,9513602,
bindingdb_articles,5486,5486,3607,Epidermal growth factor receptor,Homo sapiens,P00533,CNc1cc2c(Nc3ccccc3)ncnc2cn1,CNc1cc2c(Nc3ccccc3)ncnc2cn1,9.0,8.045757490560675,2/26/1998,3/14/2005,1998,Curated from the literature by BindingDB,10.1021/jm970641d,9513602,CHEMBL53940
bindingdb_articles,5487,5487,3724,Epidermal growth factor receptor,Homo sapiens,P00533,CNc1cc2c(Nc3cccc(Cl)c3)ncnc2cn1,CNc1cc2c(Nc3cccc(Cl)c3)ncnc2cn1,0.19,9.721246399047171,2/26/1998,3/14/2005,1998,Curated from the literature by BindingDB,10.1021/jm970641d,9513602,
bindingdb_articles,5488,5488,3725,Epidermal growth factor receptor,Homo sapiens,P00533,CNc1cc2c(Nc3cccc(c3)C(F)(F)F)ncnc2cn1,CNc1cc2c(Nc3cccc(C(F)(F)F)c3)ncnc2cn1,1.1,8.958607314841775,2/26/1998,3/14/2005,1998,Curated from the literature by BindingDB,10.1021/jm970641d,9513602,
bindingdb_articles,5489,5489,3726,Epidermal growth factor receptor,Homo sapiens,P00533,Cc1cccc(Nc2ncnc3cnc(N)cc23)c1,Cc1cccc(Nc2ncnc3cnc(N)cc23)c1,3.1,8.508638306165727,2/26/1998,3/14/2005,1998,Curated from the literature by BindingDB,10.1021/jm970641d,9513602,
bindingdb_articles,5490,5490,3727,Epidermal growth factor receptor,Homo sapiens,P00533,CNc1cc2c(Nc3cccc(C)c3)ncnc2cn1,CNc1cc2c(Nc3cccc(C)c3)ncnc2cn1,0.45,9.346787486224656,2/26/1998,3/14/2005,1998,Curated from the literature by BindingDB,10.1021/jm970641d,9513602,
bindingdb_articles,5491,5491,3728,Epidermal growth factor receptor,Homo sapiens,P00533,CN(C)c1cc2c(Nc3cccc(C)c3)ncnc2cn1,Cc1cccc(Nc2ncnc3cnc(N(C)C)cc23)c1,2.8,8.55284196865778,2/26/1998,3/14/2005,1998,Curated from the literature by BindingDB,10.1021/jm970641d,9513602,
bindingdb_articles,5492,5492,3729,Epidermal growth factor receptor,Homo sapiens,P00533,Cc1cccc(Nc2ncnc3cnc(NCCN4CCOCC4)cc23)c1,Cc1cccc(Nc2ncnc3cnc(NCCN4CCOCC4)cc23)c1,1.5,8.823908740944319,2/26/1998,3/14/2005,1998,Curated from the literature by BindingDB,10.1021/jm970641d,9513602,
bindingdb_articles,5493,5493,3730,Epidermal growth factor receptor,Homo sapiens,P00533,Cc1cccc(Nc2ncnc3cnc(NCCCN4CCOCC4)cc23)c1,Cc1cccc(Nc2ncnc3cnc(NCCCN4CCOCC4)cc23)c1,1.8,8.744727494896694,2/26/1998,3/14/2005,1998,Curated from the literature by BindingDB,10.1021/jm970641d,9513602,
bindingdb_articles,5494,5494,3731,Epidermal growth factor receptor,Homo sapiens,P00533,Cc1cccc(Nc2ncnc3cnc(NCCc4cnc[nH]4)cc23)c1,Cc1cccc(Nc2ncnc3cnc(NCCc4cnc[nH]4)cc23)c1,1.3,8.886056647693163,2/26/1998,3/14/2005,1998,Curated from the literature by BindingDB,10.1021/jm970641d,9513602,
bindingdb_articles,5495,5495,3732,Epidermal growth factor receptor,Homo sapiens,P00533,Cc1nc(Nc2cccc(Br)c2)c2cc(NCCN3CCOCC3)ncc2n1,Cc1nc(Nc2cccc(Br)c2)c2cc(NCCN3CCOCC3)ncc2n1,117.0,6.931814138253838,2/26/1998,3/14/2005,1998,Curated from the literature by BindingDB,10.1021/jm970641d,9513602,
bindingdb_articles,5496,5496,3733,Epidermal growth factor receptor,Homo sapiens,P00533,Cc1cccc(Nc2cc(NCCO)ncn2)c1,Cc1cccc(Nc2cc(NCCO)ncn2)c1,1.0,9.0,12/30/1999,3/14/2005,1999,Curated from the literature by BindingDB,10.1021/jm9903949,10639288,
bindingdb_articles,5497,5497,3263,Epidermal growth factor receptor,Homo sapiens,P00533,Clc1cccc(Nc2ncnc3ccccc23)c1,Clc1cccc(Nc2ncnc3ccccc23)c1,23.0,7.638272163982407,12/30/1999,3/14/2005,1999,Curated from the literature by BindingDB,10.1021/jm9903949,10639288,CHEMBL555321CHEMBL329672
bindingdb_articles,5498,5498,3735,Epidermal growth factor receptor,Homo sapiens,P00533,Brc1cccc(Nc2ncnc3ccsc23)c1,Brc1cccc(Nc2ncnc3ccsc23)c1,11.0,7.958607314841775,12/30/1999,3/14/2005,1999,Curated from the literature by BindingDB,10.1021/jm9903949,10639288,
bindingdb_articles,5499,5499,3736,Epidermal growth factor receptor,Homo sapiens,P00533,Brc1cccc(Nc2ncnc3sccc23)c1,Brc1cccc(Nc2ncnc3sccc23)c1,35.0,7.455931955649724,12/30/1999,3/14/2005,1999,Curated from the literature by BindingDB,10.1021/jm9903949,10639288,
bindingdb_articles,5503,5503,3583,Epidermal growth factor receptor,Homo sapiens,P00533,Brc1cccc(Nc2ncnc3cc4[nH]ccc4cc23)c1,Brc1cccc(Nc2ncnc3cc4[nH]ccc4cc23)c1,0.39,9.4089353929735,12/30/1999,3/14/2005,1999,Curated from the literature by BindingDB,10.1021/jm9903949,10639288,
bindingdb_articles,5504,5504,3582,Epidermal growth factor receptor,Homo sapiens,P00533,Brc1cccc(Nc2ncnc3cc4[nH]ncc4cc23)c1,Brc1cccc(Nc2ncnc3cc4[nH]ncc4cc23)c1,0.44,9.356547323513812,12/30/1999,3/14/2005,1999,Curated from the literature by BindingDB,10.1021/jm9903949,10639288,
bindingdb_articles,5505,5505,3577,Epidermal growth factor receptor,Homo sapiens,P00533,Brc1cccc(Nc2ncnc3ccc4[nH]cnc4c23)c1,Brc1cccc(Nc2ncnc3ccc4[nH]cnc4c23)c1,29.0,7.537602002101044,12/30/1999,3/14/2005,1999,Curated from the literature by BindingDB,10.1021/jm9903949,10639288,
bindingdb_articles,5506,5506,3584,Epidermal growth factor receptor,Homo sapiens,P00533,Brc1cccc(Nc2ncnc3ccc4cc[nH]c4c23)c1,Brc1cccc(Nc2ncnc3ccc4cc[nH]c4c23)c1,1.24,8.906578314837764,12/30/1999,3/14/2005,1999,Curated from the literature by BindingDB,10.1021/jm9903949,10639288,
bindingdb_articles,5507,5507,3578,Epidermal growth factor receptor,Homo sapiens,P00533,Brc1cccc(Nc2ncnc3c4nc[nH]c4ccc23)c1,Brc1cccc(Nc2ncnc3c2ccc2[nH]cnc23)c1,272.0,6.565431095965801,12/30/1999,3/14/2005,1999,Curated from the literature by BindingDB,10.1021/jm9903949,10639288,
bindingdb_articles,5508,5508,3743,Epidermal growth factor receptor,Homo sapiens,P00533,N(c1ccccc1)c1ncnc2c3ccccc3[nH]c12,c1ccc(Nc2ncnc3c2[nH]c2ccccc23)cc1,2110.0,5.675717544702307,12/30/1999,3/14/2005,1999,Curated from the literature by BindingDB,10.1021/jm9903949,10639288,
bindingdb_articles,5509,5509,3744,Epidermal growth factor receptor,Homo sapiens,P00533,Brc1cccc(Nc2ncnc3c4ccccc4[nH]c23)c1,Brc1cccc(Nc2ncnc3c2[nH]c2ccccc23)c1,72.0,7.142667503568731,12/30/1999,3/14/2005,1999,Curated from the literature by BindingDB,10.1021/jm9903949,10639288,
bindingdb_articles,5510,5510,3745,Epidermal growth factor receptor,Homo sapiens,P00533,Cn1c2ccccc2c2ncnc(Nc3cccc(Br)c3)c12,Cn1c2ccccc2c2ncnc(Nc3cccc(Br)c3)c21,132.0,6.8794260687941495,12/30/1999,3/14/2005,1999,Curated from the literature by BindingDB,10.1021/jm9903949,10639288,
bindingdb_articles,5511,5511,3746,Epidermal growth factor receptor,Homo sapiens,P00533,C(Nc1ncnc2c3ccccc3[nH]c12)c1ccccc1,c1ccc(CNc2ncnc3c2[nH]c2ccccc23)cc1,460.0,6.337242168318426,12/30/1999,3/14/2005,1999,Curated from the literature by BindingDB,10.1021/jm9903949,10639288,
bindingdb_articles,5512,5512,3747,Epidermal growth factor receptor,Homo sapiens,P00533,C[C@@H](Nc1ncnc2c3ccccc3[nH]c12)c1ccccc1 |r|,C[C@@H](Nc1ncnc2c1[nH]c1ccccc12)c1ccccc1,419.0,6.377785977033705,12/30/1999,3/14/2005,1999,Curated from the literature by BindingDB,10.1021/jm9903949,10639288,
bindingdb_articles,5517,5517,3752,Epidermal growth factor receptor,Homo sapiens,P00533,N(c1ccccc1)c1ncnc2[nH]c3ccccc3c12,c1ccc(Nc2ncnc3[nH]c4ccccc4c23)cc1,264.0,6.578396073130168,12/30/1999,3/14/2005,1999,Curated from the literature by BindingDB,10.1021/jm9903949,10639288,
bindingdb_articles,5518,5518,3753,Epidermal growth factor receptor,Homo sapiens,P00533,Brc1cccc(Nc2ncnc3[nH]c4ccccc4c23)c1,Brc1cccc(Nc2ncnc3[nH]c4ccccc4c23)c1,31.0,7.508638306165727,12/30/1999,3/14/2005,1999,Curated from the literature by BindingDB,10.1021/jm9903949,10639288,
bindingdb_articles,5519,5519,3754,Epidermal growth factor receptor,Homo sapiens,P00533,Cn1c2ccccc2c2c(Nc3cccc(Br)c3)ncnc12,Cn1c2ccccc2c2c(Nc3cccc(Br)c3)ncnc21,742.0,6.1295960947209736,12/30/1999,3/14/2005,1999,Curated from the literature by BindingDB,10.1021/jm9903949,10639288,
bindingdb_articles,5520,5520,3755,Epidermal growth factor receptor,Homo sapiens,P00533,CCN(CC)CCn1c2ccccc2c2c(Nc3cccc(Br)c3)ncnc12,CCN(CC)CCn1c2ccccc2c2c(Nc3cccc(Br)c3)ncnc21,4100.0,5.3872161432802645,12/30/1999,3/14/2005,1999,Curated from the literature by BindingDB,10.1021/jm9903949,10639288,
bindingdb_articles,5522,5522,3757,Epidermal growth factor receptor,Homo sapiens,P00533,Nc1nc(Nc2cccc(Br)c2)c2c(n1)[nH]c1ccccc21,Nc1nc(Nc2cccc(Br)c2)c2c(n1)[nH]c1ccccc12,147.0,6.8326826652518236,12/30/1999,3/14/2005,1999,Curated from the literature by BindingDB,10.1021/jm9903949,10639288,
bindingdb_articles,5523,5523,3758,Epidermal growth factor receptor,Homo sapiens,P00533,COc1ccc2[nH]c3ncnc(Nc4cccc(Br)c4)c3c2c1,COc1ccc2[nH]c3ncnc(Nc4cccc(Br)c4)c3c2c1,1.2,8.920818753952375,12/30/1999,3/14/2005,1999,Curated from the literature by BindingDB,10.1021/jm9903949,10639288,
bindingdb_articles,5524,5524,3759,Epidermal growth factor receptor,Homo sapiens,P00533,CCN(CC)CCn1c2ccc(OC)cc2c2c(Nc3cccc(Br)c3)ncnc12,CCN(CC)CCn1c2ccc(OC)cc2c2c(Nc3cccc(Br)c3)ncnc21,4270.0,5.369572124974976,12/30/1999,3/14/2005,1999,Curated from the literature by BindingDB,10.1021/jm9903949,10639288,
bindingdb_articles,5525,5525,3760,Epidermal growth factor receptor,Homo sapiens,P00533,C(Nc1ncnc2c3ccccc3sc12)c1ccccc1,c1ccc(CNc2ncnc3c2sc2ccccc23)cc1,191.0,6.718966632752272,12/30/1999,3/14/2005,1999,Curated from the literature by BindingDB,10.1021/jm9903949,10639288,
bindingdb_articles,5526,5526,3761,Epidermal growth factor receptor,Homo sapiens,P00533,C[C@@H](Nc1ncnc2c3ccccc3sc12)c1ccccc1 |r|,C[C@@H](Nc1ncnc2c1sc1ccccc12)c1ccccc1,538.0,6.269217724333611,12/30/1999,3/14/2005,1999,Curated from the literature by BindingDB,10.1021/jm9903949,10639288,CHEMBL103014
bindingdb_articles,5527,5527,3762,Epidermal growth factor receptor,Homo sapiens,P00533,Brc1cccc(Nc2ncnc3c4ccccc4sc23)c1,Brc1cccc(Nc2ncnc3c2sc2ccccc23)c1,1.8,8.744727494896694,12/30/1999,3/14/2005,1999,Curated from the literature by BindingDB,10.1021/jm9903949,10639288,
bindingdb_articles,5528,5528,3763,Epidermal growth factor receptor,Homo sapiens,P00533,[O-][N+](=O)c1ccc2sc3c(Nc4ccccc4)ncnc3c2c1,O=[N+]([O-])c1ccc2sc3c(Nc4ccccc4)ncnc3c2c1,58.0,7.236572006437063,12/30/1999,3/14/2005,1999,Curated from the literature by BindingDB,10.1021/jm9903949,10639288,
bindingdb_articles,5529,5529,3764,Epidermal growth factor receptor,Homo sapiens,P00533,Cc1cccc(Nc2ncnc3c2sc2ccc(cc32)[N+]([O-])=O)c1,Cc1cccc(Nc2ncnc3c2sc2ccc([N+](=O)[O-])cc23)c1,11.0,7.958607314841775,12/30/1999,3/14/2005,1999,Curated from the literature by BindingDB,10.1021/jm9903949,10639288,
bindingdb_articles,5530,5530,3765,Epidermal growth factor receptor,Homo sapiens,P00533,[O-][N+](=O)c1ccc2sc3c(Nc4cccc(c4)C(F)(F)F)ncnc3c2c1,O=[N+]([O-])c1ccc2sc3c(Nc4cccc(C(F)(F)F)c4)ncnc3c2c1,460.0,6.337242168318426,12/30/1999,3/14/2005,1999,Curated from the literature by BindingDB,10.1021/jm9903949,10639288,
bindingdb_articles,5531,5531,3766,Epidermal growth factor receptor,Homo sapiens,P00533,[O-][N+](=O)c1ccc2sc3c(Nc4cccc(Br)c4)ncnc3c2c1,O=[N+]([O-])c1ccc2sc3c(Nc4cccc(Br)c4)ncnc3c2c1,12.3,7.910094888560602,12/30/1999,3/14/2005,1999,Curated from the literature by BindingDB,10.1021/jm9903949,10639288,
bindingdb_articles,5532,5532,3767,Epidermal growth factor receptor,Homo sapiens,P00533,Nc1ccc2sc3c(Nc4ccccc4)ncnc3c2c1,Nc1ccc2sc3c(Nc4ccccc4)ncnc3c2c1,9.4,8.0268721464003,12/30/1999,3/14/2005,1999,Curated from the literature by BindingDB,10.1021/jm9903949,10639288,
bindingdb_articles,5533,5533,3768,Epidermal growth factor receptor,Homo sapiens,P00533,Cc1cccc(Nc2ncnc3c4cc(N)ccc4sc23)c1,Cc1cccc(Nc2ncnc3c2sc2ccc(N)cc23)c1,2.1,8.67778070526608,12/30/1999,3/14/2005,1999,Curated from the literature by BindingDB,10.1021/jm9903949,10639288,
bindingdb_articles,5534,5534,3769,Epidermal growth factor receptor,Homo sapiens,P00533,Nc1ccc2sc3c(Nc4cccc(c4)C(F)(F)F)ncnc3c2c1,Nc1ccc2sc3c(Nc4cccc(C(F)(F)F)c4)ncnc3c2c1,47.0,7.327902142064282,12/30/1999,3/14/2005,1999,Curated from the literature by BindingDB,10.1021/jm9903949,10639288,
bindingdb_articles,5535,5535,3770,Epidermal growth factor receptor,Homo sapiens,P00533,Nc1ccc2sc3c(Nc4cccc(Br)c4)ncnc3c2c1,Nc1ccc2sc3c(Nc4cccc(Br)c4)ncnc3c2c1,0.27,9.568636235841012,12/30/1999,3/14/2005,1999,Curated from the literature by BindingDB,10.1021/jm9903949,10639288,
bindingdb_articles,5536,5536,3771,Epidermal growth factor receptor,Homo sapiens,P00533,[O-][N+](=O)c1ccc2c(c1)sc1c(Nc3cccc(Br)c3)ncnc21,O=[N+]([O-])c1ccc2c(c1)sc1c(Nc3cccc(Br)c3)ncnc12,48.0,7.318758762624412,12/30/1999,3/14/2005,1999,Curated from the literature by BindingDB,10.1021/jm9903949,10639288,
bindingdb_articles,5537,5537,3772,Epidermal growth factor receptor,Homo sapiens,P00533,Nc1ccc2c(c1)sc1c(Nc3cccc(Br)c3)ncnc21,Nc1ccc2c(c1)sc1c(Nc3cccc(Br)c3)ncnc12,0.47,9.327902142064282,12/30/1999,3/14/2005,1999,Curated from the literature by BindingDB,10.1021/jm9903949,10639288,
bindingdb_articles,5538,5538,3773,Epidermal growth factor receptor,Homo sapiens,P00533,Nc1cc2sc3c(Nc4cccc(Br)c4)ncnc3c2cc1F,Nc1cc2sc3c(Nc4cccc(Br)c4)ncnc3c2cc1F,1.0,9.0,12/30/1999,3/14/2005,1999,Curated from the literature by BindingDB,10.1021/jm9903949,10639288,
bindingdb_articles,5539,5539,3774,Epidermal growth factor receptor,Homo sapiens,P00533,CCNc1cc2sc3c(Nc4cccc(Br)c4)ncnc3c2cc1F,CCNc1cc2sc3c(Nc4cccc(Br)c4)ncnc3c2cc1F,7.9,8.102372908709558,12/30/1999,3/14/2005,1999,Curated from the literature by BindingDB,10.1021/jm9903949,10639288,
bindingdb_articles,5540,5540,3775,Epidermal growth factor receptor,Homo sapiens,P00533,COc1ccc2c(c1)sc1c(Nc3cccc(Br)c3)ncnc21,COc1ccc2c(c1)sc1c(Nc3cccc(Br)c3)ncnc12,80.0,7.096910013008056,12/30/1999,3/14/2005,1999,Curated from the literature by BindingDB,10.1021/jm9903949,10639288,
bindingdb_articles,5541,5541,3776,Epidermal growth factor receptor,Homo sapiens,P00533,CNc1ccc2sc3c(Nc4cccc(Br)c4)ncnc3c2c1,CNc1ccc2sc3c(Nc4cccc(Br)c4)ncnc3c2c1,1.1,8.958607314841775,12/30/1999,3/14/2005,1999,Curated from the literature by BindingDB,10.1021/jm9903949,10639288,
bindingdb_articles,5542,5542,3777,Epidermal growth factor receptor,Homo sapiens,P00533,CN(C)c1ccc2sc3c(Nc4cccc(Br)c4)ncnc3c2c1,CN(C)c1ccc2sc3c(Nc4cccc(Br)c4)ncnc3c2c1,19.8,7.703334809738469,12/30/1999,3/14/2005,1999,Curated from the literature by BindingDB,10.1021/jm9903949,10639288,
bindingdb_articles,5543,5543,3778,Epidermal growth factor receptor,Homo sapiens,P00533,COc1cccc2c3ncnc(Nc4cccc(Br)c4)c3sc12,COc1cccc2c1sc1c(Nc3cccc(Br)c3)ncnc12,12.6,7.899629454882437,12/30/1999,3/14/2005,1999,Curated from the literature by BindingDB,10.1021/jm9903949,10639288,
bindingdb_articles,5544,5544,3779,Epidermal growth factor receptor,Homo sapiens,P00533,[O-][N+](=O)c1cccc2c1sc1c(Nc3cccc(Br)c3)ncnc21,O=[N+]([O-])c1cccc2c1sc1c(Nc3cccc(Br)c3)ncnc12,158.0,6.801342913045577,12/30/1999,3/14/2005,1999,Curated from the literature by BindingDB,10.1021/jm9903949,10639288,
bindingdb_articles,5545,5545,3780,Epidermal growth factor receptor,Homo sapiens,P00533,Nc1cccc2c1sc1c(Nc3cccc(Br)c3)ncnc21,Nc1cccc2c1sc1c(Nc3cccc(Br)c3)ncnc12,2.7,8.568636235841012,12/30/1999,3/14/2005,1999,Curated from the literature by BindingDB,10.1021/jm9903949,10639288,
bindingdb_articles,5546,5546,3781,Epidermal growth factor receptor,Homo sapiens,P00533,COc1cccc2sc3c(Nc4cccc(Br)c4)ncnc3c12,COc1cccc2sc3c(Nc4cccc(Br)c4)ncnc3c12,20.0,7.698970004336019,12/30/1999,3/14/2005,1999,Curated from the literature by BindingDB,10.1021/jm9903949,10639288,
bindingdb_articles,5547,5547,3782,Epidermal growth factor receptor,Homo sapiens,P00533,COc1cc2sc3c(Nc4cccc(Br)c4)ncnc3c2cc1OC,COc1cc2sc3c(Nc4cccc(Br)c4)ncnc3c2cc1OC,444.0,6.35261702988538,12/30/1999,3/14/2005,1999,Curated from the literature by BindingDB,10.1021/jm9903949,10639288,
bindingdb_articles,5549,5549,3784,Epidermal growth factor receptor,Homo sapiens,P00533,Brc1cccc(Nc2ncnc3c4cccnc4sc23)c1,Brc1cccc(Nc2ncnc3c2sc2ncccc23)c1,732.0,6.135488918941608,12/30/1999,3/14/2005,1999,Curated from the literature by BindingDB,10.1021/jm9903949,10639288,
bindingdb_articles,5550,5550,3785,Epidermal growth factor receptor,Homo sapiens,P00533,Brc1cccc(Nc2ncnc3c2sc2ncsc32)c1,Brc1cccc(Nc2ncnc3c2sc2ncsc23)c1,40.0,7.3979400086720375,12/30/1999,3/14/2005,1999,Curated from the literature by BindingDB,10.1021/jm9903949,10639288,
bindingdb_articles,5551,5551,3786,Epidermal growth factor receptor,Homo sapiens,P00533,Brc1cccc(Nc2ncnc3c4ccccc4oc23)c1,Brc1cccc(Nc2ncnc3c2oc2ccccc23)c1,740.0,6.130768280269024,12/30/1999,3/14/2005,1999,Curated from the literature by BindingDB,10.1021/jm9903949,10639288,
bindingdb_articles,5891,5891,3956,Epidermal growth factor receptor,Homo sapiens,P00533,OC(=O)CC1C(=S)Nc2ccccc12,O=C(O)CC1C(=S)Nc2ccccc21,14900.0,4.826813731587726,8/20/1993,4/21/2005,1993,Curated from the literature by BindingDB,10.1021/jm00069a003,8355247,
bindingdb_articles,5893,5893,3958,Epidermal growth factor receptor,Homo sapiens,P00533,COC(=O)CC1C(=S)Nc2ccccc12,COC(=O)CC1C(=S)Nc2ccccc21,100000.0,4.0,8/20/1993,4/21/2005,1993,Curated from the literature by BindingDB,10.1021/jm00069a003,8355247,
bindingdb_articles,5895,5895,3960,Epidermal growth factor receptor,Homo sapiens,P00533,OC(=O)CCC1C(=S)Nc2ccccc12,O=C(O)CCC1C(=S)Nc2ccccc21,1620.0,5.790484985457369,8/20/1993,4/21/2005,1993,Curated from the literature by BindingDB,10.1021/jm00069a003,8355247,
bindingdb_articles,5896,5896,3961,Epidermal growth factor receptor,Homo sapiens,P00533,CN1C(=S)C(CCC(O)=O)c2ccccc12,CN1C(=S)C(CCC(=O)O)c2ccccc21,6700.0,5.173925197299173,8/20/1993,4/21/2005,1993,Curated from the literature by BindingDB,10.1021/jm00069a003,8355247,
bindingdb_articles,5899,5899,3964,Epidermal growth factor receptor,Homo sapiens,P00533,OC(=O)CCCC1C(=S)Nc2ccccc12,O=C(O)CCCC1C(=S)Nc2ccccc21,6700.0,5.173925197299173,8/20/1993,4/21/2005,1993,Curated from the literature by BindingDB,10.1021/jm00069a003,8355247,
bindingdb_articles,5906,5906,3971,Epidermal growth factor receptor,Homo sapiens,P00533,OC(=O)Cc1c(SSc2[nH]c3ccccc3c2CC(O)=O)[nH]c2ccccc12,O=C(O)Cc1c(SSc2[nH]c3ccccc3c2CC(=O)O)[nH]c2ccccc12,10200.0,4.991399828238082,8/20/1993,4/21/2005,1993,Curated from the literature by BindingDB,10.1021/jm00069a003,8355247,
bindingdb_articles,5907,5907,3972,Epidermal growth factor receptor,Homo sapiens,P00533,Cn1c(SSc2c(CC(O)=O)c3ccccc3n2C)c(CC(O)=O)c2ccccc12,Cn1c(SSc2c(CC(=O)O)c3ccccc3n2C)c(CC(=O)O)c2ccccc21,53000.0,4.275724130399211,8/20/1993,4/21/2005,1993,Curated from the literature by BindingDB,10.1021/jm00069a003,8355247,
bindingdb_articles,5908,5908,3973,Epidermal growth factor receptor,Homo sapiens,P00533,Oc1ccc(O)c(\C=C\NC=O)c1,O=CN/C=C/c1cc(O)ccc1O,2000.0,5.698970004336019,8/20/1993,4/21/2005,1993,Curated from the literature by BindingDB,10.1021/jm00069a003,8355247,
bindingdb_articles,5909,5909,3974,Epidermal growth factor receptor,Homo sapiens,P00533,COC(=O)Cc1c(SSc2[nH]c3ccccc3c2CC(=O)OC)[nH]c2ccccc12,COC(=O)Cc1c(SSc2[nH]c3ccccc3c2CC(=O)OC)[nH]c2ccccc12,18000.0,4.7447274948966935,8/20/1993,4/21/2005,1993,Curated from the literature by BindingDB,10.1021/jm00069a003,8355247,
bindingdb_articles,5910,5910,3975,Epidermal growth factor receptor,Homo sapiens,P00533,COC(=O)Cc1c(SSc2c(CC(=O)OC)c3ccccc3n2C)n(C)c2ccccc12,COC(=O)Cc1c(SSc2c(CC(=O)OC)c3ccccc3n2C)n(C)c2ccccc12,33000.0,4.481486060122113,8/20/1993,4/21/2005,1993,Curated from the literature by BindingDB,10.1021/jm00069a003,8355247,
bindingdb_articles,5912,5912,3977,Epidermal growth factor receptor,Homo sapiens,P00533,OC(=O)Cc1c(SSSc2[nH]c3ccccc3c2CC(O)=O)[nH]c2ccccc12,O=C(O)Cc1c(SSSc2[nH]c3ccccc3c2CC(=O)O)[nH]c2ccccc12,9300.0,5.031517051446064,8/20/1993,4/21/2005,1993,Curated from the literature by BindingDB,10.1021/jm00069a003,8355247,
bindingdb_articles,5913,5913,3978,Epidermal growth factor receptor,Homo sapiens,P00533,COC(=O)Cc1c(SSSc2[nH]c3ccccc3c2CC(=O)OC)[nH]c2ccccc12,COC(=O)Cc1c(SSSc2[nH]c3ccccc3c2CC(=O)OC)[nH]c2ccccc12,35000.0,4.455931955649724,8/20/1993,4/21/2005,1993,Curated from the literature by BindingDB,10.1021/jm00069a003,8355247,
bindingdb_articles,5914,5914,3979,Epidermal growth factor receptor,Homo sapiens,P00533,OC(=O)CCc1c(SSc2[nH]c3ccccc3c2CCC(O)=O)[nH]c2ccccc12,O=C(O)CCc1c(SSc2[nH]c3ccccc3c2CCC(=O)O)[nH]c2ccccc12,4200.0,5.376750709602099,8/20/1993,4/21/2005,1993,Curated from the literature by BindingDB,10.1021/jm00069a003,8355247,CHEMBL79704
bindingdb_articles,5915,5915,3980,Epidermal growth factor receptor,Homo sapiens,P00533,Cn1c(SSc2c(CCC(O)=O)c3ccccc3n2C)c(CCC(O)=O)c2ccccc12,Cn1c(SSc2c(CCC(=O)O)c3ccccc3n2C)c(CCC(=O)O)c2ccccc21,3100.0,5.508638306165727,8/20/1993,4/21/2005,1993,Curated from the literature by BindingDB,10.1021/jm00069a003,8355247,
bindingdb_articles,5916,5916,3981,Epidermal growth factor receptor,Homo sapiens,P00533,COC(=O)CCc1c(SSc2[nH]c3ccccc3c2CCC(=O)OC)[nH]c2ccccc12,COC(=O)CCc1c(SSc2[nH]c3ccccc3c2CCC(=O)OC)[nH]c2ccccc12,21000.0,4.6777807052660805,8/20/1993,4/21/2005,1993,Curated from the literature by BindingDB,10.1021/jm00069a003,8355247,
bindingdb_articles,5918,5918,3983,Epidermal growth factor receptor,Homo sapiens,P00533,Cc1ccc2[nH]c(SSc3[nH]c4ccc(C)cc4c3CCC(O)=O)c(CCC(O)=O)c2c1,Cc1ccc2[nH]c(SSc3[nH]c4ccc(C)cc4c3CCC(=O)O)c(CCC(=O)O)c2c1,8400.0,5.075720713938118,8/20/1993,4/21/2005,1993,Curated from the literature by BindingDB,10.1021/jm00069a003,8355247,
bindingdb_articles,5919,5919,3984,Epidermal growth factor receptor,Homo sapiens,P00533,Cc1ccc2c(CCC(O)=O)c(SSc3[nH]c4cc(C)ccc4c3CCC(O)=O)[nH]c2c1,Cc1ccc2c(CCC(=O)O)c(SSc3[nH]c4cc(C)ccc4c3CCC(=O)O)[nH]c2c1,2900.0,5.537602002101044,8/20/1993,4/21/2005,1993,Curated from the literature by BindingDB,10.1021/jm00069a003,8355247,
bindingdb_articles,5920,5920,3985,Epidermal growth factor receptor,Homo sapiens,P00533,Cc1cccc2c(CCC(O)=O)c(SSc3[nH]c4c(C)cccc4c3CCC(O)=O)[nH]c12,Cc1cccc2c(CCC(=O)O)c(SSc3[nH]c4c(C)cccc4c3CCC(=O)O)[nH]c12,1500.0,5.823908740944319,8/20/1993,4/21/2005,1993,Curated from the literature by BindingDB,10.1021/jm00069a003,8355247,
bindingdb_articles,5921,5921,3986,Epidermal growth factor receptor,Homo sapiens,P00533,OC(=O)CCCc1c(SSc2[nH]c3ccccc3c2CCCC(O)=O)[nH]c2ccccc12,O=C(O)CCCc1c(SSc2[nH]c3ccccc3c2CCCC(=O)O)[nH]c2ccccc12,18000.0,4.7447274948966935,8/20/1993,4/21/2005,1993,Curated from the literature by BindingDB,10.1021/jm00069a003,8355247,
bindingdb_articles,5922,5922,3987,Epidermal growth factor receptor,Homo sapiens,P00533,Cn1c(SSc2c(CCCC(O)=O)c3ccccc3n2C)c(CCCC(O)=O)c2ccccc12,Cn1c(SSc2c(CCCC(=O)O)c3ccccc3n2C)c(CCCC(=O)O)c2ccccc21,8300.0,5.080921907623926,8/20/1993,4/21/2005,1993,Curated from the literature by BindingDB,10.1021/jm00069a003,8355247,
bindingdb_articles,5925,5925,3990,Epidermal growth factor receptor,Homo sapiens,P00533,O=C(Cc1c(SSc2[nH]c3ccccc3c2CC(=O)NCc2ccccc2)[nH]c2ccccc12)NCc1ccccc1,O=C(Cc1c(SSc2[nH]c3ccccc3c2CC(=O)NCc2ccccc2)[nH]c2ccccc12)NCc1ccccc1,38000.0,4.42021640338319,3/4/1994,4/20/2005,1994,Curated from the literature by BindingDB,10.1021/jm00031a009,7510340,
bindingdb_articles,5926,5926,3991,Epidermal growth factor receptor,Homo sapiens,P00533,N#CCc1c(SSc2[nH]c3ccccc3c2CC#N)[nH]c2ccccc12,N#CCc1c(SSc2[nH]c3ccccc3c2CC#N)[nH]c2ccccc12,32000.0,4.494850021680094,3/4/1994,4/20/2005,1994,Curated from the literature by BindingDB,10.1021/jm00031a009,7510340,
bindingdb_articles,5927,5927,3979,Epidermal growth factor receptor,Homo sapiens,P00533,OC(=O)CCc1c(SSc2[nH]c3ccccc3c2CCC(O)=O)[nH]c2ccccc12,O=C(O)CCc1c(SSc2[nH]c3ccccc3c2CCC(=O)O)[nH]c2ccccc12,4800.0,5.318758762624412,3/4/1994,4/20/2005,1994,Curated from the literature by BindingDB,10.1021/jm00031a009,7510340,CHEMBL79704
bindingdb_articles,5928,5928,3981,Epidermal growth factor receptor,Homo sapiens,P00533,COC(=O)CCc1c(SSc2[nH]c3ccccc3c2CCC(=O)OC)[nH]c2ccccc12,COC(=O)CCc1c(SSc2[nH]c3ccccc3c2CCC(=O)OC)[nH]c2ccccc12,21000.0,4.6777807052660805,3/4/1994,4/20/2005,1994,Curated from the literature by BindingDB,10.1021/jm00031a009,7510340,
bindingdb_articles,5929,5929,3994,Epidermal growth factor receptor,Homo sapiens,P00533,N#CCCc1c(SSc2[nH]c3ccccc3c2CCC#N)[nH]c2ccccc12,N#CCCc1c(SSc2[nH]c3ccccc3c2CCC#N)[nH]c2ccccc12,47000.0,4.327902142064283,3/4/1994,4/20/2005,1994,Curated from the literature by BindingDB,10.1021/jm00031a009,7510340,
bindingdb_articles,5930,5930,3995,Epidermal growth factor receptor,Homo sapiens,P00533,[O-][N+](=O)CCc1c(SSc2[nH]c3ccccc3c2CC[N+]([O-])=O)[nH]c2ccccc12,O=[N+]([O-])CCc1c(SSc2[nH]c3ccccc3c2CC[N+](=O)[O-])[nH]c2ccccc12,89000.0,4.050609993355088,3/4/1994,4/20/2005,1994,Curated from the literature by BindingDB,10.1021/jm00031a009,7510340,
bindingdb_articles,5931,5931,3996,Epidermal growth factor receptor,Homo sapiens,P00533,NC(=O)CCc1c(SSc2[nH]c3ccccc3c2CCC(N)=O)[nH]c2ccccc12,NC(=O)CCc1c(SSc2[nH]c3ccccc3c2CCC(N)=O)[nH]c2ccccc12,16000.0,4.795880017344075,3/4/1994,4/20/2005,1994,Curated from the literature by BindingDB,10.1021/jm00031a009,7510340,
bindingdb_articles,5932,5932,3997,Epidermal growth factor receptor,Homo sapiens,P00533,CNC(=O)CCc1c(SSc2[nH]c3ccccc3c2CCC(=O)NC)[nH]c2ccccc12,CNC(=O)CCc1c(SSc2[nH]c3ccccc3c2CCC(=O)NC)[nH]c2ccccc12,9400.0,5.026872146400301,3/4/1994,4/20/2005,1994,Curated from the literature by BindingDB,10.1021/jm00031a009,7510340,
bindingdb_articles,5933,5933,3998,Epidermal growth factor receptor,Homo sapiens,P00533,CONC(=O)CCc1c(SSc2[nH]c3ccccc3c2CCC(=O)NOC)[nH]c2ccccc12,CONC(=O)CCc1c(SSc2[nH]c3ccccc3c2CCC(=O)NOC)[nH]c2ccccc12,68000.0,4.167491087293763,3/4/1994,4/20/2005,1994,Curated from the literature by BindingDB,10.1021/jm00031a009,7510340,
bindingdb_articles,5934,5934,3999,Epidermal growth factor receptor,Homo sapiens,P00533,CN(C)C(=O)CCc1c(SSc2[nH]c3ccccc3c2CCC(=O)N(C)C)[nH]c2ccccc12,CN(C)C(=O)CCc1c(SSc2[nH]c3ccccc3c2CCC(=O)N(C)C)[nH]c2ccccc12,12000.0,4.920818753952375,3/4/1994,4/20/2005,1994,Curated from the literature by BindingDB,10.1021/jm00031a009,7510340,
bindingdb_articles,5935,5935,4000,Epidermal growth factor receptor,Homo sapiens,P00533,O=C(CCc1c(SSc2[nH]c3ccccc3c2CCC(=O)Nc2ccccc2)[nH]c2ccccc12)Nc1ccccc1,O=C(CCc1c(SSc2[nH]c3ccccc3c2CCC(=O)Nc2ccccc2)[nH]c2ccccc12)Nc1ccccc1,25000.0,4.6020599913279625,3/4/1994,4/20/2005,1994,Curated from the literature by BindingDB,10.1021/jm00031a009,7510340,
bindingdb_articles,5936,5936,4001,Epidermal growth factor receptor,Homo sapiens,P00533,O=C(CCc1c(SSc2[nH]c3ccccc3c2CCC(=O)NCc2ccccc2)[nH]c2ccccc12)NCc1ccccc1,O=C(CCc1c(SSc2[nH]c3ccccc3c2CCC(=O)NCc2ccccc2)[nH]c2ccccc12)NCc1ccccc1,850.0,6.070581074285707,3/4/1994,4/20/2005,1994,Curated from the literature by BindingDB,10.1021/jm00031a009,7510340,
bindingdb_articles,5937,5937,4002,Epidermal growth factor receptor,Homo sapiens,P00533,COC(=O)c1ccc(CNC(=O)CCc2c(SSc3[nH]c4ccccc4c3CCC(=O)NCc3ccc(cc3)C(=O)OC)[nH]c3ccccc23)cc1,COC(=O)c1ccc(CNC(=O)CCc2c(SSc3[nH]c4ccccc4c3CCC(=O)NCc3ccc(C(=O)OC)cc3)[nH]c3ccccc23)cc1,44000.0,4.356547323513812,3/4/1994,4/20/2005,1994,Curated from the literature by BindingDB,10.1021/jm00031a009,7510340,
bindingdb_articles,5938,5938,4003,Epidermal growth factor receptor,Homo sapiens,P00533,OC(=O)c1ccc(CNC(=O)CCc2c(SSc3[nH]c4ccccc4c3CCC(=O)NCc3ccc(cc3)C(O)=O)[nH]c3ccccc23)cc1,O=C(CCc1c(SSc2[nH]c3ccccc3c2CCC(=O)NCc2ccc(C(=O)O)cc2)[nH]c2ccccc12)NCc1ccc(C(=O)O)cc1,7400.0,5.130768280269024,3/4/1994,4/20/2005,1994,Curated from the literature by BindingDB,10.1021/jm00031a009,7510340,
bindingdb_articles,5939,5939,4004,Epidermal growth factor receptor,Homo sapiens,P00533,COC(=O)c1ccc(CNC(=O)CCc2c(SSc3[nH]c4ccccc4c3CCC(=O)NCc3ccc(C(=O)OC)c(O)c3)[nH]c3ccccc23)cc1O,COC(=O)c1ccc(CNC(=O)CCc2c(SSc3[nH]c4ccccc4c3CCC(=O)NCc3ccc(C(=O)OC)c(O)c3)[nH]c3ccccc23)cc1O,100000.0,4.0,3/4/1994,4/20/2005,1994,Curated from the literature by BindingDB,10.1021/jm00031a009,7510340,
bindingdb_articles,5940,5940,4005,Epidermal growth factor receptor,Homo sapiens,P00533,OC(=O)c1ccc(CNC(=O)CCc2c(SSc3[nH]c4ccccc4c3CCC(=O)NCc3ccc(C(O)=O)c(O)c3)[nH]c3ccccc23)cc1O,O=C(CCc1c(SSc2[nH]c3ccccc3c2CCC(=O)NCc2ccc(C(=O)O)c(O)c2)[nH]c2ccccc12)NCc1ccc(C(=O)O)c(O)c1,8500.0,5.070581074285707,3/4/1994,4/20/2005,1994,Curated from the literature by BindingDB,10.1021/jm00031a009,7510340,
bindingdb_articles,5941,5941,4006,Epidermal growth factor receptor,Homo sapiens,P00533,O=C(CCc1c(SSc2[nH]c3ccccc3c2CCC(=O)NCCc2ccccc2)[nH]c2ccccc12)NCCc1ccccc1,O=C(CCc1c(SSc2[nH]c3ccccc3c2CCC(=O)NCCc2ccccc2)[nH]c2ccccc12)NCCc1ccccc1,24000.0,4.619788758288394,3/4/1994,4/20/2005,1994,Curated from the literature by BindingDB,10.1021/jm00031a009,7510340,
bindingdb_articles,5942,5942,4007,Epidermal growth factor receptor,Homo sapiens,P00533,CC(=O)NC(Cc1c(SSc2[nH]c3ccccc3c2CC(NC(C)=O)C(=O)NCc2ccccc2)[nH]c2ccccc12)C(=O)NCc1ccccc1,CC(=O)NC(Cc1c(SSc2[nH]c3ccccc3c2CC(NC(C)=O)C(=O)NCc2ccccc2)[nH]c2ccccc12)C(=O)NCc1ccccc1,51000.0,4.292429823902063,3/4/1994,4/20/2005,1994,Curated from the literature by BindingDB,10.1021/jm00031a009,7510340,
bindingdb_articles,5944,5944,3351,Epidermal growth factor receptor,Homo sapiens,P00533,NC(Cc1c(SSc2[nH]c3ccccc3c2CC(N)C(=O)NCc2ccccc2)[nH]c2ccccc12)C(=O)NCc1ccccc1,NC(Cc1c(SSc2[nH]c3ccccc3c2CC(N)C(=O)NCc2ccccc2)[nH]c2ccccc12)C(=O)NCc1ccccc1,7600.0,5.119186407719209,3/4/1994,4/20/2005,1994,Curated from the literature by BindingDB,10.1021/jm00031a009,7510340,CHEMBL336174
bindingdb_articles,5945,5945,4010,Epidermal growth factor receptor,Homo sapiens,P00533,CC(=O)OC(Cc1c(SSc2[nH]c3ccccc3c2CC(OC(C)=O)C(=O)NCc2ccccc2)[nH]c2ccccc12)C(=O)NCc1ccccc1,CC(=O)OC(Cc1c(SSc2[nH]c3ccccc3c2CC(OC(C)=O)C(=O)NCc2ccccc2)[nH]c2ccccc12)C(=O)NCc1ccccc1,28000.0,4.552841968657781,3/4/1994,4/20/2005,1994,Curated from the literature by BindingDB,10.1021/jm00031a009,7510340,
bindingdb_articles,5946,5946,4011,Epidermal growth factor receptor,Homo sapiens,P00533,OC(Cc1c(SSc2[nH]c3ccccc3c2CC(O)C(=O)NCc2ccccc2)[nH]c2ccccc12)C(=O)NCc1ccccc1,O=C(NCc1ccccc1)C(O)Cc1c(SSc2[nH]c3ccccc3c2CC(O)C(=O)NCc2ccccc2)[nH]c2ccccc12,14000.0,4.853871964321762,3/4/1994,4/20/2005,1994,Curated from the literature by BindingDB,10.1021/jm00031a009,7510340,
bindingdb_articles,5947,5947,4012,Epidermal growth factor receptor,Homo sapiens,P00533,O=C(CCCc1c(SSc2[nH]c3ccccc3c2CCCC(=O)NCc2ccccc2)[nH]c2ccccc12)NCc1ccccc1,O=C(CCCc1c(SSc2[nH]c3ccccc3c2CCCC(=O)NCc2ccccc2)[nH]c2ccccc12)NCc1ccccc1,100000.0,4.0,3/4/1994,4/20/2005,1994,Curated from the literature by BindingDB,10.1021/jm00031a009,7510340,
bindingdb_articles,5948,5948,4013,Epidermal growth factor receptor,Homo sapiens,P00533,O=C(CC1C(=S)Nc2ccccc12)NCc1ccccc1,O=C(CC1C(=S)Nc2ccccc21)NCc1ccccc1,100000.0,4.0,3/4/1994,4/20/2005,1994,Curated from the literature by BindingDB,10.1021/jm00031a009,7510340,
bindingdb_articles,5949,5949,4014,Epidermal growth factor receptor,Homo sapiens,P00533,NC(=O)CCC1C(=S)Nc2ccccc12,NC(=O)CCC1C(=S)Nc2ccccc21,22000.0,4.657577319177793,3/4/1994,4/20/2005,1994,Curated from the literature by BindingDB,10.1021/jm00031a009,7510340,
bindingdb_articles,5950,5950,4015,Epidermal growth factor receptor,Homo sapiens,P00533,O=C(CCC1C(=S)Nc2ccccc12)NCc1ccccc1,O=C(CCC1C(=S)Nc2ccccc21)NCc1ccccc1,100000.0,4.0,3/4/1994,4/20/2005,1994,Curated from the literature by BindingDB,10.1021/jm00031a009,7510340,
bindingdb_articles,5972,5972,4016,Epidermal growth factor receptor,Homo sapiens,P00533,Cn1c(SSc2c(C(=O)Nc3ccccc3)c3ccccc3n2C)c(C(=O)Nc2ccccc2)c2ccccc12,Cn1c(SSc2c(C(=O)Nc3ccccc3)c3ccccc3n2C)c(C(=O)Nc2ccccc2)c2ccccc21,10000.0,5.0,6/24/1994,4/20/2005,1994,Curated from the literature by BindingDB,10.1021/jm00039a016,8027985,CHEMBL304414
bindingdb_articles,5973,5973,4017,Epidermal growth factor receptor,Homo sapiens,P00533,Cn1c(SSc2c(C(=O)Nc3ccccc3)c3c(Cl)cccc3n2C)c(C(=O)Nc2ccccc2)c2c(Cl)cccc12,Cn1c(SSc2c(C(=O)Nc3ccccc3)c3c(Cl)cccc3n2C)c(C(=O)Nc2ccccc2)c2c(Cl)cccc21,100000.0,4.0,6/24/1994,4/20/2005,1994,Curated from the literature by BindingDB,10.1021/jm00039a016,8027985,
bindingdb_articles,5976,5976,4020,Epidermal growth factor receptor,Homo sapiens,P00533,CC(=O)Oc1cccc2n(C)c(SSc3c(C(=O)Nc4ccccc4)c4c(OC(C)=O)cccc4n3C)c(C(=O)Nc3ccccc3)c12,CC(=O)Oc1cccc2c1c(C(=O)Nc1ccccc1)c(SSc1c(C(=O)Nc3ccccc3)c3c(OC(C)=O)cccc3n1C)n2C,20000.0,4.698970004336019,6/24/1994,4/20/2005,1994,Curated from the literature by BindingDB,10.1021/jm00039a016,8027985,
bindingdb_articles,5978,5978,4022,Epidermal growth factor receptor,Homo sapiens,P00533,Cn1c(SSc2c(C(=O)Nc3ccccc3)c3cc(Cl)ccc3n2C)c(C(=O)Nc2ccccc2)c2cc(Cl)ccc12,Cn1c(SSc2c(C(=O)Nc3ccccc3)c3cc(Cl)ccc3n2C)c(C(=O)Nc2ccccc2)c2cc(Cl)ccc21,4300.0,5.366531544420413,6/24/1994,4/20/2005,1994,Curated from the literature by BindingDB,10.1021/jm00039a016,8027985,CHEMBL293889
bindingdb_articles,5979,5979,4023,Epidermal growth factor receptor,Homo sapiens,P00533,Cn1c(SSc2c(C(=O)Nc3ccccc3)c3cc(Br)ccc3n2C)c(C(=O)Nc2ccccc2)c2cc(Br)ccc12,Cn1c(SSc2c(C(=O)Nc3ccccc3)c3cc(Br)ccc3n2C)c(C(=O)Nc2ccccc2)c2cc(Br)ccc21,11400.0,4.943095148663527,6/24/1994,4/20/2005,1994,Curated from the literature by BindingDB,10.1021/jm00039a016,8027985,
bindingdb_articles,5982,5982,4026,Epidermal growth factor receptor,Homo sapiens,P00533,CC(=O)Oc1ccc2n(C)c(SSc3c(C(=O)Nc4ccccc4)c4cc(OC(C)=O)ccc4n3C)c(C(=O)Nc3ccccc3)c2c1,CC(=O)Oc1ccc2c(c1)c(C(=O)Nc1ccccc1)c(SSc1c(C(=O)Nc3ccccc3)c3cc(OC(C)=O)ccc3n1C)n2C,5300.0,5.275724130399211,6/24/1994,4/20/2005,1994,Curated from the literature by BindingDB,10.1021/jm00039a016,8027985,
bindingdb_articles,5994,5994,4027,Epidermal growth factor receptor,Homo sapiens,P00533,Cn1c(SSc2c(C(=O)Nc3ccccc3)c3cc(O)ccc3n2C)c(C(=O)Nc2ccccc2)c2cc(O)ccc12,Cn1c(SSc2c(C(=O)Nc3ccccc3)c3cc(O)ccc3n2C)c(C(=O)Nc2ccccc2)c2cc(O)ccc21,40500.0,4.392544976785332,6/24/1994,4/20/2005,1994,Curated from the literature by BindingDB,10.1021/jm00039a016,8027985,
bindingdb_articles,5996,5996,4029,Epidermal growth factor receptor,Homo sapiens,P00533,Cn1c(SSc2c(C(=O)Nc3ccccc3)c3cc(ccc3n2C)C#N)c(C(=O)Nc2ccccc2)c2cc(ccc12)C#N,Cn1c(SSc2c(C(=O)Nc3ccccc3)c3cc(C#N)ccc3n2C)c(C(=O)Nc2ccccc2)c2cc(C#N)ccc21,54100.0,4.266802734893431,6/24/1994,4/20/2005,1994,Curated from the literature by BindingDB,10.1021/jm00039a016,8027985,
bindingdb_articles,5997,5997,4030,Epidermal growth factor receptor,Homo sapiens,P00533,Cn1c(SSc2c(C(=O)Nc3ccccc3)c3cc(ccc3n2C)[N+]([O-])=O)c(C(=O)Nc2ccccc2)c2cc(ccc12)[N+]([O-])=O,Cn1c(SSc2c(C(=O)Nc3ccccc3)c3cc([N+](=O)[O-])ccc3n2C)c(C(=O)Nc2ccccc2)c2cc([N+](=O)[O-])ccc21,5000.0,5.301029995663981,6/24/1994,4/20/2005,1994,Curated from the literature by BindingDB,10.1021/jm00039a016,8027985,
bindingdb_articles,6000,6000,4033,Epidermal growth factor receptor,Homo sapiens,P00533,COc1ccc2c(C(=O)Nc3ccccc3)c(SSc3c(C(=O)Nc4ccccc4)c4ccc(OC)cc4n3C)n(C)c2c1,COc1ccc2c(C(=O)Nc3ccccc3)c(SSc3c(C(=O)Nc4ccccc4)c4ccc(OC)cc4n3C)n(C)c2c1,3600.0,5.443697499232712,6/24/1994,4/20/2005,1994,Curated from the literature by BindingDB,10.1021/jm00039a016,8027985,
bindingdb_articles,6002,6002,4035,Epidermal growth factor receptor,Homo sapiens,P00533,Cn1c(SSc2c(C(=O)Nc3ccccc3)c3ccc(O)cc3n2C)c(C(=O)Nc2ccccc2)c2ccc(O)cc12,Cn1c(SSc2c(C(=O)Nc3ccccc3)c3ccc(O)cc3n2C)c(C(=O)Nc2ccccc2)c2ccc(O)cc21,44000.0,4.356547323513812,6/24/1994,4/20/2005,1994,Curated from the literature by BindingDB,10.1021/jm00039a016,8027985,
bindingdb_articles,6016,6016,4038,Epidermal growth factor receptor,Homo sapiens,P00533,COc1cccc2c(C(=O)Nc3ccccc3)c(SSc3c(C(=O)Nc4ccccc4)c4cccc(OC)c4n3C)n(C)c12,COc1cccc2c(C(=O)Nc3ccccc3)c(SSc3c(C(=O)Nc4ccccc4)c4cccc(OC)c4n3C)n(C)c12,6500.0,5.187086643357144,6/24/1994,4/20/2005,1994,Curated from the literature by BindingDB,10.1021/jm00039a016,8027985,
bindingdb_articles,6017,6017,4039,Epidermal growth factor receptor,Homo sapiens,P00533,CC(=O)Oc1cccc2c(C(=O)Nc3ccccc3)c(SSc3c(C(=O)Nc4ccccc4)c4cccc(OC(C)=O)c4n3C)n(C)c12,CC(=O)Oc1cccc2c(C(=O)Nc3ccccc3)c(SSc3c(C(=O)Nc4ccccc4)c4cccc(OC(C)=O)c4n3C)n(C)c12,9900.0,5.004364805402449,6/24/1994,4/20/2005,1994,Curated from the literature by BindingDB,10.1021/jm00039a016,8027985,
bindingdb_articles,6018,6018,4040,Epidermal growth factor receptor,Homo sapiens,P00533,Cn1c(SSc2c(C(=O)Nc3ccccc3)c3cccc(O)c3n2C)c(C(=O)Nc2ccccc2)c2cccc(O)c12,Cn1c(SSc2c(C(=O)Nc3ccccc3)c3cccc(O)c3n2C)c(C(=O)Nc2ccccc2)c2cccc(O)c21,100000.0,4.0,6/24/1994,4/20/2005,1994,Curated from the literature by BindingDB,10.1021/jm00039a016,8027985,
bindingdb_articles,6019,6019,4041,Epidermal growth factor receptor,Homo sapiens,P00533,Cn1c(SSc2c(C(=O)Nc3ccccc3)c3cccnc3n2C)c(C(=O)Nc2ccccc2)c2cccnc12,Cn1c(SSc2c(C(=O)Nc3ccccc3)c3cccnc3n2C)c(C(=O)Nc2ccccc2)c2cccnc21,22300.0,4.651695136951839,6/24/1994,4/20/2005,1994,Curated from the literature by BindingDB,10.1021/jm00039a016,8027985,
bindingdb_articles,6020,6020,4042,Epidermal growth factor receptor,Homo sapiens,P00533,CN1C(=S)C(C(=O)Nc2ccccc2)c2ccccc12,CN1C(=S)C(C(=O)Nc2ccccc2)c2ccccc21,1000.0,6.0,6/24/1994,4/20/2005,1994,Curated from the literature by BindingDB,10.1021/jm00039a016,8027985,
bindingdb_articles,6470,6470,4284,Epidermal growth factor receptor,Homo sapiens,P00533,[#8]-c1cc2-[#6]-[#6]\[#6](=[#6](\C#N)C#N)-c2cc1-[#8],N#CC(C#N)=C1[C][C]c2cc([O])c([O])cc21,500.0,6.301029995663981,6/28/1991,5/10/2005,1991,Curated from the literature by BindingDB,10.1021/jm00110a022,1676428,
bindingdb_articles,6471,6471,4285,Epidermal growth factor receptor,Homo sapiens,P00533,[#8]-c1cc2-[#7]-[#6](=O)\[#6](=[#6](\C#N)C#N)-c2cc1-[#8],N#CC(C#N)=C1C(=O)[N]c2cc([O])c([O])cc21,2500.0,5.6020599913279625,6/28/1991,5/10/2005,1991,Curated from the literature by BindingDB,10.1021/jm00110a022,1676428,
bindingdb_articles,6472,6472,4286,Epidermal growth factor receptor,Homo sapiens,P00533,[#8]-c1ccc2\[#6](-[#6]-[#6]-c2c1-[#8])=[#6](/C#N)C#N,N#CC(C#N)=C1[C][C]c2c1ccc([O])c2[O],7000.0,5.154901959985743,6/28/1991,5/10/2005,1991,Curated from the literature by BindingDB,10.1021/jm00110a022,1676428,
bindingdb_articles,6473,6473,4287,Epidermal growth factor receptor,Homo sapiens,P00533,[#8]-c1ccc2-[#7]-[#6](=O)\[#6](=[#6](\C#N)C#N)-c2c1,N#CC(C#N)=C1C(=O)[N]c2ccc([O])cc21,12500.0,4.903089986991944,6/28/1991,5/10/2005,1991,Curated from the literature by BindingDB,10.1021/jm00110a022,1676428,
bindingdb_articles,6474,6474,4288,Epidermal growth factor receptor,Homo sapiens,P00533,[#6]-[#7]-1-[#6](=O)\[#6](=[#6](\C#N)C#N)-c2cc(-[#8])ccc-12,[C]N1C(=O)C(=C(C#N)C#N)c2cc([O])ccc21,26000.0,4.585026652029182,6/28/1991,5/10/2005,1991,Curated from the literature by BindingDB,10.1021/jm00110a022,1676428,
bindingdb_articles,6475,6475,4289,Epidermal growth factor receptor,Homo sapiens,P00533,[#8-]-[#7+](=O)-c1ccc2-[#7]-[#6](=O)\[#6](=[#6](\C#N)C#N)-c2c1,N#CC(C#N)=C1C(=O)[N]c2ccc([N+](=O)[O-])cc21,40000.0,4.3979400086720375,6/28/1991,5/10/2005,1991,Curated from the literature by BindingDB,10.1021/jm00110a022,1676428,
bindingdb_articles,6476,6476,4290,Epidermal growth factor receptor,Homo sapiens,P00533,[#6]-[#8]-c1cc2\[#6](=[#6](/C#N)C#N)-[#6](=O)-[#7]-c2cc1-[#8],[C]Oc1cc2c(cc1[O])[N]C(=O)C2=C(C#N)C#N,60000.0,4.221848749616356,6/28/1991,5/10/2005,1991,Curated from the literature by BindingDB,10.1021/jm00110a022,1676428,
bindingdb_articles,6479,6479,4293,Epidermal growth factor receptor,Homo sapiens,P00533,Oc1ccc(\C=C(/C#N)C(=O)c2ccc(O)c(O)c2)cc1O,N#C/C(=C\c1ccc(O)c(O)c1)C(=O)c1ccc(O)c(O)c1,370.0,6.431798275933005,6/28/1991,5/10/2005,1991,Curated from the literature by BindingDB,10.1021/jm00110a022,1676428,
bindingdb_articles,6480,6480,4294,Epidermal growth factor receptor,Homo sapiens,P00533,Oc1ccc(\C=C(/C#N)C(=O)c2ccc(F)cc2)cc1O,N#C/C(=C\c1ccc(O)c(O)c1)C(=O)c1ccc(F)cc1,560.0,6.251811972993799,6/28/1991,5/10/2005,1991,Curated from the literature by BindingDB,10.1021/jm00110a022,1676428,
bindingdb_articles,6481,6481,4295,Epidermal growth factor receptor,Homo sapiens,P00533,Cc1ccc(cc1)C(=O)C(=C\c1ccc(O)c(O)c1)\C#N,Cc1ccc(C(=O)/C(C#N)=C/c2ccc(O)c(O)c2)cc1,880.0,6.055517327849831,6/28/1991,5/10/2005,1991,Curated from the literature by BindingDB,10.1021/jm00110a022,1676428,
bindingdb_articles,6482,6482,4296,Epidermal growth factor receptor,Homo sapiens,P00533,Oc1ccc(\C=C(/C#N)C(=O)c2ccccc2)cc1O,N#C/C(=C\c1ccc(O)c(O)c1)C(=O)c1ccccc1,1300.0,5.886056647693163,6/28/1991,5/10/2005,1991,Curated from the literature by BindingDB,10.1021/jm00110a022,1676428,
bindingdb_articles,6483,6483,4297,Epidermal growth factor receptor,Homo sapiens,P00533,Oc1ccc(\C=C(/C#N)C(=O)c2ccccc2Cl)cc1O,N#C/C(=C\c1ccc(O)c(O)c1)C(=O)c1ccccc1Cl,1540.0,5.8124792791635365,6/28/1991,5/10/2005,1991,Curated from the literature by BindingDB,10.1021/jm00110a022,1676428,
bindingdb_articles,6484,6484,4298,Epidermal growth factor receptor,Homo sapiens,P00533,Oc1ccc(\C=C(/C#N)C(=O)c2ccc(cc2)[N+]([O-])=O)cc1O,N#C/C(=C\c1ccc(O)c(O)c1)C(=O)c1ccc([N+](=O)[O-])cc1,2300.0,5.638272163982407,6/28/1991,5/10/2005,1991,Curated from the literature by BindingDB,10.1021/jm00110a022,1676428,
bindingdb_articles,6485,6485,4299,Epidermal growth factor receptor,Homo sapiens,P00533,Oc1ccc(\C=C(/C#N)C(=O)c2cccs2)cc1O,N#C/C(=C\c1ccc(O)c(O)c1)C(=O)c1cccs1,3100.0,5.508638306165727,6/28/1991,5/10/2005,1991,Curated from the literature by BindingDB,10.1021/jm00110a022,1676428,CHEMBL55994
bindingdb_articles,6486,6486,4300,Epidermal growth factor receptor,Homo sapiens,P00533,Cc1cc(C)c(C(=O)C(=Cc2ccc(O)c(O)c2)C#N)c(C)c1 |w:9.9|,Cc1cc(C)c(C(=O)C(C#N)=Cc2ccc(O)c(O)c2)c(C)c1,10700.0,4.97061622231479,6/28/1991,5/10/2005,1991,Curated from the literature by BindingDB,10.1021/jm00110a022,1676428,
bindingdb_articles,6487,6487,4301,Epidermal growth factor receptor,Homo sapiens,P00533,c1cc(c(cc1/C=C(\C#N)/C(=O)N)O)O,N#C/C(=C\c1ccc(O)c(O)c1)C(N)=O,10000.0,5.0,6/28/1991,5/10/2005,1991,Curated from the literature by BindingDB,10.1021/jm00110a022,1676428,CHEMBL296407
bindingdb_articles,6488,6488,4302,Epidermal growth factor receptor,Homo sapiens,P00533,C[C@@H](NC(=O)C(=C\c1ccc(O)c(O)c1)\C#N)c1ccccc1 |r|,C[C@@H](NC(=O)/C(C#N)=C/c1ccc(O)c(O)c1)c1ccccc1,400.0,6.3979400086720375,6/28/1991,5/10/2005,1991,Curated from the literature by BindingDB,10.1021/jm00110a022,1676428,
bindingdb_articles,6489,6489,4303,Epidermal growth factor receptor,Homo sapiens,P00533,Oc1ccc(\C=C(/C#N)C(=O)NCCCc2ccccc2)cc1O,N#C/C(=C\c1ccc(O)c(O)c1)C(=O)NCCCc1ccccc1,700.0,6.154901959985743,6/28/1991,5/10/2005,1991,Curated from the literature by BindingDB,10.1021/jm00110a022,1676428,CHEMBL53898
bindingdb_articles,6490,6490,4304,Epidermal growth factor receptor,Homo sapiens,P00533,Oc1ccc(\C=C(/C#N)C(=O)Nc2ccccc2)cc1O,N#C/C(=C\c1ccc(O)c(O)c1)C(=O)Nc1ccccc1,700.0,6.154901959985743,6/28/1991,5/10/2005,1991,Curated from the literature by BindingDB,10.1021/jm00110a022,1676428,CHEMBL56731
bindingdb_articles,6491,6491,4305,Epidermal growth factor receptor,Homo sapiens,P00533,C[C@H](NC(=O)C(=C\c1ccc(O)c(O)c1)\C#N)c1ccccc1 |r|,C[C@H](NC(=O)/C(C#N)=C/c1ccc(O)c(O)c1)c1ccccc1,860.0,6.065501548756432,6/28/1991,5/10/2005,1991,Curated from the literature by BindingDB,10.1021/jm00110a022,1676428,
bindingdb_articles,6492,6492,4306,Epidermal growth factor receptor,Homo sapiens,P00533,Oc1ccc(\C=C(/C#N)C(=O)NCCc2ccccc2)cc1O,N#C/C(=C\c1ccc(O)c(O)c1)C(=O)NCCc1ccccc1,930.0,6.031517051446064,6/28/1991,5/10/2005,1991,Curated from the literature by BindingDB,10.1021/jm00110a022,1676428,CHEMBL293749
bindingdb_articles,6493,6493,4307,Epidermal growth factor receptor,Homo sapiens,P00533,Oc1ccc(\C=C(/C#N)C(=O)Nc2ccccc2Cl)cc1O,N#C/C(=C\c1ccc(O)c(O)c1)C(=O)Nc1ccccc1Cl,1100.0,5.958607314841775,6/28/1991,5/10/2005,1991,Curated from the literature by BindingDB,10.1021/jm00110a022,1676428,
bindingdb_articles,6494,6494,4308,Epidermal growth factor receptor,Homo sapiens,P00533,Oc1ccc(\C=C(/C#N)C(=O)NCCCCc2ccccc2)cc1O,N#C/C(=C\c1ccc(O)c(O)c1)C(=O)NCCCCc1ccccc1,1100.0,5.958607314841775,6/28/1991,5/10/2005,1991,Curated from the literature by BindingDB,10.1021/jm00110a022,1676428,CHEMBL440298
bindingdb_articles,6495,6495,4309,Epidermal growth factor receptor,Homo sapiens,P00533,CCOC(=O)C(Cc1ccccc1)NC(=O)C(=C\c1ccc(O)c(O)c1)\C#N,CCOC(=O)C(Cc1ccccc1)NC(=O)/C(C#N)=C/c1ccc(O)c(O)c1,1530.0,5.815308569182401,6/28/1991,5/10/2005,1991,Curated from the literature by BindingDB,10.1021/jm00110a022,1676428,
bindingdb_articles,6496,6496,4310,Epidermal growth factor receptor,Homo sapiens,P00533,Oc1ccc(\C=C(/C#N)C(=O)NC2CCCCC2)cc1O,N#C/C(=C\c1ccc(O)c(O)c1)C(=O)NC1CCCCC1,1600.0,5.795880017344075,6/28/1991,5/10/2005,1991,Curated from the literature by BindingDB,10.1021/jm00110a022,1676428,
bindingdb_articles,6497,6497,4311,Epidermal growth factor receptor,Homo sapiens,P00533,COc1ccc(CCNC(=O)C(=C\c2ccc(O)c(O)c2)\C#N)cc1OC,COc1ccc(CCNC(=O)/C(C#N)=C/c2ccc(O)c(O)c2)cc1OC,1700.0,5.769551078621726,6/28/1991,5/10/2005,1991,Curated from the literature by BindingDB,10.1021/jm00110a022,1676428,
bindingdb_articles,6498,6498,4312,Epidermal growth factor receptor,Homo sapiens,P00533,COc1ccc(NC(=O)C(=C\c2ccc(O)c(O)c2)\C#N)c(OC)c1,COc1ccc(NC(=O)/C(C#N)=C/c2ccc(O)c(O)c2)c(OC)c1,1700.0,5.769551078621726,6/28/1991,5/10/2005,1991,Curated from the literature by BindingDB,10.1021/jm00110a022,1676428,
bindingdb_articles,6499,6499,4313,Epidermal growth factor receptor,Homo sapiens,P00533,Oc1ccc(\C=C(/C#N)C(=O)NCc2ccccc2)cc1O,N#C/C(=C\c1ccc(O)c(O)c1)C(=O)NCc1ccccc1,2000.0,5.698970004336019,6/28/1991,5/10/2005,1991,Curated from the literature by BindingDB,10.1021/jm00110a022,1676428,CHEMBL56543
bindingdb_articles,6500,6500,4314,Epidermal growth factor receptor,Homo sapiens,P00533,Oc1ccc(\C=C(/C#N)C(=O)N2CCc3ccccc23)cc1O,N#C/C(=C\c1ccc(O)c(O)c1)C(=O)N1CCc2ccccc21,2100.0,5.6777807052660805,6/28/1991,5/10/2005,1991,Curated from the literature by BindingDB,10.1021/jm00110a022,1676428,
bindingdb_articles,6501,6501,4315,Epidermal growth factor receptor,Homo sapiens,P00533,Oc1ccc(\C=C(/C#N)C(=O)N2CCN(CC2)c2ccccc2)cc1O,N#C/C(=C\c1ccc(O)c(O)c1)C(=O)N1CCN(c2ccccc2)CC1,4300.0,5.366531544420413,6/28/1991,5/10/2005,1991,Curated from the literature by BindingDB,10.1021/jm00110a022,1676428,
bindingdb_articles,6502,6502,4316,Epidermal growth factor receptor,Homo sapiens,P00533,Cc1cccc(C)c1NC(=O)C(=C\c1ccc(O)c(O)c1)\C#N,Cc1cccc(C)c1NC(=O)/C(C#N)=C/c1ccc(O)c(O)c1,5100.0,5.292429823902063,6/28/1991,5/10/2005,1991,Curated from the literature by BindingDB,10.1021/jm00110a022,1676428,
bindingdb_articles,6523,6523,4336,Epidermal growth factor receptor,Homo sapiens,P00533,[#8]-c1ccc(c(\[#6]=[#6](/C#N)C#N)c1)-[#7+](-[#8-])=O,N#CC(=[C]c1cc([O])ccc1[N+](=O)[O-])C#N,96000.0,4.017728766960432,10/28/1989,5/9/2005,1989,Curated from the literature by BindingDB,10.1021/jm00130a020,2552117,
bindingdb_articles,6524,6524,4337,Epidermal growth factor receptor,Homo sapiens,P00533,O=[#6]-c1ccc(\[#6]=[#6](/C#N)C#N)cc1,N#CC(=[C]c1ccc([C]=O)cc1)C#N,60000.0,4.221848749616356,10/28/1989,5/9/2005,1989,Curated from the literature by BindingDB,10.1021/jm00130a020,2552117,
bindingdb_articles,6525,6525,4338,Epidermal growth factor receptor,Homo sapiens,P00533,[#8]-c1cc(-[#8])cc(\[#6]=[#6](/C#N)C#N)c1,N#CC(=[C]c1cc([O])cc([O])c1)C#N,37000.0,4.431798275933005,10/28/1989,5/9/2005,1989,Curated from the literature by BindingDB,10.1021/jm00130a020,2552117,
bindingdb_articles,6526,6526,4339,Epidermal growth factor receptor,Homo sapiens,P00533,[#8]-c1ccc(\[#6]=[#6](/C#N)C#N)cc1-[#8],N#CC(=[C]c1ccc([O])c([O])c1)C#N,35000.0,4.455931955649724,10/28/1989,5/9/2005,1989,Curated from the literature by BindingDB,10.1021/jm00130a020,2552117,
bindingdb_articles,6527,6527,4340,Epidermal growth factor receptor,Homo sapiens,P00533,[#6]-[#8]-c1cc(\[#6]=[#6](/C#N)C#N)cc(-[#8])c1-[#8],[C]Oc1cc([C]=C(C#N)C#N)cc([O])c1[O],6000.0,5.221848749616356,10/28/1989,5/9/2005,1989,Curated from the literature by BindingDB,10.1021/jm00130a020,2552117,
bindingdb_articles,6528,6528,4341,Epidermal growth factor receptor,Homo sapiens,P00533,[#8]-c1cc(\[#6]=[#6](/C#N)C#N)cc(-[#8])c1-[#8],N#CC(=[C]c1cc([O])c([O])c([O])c1)C#N,3000.0,5.522878745280337,10/28/1989,5/9/2005,1989,Curated from the literature by BindingDB,10.1021/jm00130a020,2552117,
bindingdb_articles,6539,6539,4352,Epidermal growth factor receptor,Homo sapiens,P00533,OC(=O)C(=C\c1ccc(O)c(O)c1)\C#N,N#C/C(=C\c1ccc(O)c(O)c1)C(=O)O,70000.0,4.154901959985743,10/28/1989,5/9/2005,1989,Curated from the literature by BindingDB,10.1021/jm00130a020,2552117,
bindingdb_articles,6547,6547,4360,Epidermal growth factor receptor,Homo sapiens,P00533,Oc1cc(cc(O)c1O)C(=O)C(C#N)C#N,N#CC(C#N)C(=O)c1cc(O)c(O)c(O)c1,13500.0,4.8696662315049934,10/28/1989,5/9/2005,1989,Curated from the literature by BindingDB,10.1021/jm00130a020,2552117,
bindingdb_articles,6548,6548,4361,Epidermal growth factor receptor,Homo sapiens,P00533,CC(C)(C)c1cc(\C=C(/C#N)C(N)=O)cc(c1O)C(C)(C)C,CC(C)(C)c1cc(/C=C(\C#N)C(N)=O)cc(C(C)(C)C)c1O,55000.0,4.259637310505756,10/28/1989,5/9/2005,1989,Curated from the literature by BindingDB,10.1021/jm00130a020,2552117,
bindingdb_articles,6549,6549,4301,Epidermal growth factor receptor,Homo sapiens,P00533,c1cc(c(cc1/C=C(\C#N)/C(=O)N)O)O,N#C/C(=C\c1ccc(O)c(O)c1)C(N)=O,10000.0,5.0,10/28/1989,5/9/2005,1989,Curated from the literature by BindingDB,10.1021/jm00130a020,2552117,CHEMBL296407
bindingdb_articles,6550,6550,4363,Epidermal growth factor receptor,Homo sapiens,P00533,NC(=S)C(=C\c1ccc(O)c(O)c1)\C#N,N#C/C(=C\c1ccc(O)c(O)c1)C(N)=S,2400.0,5.619788758288394,10/28/1989,5/9/2005,1989,Curated from the literature by BindingDB,10.1021/jm00130a020,2552117,CHEMBL77030
bindingdb_articles,6551,6551,4364,Epidermal growth factor receptor,Homo sapiens,P00533,Oc1ccc(C=C(C#N)C(=N)C(C#N)C#N)cc1 |w:5.4|,N#CC(=Cc1ccc(O)cc1)C(=N)C(C#N)C#N,125.0,6.903089986991944,10/28/1989,5/9/2005,1989,Curated from the literature by BindingDB,10.1021/jm00130a020,2552117,
bindingdb_articles,6552,6552,4365,Epidermal growth factor receptor,Homo sapiens,P00533,Oc1ccc(C=C(C#N)C(=N)C(C#N)C#N)cc1[N+]([O-])=O |w:5.4|,N#CC(=Cc1ccc(O)c([N+](=O)[O-])c1)C(=N)C(C#N)C#N,60000.0,4.221848749616356,10/28/1989,5/9/2005,1989,Curated from the literature by BindingDB,10.1021/jm00130a020,2552117,
bindingdb_articles,6553,6553,4366,Epidermal growth factor receptor,Homo sapiens,P00533,Oc1ccc(C=C(C#N)C(=N)C(C#N)C#N)cc1O |w:5.4|,N#CC(=Cc1ccc(O)c(O)c1)C(=N)C(C#N)C#N,2500.0,5.6020599913279625,10/28/1989,5/9/2005,1989,Curated from the literature by BindingDB,10.1021/jm00130a020,2552117,
bindingdb_articles,6554,6554,4367,Epidermal growth factor receptor,Homo sapiens,P00533,Oc1cc(C=C(C#N)C(=N)C(C#N)C#N)cc(O)c1O |w:4.3|,N#CC(=Cc1cc(O)c(O)c(O)c1)C(=N)C(C#N)C#N,800.0,6.096910013008056,10/28/1989,5/9/2005,1989,Curated from the literature by BindingDB,10.1021/jm00130a020,2552117,CHEMBL78257
bindingdb_articles,6555,6555,4368,Epidermal growth factor receptor,Homo sapiens,P00533,COc1cc(C=C(C#N)C(=N)C(C#N)C#N)cc(O)c1O |w:5.4|,COc1cc(C=C(C#N)C(=N)C(C#N)C#N)cc(O)c1O,1200.0,5.920818753952375,10/28/1989,5/9/2005,1989,Curated from the literature by BindingDB,10.1021/jm00130a020,2552117,
bindingdb_articles,6556,6556,4369,Epidermal growth factor receptor,Homo sapiens,P00533,Oc1cc(C=C(C#N)C(=N)C(C#N)C#N)cc(Br)c1O |w:4.3|,N#CC(=Cc1cc(O)c(O)c(Br)c1)C(=N)C(C#N)C#N,500.0,6.301029995663981,10/28/1989,5/9/2005,1989,Curated from the literature by BindingDB,10.1021/jm00130a020,2552117,
bindingdb_articles,6567,6567,4380,Epidermal growth factor receptor,Homo sapiens,P00533,OC(=O)C(=C/c1cc(O)ccc1O)\C#N,N#C/C(=C/c1cc(O)ccc1O)C(=O)O,75000.0,4.1249387366083,10/28/1989,5/9/2005,1989,Curated from the literature by BindingDB,10.1021/jm00130a020,2552117,
bindingdb_articles,6572,6572,3973,Epidermal growth factor receptor,Homo sapiens,P00533,Oc1ccc(O)c(\C=C\NC=O)c1,O=CN/C=C/c1cc(O)ccc1O,14000.0,4.853871964321762,10/28/1989,5/9/2005,1989,Curated from the literature by BindingDB,10.1021/jm00130a020,2552117,
bindingdb_articles,6574,6574,3263,Epidermal growth factor receptor,Homo sapiens,P00533,Clc1cccc(Nc2ncnc3ccccc23)c1,Clc1cccc(Nc2ncnc3ccccc23)c1,4160.0,5.380906669373257,8/28/1996,5/9/2005,1996,Curated from the literature by BindingDB,10.1016/0968-0896(96)00107-1,8879541,CHEMBL555321CHEMBL329672
bindingdb_articles,6575,6575,4388,Epidermal growth factor receptor,Homo sapiens,P00533,Clc1ccccc1Nc1ncnc2ccccc12,Clc1ccccc1Nc1ncnc2ccccc12,15300.0,4.815308569182402,8/28/1996,5/9/2005,1996,Curated from the literature by BindingDB,10.1016/0968-0896(96)00107-1,8879541,
bindingdb_articles,6576,6576,3530,Epidermal growth factor receptor,Homo sapiens,P00533,COc1cc2ncnc(Nc3ccccc3)c2cc1OC,COc1cc2ncnc(Nc3ccccc3)c2cc1OC,5100.0,5.292429823902063,8/28/1996,5/9/2005,1996,Curated from the literature by BindingDB,10.1016/0968-0896(96)00107-1,8879541,CHEMBL94191CHEMBL542484
bindingdb_articles,6577,6577,3531,Epidermal growth factor receptor,Homo sapiens,P00533,COc1cc2ncnc(Nc3cccc(F)c3)c2cc1OC,COc1cc2ncnc(Nc3cccc(F)c3)c2cc1OC,90.0,7.045757490560675,8/28/1996,5/9/2005,1996,Curated from the literature by BindingDB,10.1016/0968-0896(96)00107-1,8879541,CHEMBL94431CHEMBL541586
bindingdb_articles,6578,6578,3532,Epidermal growth factor receptor,Homo sapiens,P00533,COc1cc2c(cc1OC)ncnc2Nc3cccc(c3)Cl,COc1cc2ncnc(Nc3cccc(Cl)c3)c2cc1OC,900.0,6.045757490560675,8/28/1996,5/9/2005,1996,Curated from the literature by BindingDB,10.1016/0968-0896(96)00107-1,8879541,CHEMBL540068CHEMBL7917
bindingdb_articles,6579,6579,3032,Epidermal growth factor receptor,Homo sapiens,P00533,COc1cc2ncnc(Nc3cccc(Br)c3)c2cc1OC,COc1cc2ncnc(Nc3cccc(Br)c3)c2cc1OC,16.0,7.795880017344075,8/28/1996,5/9/2005,1996,Curated from the literature by BindingDB,10.1016/0968-0896(96)00107-1,8879541,CHEMBL1204168CHEMBL29197
bindingdb_articles,6580,6580,3533,Epidermal growth factor receptor,Homo sapiens,P00533,COc1cc2ncnc(Nc3cccc(I)c3)c2cc1OC,COc1cc2ncnc(Nc3cccc(I)c3)c2cc1OC,950.0,6.022276394711152,8/28/1996,5/9/2005,1996,Curated from the literature by BindingDB,10.1016/0968-0896(96)00107-1,8879541,CHEMBL96065CHEMBL1204305
bindingdb_articles,6581,6581,4394,Epidermal growth factor receptor,Homo sapiens,P00533,COc1cccc(Nc2ncnc3cc(OC)c(OC)cc23)c1,COc1cccc(Nc2ncnc3cc(OC)c(OC)cc23)c1,6300.0,5.200659450546418,8/28/1996,5/9/2005,1996,Curated from the literature by BindingDB,10.1016/0968-0896(96)00107-1,8879541,
bindingdb_articles,6582,6582,4395,Epidermal growth factor receptor,Homo sapiens,P00533,COc1cc2ncnc(Nc3cc(Cl)cc(Cl)c3)c2cc1OC,COc1cc2ncnc(Nc3cc(Cl)cc(Cl)c3)c2cc1OC,4000.0,5.3979400086720375,8/28/1996,5/9/2005,1996,Curated from the literature by BindingDB,10.1016/0968-0896(96)00107-1,8879541,
bindingdb_articles,6584,6584,4397,Epidermal growth factor receptor,Homo sapiens,P00533,Clc1cccc(Nc2ncnc3ccc(Cl)cc23)c1,Clc1cccc(Nc2ncnc3ccc(Cl)cc23)c1,2700.0,5.568636235841012,8/28/1996,5/9/2005,1996,Curated from the literature by BindingDB,10.1016/0968-0896(96)00107-1,8879541,
bindingdb_articles,6585,6585,4398,Epidermal growth factor receptor,Homo sapiens,P00533,Cc1ccc2ncnc(Nc3cccc(Cl)c3)c2c1,Cc1ccc2ncnc(Nc3cccc(Cl)c3)c2c1,600.0,6.221848749616356,8/28/1996,5/9/2005,1996,Curated from the literature by BindingDB,10.1016/0968-0896(96)00107-1,8879541,
bindingdb_articles,6586,6586,4399,Epidermal growth factor receptor,Homo sapiens,P00533,Cc1ccc2ncnc(Nc3cccc(Br)c3)c2c1,Cc1ccc2ncnc(Nc3cccc(Br)c3)c2c1,1700.0,5.769551078621726,8/28/1996,5/9/2005,1996,Curated from the literature by BindingDB,10.1016/0968-0896(96)00107-1,8879541,
bindingdb_articles,6587,6587,4400,Epidermal growth factor receptor,Homo sapiens,P00533,Cc1ccc2ncnc(Nc3cccc(c3)C(F)(F)F)c2c1,Cc1ccc2ncnc(Nc3cccc(C(F)(F)F)c3)c2c1,2100.0,5.6777807052660805,8/28/1996,5/9/2005,1996,Curated from the literature by BindingDB,10.1016/0968-0896(96)00107-1,8879541,
bindingdb_articles,6589,6589,4402,Epidermal growth factor receptor,Homo sapiens,P00533,Cc1ccc2ncnc(Nc3ccc(cc3)C#N)c2c1,Cc1ccc2ncnc(Nc3ccc(C#N)cc3)c2c1,22000.0,4.657577319177793,8/28/1996,5/9/2005,1996,Curated from the literature by BindingDB,10.1016/0968-0896(96)00107-1,8879541,
bindingdb_articles,6590,6590,4403,Epidermal growth factor receptor,Homo sapiens,P00533,Cc1ccc2ncnc(Nc3cccc(c3)C(N)=O)c2c1,Cc1ccc2ncnc(Nc3cccc(C(N)=O)c3)c2c1,250.0,6.6020599913279625,8/28/1996,5/9/2005,1996,Curated from the literature by BindingDB,10.1016/0968-0896(96)00107-1,8879541,
bindingdb_articles,6591,6591,4404,Epidermal growth factor receptor,Homo sapiens,P00533,Cc1ccc2ncnc(Nc3cccc(c3)C(O)=O)c2c1,Cc1ccc2ncnc(Nc3cccc(C(=O)O)c3)c2c1,1000.0,6.0,8/28/1996,5/9/2005,1996,Curated from the literature by BindingDB,10.1016/0968-0896(96)00107-1,8879541,
bindingdb_articles,6592,6592,4405,Epidermal growth factor receptor,Homo sapiens,P00533,Cc1ccc2ncnc(Nc3ccc(C)c(C)c3)c2c1,Cc1ccc2ncnc(Nc3ccc(C)c(C)c3)c2c1,6900.0,5.161150909262744,8/28/1996,5/9/2005,1996,Curated from the literature by BindingDB,10.1016/0968-0896(96)00107-1,8879541,
bindingdb_articles,6594,6594,4407,Epidermal growth factor receptor,Homo sapiens,P00533,Cc1ccc2ncnc(Nc3ccccc3C)c2c1,Cc1ccc2ncnc(Nc3ccccc3C)c2c1,21000.0,4.6777807052660805,8/28/1996,5/9/2005,1996,Curated from the literature by BindingDB,10.1016/0968-0896(96)00107-1,8879541,
bindingdb_articles,6595,6595,4408,Epidermal growth factor receptor,Homo sapiens,P00533,Cc1ccc2ncnc(Nc3ccc(O)cc3)c2c1,Cc1ccc2ncnc(Nc3ccc(O)cc3)c2c1,15000.0,4.823908740944319,8/28/1996,5/9/2005,1996,Curated from the literature by BindingDB,10.1016/0968-0896(96)00107-1,8879541,
bindingdb_articles,6598,6598,4411,Epidermal growth factor receptor,Homo sapiens,P00533,COc1ccc(Nc2ncnc3ccc(C)cc23)cc1,COc1ccc(Nc2ncnc3ccc(C)cc23)cc1,9000.0,5.045757490560675,8/28/1996,5/9/2005,1996,Curated from the literature by BindingDB,10.1016/0968-0896(96)00107-1,8879541,
bindingdb_articles,6599,6599,4412,Epidermal growth factor receptor,Homo sapiens,P00533,Cc1ccc(Nc2ncnc3ccc(C)cc23)cc1,Cc1ccc(Nc2ncnc3ccc(C)cc23)cc1,10000.0,5.0,8/28/1996,5/9/2005,1996,Curated from the literature by BindingDB,10.1016/0968-0896(96)00107-1,8879541,
bindingdb_articles,6600,6600,4413,Epidermal growth factor receptor,Homo sapiens,P00533,Cc1ccc2ncnc(Nc3ccccc3)c2c1,Cc1ccc2ncnc(Nc3ccccc3)c2c1,11300.0,4.94692155651658,8/28/1996,5/9/2005,1996,Curated from the literature by BindingDB,10.1016/0968-0896(96)00107-1,8879541,
bindingdb_articles,6601,6601,4414,Epidermal growth factor receptor,Homo sapiens,P00533,Cc1ccc2ncnc(Nc3ccccc3O)c2c1,Cc1ccc2ncnc(Nc3ccccc3O)c2c1,13000.0,4.886056647693163,8/28/1996,5/9/2005,1996,Curated from the literature by BindingDB,10.1016/0968-0896(96)00107-1,8879541,
bindingdb_articles,6602,6602,4415,Epidermal growth factor receptor,Homo sapiens,P00533,COc1cc2nc(Cl)nc(Nc3ccc(C)cc3)c2cc1OC,COc1cc2nc(Cl)nc(Nc3ccc(C)cc3)c2cc1OC,16000.0,4.795880017344075,8/28/1996,5/9/2005,1996,Curated from the literature by BindingDB,10.1016/0968-0896(96)00107-1,8879541,
bindingdb_articles,6607,6607,4420,Epidermal growth factor receptor,Homo sapiens,P00533,COc1cc2nc(Cl)nc(Nc3cccc(Cl)c3)c2cc1OC,COc1cc2nc(Cl)nc(Nc3cccc(Cl)c3)c2cc1OC,2800.0,5.552841968657781,8/28/1996,5/9/2005,1996,Curated from the literature by BindingDB,10.1016/0968-0896(96)00107-1,8879541,
bindingdb_articles,6628,6628,4442,Epidermal growth factor receptor,Homo sapiens,P00533,CCOC(=O)c1cnc2cc(OC)c(OC)cc2c1Nc1cccc(Br)c1,CCOC(=O)c1cnc2cc(OC)c(OC)cc2c1Nc1cccc(Br)c1,81300.0,4.089909454405932,8/24/2000,5/17/2005,2000,Curated from the literature by BindingDB,10.1021/jm000206a,10966743,
bindingdb_articles,6629,6629,4443,Epidermal growth factor receptor,Homo sapiens,P00533,CCOc1cc2ncc(C#N)c(Nc3cccc(Br)c3)c2cc1OCC,CCOc1cc2ncc(C#N)c(Nc3cccc(Br)c3)c2cc1OCC,420.0,6.376750709602099,8/24/2000,5/17/2005,2000,Curated from the literature by BindingDB,10.1021/jm000206a,10966743,
bindingdb_articles,6630,6630,4444,Epidermal growth factor receptor,Homo sapiens,P00533,CCOc1cc2ncc(C#N)c(Nc3ccc(F)c(Cl)c3)c2cc1OCC,CCOc1cc2ncc(C#N)c(Nc3ccc(F)c(Cl)c3)c2cc1OCC,980.0,6.008773924307505,8/24/2000,5/17/2005,2000,Curated from the literature by BindingDB,10.1021/jm000206a,10966743,
bindingdb_articles,6631,6631,4445,Epidermal growth factor receptor,Homo sapiens,P00533,COc1cc2ncc(C#N)c(Nc3cccc(Br)c3)c2cc1OC,COc1cc2ncc(C#N)c(Nc3cccc(Br)c3)c2cc1OC,190.0,6.721246399047171,8/24/2000,5/17/2005,2000,Curated from the literature by BindingDB,10.1021/jm000206a,10966743,CHEMBL111038
bindingdb_articles,6632,6632,4446,Epidermal growth factor receptor,Homo sapiens,P00533,COc1cc2ncc(C#N)c(Nc3cccc(Cl)c3)c2cc1OC,COc1cc2ncc(C#N)c(Nc3cccc(Cl)c3)c2cc1OC,180.0,6.7447274948966935,8/24/2000,5/17/2005,2000,Curated from the literature by BindingDB,10.1021/jm000206a,10966743,
bindingdb_articles,6633,6633,4447,Epidermal growth factor receptor,Homo sapiens,P00533,COc1cc2ncc(C#N)c(Nc3cccc(c3)C(F)(F)F)c2cc1OC,COc1cc2ncc(C#N)c(Nc3cccc(C(F)(F)F)c3)c2cc1OC,1450.0,5.838631997765026,8/24/2000,5/17/2005,2000,Curated from the literature by BindingDB,10.1021/jm000206a,10966743,
bindingdb_articles,6634,6634,4448,Epidermal growth factor receptor,Homo sapiens,P00533,COc1ccc(Nc2c(cnc3cc(OC)c(OC)cc23)C#N)cc1OC,COc1ccc(Nc2c(C#N)cnc3cc(OC)c(OC)cc23)cc1OC,50490.0,4.296794629304514,8/24/2000,5/17/2005,2000,Curated from the literature by BindingDB,10.1021/jm000206a,10966743,
bindingdb_articles,6635,6635,4449,Epidermal growth factor receptor,Homo sapiens,P00533,COc1cc2ncc(C#N)c(Nc3cccc(F)c3)c2cc1OC,COc1cc2ncc(C#N)c(Nc3cccc(F)c3)c2cc1OC,740.0,6.130768280269024,8/24/2000,5/17/2005,2000,Curated from the literature by BindingDB,10.1021/jm000206a,10966743,
bindingdb_articles,6636,6636,4450,Epidermal growth factor receptor,Homo sapiens,P00533,COc1cc2ncc(C#N)c(Nc3cccc(c3)C#N)c2cc1OC,COc1cc2ncc(C#N)c(Nc3cccc(C#N)c3)c2cc1OC,14180.0,4.848323769152953,8/24/2000,5/17/2005,2000,Curated from the literature by BindingDB,10.1021/jm000206a,10966743,
bindingdb_articles,6637,6637,4451,Epidermal growth factor receptor,Homo sapiens,P00533,COc1cc2ncc(C#N)c(Nc3ccc(F)cc3)c2cc1OC,COc1cc2ncc(C#N)c(Nc3ccc(F)cc3)c2cc1OC,47940.0,4.319301970302365,8/24/2000,5/17/2005,2000,Curated from the literature by BindingDB,10.1021/jm000206a,10966743,
bindingdb_articles,6638,6638,4452,Epidermal growth factor receptor,Homo sapiens,P00533,COc1cc2ncc(C#N)c(Nc3cccc(c3)C(C)=O)c2cc1OC,COc1cc2ncc(C#N)c(Nc3cccc(C(C)=O)c3)c2cc1OC,7380.0,5.131943638176958,8/24/2000,5/17/2005,2000,Curated from the literature by BindingDB,10.1021/jm000206a,10966743,
bindingdb_articles,6639,6639,4453,Epidermal growth factor receptor,Homo sapiens,P00533,COc1cc2ncc(C#N)c(Nc3cccc(N)c3)c2cc1OC,COc1cc2ncc(C#N)c(Nc3cccc(N)c3)c2cc1OC,820.0,6.086186147616283,8/24/2000,5/17/2005,2000,Curated from the literature by BindingDB,10.1021/jm000206a,10966743,
bindingdb_articles,6640,6640,4454,Epidermal growth factor receptor,Homo sapiens,P00533,COc1cc2ncc(C#N)c(Nc3cccc(c3)N(C)C)c2cc1OC,COc1cc2ncc(C#N)c(Nc3cccc(N(C)C)c3)c2cc1OC,850.0,6.070581074285707,8/24/2000,5/17/2005,2000,Curated from the literature by BindingDB,10.1021/jm000206a,10966743,
bindingdb_articles,6641,6641,4455,Epidermal growth factor receptor,Homo sapiens,P00533,COc1cc2ncc(C#N)c(Nc3cccc(c3)[N+]([O-])=O)c2cc1OC,COc1cc2ncc(C#N)c(Nc3cccc([N+](=O)[O-])c3)c2cc1OC,870.0,6.060480747381382,8/24/2000,5/17/2005,2000,Curated from the literature by BindingDB,10.1021/jm000206a,10966743,
bindingdb_articles,6642,6642,4456,Epidermal growth factor receptor,Homo sapiens,P00533,COc1cc2ncc(C#N)c(Nc3ccc(F)c(Cl)c3)c2cc1OC,COc1cc2ncc(C#N)c(Nc3ccc(F)c(Cl)c3)c2cc1OC,540.0,6.267606240177031,8/24/2000,5/17/2005,2000,Curated from the literature by BindingDB,10.1021/jm000206a,10966743,CHEMBL109372
bindingdb_articles,6643,6643,4457,Epidermal growth factor receptor,Homo sapiens,P00533,COc1cc2ncc(C#N)c(Nc3ccc(Cl)cc3F)c2cc1OC,COc1cc2ncc(C#N)c(Nc3ccc(Cl)cc3F)c2cc1OC,13850.0,4.858550226599533,8/24/2000,5/17/2005,2000,Curated from the literature by BindingDB,10.1021/jm000206a,10966743,
bindingdb_articles,6644,6644,4458,Epidermal growth factor receptor,Homo sapiens,P00533,COc1cc2ncc(C#N)c(Nc3cccc(O)c3)c2cc1OC,COc1cc2ncc(C#N)c(Nc3cccc(O)c3)c2cc1OC,6360.0,5.196542884351587,8/24/2000,5/17/2005,2000,Curated from the literature by BindingDB,10.1021/jm000206a,10966743,
bindingdb_articles,6645,6645,4459,Epidermal growth factor receptor,Homo sapiens,P00533,COc1cc2ncc(C#N)c(Nc3ccc(C)cc3)c2cc1OC,COc1cc2ncc(C#N)c(Nc3ccc(C)cc3)c2cc1OC,2730.0,5.5638373529592435,8/24/2000,5/17/2005,2000,Curated from the literature by BindingDB,10.1021/jm000206a,10966743,
bindingdb_articles,6646,6646,4460,Epidermal growth factor receptor,Homo sapiens,P00533,COc1cc2ncc(C#N)c(Nc3cccc(c3)C(N)=O)c2cc1OC,COc1cc2ncc(C#N)c(Nc3cccc(C(N)=O)c3)c2cc1OC,7690.0,5.114073660198569,8/24/2000,5/17/2005,2000,Curated from the literature by BindingDB,10.1021/jm000206a,10966743,
bindingdb_articles,6647,6647,4461,Epidermal growth factor receptor,Homo sapiens,P00533,COc1cc2ncc(C#N)c(Nc3ccc(C)c(Br)c3)c2cc1OC,COc1cc2ncc(C#N)c(Nc3ccc(C)c(Br)c3)c2cc1OC,1790.0,5.747146969020107,8/24/2000,5/17/2005,2000,Curated from the literature by BindingDB,10.1021/jm000206a,10966743,
bindingdb_articles,6648,6648,4462,Epidermal growth factor receptor,Homo sapiens,P00533,COc1cc2ncc(C#N)c(Nc3ccc(O)c(Cl)c3)c2cc1OC,COc1cc2ncc(C#N)c(Nc3ccc(O)c(Cl)c3)c2cc1OC,9040.0,5.043831569524636,8/24/2000,5/17/2005,2000,Curated from the literature by BindingDB,10.1021/jm000206a,10966743,
bindingdb_articles,6649,6649,4463,Epidermal growth factor receptor,Homo sapiens,P00533,COc1cc2ncc(C#N)c(Nc3cc(Cl)c(O)c(Cl)c3)c2cc1OC,COc1cc2ncc(C#N)c(Nc3cc(Cl)c(O)c(Cl)c3)c2cc1OC,3150.0,5.501689446210399,8/24/2000,5/17/2005,2000,Curated from the literature by BindingDB,10.1021/jm000206a,10966743,
bindingdb_articles,6650,6650,4464,Epidermal growth factor receptor,Homo sapiens,P00533,COc1cc2ncc(C#N)c(Nc3cc(Cl)ccc3O)c2cc1OC,COc1cc2ncc(C#N)c(Nc3cc(Cl)ccc3O)c2cc1OC,17020.0,4.769040444251431,8/24/2000,5/17/2005,2000,Curated from the literature by BindingDB,10.1021/jm000206a,10966743,
bindingdb_articles,6651,6651,4465,Epidermal growth factor receptor,Homo sapiens,P00533,COc1cc2ncc(C#N)c(Nc3cccc(SC)c3)c2cc1OC,COc1cc2ncc(C#N)c(Nc3cccc(SC)c3)c2cc1OC,760.0,6.119186407719209,8/24/2000,5/17/2005,2000,Curated from the literature by BindingDB,10.1021/jm000206a,10966743,
bindingdb_articles,6652,6652,4466,Epidermal growth factor receptor,Homo sapiens,P00533,COc1cc2ncc(C#N)c(Nc3ccc(C)c(Cl)c3)c2cc1OC,COc1cc2ncc(C#N)c(Nc3ccc(C)c(Cl)c3)c2cc1OC,1480.0,5.8297382846050425,8/24/2000,5/17/2005,2000,Curated from the literature by BindingDB,10.1021/jm000206a,10966743,
bindingdb_articles,6654,6654,4468,Epidermal growth factor receptor,Homo sapiens,P00533,COc1cc2ncc(C#N)c(Nc3ccc(cc3)C(C)C)c2cc1OC,COc1cc2ncc(C#N)c(Nc3ccc(C(C)C)cc3)c2cc1OC,230.0,6.638272163982407,8/24/2000,5/17/2005,2000,Curated from the literature by BindingDB,10.1021/jm000206a,10966743,
bindingdb_articles,6655,6655,4469,Epidermal growth factor receptor,Homo sapiens,P00533,COc1cc2ncc(C#N)c(Nc3ccccc3C(C)C)c2cc1OC,COc1cc2ncc(C#N)c(Nc3ccccc3C(C)C)c2cc1OC,360.0,6.443697499232712,8/24/2000,5/17/2005,2000,Curated from the literature by BindingDB,10.1021/jm000206a,10966743,
bindingdb_articles,6656,6656,4470,Epidermal growth factor receptor,Homo sapiens,P00533,COc1cc2ncc(C#N)c(Nc3cccc(c3)C(C)C)c2cc1OC,COc1cc2ncc(C#N)c(Nc3cccc(C(C)C)c3)c2cc1OC,62320.0,4.205372555335492,8/24/2000,5/17/2005,2000,Curated from the literature by BindingDB,10.1021/jm000206a,10966743,
bindingdb_articles,6657,6657,4471,Epidermal growth factor receptor,Homo sapiens,P00533,COc1cc2ncc(C#N)c(Nc3ccc(Br)cc3)c2cc1OC,COc1cc2ncc(C#N)c(Nc3ccc(Br)cc3)c2cc1OC,6650.0,5.1771783546968955,8/24/2000,5/17/2005,2000,Curated from the literature by BindingDB,10.1021/jm000206a,10966743,
bindingdb_articles,6658,6658,4472,Epidermal growth factor receptor,Homo sapiens,P00533,COc1cc2ncc(C#N)c(Nc3ccccc3Br)c2cc1OC,COc1cc2ncc(C#N)c(Nc3ccccc3Br)c2cc1OC,4180.0,5.3788237182249645,8/24/2000,5/17/2005,2000,Curated from the literature by BindingDB,10.1021/jm000206a,10966743,
bindingdb_articles,6659,6659,4473,Epidermal growth factor receptor,Homo sapiens,P00533,COc1cc2ncc(C#N)c(Nc3ccc(F)c(c3)C(F)(F)F)c2cc1OC,COc1cc2ncc(C#N)c(Nc3ccc(F)c(C(F)(F)F)c3)c2cc1OC,160.0,6.795880017344075,8/24/2000,5/17/2005,2000,Curated from the literature by BindingDB,10.1021/jm000206a,10966743,
bindingdb_articles,6660,6660,4474,Epidermal growth factor receptor,Homo sapiens,P00533,COc1cc2ncc(C#N)c(Nc3cccc(Br)c3C)c2cc1OC,COc1cc2ncc(C#N)c(Nc3cccc(Br)c3C)c2cc1OC,840.0,6.075720713938118,8/24/2000,5/17/2005,2000,Curated from the literature by BindingDB,10.1021/jm000206a,10966743,
bindingdb_articles,6661,6661,4475,Epidermal growth factor receptor,Homo sapiens,P00533,COc1cc2ncc(C#N)c(Nc3ccc(Br)c(C)c3)c2cc1OC,COc1cc2ncc(C#N)c(Nc3ccc(Br)c(C)c3)c2cc1OC,620.0,6.207608310501746,8/24/2000,5/17/2005,2000,Curated from the literature by BindingDB,10.1021/jm000206a,10966743,
bindingdb_articles,6662,6662,4476,Epidermal growth factor receptor,Homo sapiens,P00533,COc1cc2ncc(C#N)c(Nc3cccc(c3)N=[N+]=[N-])c2cc1OC,COc1cc2ncc(C#N)c(Nc3cccc(N=[N+]=[N-])c3)c2cc1OC,2210.0,5.655607726314889,8/24/2000,5/17/2005,2000,Curated from the literature by BindingDB,10.1021/jm000206a,10966743,
bindingdb_articles,6663,6663,4477,Epidermal growth factor receptor,Homo sapiens,P00533,COc1cc2ncc(C#N)c(Nc3cccc(NC(C)=O)c3)c2cc1OC,COc1cc2ncc(C#N)c(Nc3cccc(NC(C)=O)c3)c2cc1OC,69400.0,4.158640529545145,8/24/2000,5/17/2005,2000,Curated from the literature by BindingDB,10.1021/jm000206a,10966743,
bindingdb_articles,6664,6664,4478,Epidermal growth factor receptor,Homo sapiens,P00533,CCOc1cc2c(Nc3cccc(Br)c3)c(cnc2cc1OC)C#N,CCOc1cc2c(Nc3cccc(Br)c3)c(C#N)cnc2cc1OC,21190.0,4.673869043289206,8/24/2000,5/17/2005,2000,Curated from the literature by BindingDB,10.1021/jm000206a,10966743,
bindingdb_articles,6665,6665,4479,Epidermal growth factor receptor,Homo sapiens,P00533,CCOc1cc2ncc(C#N)c(Nc3cccc(Br)c3)c2cc1OC,CCOc1cc2ncc(C#N)c(Nc3cccc(Br)c3)c2cc1OC,33020.0,4.4812229310732254,8/24/2000,5/17/2005,2000,Curated from the literature by BindingDB,10.1021/jm000206a,10966743,
bindingdb_articles,6668,6668,4482,Epidermal growth factor receptor,Homo sapiens,P00533,COc1cc2ncc(C=O)c(Nc3cccc(Br)c3)c2cc1OC,COc1cc2ncc(C=O)c(Nc3cccc(Br)c3)c2cc1OC,3370.0,5.4723700991286615,8/24/2000,5/17/2005,2000,Curated from the literature by BindingDB,10.1021/jm000206a,10966743,
bindingdb_articles,6669,6669,4483,Epidermal growth factor receptor,Homo sapiens,P00533,COc1cc2ncc(C(O)=O)c(Nc3cccc(Br)c3)c2cc1OC,COc1cc2ncc(C(=O)O)c(Nc3cccc(Br)c3)c2cc1OC,34220.0,4.465719994794918,8/24/2000,5/17/2005,2000,Curated from the literature by BindingDB,10.1021/jm000206a,10966743,
bindingdb_articles,6670,6670,4484,Epidermal growth factor receptor,Homo sapiens,P00533,COc1cc2ncc(C(N)=O)c(Nc3cccc(Br)c3)c2cc1OC,COc1cc2ncc(C(N)=O)c(Nc3cccc(Br)c3)c2cc1OC,15170.0,4.81901441921327,8/24/2000,5/17/2005,2000,Curated from the literature by BindingDB,10.1021/jm000206a,10966743,
bindingdb_articles,6671,6671,4485,Epidermal growth factor receptor,Homo sapiens,P00533,Oc1cc2ncc(C#N)c(Nc3cccc(Br)c3)c2cc1O,N#Cc1cnc2cc(O)c(O)cc2c1Nc1cccc(Br)c1,350.0,6.455931955649724,8/24/2000,5/17/2005,2000,Curated from the literature by BindingDB,10.1021/jm000206a,10966743,
bindingdb_articles,6672,6672,4486,Epidermal growth factor receptor,Homo sapiens,P00533,COCOc1cc2ncc(C#N)c(Nc3cccc(Br)c3)c2cc1OCOC,COCOc1cc2ncc(C#N)c(Nc3cccc(Br)c3)c2cc1OCOC,6750.0,5.170696227168975,8/24/2000,5/17/2005,2000,Curated from the literature by BindingDB,10.1021/jm000206a,10966743,
bindingdb_articles,6673,6673,4487,Epidermal growth factor receptor,Homo sapiens,P00533,COCCOc1cc2ncc(C#N)c(Nc3cccc(Br)c3)c2cc1OCCOC,COCCOc1cc2ncc(C#N)c(Nc3cccc(Br)c3)c2cc1OCCOC,1100.0,5.958607314841775,8/24/2000,5/17/2005,2000,Curated from the literature by BindingDB,10.1021/jm000206a,10966743,
bindingdb_articles,6674,6674,4488,Epidermal growth factor receptor,Homo sapiens,P00533,Brc1cccc(Nc2c(cnc3cc4OCOc4cc23)C#N)c1,N#Cc1cnc2cc3c(cc2c1Nc1cccc(Br)c1)OCO3,6790.0,5.168130225719498,8/24/2000,5/17/2005,2000,Curated from the literature by BindingDB,10.1021/jm000206a,10966743,
bindingdb_articles,6675,6675,4489,Epidermal growth factor receptor,Homo sapiens,P00533,Brc1cccc(Nc2c(cnc3cc4OCCCOc4cc23)C#N)c1,N#Cc1cnc2cc3c(cc2c1Nc1cccc(Br)c1)OCCCO3,5150.0,5.288192770958808,8/24/2000,5/17/2005,2000,Curated from the literature by BindingDB,10.1021/jm000206a,10966743,
bindingdb_articles,6676,6676,4490,Epidermal growth factor receptor,Homo sapiens,P00533,COc1cc2c(Nc3cccc(Br)c3)ncc(C#N)c2cc1OC,COc1cc2c(C#N)cnc(Nc3cccc(Br)c3)c2cc1OC,70840.0,4.149721447481963,8/24/2000,5/17/2005,2000,Curated from the literature by BindingDB,10.1021/jm000206a,10966743,
bindingdb_articles,6677,6677,4491,Epidermal growth factor receptor,Homo sapiens,P00533,COc1cc2c(Nc3cccc(Cl)c3)ncc(C#N)c2cc1OC,COc1cc2c(C#N)cnc(Nc3cccc(Cl)c3)c2cc1OC,88290.0,4.054088483180727,8/24/2000,5/17/2005,2000,Curated from the literature by BindingDB,10.1021/jm000206a,10966743,
bindingdb_articles,6678,6678,3032,Epidermal growth factor receptor,Homo sapiens,P00533,COc1cc2ncnc(Nc3cccc(Br)c3)c2cc1OC,COc1cc2ncnc(Nc3cccc(Br)c3)c2cc1OC,70.0,7.154901959985743,8/24/2000,5/17/2005,2000,Curated from the literature by BindingDB,10.1021/jm000206a,10966743,CHEMBL1204168CHEMBL29197
bindingdb_articles,6753,6753,4566,Epidermal growth factor receptor,Homo sapiens,P00533,CC#CC(=O)Nc1ccc2ncnc(Nc3cccc(Br)c3)c2c1,CC#CC(=O)Nc1ccc2ncnc(Nc3cccc(Br)c3)c2c1,8.0,8.096910013008056,8/16/2001,5/18/2005,2001,Curated from the literature by BindingDB,10.1021/jm0005555,11495584,CHEMBL91867
bindingdb_articles,6754,6754,4567,Epidermal growth factor receptor,Homo sapiens,P00533,C=CC(=O)Nc1ccc2c(c1)c(ncn2)Nc3cccc(c3)Br,C=CC(=O)Nc1ccc2ncnc(Nc3cccc(Br)c3)c2c1,2.0,8.698970004336019,8/16/2001,5/18/2005,2001,Curated from the literature by BindingDB,10.1021/jm0005555,11495584,CHEMBL285063
bindingdb_articles,6755,6755,4568,Epidermal growth factor receptor,Homo sapiens,P00533,CN(C)CC#CC(=O)Nc1ccc2ncnc(Nc3cccc(Br)c3)c2c1,CN(C)CC#CC(=O)Nc1ccc2ncnc(Nc3cccc(Br)c3)c2c1,6.0,8.221848749616356,8/16/2001,5/18/2005,2001,Curated from the literature by BindingDB,10.1021/jm0005555,11495584,
bindingdb_articles,6756,6756,4569,Epidermal growth factor receptor,Homo sapiens,P00533,CCN(CC)CC#CC(=O)Nc1ccc2ncnc(Nc3cccc(Br)c3)c2c1,CCN(CC)CC#CC(=O)Nc1ccc2ncnc(Nc3cccc(Br)c3)c2c1,12.0,7.920818753952375,8/16/2001,5/18/2005,2001,Curated from the literature by BindingDB,10.1021/jm0005555,11495584,
bindingdb_articles,6757,6757,4570,Epidermal growth factor receptor,Homo sapiens,P00533,CCCN(CCC)CC#CC(=O)Nc1ccc2ncnc(Nc3cccc(Br)c3)c2c1,CCCN(CC#CC(=O)Nc1ccc2ncnc(Nc3cccc(Br)c3)c2c1)CCC,62.0,7.207608310501746,8/16/2001,5/18/2005,2001,Curated from the literature by BindingDB,10.1021/jm0005555,11495584,
bindingdb_articles,6758,6758,4571,Epidermal growth factor receptor,Homo sapiens,P00533,CC(C)N(C)CC#CC(=O)Nc1ccc2ncnc(Nc3cccc(Br)c3)c2c1,CC(C)N(C)CC#CC(=O)Nc1ccc2ncnc(Nc3cccc(Br)c3)c2c1,85.0,7.070581074285707,8/16/2001,5/18/2005,2001,Curated from the literature by BindingDB,10.1021/jm0005555,11495584,
bindingdb_articles,6759,6759,4572,Epidermal growth factor receptor,Homo sapiens,P00533,CC(C)N(CC#CC(=O)Nc1ccc2ncnc(Nc3cccc(Br)c3)c2c1)C(C)C,CC(C)N(CC#CC(=O)Nc1ccc2ncnc(Nc3cccc(Br)c3)c2c1)C(C)C,97.0,7.013228265733755,8/16/2001,5/18/2005,2001,Curated from the literature by BindingDB,10.1021/jm0005555,11495584,
bindingdb_articles,6760,6760,4573,Epidermal growth factor receptor,Homo sapiens,P00533,CN(CC=C)CC#CC(=O)Nc1ccc2ncnc(Nc3cccc(Br)c3)c2c1,C=CCN(C)CC#CC(=O)Nc1ccc2ncnc(Nc3cccc(Br)c3)c2c1,71.0,7.1487416512809245,8/16/2001,5/18/2005,2001,Curated from the literature by BindingDB,10.1021/jm0005555,11495584,
bindingdb_articles,6761,6761,4574,Epidermal growth factor receptor,Homo sapiens,P00533,Brc1cccc(Nc2ncnc3ccc(NC(=O)C#CCN4CCCCC4)cc23)c1,O=C(C#CCN1CCCCC1)Nc1ccc2ncnc(Nc3cccc(Br)c3)c2c1,57.0,7.2441251443275085,8/16/2001,5/18/2005,2001,Curated from the literature by BindingDB,10.1021/jm0005555,11495584,
bindingdb_articles,6762,6762,4575,Epidermal growth factor receptor,Homo sapiens,P00533,Brc1cccc(Nc2ncnc3ccc(NC(=O)C#CCN4CCOCC4)cc23)c1,O=C(C#CCN1CCOCC1)Nc1ccc2ncnc(Nc3cccc(Br)c3)c2c1,20.0,7.698970004336019,8/16/2001,5/18/2005,2001,Curated from the literature by BindingDB,10.1021/jm0005555,11495584,
bindingdb_articles,6763,6763,4576,Epidermal growth factor receptor,Homo sapiens,P00533,Brc1cccc(Nc2ncnc3ccc(NC(=O)C#CCN4CCSCC4)cc23)c1,O=C(C#CCN1CCSCC1)Nc1ccc2ncnc(Nc3cccc(Br)c3)c2c1,95.0,7.022276394711152,8/16/2001,5/18/2005,2001,Curated from the literature by BindingDB,10.1021/jm0005555,11495584,
bindingdb_articles,6764,6764,4577,Epidermal growth factor receptor,Homo sapiens,P00533,COC[C@@H]1CCCN1CC#CC(=O)Nc1ccc2ncnc(Nc3cccc(Br)c3)c2c1 |r|,COC[C@@H]1CCCN1CC#CC(=O)Nc1ccc2ncnc(Nc3cccc(Br)c3)c2c1,65.0,7.187086643357144,8/16/2001,5/18/2005,2001,Curated from the literature by BindingDB,10.1021/jm0005555,11495584,
bindingdb_articles,6765,6765,4578,Epidermal growth factor receptor,Homo sapiens,P00533,CCN1CCN(CC#CC(=O)Nc2ccc3ncnc(Nc4cccc(Br)c4)c3c2)CC1,CCN1CCN(CC#CC(=O)Nc2ccc3ncnc(Nc4cccc(Br)c4)c3c2)CC1,65.0,7.187086643357144,8/16/2001,5/18/2005,2001,Curated from the literature by BindingDB,10.1021/jm0005555,11495584,
bindingdb_articles,6766,6766,4579,Epidermal growth factor receptor,Homo sapiens,P00533,COCC#CC(=O)Nc1ccc2ncnc(Nc3cccc(Br)c3)c2c1,COCC#CC(=O)Nc1ccc2ncnc(Nc3cccc(Br)c3)c2c1,9.0,8.045757490560675,8/16/2001,5/18/2005,2001,Curated from the literature by BindingDB,10.1021/jm0005555,11495584,
bindingdb_articles,6767,6767,4580,Epidermal growth factor receptor,Homo sapiens,P00533,COCCOCC#CC(=O)Nc1ccc2ncnc(Nc3cccc(Br)c3)c2c1,COCCOCC#CC(=O)Nc1ccc2ncnc(Nc3cccc(Br)c3)c2c1,65.0,7.187086643357144,8/16/2001,5/18/2005,2001,Curated from the literature by BindingDB,10.1021/jm0005555,11495584,
bindingdb_articles,6768,6768,4581,Epidermal growth factor receptor,Homo sapiens,P00533,COCOCC#CC(=O)Nc1ccc2ncnc(Nc3cccc(Br)c3)c2c1,COCOCC#CC(=O)Nc1ccc2ncnc(Nc3cccc(Br)c3)c2c1,59.0,7.229147988357855,8/16/2001,5/18/2005,2001,Curated from the literature by BindingDB,10.1021/jm0005555,11495584,CHEMBL93049
bindingdb_articles,6769,6769,4582,Epidermal growth factor receptor,Homo sapiens,P00533,OCC#CC(=O)Nc1ccc2ncnc(Nc3cccc(Br)c3)c2c1,O=C(C#CCO)Nc1ccc2ncnc(Nc3cccc(Br)c3)c2c1,2.0,8.698970004336019,8/16/2001,5/18/2005,2001,Curated from the literature by BindingDB,10.1021/jm0005555,11495584,
bindingdb_articles,6770,6770,4583,Epidermal growth factor receptor,Homo sapiens,P00533,CN(C)CC=CC(=O)Nc1ccc2c(c1)c(ncn2)Nc3cccc(c3)Br,CN(C)CC=CC(=O)Nc1ccc2ncnc(Nc3cccc(Br)c3)c2c1,11.0,7.958607314841775,8/16/2001,5/18/2005,2001,Curated from the literature by BindingDB,10.1021/jm0005555,11495584,CHEMBL94061
bindingdb_articles,6771,6771,4584,Epidermal growth factor receptor,Homo sapiens,P00533,CCN(CC)C\C=C\C(=O)Nc1ccc2ncnc(Nc3cccc(Br)c3)c2c1,CCN(CC)C/C=C/C(=O)Nc1ccc2ncnc(Nc3cccc(Br)c3)c2c1,73.0,7.136677139879544,8/16/2001,5/18/2005,2001,Curated from the literature by BindingDB,10.1021/jm0005555,11495584,
bindingdb_articles,6772,6772,4585,Epidermal growth factor receptor,Homo sapiens,P00533,CCCN(CCC)C\C=C\C(=O)Nc1ccc2ncnc(Nc3cccc(Br)c3)c2c1,CCCN(C/C=C/C(=O)Nc1ccc2ncnc(Nc3cccc(Br)c3)c2c1)CCC,90.0,7.045757490560675,8/16/2001,5/18/2005,2001,Curated from the literature by BindingDB,10.1021/jm0005555,11495584,
bindingdb_articles,6773,6773,4586,Epidermal growth factor receptor,Homo sapiens,P00533,Brc1cccc(Nc2ncnc3ccc(NC(=O)\C=C\CN4CCCCC4)cc23)c1,O=C(/C=C/CN1CCCCC1)Nc1ccc2ncnc(Nc3cccc(Br)c3)c2c1,106.0,6.97469413473523,8/16/2001,5/18/2005,2001,Curated from the literature by BindingDB,10.1021/jm0005555,11495584,
bindingdb_articles,6774,6774,4587,Epidermal growth factor receptor,Homo sapiens,P00533,Brc1cccc(Nc2ncnc3ccc(NC(=O)\C=C\CN4CCOCC4)cc23)c1,O=C(/C=C/CN1CCOCC1)Nc1ccc2ncnc(Nc3cccc(Br)c3)c2c1,74.0,7.130768280269024,8/16/2001,5/18/2005,2001,Curated from the literature by BindingDB,10.1021/jm0005555,11495584,
bindingdb_articles,6775,6775,4588,Epidermal growth factor receptor,Homo sapiens,P00533,Brc1cccc(Nc2ncnc3ccc(NC(=O)\C=C\CN4CCSCC4)cc23)c1,O=C(/C=C/CN1CCSCC1)Nc1ccc2ncnc(Nc3cccc(Br)c3)c2c1,203.0,6.692503962086787,8/16/2001,5/18/2005,2001,Curated from the literature by BindingDB,10.1021/jm0005555,11495584,
bindingdb_articles,6776,6776,4589,Epidermal growth factor receptor,Homo sapiens,P00533,COC[C@@H]1CCCN1C\C=C\C(=O)Nc1ccc2ncnc(Nc3cccc(Br)c3)c2c1 |r|,COC[C@@H]1CCCN1C/C=C/C(=O)Nc1ccc2ncnc(Nc3cccc(Br)c3)c2c1,131.0,6.882728704344236,8/16/2001,5/18/2005,2001,Curated from the literature by BindingDB,10.1021/jm0005555,11495584,
bindingdb_articles,6777,6777,4590,Epidermal growth factor receptor,Homo sapiens,P00533,COC[C@H]1CCCN1C\C=C\C(=O)Nc1ccc2ncnc(Nc3cccc(Br)c3)c2c1 |r|,COC[C@H]1CCCN1C/C=C/C(=O)Nc1ccc2ncnc(Nc3cccc(Br)c3)c2c1,85.0,7.070581074285707,8/16/2001,5/18/2005,2001,Curated from the literature by BindingDB,10.1021/jm0005555,11495584,
bindingdb_articles,6778,6778,4591,Epidermal growth factor receptor,Homo sapiens,P00533,COCCN(C)C\C=C\C(=O)Nc1ccc2ncnc(Nc3cccc(Br)c3)c2c1,COCCN(C)C/C=C/C(=O)Nc1ccc2ncnc(Nc3cccc(Br)c3)c2c1,62.0,7.207608310501746,8/16/2001,5/18/2005,2001,Curated from the literature by BindingDB,10.1021/jm0005555,11495584,
bindingdb_articles,6779,6779,4592,Epidermal growth factor receptor,Homo sapiens,P00533,CN(CCO)C\C=C\C(=O)Nc1ccc2ncnc(Nc3cccc(Br)c3)c2c1,CN(C/C=C/C(=O)Nc1ccc2ncnc(Nc3cccc(Br)c3)c2c1)CCO,14.0,7.853871964321762,8/16/2001,5/18/2005,2001,Curated from the literature by BindingDB,10.1021/jm0005555,11495584,
bindingdb_articles,6780,6780,4593,Epidermal growth factor receptor,Homo sapiens,P00533,Brc1cccc(Nc2ncnc3ccc(NC(=O)\C=C\CN4CCC(CC4)N4CCCCC4)cc23)c1,O=C(/C=C/CN1CCC(N2CCCCC2)CC1)Nc1ccc2ncnc(Nc3cccc(Br)c3)c2c1,68.0,7.167491087293763,8/16/2001,5/18/2005,2001,Curated from the literature by BindingDB,10.1021/jm0005555,11495584,
bindingdb_articles,6781,6781,4594,Epidermal growth factor receptor,Homo sapiens,P00533,Brc1cccc(Nc2ncnc3ccc(NC(=O)\C=C\Cn4cccn4)cc23)c1,O=C(/C=C/Cn1cccn1)Nc1ccc2ncnc(Nc3cccc(Br)c3)c2c1,1124.0,5.949233688766958,8/16/2001,5/18/2005,2001,Curated from the literature by BindingDB,10.1021/jm0005555,11495584,
bindingdb_articles,6782,6782,4595,Epidermal growth factor receptor,Homo sapiens,P00533,CC(=C)C(=O)Nc1ccc2ncnc(Nc3cccc(Br)c3)c2c1,C=C(C)C(=O)Nc1ccc2ncnc(Nc3cccc(Br)c3)c2c1,339.0,6.4698003017969175,8/16/2001,5/18/2005,2001,Curated from the literature by BindingDB,10.1021/jm0005555,11495584,
bindingdb_articles,6783,6783,4596,Epidermal growth factor receptor,Homo sapiens,P00533,C\C=C\C(=O)Nc1ccc2ncnc(Nc3cccc(Br)c3)c2c1,C/C=C/C(=O)Nc1ccc2ncnc(Nc3cccc(Br)c3)c2c1,236.0,6.627087997029893,8/16/2001,5/18/2005,2001,Curated from the literature by BindingDB,10.1021/jm0005555,11495584,
bindingdb_articles,6784,6784,4597,Epidermal growth factor receptor,Homo sapiens,P00533,COC\C=C\C(=O)Nc1ccc2ncnc(Nc3cccc(Br)c3)c2c1,COC/C=C/C(=O)Nc1ccc2ncnc(Nc3cccc(Br)c3)c2c1,1132.0,5.946153573147747,8/16/2001,5/18/2005,2001,Curated from the literature by BindingDB,10.1021/jm0005555,11495584,
bindingdb_articles,6785,6785,4598,Epidermal growth factor receptor,Homo sapiens,P00533,CN1CCC=C(C1)C(=O)Nc1ccc2ncnc(Nc3cccc(Br)c3)c2c1 |c:4|,CN1CCC=C(C(=O)Nc2ccc3ncnc(Nc4cccc(Br)c4)c3c2)C1,115.0,6.939302159646388,8/16/2001,5/18/2005,2001,Curated from the literature by BindingDB,10.1021/jm0005555,11495584,
bindingdb_articles,6786,6786,4599,Epidermal growth factor receptor,Homo sapiens,P00533,Brc1cccc(Nc2ncnc3ccc(NC(=O)C(=C)CN4CCOCC4)cc23)c1,C=C(CN1CCOCC1)C(=O)Nc1ccc2ncnc(Nc3cccc(Br)c3)c2c1,107.0,6.97061622231479,8/16/2001,5/18/2005,2001,Curated from the literature by BindingDB,10.1021/jm0005555,11495584,
bindingdb_articles,6787,6787,4600,Epidermal growth factor receptor,Homo sapiens,P00533,CN(C)\C=C\C(=O)Nc1ccc2ncnc(Nc3cccc(Br)c3)c2c1,CN(C)/C=C/C(=O)Nc1ccc2ncnc(Nc3cccc(Br)c3)c2c1,250.0,6.6020599913279625,8/16/2001,5/18/2005,2001,Curated from the literature by BindingDB,10.1021/jm0005555,11495584,
bindingdb_articles,6788,6788,4601,Epidermal growth factor receptor,Homo sapiens,P00533,Brc1cccc(Nc2ncnc3ccc(NC(=O)\C=C\N4CCOCC4)cc23)c1,O=C(/C=C/N1CCOCC1)Nc1ccc2ncnc(Nc3cccc(Br)c3)c2c1,215.0,6.667561540084394,8/16/2001,5/18/2005,2001,Curated from the literature by BindingDB,10.1021/jm0005555,11495584,
bindingdb_articles,6789,6789,4602,Epidermal growth factor receptor,Homo sapiens,P00533,C\C=C/C(=O)Nc1ccc2ncnc(Nc3cccc(Br)c3)c2c1,C/C=C\C(=O)Nc1ccc2ncnc(Nc3cccc(Br)c3)c2c1,269.0,6.570247719997592,8/16/2001,5/18/2005,2001,Curated from the literature by BindingDB,10.1021/jm0005555,11495584,
bindingdb_articles,6790,6790,4603,Epidermal growth factor receptor,Homo sapiens,P00533,COC[C@@H]1CCCN1C\C=C/C(=O)Nc1ccc2ncnc(Nc3cccc(Br)c3)c2c1 |r|,COC[C@@H]1CCCN1C/C=C\C(=O)Nc1ccc2ncnc(Nc3cccc(Br)c3)c2c1,194.0,6.7121982700697735,8/16/2001,5/18/2005,2001,Curated from the literature by BindingDB,10.1021/jm0005555,11495584,
bindingdb_articles,7068,7068,4651,Epidermal growth factor receptor,Homo sapiens,P00533,COc1cc2c(Nc3ccc(Br)cc3F)ncnc2cc1OCCn1ccnn1,COc1cc2c(Nc3ccc(Br)cc3F)ncnc2cc1OCCn1ccnn1,400.0,6.3979400086720375,3/14/2002,5/24/2005,2002,Curated from the literature by BindingDB,10.1021/jm011022e,11881999,
bindingdb_articles,7069,7069,21,Epidermal growth factor receptor,Homo sapiens,P00533,CN1CCC(CC1)COc2cc3c(cc2OC)c(ncn3)Nc4ccc(cc4F)Br,COc1cc2c(Nc3ccc(Br)cc3F)ncnc2cc1OCC1CCN(C)CC1,500.0,6.301029995663981,3/14/2002,5/24/2005,2002,Curated from the literature by BindingDB,10.1021/jm011022e,11881999,CHEMBL24828
bindingdb_articles,7070,7070,4628,Epidermal growth factor receptor,Homo sapiens,P00533,COCCOc1cc2ncnc(Nc3ccc(Cl)cc3F)c2cc1OC,COCCOc1cc2ncnc(Nc3ccc(Cl)cc3F)c2cc1OC,100.0,7.0,3/14/2002,5/24/2005,2002,Curated from the literature by BindingDB,10.1021/jm011022e,11881999,CHEMBL286160
bindingdb_articles,7071,7071,4657,Epidermal growth factor receptor,Homo sapiens,P00533,COc1cc2c(Nc3ccc(Cl)cc3F)ncnc2cc1OCCCN1CCN(C)CC1,COc1cc2c(Nc3ccc(Cl)cc3F)ncnc2cc1OCCCN1CCN(C)CC1,75.0,7.1249387366083,3/14/2002,5/24/2005,2002,Curated from the literature by BindingDB,10.1021/jm011022e,11881999,
bindingdb_articles,7072,7072,4658,Epidermal growth factor receptor,Homo sapiens,P00533,COc1cc2c(Nc3ccc(Br)cc3F)ncnc2cc1OCCCN1CCN(C)CC1,COc1cc2c(Nc3ccc(Br)cc3F)ncnc2cc1OCCCN1CCN(C)CC1,100.0,7.0,3/14/2002,5/24/2005,2002,Curated from the literature by BindingDB,10.1021/jm011022e,11881999,
bindingdb_articles,7073,7073,4659,Epidermal growth factor receptor,Homo sapiens,P00533,COc1cc2c(Nc3ccc(Cl)cc3F)ncnc2cc1OCCN1CCN(C)CC1,COc1cc2c(Nc3ccc(Cl)cc3F)ncnc2cc1OCCN1CCN(C)CC1,200.0,6.698970004336019,3/14/2002,5/24/2005,2002,Curated from the literature by BindingDB,10.1021/jm011022e,11881999,
bindingdb_articles,7074,7074,4639,Epidermal growth factor receptor,Homo sapiens,P00533,COc1cc2c(Nc3ccc(Cl)cc3F)ncnc2cc1OCCCN1CCOCC1,COc1cc2c(Nc3ccc(Cl)cc3F)ncnc2cc1OCCCN1CCOCC1,100.0,7.0,3/14/2002,5/24/2005,2002,Curated from the literature by BindingDB,10.1021/jm011022e,11881999,
bindingdb_articles,7075,7075,4638,Epidermal growth factor receptor,Homo sapiens,P00533,COc1cc2c(Nc3ccc(Cl)cc3F)ncnc2cc1OCCN1CCOCC1,COc1cc2c(Nc3ccc(Cl)cc3F)ncnc2cc1OCCN1CCOCC1,400.0,6.3979400086720375,3/14/2002,5/24/2005,2002,Curated from the literature by BindingDB,10.1021/jm011022e,11881999,
bindingdb_articles,7076,7076,4662,Epidermal growth factor receptor,Homo sapiens,P00533,COc1cc2c(Nc3ccc(Cl)cc3F)ncnc2cc1OCCCN1CCCC1,COc1cc2c(Nc3ccc(Cl)cc3F)ncnc2cc1OCCCN1CCCC1,100.0,7.0,3/14/2002,5/24/2005,2002,Curated from the literature by BindingDB,10.1021/jm011022e,11881999,
bindingdb_articles,7077,7077,4663,Epidermal growth factor receptor,Homo sapiens,P00533,COc1cc2c(Nc3ccc(Cl)cc3F)ncnc2cc1OC\C=C\CN1CCCC1,COc1cc2c(Nc3ccc(Cl)cc3F)ncnc2cc1OC/C=C/CN1CCCC1,90.0,7.045757490560675,3/14/2002,5/24/2005,2002,Curated from the literature by BindingDB,10.1021/jm011022e,11881999,
bindingdb_articles,7078,7078,4664,Epidermal growth factor receptor,Homo sapiens,P00533,COc1cc2c(Nc3ccc(Br)cc3F)ncnc2cc1OC\C=C\CN1CCCC1,COc1cc2c(Nc3ccc(Br)cc3F)ncnc2cc1OC/C=C/CN1CCCC1,100.0,7.0,3/14/2002,5/24/2005,2002,Curated from the literature by BindingDB,10.1021/jm011022e,11881999,
bindingdb_articles,7079,7079,4665,Epidermal growth factor receptor,Homo sapiens,P00533,COc1cc2c(Nc3ccc(cc3F)C#N)ncnc2cc1OC\C=C\CN1CCCC1,COc1cc2c(Nc3ccc(C#N)cc3F)ncnc2cc1OC/C=C/CN1CCCC1,800.0,6.096910013008056,3/14/2002,5/24/2005,2002,Curated from the literature by BindingDB,10.1021/jm011022e,11881999,
bindingdb_articles,7080,7080,4645,Epidermal growth factor receptor,Homo sapiens,P00533,COc1cc2c(Nc3ccc(Cl)cc3F)ncnc2cc1OCCN(C)c1ccncc1,COc1cc2c(Nc3ccc(Cl)cc3F)ncnc2cc1OCCN(C)c1ccncc1,300.0,6.522878745280337,3/14/2002,5/24/2005,2002,Curated from the literature by BindingDB,10.1021/jm011022e,11881999,
bindingdb_articles,7081,7081,4668,Epidermal growth factor receptor,Homo sapiens,P00533,COc1cc2c(Nc3ccc(Cl)cc3F)ncnc2cc1OCC1CCN(C)CC1,COc1cc2c(Nc3ccc(Cl)cc3F)ncnc2cc1OCC1CCN(C)CC1,300.0,6.522878745280337,3/14/2002,5/24/2005,2002,Curated from the literature by BindingDB,10.1021/jm011022e,11881999,
bindingdb_articles,7082,7082,4669,Epidermal growth factor receptor,Homo sapiens,P00533,COc1cc2c(Nc3ccc(C)cc3F)ncnc2cc1OCC1CCN(C)CC1,COc1cc2c(Nc3ccc(C)cc3F)ncnc2cc1OCC1CCN(C)CC1,1000.0,6.0,3/14/2002,5/24/2005,2002,Curated from the literature by BindingDB,10.1021/jm011022e,11881999,
bindingdb_articles,7083,7083,4670,Epidermal growth factor receptor,Homo sapiens,P00533,COc1cc2c(Nc3cc(O)c(Cl)cc3F)ncnc2cc1OCC1CCN(C)CC1,COc1cc2c(Nc3cc(O)c(Cl)cc3F)ncnc2cc1OCC1CCN(C)CC1,100.0,7.0,3/14/2002,5/24/2005,2002,Curated from the literature by BindingDB,10.1021/jm011022e,11881999,
bindingdb_articles,7084,7084,4671,Epidermal growth factor receptor,Homo sapiens,P00533,COc1cc2c(Nc3cc(O)c(C)cc3F)ncnc2cc1OCC1CCN(C)CC1,COc1cc2c(Nc3cc(O)c(C)cc3F)ncnc2cc1OCC1CCN(C)CC1,300.0,6.522878745280337,3/14/2002,5/24/2005,2002,Curated from the literature by BindingDB,10.1021/jm011022e,11881999,
bindingdb_articles,7085,7085,4672,Epidermal growth factor receptor,Homo sapiens,P00533,COc1cc2c(Nc3c(F)cc(Cl)cc3F)ncnc2cc1OCC1CCN(C)CC1,COc1cc2c(Nc3c(F)cc(Cl)cc3F)ncnc2cc1OCC1CCN(C)CC1,450.0,6.346787486224656,3/14/2002,5/24/2005,2002,Curated from the literature by BindingDB,10.1021/jm011022e,11881999,
bindingdb_articles,7086,7086,4673,Epidermal growth factor receptor,Homo sapiens,P00533,COc1cc2c(Nc3c(F)cc(Br)cc3F)ncnc2cc1OCC1CCN(C)CC1,COc1cc2c(Nc3c(F)cc(Br)cc3F)ncnc2cc1OCC1CCN(C)CC1,300.0,6.522878745280337,3/14/2002,5/24/2005,2002,Curated from the literature by BindingDB,10.1021/jm011022e,11881999,
bindingdb_articles,7087,7087,4674,Epidermal growth factor receptor,Homo sapiens,P00533,COc1cc2c(Nc3ccc(Cl)cc3F)ncnc2cc1OCC1CCNCC1,COc1cc2c(Nc3ccc(Cl)cc3F)ncnc2cc1OCC1CCNCC1,300.0,6.522878745280337,3/14/2002,5/24/2005,2002,Curated from the literature by BindingDB,10.1021/jm011022e,11881999,
bindingdb_articles,7088,7088,4675,Epidermal growth factor receptor,Homo sapiens,P00533,COc1cc2c(Nc3ccc(Br)cc3F)ncnc2cc1OCC1CCNCC1,COc1cc2c(Nc3ccc(Br)cc3F)ncnc2cc1OCC1CCNCC1,200.0,6.698970004336019,3/14/2002,5/24/2005,2002,Curated from the literature by BindingDB,10.1021/jm011022e,11881999,
bindingdb_articles,7089,7089,4676,Epidermal growth factor receptor,Homo sapiens,P00533,COc1cc2c(Nc3ccc(C)cc3F)ncnc2cc1OCC1CCNCC1,COc1cc2c(Nc3ccc(C)cc3F)ncnc2cc1OCC1CCNCC1,500.0,6.301029995663981,3/14/2002,5/24/2005,2002,Curated from the literature by BindingDB,10.1021/jm011022e,11881999,
bindingdb_articles,7090,7090,4677,Epidermal growth factor receptor,Homo sapiens,P00533,COc1cc2c(Nc3c(F)cc(Cl)cc3F)ncnc2cc1OCC1CCNCC1,COc1cc2c(Nc3c(F)cc(Cl)cc3F)ncnc2cc1OCC1CCNCC1,500.0,6.301029995663981,3/14/2002,5/24/2005,2002,Curated from the literature by BindingDB,10.1021/jm011022e,11881999,
bindingdb_articles,7091,7091,4678,Epidermal growth factor receptor,Homo sapiens,P00533,COc1cc2c(Nc3c(F)cc(Br)cc3F)ncnc2cc1OCC1CCNCC1,COc1cc2c(Nc3c(F)cc(Br)cc3F)ncnc2cc1OCC1CCNCC1,450.0,6.346787486224656,3/14/2002,5/24/2005,2002,Curated from the literature by BindingDB,10.1021/jm011022e,11881999,
bindingdb_articles,7092,7092,4679,Epidermal growth factor receptor,Homo sapiens,P00533,COc1cc2c(Nc3ccc(Cl)cc3F)ncnc2cc1OCCC1CCN(C)CC1,COc1cc2c(Nc3ccc(Cl)cc3F)ncnc2cc1OCCC1CCN(C)CC1,300.0,6.522878745280337,3/14/2002,5/24/2005,2002,Curated from the literature by BindingDB,10.1021/jm011022e,11881999,
bindingdb_articles,7093,7093,4680,Epidermal growth factor receptor,Homo sapiens,P00533,COc1cc2c(Nc3ccc(Br)cc3F)ncnc2cc1OCCC1CCN(C)CC1,COc1cc2c(Nc3ccc(Br)cc3F)ncnc2cc1OCCC1CCN(C)CC1,200.0,6.698970004336019,3/14/2002,5/24/2005,2002,Curated from the literature by BindingDB,10.1021/jm011022e,11881999,
bindingdb_articles,7094,7094,4681,Epidermal growth factor receptor,Homo sapiens,P00533,COc1cc2c(Nc3ccc(Br)cc3F)ncnc2cc1OCCC1CCNCC1,COc1cc2c(Nc3ccc(Br)cc3F)ncnc2cc1OCCC1CCNCC1,200.0,6.698970004336019,3/14/2002,5/24/2005,2002,Curated from the literature by BindingDB,10.1021/jm011022e,11881999,
bindingdb_articles,7095,7095,4682,Epidermal growth factor receptor,Homo sapiens,P00533,COc1cc2c(Nc3ccc(Cl)cc3F)ncnc2cc1OC[C@@H]1CCCN(C)C1 |r|,COc1cc2c(Nc3ccc(Cl)cc3F)ncnc2cc1OC[C@@H]1CCCN(C)C1,100.0,7.0,3/14/2002,5/24/2005,2002,Curated from the literature by BindingDB,10.1021/jm011022e,11881999,
bindingdb_articles,7096,7096,4683,Epidermal growth factor receptor,Homo sapiens,P00533,COc1cc2c(Nc3ccc(Br)cc3F)ncnc2cc1OC[C@@H]1CCCN(C)C1 |r|,COc1cc2c(Nc3ccc(Br)cc3F)ncnc2cc1OC[C@@H]1CCCN(C)C1,200.0,6.698970004336019,3/14/2002,5/24/2005,2002,Curated from the literature by BindingDB,10.1021/jm011022e,11881999,
bindingdb_articles,7097,7097,4684,Epidermal growth factor receptor,Homo sapiens,P00533,COc1cc2c(Nc3ccc(Br)cc3F)ncnc2cc1OC[C@H]1CCCN(C)C1 |r|,COc1cc2c(Nc3ccc(Br)cc3F)ncnc2cc1OC[C@H]1CCCN(C)C1,100.0,7.0,3/14/2002,5/24/2005,2002,Curated from the literature by BindingDB,10.1021/jm011022e,11881999,
bindingdb_articles,7246,7246,4777,Epidermal growth factor receptor,Homo sapiens,P00533,Brc1cccc(Nc2ncnc3cnc(NC(=O)C=C)cc23)c1,C=CC(=O)Nc1cc2c(Nc3cccc(Br)c3)ncnc2cn1,0.91,9.040958607678906,2/1/2001,6/2/2005,2001,Curated from the literature by BindingDB,10.1021/jm000372i,11462982,CHEMBL51659
bindingdb_articles,7247,7247,4567,Epidermal growth factor receptor,Homo sapiens,P00533,C=CC(=O)Nc1ccc2c(c1)c(ncn2)Nc3cccc(c3)Br,C=CC(=O)Nc1ccc2ncnc(Nc3cccc(Br)c3)c2c1,0.7,9.154901959985743,2/1/2001,6/2/2005,2001,Curated from the literature by BindingDB,10.1021/jm000372i,11462982,CHEMBL285063
bindingdb_articles,7248,7248,4779,Epidermal growth factor receptor,Homo sapiens,P00533,Fc1ccc(Nc2ncnc3cc(OCCCN4CCOCC4)c(NC(=O)C=C)cc23)cc1Cl,C=CC(=O)Nc1cc2c(Nc3ccc(F)c(Cl)c3)ncnc2cc1OCCCN1CCOCC1,1.5,8.823908740944319,2/1/2001,6/2/2005,2001,Curated from the literature by BindingDB,10.1021/jm000372i,11462982,CHEMBL31965CHEMBL545315
bindingdb_articles,7249,7249,4780,Epidermal growth factor receptor,Homo sapiens,P00533,CN(C(=O)C=C)c1cc2c(Nc3cccc(Br)c3)ncnc2cn1,C=CC(=O)N(C)c1cc2c(Nc3cccc(Br)c3)ncnc2cn1,0.17,9.769551078621726,2/1/2001,6/2/2005,2001,Curated from the literature by BindingDB,10.1021/jm000372i,11462982,
bindingdb_articles,7250,7250,4781,Epidermal growth factor receptor,Homo sapiens,P00533,CC(=C)C(=O)Nc1cc2c(Nc3cccc(Br)c3)ncnc2cn1,C=C(C)C(=O)Nc1cc2c(Nc3cccc(Br)c3)ncnc2cn1,1.6,8.795880017344075,2/1/2001,6/2/2005,2001,Curated from the literature by BindingDB,10.1021/jm000372i,11462982,
bindingdb_articles,7251,7251,4595,Epidermal growth factor receptor,Homo sapiens,P00533,CC(=C)C(=O)Nc1ccc2ncnc(Nc3cccc(Br)c3)c2c1,C=C(C)C(=O)Nc1ccc2ncnc(Nc3cccc(Br)c3)c2c1,1.2,8.920818753952375,2/1/2001,6/2/2005,2001,Curated from the literature by BindingDB,10.1021/jm000372i,11462982,
bindingdb_articles,7252,7252,4783,Epidermal growth factor receptor,Homo sapiens,P00533,C\C=C\C(=O)Nc1cc2c(Nc3cccc(Br)c3)ncnc2cn1,C/C=C/C(=O)Nc1cc2c(Nc3cccc(Br)c3)ncnc2cn1,0.5,9.301029995663981,2/1/2001,6/2/2005,2001,Curated from the literature by BindingDB,10.1021/jm000372i,11462982,
bindingdb_articles,7253,7253,4596,Epidermal growth factor receptor,Homo sapiens,P00533,C\C=C\C(=O)Nc1ccc2ncnc(Nc3cccc(Br)c3)c2c1,C/C=C/C(=O)Nc1ccc2ncnc(Nc3cccc(Br)c3)c2c1,0.55,9.259637310505756,2/1/2001,6/2/2005,2001,Curated from the literature by BindingDB,10.1021/jm000372i,11462982,
bindingdb_articles,7254,7254,4785,Epidermal growth factor receptor,Homo sapiens,P00533,Cl\C=C/C(=O)Nc1cc2c(Nc3cccc(Br)c3)ncnc2cn1,O=C(/C=C\Cl)Nc1cc2c(Nc3cccc(Br)c3)ncnc2cn1,0.69,9.161150909262744,2/1/2001,6/2/2005,2001,Curated from the literature by BindingDB,10.1021/jm000372i,11462982,
bindingdb_articles,7255,7255,4786,Epidermal growth factor receptor,Homo sapiens,P00533,FC(F)(F)\C=C\C(=O)Nc1ccc2ncnc(Nc3cccc(Br)c3)c2c1,O=C(/C=C/C(F)(F)F)Nc1ccc2ncnc(Nc3cccc(Br)c3)c2c1,1.75,8.756961951313706,2/1/2001,6/2/2005,2001,Curated from the literature by BindingDB,10.1021/jm000372i,11462982,
bindingdb_articles,7256,7256,4787,Epidermal growth factor receptor,Homo sapiens,P00533,Brc1cccc(Nc2ncnc3cnc(NC(=O)\C=C\C=C)cc23)c1,C=C/C=C/C(=O)Nc1cc2c(Nc3cccc(Br)c3)ncnc2cn1,1.1,8.958607314841775,2/1/2001,6/2/2005,2001,Curated from the literature by BindingDB,10.1021/jm000372i,11462982,
bindingdb_articles,7257,7257,4788,Epidermal growth factor receptor,Homo sapiens,P00533,Brc1cccc(Nc2ncnc3ccc(NC(=O)C=C=C)cc23)c1,C=C=CC(=O)Nc1ccc2ncnc(Nc3cccc(Br)c3)c2c1,1.6,8.795880017344075,2/1/2001,6/2/2005,2001,Curated from the literature by BindingDB,10.1021/jm000372i,11462982,
bindingdb_articles,7258,7258,4789,Epidermal growth factor receptor,Homo sapiens,P00533,Brc1cccc(Nc2ncnc3cnc(NC(=O)\C=C\c4ccccc4)cc23)c1,O=C(/C=C/c1ccccc1)Nc1cc2c(Nc3cccc(Br)c3)ncnc2cn1,9.1,8.040958607678906,2/1/2001,6/2/2005,2001,Curated from the literature by BindingDB,10.1021/jm000372i,11462982,
bindingdb_articles,7259,7259,4790,Epidermal growth factor receptor,Homo sapiens,P00533,CC(=O)C=CC(=O)Nc1ccc2ncnc(Nc3cccc(Br)c3)c2c1 |w:4.4|,CC(=O)C=CC(=O)Nc1ccc2ncnc(Nc3cccc(Br)c3)c2c1,1.2,8.920818753952375,2/1/2001,6/2/2005,2001,Curated from the literature by BindingDB,10.1021/jm000372i,11462982,
bindingdb_articles,7260,7260,4791,Epidermal growth factor receptor,Homo sapiens,P00533,OC(=O)\C=C\C(=O)Nc1ccc2ncnc(Nc3cccc(Br)c3)c2c1,O=C(O)/C=C/C(=O)Nc1ccc2ncnc(Nc3cccc(Br)c3)c2c1,0.37,9.431798275933005,2/1/2001,6/2/2005,2001,Curated from the literature by BindingDB,10.1021/jm000372i,11462982,
bindingdb_articles,7261,7261,4792,Epidermal growth factor receptor,Homo sapiens,P00533,CCOC(=O)\C=C\C(=O)Nc1ccc2ncnc(Nc3cccc(Br)c3)c2c1,CCOC(=O)/C=C/C(=O)Nc1ccc2ncnc(Nc3cccc(Br)c3)c2c1,2.7,8.568636235841012,2/1/2001,6/2/2005,2001,Curated from the literature by BindingDB,10.1021/jm000372i,11462982,
bindingdb_articles,7262,7262,4793,Epidermal growth factor receptor,Homo sapiens,P00533,CCOC(=O)\C=C\C(=O)Nc1cc2c(Nc3cccc(Br)c3)ncnc2cn1,CCOC(=O)/C=C/C(=O)Nc1cc2c(Nc3cccc(Br)c3)ncnc2cn1,1.5,8.823908740944319,2/1/2001,6/2/2005,2001,Curated from the literature by BindingDB,10.1021/jm000372i,11462982,
bindingdb_articles,7263,7263,4794,Epidermal growth factor receptor,Homo sapiens,P00533,CN(C)CCN(C(=O)C=C)c1cc2c(Nc3cccc(Br)c3)ncnc2cn1,C=CC(=O)N(CCN(C)C)c1cc2c(Nc3cccc(Br)c3)ncnc2cn1,4.2,8.3767507096021,2/1/2001,6/2/2005,2001,Curated from the literature by BindingDB,10.1021/jm000372i,11462982,
bindingdb_articles,7264,7264,4795,Epidermal growth factor receptor,Homo sapiens,P00533,Brc1cccc(Nc2ncnc3cnc(cc23)N(CCCN2CCOCC2)C(=O)C=C)c1,C=CC(=O)N(CCCN1CCOCC1)c1cc2c(Nc3cccc(Br)c3)ncnc2cn1,2.7,8.568636235841012,2/1/2001,6/2/2005,2001,Curated from the literature by BindingDB,10.1021/jm000372i,11462982,
bindingdb_articles,7265,7265,4796,Epidermal growth factor receptor,Homo sapiens,P00533,Brc1cccc(Nc2ncnc3ccc(cc23)N(CCCN2CCOCC2)C(=O)C=C)c1,C=CC(=O)N(CCCN1CCOCC1)c1ccc2ncnc(Nc3cccc(Br)c3)c2c1,3.3,8.481486060122112,2/1/2001,6/2/2005,2001,Curated from the literature by BindingDB,10.1021/jm000372i,11462982,
bindingdb_articles,7266,7266,4797,Epidermal growth factor receptor,Homo sapiens,P00533,CN(C)CCCOC(=O)\C=C\C(=O)Nc1ccc2ncnc(Nc3cccc(Br)c3)c2c1,CN(C)CCCOC(=O)/C=C/C(=O)Nc1ccc2ncnc(Nc3cccc(Br)c3)c2c1,2.4,8.619788758288394,2/1/2001,6/2/2005,2001,Curated from the literature by BindingDB,10.1021/jm000372i,11462982,
bindingdb_articles,7267,7267,4798,Epidermal growth factor receptor,Homo sapiens,P00533,CN(C)CCCNC(=O)\C=C\C(=O)Nc1ccc2ncnc(Nc3cccc(Br)c3)c2c1,CN(C)CCCNC(=O)/C=C/C(=O)Nc1ccc2ncnc(Nc3cccc(Br)c3)c2c1,0.44,9.356547323513812,2/1/2001,6/2/2005,2001,Curated from the literature by BindingDB,10.1021/jm000372i,11462982,
bindingdb_articles,7268,7268,4799,Epidermal growth factor receptor,Homo sapiens,P00533,CN(C)CCCNC(=O)\C=C\C(=O)Nc1cc2c(Nc3cccc(Br)c3)ncnc2cn1,CN(C)CCCNC(=O)/C=C/C(=O)Nc1cc2c(Nc3cccc(Br)c3)ncnc2cn1,1.1,8.958607314841775,2/1/2001,6/2/2005,2001,Curated from the literature by BindingDB,10.1021/jm000372i,11462982,
bindingdb_articles,7269,7269,4800,Epidermal growth factor receptor,Homo sapiens,P00533,CCN(CC)CCCNC(=O)\C=C\C(=O)Nc1cc2c(Nc3cccc(Br)c3)ncnc2cn1,CCN(CC)CCCNC(=O)/C=C/C(=O)Nc1cc2c(Nc3cccc(Br)c3)ncnc2cn1,0.73,9.136677139879545,2/1/2001,6/2/2005,2001,Curated from the literature by BindingDB,10.1021/jm000372i,11462982,
bindingdb_articles,7270,7270,4801,Epidermal growth factor receptor,Homo sapiens,P00533,Brc1cccc(Nc2ncnc3cnc(NC(=O)\C=C\C(=O)NCCCN4CCOCC4)cc23)c1,O=C(/C=C/C(=O)Nc1cc2c(Nc3cccc(Br)c3)ncnc2cn1)NCCCN1CCOCC1,0.81,9.09151498112135,2/1/2001,6/2/2005,2001,Curated from the literature by BindingDB,10.1021/jm000372i,11462982,
bindingdb_articles,7271,7271,4802,Epidermal growth factor receptor,Homo sapiens,P00533,Brc1cccc(Nc2ncnc3cnc(NC(=O)\C=C\C(=O)NCCCn4ccnc4)cc23)c1,O=C(/C=C/C(=O)Nc1cc2c(Nc3cccc(Br)c3)ncnc2cn1)NCCCn1ccnc1,0.56,9.2518119729938,2/1/2001,6/2/2005,2001,Curated from the literature by BindingDB,10.1021/jm000372i,11462982,
bindingdb_articles,7272,7272,4803,Epidermal growth factor receptor,Homo sapiens,P00533,CN(C)CCCNC(=O)\C=C\C(=O)N(C)c1cc2c(Nc3cccc(Br)c3)ncnc2cn1,CN(C)CCCNC(=O)/C=C/C(=O)N(C)c1cc2c(Nc3cccc(Br)c3)ncnc2cn1,1.45,8.838631997765026,2/1/2001,6/2/2005,2001,Curated from the literature by BindingDB,10.1021/jm000372i,11462982,
bindingdb_articles,7273,7273,4804,Epidermal growth factor receptor,Homo sapiens,P00533,Fc1ccc(Nc2ncnc3cnc(NC(=O)\C=C\C(=O)NCCCN4CCOCC4)cc23)cc1Cl,O=C(/C=C/C(=O)Nc1cc2c(Nc3ccc(F)c(Cl)c3)ncnc2cn1)NCCCN1CCOCC1,0.61,9.214670164989233,2/1/2001,6/2/2005,2001,Curated from the literature by BindingDB,10.1021/jm000372i,11462982,
bindingdb_articles,7274,7274,4805,Epidermal growth factor receptor,Homo sapiens,P00533,Brc1cccc(Nc2ncnc3cnc(NS(=O)(=O)C=C)cc23)c1,C=CS(=O)(=O)Nc1cc2c(Nc3cccc(Br)c3)ncnc2cn1,0.76,9.119186407719209,2/1/2001,6/2/2005,2001,Curated from the literature by BindingDB,10.1021/jm000372i,11462982,
bindingdb_articles,7275,7275,4806,Epidermal growth factor receptor,Homo sapiens,P00533,Brc1cccc(Nc2ncnc3ccc(NS(=O)(=O)C=C)cc23)c1,C=CS(=O)(=O)Nc1ccc2ncnc(Nc3cccc(Br)c3)c2c1,1.4,8.853871964321762,2/1/2001,6/2/2005,2001,Curated from the literature by BindingDB,10.1021/jm000372i,11462982,
bindingdb_articles,7276,7276,4807,Epidermal growth factor receptor,Homo sapiens,P00533,OCCS(=O)(=O)c1cc2c(Nc3cccc(Br)c3)ncnc2cn1,O=S(=O)(CCO)c1cc2c(Nc3cccc(Br)c3)ncnc2cn1,93.5,7.029188389127482,2/1/2001,6/2/2005,2001,Curated from the literature by BindingDB,10.1021/jm000372i,11462982,
bindingdb_articles,7277,7277,4808,Epidermal growth factor receptor,Homo sapiens,P00533,Brc1cccc(Nc2ncnc3cnc(cc23)S(=O)(=O)C=C)c1,C=CS(=O)(=O)c1cc2c(Nc3cccc(Br)c3)ncnc2cn1,0.43,9.366531544420413,2/1/2001,6/2/2005,2001,Curated from the literature by BindingDB,10.1021/jm000372i,11462982,
bindingdb_articles,7278,7278,4809,Epidermal growth factor receptor,Homo sapiens,P00533,Brc1cccc(Nc2ncnc3cnc(cc23)S(=O)C=C)c1,C=CS(=O)c1cc2c(Nc3cccc(Br)c3)ncnc2cn1,4.6,8.337242168318426,2/1/2001,6/2/2005,2001,Curated from the literature by BindingDB,10.1021/jm000372i,11462982,
bindingdb_articles,7324,7324,4816,Epidermal growth factor receptor,Homo sapiens,P00533,CCN(CC)CCNC(=O)c1c(C)[nH]c(\C=C2/C(=O)Nc3ccc(Br)cc23)c1C,CCN(CC)CCNC(=O)c1c(C)[nH]c(/C=C2\C(=O)Nc3ccc(Br)cc32)c1C,10000.0,5.0,3/27/2003,6/8/2005,2003,Curated from the literature by BindingDB,10.1021/jm0204183,12646019,
bindingdb_articles,50483896,50483896,3443,Epidermal growth factor receptor,Homo sapiens,P00533,COc1cc(OC)cc(c1)-c1cc2cnc(N)nc2nc1NC(=O)NC(C)(C)C,COc1cc(OC)cc(-c2cc3cnc(N)nc3nc2NC(=O)NC(C)(C)C)c1,50000.0,4.301029995663981,9/23/1997,6/9/2005,1997,ChEMBL,10.1074/jbc.M606873200,,CHEMBL299763
bindingdb_articles,50483934,50483934,3441,Epidermal growth factor receptor,Homo sapiens,P00533,"Cc1cc(C)c(C)c(c1C)-c1cc2cnc(N)nc2nc1NC(=O)NC(C)(C)C |(4.16,7.26,;4.16,5.72,;5.49,4.95,;5.49,3.41,;6.83,2.64,;4.16,2.64,;4.16,1.1,;2.83,3.41,;2.83,4.95,;1.49,5.72,;1.49,2.64,;.16,3.41,;-1.17,2.64,;-2.51,3.41,;-3.84,2.64,;-3.84,1.1,;-5.18,.33,;-2.51,.33,;-1.17,1.1,;.16,.33,;1.49,1.1,;2.83,.33,;2.83,-1.21,;1.49,-1.98,;4.16,-1.98,;4.16,-3.52,;2.67,-3.92,;5.49,-4.29,;4.16,-5.06,)|",Cc1cc(C)c(C)c(-c2cc3cnc(N)nc3nc2NC(=O)NC(C)(C)C)c1C,6680.0,5.175223537524454,9/23/1997,6/9/2005,1997,ChEMBL,10.1074/jbc.M606873200,,CHEMBL56236
bindingdb_articles,50483957,50483957,3428,Epidermal growth factor receptor,Homo sapiens,P00533,"CC(C)(C)NC(=O)Nc1nc2nc(N)ncc2cc1-c1c(Cl)cccc1Cl |(4.56,-3.94,;3.23,-3.17,;1.89,-3.94,;3.23,-4.71,;3.23,-1.63,;1.89,-.86,;.56,-1.63,;1.89,.68,;.56,1.45,;-.77,.68,;-2.11,1.45,;-3.44,.68,;-4.78,1.45,;-6.11,.68,;-4.78,2.99,;-3.44,3.76,;-2.11,2.99,;-.77,3.76,;.56,2.99,;1.89,3.76,;1.89,5.3,;.56,6.07,;3.23,6.07,;4.56,5.3,;4.56,3.76,;3.23,2.99,;3.23,1.45,)|",CC(C)(C)NC(=O)Nc1nc2nc(N)ncc2cc1-c1c(Cl)cccc1Cl,450.0,6.346787486224656,9/23/1997,6/9/2005,1997,ChEMBL,10.1074/jbc.M606873200,,CHEMBL57366
bindingdb_articles,7591,7591,4898,Epidermal growth factor receptor,Homo sapiens,P00533,Cc1[nH]c(\C=C2/C(=O)Nc3ccc(cc23)S(N)(=O)=O)c(C)c1CCC(O)=O,Cc1[nH]c(/C=C2\C(=O)Nc3ccc(S(N)(=O)=O)cc32)c(C)c1CCC(=O)O,84800.0,4.071604147743286,12/16/1999,6/29/2005,1999,Curated from the literature by BindingDB,10.1021/jm9904295,10602697,
bindingdb_articles,7690,7690,4916,Epidermal growth factor receptor,Homo sapiens,P00533,NS(=O)(=O)c1ccc2NC(=O)\C(=C/c3[nH]c4CCCCc4c3CCC(O)=O)c2c1,NS(=O)(=O)c1ccc2c(c1)/C(=C/c1[nH]c3c(c1CCC(=O)O)CCCC3)C(=O)N2,29100.0,4.536107011014093,7/13/2000,6/16/2005,2000,Curated from the literature by BindingDB,10.1021/jm9906116,10893303,
bindingdb_articles,7691,7691,4917,Epidermal growth factor receptor,Homo sapiens,P00533,OC(=O)CCc1c(\C=C2/C(=O)Nc3ccc(cc23)C(O)=O)[nH]c2CCCCc12,O=C(O)CCc1c(/C=C2\C(=O)Nc3ccc(C(=O)O)cc32)[nH]c2c1CCCC2,56500.0,4.247951552180561,7/13/2000,6/16/2005,2000,Curated from the literature by BindingDB,10.1021/jm9906116,10893303,
bindingdb_articles,7694,7694,4920,Epidermal growth factor receptor,Homo sapiens,P00533,COc1cccc(c1)-c1ccc2\C(=C\c3[nH]c4CCCCc4c3CCC(O)=O)C(=O)Nc2c1,COc1cccc(-c2ccc3c(c2)NC(=O)/C3=C\c2[nH]c3c(c2CCC(=O)O)CCCC3)c1,8880.0,5.051587034221399,7/13/2000,6/16/2005,2000,Curated from the literature by BindingDB,10.1021/jm9906116,10893303,
bindingdb_articles,8203,8203,5124,Epidermal growth factor receptor,Homo sapiens,P00533,Cc1[nH]c(\C=C2/C(=O)Nc3ncnc(Nc4ccc(F)c(Cl)c4)c23)c(C)c1CCC(O)=O,Cc1[nH]c(/C=C2\C(=O)Nc3ncnc(Nc4ccc(F)c(Cl)c4)c32)c(C)c1CCC(=O)O,180.0,6.7447274948966935,8/19/2002,7/18/2005,2002,Curated from the literature by BindingDB,10.1016/s0960-894x(02)00364-5,12127526,
bindingdb_articles,8204,8204,5125,Epidermal growth factor receptor,Homo sapiens,P00533,CCN(CC)CCNC(=O)c1c(C)[nH]c(\C=C2/C(=O)Nc3ncnc(Nc4ccc(F)c(Cl)c4)c23)c1C,CCN(CC)CCNC(=O)c1c(C)[nH]c(/C=C2\C(=O)Nc3ncnc(Nc4ccc(F)c(Cl)c4)c32)c1C,200.0,6.698970004336019,8/19/2002,7/18/2005,2002,Curated from the literature by BindingDB,10.1016/s0960-894x(02)00364-5,12127526,
bindingdb_articles,8205,8205,5126,Epidermal growth factor receptor,Homo sapiens,P00533,Cc1cc(C)c(\C=C2/C(=O)Nc3ncnc(Nc4ccc(F)c(Cl)c4)c23)[nH]1,Cc1cc(C)c(/C=C2\C(=O)Nc3ncnc(Nc4ccc(F)c(Cl)c4)c32)[nH]1,41.0,7.3872161432802645,8/19/2002,7/18/2005,2002,Curated from the literature by BindingDB,10.1016/s0960-894x(02)00364-5,12127526,
bindingdb_articles,8206,8206,5127,Epidermal growth factor receptor,Homo sapiens,P00533,Cc1cc(CCC(O)=O)[nH]c1\C=C1/C(=O)Nc2ncnc(Nc3ccc(F)c(Cl)c3)c12,Cc1cc(CCC(=O)O)[nH]c1/C=C1\C(=O)Nc2ncnc(Nc3ccc(F)c(Cl)c3)c21,4.7,8.327902142064282,8/19/2002,7/18/2005,2002,Curated from the literature by BindingDB,10.1016/s0960-894x(02)00364-5,12127526,
bindingdb_articles,8207,8207,5128,Epidermal growth factor receptor,Homo sapiens,P00533,Cc1cc([nH]c1\C=C1/C(=O)Nc2ncnc(Nc3ccc(F)c(Cl)c3)c12)C(O)=O,Cc1cc(C(=O)O)[nH]c1/C=C1\C(=O)Nc2ncnc(Nc3ccc(F)c(Cl)c3)c21,29.0,7.537602002101044,8/19/2002,7/18/2005,2002,Curated from the literature by BindingDB,10.1016/s0960-894x(02)00364-5,12127526,
bindingdb_articles,8208,8208,5129,Epidermal growth factor receptor,Homo sapiens,P00533,Fc1ccc(Nc2ncnc3NC(=O)\C(=C/c4ccc([nH]4)C(=O)NCCN4CCOCC4)c23)cc1Cl,O=C1Nc2ncnc(Nc3ccc(F)c(Cl)c3)c2/C1=C/c1ccc(C(=O)NCCN2CCOCC2)[nH]1,22.0,7.657577319177793,8/19/2002,7/18/2005,2002,Curated from the literature by BindingDB,10.1016/s0960-894x(02)00364-5,12127526,
bindingdb_articles,8209,8209,5130,Epidermal growth factor receptor,Homo sapiens,P00533,Cc1cc([nH]c1\C=C1/C(=O)Nc2ncnc(Nc3ccc(F)c(Cl)c3)c12)C(=O)NCCN1CCOCC1,Cc1cc(C(=O)NCCN2CCOCC2)[nH]c1/C=C1\C(=O)Nc2ncnc(Nc3ccc(F)c(Cl)c3)c21,6.5,8.187086643357144,8/19/2002,7/18/2005,2002,Curated from the literature by BindingDB,10.1016/s0960-894x(02)00364-5,12127526,
bindingdb_articles,8211,8211,5132,Epidermal growth factor receptor,Homo sapiens,P00533,CN1C(=O)\C(=C/c2[nH]c(cc2C)C(=O)NCCN2CCOCC2)c2c1ncnc2Nc1ccc(F)c(Cl)c1,Cc1cc(C(=O)NCCN2CCOCC2)[nH]c1/C=C1\C(=O)N(C)c2ncnc(Nc3ccc(F)c(Cl)c3)c21,5310.0,5.274905478918531,8/19/2002,7/18/2005,2002,Curated from the literature by BindingDB,10.1016/s0960-894x(02)00364-5,12127526,
bindingdb_articles,8212,8212,5133,Epidermal growth factor receptor,Homo sapiens,P00533,Cc1cc([nH]c1\C=C1/C(=O)Nc2ncnc(Nc3ccc(F)c(Cl)c3)c12)C(=O)N1CCOCC1,Cc1cc(C(=O)N2CCOCC2)[nH]c1/C=C1\C(=O)Nc2ncnc(Nc3ccc(F)c(Cl)c3)c21,170.0,6.769551078621726,8/19/2002,7/18/2005,2002,Curated from the literature by BindingDB,10.1016/s0960-894x(02)00364-5,12127526,
bindingdb_articles,8213,8213,5134,Epidermal growth factor receptor,Homo sapiens,P00533,CN1CCN(CC1)C(=O)c1cc(C)c(\C=C2/C(=O)Nc3ncnc(Nc4ccc(F)c(Cl)c4)c23)[nH]1,Cc1cc(C(=O)N2CCN(C)CC2)[nH]c1/C=C1\C(=O)Nc2ncnc(Nc3ccc(F)c(Cl)c3)c21,2.8,8.55284196865778,8/19/2002,7/18/2005,2002,Curated from the literature by BindingDB,10.1016/s0960-894x(02)00364-5,12127526,
bindingdb_articles,8214,8214,5135,Epidermal growth factor receptor,Homo sapiens,P00533,CN1CCN(CC1)C(=O)c1[nH]c(\C=C2/C(=O)Nc3ncnc(Nc4ccc(F)c(Cl)c4)c23)cc1C,Cc1cc(/C=C2\C(=O)Nc3ncnc(Nc4ccc(F)c(Cl)c4)c32)[nH]c1C(=O)N1CCN(C)CC1,210.0,6.6777807052660805,8/19/2002,7/18/2005,2002,Curated from the literature by BindingDB,10.1016/s0960-894x(02)00364-5,12127526,
bindingdb_articles,8215,8215,5136,Epidermal growth factor receptor,Homo sapiens,P00533,CN1CCN(CC1)C(=O)c1c[nH]c(\C=C2/C(=O)Nc3ncnc(Nc4ccc(F)c(Cl)c4)c23)c1C,Cc1c(C(=O)N2CCN(C)CC2)c[nH]c1/C=C1\C(=O)Nc2ncnc(Nc3ccc(F)c(Cl)c3)c21,410.0,6.3872161432802645,8/19/2002,7/18/2005,2002,Curated from the literature by BindingDB,10.1016/s0960-894x(02)00364-5,12127526,
bindingdb_articles,8216,8216,5137,Epidermal growth factor receptor,Homo sapiens,P00533,CCN1CCN(CC1)C(=O)c1cc(C)c(\C=C2/C(=O)Nc3ncnc(Nc4ccc(F)c(Cl)c4)c23)[nH]1,CCN1CCN(C(=O)c2cc(C)c(/C=C3\C(=O)Nc4ncnc(Nc5ccc(F)c(Cl)c5)c43)[nH]2)CC1,13.0,7.886056647693163,8/19/2002,7/18/2005,2002,Curated from the literature by BindingDB,10.1016/s0960-894x(02)00364-5,12127526,
bindingdb_articles,8217,8217,5138,Epidermal growth factor receptor,Homo sapiens,P00533,CCN(CC)CCNC(=O)c1cc(C)c(\C=C2/C(=O)Nc3ncnc(Nc4ccc(F)c(Cl)c4)c23)[nH]1,CCN(CC)CCNC(=O)c1cc(C)c(/C=C2\C(=O)Nc3ncnc(Nc4ccc(F)c(Cl)c4)c32)[nH]1,1.2,8.920818753952375,8/19/2002,7/18/2005,2002,Curated from the literature by BindingDB,10.1016/s0960-894x(02)00364-5,12127526,
bindingdb_articles,8218,8218,5139,Epidermal growth factor receptor,Homo sapiens,P00533,CC1CN(CC(C)N1)C(=O)c1cc(C)c(\C=C2/C(=O)Nc3ncnc(Nc4ccc(F)c(Cl)c4)c23)[nH]1,Cc1cc(C(=O)N2CC(C)NC(C)C2)[nH]c1/C=C1\C(=O)Nc2ncnc(Nc3ccc(F)c(Cl)c3)c21,5.9,8.229147988357855,8/19/2002,7/18/2005,2002,Curated from the literature by BindingDB,10.1016/s0960-894x(02)00364-5,12127526,
bindingdb_articles,8219,8219,5140,Epidermal growth factor receptor,Homo sapiens,P00533,CCN(CC)CC(O)CNC(=O)c1cc(C)c(\C=C2/C(=O)Nc3ncnc(Nc4ccc(F)c(Cl)c4)c23)[nH]1,CCN(CC)CC(O)CNC(=O)c1cc(C)c(/C=C2\C(=O)Nc3ncnc(Nc4ccc(F)c(Cl)c4)c32)[nH]1,0.45,9.346787486224656,8/19/2002,7/18/2005,2002,Curated from the literature by BindingDB,10.1016/s0960-894x(02)00364-5,12127526,
bindingdb_articles,8220,8220,5141,Epidermal growth factor receptor,Homo sapiens,P00533,Cc1cc([nH]c1\C=C1/C(=O)Nc2ncnc(Nc3cccc(c3)C#C)c12)C(=O)NCCN1CCOCC1,C#Cc1cccc(Nc2ncnc3c2/C(=C/c2[nH]c(C(=O)NCCN4CCOCC4)cc2C)C(=O)N3)c1,18.0,7.7447274948966935,8/19/2002,7/18/2005,2002,Curated from the literature by BindingDB,10.1016/s0960-894x(02)00364-5,12127526,
bindingdb_articles,8221,8221,5142,Epidermal growth factor receptor,Homo sapiens,P00533,CCN(CC)CCNC(=O)c1cc(C)c(\C=C2/C(=O)Nc3ncnc(Nc4ccc(Cl)cc4F)c23)[nH]1,CCN(CC)CCNC(=O)c1cc(C)c(/C=C2\C(=O)Nc3ncnc(Nc4ccc(Cl)cc4F)c32)[nH]1,450.0,6.346787486224656,8/19/2002,7/18/2005,2002,Curated from the literature by BindingDB,10.1016/s0960-894x(02)00364-5,12127526,
bindingdb_articles,8222,8222,5143,Epidermal growth factor receptor,Homo sapiens,P00533,Cc1cc([nH]c1\C=C1/C(=O)Nc2ncnc(Nc3ccc4CCCc4c3)c12)C(=O)N1CCOCC1,Cc1cc(C(=O)N2CCOCC2)[nH]c1/C=C1\C(=O)Nc2ncnc(Nc3ccc4c(c3)CCC4)c21,1410.0,5.85078088734462,8/19/2002,7/18/2005,2002,Curated from the literature by BindingDB,10.1016/s0960-894x(02)00364-5,12127526,
bindingdb_articles,8223,8223,5144,Epidermal growth factor receptor,Homo sapiens,P00533,Cc1cc([nH]c1\C=C1/C(=O)Nc2ncnc(Nc3ccc4n(Cc5ccccc5)ccc4c3)c12)C(=O)N1CCOCC1,Cc1cc(C(=O)N2CCOCC2)[nH]c1/C=C1\C(=O)Nc2ncnc(Nc3ccc4c(ccn4Cc4ccccc4)c3)c21,4.5,8.346787486224656,8/19/2002,7/18/2005,2002,Curated from the literature by BindingDB,10.1016/s0960-894x(02)00364-5,12127526,
bindingdb_articles,8224,8224,5145,Epidermal growth factor receptor,Homo sapiens,P00533,Cc1cc([nH]c1\C=C1/C(=O)Nc2ncnc(Nc3ccc4n(Cc5ccccc5)ncc4c3)c12)C(=O)N1CCOCC1,Cc1cc(C(=O)N2CCOCC2)[nH]c1/C=C1\C(=O)Nc2ncnc(Nc3ccc4c(cnn4Cc4ccccc4)c3)c21,1.8,8.744727494896694,8/19/2002,7/18/2005,2002,Curated from the literature by BindingDB,10.1016/s0960-894x(02)00364-5,12127526,
bindingdb_articles,8225,8225,5146,Epidermal growth factor receptor,Homo sapiens,P00533,Cc1cc([nH]c1\C=C1/C(=O)Nc2ncnc(Nc3ccc4n(Cc5ccccc5)ccc4c3)c12)C(=O)NCCN1CCOCC1,Cc1cc(C(=O)NCCN2CCOCC2)[nH]c1/C=C1\C(=O)Nc2ncnc(Nc3ccc4c(ccn4Cc4ccccc4)c3)c21,1.1,8.958607314841775,8/19/2002,7/18/2005,2002,Curated from the literature by BindingDB,10.1016/s0960-894x(02)00364-5,12127526,
bindingdb_articles,8252,8252,5148,Epidermal growth factor receptor,Homo sapiens,P00533,Oc1cc(\C=C(/C#N)C(=O)NCCCNC(=O)C(=C\c2cc(O)c(O)c(Br)c2)\C#N)cc(Br)c1O,N#C/C(=C\c1cc(O)c(O)c(Br)c1)C(=O)NCCCNC(=O)/C(C#N)=C/c1cc(O)c(O)c(Br)c1,340.0,6.468521082957745,12/6/1996,7/19/2005,1996,Curated from the literature by BindingDB,10.1021/jm960225d,8960549,
bindingdb_articles,8253,8253,5149,Epidermal growth factor receptor,Homo sapiens,P00533,Oc1ccc(\C=C(/C#N)C(=O)NCCCNC(=O)C(=C\c2ccc(O)c(O)c2)\C#N)cc1O,N#C/C(=C\c1ccc(O)c(O)c1)C(=O)NCCCNC(=O)/C(C#N)=C/c1ccc(O)c(O)c1,400.0,6.3979400086720375,12/6/1996,7/19/2005,1996,Curated from the literature by BindingDB,10.1021/jm960225d,8960549,CHEMBL67535
bindingdb_articles,8254,8254,5150,Epidermal growth factor receptor,Homo sapiens,P00533,Oc1ccc(\C=C(/C#N)C(=O)NCCNC(=O)C(=C\c2ccc(O)c(O)c2)\C#N)cc1O,N#C/C(=C\c1ccc(O)c(O)c1)C(=O)NCCNC(=O)/C(C#N)=C/c1ccc(O)c(O)c1,500.0,6.301029995663981,12/6/1996,7/19/2005,1996,Curated from the literature by BindingDB,10.1021/jm960225d,8960549,CHEMBL144908
bindingdb_articles,8255,8255,5151,Epidermal growth factor receptor,Homo sapiens,P00533,Oc1ccc(\C=C(/C#N)C(=O)NCCCCNC(=O)C(=C\c2ccc(O)c(O)c2)\C#N)cc1O,N#C/C(=C\c1ccc(O)c(O)c1)C(=O)NCCCCNC(=O)/C(C#N)=C/c1ccc(O)c(O)c1,600.0,6.221848749616356,12/6/1996,7/19/2005,1996,Curated from the literature by BindingDB,10.1021/jm960225d,8960549,CHEMBL144589
bindingdb_articles,8256,8256,5152,Epidermal growth factor receptor,Homo sapiens,P00533,Oc1cc(\C=C(/C#N)C(=O)NCCCCNC(=O)C(=C\c2cc(O)c(O)c(O)c2)\C#N)cc(O)c1O,N#C/C(=C\c1cc(O)c(O)c(O)c1)C(=O)NCCCCNC(=O)/C(C#N)=C/c1cc(O)c(O)c(O)c1,600.0,6.221848749616356,12/6/1996,7/19/2005,1996,Curated from the literature by BindingDB,10.1021/jm960225d,8960549,CHEMBL358746
bindingdb_articles,8257,8257,5153,Epidermal growth factor receptor,Homo sapiens,P00533,Oc1ccc(\C=C(/C#N)C(=O)NCCCCCNC(=O)C(=C\c2ccc(O)c(O)c2)\C#N)cc1O,N#C/C(=C\c1ccc(O)c(O)c1)C(=O)NCCCCCNC(=O)/C(C#N)=C/c1ccc(O)c(O)c1,700.0,6.154901959985743,12/6/1996,7/19/2005,1996,Curated from the literature by BindingDB,10.1021/jm960225d,8960549,CHEMBL144842
bindingdb_articles,8258,8258,5154,Epidermal growth factor receptor,Homo sapiens,P00533,Oc1ccc(\C=C(/C#N)C(=O)NCCCCCCNC(=O)C(=C\c2ccc(O)c(O)c2)\C#N)cc1O,N#C/C(=C\c1ccc(O)c(O)c1)C(=O)NCCCCCCNC(=O)/C(C#N)=C/c1ccc(O)c(O)c1,700.0,6.154901959985743,12/6/1996,7/19/2005,1996,Curated from the literature by BindingDB,10.1021/jm960225d,8960549,CHEMBL144760
bindingdb_articles,8259,8259,5155,Epidermal growth factor receptor,Homo sapiens,P00533,Oc1ccc(\C=C(/C#N)C(=O)NCCCCCCCCCCNC(=O)C(=C\c2ccc(O)c(O)c2)\C#N)cc1O,N#C/C(=C\c1ccc(O)c(O)c1)C(=O)NCCCCCCCCCCNC(=O)/C(C#N)=C/c1ccc(O)c(O)c1,1300.0,5.886056647693163,12/6/1996,7/19/2005,1996,Curated from the literature by BindingDB,10.1021/jm960225d,8960549,
bindingdb_articles,8260,8260,5156,Epidermal growth factor receptor,Homo sapiens,P00533,Oc1ccc(\C=C(/C#N)C(=O)NCc2cccc(CNC(=O)C(=C\c3ccc(O)c(O)c3)\C#N)c2)cc1O,N#C/C(=C\c1ccc(O)c(O)c1)C(=O)NCc1cccc(CNC(=O)/C(C#N)=C/c2ccc(O)c(O)c2)c1,1600.0,5.795880017344075,12/6/1996,7/19/2005,1996,Curated from the literature by BindingDB,10.1021/jm960225d,8960549,CHEMBL144159
bindingdb_articles,8261,8261,5157,Epidermal growth factor receptor,Homo sapiens,P00533,Oc1ccc(\C=C(/C#N)C(=O)NCC2CCCC(CNC(=O)C(=C\c3ccc(O)c(O)c3)\C#N)C2)cc1O,N#C/C(=C\c1ccc(O)c(O)c1)C(=O)NCC1CCCC(CNC(=O)/C(C#N)=C/c2ccc(O)c(O)c2)C1,1800.0,5.7447274948966935,12/6/1996,7/19/2005,1996,Curated from the literature by BindingDB,10.1021/jm960225d,8960549,
bindingdb_articles,8263,8263,5159,Epidermal growth factor receptor,Homo sapiens,P00533,Oc1ccc(\C=C(/C#N)C(=O)NC2CCCCC2NC(=O)C(=C\c2ccc(O)c(O)c2)\C#N)cc1O,N#C/C(=C\c1ccc(O)c(O)c1)C(=O)NC1CCCCC1NC(=O)/C(C#N)=C/c1ccc(O)c(O)c1,2100.0,5.6777807052660805,12/6/1996,7/19/2005,1996,Curated from the literature by BindingDB,10.1021/jm960225d,8960549,
bindingdb_articles,8264,8264,5160,Epidermal growth factor receptor,Homo sapiens,P00533,Oc1ccc(\C=C(/C#N)C(=O)NCCCCCCCCNC(=O)C(=C\c2ccc(O)c(O)c2)\C#N)cc1O,N#C/C(=C\c1ccc(O)c(O)c1)C(=O)NCCCCCCCCNC(=O)/C(C#N)=C/c1ccc(O)c(O)c1,2200.0,5.657577319177793,12/6/1996,7/19/2005,1996,Curated from the literature by BindingDB,10.1021/jm960225d,8960549,
bindingdb_articles,8265,8265,5161,Epidermal growth factor receptor,Homo sapiens,P00533,Oc1ccc(\C=C(/C#N)C(=O)NCCN2CCN(CC2)C(=O)C(=C\c2ccc(O)c(O)c2)\C#N)cc1O,N#C/C(=C\c1ccc(O)c(O)c1)C(=O)NCCN1CCN(C(=O)/C(C#N)=C/c2ccc(O)c(O)c2)CC1,2200.0,5.657577319177793,12/6/1996,7/19/2005,1996,Curated from the literature by BindingDB,10.1021/jm960225d,8960549,
bindingdb_articles,8266,8266,5162,Epidermal growth factor receptor,Homo sapiens,P00533,Oc1ccc(\C=C(/C#N)C(=O)N2CCN(CC2)C(=O)C(=C\c2ccc(O)c(O)c2)\C#N)cc1O,N#C/C(=C\c1ccc(O)c(O)c1)C(=O)N1CCN(C(=O)/C(C#N)=C/c2ccc(O)c(O)c2)CC1,4000.0,5.3979400086720375,12/6/1996,7/19/2005,1996,Curated from the literature by BindingDB,10.1021/jm960225d,8960549,CHEMBL358494
bindingdb_articles,8268,8268,5164,Epidermal growth factor receptor,Homo sapiens,P00533,Oc1ccc(\C=C(/C#N)S(=O)(=O)C(=C\c2ccc(O)c(O)c2)\C#N)cc1O,N#C/C(=C\c1ccc(O)c(O)c1)S(=O)(=O)/C(C#N)=C/c1ccc(O)c(O)c1,380.0,6.42021640338319,12/6/1996,7/19/2005,1996,Curated from the literature by BindingDB,10.1021/jm960225d,8960549,
bindingdb_articles,8269,8269,5165,Epidermal growth factor receptor,Homo sapiens,P00533,Oc1cc(\C=C(/C#N)S(=O)(=O)C(=C\c2cc(O)c(O)c(Br)c2)\C#N)cc(Br)c1O,N#C/C(=C\c1cc(O)c(O)c(Br)c1)S(=O)(=O)/C(C#N)=C/c1cc(O)c(O)c(Br)c1,850.0,6.070581074285707,12/6/1996,7/19/2005,1996,Curated from the literature by BindingDB,10.1021/jm960225d,8960549,
bindingdb_articles,8270,8270,5166,Epidermal growth factor receptor,Homo sapiens,P00533,COc1cc(\C=C(/C#N)S(=O)(=O)C(=C\c2cc(O)c(O)c(OC)c2)\C#N)cc(O)c1O,COc1cc(/C=C(\C#N)S(=O)(=O)/C(C#N)=C/c2cc(O)c(O)c(OC)c2)cc(O)c1O,940.0,6.026872146400301,12/6/1996,7/19/2005,1996,Curated from the literature by BindingDB,10.1021/jm960225d,8960549,
bindingdb_articles,8271,8271,4304,Epidermal growth factor receptor,Homo sapiens,P00533,Oc1ccc(\C=C(/C#N)C(=O)Nc2ccccc2)cc1O,N#C/C(=C\c1ccc(O)c(O)c1)C(=O)Nc1ccccc1,10000.0,5.0,5/24/1996,7/19/2005,1996,Curated from the literature by BindingDB,10.1021/jm950727b,8667360,CHEMBL56731
bindingdb_articles,8272,8272,4277,Epidermal growth factor receptor,Homo sapiens,P00533,N=C(C(C#N)C#N)C(=Cc1ccc2[nH]ccc2c1)C#N |w:8.8|,N#CC(=Cc1ccc2[nH]ccc2c1)C(=N)C(C#N)C#N,100000.0,4.0,5/24/1996,7/19/2005,1996,Curated from the literature by BindingDB,10.1021/jm950727b,8667360,
bindingdb_articles,8273,8273,5169,Epidermal growth factor receptor,Homo sapiens,P00533,CC(NC(=O)C(=C\c1ccc2[nH]ccc2c1)\C#N)c1ccccc1,CC(NC(=O)/C(C#N)=C/c1ccc2[nH]ccc2c1)c1ccccc1,10000.0,5.0,5/24/1996,7/19/2005,1996,Curated from the literature by BindingDB,10.1021/jm950727b,8667360,
bindingdb_articles,8274,8274,5170,Epidermal growth factor receptor,Homo sapiens,P00533,Oc1ccc(cc1O)C(=O)C(=C\c1ccc2[nH]ccc2c1)\C#N,N#C/C(=C\c1ccc2[nH]ccc2c1)C(=O)c1ccc(O)c(O)c1,10000.0,5.0,5/24/1996,7/19/2005,1996,Curated from the literature by BindingDB,10.1021/jm950727b,8667360,
bindingdb_articles,8275,8275,5171,Epidermal growth factor receptor,Homo sapiens,P00533,Oc1ccc(cc1O)C(=O)C(=C\c1c[nH]c2ccccc12)\C#N,N#C/C(=C\c1c[nH]c2ccccc12)C(=O)c1ccc(O)c(O)c1,30000.0,4.522878745280337,5/24/1996,7/19/2005,1996,Curated from the literature by BindingDB,10.1021/jm950727b,8667360,
bindingdb_articles,8277,8277,5173,Epidermal growth factor receptor,Homo sapiens,P00533,NC(=S)C(=C\c1c[nH]c2ccccc12)\C#N,N#C/C(=C\c1c[nH]c2ccccc12)C(N)=S,65000.0,4.187086643357144,5/24/1996,7/19/2005,1996,Curated from the literature by BindingDB,10.1021/jm950727b,8667360,
bindingdb_articles,8280,8280,5176,Epidermal growth factor receptor,Homo sapiens,P00533,NC(=O)C(=C\c1c[nH]c2ccccc12)\C#N,N#C/C(=C\c1c[nH]c2ccccc12)C(N)=O,65000.0,4.187086643357144,5/24/1996,7/19/2005,1996,Curated from the literature by BindingDB,10.1021/jm950727b,8667360,
bindingdb_articles,8281,8281,5177,Epidermal growth factor receptor,Homo sapiens,P00533,Nc1[nH]nc(C(=Cc2c[nH]c3ccccc23)C#N)c1C#N |w:6.6|,N#CC(=Cc1c[nH]c2ccccc12)c1n[nH]c(N)c1C#N,100000.0,4.0,5/24/1996,7/19/2005,1996,Curated from the literature by BindingDB,10.1021/jm950727b,8667360,
bindingdb_articles,8282,8282,5178,Epidermal growth factor receptor,Homo sapiens,P00533,N#C\C(=C/c1c[nH]c2ccccc12)c1nc2ccccc2s1,N#C/C(=C\c1c[nH]c2ccccc12)c1nc2ccccc2s1,100000.0,4.0,5/24/1996,7/19/2005,1996,Curated from the literature by BindingDB,10.1021/jm950727b,8667360,
bindingdb_articles,8291,8291,5187,Epidermal growth factor receptor,Homo sapiens,P00533,N#C\[#6](=[#6]\c1ccnc2ccccc12)C#N,N#CC(=[C]c1ccnc2ccccc12)C#N,10000.0,5.0,5/24/1996,7/19/2005,1996,Curated from the literature by BindingDB,10.1021/jm950727b,8667360,
bindingdb_articles,8638,8638,5439,Epidermal growth factor receptor,Homo sapiens,P00533,CS(=O)(=O)CCNCc1nc(cs1)-c1ccc2ncnc(Nc3ccc(F)c(Cl)c3)c2c1,CS(=O)(=O)CCNCc1nc(-c2ccc3ncnc(Nc4ccc(F)c(Cl)c4)c3c2)cs1,35.0,7.455931955649724,1/5/2004,8/11/2005,2004,Curated from the literature by BindingDB,10.1016/j.bmcl.2003.10.010,14684309,
bindingdb_articles,8639,8639,5440,Epidermal growth factor receptor,Homo sapiens,P00533,CS(=O)(=O)CCNCc1nc(cs1)-c1ccc2ncnc(Nc3ccc(OCc4ccccc4)cc3)c2c1,CS(=O)(=O)CCNCc1nc(-c2ccc3ncnc(Nc4ccc(OCc5ccccc5)cc4)c3c2)cs1,82.0,7.086186147616283,1/5/2004,8/11/2005,2004,Curated from the literature by BindingDB,10.1016/j.bmcl.2003.10.010,14684309,
bindingdb_articles,8640,8640,5441,Epidermal growth factor receptor,Homo sapiens,P00533,CS(=O)(=O)CCNCc1nc(cs1)-c1ccc2ncnc(Nc3ccc4n(Cc5ccccc5)ncc4c3)c2c1,CS(=O)(=O)CCNCc1nc(-c2ccc3ncnc(Nc4ccc5c(cnn5Cc5ccccc5)c4)c3c2)cs1,71.0,7.1487416512809245,1/5/2004,8/11/2005,2004,Curated from the literature by BindingDB,10.1016/j.bmcl.2003.10.010,14684309,
bindingdb_articles,8641,8641,5442,Epidermal growth factor receptor,Homo sapiens,P00533,CS(=O)(=O)CCNCc1nc(cs1)-c1ccc2ncnc(Nc3ccc(OCc4cccc(c4)C(F)(F)F)cc3)c2c1,CS(=O)(=O)CCNCc1nc(-c2ccc3ncnc(Nc4ccc(OCc5cccc(C(F)(F)F)c5)cc4)c3c2)cs1,540.0,6.267606240177031,1/5/2004,8/11/2005,2004,Curated from the literature by BindingDB,10.1016/j.bmcl.2003.10.010,14684309,
bindingdb_articles,8642,8642,5443,Epidermal growth factor receptor,Homo sapiens,P00533,CS(=O)(=O)CCNCc1nc(cs1)-c1ccc2ncnc(Nc3ccc(OCc4ccccc4)c(Cl)c3)c2c1,CS(=O)(=O)CCNCc1nc(-c2ccc3ncnc(Nc4ccc(OCc5ccccc5)c(Cl)c4)c3c2)cs1,8.0,8.096910013008056,1/5/2004,8/11/2005,2004,Curated from the literature by BindingDB,10.1016/j.bmcl.2003.10.010,14684309,
bindingdb_articles,8643,8643,5444,Epidermal growth factor receptor,Homo sapiens,P00533,CS(=O)(=O)CCNCc1nc(cs1)-c1ccc2ncnc(Nc3ccc(OCc4cccc(F)c4)c(Cl)c3)c2c1,CS(=O)(=O)CCNCc1nc(-c2ccc3ncnc(Nc4ccc(OCc5cccc(F)c5)c(Cl)c4)c3c2)cs1,10.0,8.0,1/5/2004,8/11/2005,2004,Curated from the literature by BindingDB,10.1016/j.bmcl.2003.10.010,14684309,CHEMBL453376
bindingdb_articles,8644,8644,5445,Epidermal growth factor receptor,Homo sapiens,P00533,CS(=O)(=O)CCNCc1ccc(o1)-c1ccc2ncnc(Nc3ccc(OCc4cccc(F)c4)c(Cl)c3)c2c1,CS(=O)(=O)CCNCc1ccc(-c2ccc3ncnc(Nc4ccc(OCc5cccc(F)c5)c(Cl)c4)c3c2)o1,10.0,8.0,1/5/2004,8/11/2005,2004,Curated from the literature by BindingDB,10.1016/j.bmcl.2003.10.010,14684309,CHEMBL554
bindingdb_articles,8645,8645,5446,Epidermal growth factor receptor,Homo sapiens,P00533,COCCOc1cc2c(cc1OCCOC)ncnc2Nc3cccc(c3)C#C,C#Cc1cccc(Nc2ncnc3cc(OCCOC)c(OCCOC)cc23)c1,1.0,9.0,1/5/2004,8/11/2005,2004,Curated from the literature by BindingDB,10.1016/j.bmcl.2003.10.010,14684309,CHEMBL553
bindingdb_articles,8646,8646,5447,Epidermal growth factor receptor,Homo sapiens,P00533,COc1cc2c(cc1OCCCN3CCOCC3)c(ncn2)Nc4ccc(c(c4)Cl)F,COc1cc2ncnc(Nc3ccc(F)c(Cl)c3)c2cc1OCCCN1CCOCC1,1.0,9.0,1/5/2004,8/11/2005,2004,Curated from the literature by BindingDB,10.1016/j.bmcl.2003.10.010,14684309,CHEMBL939
bindingdb_articles,8656,8656,5448,Epidermal growth factor receptor,Homo sapiens,P00533,Oc1ccc2ncnc(Nc3ccc(OCc4ccccc4)cc3)c2c1,Oc1ccc2ncnc(Nc3ccc(OCc4ccccc4)cc3)c2c1,98.0,7.008773924307505,2/24/2003,8/11/2005,2003,Curated from the literature by BindingDB,10.1016/s0960-894x(02)01047-8,12639547,
bindingdb_articles,8657,8657,5449,Epidermal growth factor receptor,Homo sapiens,P00533,CS(=O)(=O)CCN(CCCCOc1ccc2ncnc(Nc3ccc(OCc4ccccc4)cc3)c2c1)C(=O)C(F)(F)F,CS(=O)(=O)CCN(CCCCOc1ccc2ncnc(Nc3ccc(OCc4ccccc4)cc3)c2c1)C(=O)C(F)(F)F,263.0,6.580044251510242,2/24/2003,8/11/2005,2003,Curated from the literature by BindingDB,10.1016/s0960-894x(02)01047-8,12639547,
bindingdb_articles,8658,8658,5450,Epidermal growth factor receptor,Homo sapiens,P00533,CS(=O)(=O)CCNCCCCOc1ccc2ncnc(Nc3ccc(OCc4ccccc4)cc3)c2c1,CS(=O)(=O)CCNCCCCOc1ccc2ncnc(Nc3ccc(OCc4ccccc4)cc3)c2c1,74.0,7.130768280269024,2/24/2003,8/11/2005,2003,Curated from the literature by BindingDB,10.1016/s0960-894x(02)01047-8,12639547,
bindingdb_articles,8659,8659,5451,Epidermal growth factor receptor,Homo sapiens,P00533,COc1ccc2ncnc(Nc3ccc(OCc4ccccc4)cc3)c2c1,COc1ccc2ncnc(Nc3ccc(OCc4ccccc4)cc3)c2c1,68.0,7.167491087293763,2/24/2003,8/11/2005,2003,Curated from the literature by BindingDB,10.1016/s0960-894x(02)01047-8,12639547,
bindingdb_articles,8660,8660,5452,Epidermal growth factor receptor,Homo sapiens,P00533,C=CCOc1ccc2ncnc(Nc3ccc(OCc4ccccc4)cc3)c2c1,C=CCOc1ccc2ncnc(Nc3ccc(OCc4ccccc4)cc3)c2c1,79.0,7.102372908709558,2/24/2003,8/11/2005,2003,Curated from the literature by BindingDB,10.1016/s0960-894x(02)01047-8,12639547,
bindingdb_articles,8661,8661,5453,Epidermal growth factor receptor,Homo sapiens,P00533,CS(=O)(=O)CCNCCCOc1ccc2ncnc(Nc3ccc(OCc4ccccc4)cc3)c2c1,CS(=O)(=O)CCNCCCOc1ccc2ncnc(Nc3ccc(OCc4ccccc4)cc3)c2c1,104.0,6.982966660701219,2/24/2003,8/11/2005,2003,Curated from the literature by BindingDB,10.1016/s0960-894x(02)01047-8,12639547,
bindingdb_articles,8662,8662,5454,Epidermal growth factor receptor,Homo sapiens,P00533,CN(CCCOc1ccc2ncnc(Nc3ccc(OCc4ccccc4)cc3)c2c1)CCS(C)(=O)=O,CN(CCCOc1ccc2ncnc(Nc3ccc(OCc4ccccc4)cc3)c2c1)CCS(C)(=O)=O,830.0,6.080921907623926,2/24/2003,8/11/2005,2003,Curated from the literature by BindingDB,10.1016/s0960-894x(02)01047-8,12639547,
bindingdb_articles,8663,8663,5455,Epidermal growth factor receptor,Homo sapiens,P00533,FC(F)(F)C(=O)NCCCCOc1ccc2ncnc(Nc3ccc(OCc4ccccc4)cc3)c2c1,O=C(NCCCCOc1ccc2ncnc(Nc3ccc(OCc4ccccc4)cc3)c2c1)C(F)(F)F,74.0,7.130768280269024,2/24/2003,8/11/2005,2003,Curated from the literature by BindingDB,10.1016/s0960-894x(02)01047-8,12639547,
bindingdb_articles,8664,8664,5456,Epidermal growth factor receptor,Homo sapiens,P00533,CS(=O)(=O)CCNCCCCOc1ccc2ncnc(Nc3cccc(c3)C#C)c2c1,C#Cc1cccc(Nc2ncnc3ccc(OCCCCNCCS(C)(=O)=O)cc23)c1,11.0,7.958607314841775,2/24/2003,8/11/2005,2003,Curated from the literature by BindingDB,10.1016/s0960-894x(02)01047-8,12639547,
bindingdb_articles,8665,8665,5457,Epidermal growth factor receptor,Homo sapiens,P00533,CS(=O)(=O)CCNCCCCOc1ccc2ncnc(Nc3ccc(F)c(Cl)c3)c2c1,CS(=O)(=O)CCNCCCCOc1ccc2ncnc(Nc3ccc(F)c(Cl)c3)c2c1,20.0,7.698970004336019,2/24/2003,8/11/2005,2003,Curated from the literature by BindingDB,10.1016/s0960-894x(02)01047-8,12639547,
bindingdb_articles,8666,8666,5458,Epidermal growth factor receptor,Homo sapiens,P00533,CS(=O)(=O)CCNCCCCOc1ccc2ncnc(Nc3ccc(cc3)S(=O)(=O)c3ccccc3)c2c1,CS(=O)(=O)CCNCCCCOc1ccc2ncnc(Nc3ccc(S(=O)(=O)c4ccccc4)cc3)c2c1,93.0,7.031517051446065,2/24/2003,8/11/2005,2003,Curated from the literature by BindingDB,10.1016/s0960-894x(02)01047-8,12639547,
bindingdb_articles,8667,8667,5459,Epidermal growth factor receptor,Homo sapiens,P00533,CS(=O)(=O)CCNCCCCOc1ccc2ncnc(Nc3ccc(OCc4cccc(F)c4)c(Cl)c3)c2c1,CS(=O)(=O)CCNCCCCOc1ccc2ncnc(Nc3ccc(OCc4cccc(F)c4)c(Cl)c3)c2c1,27.0,7.568636235841012,2/24/2003,8/11/2005,2003,Curated from the literature by BindingDB,10.1016/s0960-894x(02)01047-8,12639547,
bindingdb_articles,8668,8668,5460,Epidermal growth factor receptor,Homo sapiens,P00533,CS(=O)(=O)CCNCCCCOc1ccc2ncnc(Nc3ccc4n(Cc5cccc(F)c5)ncc4c3)c2c1,CS(=O)(=O)CCNCCCCOc1ccc2ncnc(Nc3ccc4c(cnn4Cc4cccc(F)c4)c3)c2c1,24.0,7.619788758288394,2/24/2003,8/11/2005,2003,Curated from the literature by BindingDB,10.1016/s0960-894x(02)01047-8,12639547,
bindingdb_articles,10626,10626,6416,Epidermal growth factor receptor,Homo sapiens,P00533,OCCCNc1cncc(c1)-c1cncc(Nc2cccc(Cl)c2)n1,OCCCNc1cncc(-c2cncc(Nc3cccc(Cl)c3)n2)c1,1360.0,5.866461091629782,7/28/2005,11/7/2005,2005,Curated from the literature by BindingDB,10.1021/jm058205b,16033269,
bindingdb_articles,10627,10627,6417,Epidermal growth factor receptor,Homo sapiens,P00533,OCCCCNc1cncc(c1)-c1cncc(Nc2cccc(Cl)c2)n1,OCCCCNc1cncc(-c2cncc(Nc3cccc(Cl)c3)n2)c1,7400.0,5.130768280269024,7/28/2005,11/7/2005,2005,Curated from the literature by BindingDB,10.1021/jm058205b,16033269,
bindingdb_articles,10602,10602,6416,Epidermal growth factor receptor,Homo sapiens,P00533,OCCCNc1cncc(c1)-c1cncc(Nc2cccc(Cl)c2)n1,OCCCNc1cncc(-c2cncc(Nc3cccc(Cl)c3)n2)c1,1360.0,5.866461091629782,3/24/2005,11/5/2005,2005,Curated from the literature by BindingDB,10.1021/jm040099a,15771433,
bindingdb_articles,10782,10782,3085,Epidermal growth factor receptor,Homo sapiens,P00533,CN1c2c(cnc(n2)Nc3cccc(c3)CO)C=C(C1=O)c4c(cccc4Cl)Cl,Cn1c(=O)c(-c2c(Cl)cccc2Cl)cc2cnc(Nc3cccc(CO)c3)nc21,82.0,7.086186147616283,10/1/2000,11/16/2005,2000,Curated from the literature by BindingDB,10.1016/s0006-2952(00)00405-6,10974196,
bindingdb_articles,10783,10783,6569,Epidermal growth factor receptor,Homo sapiens,P00533,"Cn1c2nc(Nc3ccc(F)cc3)ncc2cc(-c2c(Cl)cccc2Cl)c1=O |(-.18,-.45,;-.18,1.09,;-1.51,1.86,;-2.84,1.08,;-4.18,1.85,;-5.51,1.08,;-6.84,1.86,;-6.84,3.4,;-8.18,4.17,;-9.51,3.4,;-10.84,4.17,;-9.51,1.86,;-8.18,1.08,;-4.18,3.39,;-2.84,4.16,;-1.51,3.4,;-.18,4.17,;1.16,3.4,;2.49,4.17,;2.49,5.71,;1.16,6.48,;3.83,6.48,;5.16,5.71,;5.16,4.17,;3.83,3.39,;3.83,1.85,;1.16,1.86,;2.49,1.09,)|",Cn1c(=O)c(-c2c(Cl)cccc2Cl)cc2cnc(Nc3ccc(F)cc3)nc21,380.0,6.42021640338319,10/1/2000,11/16/2005,2000,Curated from the literature by BindingDB,10.1016/s0006-2952(00)00405-6,10974196,
bindingdb_articles,10784,10784,6572,Epidermal growth factor receptor,Homo sapiens,P00533,Cc1cc(ccc1F)Nc2ncc3c(n2)N(C(=O)C(=C3)c4c(cccc4Cl)Cl)C,Cc1cc(Nc2ncc3cc(-c4c(Cl)cccc4Cl)c(=O)n(C)c3n2)ccc1F,390.0,6.4089353929735005,10/1/2000,11/16/2005,2000,Curated from the literature by BindingDB,10.1016/s0006-2952(00)00405-6,10974196,
bindingdb_articles,11536,11536,6867,Epidermal growth factor receptor,Homo sapiens,P00533,Cc1ccc(F)c(C(=O)n2nc(Nc3ccc(cc3)S(N)(=O)=O)nc2N)c1F,Cc1ccc(F)c(C(=O)n2nc(Nc3ccc(S(N)(=O)=O)cc3)nc2N)c1F,45800.0,4.33913452199613,6/30/2005,12/22/2005,2005,Curated from the literature by BindingDB,10.1021/jm050267e,15974571,
bindingdb_articles,11537,11537,6870,Epidermal growth factor receptor,Homo sapiens,P00533,Cc1ccsc1C(=O)n1nc(Nc2ccc(cc2)S(N)(=O)=O)nc1N,Cc1ccsc1C(=O)n1nc(Nc2ccc(S(N)(=O)=O)cc2)nc1N,8400.0,5.075720713938118,6/30/2005,12/22/2005,2005,Curated from the literature by BindingDB,10.1021/jm050267e,15974571,
bindingdb_articles,39758,39758,21896,Epidermal growth factor receptor,Homo sapiens,P00533,Fc1ccc(Nc2c(cnc3ccc(NCc4cnc[nH]4)cc23)C#N)cc1Cl,N#Cc1cnc2ccc(NCc3cnc[nH]3)cc2c1Nc1ccc(F)c(Cl)c1,30.0,7.522878745280337,9/20/2007,4/30/2008,2007,Curated from the literature by BindingDB,10.1021/jm070436q,17715908,CHEMBL220037
bindingdb_articles,39759,39759,21897,Epidermal growth factor receptor,Homo sapiens,P00533,Fc1ccc(Nc2c(cnc3c(F)cc(NCc4cnc[nH]4)cc23)C#N)cc1Cl,N#Cc1cnc2c(F)cc(NCc3cnc[nH]3)cc2c1Nc1ccc(F)c(Cl)c1,500.0,6.301029995663981,9/20/2007,4/30/2008,2007,Curated from the literature by BindingDB,10.1021/jm070436q,17715908,
bindingdb_articles,39760,39760,21898,Epidermal growth factor receptor,Homo sapiens,P00533,Fc1ccc(Nc2c(cnc3c(Cl)cc(NCc4cnc[nH]4)cc23)C#N)cc1Cl,N#Cc1cnc2c(Cl)cc(NCc3cnc[nH]3)cc2c1Nc1ccc(F)c(Cl)c1,1800.0,5.7447274948966935,9/20/2007,4/30/2008,2007,Curated from the literature by BindingDB,10.1021/jm070436q,17715908,CHEMBL436817
bindingdb_articles,39761,39761,21899,Epidermal growth factor receptor,Homo sapiens,P00533,Fc1ccc(Nc2c(cnc3c(Br)cc(NCc4cnc[nH]4)cc23)C#N)cc1Cl,N#Cc1cnc2c(Br)cc(NCc3cnc[nH]3)cc2c1Nc1ccc(F)c(Cl)c1,3300.0,5.481486060122112,9/20/2007,4/30/2008,2007,Curated from the literature by BindingDB,10.1021/jm070436q,17715908,
bindingdb_articles,39763,39763,21902,Epidermal growth factor receptor,Homo sapiens,P00533,COc1cc(NCc2cnc[nH]2)cc2c(Nc3ccc(F)c(Cl)c3)c(cnc12)C#N,COc1cc(NCc2cnc[nH]2)cc2c(Nc3ccc(F)c(Cl)c3)c(C#N)cnc12,2080.0,5.681936665037238,9/20/2007,4/30/2008,2007,Curated from the literature by BindingDB,10.1021/jm070436q,17715908,
bindingdb_articles,39764,39764,21903,Epidermal growth factor receptor,Homo sapiens,P00533,CS(=O)c1cc(NCc2cnc[nH]2)cc2c(Nc3ccc(F)c(Cl)c3)c(cnc12)C#N,CS(=O)c1cc(NCc2cnc[nH]2)cc2c(Nc3ccc(F)c(Cl)c3)c(C#N)cnc12,5000.0,5.301029995663981,9/20/2007,4/30/2008,2007,Curated from the literature by BindingDB,10.1021/jm070436q,17715908,
bindingdb_articles,39766,39766,21906,Epidermal growth factor receptor,Homo sapiens,P00533,CC(=O)c1cc(NCc2cnc[nH]2)cc2c(Nc3ccc(F)c(Cl)c3)c(cnc12)C#N,CC(=O)c1cc(NCc2cnc[nH]2)cc2c(Nc3ccc(F)c(Cl)c3)c(C#N)cnc12,156.0,6.806875401645538,9/20/2007,4/30/2008,2007,Curated from the literature by BindingDB,10.1021/jm070436q,17715908,
bindingdb_articles,39768,39768,21920,Epidermal growth factor receptor,Homo sapiens,P00533,[O-][n+]1ccccc1CNc1cc(Cl)c2ncc(C#N)c(Nc3ccc(F)c(Cl)c3)c2c1,N#Cc1cnc2c(Cl)cc(NCc3cccc[n+]3[O-])cc2c1Nc1ccc(F)c(Cl)c1,2900.0,5.537602002101044,9/20/2007,4/30/2008,2007,Curated from the literature by BindingDB,10.1021/jm070436q,17715908,
bindingdb_articles,51091,51091,27961,"Epidermal growth factor receptor [671-1210,L858R]",Homo sapiens,P00533,"Nc1ncnc2n(nc(-c3ccc4nc(Cc5ccccc5)[nH]c4c3)c12)[C@H]1CC[C@@H](CC1)N1CCOCC1 |r,wU:29.37,wD:26.30,(-3.15,6.99,;-3.15,5.45,;-4.48,4.68,;-4.48,3.14,;-3.15,2.37,;-1.82,3.14,;-.35,2.66,;.55,3.91,;-.35,5.15,;.12,6.62,;-.85,7.81,;-.31,9.25,;1.21,9.5,;2.04,10.8,;3.53,10.41,;4.72,11.39,;6.16,10.84,;6.16,9.3,;7.49,8.53,;8.83,9.3,;8.83,10.84,;7.49,11.61,;3.62,8.87,;2.19,8.31,;1.64,6.87,;-1.82,4.68,;.42,1.33,;-.41,.03,;.29,-1.34,;1.83,-1.41,;2.66,-.11,;1.96,1.26,;2.6,-2.74,;1.94,-4.13,;2.81,-5.4,;4.35,-5.28,;5.01,-3.89,;4.14,-2.62,)|",Nc1ncnc2c1c(-c1ccc3nc(Cc4ccccc4)[nH]c3c1)nn2[C@H]1CC[C@H](N2CCOCC2)CC1,270.0,6.568636235841012,3/15/2009,4/5/2009,2009,Curated from the literature by BindingDB,10.1016/j.bmcl.2009.01.086,19217287,CHEMBL249496
bindingdb_articles,51092,51092,27962,"Epidermal growth factor receptor [671-1210,L858R]",Homo sapiens,P00533,"Nc1ncnc2n(nc(-c3ccc4nc(Cc5cccs5)[nH]c4c3)c12)[C@H]1CC[C@@H](CC1)N1CCOCC1 |r,wU:28.36,wD:25.29,(-3.15,6.99,;-3.15,5.45,;-4.48,4.68,;-4.48,3.14,;-3.15,2.37,;-1.82,3.14,;-.35,2.66,;.55,3.91,;-.35,5.15,;.12,6.62,;-.85,7.81,;-.31,9.25,;1.21,9.5,;2.04,10.8,;3.53,10.41,;4.72,11.39,;6.16,10.84,;7.59,11.42,;8.58,10.23,;7.76,8.93,;6.26,9.31,;3.62,8.87,;2.19,8.31,;1.64,6.87,;-1.82,4.68,;.42,1.33,;-.41,.03,;.29,-1.34,;1.83,-1.41,;2.66,-.11,;1.96,1.26,;2.6,-2.74,;1.94,-4.13,;2.81,-5.4,;4.35,-5.28,;5.01,-3.89,;4.14,-2.62,)|",Nc1ncnc2c1c(-c1ccc3nc(Cc4cccs4)[nH]c3c1)nn2[C@H]1CC[C@H](N2CCOCC2)CC1,361.0,6.442492798094342,3/15/2009,4/5/2009,2009,Curated from the literature by BindingDB,10.1016/j.bmcl.2009.01.086,19217287,CHEMBL248877
bindingdb_articles,51093,51093,27963,"Epidermal growth factor receptor [671-1210,L858R]",Homo sapiens,P00533,"Nc1ncnc2n(nc(-c3ccc4nc(Cc5ccccc5Cl)[nH]c4c3)c12)[C@H]1CC[C@@H](CC1)N1CCOCC1 |r,wU:30.38,wD:27.31,(-3.15,6.99,;-3.15,5.45,;-4.48,4.68,;-4.48,3.14,;-3.15,2.37,;-1.82,3.14,;-.35,2.66,;.55,3.91,;-.35,5.15,;.12,6.62,;-.85,7.81,;-.31,9.25,;1.21,9.5,;2.04,10.8,;3.53,10.41,;4.72,11.39,;6.16,10.84,;6.16,9.3,;7.49,8.53,;8.83,9.3,;8.83,10.84,;7.49,11.61,;7.49,13.15,;3.62,8.87,;2.19,8.31,;1.64,6.87,;-1.82,4.68,;.42,1.33,;-.41,.03,;.29,-1.34,;1.83,-1.41,;2.66,-.11,;1.96,1.26,;2.6,-2.74,;1.94,-4.13,;2.81,-5.4,;4.35,-5.28,;5.01,-3.89,;4.14,-2.62,)|",Nc1ncnc2c1c(-c1ccc3nc(Cc4ccccc4Cl)[nH]c3c1)nn2[C@H]1CC[C@H](N2CCOCC2)CC1,65.0,7.187086643357144,3/15/2009,4/5/2009,2009,Curated from the literature by BindingDB,10.1016/j.bmcl.2009.01.086,19217287,CHEMBL251732
bindingdb_articles,51094,51094,27964,"Epidermal growth factor receptor [671-1210,L858R]",Homo sapiens,P00533,"COc1ccccc1Cc1nc2ccc(cc2[nH]1)-c1nn([C@H]2CC[C@@H](CC2)N2CCOCC2)c2ncnc(N)c12 |r,wU:24.30,wD:21.23,(8.83,13.92,;7.49,13.15,;7.49,11.61,;8.83,10.84,;8.83,9.3,;7.49,8.53,;6.16,9.3,;6.16,10.84,;4.72,11.39,;3.53,10.41,;2.04,10.8,;1.21,9.5,;-.31,9.25,;-.85,7.81,;.12,6.62,;1.64,6.87,;2.19,8.31,;3.62,8.87,;-.35,5.15,;.55,3.91,;-.35,2.66,;.42,1.33,;-.41,.03,;.29,-1.34,;1.83,-1.41,;2.66,-.11,;1.96,1.26,;2.6,-2.74,;1.94,-4.13,;2.81,-5.4,;4.35,-5.28,;5.01,-3.89,;4.14,-2.62,;-1.82,3.14,;-3.15,2.37,;-4.48,3.14,;-4.48,4.68,;-3.15,5.45,;-3.15,6.99,;-1.82,4.68,)|",COc1ccccc1Cc1nc2ccc(-c3nn([C@H]4CC[C@H](N5CCOCC5)CC4)c4ncnc(N)c34)cc2[nH]1,58.0,7.236572006437063,3/15/2009,4/5/2009,2009,Curated from the literature by BindingDB,10.1016/j.bmcl.2009.01.086,19217287,CHEMBL437584
bindingdb_articles,51095,51095,27965,"Epidermal growth factor receptor [671-1210,L858R]",Homo sapiens,P00533,"COc1ccccc1Cc1nc2ccc(cc2[nH]1)-c1nn([C@H]2CC[C@@H](CC2)N2CCNCC2)c2ncnc(N)c12 |r,wU:24.30,wD:21.23,(8.83,13.92,;7.49,13.15,;7.49,11.61,;8.83,10.84,;8.83,9.3,;7.49,8.53,;6.16,9.3,;6.16,10.84,;4.72,11.39,;3.53,10.41,;2.04,10.8,;1.21,9.5,;-.31,9.25,;-.85,7.81,;.12,6.62,;1.64,6.87,;2.19,8.31,;3.62,8.87,;-.35,5.15,;.55,3.91,;-.35,2.66,;.42,1.33,;-.41,.03,;.29,-1.34,;1.83,-1.41,;2.66,-.11,;1.96,1.26,;2.6,-2.74,;1.94,-4.13,;2.81,-5.4,;4.35,-5.28,;5.01,-3.89,;4.14,-2.62,;-1.82,3.14,;-3.15,2.37,;-4.48,3.14,;-4.48,4.68,;-3.15,5.45,;-3.15,6.99,;-1.82,4.68,)|",COc1ccccc1Cc1nc2ccc(-c3nn([C@H]4CC[C@H](N5CCNCC5)CC4)c4ncnc(N)c34)cc2[nH]1,30.0,7.522878745280337,3/15/2009,4/5/2009,2009,Curated from the literature by BindingDB,10.1016/j.bmcl.2009.01.086,19217287,
bindingdb_articles,51096,51096,27966,"Epidermal growth factor receptor [671-1210,L858R]",Homo sapiens,P00533,"COc1ccccc1Cc1nc2ccc(cc2[nH]1)-c1nn([C@H]2CC[C@@H](CC2)N2CCN(CC2)C(C)=O)c2ncnc(N)c12 |r,wU:24.30,wD:21.23,(8.83,13.92,;7.49,13.15,;7.49,11.61,;8.83,10.84,;8.83,9.3,;7.49,8.53,;6.16,9.3,;6.16,10.84,;4.72,11.39,;3.53,10.41,;2.04,10.8,;1.21,9.5,;-.31,9.25,;-.85,7.81,;.12,6.62,;1.64,6.87,;2.19,8.31,;3.62,8.87,;-.35,5.15,;.55,3.91,;-.35,2.66,;.42,1.33,;-.41,.03,;.29,-1.34,;1.83,-1.41,;2.66,-.11,;1.96,1.26,;2.6,-2.74,;1.94,-4.13,;2.81,-5.4,;4.35,-5.28,;5.01,-3.89,;4.14,-2.62,;5.22,-6.55,;4.55,-7.94,;6.75,-6.43,;-1.82,3.14,;-3.15,2.37,;-4.48,3.14,;-4.48,4.68,;-3.15,5.45,;-3.15,6.99,;-1.82,4.68,)|",COc1ccccc1Cc1nc2ccc(-c3nn([C@H]4CC[C@H](N5CCN(C(C)=O)CC5)CC4)c4ncnc(N)c34)cc2[nH]1,130.0,6.886056647693163,3/15/2009,4/5/2009,2009,Curated from the literature by BindingDB,10.1016/j.bmcl.2009.01.086,19217287,
bindingdb_articles,51097,51097,27967,"Epidermal growth factor receptor [671-1210,L858R]",Homo sapiens,P00533,"CCOC(=O)N1CCN(CC1)[C@H]1CC[C@@H](CC1)n1nc(-c2ccc3nc(Cc4ccccc4OC)[nH]c3c2)c2c(N)ncnc12 |r,wU:11.11,wD:14.18,(3.22,-10.25,;4.55,-9.48,;4.55,-7.94,;5.22,-6.55,;6.75,-6.43,;4.35,-5.28,;2.81,-5.4,;1.94,-4.13,;2.6,-2.74,;4.14,-2.62,;5.01,-3.89,;1.83,-1.41,;.29,-1.34,;-.41,.03,;.42,1.33,;1.96,1.26,;2.66,-.11,;-.35,2.66,;.55,3.91,;-.35,5.15,;.12,6.62,;-.85,7.81,;-.31,9.25,;1.21,9.5,;2.04,10.8,;3.53,10.41,;4.72,11.39,;6.16,10.84,;6.16,9.3,;7.49,8.53,;8.83,9.3,;8.83,10.84,;7.49,11.61,;7.49,13.15,;8.83,13.92,;3.62,8.87,;2.19,8.31,;1.64,6.87,;-1.82,4.68,;-3.15,5.45,;-3.15,6.99,;-4.48,4.68,;-4.48,3.14,;-3.15,2.37,;-1.82,3.14,)|",CCOC(=O)N1CCN([C@H]2CC[C@H](n3nc(-c4ccc5nc(Cc6ccccc6OC)[nH]c5c4)c4c(N)ncnc43)CC2)CC1,30.0,7.522878745280337,3/15/2009,4/5/2009,2009,Curated from the literature by BindingDB,10.1016/j.bmcl.2009.01.086,19217287,
bindingdb_articles,51098,51098,27968,"Epidermal growth factor receptor [671-1210,L858R]",Homo sapiens,P00533,"COc1ccccc1Cc1nc2ccc(cc2[nH]1)-c1nn([C@H]2CC[C@@H](CC2)N2CCN(CC2)C(=O)N(C)C)c2ncnc(N)c12 |r,wU:24.30,wD:21.23,(8.83,13.92,;7.49,13.15,;7.49,11.61,;8.83,10.84,;8.83,9.3,;7.49,8.53,;6.16,9.3,;6.16,10.84,;4.72,11.39,;3.53,10.41,;2.04,10.8,;1.21,9.5,;-.31,9.25,;-.85,7.81,;.12,6.62,;1.64,6.87,;2.19,8.31,;3.62,8.87,;-.35,5.15,;.55,3.91,;-.35,2.66,;.42,1.33,;-.41,.03,;.29,-1.34,;1.83,-1.41,;2.66,-.11,;1.96,1.26,;2.6,-2.74,;1.94,-4.13,;2.81,-5.4,;4.35,-5.28,;5.01,-3.89,;4.14,-2.62,;5.22,-6.55,;6.75,-6.43,;4.55,-7.94,;4.55,-9.48,;3.05,-7.6,;-1.82,3.14,;-3.15,2.37,;-4.48,3.14,;-4.48,4.68,;-3.15,5.45,;-3.15,6.99,;-1.82,4.68,)|",COc1ccccc1Cc1nc2ccc(-c3nn([C@H]4CC[C@H](N5CCN(C(=O)N(C)C)CC5)CC4)c4ncnc(N)c34)cc2[nH]1,25.0,7.6020599913279625,3/15/2009,4/5/2009,2009,Curated from the literature by BindingDB,10.1016/j.bmcl.2009.01.086,19217287,
bindingdb_articles,51099,51099,27969,"Epidermal growth factor receptor [671-1210,L858R]",Homo sapiens,P00533,"COCCCN1CCN(CC1)[C@H]1CC[C@@H](CC1)n1nc(-c2ccc3nc(Cc4ccccc4OC)[nH]c3c2)c2c(N)ncnc12 |r,wU:11.11,wD:14.18,(10.03,-8.85,;9.16,-7.58,;7.62,-7.7,;6.75,-6.43,;5.22,-6.55,;4.35,-5.28,;2.81,-5.4,;1.94,-4.13,;2.6,-2.74,;4.14,-2.62,;5.01,-3.89,;1.83,-1.41,;.29,-1.34,;-.41,.03,;.42,1.33,;1.96,1.26,;2.66,-.11,;-.35,2.66,;.55,3.91,;-.35,5.15,;.12,6.62,;-.85,7.81,;-.31,9.25,;1.21,9.5,;2.04,10.8,;3.53,10.41,;4.72,11.39,;6.16,10.84,;6.16,9.3,;7.49,8.53,;8.83,9.3,;8.83,10.84,;7.49,11.61,;7.49,13.15,;8.83,13.92,;3.62,8.87,;2.19,8.31,;1.64,6.87,;-1.82,4.68,;-3.15,5.45,;-3.15,6.99,;-4.48,4.68,;-4.48,3.14,;-3.15,2.37,;-1.82,3.14,)|",COCCCN1CCN([C@H]2CC[C@H](n3nc(-c4ccc5nc(Cc6ccccc6OC)[nH]c5c4)c4c(N)ncnc43)CC2)CC1,58.0,7.236572006437063,3/15/2009,4/5/2009,2009,Curated from the literature by BindingDB,10.1016/j.bmcl.2009.01.086,19217287,
bindingdb_articles,51100,51100,27970,"Epidermal growth factor receptor [671-1210,L858R]",Homo sapiens,P00533,"COc1ccccc1Cc1nc2ccc(cc2[nH]1)-c1nn([C@H]2CC[C@@H](CC2)N2CCN(CC3CC3)CC2)c2ncnc(N)c12 |r,wU:24.30,wD:21.23,(8.83,13.92,;7.49,13.15,;7.49,11.61,;8.83,10.84,;8.83,9.3,;7.49,8.53,;6.16,9.3,;6.16,10.84,;4.72,11.39,;3.53,10.41,;2.04,10.8,;1.21,9.5,;-.31,9.25,;-.85,7.81,;.12,6.62,;1.64,6.87,;2.19,8.31,;3.62,8.87,;-.35,5.15,;.55,3.91,;-.35,2.66,;.42,1.33,;-.41,.03,;.29,-1.34,;1.83,-1.41,;2.66,-.11,;1.96,1.26,;2.6,-2.74,;1.94,-4.13,;2.81,-5.4,;4.35,-5.28,;5.22,-6.55,;6.75,-6.43,;8.01,-5.54,;8.15,-7.08,;5.01,-3.89,;4.14,-2.62,;-1.82,3.14,;-3.15,2.37,;-4.48,3.14,;-4.48,4.68,;-3.15,5.45,;-3.15,6.99,;-1.82,4.68,)|",COc1ccccc1Cc1nc2ccc(-c3nn([C@H]4CC[C@H](N5CCN(CC6CC6)CC5)CC4)c4ncnc(N)c34)cc2[nH]1,3.0,8.522878745280337,3/15/2009,4/5/2009,2009,Curated from the literature by BindingDB,10.1016/j.bmcl.2009.01.086,19217287,
bindingdb_articles,51111,51111,27971,Epidermal growth factor receptor,Homo sapiens,P00533,Fc1cccc(COc2ccc(Nc3ncnc4cc(sc34)C#C)cc2Cl)c1,C#Cc1cc2ncnc(Nc3ccc(OCc4cccc(F)c4)c(Cl)c3)c2s1,24.0,7.619788758288394,2/26/2008,4/5/2009,2008,Curated from the literature by BindingDB,10.1073/pnas.0708281105,18287036,
bindingdb_articles,51112,51112,27972,Epidermal growth factor receptor,Homo sapiens,P00533,C[C@H](N)C#Cc1cc2ncnc(Nc3ccc(OCc4cccc(F)c4)c(Cl)c3)c2s1 |r|,C[C@H](N)C#Cc1cc2ncnc(Nc3ccc(OCc4cccc(F)c4)c(Cl)c3)c2s1,64.0,7.1938200260161125,2/26/2008,4/5/2009,2008,Curated from the literature by BindingDB,10.1073/pnas.0708281105,18287036,
bindingdb_articles,51113,51113,27973,Epidermal growth factor receptor,Homo sapiens,P00533,Fc1cccc(COc2ccc(Nc3ncnc4cc(sc34)C#C[C@H]3CCCN3)cc2Cl)c1 |r|,Fc1cccc(COc2ccc(Nc3ncnc4cc(C#C[C@H]5CCCN5)sc34)cc2Cl)c1,7.0,8.154901959985743,2/26/2008,4/5/2009,2008,Curated from the literature by BindingDB,10.1073/pnas.0708281105,18287036,
bindingdb_articles,51114,51114,27974,Epidermal growth factor receptor,Homo sapiens,P00533,Nc1cnc(cn1)C#Cc1cc2ncnc(Nc3ccc(OCc4cccc(F)c4)c(Cl)c3)c2s1,Nc1cnc(C#Cc2cc3ncnc(Nc4ccc(OCc5cccc(F)c5)c(Cl)c4)c3s2)cn1,47.0,7.327902142064282,2/26/2008,4/5/2009,2008,Curated from the literature by BindingDB,10.1073/pnas.0708281105,18287036,
bindingdb_articles,51115,51115,27975,Epidermal growth factor receptor,Homo sapiens,P00533,Fc1cccc(COc2ccc(Nc3ncnc4sc(cc34)C#C)cc2Cl)c1,C#Cc1cc2c(Nc3ccc(OCc4cccc(F)c4)c(Cl)c3)ncnc2s1,71.0,7.1487416512809245,2/26/2008,4/5/2009,2008,Curated from the literature by BindingDB,10.1073/pnas.0708281105,18287036,
bindingdb_articles,51116,51116,27976,Epidermal growth factor receptor,Homo sapiens,P00533,C[C@H](N)C#Cc1cc2c(Nc3ccc(OCc4cccc(F)c4)c(Cl)c3)ncnc2s1 |r|,C[C@H](N)C#Cc1cc2c(Nc3ccc(OCc4cccc(F)c4)c(Cl)c3)ncnc2s1,69.0,7.161150909262744,2/26/2008,4/5/2009,2008,Curated from the literature by BindingDB,10.1073/pnas.0708281105,18287036,
bindingdb_articles,51117,51117,27977,Epidermal growth factor receptor,Homo sapiens,P00533,Fc1cccc(COc2ccc(Nc3ncnc4sc(cc34)C#C[C@H]3CCCN3)cc2Cl)c1 |r|,Fc1cccc(COc2ccc(Nc3ncnc4sc(C#C[C@H]5CCCN5)cc34)cc2Cl)c1,109.0,6.962573502059376,2/26/2008,4/5/2009,2008,Curated from the literature by BindingDB,10.1073/pnas.0708281105,18287036,
bindingdb_articles,51118,51118,27978,Epidermal growth factor receptor,Homo sapiens,P00533,Nc1cnc(cn1)C#Cc1cc2c(Nc3ccc(OCc4cccc(F)c4)c(Cl)c3)ncnc2s1,Nc1cnc(C#Cc2cc3c(Nc4ccc(OCc5cccc(F)c5)c(Cl)c4)ncnc3s2)cn1,372.0,6.429457060118103,2/26/2008,4/5/2009,2008,Curated from the literature by BindingDB,10.1073/pnas.0708281105,18287036,
bindingdb_articles,51119,51119,5445,Epidermal growth factor receptor,Homo sapiens,P00533,CS(=O)(=O)CCNCc1ccc(o1)-c1ccc2ncnc(Nc3ccc(OCc4cccc(F)c4)c(Cl)c3)c2c1,CS(=O)(=O)CCNCc1ccc(-c2ccc3ncnc(Nc4ccc(OCc5cccc(F)c5)c(Cl)c4)c3c2)o1,11.0,7.958607314841775,2/26/2008,4/5/2009,2008,Curated from the literature by BindingDB,10.1073/pnas.0708281105,18287036,CHEMBL554
bindingdb_articles,51749,51749,28489,Epidermal growth factor receptor,Homo sapiens,P00533,Fc1cccc(COc2ccc(Nc3ncnc4cc(sc34)C#C[C@@H]3C[C@H](CN3)OC(=O)N3CCOCC3)cc2Cl)c1 |r|,O=C(O[C@H]1CN[C@H](C#Cc2cc3ncnc(Nc4ccc(OCc5cccc(F)c5)c(Cl)c4)c3s2)C1)N1CCOCC1,80.0,7.096910013008056,3/1/2009,4/20/2009,2009,Curated from the literature by BindingDB,10.1016/j.bmcl.2009.01.080,19208477,
bindingdb_articles,51750,51750,28490,Epidermal growth factor receptor,Homo sapiens,P00533,Clc1cc(Nc2ncnc3cc(sc23)C#C[C@@H]2C[C@H](CN2)OC(=O)N2CCOCC2)ccc1OCc1ccccn1 |r|,O=C(O[C@H]1CN[C@H](C#Cc2cc3ncnc(Nc4ccc(OCc5ccccn5)c(Cl)c4)c3s2)C1)N1CCOCC1,50.0,7.301029995663981,3/1/2009,4/20/2009,2009,Curated from the literature by BindingDB,10.1016/j.bmcl.2009.01.080,19208477,
bindingdb_articles,51751,51751,28491,Epidermal growth factor receptor,Homo sapiens,P00533,Clc1cc(Nc2ncnc3cc(sc23)C#C[C@@H]2C[C@H](CN2)OC(=O)N2CCOCC2)ccc1OCc1cscn1 |r|,O=C(O[C@H]1CN[C@H](C#Cc2cc3ncnc(Nc4ccc(OCc5cscn5)c(Cl)c4)c3s2)C1)N1CCOCC1,120.0,6.920818753952375,3/1/2009,4/20/2009,2009,Curated from the literature by BindingDB,10.1016/j.bmcl.2009.01.080,19208477,
bindingdb_articles,51752,51752,28492,Epidermal growth factor receptor,Homo sapiens,P00533,Fc1cccc(COc2ccc(Nc3ncnc4cc(sc34)C#C[C@@H]3C[C@H](CN3)OC(=O)N3CCOCC3)cn2)c1 |r|,O=C(O[C@H]1CN[C@H](C#Cc2cc3ncnc(Nc4ccc(OCc5cccc(F)c5)nc4)c3s2)C1)N1CCOCC1,2600.0,5.585026652029182,3/1/2009,4/20/2009,2009,Curated from the literature by BindingDB,10.1016/j.bmcl.2009.01.080,19208477,
bindingdb_articles,51753,51753,28493,Epidermal growth factor receptor,Homo sapiens,P00533,O=C(O[C@H]1CN[C@@H](C1)C#Cc1cc2ncnc(Nc3ccc4c(Oc5ccccn5)cccc4c3)c2s1)N1CCOCC1 |r|,O=C(O[C@H]1CN[C@H](C#Cc2cc3ncnc(Nc4ccc5c(Oc6ccccn6)cccc5c4)c3s2)C1)N1CCOCC1,1050.0,5.978810700930062,3/1/2009,4/20/2009,2009,Curated from the literature by BindingDB,10.1016/j.bmcl.2009.01.080,19208477,
bindingdb_articles,51754,51754,28494,Epidermal growth factor receptor,Homo sapiens,P00533,Clc1cc(Nc2ncnc3cc(sc23)C#C[C@@H]2C[C@H](CN2)OC(=O)N2CCOCC2)ccc1Oc1ccccn1 |r|,O=C(O[C@H]1CN[C@H](C#Cc2cc3ncnc(Nc4ccc(Oc5ccccn5)c(Cl)c4)c3s2)C1)N1CCOCC1,190.0,6.721246399047171,3/1/2009,4/20/2009,2009,Curated from the literature by BindingDB,10.1016/j.bmcl.2009.01.080,19208477,
bindingdb_articles,51755,51755,28495,Epidermal growth factor receptor,Homo sapiens,P00533,Cc1cc(Oc2ccc(Nc3ncnc4cc(sc34)C#C[C@@H]3C[C@H](CN3)OC(=O)N3CCOCC3)cc2Cl)no1 |r|,Cc1cc(Oc2ccc(Nc3ncnc4cc(C#C[C@@H]5C[C@@H](OC(=O)N6CCOCC6)CN5)sc34)cc2Cl)no1,400.0,6.3979400086720375,3/1/2009,4/20/2009,2009,Curated from the literature by BindingDB,10.1016/j.bmcl.2009.01.080,19208477,
bindingdb_articles,51756,51756,28496,Epidermal growth factor receptor,Homo sapiens,P00533,Fc1ccc2nccc(Oc3ccc(Nc4ncnc5cc(sc45)C#C[C@@H]4C[C@H](CN4)OC(=O)N4CCOCC4)cc3Cl)c2c1 |r|,O=C(O[C@H]1CN[C@H](C#Cc2cc3ncnc(Nc4ccc(Oc5ccnc6ccc(F)cc56)c(Cl)c4)c3s2)C1)N1CCOCC1,280.0,6.552841968657781,3/1/2009,4/20/2009,2009,Curated from the literature by BindingDB,10.1016/j.bmcl.2009.01.080,19208477,
bindingdb_articles,51757,51757,28497,Epidermal growth factor receptor,Homo sapiens,P00533,O=C(O[C@H]1CN[C@@H](C1)C#Cc1cc2ncnc(NCc3cccc(Oc4ccccc4)c3)c2s1)N1CCOCC1 |r|,O=C(O[C@H]1CN[C@H](C#Cc2cc3ncnc(NCc4cccc(Oc5ccccc5)c4)c3s2)C1)N1CCOCC1,180.0,6.7447274948966935,3/1/2009,4/20/2009,2009,Curated from the literature by BindingDB,10.1016/j.bmcl.2009.01.080,19208477,
bindingdb_articles,51758,51758,28498,Epidermal growth factor receptor,Homo sapiens,P00533,O=C(O[C@H]1CN[C@@H](C1)C#Cc1cc2ncnc(Nc3ccc(Cc4ccccc4)cc3)c2s1)N1CCOCC1 |r|,O=C(O[C@H]1CN[C@H](C#Cc2cc3ncnc(Nc4ccc(Cc5ccccc5)cc4)c3s2)C1)N1CCOCC1,240.0,6.619788758288394,3/1/2009,4/20/2009,2009,Curated from the literature by BindingDB,10.1016/j.bmcl.2009.01.080,19208477,
bindingdb_articles,51759,51759,28499,Epidermal growth factor receptor,Homo sapiens,P00533,O=C(O[C@H]1CN[C@@H](C1)C#Cc1cc2ncnc(Nc3ccc(Sc4ccccn4)cc3)c2s1)N1CCOCC1 |r|,O=C(O[C@H]1CN[C@H](C#Cc2cc3ncnc(Nc4ccc(Sc5ccccn5)cc4)c3s2)C1)N1CCOCC1,1650.0,5.782516055786093,3/1/2009,4/20/2009,2009,Curated from the literature by BindingDB,10.1016/j.bmcl.2009.01.080,19208477,
bindingdb_articles,51760,51760,28500,Epidermal growth factor receptor,Homo sapiens,P00533,Fc1cccc(Sc2ccc(Nc3ncnc4cc(sc34)C#C[C@@H]3C[C@H](CN3)OC(=O)N3CCOCC3)cc2Cl)c1 |r|,O=C(O[C@H]1CN[C@H](C#Cc2cc3ncnc(Nc4ccc(Sc5cccc(F)c5)c(Cl)c4)c3s2)C1)N1CCOCC1,630.0,6.200659450546418,3/1/2009,4/20/2009,2009,Curated from the literature by BindingDB,10.1016/j.bmcl.2009.01.080,19208477,
bindingdb_articles,51761,51761,28501,Epidermal growth factor receptor,Homo sapiens,P00533,O=C(O[C@H]1CN[C@@H](C1)C#Cc1cc2ncnc(Nc3ccc4n(Cc5ccccc5)ncc4c3)c2s1)N1CCOCC1 |r|,O=C(O[C@H]1CN[C@H](C#Cc2cc3ncnc(Nc4ccc5c(cnn5Cc5ccccc5)c4)c3s2)C1)N1CCOCC1,80.0,7.096910013008056,3/1/2009,4/20/2009,2009,Curated from the literature by BindingDB,10.1016/j.bmcl.2009.01.080,19208477,
bindingdb_articles,51762,51762,28502,Epidermal growth factor receptor,Homo sapiens,P00533,Fc1cccc(Cn2ncc3cc(Nc4ncnc5cc(sc45)C#C[C@@H]4C[C@H](CN4)OC(=O)N4CCOCC4)ccc23)c1 |r|,O=C(O[C@H]1CN[C@H](C#Cc2cc3ncnc(Nc4ccc5c(cnn5Cc5cccc(F)c5)c4)c3s2)C1)N1CCOCC1,30.0,7.522878745280337,3/1/2009,4/20/2009,2009,Curated from the literature by BindingDB,10.1016/j.bmcl.2009.01.080,19208477,
bindingdb_articles,51763,51763,28503,Epidermal growth factor receptor,Homo sapiens,P00533,Fc1ccc(F)c(Cn2ncc3cc(Nc4ncnc5cc(sc45)C#C[C@@H]4C[C@H](CN4)OC(=O)N4CCOCC4)ccc23)c1 |r|,O=C(O[C@H]1CN[C@H](C#Cc2cc3ncnc(Nc4ccc5c(cnn5Cc5cc(F)ccc5F)c4)c3s2)C1)N1CCOCC1,33.0,7.481486060122112,3/1/2009,4/20/2009,2009,Curated from the literature by BindingDB,10.1016/j.bmcl.2009.01.080,19208477,
bindingdb_articles,51764,51764,28504,Epidermal growth factor receptor,Homo sapiens,P00533,CC(c1cccc(F)c1)n1ncc2cc(Nc3ncnc4cc(sc34)C#C[C@@H]3C[C@H](CN3)OC(=O)N3CCOCC3)ccc12 |r|,CC(c1cccc(F)c1)n1ncc2cc(Nc3ncnc4cc(C#C[C@@H]5C[C@@H](OC(=O)N6CCOCC6)CN5)sc34)ccc21,120.0,6.920818753952375,3/1/2009,4/20/2009,2009,Curated from the literature by BindingDB,10.1016/j.bmcl.2009.01.080,19208477,
bindingdb_articles,51765,51765,28505,Epidermal growth factor receptor,Homo sapiens,P00533,Fc1cccc(c1)S(=O)(=O)n1ncc2cc(Nc3ncnc4cc(sc34)C#C[C@@H]3C[C@H](CN3)OC(=O)N3CCOCC3)ccc12 |r|,O=C(O[C@H]1CN[C@H](C#Cc2cc3ncnc(Nc4ccc5c(cnn5S(=O)(=O)c5cccc(F)c5)c4)c3s2)C1)N1CCOCC1,230.0,6.638272163982407,3/1/2009,4/20/2009,2009,Curated from the literature by BindingDB,10.1016/j.bmcl.2009.01.080,19208477,
bindingdb_articles,51766,51766,28506,Epidermal growth factor receptor,Homo sapiens,P00533,O=C(O[C@H]1CN[C@@H](C1)C#Cc1cc2ncnc(Nc3ccc4n(ccc4c3)S(=O)(=O)c3cccs3)c2s1)N1CCOCC1 |r|,O=C(O[C@H]1CN[C@H](C#Cc2cc3ncnc(Nc4ccc5c(ccn5S(=O)(=O)c5cccs5)c4)c3s2)C1)N1CCOCC1,150.0,6.823908740944319,3/1/2009,4/20/2009,2009,Curated from the literature by BindingDB,10.1016/j.bmcl.2009.01.080,19208477,
bindingdb_articles,51767,51767,28507,Epidermal growth factor receptor,Homo sapiens,P00533,O=C(O[C@H]1CN[C@@H](C1)C#Cc1cc2ncnc(Nc3ccc4n(Cc5ccccc5)ccc4c3)c2s1)N1CCOCC1 |r|,O=C(O[C@H]1CN[C@H](C#Cc2cc3ncnc(Nc4ccc5c(ccn5Cc5ccccc5)c4)c3s2)C1)N1CCOCC1,90.0,7.045757490560675,3/1/2009,4/20/2009,2009,Curated from the literature by BindingDB,10.1016/j.bmcl.2009.01.080,19208477,
bindingdb_articles,51768,51768,28508,Epidermal growth factor receptor,Homo sapiens,P00533,O=C(O[C@H]1CN[C@@H](C1)C#Cc1cc2ncnc(Nc3ccc4n(CCc5ccccc5)ccc4c3)c2s1)N1CCOCC1 |r|,O=C(O[C@H]1CN[C@H](C#Cc2cc3ncnc(Nc4ccc5c(ccn5CCc5ccccc5)c4)c3s2)C1)N1CCOCC1,3160.0,5.500312917381596,3/1/2009,4/20/2009,2009,Curated from the literature by BindingDB,10.1016/j.bmcl.2009.01.080,19208477,
bindingdb_articles,51769,51769,28509,Epidermal growth factor receptor,Homo sapiens,P00533,O=C(O[C@H]1CN[C@@H](C1)C#Cc1cc2ncnc(Nc3ccc4n(Cc5cscn5)ccc4c3)c2s1)N1CCOCC1 |r|,O=C(O[C@H]1CN[C@H](C#Cc2cc3ncnc(Nc4ccc5c(ccn5Cc5cscn5)c4)c3s2)C1)N1CCOCC1,680.0,6.167491087293763,3/1/2009,4/20/2009,2009,Curated from the literature by BindingDB,10.1016/j.bmcl.2009.01.080,19208477,
bindingdb_articles,51770,51770,28510,Epidermal growth factor receptor,Homo sapiens,P00533,Fc1cn(Cc2ccccc2)c2ccc(Nc3ncnc4cc(sc34)C#C[C@@H]3C[C@H](CN3)OC(=O)N3CCOCC3)cc12 |r|,O=C(O[C@H]1CN[C@H](C#Cc2cc3ncnc(Nc4ccc5c(c4)c(F)cn5Cc4ccccc4)c3s2)C1)N1CCOCC1,240.0,6.619788758288394,3/1/2009,4/20/2009,2009,Curated from the literature by BindingDB,10.1016/j.bmcl.2009.01.080,19208477,
bindingdb_articles,51793,51793,28511,Epidermal growth factor receptor,Homo sapiens,P00533,NC(=O)O[C@H]1CN[C@@H](C1)C#Cc1cc2ncnc(Nc3ccc(OCc4cccc(F)c4)c(Cl)c3)c2s1 |r|,NC(=O)O[C@H]1CN[C@H](C#Cc2cc3ncnc(Nc4ccc(OCc5cccc(F)c5)c(Cl)c4)c3s2)C1,40.0,7.3979400086720375,1/1/2009,4/21/2009,2009,Curated from the literature by BindingDB,10.1016/j.bmcl.2008.11.023,19028424,
bindingdb_articles,51794,51794,28512,Epidermal growth factor receptor,Homo sapiens,P00533,CNC(=O)O[C@H]1CN[C@@H](C1)C#Cc1cc2ncnc(Nc3ccc(OCc4cccc(F)c4)c(Cl)c3)c2s1 |r|,CNC(=O)O[C@H]1CN[C@H](C#Cc2cc3ncnc(Nc4ccc(OCc5cccc(F)c5)c(Cl)c4)c3s2)C1,50.0,7.301029995663981,1/1/2009,4/21/2009,2009,Curated from the literature by BindingDB,10.1016/j.bmcl.2008.11.023,19028424,
bindingdb_articles,51795,51795,28513,Epidermal growth factor receptor,Homo sapiens,P00533,CCNC(=O)O[C@H]1CN[C@@H](C1)C#Cc1cc2ncnc(Nc3ccc(OCc4cccc(F)c4)c(Cl)c3)c2s1 |r|,CCNC(=O)O[C@H]1CN[C@H](C#Cc2cc3ncnc(Nc4ccc(OCc5cccc(F)c5)c(Cl)c4)c3s2)C1,32.0,7.494850021680094,1/1/2009,4/21/2009,2009,Curated from the literature by BindingDB,10.1016/j.bmcl.2008.11.023,19028424,
bindingdb_articles,51796,51796,28514,Epidermal growth factor receptor,Homo sapiens,P00533,CN(C)C(=O)O[C@H]1CN[C@@H](C1)C#Cc1cc2ncnc(Nc3ccc(OCc4cccc(F)c4)c(Cl)c3)c2s1 |r|,CN(C)C(=O)O[C@H]1CN[C@H](C#Cc2cc3ncnc(Nc4ccc(OCc5cccc(F)c5)c(Cl)c4)c3s2)C1,28.0,7.552841968657781,1/1/2009,4/21/2009,2009,Curated from the literature by BindingDB,10.1016/j.bmcl.2008.11.023,19028424,
bindingdb_articles,51797,51797,28515,Epidermal growth factor receptor,Homo sapiens,P00533,CCN(CC)C(=O)O[C@H]1CN[C@@H](C1)C#Cc1cc2ncnc(Nc3ccc(OCc4cccc(F)c4)c(Cl)c3)c2s1 |r|,CCN(CC)C(=O)O[C@H]1CN[C@H](C#Cc2cc3ncnc(Nc4ccc(OCc5cccc(F)c5)c(Cl)c4)c3s2)C1,63.0,7.200659450546418,1/1/2009,4/21/2009,2009,Curated from the literature by BindingDB,10.1016/j.bmcl.2008.11.023,19028424,
bindingdb_articles,51798,51798,28516,Epidermal growth factor receptor,Homo sapiens,P00533,CCN(C)C(=O)O[C@H]1CN[C@@H](C1)C#Cc1cc2ncnc(Nc3ccc(OCc4cccc(F)c4)c(Cl)c3)c2s1 |r|,CCN(C)C(=O)O[C@H]1CN[C@H](C#Cc2cc3ncnc(Nc4ccc(OCc5cccc(F)c5)c(Cl)c4)c3s2)C1,50.0,7.301029995663981,1/1/2009,4/21/2009,2009,Curated from the literature by BindingDB,10.1016/j.bmcl.2008.11.023,19028424,
bindingdb_articles,51799,51799,28517,Epidermal growth factor receptor,Homo sapiens,P00533,Fc1cccc(COc2ccc(Nc3ncnc4cc(sc34)C#C[C@@H]3C[C@H](CN3)OC(=O)N3CCCC3)cc2Cl)c1 |r|,O=C(O[C@H]1CN[C@H](C#Cc2cc3ncnc(Nc4ccc(OCc5cccc(F)c5)c(Cl)c4)c3s2)C1)N1CCCC1,99.0,7.00436480540245,1/1/2009,4/21/2009,2009,Curated from the literature by BindingDB,10.1016/j.bmcl.2008.11.023,19028424,
bindingdb_articles,51800,51800,28489,Epidermal growth factor receptor,Homo sapiens,P00533,Fc1cccc(COc2ccc(Nc3ncnc4cc(sc34)C#C[C@@H]3C[C@H](CN3)OC(=O)N3CCOCC3)cc2Cl)c1 |r|,O=C(O[C@H]1CN[C@H](C#Cc2cc3ncnc(Nc4ccc(OCc5cccc(F)c5)c(Cl)c4)c3s2)C1)N1CCOCC1,65.0,7.187086643357144,1/1/2009,4/21/2009,2009,Curated from the literature by BindingDB,10.1016/j.bmcl.2008.11.023,19028424,
bindingdb_articles,51801,51801,28518,Epidermal growth factor receptor,Homo sapiens,P00533,Fc1cccc(COc2ccc(Nc3ncnc4cc(sc34)C#C[C@@H]3C[C@H](CN3)OC(=O)N3CCNCC3)cc2Cl)c1 |r|,O=C(O[C@H]1CN[C@H](C#Cc2cc3ncnc(Nc4ccc(OCc5cccc(F)c5)c(Cl)c4)c3s2)C1)N1CCNCC1,63.0,7.200659450546418,1/1/2009,4/21/2009,2009,Curated from the literature by BindingDB,10.1016/j.bmcl.2008.11.023,19028424,
bindingdb_articles,51802,51802,28519,Epidermal growth factor receptor,Homo sapiens,P00533,CS(=O)(=O)CCNC(=O)O[C@H]1CN[C@@H](C1)C#Cc1cc2ncnc(Nc3ccc(OCc4cccc(F)c4)c(Cl)c3)c2s1 |r|,CS(=O)(=O)CCNC(=O)O[C@H]1CN[C@H](C#Cc2cc3ncnc(Nc4ccc(OCc5cccc(F)c5)c(Cl)c4)c3s2)C1,40.0,7.3979400086720375,1/1/2009,4/21/2009,2009,Curated from the literature by BindingDB,10.1016/j.bmcl.2008.11.023,19028424,
bindingdb_articles,51803,51803,28520,Epidermal growth factor receptor,Homo sapiens,P00533,CCNC(=O)O[C@@H]1CN[C@H](C1)C#Cc1cc2ncnc(Nc3ccc(OCc4cccc(F)c4)c(Cl)c3)c2s1 |r|,CCNC(=O)O[C@@H]1CN[C@@H](C#Cc2cc3ncnc(Nc4ccc(OCc5cccc(F)c5)c(Cl)c4)c3s2)C1,50.0,7.301029995663981,1/1/2009,4/21/2009,2009,Curated from the literature by BindingDB,10.1016/j.bmcl.2008.11.023,19028424,
bindingdb_articles,51804,51804,28521,Epidermal growth factor receptor,Homo sapiens,P00533,CN(C)C(=O)O[C@@H]1CN[C@H](C1)C#Cc1cc2ncnc(Nc3ccc(OCc4cccc(F)c4)c(Cl)c3)c2s1 |r|,CN(C)C(=O)O[C@@H]1CN[C@@H](C#Cc2cc3ncnc(Nc4ccc(OCc5cccc(F)c5)c(Cl)c4)c3s2)C1,40.0,7.3979400086720375,1/1/2009,4/21/2009,2009,Curated from the literature by BindingDB,10.1016/j.bmcl.2008.11.023,19028424,
bindingdb_articles,51805,51805,28522,Epidermal growth factor receptor,Homo sapiens,P00533,Fc1cccc(COc2ccc(Nc3ncnc4cc(sc34)C#C[C@H]3C[C@@H](CN3)OC(=O)N3CCOCC3)cc2Cl)c1 |r|,O=C(O[C@@H]1CN[C@@H](C#Cc2cc3ncnc(Nc4ccc(OCc5cccc(F)c5)c(Cl)c4)c3s2)C1)N1CCOCC1,40.0,7.3979400086720375,1/1/2009,4/21/2009,2009,Curated from the literature by BindingDB,10.1016/j.bmcl.2008.11.023,19028424,
bindingdb_articles,51806,51806,28523,Epidermal growth factor receptor,Homo sapiens,P00533,CCNC(=O)O[C@@H]1CN[C@@H](C1)C#Cc1cc2ncnc(Nc3ccc(OCc4cccc(F)c4)c(Cl)c3)c2s1 |r|,CCNC(=O)O[C@@H]1CN[C@H](C#Cc2cc3ncnc(Nc4ccc(OCc5cccc(F)c5)c(Cl)c4)c3s2)C1,125.0,6.903089986991944,1/1/2009,4/21/2009,2009,Curated from the literature by BindingDB,10.1016/j.bmcl.2008.11.023,19028424,
bindingdb_articles,51807,51807,28524,Epidermal growth factor receptor,Homo sapiens,P00533,CN(C)C(=O)O[C@@H]1CN[C@@H](C1)C#Cc1cc2ncnc(Nc3ccc(OCc4cccc(F)c4)c(Cl)c3)c2s1 |r|,CN(C)C(=O)O[C@@H]1CN[C@H](C#Cc2cc3ncnc(Nc4ccc(OCc5cccc(F)c5)c(Cl)c4)c3s2)C1,79.0,7.102372908709558,1/1/2009,4/21/2009,2009,Curated from the literature by BindingDB,10.1016/j.bmcl.2008.11.023,19028424,
bindingdb_articles,51808,51808,28525,Epidermal growth factor receptor,Homo sapiens,P00533,Fc1cccc(COc2ccc(Nc3ncnc4cc(sc34)C#C[C@@H]3C[C@@H](CN3)OC(=O)N3CCOCC3)cc2Cl)c1 |r|,O=C(O[C@@H]1CN[C@H](C#Cc2cc3ncnc(Nc4ccc(OCc5cccc(F)c5)c(Cl)c4)c3s2)C1)N1CCOCC1,79.0,7.102372908709558,1/1/2009,4/21/2009,2009,Curated from the literature by BindingDB,10.1016/j.bmcl.2008.11.023,19028424,
bindingdb_articles,51809,51809,28526,Epidermal growth factor receptor,Homo sapiens,P00533,CCNC(=O)O[C@H]1CN[C@H](C1)C#Cc1cc2ncnc(Nc3ccc(OCc4cccc(F)c4)c(Cl)c3)c2s1 |r|,CCNC(=O)O[C@H]1CN[C@@H](C#Cc2cc3ncnc(Nc4ccc(OCc5cccc(F)c5)c(Cl)c4)c3s2)C1,32.0,7.494850021680094,1/1/2009,4/21/2009,2009,Curated from the literature by BindingDB,10.1016/j.bmcl.2008.11.023,19028424,
bindingdb_articles,51810,51810,28527,Epidermal growth factor receptor,Homo sapiens,P00533,CN(C)C(=O)O[C@H]1CN[C@H](C1)C#Cc1cc2ncnc(Nc3ccc(OCc4cccc(F)c4)c(Cl)c3)c2s1 |r|,CN(C)C(=O)O[C@H]1CN[C@@H](C#Cc2cc3ncnc(Nc4ccc(OCc5cccc(F)c5)c(Cl)c4)c3s2)C1,79.0,7.102372908709558,1/1/2009,4/21/2009,2009,Curated from the literature by BindingDB,10.1016/j.bmcl.2008.11.023,19028424,
bindingdb_articles,51811,51811,28528,Epidermal growth factor receptor,Homo sapiens,P00533,Fc1cccc(COc2ccc(Nc3ncnc4cc(sc34)C#C[C@H]3C[C@H](CN3)OC(=O)N3CCOCC3)cc2Cl)c1 |r|,O=C(O[C@H]1CN[C@@H](C#Cc2cc3ncnc(Nc4ccc(OCc5cccc(F)c5)c(Cl)c4)c3s2)C1)N1CCOCC1,50.0,7.301029995663981,1/1/2009,4/21/2009,2009,Curated from the literature by BindingDB,10.1016/j.bmcl.2008.11.023,19028424,
bindingdb_articles,57375,57375,4583,Epidermal growth factor receptor [668-1210],Homo sapiens,P00533,CN(C)CC=CC(=O)Nc1ccc2c(c1)c(ncn2)Nc3cccc(c3)Br,CN(C)CC=CC(=O)Nc1ccc2ncnc(Nc3cccc(Br)c3)c2c1,0.22,9.657577319177793,4/1/2008,9/30/2009,2008,Curated from the literature by BindingDB,10.1016/j.bmc.2008.02.053,18316192,CHEMBL94061
bindingdb_articles,57376,57376,31826,Epidermal growth factor receptor [668-1210],Homo sapiens,P00533,CCC(=O)Nc1ccc2c(c1)c(ncn2)Nc3cccc(c3)Br,CCC(=O)Nc1ccc2ncnc(Nc3cccc(Br)c3)c2c1,0.43,9.366531544420413,4/1/2008,9/30/2009,2008,Curated from the literature by BindingDB,10.1016/j.bmc.2008.02.053,18316192,CHEMBL188762
bindingdb_articles,57377,57377,5446,Epidermal growth factor receptor [668-1210],Homo sapiens,P00533,COCCOc1cc2c(cc1OCCOC)ncnc2Nc3cccc(c3)C#C,C#Cc1cccc(Nc2ncnc3cc(OCCOC)c(OCCOC)cc23)c1,3.6,8.443697499232712,4/1/2008,9/30/2009,2008,Curated from the literature by BindingDB,10.1016/j.bmc.2008.02.053,18316192,CHEMBL553
bindingdb_articles,57378,57378,4567,"Epidermal growth factor receptor [696-1210,T790M]",Homo sapiens,P00533,C=CC(=O)Nc1ccc2c(c1)c(ncn2)Nc3cccc(c3)Br,C=CC(=O)Nc1ccc2ncnc(Nc3cccc(Br)c3)c2c1,1.2,8.920818753952375,4/1/2008,9/30/2009,2008,Curated from the literature by BindingDB,10.1016/j.bmc.2008.02.053,18316192,CHEMBL285063
bindingdb_articles,57379,57379,4583,"Epidermal growth factor receptor [696-1210,T790M]",Homo sapiens,P00533,CN(C)CC=CC(=O)Nc1ccc2c(c1)c(ncn2)Nc3cccc(c3)Br,CN(C)CC=CC(=O)Nc1ccc2ncnc(Nc3cccc(Br)c3)c2c1,3.0,8.522878745280337,4/1/2008,9/30/2009,2008,Curated from the literature by BindingDB,10.1016/j.bmc.2008.02.053,18316192,CHEMBL94061
bindingdb_articles,57380,57380,31826,"Epidermal growth factor receptor [696-1210,T790M]",Homo sapiens,P00533,CCC(=O)Nc1ccc2c(c1)c(ncn2)Nc3cccc(c3)Br,CCC(=O)Nc1ccc2ncnc(Nc3cccc(Br)c3)c2c1,360.0,6.443697499232712,4/1/2008,9/30/2009,2008,Curated from the literature by BindingDB,10.1016/j.bmc.2008.02.053,18316192,CHEMBL188762
bindingdb_articles,57381,57381,5446,"Epidermal growth factor receptor [696-1210,T790M]",Homo sapiens,P00533,COCCOc1cc2c(cc1OCCOC)ncnc2Nc3cccc(c3)C#C,C#Cc1cccc(Nc2ncnc3cc(OCCOC)c(OCCOC)cc23)c1,260.0,6.585026652029182,4/1/2008,9/30/2009,2008,Curated from the literature by BindingDB,10.1016/j.bmc.2008.02.053,18316192,CHEMBL553
bindingdb_articles,59729,59729,33402,Epidermal growth factor receptor,Homo sapiens,P00533,CCCC(Cc1coc2nc(N)nc(N)c12)c1ccccc1OC,CCCC(Cc1coc2nc(N)nc(N)c12)c1ccccc1OC,2200.0,5.657577319177793,10/15/2009,11/6/2009,2009,Curated from the literature by BindingDB,10.1016/j.bmc.2009.08.044,19748785,
bindingdb_articles,59730,59730,33403,Epidermal growth factor receptor,Homo sapiens,P00533,COc1ccccc1C(Cc1coc2nc(N)nc(N)c12)C(C)C,COc1ccccc1C(Cc1coc2nc(N)nc(N)c12)C(C)C,18200.0,4.739928612014925,10/15/2009,11/6/2009,2009,Curated from the literature by BindingDB,10.1016/j.bmc.2009.08.044,19748785,
bindingdb_articles,59731,59731,33404,Epidermal growth factor receptor,Homo sapiens,P00533,COc1ccccc1C(Cc1coc2nc(N)nc(N)c12)C1CC1,COc1ccccc1C(Cc1coc2nc(N)nc(N)c12)C1CC1,56500.0,4.247951552180561,10/15/2009,11/6/2009,2009,Curated from the literature by BindingDB,10.1016/j.bmc.2009.08.044,19748785,
bindingdb_articles,59732,59732,33405,Epidermal growth factor receptor,Homo sapiens,P00533,CCCCC(Cc1coc2nc(N)nc(N)c12)c1ccccc1OC,CCCCC(Cc1coc2nc(N)nc(N)c12)c1ccccc1OC,13400.0,4.872895201635193,10/15/2009,11/6/2009,2009,Curated from the literature by BindingDB,10.1016/j.bmc.2009.08.044,19748785,
bindingdb_articles,59735,59735,3032,Epidermal growth factor receptor,Homo sapiens,P00533,COc1cc2ncnc(Nc3cccc(Br)c3)c2cc1OC,COc1cc2ncnc(Nc3cccc(Br)c3)c2cc1OC,200.0,6.698970004336019,10/15/2009,11/6/2009,2009,Curated from the literature by BindingDB,10.1016/j.bmc.2009.08.044,19748785,CHEMBL1204168CHEMBL29197
bindingdb_articles,154840,154840,50133384,Epidermal growth factor receptor,Homo sapiens,P00533,Cc1cccc(Nc2ncnc3ccc(N)cc23)c1,Cc1cccc(Nc2ncnc3ccc(N)cc23)c1,1000.0,6.0,4/28/2008,10/31/2011,2008,Curated from the literature by BindingDB,10.1111/j.1747-0285.2008.00638.x,18324926,CHEMBL336113
bindingdb_articles,154841,154841,3294,Epidermal growth factor receptor,Homo sapiens,P00533,Nc1ccc2ncnc(Nc3cccc(Br)c3)c2c1,Nc1ccc2ncnc(Nc3cccc(Br)c3)c2c1,44.0,7.356547323513812,4/28/2008,10/31/2011,2008,Curated from the literature by BindingDB,10.1111/j.1747-0285.2008.00638.x,18324926,CHEMBL52765
bindingdb_articles,154842,154842,50133382,Epidermal growth factor receptor,Homo sapiens,P00533,Nc1ccc2ncnc(Nc3cccc(Cl)c3)c2c1,Nc1ccc2ncnc(Nc3cccc(Cl)c3)c2c1,200.0,6.698970004336019,4/28/2008,10/31/2011,2008,Curated from the literature by BindingDB,10.1111/j.1747-0285.2008.00638.x,18324926,CHEMBL343352
bindingdb_articles,154843,154843,81726,Epidermal growth factor receptor,Homo sapiens,P00533,CN(CCN(CCN(C)\N=N\c1ccc2ncnc(Nc3cccc(C)c3)c2c1)CCN1CCOCC1)\N=N\c1ccc2ncnc(Nc3cccc(C)c3)c2c1,Cc1cccc(Nc2ncnc3ccc(/N=N/N(C)CCN(CCN4CCOCC4)CCN(C)/N=N/c4ccc5ncnc(Nc6cccc(C)c6)c5c4)cc23)c1,950.0,6.022276394711152,4/28/2008,10/31/2011,2008,Curated from the literature by BindingDB,10.1111/j.1747-0285.2008.00638.x,18324926,
bindingdb_articles,154844,154844,81727,Epidermal growth factor receptor,Homo sapiens,P00533,CN(CCN(CCN(C)\N=N\c1ccc2ncnc(Nc3cccc(Br)c3)c2c1)CCN1CCOCC1)\N=N\c1ccc2ncnc(Nc3cccc(Br)c3)c2c1,CN(CCN(CCN1CCOCC1)CCN(C)/N=N/c1ccc2ncnc(Nc3cccc(Br)c3)c2c1)/N=N/c1ccc2ncnc(Nc3cccc(Br)c3)c2c1,120.0,6.920818753952375,4/28/2008,10/31/2011,2008,Curated from the literature by BindingDB,10.1111/j.1747-0285.2008.00638.x,18324926,
bindingdb_articles,154845,154845,81728,Epidermal growth factor receptor,Homo sapiens,P00533,CN(CCN(CCN(C)\N=N\c1ccc2ncnc(Nc3cccc(Cl)c3)c2c1)CCN1CCOCC1)\N=N\c1ccc2ncnc(Nc3cccc(Cl)c3)c2c1,CN(CCN(CCN1CCOCC1)CCN(C)/N=N/c1ccc2ncnc(Nc3cccc(Cl)c3)c2c1)/N=N/c1ccc2ncnc(Nc3cccc(Cl)c3)c2c1,150.0,6.823908740944319,4/28/2008,10/31/2011,2008,Curated from the literature by BindingDB,10.1111/j.1747-0285.2008.00638.x,18324926,
bindingdb_articles,169508,169508,84518,Epidermal growth factor receptor,Homo sapiens,P00533,CCC1=C(CC(O)=O)c2cc(F)ccc2\C1=C/c1ccoc1 |c:2|,CCC1=C(CC(=O)O)c2cc(F)ccc2/C1=C\c1ccoc1,900.0,6.045757490560675,3/28/2005,1/16/2012,2005,Curated from the literature by BindingDB,10.1002/cbic.200400192,15696596,
bindingdb_articles,169513,169513,84520,Epidermal growth factor receptor,Homo sapiens,P00533,CC1=C(CC(O)=O)c2cc(Cl)ccc2\C1=C/c1ccoc1 |c:1|,CC1=C(CC(=O)O)c2cc(Cl)ccc2/C1=C\c1ccoc1,8000.0,5.096910013008056,3/28/2005,1/16/2012,2005,Curated from the literature by BindingDB,10.1002/cbic.200400192,15696596,
bindingdb_articles,169519,169519,84522,Epidermal growth factor receptor,Homo sapiens,P00533,CC1=C(CC(O)=O)c2ccc(Br)cc2\C1=C/c1ccsc1 |c:1|,CC1=C(CC(=O)O)c2ccc(Br)cc2/C1=C\c1ccsc1,12000.0,4.920818753952375,3/28/2005,1/16/2012,2005,Curated from the literature by BindingDB,10.1002/cbic.200400192,15696596,
bindingdb_articles,169527,169527,84524,Epidermal growth factor receptor,Homo sapiens,P00533,CC1=C(CC(O)=O)c2ccc(Br)cc2\C1=C/c1ccoc1 |c:1|,CC1=C(CC(=O)O)c2ccc(Br)cc2/C1=C\c1ccoc1,22000.0,4.657577319177793,3/28/2005,1/16/2012,2005,Curated from the literature by BindingDB,10.1002/cbic.200400192,15696596,
bindingdb_articles,200455,200455,92453,Epidermal growth factor receptor,Homo sapiens,P00533,CC(C)([O-])CC(=O)NCCn1ccc2ncnc(Nc3ccc(Oc4cccc(c4)C(F)(F)F)c(Cl)c3)c12,CC(C)([O-])CC(=O)NCCn1ccc2ncnc(Nc3ccc(Oc4cccc(C(F)(F)F)c4)c(Cl)c3)c21,23.0,7.638272163982407,5/27/2011,9/10/2012,2011,Curated from the literature by BindingDB,10.1074/jbc.M110.206193,21454582,
bindingdb_articles,200456,200456,92454,Epidermal growth factor receptor,Homo sapiens,P00533,[O-]CCOCn1ccc2ncnc(Nc3cnc(Oc4cccc(c4)C(F)(F)F)c(Cl)c3)c12,[O-]CCOCn1ccc2ncnc(Nc3cnc(Oc4cccc(C(F)(F)F)c4)c(Cl)c3)c21,429.0,6.367542707815275,5/27/2011,9/10/2012,2011,Curated from the literature by BindingDB,10.1074/jbc.M110.206193,21454582,
bindingdb_articles,200457,200457,5446,Epidermal growth factor receptor,Homo sapiens,P00533,COCCOc1cc2c(cc1OCCOC)ncnc2Nc3cccc(c3)C#C,C#Cc1cccc(Nc2ncnc3cc(OCCOC)c(OCCOC)cc23)c1,0.7,9.154901959985743,5/27/2011,9/10/2012,2011,Curated from the literature by BindingDB,10.1074/jbc.M110.206193,21454582,CHEMBL553
bindingdb_articles,200458,200458,5445,Epidermal growth factor receptor,Homo sapiens,P00533,CS(=O)(=O)CCNCc1ccc(o1)-c1ccc2ncnc(Nc3ccc(OCc4cccc(F)c4)c(Cl)c3)c2c1,CS(=O)(=O)CCNCc1ccc(-c2ccc3ncnc(Nc4ccc(OCc5cccc(F)c5)c(Cl)c4)c3c2)o1,3.0,8.522878745280337,5/27/2011,9/10/2012,2011,Curated from the literature by BindingDB,10.1074/jbc.M110.206193,21454582,CHEMBL554
bindingdb_articles,200979,200979,92632,Epidermal growth factor receptor,Homo sapiens,P00533,"Cn1c(O)csc1=NN=C1SC(=C)C(=O)N1CC=C |w:7.8,9.10|",C=CCN1C(=O)C(=C)SC1=NN=c1scc(O)n1C,6000.0,5.221848749616356,12/25/1990,1/7/2013,1990,Curated from the literature by BindingDB,,2176210,
bindingdb_articles,200984,200984,92633,Epidermal growth factor receptor,Homo sapiens,P00533,"CC(=C)CN1C(SC(=C)C1=O)=NN=c1scc(O)n1C |w:12.12,5.5|",C=C(C)CN1C(=O)C(=C)SC1=NN=c1scc(O)n1C,1000.0,6.0,12/25/1990,1/7/2013,1990,Curated from the literature by BindingDB,,2176210,
bindingdb_articles,200989,200989,92634,Epidermal growth factor receptor,Homo sapiens,P00533,CN(C)Cc1sc(=NN=c2scc(O)n2C)n(CC(C)=C)c1O |w:8.7|,C=C(C)Cn1c(O)c(CN(C)C)sc1=NN=c1scc(O)n1C,2000.0,5.698970004336019,12/25/1990,1/7/2013,1990,Curated from the literature by BindingDB,,2176210,
bindingdb_articles,201017,201017,92641,Epidermal growth factor receptor,Homo sapiens,P00533,CC(=C)Cn1c(O)c(OS(O)=O)sc1=NN=c1scc(O)n1C |w:15.15|,C=C(C)Cn1c(O)c(OS(=O)O)sc1=NN=c1scc(O)n1C,100000.0,4.0,12/25/1990,1/7/2013,1990,Curated from the literature by BindingDB,,2176210,
bindingdb_articles,201022,201022,19459,Epidermal growth factor receptor,Homo sapiens,P00533,c1cc(ccc1C2=COc3cc(cc(c3C2=O)O)O)O,O=c1c(-c2ccc(O)cc2)coc2cc(O)cc(O)c12,1000.0,6.0,12/25/1990,1/7/2013,1990,Curated from the literature by BindingDB,,2176210,CHEMBL44
bindingdb_articles,220215,220215,102620,"Epidermal growth factor receptor [696-1210,T790M]",Homo sapiens,P00533,Cc1ccc(cc1NC(=O)C=C)-n1c2c(ccc1=O)cnc1ccc(cc21)-c1ccc(NS(C)(=O)=O)cc1,C=CC(=O)Nc1cc(-n2c(=O)ccc3cnc4ccc(-c5ccc(NS(C)(=O)=O)cc5)cc4c32)ccc1C,4280.0,5.368556230986828,4/26/2013,11/25/2013,2013,Curated from the literature by BindingDB,10.1021/cb4000629,23594111,
bindingdb_articles,248907,248907,50399540,Epidermal growth factor receptor [1-973],Homo sapiens,P00533,COc1cc2c(ccnc2cc1OCCCN3CCOCC3)Oc4ccc(cc4F)NC(=O)C5(CC5)C(=O)Nc6ccc(cc6)F,COc1cc2c(Oc3ccc(NC(=O)C4(C(=O)Nc5ccc(F)cc5)CC4)cc3F)ccnc2cc1OCCCN1CCOCC1,2990.0,5.52432881167557,8/12/2014,10/16/2014,2014,Curated from the literature by BindingDB,10.1016/j.bioorg.2014.07.011,25173590,
bindingdb_articles,293416,293416,152769,Epidermal growth factor receptor [1-973],Homo sapiens,P00533,Oc1cc(OCCCN2CCOCC2)ccc1C(=O)Nc1cccc(Br)c1,O=C(Nc1cccc(Br)c1)c1ccc(OCCCN2CCOCC2)cc1O,85.8,7.066512712151295,3/28/2015,9/21/2015,2015,Curated from the literature by BindingDB,10.1111/cbdd.12383,24954438,
bindingdb_articles,293417,293417,152770,Epidermal growth factor receptor [1-973],Homo sapiens,P00533,Oc1cc(OCCCN2CCOCC2)ccc1C(=O)Nc1cccc(Cl)c1,O=C(Nc1cccc(Cl)c1)c1ccc(OCCCN2CCOCC2)cc1O,195.8,6.708187312532881,3/28/2015,9/21/2015,2015,Curated from the literature by BindingDB,10.1111/cbdd.12383,24954438,
bindingdb_articles,293418,293418,152771,Epidermal growth factor receptor [1-973],Homo sapiens,P00533,Cc1cccc(NC(=O)c2ccc(OCCCN3CCOCC3)cc2O)c1,Cc1cccc(NC(=O)c2ccc(OCCCN3CCOCC3)cc2O)c1,142.1,6.8474059220725305,3/28/2015,9/21/2015,2015,Curated from the literature by BindingDB,10.1111/cbdd.12383,24954438,
bindingdb_articles,293419,293419,152772,Epidermal growth factor receptor [1-973],Homo sapiens,P00533,Oc1cc(OCCCN2CCOCC2)ccc1C(=O)Nc1cccc(c1)C(F)(F)F,O=C(Nc1cccc(C(F)(F)F)c1)c1ccc(OCCCN2CCOCC2)cc1O,34.6,7.460923901207224,3/28/2015,9/21/2015,2015,Curated from the literature by BindingDB,10.1111/cbdd.12383,24954438,
bindingdb_articles,293420,293420,152773,Epidermal growth factor receptor [1-973],Homo sapiens,P00533,Oc1cc(OCCCN2CCOCC2)ccc1C(=O)Nc1ccc(F)c(Cl)c1,O=C(Nc1ccc(F)c(Cl)c1)c1ccc(OCCCN2CCOCC2)cc1O,10.4,7.982966660701219,3/28/2015,9/21/2015,2015,Curated from the literature by BindingDB,10.1111/cbdd.12383,24954438,
bindingdb_articles,293421,293421,152774,Epidermal growth factor receptor [1-973],Homo sapiens,P00533,Oc1cc(OCCCN2CCOCC2)ccc1C(=O)Nc1ccc(cc1Cl)[N+]([O-])=O,O=C(Nc1ccc([N+](=O)[O-])cc1Cl)c1ccc(OCCCN2CCOCC2)cc1O,84.8,7.071604147743287,3/28/2015,9/21/2015,2015,Curated from the literature by BindingDB,10.1111/cbdd.12383,24954438,
bindingdb_articles,293422,293422,152775,Epidermal growth factor receptor [1-973],Homo sapiens,P00533,Oc1cc(OCCCN2CCCCC2)ccc1C(=O)Nc1cccc(Br)c1,O=C(Nc1cccc(Br)c1)c1ccc(OCCCN2CCCCC2)cc1O,45.7,7.34008379993015,3/28/2015,9/21/2015,2015,Curated from the literature by BindingDB,10.1111/cbdd.12383,24954438,
bindingdb_articles,293423,293423,152776,Epidermal growth factor receptor [1-973],Homo sapiens,P00533,Oc1cc(OCCCN2CCCCC2)ccc1C(=O)Nc1cccc(Cl)c1,O=C(Nc1cccc(Cl)c1)c1ccc(OCCCN2CCCCC2)cc1O,63.9,7.1944991418416,3/28/2015,9/21/2015,2015,Curated from the literature by BindingDB,10.1111/cbdd.12383,24954438,
bindingdb_articles,293424,293424,152777,Epidermal growth factor receptor [1-973],Homo sapiens,P00533,Cc1cccc(NC(=O)c2ccc(OCCCN3CCCCC3)cc2O)c1,Cc1cccc(NC(=O)c2ccc(OCCCN3CCCCC3)cc2O)c1,22.4,7.649751981665837,3/28/2015,9/21/2015,2015,Curated from the literature by BindingDB,10.1111/cbdd.12383,24954438,
bindingdb_articles,293425,293425,152778,Epidermal growth factor receptor [1-973],Homo sapiens,P00533,Oc1cc(OCCCN2CCCCC2)ccc1C(=O)Nc1cccc(c1)C(F)(F)F,O=C(Nc1cccc(C(F)(F)F)c1)c1ccc(OCCCN2CCCCC2)cc1O,35.2,7.453457336521869,3/28/2015,9/21/2015,2015,Curated from the literature by BindingDB,10.1111/cbdd.12383,24954438,
bindingdb_articles,293426,293426,152779,Epidermal growth factor receptor [1-973],Homo sapiens,P00533,Oc1cc(OCCCN2CCCCC2)ccc1C(=O)Nc1ccc(F)c(Cl)c1,O=C(Nc1ccc(F)c(Cl)c1)c1ccc(OCCCN2CCCCC2)cc1O,15.4,7.8124792791635365,3/28/2015,9/21/2015,2015,Curated from the literature by BindingDB,10.1111/cbdd.12383,24954438,
bindingdb_articles,293427,293427,152780,Epidermal growth factor receptor [1-973],Homo sapiens,P00533,Oc1cc(OCCCN2CCCCC2)ccc1C(=O)Nc1ccc(cc1Cl)[N+]([O-])=O,O=C(Nc1ccc([N+](=O)[O-])cc1Cl)c1ccc(OCCCN2CCCCC2)cc1O,23.0,7.638272163982407,3/28/2015,9/21/2015,2015,Curated from the literature by BindingDB,10.1111/cbdd.12383,24954438,
bindingdb_articles,293428,293428,5447,Epidermal growth factor receptor [1-973],Homo sapiens,P00533,COc1cc2c(cc1OCCCN3CCOCC3)c(ncn2)Nc4ccc(c(c4)Cl)F,COc1cc2ncnc(Nc3ccc(F)c(Cl)c3)c2cc1OCCCN1CCOCC1,12.1,7.91721462968355,3/28/2015,9/21/2015,2015,Curated from the literature by BindingDB,10.1111/cbdd.12383,24954438,CHEMBL939
bindingdb_articles,311806,311806,167945,Epidermal growth factor receptor,Homo sapiens,P00533,OC(COc1ncnc2ccccc12)CN1CCN(CC1)c1ccccc1,OC(COc1ncnc2ccccc12)CN1CCN(c2ccccc2)CC1,399.63,6.39834191697906,11/28/2015,3/3/2016,2015,Curated from the literature by BindingDB,10.1111/cbdd.12596,26032487,
bindingdb_articles,311807,311807,167946,Epidermal growth factor receptor,Homo sapiens,P00533,OC(COc1ncnc2ccccc12)CN1CCN(CC1)c1ccccc1Cl,OC(COc1ncnc2ccccc12)CN1CCN(c2ccccc2Cl)CC1,417.61,6.379229110358235,11/28/2015,3/3/2016,2015,Curated from the literature by BindingDB,10.1111/cbdd.12596,26032487,
bindingdb_articles,311808,311808,167947,Epidermal growth factor receptor,Homo sapiens,P00533,OC(COc1ncnc2ccccc12)CN1CCN(CC1)c1cccc(Cl)c1,OC(COc1ncnc2ccccc12)CN1CCN(c2cccc(Cl)c2)CC1,412.87,6.3841866727266465,11/28/2015,3/3/2016,2015,Curated from the literature by BindingDB,10.1111/cbdd.12596,26032487,
bindingdb_articles,311809,311809,167948,Epidermal growth factor receptor,Homo sapiens,P00533,OC(COc1ncnc2ccccc12)CN1CCN(CC1)c1ccccc1F,OC(COc1ncnc2ccccc12)CN1CCN(c2ccccc2F)CC1,408.51,6.388797307817827,11/28/2015,3/3/2016,2015,Curated from the literature by BindingDB,10.1111/cbdd.12596,26032487,
bindingdb_articles,311810,311810,167949,Epidermal growth factor receptor,Homo sapiens,P00533,OC(COc1ncnc2ccccc12)CN1CCN(CC1)c1ccc(F)cc1,OC(COc1ncnc2ccccc12)CN1CCN(c2ccc(F)cc2)CC1,403.12,6.394565654652288,11/28/2015,3/3/2016,2015,Curated from the literature by BindingDB,10.1111/cbdd.12596,26032487,
bindingdb_articles,311811,311811,167950,Epidermal growth factor receptor,Homo sapiens,P00533,OC(COc1ncnc2ccccc12)CN1CCN(CC1)c1ccc(cc1)[N+]([O-])=O,O=[N+]([O-])c1ccc(N2CCN(CC(O)COc3ncnc4ccccc34)CC2)cc1,381.94,6.418004856238925,11/28/2015,3/3/2016,2015,Curated from the literature by BindingDB,10.1111/cbdd.12596,26032487,
bindingdb_articles,311812,311812,167951,Epidermal growth factor receptor,Homo sapiens,P00533,COc1ccccc1N1CCN(CC(O)COc2ncnc3ccccc23)CC1,COc1ccccc1N1CCN(CC(O)COc2ncnc3ccccc23)CC1,356.78,6.447599498839317,11/28/2015,3/3/2016,2015,Curated from the literature by BindingDB,10.1111/cbdd.12596,26032487,
bindingdb_articles,311813,311813,167952,Epidermal growth factor receptor,Homo sapiens,P00533,COc1cccc(c1)N1CCN(CC(O)COc2ncnc3ccccc23)CC1,COc1cccc(N2CCN(CC(O)COc3ncnc4ccccc34)CC2)c1,208.43,6.681039771472459,11/28/2015,3/3/2016,2015,Curated from the literature by BindingDB,10.1111/cbdd.12596,26032487,
bindingdb_articles,311814,311814,167953,Epidermal growth factor receptor,Homo sapiens,P00533,COc1ccc(cc1)N1CCN(CC(O)COc2ncnc3ccccc23)CC1,COc1ccc(N2CCN(CC(O)COc3ncnc4ccccc34)CC2)cc1,276.12,6.558902135283732,11/28/2015,3/3/2016,2015,Curated from the literature by BindingDB,10.1111/cbdd.12596,26032487,
bindingdb_articles,311815,311815,167954,Epidermal growth factor receptor,Homo sapiens,P00533,OC(COc1ncnc2ccccc12)CN1CCN(CC1)c1cccc(c1)C(F)(F)F,OC(COc1ncnc2ccccc12)CN1CCN(c2cccc(C(F)(F)F)c2)CC1,306.91,6.512988960789208,11/28/2015,3/3/2016,2015,Curated from the literature by BindingDB,10.1111/cbdd.12596,26032487,
bindingdb_articles,311816,311816,167955,Epidermal growth factor receptor,Homo sapiens,P00533,OC(COc1ncnc2ccccc12)CN1CCN(CC1)c1cccc(Cl)c1Cl,OC(COc1ncnc2ccccc12)CN1CCN(c2cccc(Cl)c2Cl)CC1,409.11,6.388159904779943,11/28/2015,3/3/2016,2015,Curated from the literature by BindingDB,10.1111/cbdd.12596,26032487,
bindingdb_articles,311817,311817,167956,Epidermal growth factor receptor,Homo sapiens,P00533,OC(COc1ncnc2ccccc12)CN1CCN(CC1)c1ccc(Cl)c(Cl)c1,OC(COc1ncnc2ccccc12)CN1CCN(c2ccc(Cl)c(Cl)c2)CC1,343.52,6.464047972907826,11/28/2015,3/3/2016,2015,Curated from the literature by BindingDB,10.1111/cbdd.12596,26032487,
bindingdb_articles,311818,311818,167957,Epidermal growth factor receptor,Homo sapiens,P00533,Cc1ccc(N2CCN(CC(O)COc3ncnc4ccccc34)CC2)c(C)c1,Cc1ccc(N2CCN(CC(O)COc3ncnc4ccccc34)CC2)c(C)c1,394.82,6.403600855826012,11/28/2015,3/3/2016,2015,Curated from the literature by BindingDB,10.1111/cbdd.12596,26032487,
bindingdb_articles,311819,311819,167958,Epidermal growth factor receptor,Homo sapiens,P00533,OC(COc1ncnc2ccccc12)CN1CCN(Cc2ccccc2)CC1,OC(COc1ncnc2ccccc12)CN1CCN(Cc2ccccc2)CC1,434.79,6.361720453074155,11/28/2015,3/3/2016,2015,Curated from the literature by BindingDB,10.1111/cbdd.12596,26032487,
bindingdb_articles,311820,311820,167959,Epidermal growth factor receptor,Homo sapiens,P00533,CN1CCN(CC(O)COc2ncnc3ccccc23)CC1,CN1CCN(CC(O)COc2ncnc3ccccc23)CC1,474.32,6.323928562663093,11/28/2015,3/3/2016,2015,Curated from the literature by BindingDB,10.1111/cbdd.12596,26032487,
bindingdb_articles,311821,311821,167960,Epidermal growth factor receptor,Homo sapiens,P00533,CCN1CCN(CC(O)COc2ncnc3ccccc23)CC1,CCN1CCN(CC(O)COc2ncnc3ccccc23)CC1,461.54,6.335790654277333,11/28/2015,3/3/2016,2015,Curated from the literature by BindingDB,10.1111/cbdd.12596,26032487,
bindingdb_articles,311822,311822,167961,Epidermal growth factor receptor,Homo sapiens,P00533,CN(C)CC(O)COc1ncnc2ccccc12,CN(C)CC(O)COc1ncnc2ccccc12,454.83,6.342150897535831,11/28/2015,3/3/2016,2015,Curated from the literature by BindingDB,10.1111/cbdd.12596,26032487,
bindingdb_articles,311823,311823,167962,Epidermal growth factor receptor,Homo sapiens,P00533,OC(COc1ncnc2ccccc12)CN1CCOCC1,OC(COc1ncnc2ccccc12)CN1CCOCC1,482.86,6.316178769954371,11/28/2015,3/3/2016,2015,Curated from the literature by BindingDB,10.1111/cbdd.12596,26032487,
bindingdb_articles,311824,311824,167963,Epidermal growth factor receptor,Homo sapiens,P00533,OC(COc1ncnc2ccccc12)CN1CCCCC1,OC(COc1ncnc2ccccc12)CN1CCCCC1,473.58,6.324606646810992,11/28/2015,3/3/2016,2015,Curated from the literature by BindingDB,10.1111/cbdd.12596,26032487,
bindingdb_articles,311825,311825,167964,Epidermal growth factor receptor,Homo sapiens,P00533,OC(COc1ncnc2ccccc12)Cn1ccnc1,OC(COc1ncnc2ccccc12)Cn1ccnc1,483.26,6.315819150439844,11/28/2015,3/3/2016,2015,Curated from the literature by BindingDB,10.1111/cbdd.12596,26032487,
bindingdb_articles,311826,311826,167965,Epidermal growth factor receptor,Homo sapiens,P00533,Cc1nccn1CC(O)COc1ncnc2ccccc12,Cc1nccn1CC(O)COc1ncnc2ccccc12,443.95,6.352665939675612,11/28/2015,3/3/2016,2015,Curated from the literature by BindingDB,10.1111/cbdd.12596,26032487,
bindingdb_articles,311827,311827,167966,Epidermal growth factor receptor,Homo sapiens,P00533,Cc1cn(CC(O)COc2ncnc3ccccc23)cn1,Cc1cn(CC(O)COc2ncnc3ccccc23)cn1,451.84,6.34501532496431,11/28/2015,3/3/2016,2015,Curated from the literature by BindingDB,10.1111/cbdd.12596,26032487,
bindingdb_articles,311828,311828,50331095,Epidermal growth factor receptor,Homo sapiens,P00533,COc1cc2nccc(Oc3ccc(NC(=O)Nc4cc(C)on4)c(Cl)c3)c2cc1OC,COc1cc2nccc(Oc3ccc(NC(=O)Nc4cc(C)on4)c(Cl)c3)c2cc1OC,123.64,6.907841003608732,11/28/2015,3/3/2016,2015,Curated from the literature by BindingDB,10.1111/cbdd.12596,26032487,CHEMBL1289494
bindingdb_articles,327971,327971,181095,Epidermal growth factor receptor,Homo sapiens,P00533,Cc1nn(-c2ccccc2)c2nc(C)cc(OCC(=O)N\N=C\c3ccc(O)cc3)c12,Cc1cc(OCC(=O)N/N=C/c2ccc(O)cc2)c2c(C)nn(-c3ccccc3)c2n1,10500.0,4.978810700930062,6/28/2016,5/26/2016,2016,Curated from the literature by BindingDB,10.1016/j.bioorg.2016.03.011,27043178,
bindingdb_articles,327972,327972,181096,Epidermal growth factor receptor,Homo sapiens,P00533,Cc1nn(-c2ccccc2)c2nc(C)cc(OCC(=O)N\N=C\c3ccc(F)cc3)c12,Cc1cc(OCC(=O)N/N=C/c2ccc(F)cc2)c2c(C)nn(-c3ccccc3)c2n1,30020.0,4.522589312092748,6/28/2016,5/26/2016,2016,Curated from the literature by BindingDB,10.1016/j.bioorg.2016.03.011,27043178,
bindingdb_articles,327973,327973,181097,Epidermal growth factor receptor,Homo sapiens,P00533,COc1ccc(\C=N\NC(=O)COc2cc(C)nc3n(nc(C)c23)-c2ccccc2)cc1,COc1ccc(/C=N/NC(=O)COc2cc(C)nc3c2c(C)nn3-c2ccccc2)cc1,4720.0,5.326058001365912,6/28/2016,5/26/2016,2016,Curated from the literature by BindingDB,10.1016/j.bioorg.2016.03.011,27043178,
bindingdb_articles,327974,327974,181098,Epidermal growth factor receptor,Homo sapiens,P00533,Cc1nn(-c2ccccc2)c2nc(C)cc(OCC(=O)N\N=C\c3ccc(Cl)cc3)c12,Cc1cc(OCC(=O)N/N=C/c2ccc(Cl)cc2)c2c(C)nn(-c3ccccc3)c2n1,5010.0,5.300162274132754,6/28/2016,5/26/2016,2016,Curated from the literature by BindingDB,10.1016/j.bioorg.2016.03.011,27043178,
bindingdb_articles,327975,327975,181099,Epidermal growth factor receptor,Homo sapiens,P00533,Cc1nn(-c2ccccc2)c2nc(C)cc(OCC(=O)N\N=C\c3ccc(cc3)[N+]([O-])=O)c12,Cc1cc(OCC(=O)N/N=C/c2ccc([N+](=O)[O-])cc2)c2c(C)nn(-c3ccccc3)c2n1,11490.0,4.9396799713117145,6/28/2016,5/26/2016,2016,Curated from the literature by BindingDB,10.1016/j.bioorg.2016.03.011,27043178,
bindingdb_articles,327976,327976,181100,Epidermal growth factor receptor,Homo sapiens,P00533,Cc1nn(-c2ccccc2)c2nc(C)cc(OCC(=O)N\N=C\c3ccc(cc3)C(F)(F)F)c12,Cc1cc(OCC(=O)N/N=C/c2ccc(C(F)(F)F)cc2)c2c(C)nn(-c3ccccc3)c2n1,35880.0,4.445147565627946,6/28/2016,5/26/2016,2016,Curated from the literature by BindingDB,10.1016/j.bioorg.2016.03.011,27043178,
bindingdb_articles,327977,327977,181101,Epidermal growth factor receptor,Homo sapiens,P00533,COc1cc(\C=N\NC(=O)COc2cc(C)nc3n(nc(C)c23)-c2ccccc2)cc(OC)c1OC,COc1cc(/C=N/NC(=O)COc2cc(C)nc3c2c(C)nn3-c2ccccc2)cc(OC)c1OC,4180.0,5.3788237182249645,6/28/2016,5/26/2016,2016,Curated from the literature by BindingDB,10.1016/j.bioorg.2016.03.011,27043178,
bindingdb_articles,342501,342501,191572,Epidermal growth factor receptor [1-973],Homo sapiens,P00533,Nc1nc(N)c2nc(c(N)nc2n1)-c1cccc(Cl)c1,Nc1nc(N)c2nc(-c3cccc(Cl)c3)c(N)nc2n1,8300.0,5.080921907623926,4/21/2016,9/1/2016,2016,Curated from the literature by BindingDB,10.1016/j.chembiol.2016.02.015,27049670,
bindingdb_articles,388596,388596,222077,Epidermal/Hepatocyte growth factor receptor,Homo sapiens,P00533,Clc1ccc(Cl)c(c1)-c1cn2cccc(COc3nnc4ccc(Cl)nn34)c2n1,Clc1ccc(Cl)c(-c2cn3cccc(COc4nnc5ccc(Cl)nn45)c3n2)c1,15570.0,4.80771138743188,2/28/2017,4/12/2017,2017,Curated from the literature by BindingDB,10.1016/j.bioorg.2016.12.002,28043720,
bindingdb_articles,388597,388597,222078,Epidermal/Hepatocyte growth factor receptor,Homo sapiens,P00533,Clc1ccc(-c2cn3cccc(COc4nnc5ccc(Cl)nn45)c3n2)c(Cl)c1,Clc1ccc(-c2cn3cccc(COc4nnc5ccc(Cl)nn45)c3n2)c(Cl)c1,14210.0,4.8474059220725305,2/28/2017,4/12/2017,2017,Curated from the literature by BindingDB,10.1016/j.bioorg.2016.12.002,28043720,
bindingdb_articles,388598,388598,24470,Epidermal/Hepatocyte growth factor receptor,Homo sapiens,P00533,COc1ccc2c(OCc3nnc4ccc(nn34)-c3ccccc3)ccnc2c1,COc1ccc2c(OCc3nnc4ccc(-c5ccccc5)nn34)ccnc2c1,90.0,7.045757490560675,2/28/2017,4/12/2017,2017,Curated from the literature by BindingDB,10.1016/j.bioorg.2016.12.002,28043720,
bindingdb_articles,406573,406573,5447,Epidermal growth factor receptor,Homo sapiens,P00533,COc1cc2ncnc(Nc3ccc(F)c(Cl)c3)c2cc1OCCCN1CCOCC1,COc1cc2ncnc(Nc3ccc(F)c(Cl)c3)c2cc1OCCCN1CCOCC1,92300.0,4.034798298974088,4/28/2010,6/15/2017,2010,Curated from the literature by BindingDB,10.3109/14756360903169485,20222760,CHEMBL939
bindingdb_articles,406574,406574,4810,Epidermal growth factor receptor,Homo sapiens,P00533,Cc1cc(C)c(\C=C2/C(=O)Nc3ccccc23)[nH]1,Cc1cc(C)c(/C=C2\C(=O)Nc3ccccc32)[nH]1,16600.0,4.779891911959945,4/28/2010,6/15/2017,2010,Curated from the literature by BindingDB,10.3109/14756360903169485,20222760,CHEMBL276711
bindingdb_articles,406576,406576,50340921,Epidermal growth factor receptor,Homo sapiens,P00533,COc1cc2ncnc(Nc3ccc(NC(C)=O)cc3)c2cc1OC,COc1cc2ncnc(Nc3ccc(NC(C)=O)cc3)c2cc1OC,31300.0,4.504455662453552,4/28/2010,6/15/2017,2010,Curated from the literature by BindingDB,10.3109/14756360903169485,20222760,CHEMBL1761927
bindingdb_articles,406578,406578,233096,Epidermal growth factor receptor,Homo sapiens,P00533,CCN(CC)CCOc1cc2ncnc(Nc3ccc(NC(=O)OC)cc3)c2cc1OC,CCN(CC)CCOc1cc2ncnc(Nc3ccc(NC(=O)OC)cc3)c2cc1OC,1700.0,5.769551078621726,4/28/2010,6/15/2017,2010,Curated from the literature by BindingDB,10.3109/14756360903169485,20222760,
bindingdb_articles,406579,406579,50340923,Epidermal growth factor receptor,Homo sapiens,P00533,COC(=O)Nc1ccc(Nc2ncnc3cc(OC)c(OC)cc23)cc1,COC(=O)Nc1ccc(Nc2ncnc3cc(OC)c(OC)cc23)cc1,72400.0,4.140261433802853,4/28/2010,6/15/2017,2010,Curated from the literature by BindingDB,10.3109/14756360903169485,20222760,CHEMBL1761929
bindingdb_articles,406580,406580,233097,Epidermal growth factor receptor,Homo sapiens,P00533,CCN(CC)CCOc1cc2c(Nc3ccc(NC(=O)OC)cc3)ncnc2cc1OC,CCN(CC)CCOc1cc2c(Nc3ccc(NC(=O)OC)cc3)ncnc2cc1OC,11100.0,4.954677021213342,4/28/2010,6/15/2017,2010,Curated from the literature by BindingDB,10.3109/14756360903169485,20222760,
bindingdb_articles,406581,406581,233098,Epidermal growth factor receptor,Homo sapiens,P00533,CCOC(=O)Nc1ccc(Nc2ncnc3cc(OCCN(CC)CC)c(OC)cc23)cc1,CCOC(=O)Nc1ccc(Nc2ncnc3cc(OCCN(CC)CC)c(OC)cc23)cc1,9400.0,5.026872146400301,4/28/2010,6/15/2017,2010,Curated from the literature by BindingDB,10.3109/14756360903169485,20222760,
bindingdb_articles,406582,406582,50340925,Epidermal growth factor receptor,Homo sapiens,P00533,CCOC(=O)Nc1ccc(Nc2ncnc3cc(OC)c(OC)cc23)cc1,CCOC(=O)Nc1ccc(Nc2ncnc3cc(OC)c(OC)cc23)cc1,47900.0,4.319664486585436,4/28/2010,6/15/2017,2010,Curated from the literature by BindingDB,10.3109/14756360903169485,20222760,CHEMBL1761931
bindingdb_articles,406583,406583,233099,Epidermal growth factor receptor,Homo sapiens,P00533,CCOC(=O)Nc1ccc(Nc2ncnc3cc(OC)c(OCCN(CC)CC)cc23)cc1,CCOC(=O)Nc1ccc(Nc2ncnc3cc(OC)c(OCCN(CC)CC)cc23)cc1,18600.0,4.730487055782084,4/28/2010,6/15/2017,2010,Curated from the literature by BindingDB,10.3109/14756360903169485,20222760,
bindingdb_articles,406584,406584,233100,Epidermal growth factor receptor,Homo sapiens,P00533,CCN(CC)CCOc1cc2ncnc(Nc3ccc(NC(=O)Nc4ccccc4)cc3)c2cc1OC,CCN(CC)CCOc1cc2ncnc(Nc3ccc(NC(=O)Nc4ccccc4)cc3)c2cc1OC,9100.0,5.040958607678906,4/28/2010,6/15/2017,2010,Curated from the literature by BindingDB,10.3109/14756360903169485,20222760,
bindingdb_articles,406585,406585,50340927,Epidermal growth factor receptor,Homo sapiens,P00533,COc1cc2ncnc(Nc3ccc(NC(=O)Nc4ccccc4)cc3)c2cc1OC,COc1cc2ncnc(Nc3ccc(NC(=O)Nc4ccccc4)cc3)c2cc1OC,28700.0,4.542118103266008,4/28/2010,6/15/2017,2010,Curated from the literature by BindingDB,10.3109/14756360903169485,20222760,CHEMBL1761933
bindingdb_articles,406586,406586,233101,Epidermal growth factor receptor,Homo sapiens,P00533,CCN(CC)CCOc1cc2c(Nc3ccc(NC(=O)Nc4ccccc4)cc3)ncnc2cc1OC,CCN(CC)CCOc1cc2c(Nc3ccc(NC(=O)Nc4ccccc4)cc3)ncnc2cc1OC,4300.0,5.366531544420413,4/28/2010,6/15/2017,2010,Curated from the literature by BindingDB,10.3109/14756360903169485,20222760,
bindingdb_articles,406587,406587,233102,Epidermal growth factor receptor,Homo sapiens,P00533,CCN(CC)CCOc1cc2ncnc(Nc3ccc(NC(=O)Nc4ccc(OC)cc4)cc3)c2cc1OC,CCN(CC)CCOc1cc2ncnc(Nc3ccc(NC(=O)Nc4ccc(OC)cc4)cc3)c2cc1OC,17100.0,4.767003889607846,4/28/2010,6/15/2017,2010,Curated from the literature by BindingDB,10.3109/14756360903169485,20222760,
bindingdb_articles,406588,406588,50340930,Epidermal growth factor receptor,Homo sapiens,P00533,COc1ccc(NC(=O)Nc2ccc(Nc3ncnc4cc(OC)c(OC)cc34)cc2)cc1,COc1ccc(NC(=O)Nc2ccc(Nc3ncnc4cc(OC)c(OC)cc34)cc2)cc1,34500.0,4.462180904926726,4/28/2010,6/15/2017,2010,Curated from the literature by BindingDB,10.3109/14756360903169485,20222760,CHEMBL1761934
bindingdb_articles,406589,406589,233103,Epidermal growth factor receptor,Homo sapiens,P00533,CCN(CC)CCOc1cc2c(Nc3ccc(NC(=O)Nc4ccc(OC)cc4)cc3)ncnc2cc1OC,CCN(CC)CCOc1cc2c(Nc3ccc(NC(=O)Nc4ccc(OC)cc4)cc3)ncnc2cc1OC,21500.0,4.667561540084395,4/28/2010,6/15/2017,2010,Curated from the literature by BindingDB,10.3109/14756360903169485,20222760,
bindingdb_articles,406590,406590,233104,Epidermal growth factor receptor,Homo sapiens,P00533,CCN(CC)CCOc1cc2ncnc(Nc3ccc(NC(=O)Nc4ccc(F)cc4F)cc3)c2cc1OC,CCN(CC)CCOc1cc2ncnc(Nc3ccc(NC(=O)Nc4ccc(F)cc4F)cc3)c2cc1OC,8300.0,5.080921907623926,4/28/2010,6/15/2017,2010,Curated from the literature by BindingDB,10.3109/14756360903169485,20222760,
bindingdb_articles,406591,406591,233105,Epidermal growth factor receptor,Homo sapiens,P00533,COc1cc2ncnc(Nc3ccc(NC(=O)Nc4ccc(F)cc4F)cc3)c2cc1OC,COc1cc2ncnc(Nc3ccc(NC(=O)Nc4ccc(F)cc4F)cc3)c2cc1OC,2100.0,5.6777807052660805,4/28/2010,6/15/2017,2010,Curated from the literature by BindingDB,10.3109/14756360903169485,20222760,
bindingdb_articles,406592,406592,233106,Epidermal growth factor receptor,Homo sapiens,P00533,CCN(CC)CCOc1cc2c(Nc3ccc(NC(=O)Nc4ccc(F)cc4F)cc3)ncnc2cc1OC,CCN(CC)CCOc1cc2c(Nc3ccc(NC(=O)Nc4ccc(F)cc4F)cc3)ncnc2cc1OC,1700.0,5.769551078621726,4/28/2010,6/15/2017,2010,Curated from the literature by BindingDB,10.3109/14756360903169485,20222760,
bindingdb_articles,406593,406593,233107,Epidermal growth factor receptor,Homo sapiens,P00533,CCN(CC)CCOc1cc2ncnc(Nc3ccc(NC(=O)Nc4ccc(F)c(Cl)c4)cc3)c2cc1OC,CCN(CC)CCOc1cc2ncnc(Nc3ccc(NC(=O)Nc4ccc(F)c(Cl)c4)cc3)c2cc1OC,43200.0,4.364516253185088,4/28/2010,6/15/2017,2010,Curated from the literature by BindingDB,10.3109/14756360903169485,20222760,
bindingdb_articles,406594,406594,50340944,Epidermal growth factor receptor,Homo sapiens,P00533,COc1cc2ncnc(Nc3ccc(NC(=O)Nc4ccc(F)c(Cl)c4)cc3)c2cc1OC,COc1cc2ncnc(Nc3ccc(NC(=O)Nc4ccc(F)c(Cl)c4)cc3)c2cc1OC,15200.0,4.818156412055227,4/28/2010,6/15/2017,2010,Curated from the literature by BindingDB,10.3109/14756360903169485,20222760,CHEMBL1761944
bindingdb_articles,406595,406595,233108,Epidermal growth factor receptor,Homo sapiens,P00533,CCN(CC)CCOc1cc2c(Nc3ccc(NC(=O)Nc4ccc(F)c(Cl)c4)cc3)ncnc2cc1OC,CCN(CC)CCOc1cc2c(Nc3ccc(NC(=O)Nc4ccc(F)c(Cl)c4)cc3)ncnc2cc1OC,29200.0,4.534617148551582,4/28/2010,6/15/2017,2010,Curated from the literature by BindingDB,10.3109/14756360903169485,20222760,
bindingdb_articles,406596,406596,233109,Epidermal growth factor receptor,Homo sapiens,P00533,CCCCNC(=O)Nc1ccc(Nc2ncnc3cc(OCCN(CC)CC)c(OC)cc23)cc1,CCCCNC(=O)Nc1ccc(Nc2ncnc3cc(OCCN(CC)CC)c(OC)cc23)cc1,5200.0,5.2839966563652006,4/28/2010,6/15/2017,2010,Curated from the literature by BindingDB,10.3109/14756360903169485,20222760,
bindingdb_articles,406597,406597,50380468,Epidermal growth factor receptor,Homo sapiens,P00533,CCCCNC(=O)Nc1ccc(Nc2ncnc3cc(OC)c(OC)cc23)cc1,CCCCNC(=O)Nc1ccc(Nc2ncnc3cc(OC)c(OC)cc23)cc1,30600.0,4.51427857351842,4/28/2010,6/15/2017,2010,Curated from the literature by BindingDB,10.3109/14756360903169485,20222760,CHEMBL2018763
bindingdb_articles,406598,406598,233110,Epidermal growth factor receptor,Homo sapiens,P00533,CCCCNC(=O)Nc1ccc(Nc2ncnc3cc(OC)c(OCCN(CC)CC)cc23)cc1,CCCCNC(=O)Nc1ccc(Nc2ncnc3cc(OC)c(OCCN(CC)CC)cc23)cc1,3400.0,5.468521082957745,4/28/2010,6/15/2017,2010,Curated from the literature by BindingDB,10.3109/14756360903169485,20222760,
bindingdb_articles,406599,406599,50380447,Epidermal growth factor receptor,Homo sapiens,P00533,CCNC(=O)Nc1ccc(Nc2ncnc3cc(OCCN(CC)CC)c(OC)cc23)cc1,CCNC(=O)Nc1ccc(Nc2ncnc3cc(OCCN(CC)CC)c(OC)cc23)cc1,29100.0,4.536107011014093,4/28/2010,6/15/2017,2010,Curated from the literature by BindingDB,10.3109/14756360903169485,20222760,CHEMBL2018772
bindingdb_articles,406600,406600,50380467,Epidermal growth factor receptor,Homo sapiens,P00533,CCNC(=O)Nc1ccc(Nc2ncnc3cc(OC)c(OC)cc23)cc1,CCNC(=O)Nc1ccc(Nc2ncnc3cc(OC)c(OC)cc23)cc1,36300.0,4.440093374963888,4/28/2010,6/15/2017,2010,Curated from the literature by BindingDB,10.3109/14756360903169485,20222760,CHEMBL2016600
bindingdb_articles,406602,406602,233112,Epidermal growth factor receptor,Homo sapiens,P00533,CCN(CC)CCOc1cc2ncnc(Nc3ccc(NC(=O)NC4CCCCC4)cc3)c2cc1OC,CCN(CC)CCOc1cc2ncnc(Nc3ccc(NC(=O)NC4CCCCC4)cc3)c2cc1OC,28200.0,4.549750891680639,4/28/2010,6/15/2017,2010,Curated from the literature by BindingDB,10.3109/14756360903169485,20222760,
bindingdb_articles,406603,406603,233113,Epidermal growth factor receptor,Homo sapiens,P00533,COc1cc2ncnc(Nc3ccc(NC(=O)NC4CCCCC4)cc3)c2cc1OC,COc1cc2ncnc(Nc3ccc(NC(=O)NC4CCCCC4)cc3)c2cc1OC,51300.0,4.289882634888183,4/28/2010,6/15/2017,2010,Curated from the literature by BindingDB,10.3109/14756360903169485,20222760,
bindingdb_articles,406604,406604,233114,Epidermal growth factor receptor,Homo sapiens,P00533,CCN(CC)CCOc1cc2c(Nc3ccc(NC(=O)NC4CCCCC4)cc3)ncnc2cc1OC,CCN(CC)CCOc1cc2c(Nc3ccc(NC(=O)NC4CCCCC4)cc3)ncnc2cc1OC,32300.0,4.490797477668897,4/28/2010,6/15/2017,2010,Curated from the literature by BindingDB,10.3109/14756360903169485,20222760,
bindingdb_articles,430176,430176,246607,Epidermal growth factor receptor,Homo sapiens,P00533,Fc1ccc(cc1)-c1cc([nH]c(=N)c1C#N)-c1ccc(Nc2ncnc3ccccc23)cc1,N#Cc1c(-c2ccc(F)cc2)cc(-c2ccc(Nc3ncnc4ccccc34)cc2)[nH]c1=N,2088.0,5.680269505669775,4/28/2014,8/31/2017,2014,Curated from the literature by BindingDB,10.3109/14756366.2013.765417,23402383,
bindingdb_articles,430177,430177,246608,Epidermal growth factor receptor,Homo sapiens,P00533,COc1cc2ncnc(Nc3ccc(cc3)-c3cc(-c4ccc(Br)cc4)c(C#N)c(=N)[nH]3)c2cc1OC,COc1cc2ncnc(Nc3ccc(-c4cc(-c5ccc(Br)cc5)c(C#N)c(=N)[nH]4)cc3)c2cc1OC,1935.0,5.71331903064507,4/28/2014,8/31/2017,2014,Curated from the literature by BindingDB,10.3109/14756366.2013.765417,23402383,
bindingdb_articles,430178,430178,246609,Epidermal growth factor receptor,Homo sapiens,P00533,COc1cc2ncnc(Nc3ccc(cc3)C(=O)\C=C\c3ccc(Cl)cc3)c2cc1OC,COc1cc2ncnc(Nc3ccc(C(=O)/C=C/c4ccc(Cl)cc4)cc3)c2cc1OC,2582.0,5.588043762069598,4/28/2014,8/31/2017,2014,Curated from the literature by BindingDB,10.3109/14756366.2013.765417,23402383,
